Price,Close,High,Low,Open,Volume
Ticker,AMT,AMT,AMT,AMT,AMT
Date,,,,,
2006-05-30,21.97171974182129,23.166228102176824,21.928283450757853,22.93456604208542,3259900
2006-05-31,22.42056655883789,22.550876824006817,21.863130196792355,21.978961236761418,4236200
2006-06-01,22.811492919921875,22.87664803984056,21.97171735298622,22.420562200409773,2557500
2006-06-02,22.710147857666016,23.057641013042847,22.536399899162546,22.811499682780497,3404500
2006-06-05,22.3192138671875,22.869411975831742,22.159946538691088,22.710144647335326,2729000
2006-06-06,22.036880493164062,22.297499686875756,21.971725349532353,22.28302184003605,2869900
2006-06-07,21.841413497924805,22.623273784691126,21.754539519032967,22.073075600549632,3347900
2006-06-08,21.913814544677734,21.978969702357883,20.994404102582717,21.660433529345543,3826200
2006-06-09,21.616989135742188,22.4205668119993,21.508396326331965,21.826932380251097,1634600
2006-06-12,20.697582244873047,21.66042878770838,20.596230413253057,21.57355480288043,3322900
2006-06-13,20.639671325683594,20.704826483654923,19.799895268292516,20.516600625161686,6449400
2006-06-14,21.255014419555664,21.616986728440114,20.48763213053399,20.63966121828914,3740200
2006-06-15,22.044116973876953,22.130989565828664,21.13918608629276,21.25501712943834,3245400
2006-06-16,21.805219650268555,22.09479731623977,21.682148969628887,21.957247407097732,2859600
2006-06-19,21.501157760620117,22.00067860056547,21.21881839367828,21.812452816209213,3060700
2006-06-20,21.31293487548828,21.863133078262642,21.16090575248275,21.602512513576077,2085400
2006-06-21,22.13098907470703,22.31921486084531,21.22605820720468,21.298452952767853,3208300
2006-06-22,21.935523986816406,22.297496338947468,21.87036885296762,22.130989388362767,1881200
2006-06-23,22.40608787536621,22.478481237024628,21.776255410907993,22.02239670682823,2397700
2006-06-26,21.978960037231445,22.36988943058784,21.805213486760287,22.297494689354483,1595400
2006-06-27,21.42876434326172,22.007919576532984,21.24053854724481,21.935524827170326,2418700
2006-06-28,21.631465911865234,21.74005871591182,21.10298663953994,21.28397280519777,2247600
2006-06-29,22.427810668945312,22.65223456210274,21.573555542256255,21.75454175110342,2471000
2006-06-30,22.529163360595703,22.64499442109726,22.080316965540792,22.420570533162227,3146800
2006-07-03,23.390653610229492,23.492005423591444,22.53639728589274,22.53639728589274,1831300
2006-07-05,23.25310516357422,23.390656436870483,22.94181007337054,23.311022070568463,2783500
2006-07-06,23.53543472290039,23.557154936032457,23.180703460749882,23.245858576887812,2485100
2006-07-07,22.782541275024414,23.57888079330149,22.507442871670907,23.535443113181152,3111600
2006-07-10,22.27577781677246,22.927327743301692,22.11650910572618,22.74634157588719,1549000
2006-07-11,22.7463436126709,22.87665388580814,21.89208860505122,22.21786428789432,2677000
2006-07-12,22.623268127441406,22.970761194483376,22.43504237092333,22.688423250113615,1582000
2006-07-13,22.550880432128906,22.985247591918743,22.188908029106564,22.40609229940905,2167500
2006-07-14,21.993440628051758,22.485723272952374,21.703863007761694,22.478483659843246,2245600
2006-07-17,22.66670036315918,22.739095084386864,22.00067141333049,22.00067141333049,1883700
2006-07-18,22.854930877685547,23.064875475180415,22.355408715382886,22.73186024004039,3100100
2006-07-19,23.361698150634766,23.499246663285703,22.753584430991967,22.97800692394119,3017200
2006-07-20,23.23862648010254,24.063925854283745,23.14451426566685,23.60059887238844,2538200
2006-07-21,22.825971603393555,23.267576829198358,22.695661366632766,23.267576829198358,1713500
2006-07-24,23.361698150634766,23.426853290654712,22.746344817565856,22.82597918443803,1533500
2006-07-25,23.549924850463867,23.658517681526355,22.93457283879086,23.397897096280712,2541200
2006-07-26,23.463048934936523,23.62231766160748,23.27482451747723,23.54992153056158,1491600
2006-07-27,22.905614852905273,23.73815254380844,22.811502628974733,23.60060125341913,2193900
2006-07-28,24.27386474609375,24.27386474609375,22.659468407209342,23.166230246170286,4918400
2006-07-31,24.469329833984375,25.0267675735888,23.984288219956394,24.367978019807175,3820400
2006-08-01,24.281112670898438,24.66480258515805,24.07116798657008,24.505533823028866,2895600
2006-08-02,24.614116668701172,24.686510024839663,24.281102811856886,24.54172331256268,2804000
2006-08-03,24.606884002685547,24.78787019559205,24.107360342820304,24.43313604237804,2054400
2006-08-04,24.078401565551758,24.874742460615686,23.426852936823202,24.61412190447222,3645300
2006-08-07,24.433128356933594,24.491045246028378,23.412366660486875,24.027718418157935,3792300
2006-08-08,25.070207595825195,25.33082814903815,24.46209389220499,24.520008036457828,4718300
2006-08-09,24.939895629882812,25.41045803097199,24.838543813082985,25.12088180606247,2189500
2006-08-10,25.005054473876953,25.084688845072467,24.425899176496337,24.79510981556701,1902200
2006-08-11,24.715469360351562,25.03400676672168,24.556200657166503,25.00504831857356,1695400
2006-08-14,24.635841369628906,24.93989963043152,24.252151498302837,24.758913425220303,1455800
2006-08-15,25.135358810424805,25.374259105823594,24.86749730497542,24.939893426027812,2240100
2006-08-16,25.57696533203125,25.6927963634011,25.243948700417004,25.338062276414266,2057800
2006-08-17,25.67108726501465,26.09821489599329,25.280156329210975,25.47562179711281,2046600
2006-08-18,25.779672622680664,25.917221129037404,25.28014898484246,25.663841574793402,1414800
2006-08-21,25.490095138549805,25.786912389020408,25.28739148309579,25.779674156309984,1628400
2006-08-22,25.53352928161621,25.663839545388665,25.18603616543294,25.381501561091618,2569100
2006-08-23,25.692806243896484,25.830354783534965,25.24395840830224,25.591451636044738,1356300
2006-08-24,25.663843154907227,25.815870896813923,25.287391535688126,25.75071575576388,1775000
2006-08-25,25.70003890991211,25.83034918728714,25.54077017942483,25.59144609155622,1560400
2006-08-28,25.866544723510742,25.888262181564894,25.613165174112428,25.721755226013148,1624800
2006-08-29,25.873781204223633,26.062005584998314,25.526285366189708,25.86654021171529,2220600
2006-08-30,25.938953399658203,25.99686756969215,25.700050198986013,25.77244360193627,1842400
2006-08-31,25.960660934448242,26.148885367074175,25.743478047070546,26.062012764449147,2036600
2006-09-01,25.85930061340332,26.047524984224747,25.823101176034786,25.96065241012481,1156800
2006-09-05,25.815872192382812,25.924465020126004,25.591448303807702,25.859309875806154,2088300
2006-09-06,25.620407104492188,26.054775659684925,25.316351601324598,25.815872540084364,2633100
2006-09-07,25.381502151489258,25.627643459714946,25.207754208541182,25.55524733280747,2306300
2006-09-08,25.439422607421875,25.743480892664376,25.345308999890797,25.48286029435096,1302400
2006-09-11,25.888261795043945,25.989616374919976,25.338065026723683,25.338065026723683,1384500
2006-09-12,26.09821319580078,26.29367865096884,25.931706199538507,26.170609343065234,3004400
2006-09-13,26.3009090423584,26.525330104318215,26.1054436659992,26.22851292428303,2263600
2006-09-14,26.518098831176758,26.518098831176758,26.06201283333689,26.163364663605694,1762100
2006-09-15,26.57602310180664,26.66289849938172,26.24300902932942,26.604981567665,3801200
2006-09-18,26.337108612060547,26.728036646068336,26.228515803840153,26.684601732084044,1900000
2006-09-19,25.873781204223633,26.344343536975078,25.41045434072156,26.31538509020067,2506500
2006-09-20,26.02581214904785,26.40226371911646,25.989615466886026,26.062008831209678,1524100
2006-09-21,26.26471519470215,26.53257674616891,25.975138945633653,26.06201154419119,3879000
2006-09-22,26.24300193786621,26.423988158127354,26.09097417563818,26.264719400575768,1802600
2006-09-25,26.445693969726562,26.677356008667648,26.01132833711937,26.423976516585007,1485100
2006-09-26,26.271955490112305,26.604969410417475,26.040293392366962,26.33711062770506,1679000
2006-09-27,26.047523498535156,26.525326771276056,25.975130151185912,26.351581632986193,1804400
2006-09-28,26.344343185424805,26.532570325317185,25.98961188287519,26.134398591556167,2144000
2006-09-29,26.423986434936523,26.662889555684284,26.13440739675082,26.423986434936523,1852900
2006-10-02,25.924463272094727,26.351590797917808,25.490094752040832,26.351590797917808,2718500
2006-10-03,25.975128173828125,26.141635069359392,25.728986945297343,25.953407961973458,1660000
2006-10-04,26.250244140625,26.423992153464038,25.946188570195407,26.141654049027707,1639700
2006-10-05,26.56877326965332,26.814914598753163,25.85206674145286,26.242997575016748,2551200
2006-10-06,26.612201690673828,27.07552854416687,26.55428756000559,26.80766705973431,3245500
2006-10-09,26.916271209716797,27.126215890441113,26.56877799418892,26.576016227965702,1712000
2006-10-10,27.06104850769043,27.22031443346294,26.699076226598482,26.916259042927784,1702800
2006-10-11,27.16240692138672,27.27823796908779,26.966941510585528,27.06105509985203,2013900
2006-10-12,27.350631713867188,27.423027845693255,27.032097018722638,27.162407294379513,2357500
2006-10-13,27.45198631286621,27.46646554069563,27.22032419085614,27.350634479690598,6131500
2006-10-16,27.538848876953125,27.538848876953125,27.25651096961495,27.502652205022674,2805500
2006-10-17,27.126203536987305,27.517131500405846,26.89454149880249,27.517131500405846,1398700
2006-10-18,26.916271209716797,27.26376442524467,26.677368070624173,27.220326737692215,1625400
2006-10-19,26.92350196838379,27.039333008066787,26.677360663853687,26.785953471769545,1557800
2006-10-20,27.11173439025879,27.184127768484974,26.894551493949887,26.909027960290835,1175100
2006-10-23,26.525327682495117,27.19135809983075,26.47465178528395,27.07552708311533,1581900
2006-10-24,26.02581214904785,26.525332990792634,25.88102265877072,26.351587811763938,2441600
2006-10-25,25.844820022583008,26.30814407542723,25.837579030840896,26.06200282715009,2548200
2006-10-26,26.89455223083496,27.2854803502499,25.815873191275784,25.844831648011834,3885500
2006-10-27,26.68460464477539,26.865590837144588,26.47465999883589,26.78595647064132,1517900
2006-10-30,26.01133155822754,27.090007542819084,25.931697204674535,27.07553108001825,3445400
2006-10-31,26.076492309570312,26.286436966633392,25.721758138614412,26.09820977008364,2108800
2006-11-01,26.062000274658203,26.409493280258175,25.81585905048794,26.322620719265412,1729100
2006-11-02,26.82215690612793,26.858353597335505,25.996860195420997,26.062015344246834,3069400
2006-11-03,26.80043601989746,27.003139674068315,26.38778771726099,27.003139674068315,1611000
2006-11-06,27.068294525146484,27.234801490953643,26.822153192729356,26.822153192729356,1166600
2006-11-07,27.234804153442383,27.39407290223253,26.612211148132264,26.749762435407536,2012900
2006-11-08,26.995895385742188,27.2492748966182,26.89454358139178,27.162402315979218,2547700
2006-11-09,26.75699806213379,27.553338966877497,26.583252863679622,27.256521721357334,3043200
2006-11-10,26.105449676513672,26.78595677332479,25.953419174366687,26.756998319427257,5072800
2006-11-13,26.235759735107422,26.344349793857774,26.090970228476813,26.127166914726928,3253900
2006-11-14,26.452943801879883,26.49637872267804,26.090971399867176,26.279195833796464,3044200
2006-11-15,27.350631713867188,27.423027845693255,26.423983319533917,26.59773127428643,3247100
2006-11-16,27.29271125793457,27.698118455880095,27.2347943658684,27.654683548459886,3255300
2006-11-17,27.234804153442383,27.40855213045258,26.923507650787325,27.292721066322585,2604000
2006-11-20,27.220319747924805,27.45922282567072,27.082771248441627,27.234798973390912,2336400
2006-11-21,27.705368041992188,27.71260627493094,27.328916411680687,27.379592327142788,1750200
2006-11-22,27.517141342163086,27.871875518424005,27.50266487602456,27.63297240268353,1137300
2006-11-24,27.538848876953125,27.68363832630397,27.198594085222993,27.336142543210318,428000
2006-11-27,27.07554054260254,27.401313540439133,26.597737015927464,27.256526768792046,2672900
2006-11-28,26.75699806213379,26.901787568599023,26.633928776697932,26.894549336009323,1809000
2006-11-29,27.676403045654297,28.045616355763414,27.437502752315705,27.50989611111416,4901000
2006-11-30,27.415782928466797,27.900827276585897,27.11172750319813,27.727079346696904,6020100
2006-12-01,27.256521224975586,27.748803881014094,26.966942217318785,27.582294156551875,2086200
2006-12-04,27.29271125793457,27.372345603710844,27.111725112671913,27.25651458120792,2723300
2006-12-05,27.039325714111328,27.32890461601879,26.94521491837612,27.2347910586545,2695200
2006-12-06,27.32167625427246,27.502662442926113,27.06105570075039,27.220321668857153,2426700
2006-12-07,27.05381202697754,27.65468743937264,26.966939438285046,27.39406691166536,1565900
2006-12-08,26.865598678588867,27.075543385806352,26.74976759212938,27.06830238948523,1807800
2006-12-11,27.299951553344727,27.49541693640713,26.793189755956618,27.02485458011287,2482100
2006-12-12,26.633930206298828,27.278240644941427,26.59049252353866,27.198606274029594,2576700
2006-12-13,26.31539535522461,26.887312474778053,26.170608588133586,26.822157324934867,3958900
2006-12-14,26.22127914428711,26.51085538085484,26.098207103482576,26.22127914428711,2277300
2006-12-15,26.677370071411133,26.735286992491478,26.221286745242026,26.271962670371927,4067200
2006-12-18,26.677370071411133,27.003145848411066,26.52534229602143,26.713569527901747,2370900
2006-12-19,26.96693992614746,27.205843001411097,26.532574213197027,26.785953752146472,3404200
2006-12-20,26.771467208862305,27.734314716935966,26.706312093566876,27.075525334117337,2899400
2006-12-21,26.474658966064453,26.94522415251976,26.35882791793192,26.756996973285627,2070000
2006-12-22,26.177839279174805,26.619445971801067,26.16336005431151,26.532573384251073,1952100
2006-12-26,26.192333221435547,26.315402559481203,26.05478465039076,26.177853988436414,1668200
2006-12-27,26.32987403869629,26.39502918718944,26.054776977619,26.192325508157644,1885500
2006-12-28,26.76424217224121,26.78595963416879,26.17060761209007,26.24300099293564,2631200
2006-12-29,26.988656997680664,27.10448803692106,26.684601555285806,26.713560005503357,2284400
2007-01-03,27.509906768798828,27.56782368757903,26.937989623182435,27.032103235384916,5518800
2007-01-04,27.401317596435547,27.654700007585404,27.27824826999243,27.567827379411966,4271800
2007-01-05,27.16240692138672,27.62573111219101,26.851110462884456,27.40854824295525,3116100
2007-01-08,27.937023162841797,28.052854192267265,26.51809236197241,27.16964086687958,2604200
2007-01-09,28.342435836791992,28.595815374700695,27.937025814508225,28.233843028185497,5293500
2007-01-10,28.45825958251953,28.523414698656282,28.1903981263856,28.34242857179077,3169000
2007-01-11,28.55962562561035,28.668215698948714,28.233849882334237,28.45827378584234,2712700
2007-01-12,28.805757522583008,28.957785232261273,28.45102343837078,28.45102343837078,3717200
2007-01-16,28.776809692382812,28.93607845364736,28.559626775332465,28.813006384952768,2726000
2007-01-17,28.697162628173828,28.95778311809741,28.646486728647513,28.7767969736093,2848100
2007-01-18,28.747833251953125,29.138763915095655,28.624764021868753,28.69715736172675,3822200
2007-01-19,28.957778930664062,29.189440941179058,28.682679257566633,28.697158478427447,2497200
2007-01-22,28.711645126342773,29.13153435503519,28.58133486651614,29.10257590582267,2021300
2007-01-23,29.008468627929688,29.06638553893547,28.530665158653257,28.56686184721671,2311500
2007-01-24,29.059152603149414,29.225659626022555,28.84920788497547,28.957800742411948,2189500
2007-01-25,28.957778930664062,29.29079272557574,28.812989483684945,29.13152681936481,2249800
2007-01-26,28.97226905822754,29.09533833943076,28.747845192843375,28.957789831915974,1519400
2007-01-29,28.62478256225586,29.117065324704672,28.45103456777894,28.8854031731559,1907500
2007-01-30,28.798526763916016,28.936078060093905,28.668216463132,28.72613337976071,1569500
2007-01-31,28.834718704223633,28.95054974566862,28.581336402442187,28.72612589465589,1587700
2007-02-01,28.97226905822754,29.13153778602469,28.813000330430388,28.950551599575213,2217500
2007-02-02,28.914342880249023,29.066373326949765,28.68268085681733,28.97225976692153,1105500
2007-02-05,28.98674201965332,29.073614597116944,28.762318202773734,28.849190780237354,1546200
2007-02-06,29.030187606811523,29.073625292337336,28.870921616477794,28.95779422589896,5284200
2007-02-07,29.066383361816406,29.31976292441237,28.943311315962575,29.174973419373202,1980100
2007-02-08,29.066383361816406,29.283566238560105,29.051904135149478,29.232890326040913,3726300
2007-02-09,28.89986801147461,29.319757218206426,28.682685176998994,29.211164420153832,2227300
2007-02-12,28.595815658569336,28.950549776792784,28.487222848884848,28.899871107078116,1532600
2007-02-13,28.632015228271484,28.94331170168374,28.574101082462075,28.595818541936833,3985300
2007-02-14,28.668222427368164,28.979519014934233,28.59582902815189,28.624787492490864,3199400
2007-02-15,29.080854415893555,29.34147492414541,28.718882101461443,28.84919235558737,3589400
2007-02-16,29.189455032348633,29.28356863256262,28.96503114310922,29.16773757138784,2863000
2007-02-20,29.565898895263672,29.906153756185326,29.457306095760707,29.66001247072427,3957700
2007-02-21,29.392152786254883,29.631055855285435,29.167731703792004,29.428352229414504,2770400
2007-02-22,29.23288917541504,29.79032695281515,29.08085868221137,29.39215513922221,2722200
2007-02-23,29.138774871826172,29.421112869717238,29.088098962544695,29.29804359335649,1670500
2007-02-26,29.276325225830078,29.413876498263534,28.957790524250164,29.13877671502673,1590700
2007-02-27,28.12525177001953,28.972268543605495,27.669168576641695,28.704409765674548,4531000
2007-02-28,28.031145095825195,28.4582726620017,27.59677653473378,28.4582726620017,3196800
2007-03-01,27.77052879333496,27.937035800855817,27.242049309908552,27.625739250646575,3289700
2007-03-02,27.343387603759766,27.66916322287316,27.242035802619924,27.509894528722285,2290100
2007-03-05,26.916271209716797,27.372357263310516,26.858354292980188,26.96694713104603,3760500
2007-03-06,27.509906768798828,27.59677938533844,26.641172318510623,26.641172318510623,2506700
2007-03-07,27.372344970703125,27.669162131604566,27.328907302658028,27.495414221053533,1996200
2007-03-08,27.495412826538086,27.74879506817271,27.41577848664232,27.473695374431678,3115200
2007-03-09,27.38683319091797,27.937030025434673,27.234802683627468,27.864636649871777,2730700
2007-03-12,27.951494216918945,28.07456344149927,27.242029023850343,27.365098248430666,3319800
2007-03-13,27.2710018157959,28.038384369044767,27.1841292050077,27.748808079207265,2023600
2007-03-14,27.234804153442383,27.430269591967452,26.909028422567275,27.20584845863269,2658300
2007-03-15,27.16240692138672,27.423027469121635,26.974179742853714,27.24204128448683,1642500
2007-03-16,27.184131622314453,27.343400390947636,27.03210384950864,27.075541539580623,2075900
2007-03-19,27.38683319091797,27.509902481700948,27.256522905600544,27.256522905600544,2460300
2007-03-20,27.54609489440918,27.70536360988583,26.742515846874923,27.30719458282403,1932100
2007-03-21,28.385860443115234,28.472735763105156,27.676395232970577,27.683636223784156,3891200
2007-03-22,28.45825958251953,28.588569814793033,28.23383579101981,28.385863474795848,2207200
2007-03-23,28.711645126342773,28.856434610775665,28.393110469894182,28.501700511996564,2699700
2007-03-26,28.668222427368164,28.820252984332196,28.31349090492479,28.711660123876623,3082300
2007-03-27,28.233840942382812,28.595813262156952,28.118009910520275,28.559616582505466,1944300
2007-03-28,27.777769088745117,29.00847615046416,27.727093159288835,28.87816582853914,2841500
2007-03-29,27.922548294067383,28.233844752007094,27.58953437773235,28.038379341559136,1580700
2007-03-30,28.197647094726562,28.233843778013416,27.698123475826257,28.11077450251213,1624800
2007-04-02,28.226606369018555,28.248323827297906,27.386830588780356,27.553337546058707,1724700
2007-04-03,28.400352478027344,28.595817893760046,28.24832474188971,28.255562974340513,1441600
2007-04-04,28.30624771118164,28.566868346743362,28.14698169294021,28.400361332163584,1385800
2007-04-05,28.451034545898438,28.559627387566838,28.277289313185822,28.313486006531726,1726900
2007-04-09,28.47273826599121,28.7767936277973,28.407583151085753,28.465497274541118,1367500
2007-04-10,28.55962562561035,28.70441515169201,28.41483609952869,28.472753014613556,2400100
2007-04-11,28.581340789794922,28.805764675257638,28.364157898950836,28.5958200174019,1578500
2007-04-12,28.566862106323242,28.689934162511655,28.436551817008613,28.595820562088793,1684900
2007-04-13,28.62478256225586,28.77681033140399,28.530668950179585,28.55962740953085,1238300
2007-04-16,28.595815658569336,28.88539464330806,28.574098201284386,28.69716747473893,2087900
2007-04-17,28.78404998779297,28.870925370139727,28.530670360025308,28.610304746361095,1652300
2007-04-18,28.834718704223633,28.92159129489991,28.595815627826546,28.64649153585686,1714800
2007-04-19,28.595815658569336,28.82023950982334,28.494463842399743,28.76232260822365,1429400
2007-04-20,28.385860443115234,28.812987767364746,28.306226113938894,28.6826775490087,2429900
2007-04-23,28.08905601501465,28.581338670630405,27.886352366807014,28.342438336904276,2707400
2007-04-24,28.30624771118164,28.37140287007207,28.031150606205102,28.03838884091251,2686600
2007-04-25,28.284526824951172,28.55962665829054,28.197654210813173,28.342443742130243,2286400
2007-04-26,27.929786682128906,28.371390610869337,27.8573905581823,28.24832134260473,2061400
2007-04-27,27.973215103149414,28.067328661624284,27.66191874649563,27.74155308354136,1486000
2007-04-30,27.509906768798828,27.973231072517688,27.480948309408728,27.973231072517688,2148800
2007-05-01,27.509906768798828,27.80672407347064,27.249286157549296,27.524385998493877,2863300
2007-05-02,27.980470657348633,28.089060732140148,27.451988465833843,27.80672267139944,2718000
2007-05-03,27.61126136779785,28.03115078592403,27.55334720487446,27.90807870206151,2746100
2007-05-04,27.806713104248047,27.879106462534804,27.62572694690157,27.690882074011487,1746400
2007-05-07,28.233840942382812,28.805757870417064,28.132489134706795,28.726123518206013,3943200
2007-05-08,28.697162628173828,29.00845901762373,28.277276209008708,28.52341747597771,4747800
2007-05-09,28.52342414855957,28.914352213266678,28.385872879127955,28.704410335386395,4032900
2007-05-10,28.045625686645508,28.66821595968727,27.94427108432516,28.414836357962745,5655300
2007-05-11,28.834718704223633,28.87815361874684,27.980463737955642,28.0383778778632,3035600
2007-05-14,29.435592651367188,29.58762038208275,28.8202407346823,28.827478966874953,6322400
2007-05-15,29.203927993774414,29.739648262774715,29.203927993774414,29.45006929115892,2969500
2007-05-16,29.49351692199707,30.072672299113833,29.174979393359845,29.848248382267666,2247800
2007-05-17,29.428363800048828,29.59487080985709,29.34872941239469,29.486277960941287,2643300
2007-05-18,29.90616226196289,29.93511795665347,29.218414113306938,29.43559701245345,2506600
2007-05-21,29.927873611450195,30.152297459659803,29.812042571451975,29.906156154459854,3277700
2007-05-22,29.95682716369629,30.09437563819467,29.681727453070145,29.86271359607667,3012000
2007-05-23,30.202980041503906,30.593908161869045,29.978556143699677,30.13782489450464,2511100
2007-05-24,29.949602127075195,30.72422301089104,29.920646427606368,30.22470198426043,2949600
2007-05-25,30.311573028564453,30.470841794693747,30.014755721815767,30.07991087508405,1611200
2007-05-29,30.615625381469727,30.68078052207636,30.275370451453938,30.376722278702,3808500
2007-05-30,31.02827262878418,31.12962445258294,30.347762791912377,30.449117377341214,3254500
2007-05-31,31.259933471679688,31.563988930842896,31.064468064376207,31.12238496800537,2103800
2007-06-01,31.093433380126953,31.390250672674497,31.028278229976003,31.332333756260063,2211300
2007-06-04,31.006547927856445,31.737730744219697,30.883475912253065,31.737730744219697,1916100
2007-06-05,31.03550910949707,31.643622779596342,30.796608789974098,31.556750187190712,2155700
2007-06-06,30.5142765045166,30.84004947741721,30.311570068791486,30.82557301066511,2352600
2007-06-07,29.86271858215332,30.318804511937106,29.717929091247214,30.318804511937106,2372700
2007-06-08,30.130578994750977,30.246410041490993,29.189451394784577,29.247368298969583,2110500
2007-06-11,30.34776496887207,30.51427470463449,30.014751020607775,30.014751020607775,1731900
2007-06-12,30.572187423706055,30.87624566432732,30.11610144358923,30.166777356754416,3240700
2007-06-13,30.72419548034668,31.057211961330456,30.412899206540605,30.695239806823704,2186000
2007-06-14,30.76765251159668,31.042752295545036,30.079904432540847,30.079904432540847,2375800
2007-06-15,31.07894515991211,31.288889778731782,30.897958990922,30.897958990922,2363900
2007-06-18,31.006547927856445,31.144096404938402,30.680772311999775,30.7748831197577,2858400
2007-06-19,31.223745346069336,31.491604194698674,31.021038889435946,31.057238344941325,2508200
2007-06-20,30.275371551513672,31.238219468615828,30.268133318574453,31.1947817860897,1600000
2007-06-21,30.19573211669922,30.253649017020418,29.884435681547284,30.043704395800777,2252500
2007-06-22,30.007524490356445,30.36949703484414,29.935128324480093,30.072679658829482,1794400
2007-06-25,29.681734085083008,30.289847771925515,29.64553740071988,30.02922722590301,1911200
2007-06-26,29.41387939453125,30.000272942943887,29.305286564720564,29.862724418596684,2973800
2007-06-27,30.188493728637695,30.333283217061073,29.138773389605454,29.247366196330436,3246200
2007-06-28,30.253660202026367,30.601153447535015,30.202984276324948,30.53599829140022,2479100
2007-06-29,30.405675888061523,30.470831018286844,30.108858686286112,30.202972265862627,2995500
2007-07-02,31.223745346069336,31.259942039943994,30.564955575679946,30.68802488717993,2754400
2007-07-03,30.999319076538086,31.317853824781885,30.95588139020145,31.223742980164943,923000
2007-07-05,30.948644638061523,31.136869097935758,30.803855104972534,31.01379978987004,1287000
2007-07-06,31.484355926513672,31.54227006592975,30.673535881649862,30.861763048419256,1919400
2007-07-09,31.325082778930664,31.542265603869865,31.15133486200163,31.404717125788576,1316300
2007-07-10,30.688013076782227,31.23821255380129,30.615619716893768,31.093423072394714,2089200
2007-07-11,30.840038299560547,30.876237738211763,30.398434421287735,30.58665879877865,3427900
2007-07-12,32.05626678466797,32.070746008415995,30.941394172365513,30.992070074668828,2964500
2007-07-13,32.157630920410156,32.26622375934648,31.82461693139698,32.25174453004627,1260600
2007-07-16,31.875289916992188,32.215544870128745,31.70878293782312,32.00560020706021,2428900
2007-07-17,31.679821014404297,32.186582891242765,31.60742764412597,31.998358471541078,2318100
2007-07-18,31.491609573364258,31.600202435166267,31.209271446636468,31.5278062734212,4229700
2007-07-19,32.68611526489258,32.78746711500139,31.67259124054289,31.788422320900214,4400500
2007-07-20,32.59199523925781,32.90329172430153,32.28793698709942,32.686108836548534,3399500
2007-07-23,32.37480926513672,32.75849908897661,32.338609819270324,32.6861057205038,2839400
2007-07-24,31.433673858642578,32.193817913718576,31.411956403913393,31.962155857842127,2648400
2007-07-25,31.129623413085938,31.99111664823803,31.042750818677906,31.56398914675607,2329500
2007-07-26,30.00027084350586,30.825570216725257,29.609342759131625,30.716977394513968,3791900
2007-07-27,29.558656692504883,30.362232806664423,29.450063907592632,29.862712071652396,5083300
2007-07-30,30.615625381469727,30.7097362144114,29.725173634265804,29.754129326600847,4253400
2007-07-31,30.159526824951172,31.20924686974826,30.087133481846138,30.87623307285868,3367400
2007-08-01,29.203927993774414,30.521507067529775,28.675448717960865,30.03646546594752,5301500
2007-08-02,30.036470413208008,30.434639493539233,28.943312238854244,29.681736252632433,6546600
2007-08-03,29.044654846191406,30.260881922572203,28.943303050097896,30.043699107853342,4348100
2007-08-06,29.095333099365234,29.42834972129485,28.11077074216887,29.10981232306909,5192500
2007-08-07,29.681734085083008,29.89891695289176,28.581337758337988,28.88539598257424,4254400
2007-08-08,30.18126106262207,30.760419176110908,29.688978323134894,30.07990922125069,4655300
2007-08-09,29.761377334594727,30.16678473912694,29.138784235770743,29.31977047326,6133300
2007-08-10,29.457304000854492,29.703445268810796,28.675445289577027,29.247362171244532,3376100
2007-08-13,29.225645065307617,30.333282269770258,29.174969160186482,30.101620200179447,2877800
2007-08-14,28.595815658569336,29.681732708894756,28.494463842399743,29.355957041471157,2886400
2007-08-15,27.538848876953125,28.55961049051448,27.162397413292542,28.371383377869662,5830200
2007-08-16,26.93074607849121,27.72708422326877,26.30815313253087,27.69088753698436,6645600
2007-08-17,28.689943313598633,28.75509847903816,27.365122536871922,28.270053855959166,6506100
2007-08-20,28.118017196655273,29.05914491961363,27.937030989869807,28.885399707612578,2519200
2007-08-21,27.495412826538086,28.038371222231877,27.41577848664232,27.987695326230792,3982100
2007-08-22,28.5017032623291,28.675451212740693,27.690885937544966,27.748802841558824,3886900
2007-08-23,28.12525177001953,28.841958270746115,27.82843453997983,28.668210319723613,2593200
2007-08-24,28.697162628173828,28.7767969736093,28.12524574880035,28.291755431963285,1591000
2007-08-27,28.55962562561035,28.711653385262366,28.29900503098946,28.47999124818391,1148700
2007-08-28,27.973215103149414,28.364145796848927,27.77051152639964,28.306228911132358,2183300
2007-08-29,28.32071876525879,28.4510290454155,27.756042725666482,28.125253345023726,2142400
2007-08-30,28.03838348388672,28.41483513425853,27.871876501119836,28.00942502732802,2781500
2007-08-31,28.68268394470215,28.957783662754565,28.11076981620113,28.24107730198443,2801100
2007-09-04,28.99399185180664,29.196698295836693,28.27728796810523,28.45103319255322,2576800
2007-09-05,28.2410831451416,28.921592969458526,28.10353463847096,28.827479379825967,3332000
2007-09-06,27.84292221069336,28.44379784685838,27.77776705450234,28.327966764922223,2594200
2007-09-07,27.596778869628906,27.71260994339405,27.256526643861026,27.285482341079337,1763800
2007-09-10,27.357866287231445,27.690880130585995,26.988653005644498,27.63296323871769,2000400
2007-09-11,28.364158630371094,28.400355319506787,27.40855167671087,27.40855167671087,2010500
2007-09-12,27.734329223632812,28.530667483438712,27.719849994701548,28.21213273184246,2008400
2007-09-13,28.364158630371094,28.429313775467488,27.770524091328543,27.792241552483887,2310900
2007-09-14,28.639253616333008,28.660971073831472,28.045619177249247,28.212126128540554,2016100
2007-09-17,29.348726272583008,29.44283711916886,28.740612459300195,28.79852661399683,3071800
2007-09-18,30.01474380493164,30.17401250782579,28.957785304122282,29.3052783963762,3348900
2007-09-19,29.9713191986084,30.46360193895648,29.804809445629303,30.26089549422867,2134000
2007-09-20,30.268123626708984,30.4201513244257,29.739644419196562,29.739644419196562,2732000
2007-09-21,30.572187423706055,30.847287210624316,30.311566863639296,30.311566863639296,1908800
2007-09-24,30.535987854003906,31.274411783923316,30.463594488212344,30.688015579144107,2720900
2007-09-25,30.572187423706055,30.782132070607627,30.17401835099524,30.355004544193807,2477700
2007-09-26,31.07894515991211,31.165817747771026,30.630100234072973,30.630100234072973,1737000
2007-09-27,31.737741470336914,31.83909330471652,31.238220531624403,31.346810599189542,2752200
2007-09-28,31.52055549621582,31.983879700505483,31.202018034544107,31.636386547288236,1826600
2007-10-01,31.94768714904785,32.02732152477088,31.477121889755644,31.506080346678644,3834400
2007-10-02,30.984834671020508,31.969399970445597,30.897962074491836,31.90424483264158,2593900
2007-10-03,30.854516983032227,31.665336894611464,30.70248928522214,30.926913097438973,1878100
2007-10-04,31.38300895690918,31.491601791878207,30.69526354087372,30.948643140294102,3029200
2007-10-05,30.948644638061523,31.853575767829405,30.78937587550057,31.592955160595352,2517400
2007-10-08,30.69525718688965,30.93415750808591,30.398439962597358,30.782129779903748,1584800
2007-10-09,30.977602005004883,30.977602005004883,30.53599518738447,30.840050710685414,1404800
2007-10-10,30.86899757385254,31.093421396014563,30.724208100252184,30.955870153360948,1159600
2007-10-11,31.469881057739258,31.701543170733054,30.926922462604377,30.93416069542221,2855800
2007-10-12,31.614660263061523,31.81012564206261,31.317843079014594,31.708773837016764,1644900
2007-10-15,31.165821075439453,31.77393477864154,30.91967974886646,31.542272678529322,1421700
2007-10-16,30.811077117919922,31.346794470175638,30.52873645961176,31.05721834403521,1819700
2007-10-17,30.912443161010742,31.05723267169128,30.485315623399774,30.840047024855366,2107500
2007-10-18,30.92691421508789,31.013786793886034,30.586659369153388,30.731448841569954,2218000
2007-10-19,30.246416091918945,31.11515049706384,30.050950643639055,30.94140527301319,2277500
2007-10-22,30.680776596069336,30.76764918521831,29.93511169084871,29.93511169084871,1568400
2007-10-23,31.303373336791992,31.448160082722254,30.767652987307486,30.767652987307486,1705600
2007-10-24,31.39748764038086,31.39748764038086,30.644587088766173,31.303376797448063,1880900
2007-10-25,32.30965805053711,32.345854739166995,31.31061342689641,31.585713231418115,3405500
2007-10-26,32.78022003173828,33.03360237158772,32.41100939467176,32.41100939467176,3825800
2007-10-29,33.54759216308594,33.6851406399826,32.71505478608816,32.71505478608816,3993700
2007-10-30,32.54130935668945,33.446240079836386,32.497871687791815,33.388323187972865,2614600
2007-10-31,31.98387336730957,32.32412822067336,31.52778748580932,32.32412822067336,3965700
2007-11-01,31.781164169311523,32.164853864730766,30.543216994378486,31.70152983366699,3221400
2007-11-02,32.75126266479492,32.8670937177238,31.49159754776698,32.8670937177238,2426800
2007-11-05,32.707820892333984,33.084272457663374,32.309651870306865,32.61370731059419,1662000
2007-11-06,33.207340240478516,33.33765049808803,32.34584710328642,32.758495331839995,2317700
2007-11-07,31.94768714904785,32.88157391095584,31.571235493940176,32.353094499448076,3899600
2007-11-08,31.267168045043945,32.03455035855417,30.666295429168194,31.897001870975302,3479300
2007-11-09,30.579431533813477,31.85357324864176,30.355007637192912,31.85357324864176,10799600
2007-11-12,30.499792098999023,31.17306091553684,30.04370614807309,30.52874778921863,5046500
2007-11-13,30.883481979370117,31.339567931168382,30.695257565247804,30.731454249314023,7625000
2007-11-14,31.44094467163086,31.64364847237083,30.803872032921028,31.09345125823427,4891100
2007-11-15,32.03456115722656,32.20830914472219,30.98484052178229,31.484364259813116,6380500
2007-11-16,32.5775146484375,33.011880405764614,32.07799375134831,32.09971121072562,65933700
2007-11-19,32.476173400878906,32.88158083666844,32.230031988450534,32.563046028315085,6642000
2007-11-20,31.875289916992188,32.845376097703976,31.383007212653048,32.215544870128745,9222000
2007-11-21,31.563995361328125,31.875291877679935,31.20926392003548,31.54951889410153,4328900
2007-11-23,31.94768714904785,32.21554597150949,31.665349098124707,31.70878402187876,1206800
2007-11-26,31.74498176574707,32.55580201671735,31.687067611609503,32.012843358728766,3120600
2007-11-27,31.824615478515625,32.05627761348187,31.455404813922698,31.853573935794024,4421700
2007-11-28,32.30965805053711,32.642672004540565,31.89700972456971,31.998361557385515,4739700
2007-11-29,32.96843719482422,33.171140795709064,32.03454801366858,32.14314080650228,5805700
2007-11-30,32.96843719482422,33.44624051235952,32.613703131646304,33.265254365389644,2618900
2007-12-03,32.51959228515625,33.02635409143403,32.39652302049304,32.73677788901078,3452200
2007-12-04,30.731462478637695,32.135914632555334,30.666307325219158,32.135914632555334,6066100
2007-12-05,31.006547927856445,31.346800005191692,30.231924680539727,30.485306942485774,4255500
2007-12-06,30.5142765045166,31.187545435337285,30.202979998368097,30.992079994618656,4389600
2007-12-07,30.89795684814453,31.202012265379338,30.224688125262215,30.514267080215962,6284400
2007-12-10,31.288883209228516,31.477107570341005,31.042741960617295,31.042741960617295,2102000
2007-12-11,30.709745407104492,31.469889862267888,30.666310474784982,31.383014474366874,2802800
2007-12-12,30.33329200744629,31.33957496307665,29.869964957896443,31.33957496307665,4335500
2007-12-13,29.638294219970703,30.28260730526489,29.20392851640341,30.152297041868742,4476600
2007-12-14,29.57314682006836,29.717936346322105,29.095343316572368,29.515232666545174,4657500
2007-12-17,29.066383361816406,29.754128677899768,29.015707449297214,29.38491806359849,4162800
2007-12-18,29.681734085083008,29.935113637254886,29.015706255585492,29.3631993964055,4054500
2007-12-19,30.0871524810791,30.340532103578198,29.645545629040026,29.869966791359005,2623800
2007-12-20,30.09438705444336,30.35500764109938,29.66725948445275,30.34776664611981,1914200
2007-12-21,30.535987854003906,30.774888170419956,30.116098599849188,30.391198360790902,3224400
2007-12-24,30.782127380371094,30.89071742276641,30.463592723063226,30.463592723063226,624800
2007-12-26,31.049983978271484,31.29612525690745,30.659053224856212,30.934152950773946,1337000
2007-12-27,30.680776596069336,31.25269079973238,30.478070205881977,31.180297435713207,1566400
2007-12-28,30.709745407104492,31.04276220412972,30.441886531820522,31.04276220412972,1003900
2007-12-31,30.840038299560547,30.92691363836814,30.37671420577112,30.58665879877865,1570300
2008-01-02,29.85548210144043,30.926919978380386,29.717930834278476,30.76041302064276,3144900
2008-01-03,29.290809631347656,29.86272675811255,28.928837185794777,29.754133919794448,4630600
2008-01-04,28.50895118713379,29.109824023394587,28.306244735434046,28.95779625584277,4752900
2008-01-07,28.342435836791992,28.776801547958293,27.52437756041129,28.545139467118954,3462300
2008-01-08,27.509906768798828,28.936079135008377,27.437513381954265,28.54514821813408,3277000
2008-01-09,27.87187385559082,27.87187385559082,27.017618799605938,27.546098154303337,3787800
2008-01-10,28.47273826599121,28.718876742712858,27.575045878585897,27.632960002041262,3068000
2008-01-11,28.255556106567383,29.037417579459568,27.973218161899453,28.479979920815193,3608900
2008-01-14,28.936073303222656,29.008466675477035,28.313480359966515,28.530663238359786,3141000
2008-01-15,28.277271270751953,29.102567503629796,28.01665082634233,28.632002505486994,4499500
2008-01-16,27.77052879333496,28.530670440410457,27.712611871607276,28.06010511708091,4347300
2008-01-17,27.763282775878906,28.34244084188264,27.546099881942666,27.90807229237984,10497900
2008-01-18,26.525327682495117,28.04561288371797,25.16431116486695,27.994934224877525,12291400
2008-01-22,25.99686050415039,26.17060849029283,23.23862951994152,25.193281246298877,7372400
2008-01-23,26.00409507751465,26.040294525687234,23.463050124066474,25.193277700117733,12896000
2008-01-24,27.509906768798828,27.676413767845876,25.953424096964515,25.996861786049664,5952800
2008-01-25,26.192333221435547,27.87912382218043,26.134416289439017,27.719857782452603,5444000
2008-01-28,26.728029251098633,26.778707906108522,26.062001645734046,26.286425431869887,3886400
2008-01-29,28.09629249572754,28.443785591818184,26.836627605973003,26.865586054387965,5429900
2008-01-30,27.285459518432617,28.595799688204913,27.14791109639707,28.038362248963494,5439300
2008-01-31,27.09724998474121,27.40130542915089,26.438460426890405,26.916263812126925,7399400
2008-02-01,27.980470657348633,28.074581503175168,26.69908789106881,27.06829856396884,3921500
2008-02-04,27.91532325744629,28.125265231644487,27.64746158967844,27.980478425061264,3879700
2008-02-05,26.7497615814209,27.915313180435813,26.7497615814209,27.575058232203297,3882000
2008-02-06,27.32167625427246,28.1469728326723,27.162407524535624,27.18412498345244,5699000
2008-02-07,26.865598678588867,27.314443793415503,26.30092247730274,26.995908996059654,4145800
2008-02-08,27.22756004333496,27.647446524566245,26.655643079422706,26.67736053625007,2747200
2008-02-11,28.002174377441406,28.103526168825603,27.118961175443342,27.44473676319912,3790900
2008-02-12,28.45825958251953,28.718877285437397,27.915301201922997,28.12524301024885,3429800
2008-02-13,28.820241928100586,29.02294557744843,27.98046611584939,28.92159375277451,2697500
2008-02-14,28.118017196655273,28.805765334766118,27.97322767890083,28.67545504495015,2668300
2008-02-15,28.190410614013672,28.24832752584832,27.66193122085907,27.958748489935772,1887200
2008-02-19,28.33519744873047,28.740607508291117,28.18316971200651,28.574100544979625,3129700
2008-02-20,28.581340789794922,28.798523680639004,27.951509577857994,28.089058097678844,3221200
2008-02-21,28.183177947998047,28.776812603414747,28.089064328491233,28.624784822263592,2205400
2008-02-22,28.813005447387695,29.08810527290282,27.871877663039733,28.34968116965519,4709300
2008-02-25,29.066383361816406,29.38491806359849,28.516183794993584,29.174973419373202,3151700
2008-02-26,29.754131317138672,30.087148036756908,28.603058930501987,28.87815873831519,3780700
2008-02-27,29.225645065307617,29.83375868839093,29.05189989392936,29.507983040019564,2445000
2008-02-28,29.377683639526367,29.674500920601737,29.044666906275825,29.174977201541154,2744300
2008-02-29,27.828433990478516,29.12429569964199,27.567816211535916,29.109816473873526,5757000
2008-03-03,27.553340911865234,27.864637406169326,27.29995856725731,27.80672049484283,3521100
2008-03-04,27.249271392822266,27.437498515238374,26.69907477068196,27.263750614671903,4844600
2008-03-05,27.524383544921875,27.864638508347912,27.140693657913243,27.249283728500178,4022700
2008-03-06,26.916271209716797,27.509905798114072,26.887312751348492,27.495426568929922,2487400
2008-03-07,26.633930206298828,27.198606274029594,26.177844203023056,26.64840943388555,3045500
2008-03-10,25.70003890991211,26.583252398425085,25.663842224336843,26.583252398425085,3250500
2008-03-11,26.670129776000977,26.713567463454332,25.6855642867696,26.22852295259891,3897100
2008-03-12,26.3226318359375,26.887307863309925,26.257476697269137,26.778717806616044,2315000
2008-03-13,27.0103759765625,27.401303990039214,25.757952059244307,26.011331582944926,4843400
2008-03-14,27.068294525146484,27.25652171197554,26.438463348114173,27.09725297875559,5132900
2008-03-17,27.29271125793457,27.466456410874247,26.445694662058038,26.539808230850856,6249100
2008-03-18,28.385860443115234,28.465494772291578,27.292705568716027,27.80670545132662,5904600
2008-03-19,28.21211814880371,28.9650183326365,28.19039793581887,28.574090400087805,5088400
2008-03-20,28.342435836791992,28.675449732794814,27.937025814508225,28.248322253441685,4528300
2008-03-24,29.001218795776367,29.464542851994015,28.23383660164763,28.342429385536423,4205300
2008-03-25,28.943313598632812,29.09534134818035,28.458271894372473,28.957792826441672,3494900
2008-03-26,29.348726272583008,29.717936948461947,28.639260617358158,28.73337146394401,3144100
2008-03-27,29.312519073486328,29.898912452135743,29.124291924524368,29.225643730136383,3059400
2008-03-28,28.190410614013672,29.42835836899098,28.00218617381176,29.31252730695203,4204800
2008-03-31,28.385860443115234,28.53788811065434,27.7415503421486,28.364142993932173,4049800
2008-04-01,28.9288272857666,29.117054439552103,28.25555854651394,28.581334188350656,3348000
2008-04-02,29.196691513061523,29.587619558067047,28.986746884131765,29.146012842604417,3172100
2008-04-03,29.688974380493164,30.123342907926443,28.92883290952267,29.09533987846819,3710100
2008-04-04,29.435592651367188,29.761368332636238,29.298044146666914,29.681733970367137,2278800
2008-04-07,28.979494094848633,29.68172106223741,28.7405938735654,29.493496729154522,3907200
2008-04-08,29.341474533081055,29.355953756860913,28.755081158959452,28.834715508933883,3247400
2008-04-09,28.689943313598633,29.47180253724177,28.42932265184051,29.22566110798479,2570000
2008-04-10,28.581340789794922,28.950554189697122,28.204889156904375,28.950554189697122,3123800
2008-04-11,28.190410614013672,28.5161863390077,28.04562385768775,28.299003442888466,3597700
2008-04-14,28.233840942382812,28.675447614368004,27.944261981911648,28.07457223796071,2050100
2008-04-15,28.13249397277832,28.516183814002293,27.893590875059925,28.364156076343374,2581000
2008-04-16,28.965023040771484,29.008460712172656,28.3207127706167,28.465502246991043,3198700
2008-04-17,28.84919548034668,29.247367278653087,28.581336711910467,28.928829840007964,1882100
2008-04-18,29.674501419067383,30.007515396281352,29.18221868682477,29.18221868682477,5045500
2008-04-21,30.21746063232422,30.297092249686617,29.457316295849974,29.565909132955028,2185100
2008-04-22,29.83376693725586,30.22469782339164,29.573146346498675,30.22469782339164,2408100
2008-04-23,30.905202865600586,31.10066829519586,29.993033622452923,30.050947771056922,4867700
2008-04-24,31.469881057739258,31.716022397998945,30.434639782085004,31.136864353884228,5193100
2008-04-25,31.549514770507812,31.621908143700917,30.76765308419749,31.43368095479058,3600300
2008-04-28,31.41919708251953,31.79564584833374,31.165814812817082,31.448152767992497,4476200
2008-04-29,31.180301666259766,31.397484549414507,30.92692209618427,31.33957040266733,3329600
2008-04-30,31.433673858642578,31.925956417787425,31.1875353406997,31.1875353406997,3887500
2008-05-01,31.607433319091797,32.35309566103295,31.23098165046824,31.448164561927452,4778100
2008-05-02,32.04180908203125,32.54857120706436,31.701556761123165,31.77395016685729,5878200
2008-05-05,31.310609817504883,31.875285827601864,31.013792586347492,31.875285827601864,3701000
2008-05-06,31.83908462524414,31.89700152146144,31.057225857717846,31.086181544196887,2983700
2008-05-07,31.831851959228516,33.048079376130076,31.585710630531054,32.063514061340236,8240000
2008-05-08,31.846315383911133,32.164849925852764,31.607412406233365,32.150370706451504,2368700
2008-05-09,31.65086555480957,31.795652296425402,31.332328095342564,31.37576577480536,1875000
2008-05-12,32.21554946899414,32.23002869902758,31.542280461408296,31.542280461408296,3094800
2008-05-13,32.43996810913086,32.534078946575896,32.05627547980694,32.30965782168203,3017000
2008-05-14,32.85261917114258,33.0698020811207,32.43997081369499,32.51960243010356,3144900
2008-05-15,33.02634811401367,33.09874422273881,32.46167227410348,32.72953097231355,2401800
2008-05-16,32.99740219116211,33.192864838455286,32.635429825370316,33.09875401172302,2280100
2008-05-19,32.97567367553711,33.373842625413765,32.75849086302523,33.077025470600695,3110700
2008-05-20,32.548553466796875,32.9177668150465,32.28069469761669,32.7078221865618,2529400
2008-05-21,31.665342330932617,32.72230092806579,31.462635937422384,32.57027320415551,3663000
2008-05-22,31.658111572265625,32.005604808529604,31.484366334949012,31.665352568105092,2842100
2008-05-23,31.491609573364258,31.6291581382331,31.281664846750342,31.45541287330732,1523300
2008-05-27,32.085227966308594,32.193820772857755,31.49159355020071,31.542269456822375,2341900
2008-05-28,32.483394622802734,32.56302897359073,32.03454972755988,32.150380757352536,2327600
2008-05-29,32.707820892333984,32.968441419225854,32.454441358761215,32.50511726547577,2154800
2008-05-30,33.098758697509766,33.301462367328305,32.83089712052912,32.9974068626005,2979300
2008-06-02,32.49065399169922,33.265274959354585,32.35310266740358,33.265274959354585,4016600
2008-06-03,32.302406311035156,32.88156142135906,31.904237345289317,32.72229549203836,3517400
2008-06-04,31.484355926513672,32.2517355339632,31.100663361159068,31.469876701252193,4620600
2008-06-05,31.897008895874023,31.904247128759817,30.738695558398835,31.658105786188987,3804600
2008-06-06,30.268123626708984,31.259926919622472,30.21744772747008,31.259926919622472,6601000
2008-06-09,30.977602005004883,31.0861920797707,30.15954351927576,30.275374589337627,4484800
2008-06-10,31.339570999145508,32.049036570490166,30.478074921231798,30.586667745691084,5932900
2008-06-11,30.572187423706055,31.426442476533694,30.463597364765004,31.115146003301753,3472600
2008-06-12,30.666303634643555,31.25993817806822,30.449120736595816,30.695262090818023,3224000
2008-06-13,31.274410247802734,31.41919973390404,30.666296615481052,30.69525506502726,6695300
2008-06-16,31.904233932495117,32.06350260640825,30.803837959774306,30.955865642166422,3374000
2008-06-17,32.222782135009766,32.46168524683229,31.91148840879084,31.991120017768075,2641900
2008-06-18,31.897008895874023,32.15762670421645,31.665346780705036,32.020078186344314,2184200
2008-06-19,32.03456115722656,32.21554737845383,31.679826948503663,31.94044754893182,2721700
2008-06-20,31.3468017578125,31.954915354201848,31.10790146724682,31.73049428755372,3329500
2008-06-23,30.427392959594727,31.535030159422355,30.239168564450974,31.477113261452157,5543700
2008-06-24,30.383962631225586,30.65905965319385,29.783087151475193,30.405680090425683,3752400
2008-06-25,30.890716552734375,31.41919857169992,30.39119574387351,30.39119574387351,3778600
2008-06-26,30.050960540771484,30.61563960898667,29.906173726921313,30.49980850092766,4020100
2008-06-27,30.036470413208008,30.398442806532795,29.6527777983752,30.18849815561317,4595800
2008-06-30,30.586668014526367,30.825571125784485,29.877202436946,30.02923018322102,4794300
2008-07-01,29.377683639526367,30.21745956366378,28.668215249023817,30.123345958943162,10231800
2008-07-02,28.494462966918945,29.732407703463405,28.45102529205378,29.54418330230726,5672300
2008-07-03,28.813005447387695,29.98579537060191,28.61753999991357,29.232894800101857,5260700
2008-07-07,28.98674201965332,29.53693869242886,28.697163079268655,28.87814922660171,5780200
2008-07-08,29.298044204711914,29.500747846067593,28.88539592816358,28.957789296753464,4898600
2008-07-09,28.907127380371094,30.101637871777367,28.84921044815757,29.247382453047216,4116000
2008-07-10,29.84823989868164,30.00026762415911,28.805760516169126,29.066381052204726,5648900
2008-07-11,28.99399185180664,29.580388197987336,28.689936328207388,29.39216098293304,6721100
2008-07-14,28.86368179321289,29.49351583157006,28.711654030146224,29.28357115211767,3423300
2008-07-15,28.97226905822754,29.45731071232971,28.233845086118073,28.588579226676263,5275000
2008-07-16,29.08810043334961,29.131538112771505,28.64649369159891,29.059141980401677,4005400
2008-07-17,28.769563674926758,29.529705059762335,28.320715971276904,29.29804297603397,4441800
2008-07-18,28.776809692382812,28.95779591686321,28.33520286278975,28.798527155598663,5458200
2008-07-21,28.646488189697266,29.1460089797748,28.537895392814107,28.89986770025191,2829900
2008-07-22,28.41482925415039,28.559618745351013,27.640208652101393,28.545139520067966,4806200
2008-07-23,29.421113967895508,29.86995893612652,28.508944805151184,28.59581740121492,5309400
2008-07-24,28.86368179321289,29.674502052829588,28.79128840936131,29.457316378013697,3157800
2008-07-25,29.964080810546875,30.217463198096574,29.0808670945482,29.0808670945482,4556600
2008-07-28,29.565898895263672,30.02922301810105,29.39939196122084,29.913391987391705,2945500
2008-07-29,29.927873611450195,30.05094288323526,29.507984365437995,29.74688743885111,2569800
2008-07-30,30.984834671020508,31.2382169898717,29.47179003679843,30.507031247667747,7411600
2008-07-31,30.33329200744629,31.180306203492936,30.152305784875917,30.948644059533308,5299100
2008-08-01,30.137819290161133,30.586664240673212,29.580381527633744,30.239171108506124,4329800
2008-08-04,29.73964500427246,30.44911036920401,29.43558684122783,30.123334752238137,3377100
2008-08-05,29.869956970214844,29.90615641435311,29.47902893284221,29.826522055856692,3829200
2008-08-06,30.601150512695312,30.80385419606045,29.71069863867346,29.819288714063113,4731600
2008-08-07,29.7324161529541,30.5866713366599,29.674501998305363,30.427402578522376,3182200
2008-08-08,30.666303634643555,30.724217785362107,29.75413159656052,29.75413159656052,2590700
2008-08-11,31.14411163330078,31.440928948074532,30.478080852814077,30.695266544000887,3629100
2008-08-12,30.955881118774414,31.36853223127798,30.876249503634575,31.115149872315072,2277800
2008-08-13,30.680776596069336,31.14410075370362,30.434635292122397,30.919676906636468,1602700
2008-08-14,30.796619415283203,31.006564117525073,30.40568847213576,30.68802656608751,1615700
2008-08-15,30.615625381469727,30.99207699812694,30.507032559915274,30.861766716913667,3120300
2008-08-18,29.920642852783203,30.79661548415865,29.79757078862926,30.586670808715787,3445200
2008-08-19,28.921592712402344,29.710692583930957,28.856437575794295,29.631058221228894,4541600
2008-08-20,28.78404998779297,29.500756703184205,28.682698136685904,29.18222191947189,3448000
2008-08-21,29.203927993774414,29.363196704326075,28.479983326364664,28.65373126166009,2528800
2008-08-22,29.616588592529297,29.89168845420291,29.319771265492022,29.370447192427832,2061100
2008-08-25,29.015701293945312,29.623812115171816,28.957784399564016,29.39939105351809,1626900
2008-08-26,29.319778442382812,29.47904725838453,28.9505676326707,28.9505676326707,1768200
2008-08-27,29.783079147338867,29.92786861356459,29.30527584193453,29.319755064720038,2297500
2008-08-28,30.355005264282227,30.463598087429485,29.841005126196304,29.927877727735986,1920300
2008-08-29,29.920642852783203,30.35500867085832,29.891684395143393,30.289853521984003,2191900
2008-09-02,29.797565460205078,30.535989428191634,29.638296733297185,30.49979274342985,2998500
2008-09-03,29.102598190307617,29.99305047320824,28.80578076267408,29.877219349293487,5064800
2008-09-04,28.002174377441406,28.965019157220482,27.94425749000518,28.84918814397723,4779900
2008-09-05,28.067344665527344,28.183175741377852,27.22756867520349,27.87911744125109,5857300
2008-09-08,28.9288272857666,29.095334222343222,27.94426212893993,29.095334222343222,5340100
2008-09-09,27.958749771118164,29.493514865501286,27.65469425494426,28.733370551805564,6507700
2008-09-10,27.741554260253906,28.29175365138266,27.640202467579982,28.175919875036204,5152900
2008-09-11,28.074573516845703,28.146969641076186,27.0827700887411,27.582290918597486,3767400
2008-09-12,28.479984283447266,28.62477377412088,27.524377511283184,27.93702576464359,2814600
2008-09-15,27.14068603515625,28.298996365875485,26.930741424704117,27.900827362292603,4080500
2008-09-16,27.632965087890625,27.86462990923725,26.308147856485686,26.87282378184226,6660900
2008-09-17,25.634883880615234,27.632970206175255,25.548011282537868,27.62573197368135,5817900
2008-09-18,28.154211044311523,28.81300066005915,23.08659776575132,26.025814461503067,11043700
2008-09-19,28.747833251953125,31.404710801500798,26.2285069144161,28.95777780382177,8458200
2008-09-22,26.995895385742188,28.74060179934008,26.858344141298453,28.74060179934008,2777900
2008-09-23,25.73624610900879,27.162418748647234,25.591456545929606,27.118981051234115,5469000
2008-09-24,25.620407104492188,26.148886499257543,25.265675684130002,25.873789452095544,3417400
2008-09-25,27.58230209350586,27.792246796388238,25.598694433642418,25.598694433642418,6380500
2008-09-26,27.647449493408203,27.690887173357172,26.438463065278068,27.06105600306273,5836400
2008-09-29,24.758914947509766,27.213087599206567,23.788828717467176,27.068298073809217,10897200
2008-09-30,26.040292739868164,26.489137697799173,24.86750029258556,25.37426215431669,8990300
2008-10-01,25.938953399658203,26.988671550593438,25.38151535972106,26.040305268441085,6589200
2008-10-02,24.29559898376465,26.090982532409154,24.027737303609808,25.772444915280467,5802300
2008-10-03,25.070207595825195,26.192321411820913,24.62860085417325,24.715473451367547,8947300
2008-10-06,24.158039093017578,24.722717959110106,22.442290556023295,24.44761814032813,8468500
2008-10-07,22.775300979614258,25.707276639994614,22.71738545533661,24.53448692816848,6264900
2008-10-08,23.99877166748047,24.628602881845726,21.23330132056696,22.20338748093232,9626400
2008-10-09,22.30473518371582,26.011332549475,22.109271169714404,24.476570602538892,6518500
2008-10-10,21.42876434326172,22.862174581219346,19.589944061199212,21.312933296607465,9809600
2008-10-13,24.592411041259766,24.657566197770876,22.159955547019457,23.368942298065686,8660100
2008-10-14,23.875703811645508,25.92446931930247,23.166238101192192,25.627652004096177,8284400
2008-10-15,21.7255859375,24.25215339404774,21.291218734876388,23.383418988800518,7160900
2008-10-16,23.26034164428711,23.542679607023388,21.10298560589582,21.769014718126492,9344600
2008-10-17,24.476572036743164,25.186037532668045,22.283019032730344,22.58707587110029,9469900
2008-10-20,23.94084358215332,25.142591300932757,23.477519559726886,24.78061906320848,6935800
2008-10-21,22.550880432128906,24.273868462956596,22.413330532352177,23.926375287450778,5165200
2008-10-22,21.182621002197266,22.442284549948187,20.502112632441644,22.340932739002728,6028100
2008-10-23,20.089468002319336,21.60975234352274,18.90219898386292,21.35637138985299,7617500
2008-10-24,19.640621185302734,20.357327729389144,16.172926422758717,17.990027978065154,7681300
2008-10-27,19.416196823120117,20.39352245384941,18.85152083531449,19.416196823120117,5217900
2008-10-28,21.97171974182129,22.007916420905023,19.65509637927769,20.031547917333615,6646400
2008-10-29,21.052318572998047,22.978011982171523,21.037839342958456,21.826939429516237,7457600
2008-10-30,21.73282241821289,22.471246418114625,21.32741235112072,22.058596737594193,6108600
2008-10-31,23.390653610229492,23.853977763672574,21.67490411068637,22.00067838827045,8004500
2008-11-03,23.607837677001953,24.143555221381693,23.368934594670225,23.868458217134773,4338600
2008-11-04,23.47028923034668,25.0846885742063,22.97076830955544,24.063926510585755,5335900
2008-11-05,22.456768035888672,23.767109118571128,22.413330353685357,23.455812633522978,4087000
2008-11-06,21.70386505126953,22.666711592399324,21.131949369950327,22.456768315727636,4380700
2008-11-07,22.13098907470703,22.65946836993282,21.298452952767853,21.834171860631454,3935300
2008-11-10,21.407045364379883,22.652231179002175,20.9292419548483,22.54363836526001,3749900
2008-11-11,20.31389045715332,21.378090184080936,20.06774911764728,21.247779900717138,3922200
2008-11-12,18.945629119873047,20.30664428004574,18.728446305007772,19.756447631611756,5837300
2008-11-13,19.70577049255371,19.720249715198054,17.794557289569877,18.9239104203499,7652400
2008-11-14,19.2858829498291,20.33560313120716,19.09041896487303,19.322081006905922,5576300
2008-11-17,17.917634963989258,19.09766445708925,17.613578073004106,18.98183339202969,5831900
2008-11-18,17.418107986450195,18.084137123280133,16.45526165198228,17.73664402079882,6221700
2008-11-19,15.622730255126953,17.541183886399157,15.572054335106273,17.324000977506174,6099000
2008-11-20,14.580244064331055,16.00641583569887,14.39925791107644,15.391062638470228,8348700
2008-11-21,15.144926071166992,15.239038292579218,14.008332896064108,14.927743172021739,6694500
2008-11-24,18.207212448120117,18.663298470533622,15.441743380511317,15.49965891247325,7957400
2008-11-25,18.163776397705078,20.0894695883183,17.32400048213609,18.931157552108075,7573800
2008-11-26,19.67681312561035,20.089461298928263,17.454303574010616,17.953824320229852,7058000
2008-11-28,19.720256805419922,19.778172336005575,19.025270438392074,19.66234127483427,2026200
2008-12-01,18.4099178314209,19.2496937503764,18.062424633401083,19.2496937503764,4192000
2008-12-02,19.67681312561035,19.98810950360517,18.40267054960219,18.78636165889121,4349200
2008-12-03,20.147384643554688,20.248736478295704,18.64881906044309,19.068707008275396,4295400
2008-12-04,20.190820693969727,20.958203201386496,19.77817236533316,19.850567123876367,4211600
2008-12-05,21.443239212036133,21.544591012060195,19.177291888070403,19.7854054498442,3967600
2008-12-08,21.07403564453125,21.899332355918194,20.871330583482152,21.71834613810069,4865700
2008-12-09,19.82884407043457,21.081269399016744,19.155575306370395,20.719297063998575,7679100
2008-12-10,20.176347732543945,20.979925742593117,19.89400824393945,19.93744593807276,3507100
2008-12-11,19.886760711669922,20.827889664344998,19.40171770012602,20.017070980564544,5789200
2008-12-12,19.416196823120117,19.951915740666074,19.191774350551597,19.31484500598884,4474500
2008-12-15,19.061466217041016,19.821607692283806,18.63433868156094,19.495833366100513,3546700
2008-12-16,20.465919494628906,20.560031709540027,19.061466218836454,19.235212802313598,4730200
2008-12-17,20.762744903564453,21.233308924601886,19.944686198251333,20.053279063796285,3408900
2008-12-18,20.545551300048828,21.07403201446308,19.86504423246147,20.451439090553563,4863600
2008-12-19,21.32016944885254,21.580788571112404,20.668618191165955,20.668618191165955,5419600
2008-12-22,20.038789749145508,21.450481102015623,19.640619331042437,21.334650059138536,3844700
2008-12-23,20.12566375732422,20.74825669221738,19.79264983081907,20.487636136994187,2842600
2008-12-24,20.096712112426758,20.45868458985343,19.684063709090815,20.342853507542127,892000
2008-12-26,20.473159790039062,20.523835705972367,20.125665230696853,20.205299601914987,1276200
2008-12-29,19.872276306152344,20.3211211054781,19.57545918313594,20.255965992541377,1802100
2008-12-30,20.451435089111328,20.741012654918094,19.81436444433644,20.024307661740814,2821800
2008-12-31,21.226062774658203,21.551838509385888,20.371807630985796,20.415245316159634,3105800
2009-01-02,21.855892181396484,21.964483616701358,20.56003042842193,21.68938384105966,2810000
2009-01-05,21.769018173217773,22.174426842150694,21.443243867773738,21.6676663511883,4966400
2009-01-06,21.884845733642578,22.33369200975298,21.24053545774334,21.964480084439938,4424100
2009-01-07,21.037826538085938,21.573545296142097,20.639657620054123,21.508390181436592,4234600
2009-01-08,20.90028953552246,21.023360221782223,20.248738031314723,20.958205071361448,4907300
2009-01-09,20.55278968811035,21.334649912566686,20.270451695639018,20.95819971620989,3817100
2009-01-12,20.284927368164062,20.646899656471852,19.915715468392353,20.48763096589502,2888300
2009-01-13,20.61070442199707,20.748254297020996,19.959154489969624,20.234254240017474,4752500
2009-01-14,20.32113265991211,20.654148024362403,19.828849918177497,20.190822359945265,5525000
2009-01-15,20.748252868652344,20.994394151933296,19.79264618335678,20.646901062883053,6411000
2009-01-16,21.045072555541992,21.428763749970443,20.581748381752888,21.356369002612155,4291300
2009-01-20,20.2342586517334,20.95820348534368,20.212539809631625,20.885808725819615,4526300
2009-01-21,21.39980125427246,21.435999311517875,20.219772204365842,20.321124003023613,3718500
2009-01-22,21.559078216552734,21.906571414550648,20.90028851087598,20.90028851087598,3378500
2009-01-23,21.805219650268555,21.906571488154675,20.762738671956953,20.965442347729187,2767000
2009-01-26,21.718338012695312,22.529156572727757,21.414281225284988,21.863127485105846,5647500
2009-01-27,21.89932632446289,22.15270723578494,21.240536783514486,22.007917749082374,3365500
2009-01-28,23.166231155395508,23.231386290985256,22.000679708528878,22.413327980053964,4944000
2009-01-29,22.601558685302734,23.101081039767443,22.464010152114486,22.63775675783802,2798500
2009-01-30,21.9644832611084,22.912850472612785,21.588031669385362,22.630512469228005,4468500
2009-02-02,21.89932632446289,22.09479171726689,21.29121268961592,21.689381706825657,3261300
2009-02-03,22.152706146240234,22.319213081188394,21.783494216041166,21.913804471501404,3656700
2009-02-04,21.892087936401367,22.666708557707945,21.696622532665604,22.26129990540837,1984600
2009-02-05,22.181663513183594,22.340932219036606,21.074029088444973,21.566311668690954,4503600
2009-02-06,21.863128662109375,22.616030369058343,21.602508150065784,22.01515637359159,5441400
2009-02-09,21.747303009033203,21.84141522787305,21.24778069767437,21.653189409378196,2790700
2009-02-10,20.92924690246582,21.971727942799426,20.798936599822206,21.58803664955048,3847000
2009-02-11,20.936479568481445,21.255015604688772,20.5455487902977,20.979915861341354,2114500
2009-02-12,20.893041610717773,20.90028122242,20.241490365665033,20.56002637648918,3836600
2009-02-13,20.885814666748047,21.356378666282684,20.791701038351768,20.914771750305345,2389200
2009-02-17,19.713016510009766,20.364566551777877,19.6044250665176,20.25597510828571,3831100
2009-02-18,19.49584197998047,19.951926790475824,19.018038319150776,19.821616450101235,4653400
2009-02-19,19.003551483154297,19.9229617339254,18.93115672515068,19.235213604113753,4428600
2009-02-20,19.256933212280273,19.56099010334631,18.482312446682684,18.68501612018323,4696900
2009-02-23,18.598146438598633,19.647865803778387,18.511272435701716,19.647865803778387,4830000
2009-02-24,19.727495193481445,19.821607407029326,18.424395145871088,18.641578026867787,5222300
2009-02-25,19.416196823120117,19.90847944486909,18.88047790557416,19.582703774354346,6080000
2009-02-26,20.849605560302734,21.85588957205384,19.901238446668962,20.11842267216442,9093400
2009-02-27,21.08127784729004,21.486686638348857,20.198064112178322,20.63967097973418,6142600
2009-03-02,20.169099807739258,21.175382500069833,19.99535324523135,20.690339495262986,4812800
2009-03-03,19.799890518188477,20.465919788143694,19.43791811888271,20.465919788143694,5537900
2009-03-04,20.422481536865234,20.7482572394871,19.86504510688961,20.18357981521423,6445600
2009-03-05,19.799890518188477,20.161862917494243,19.626143932219524,19.792650904504548,5053000
2009-03-06,19.749217987060547,20.270457834276996,19.25693521872622,19.980880141378968,4230600
2009-03-09,19.452394485473633,20.0460289121015,19.24968947457988,19.365520514857764,2983800
2009-03-10,20.55278968811035,20.617944821882958,19.553746604955286,19.89400011846728,5823900
2009-03-11,21.211580276489258,21.443243752593006,20.299411121493588,20.68310094900994,4337300
2009-03-12,21.616989135742188,21.718340951655804,20.212536034240266,20.73377571998663,5973300
2009-03-13,21.168148040771484,21.689387855191598,20.603470539538247,21.64595154919374,3802800
2009-03-16,21.023361206054688,21.6676717450307,20.972683901609578,21.334656362753922,3746300
2009-03-17,21.863128662109375,21.863128662109375,21.02335299087427,21.356366862205686,3435400
2009-03-18,22.44228172302246,22.594309420290593,21.64594241797808,21.812449338075947,5057900
2009-03-19,22.3192138671875,22.7825380088606,22.08031218403545,22.768060165044464,3835400
2009-03-20,22.152706146240234,22.92732668612629,22.07307179438902,22.413325276345894,4809300
2009-03-23,23.25310516357422,23.26758439032278,22.297498291210218,22.71014796865382,3671600
2009-03-24,23.180713653564453,23.54992429960594,22.97076899129069,22.985248219202365,3805800
2009-03-25,23.101078033447266,23.492008881061853,22.420569547311747,23.419612745412746,3979300
2009-03-26,22.963523864746094,23.426849380988248,22.79701692617876,23.36893248324499,4570500
2009-03-27,23.1734676361084,23.35445380333134,22.673946808759787,22.673946808759787,3438800
2009-03-30,22.058597564697266,22.797021592286743,21.863133518065446,22.68843014842126,3547400
2009-03-31,22.029638290405273,22.442286564368096,21.96448315443062,22.311976292418787,3557100
2009-04-01,22.833221435546875,22.97076996408735,21.537359479691755,21.88485267939701,5686400
2009-04-02,23.99152946472168,24.54172904168124,23.07935888012544,23.53544348201602,6865600
2009-04-03,24.896451950073242,24.99056551224921,24.071155627560415,24.252141760098464,4095300
2009-04-06,23.665754318237305,24.5779263050578,22.84769730869472,24.13631953892108,5414400
2009-04-07,23.00696563720703,23.376177641213776,22.927331269436433,23.303781506135877,3137500
2009-04-08,23.07211685180664,23.48476370501031,22.833215169963555,23.02867917815164,2633200
2009-04-09,23.759868621826172,24.281109772665015,23.245868465654702,23.687475244934245,3186200
2009-04-13,23.32550621032715,23.810547981231856,22.949054520463594,23.593365057518845,2604400
2009-04-14,22.377132415771484,23.33273927781204,21.790737546940246,23.035922036748385,5541400
2009-04-15,23.49200439453125,23.520962843260374,22.044115097631078,22.3119738443013,4918700
2009-04-16,24.006011962890625,24.16528071923418,23.318263778788644,23.477532535132195,3432600
2009-04-17,23.817779541015625,24.20870754417215,23.61507316577673,24.078397289243437,2950100
2009-04-20,22.840450286865234,23.61507074415785,22.811493222525385,23.45580481906668,2256200
2009-04-21,23.33274269104004,23.40513883459121,22.565361519995896,22.659473744981916,3005800
2009-04-22,23.1734676361084,23.680229456658584,22.941806943808285,23.158989792149868,2414700
2009-04-23,23.15899085998535,23.303778971950802,22.60155310784028,23.166230472705866,2966200
2009-04-24,23.738155364990234,23.904662370633446,23.166238196717384,23.412379588022738,3914400
2009-04-27,23.839502334594727,24.071164448203408,23.180712681214366,23.390657334681684,3088000
2009-04-28,23.557172775268555,23.904666070608794,23.130045081940324,23.745397274632808,3130400
2009-04-29,24.100120544433594,24.476572132616635,23.528203549215323,24.476572132616635,3236900
2009-04-30,22.99248695373535,24.599643908450577,22.688430083295703,24.259388969616253,6605000
2009-05-01,22.30473518371582,23.325498451929366,22.167186688828693,22.92008843731445,4412300
2009-05-04,21.602510452270508,22.500201735092773,21.363608751042126,22.304736330229105,7570400
2009-05-05,22.464008331298828,22.529163475765927,21.102991292225187,21.559077303494874,8275400
2009-05-06,22.52191925048828,22.84045391286846,21.884847164098154,22.673946969240426,7325300
2009-05-07,21.7255859375,22.775305181290516,21.356373884310695,22.775305181290516,7044400
2009-05-08,21.341890335083008,22.21062456447055,21.095749016117036,21.877609270239827,4540600
2009-05-11,21.421525955200195,21.638708834892434,20.893046602018032,21.081272408798338,3171900
2009-05-12,20.958200454711914,21.711102254770378,20.59622809024929,21.48667977543175,4277700
2009-05-13,20.31389045715332,20.806173136165402,20.24873531547142,20.661385006395154,4814500
2009-05-14,20.914756774902344,21.04506700964429,20.270446592916734,20.36455877311114,5187000
2009-05-15,20.422481536865234,21.016117415066756,20.21977788262504,21.016117415066756,5099300
2009-05-18,21.921045303344727,21.93552314745662,20.950959326288494,21.008874845180735,5153500
2009-05-19,21.812454223632812,22.102033221828673,21.71110240275326,22.080314382719482,2941600
2009-05-20,21.70386505126953,22.34817687049641,21.631470294177,22.036880381569123,3030100
2009-05-21,21.283979415893555,21.63871224506333,20.914767357578413,21.472205252337467,2518800
2009-05-22,21.385326385498047,21.63146630491546,21.0161144351496,21.269493967022655,2316600
2009-05-26,22.065841674804688,22.384377838425397,21.008882713939503,21.182629335692052,3487300
2009-05-27,22.174427032470703,22.811499184219635,21.86313195059194,22.23234255710106,3291100
2009-05-28,22.572599411010742,22.79702191562448,22.022401189364846,22.210627005781742,3133600
2009-05-29,23.07211685180664,23.10107392009512,22.492960297073658,22.579834263568806,3140300
2009-06-01,23.318260192871094,23.528204837287348,23.014204717479373,23.46304969804196,3167900
2009-06-02,23.20242691040039,23.520964343478425,22.833216331258853,23.20242691040039,3493500
2009-06-03,22.464008331298828,23.122798009074895,22.275782511817788,23.122798009074895,3143500
2009-06-04,22.333696365356445,22.73910504874276,22.058596580304435,22.54363963001871,4636300
2009-06-05,22.07308006286621,22.782545740784823,21.89209383600032,22.608799128691405,4326600
2009-06-08,21.508405685424805,21.79074517960671,21.247786419554128,21.769026332111014,6048400
2009-06-09,22.196147918701172,22.4350496524322,21.363611657566704,21.645949693571964,3961800
2009-06-10,21.855892181396484,22.587076537644666,21.631468316842724,22.50744217404075,5279300
2009-06-11,21.884845733642578,22.26129727092036,21.660423285994778,21.826930218739445,2922600
2009-06-12,22.029638290405273,22.029638290405273,21.645947087533973,21.819693656528056,2893200
2009-06-15,21.631465911865234,21.906565656921458,21.356367547623872,21.906565656921458,2925400
2009-06-16,21.32016944885254,21.82692985050183,21.240535099398674,21.71109882264972,2843600
2009-06-17,21.197099685668945,21.508394722884475,21.146422400675192,21.36360662248966,3222200
2009-06-18,21.421525955200195,21.51563816818281,21.066793181934838,21.197103462076207,3150200
2009-06-19,21.4649600982666,21.754537702365734,21.414284190151122,21.544594457199466,3189800
2009-06-22,21.146427154541016,21.414287340751265,21.008878635366287,21.34189258387159,4306100
2009-06-23,21.595266342163086,21.67490068626024,21.146420103817324,21.233294059270097,3653200
2009-06-24,22.905614852905273,23.15899582923166,22.138233690467416,22.159952533289186,5837000
2009-06-25,23.209665298461914,23.3254963261341,22.62326916745485,22.8983675129726,3658200
2009-06-26,23.07211685180664,23.33273598966237,22.89836891881635,23.043158402703305,4366900
2009-06-29,23.32550621032715,23.499251444645278,22.90561683106871,23.1879549080587,2443500
2009-06-30,22.825971603393555,23.43408374025287,22.673942533567764,23.3254937173717,3282100
2009-07-01,22.9128475189209,23.115552514675322,22.768059419794724,22.93456635515649,2481100
2009-07-02,22.427810668945312,22.594317649689064,22.167191467159725,22.594317649689064,3553900
2009-07-06,22.20338249206543,22.297494689097324,21.899325683540702,22.297494689097324,2911200
2009-07-07,21.790740966796875,22.35541708436063,21.63871182534991,22.159953017950627,3649000
2009-07-08,21.913814544677734,22.102040402329777,21.689390610083695,21.84141977160919,3522900
2009-07-09,22.384370803833008,22.543638145183735,21.732820831815523,22.065834740316582,3644600
2009-07-10,22.283021926879883,22.536401507751645,21.978965049018612,22.348177070765523,3377700
2009-07-13,22.898372650146484,22.92009149051311,22.145470801366237,22.43504843551249,4110200
2009-07-14,23.04316520690918,23.09384112698879,22.60155839338928,22.854939374602587,2316600
2009-07-15,23.687471389770508,23.694709621629546,23.15899071109029,23.260343907710908,3968700
2009-07-16,23.607837677001953,23.817782307845604,23.44133072339042,23.60059668331497,3526400
2009-07-17,23.32550621032715,23.730913598156587,22.992490829043128,23.723675364072793,3121500
2009-07-20,23.49925422668457,23.673002243203154,23.368943904703386,23.44134006226573,3899000
2009-07-21,23.40513038635254,23.89017194572912,23.006960025434868,23.600592999310905,3426900
2009-07-22,23.680234909057617,23.861221117952823,23.253107345599712,23.41237609314922,2652600
2009-07-23,24.447612762451172,24.527247121025486,23.528202665362944,23.672992157168075,2718700
2009-07-24,24.237672805786133,24.45485570451007,24.027728140313158,24.129082737239358,2834300
2009-07-27,24.208711624145508,24.52724908393524,23.984290517435557,24.19423239764324,2860800
2009-07-28,24.27386474609375,24.577922954122258,23.91189239849734,24.006005982128766,2807000
2009-07-29,24.100120544433594,24.121838002449742,23.26758300650168,23.868458453494792,4234400
2009-07-30,24.88197898864746,25.07744439236525,24.3607406736966,24.425895808269196,3519300
2009-07-31,24.679283142089844,25.070214072909312,24.643086447376362,24.766155761728353,3172800
2009-08-03,25.265666961669922,25.265666961669922,24.61411573463087,24.932650355833623,2481300
2009-08-04,24.910940170288086,25.222236651628965,24.72995397237503,25.077447140972474,3126100
2009-08-05,24.266633987426758,25.048493062969293,24.12908544716733,24.918182756773753,3047300
2009-08-06,23.730907440185547,24.491051618376133,23.665752303815783,24.288345215431313,3985700
2009-08-07,23.361698150634766,24.049446237149738,23.006965377645646,24.049446237149738,6315500
2009-08-10,23.43408966064453,23.54268247258983,23.282061933225048,23.383413751504705,3100500
2009-08-11,23.35445213317871,23.5137208326666,23.209665419058325,23.339975671070313,2023900
2009-08-12,23.35445213317871,23.701947979630383,23.24586209758842,23.24586209758842,2669100
2009-08-13,23.542686462402344,23.83950373550763,23.23862819440427,23.3037833402874,3798800
2009-08-14,23.26034164428711,23.499241935206427,23.093833330618345,23.448566032234766,2197600
2009-08-17,22.963523864746094,23.2458632179851,22.811496150614573,22.95628425252819,2945400
2009-08-18,23.49200439453125,23.51372185026326,22.862171942821146,23.043158104933667,2984800
2009-08-19,23.426847457885742,23.50648180493072,23.09383222727335,23.180706185941933,2546400
2009-08-20,23.91190528869629,23.92638452180105,23.354467241503915,23.383425707713442,1940000
2009-08-21,23.977048873901367,24.230431188382546,23.78158346386046,24.0277247844716,3152200
2009-08-24,23.738155364990234,24.071169376276657,23.665759213647014,24.027731685470723,2168100
2009-08-25,23.542686462402344,24.034969173157027,23.513728006091977,23.904658881390763,2338800
2009-08-26,23.49200439453125,23.658511332279208,23.25310133496048,23.51372185026326,4191300
2009-08-27,23.339982986450195,23.615080038805406,23.16623500876706,23.600600810529276,3035800
2009-08-28,23.245864868164062,23.6005962263193,23.115554600620946,23.6005962263193,2186700
2009-08-31,22.9128475189209,23.26034199461631,22.811495711451094,23.05039738678336,3660300
2009-09-01,22.507448196411133,23.086603593546435,22.456772271763715,22.92009658947196,3588900
2009-09-02,22.427810668945312,22.673952023442677,22.333698447903473,22.47124835325557,1733900
2009-09-03,23.15899085998535,23.187947930052466,22.521920129544515,22.587075263214196,4121400
2009-09-04,24.165281295776367,24.288350601974035,23.187954033483393,23.187954033483393,4513000
2009-09-08,24.816823959350586,24.845782410756787,24.244909733042686,24.38969646681384,5246900
2009-09-09,24.809589385986328,24.910941219224476,24.53448958031827,24.787871925043966,3746000
2009-09-10,25.309104919433594,25.309104919433594,24.71547051286328,24.838542542416988,3724200
2009-09-11,25.649349212646484,25.808617857535506,25.287377028174056,25.46836312041027,4463000
2009-09-14,25.193275451660156,25.533530350378093,24.635837691440734,24.98333082216909,7364900
2009-09-15,25.663843154907227,25.765194982845024,24.997812517325684,25.236715621719227,4099300
2009-09-16,25.902738571166992,26.257472663111752,25.46113189488808,26.214034990129843,5125000
2009-09-17,26.561521530151367,26.561521530151367,25.82309784157888,25.852056283082657,5175500
2009-09-18,27.242036819458008,27.299950953001286,26.597726549622763,26.742513264295734,8120200
2009-09-21,27.05381202697754,27.21308074093861,26.771474042504586,27.010377113446193,3732400
2009-09-22,27.017616271972656,27.2927160341707,26.96694036336116,27.27099581503013,2638700
2009-09-23,26.93074607849121,27.263760010915995,26.713563199154617,27.18412564411221,3039700
2009-09-24,26.351600646972656,27.191376785658274,26.28644548269398,27.024869757308586,4609300
2009-09-25,26.344343185424805,26.5180911021232,25.975132659681204,26.192315484332113,4025900
2009-09-28,26.677370071411133,26.76424545303165,26.351597056042,26.47466637089153,2213000
2009-09-29,26.344343185424805,26.749753149968093,26.271949831084317,26.684598026409876,2846500
2009-09-30,26.351600646972656,26.66289723612287,26.01134559333611,26.554304375114683,4519200
2009-10-01,25.6131649017334,26.025813170153818,25.504572089357524,25.736234178238114,5025100
2009-10-02,25.808635711669922,26.15612891776005,25.35978790404347,25.403225590416177,3937900
2009-10-05,26.38054084777832,26.416740287929883,25.823103161324788,25.902737511050944,2895600
2009-10-06,26.96693992614746,27.05381251641158,26.39502295351317,26.42398140414449,5419500
2009-10-07,26.720796585083008,26.959699642161603,26.568768873285524,26.959699642161603,2273200
2009-10-08,26.50361442565918,26.981417790455037,26.35158670995816,26.82214908164651,3628500
2009-10-09,26.554302215576172,26.626695609273426,26.358836738636448,26.380554204419433,2215100
2009-10-12,27.31443214416504,27.32891136900114,26.590487472138516,26.590487472138516,3753500
2009-10-13,26.909021377563477,27.328910601123248,26.865586465905352,27.249276247577104,3467500
2009-10-14,27.596778869628906,27.618499094580933,27.02486449633074,27.256526643861026,5043300
2009-10-15,28.98674201965332,29.1025730434813,27.509894394624517,27.509894394624517,9621700
2009-10-16,28.55962562561035,28.870922140115244,28.45827378584234,28.870922140115244,3185200
2009-10-19,29.015701293945312,29.189446453830165,28.559615416395914,28.91434672877804,2558600
2009-10-20,28.689943313598633,29.348733203428893,28.197660455084673,29.27633704092318,4504900
2009-10-21,28.197647094726562,29.283564163111695,28.15420941780439,28.646492043069372,3556000
2009-10-22,28.277271270751953,28.530650724134127,28.002171605916363,28.204875168622102,2533900
2009-10-23,27.84292221069336,28.58858738968629,27.748811355241426,28.52343223349527,2129000
2009-10-26,27.60401153564453,28.451025489159896,27.49541872854419,27.835673613270774,2351000
2009-10-27,27.336166381835938,27.87188698312289,27.32892814578933,27.524393658625186,2186500
2009-10-28,26.988656997680664,27.350629340510633,26.69908078039458,27.227560069530753,4460000
2009-10-29,27.68364143371582,27.73431733243249,27.133442016750056,27.169638692743483,2991900
2009-10-30,26.655643463134766,27.67640537316202,26.633926005994777,27.611250240112202,2947000
2009-11-02,26.88007164001465,27.307199189515337,26.460182323515873,26.872830645382436,3676100
2009-11-03,27.813961029052734,27.8791161788703,26.170608577845087,26.59773616850903,4253500
2009-11-04,27.763282775878906,28.414834219317946,27.27824107147565,27.690889398443602,3489500
2009-11-05,28.016660690307617,28.40035050098218,27.842912745652594,28.05285737330203,1945200
2009-11-06,28.060100555419922,28.139734929034113,27.799482734905812,28.016665632816093,2077800
2009-11-09,28.755088806152344,28.82024394967442,28.313482029128284,28.313482029128284,2326500
2009-11-10,28.711645126342773,28.986744870602298,28.516179736602826,28.624772540334924,1864600
2009-11-11,28.950544357299805,29.03017593964768,28.50169673881531,28.870910013322575,3088000
2009-11-12,28.53789520263672,29.03017775840191,28.414825944510184,29.03017775840191,2088900
2009-11-13,28.791288375854492,28.899878451505487,28.34244332090978,28.5089503128791,1435900
2009-11-16,29.33423614501953,29.348715368721898,28.75508100507251,28.907108711503064,2171300
2009-11-17,29.783079147338867,29.848234269058974,29.037417124476026,29.20392404406533,2196600
2009-11-18,29.638294219970703,29.898914746762994,29.471787274882246,29.826521383378378,1970600
2009-11-19,29.2618350982666,29.500738106675627,28.88538639192421,29.49349987685827,2572900
2009-11-20,29.421113967895508,29.529706784197703,28.784041819624687,29.037424137119803,2758300
2009-11-23,29.536962509155273,30.246428447373493,29.384934685601014,29.833779919650976,2698400
2009-11-24,29.5441837310791,29.660014770770804,29.261842982802627,29.50074605558353,2524900
2009-11-25,29.86271858215332,29.898915264472386,29.46454955338391,29.602098050848298,3167100
2009-11-27,29.5948543548584,29.86271306851982,28.99397904510974,29.095330841542204,1044800
2009-11-30,29.623821258544922,29.660020709520932,29.26908983667517,29.652779714673578,2129900
2009-12-01,30.16678237915039,30.304333676325182,29.623823709158795,29.761375006333587,2288500
2009-12-02,30.072660446166992,30.709729729083307,29.942350192472837,30.079898677314628,2332700
2009-12-03,29.674501419067383,30.333291139916984,29.66726042385853,30.195739847253876,2363900
2009-12-04,29.681734085083008,30.499792407513645,29.50074790163738,30.116099820700516,3487700
2009-12-07,29.189455032348633,29.775851332963033,29.09534143213464,29.775851332963033,3863500
2009-12-08,28.356910705566406,29.059137902032713,28.277279113580775,29.001223765895013,5344600
2009-12-09,28.5017032623291,28.53066171433603,28.18316857514283,28.429309893941763,3530000
2009-12-10,29.030187606811523,29.355963344178978,28.64649771704011,28.64649771704011,3014300
2009-12-11,28.98674201965332,29.211163074903467,28.907107672966067,29.2039248441271,1766400
2009-12-14,29.551422119140625,29.674494152880744,29.16049132250237,29.305280813290224,2347300
2009-12-15,29.64554786682129,29.94236520199568,29.327010304056884,29.392165463564968,2421900
2009-12-16,30.101621627807617,30.29708426447093,29.82652187151024,29.848239328555092,2886300
2009-12-17,30.159526824951172,30.456343950288236,29.89890637116662,30.043695819005706,2595600
2009-12-18,30.492563247680664,30.5215217110618,30.145069972000183,30.246421832203104,3716200
2009-12-21,30.883481979370117,31.12962329730236,30.716975023361538,30.96311634129378,1971100
2009-12-22,31.158584594726562,31.15858459472656,30.774891976020477,31.02103331643127,1646200
2009-12-23,31.086193084716797,31.42644807223657,30.77489655605629,31.332334461759277,1717300
2009-12-24,31.433673858642578,31.52778743185162,31.18029434803694,31.259928697550013,795700
2009-12-28,31.469881057739258,31.643626261669493,31.404725915857863,31.556753659704377,3183600
2009-12-29,31.259933471679688,31.658102518425302,31.230975019865106,31.658102518425302,1918600
2009-12-30,31.354042053222656,31.419197178587705,31.04274564999293,31.20201158628453,1283500
2009-12-31,31.281644821166992,31.73773068247909,31.202010475042563,31.382996621096474,2123400
2010-01-04,31.46263885498047,31.773935325166327,31.332328576222196,31.484359075860258,2750500
2010-01-05,31.98387336730957,32.03454926951743,31.41919745034801,31.491590807322215,2575800
2010-01-06,32.150386810302734,32.25897962939106,31.68706260390209,32.027317526190735,3215300
2010-01-07,32.063507080078125,32.26621068488323,31.86080071364353,32.16485888248067,2615000
2010-01-08,32.1286735534668,32.26622208222349,31.86081196778151,32.1286735534668,1934600
2010-01-11,31.83908462524414,32.50511512359505,31.607422563634156,32.483394906698756,3276000
2010-01-12,31.448162078857422,31.810134489919168,31.136865584413897,31.672585967902624,2973600
2010-01-13,32.11418914794922,32.19382351130844,31.571230592278205,31.571230592278205,2799900
2010-01-14,32.295169830322266,32.33136650887336,31.882521619254803,32.1069426832493,4387600
2010-01-15,31.85356903076172,32.57751378146085,31.70877952829588,32.20830317372152,3130300
2010-01-19,31.991107940673828,32.12865916947936,31.687052562190654,31.896997139693358,1995700
2010-01-20,32.09247970581055,32.16487309333112,31.69430778955526,31.868055785887634,3053000
2010-01-21,31.83908462524414,32.215536165767766,31.694295146330496,32.157619269550466,3301000
2010-01-22,30.535987854003906,32.28069448122736,30.45635349465526,31.730497720973812,4021100
2010-01-25,31.274410247802734,31.49159309613982,30.811086101582358,30.811086101582358,3857100
2010-01-26,30.796619415283203,31.25270275399101,30.514281321331453,31.25270275399101,3730800
2010-01-27,30.883481979370117,30.992074793198743,30.2681300653545,30.825567837190164,3584400
2010-01-28,30.637338638305664,31.354045086661046,30.31156297996231,30.941396839969393,3739600
2010-01-29,30.731462478637695,30.99208309231185,30.579434707871343,30.688024789148432,3757100
2010-02-01,31.187545776367188,31.238221695444988,30.60838768125437,31.093432171666784,2711800
2010-02-02,31.151348114013672,31.194785802132003,30.608389439872337,31.180306572759225,2360800
2010-02-03,30.977602005004883,31.397488598367698,30.88348839757007,31.093433075066752,3047700
2010-02-04,29.696212768554688,30.861764210508753,29.681733542747995,30.861764210508753,3757500
2010-02-05,29.030187606811523,29.72517676707225,28.566863341058014,29.652780624529225,7923800
2010-02-08,29.442832946777344,29.812046331965032,28.957791268610606,28.979508728340406,4943200
2010-02-09,30.007524490356445,30.137834827302523,29.558679308448475,29.884452389182325,4121300
2010-02-10,30.108856201171875,30.347756484526627,29.862714925262107,30.043701076324304,3020500
2010-02-11,30.782127380371094,30.95587255285549,29.86995555912399,30.116096854834986,2959900
2010-02-12,30.854516983032227,31.04274411886038,30.427389573735276,30.593896494426712,2758300
2010-02-16,31.390247344970703,31.4264440330772,31.071709861720855,31.071709861720855,2839400
2010-02-17,31.643625259399414,31.716021393435813,31.354049008144223,31.491597520368177,2247900
2010-02-18,31.411968231201172,31.73050574918974,31.274419696743752,31.57847522395402,2924700
2010-02-19,31.795644760131836,32.056265251875445,31.20925141533814,31.31060321509856,3065200
2010-02-22,31.69430160522461,31.91148724866954,31.383005128692393,31.91148724866954,2535100
2010-02-23,30.992076873779297,31.643625515601325,30.75317377197011,31.643625515601325,4557400
2010-02-24,30.854516983032227,31.202010047296447,30.152292623877802,31.03550312660501,6001800
2010-02-25,30.984834671020508,31.071707267549176,30.260889922811476,30.651820749635565,4325600
2010-02-26,30.883481979370117,31.100664845397397,30.528747847609253,30.992074793198743,4030100
2010-03-01,31.07894515991211,31.354044910033412,30.96311412222363,30.970352353866133,2656600
2010-03-02,30.970355987548828,31.346807594612056,30.91244184272454,31.18030063100084,3801400
2010-03-03,31.115148544311523,31.440924270999353,30.818331273691584,30.99207924846855,2697200
2010-03-04,31.100666046142578,31.23821731718679,30.789369580220512,31.2164970966045,2586900
2010-03-05,31.426450729370117,31.527802582316294,31.165830100862305,31.25270272315462,1992600
2010-03-08,30.731462478637695,31.455407400341148,30.68078655504891,31.310617863674317,4482000
2010-03-09,31.049983978271484,31.325083704189222,30.49978728806555,30.564942413634764,4712500
2010-03-10,31.209251403808594,31.31060320353157,30.941392681450804,31.028265258123437,2098100
2010-03-11,31.491609573364258,31.491609573364258,30.984847487673537,31.129637049532484,2309100
2010-03-12,31.404735565185547,31.708791146301802,31.36853886671424,31.52056665727237,3540100
2010-03-15,31.375762939453125,31.54226988656856,31.07894572735521,31.216494224112353,2748300
2010-03-16,32.04180908203125,32.172119421657804,31.34682244511056,31.35406344266282,4366600
2010-03-17,32.03456115722656,32.063519615414265,31.824616477811592,32.049040386320414,3143500
2010-03-18,31.86080551147461,32.21553963493146,31.665342869766647,32.03455345720713,3211700
2010-03-19,32.063507080078125,32.15761788994936,31.846324251839874,32.063507080078125,3288400
2010-03-22,32.03456115722656,32.18658892026613,31.716026402053576,31.8318574731738,2887300
2010-03-23,32.26620864868164,32.345842991723785,31.998349936145694,32.070743287113466,2728000
2010-03-24,32.193809509277344,32.46890640279601,31.81735807634626,32.2589646180852,3220700
2010-03-25,30.738704681396484,32.30242580370199,30.644593817798544,32.25174987357046,11561400
2010-03-26,30.152311325073242,30.992087441635324,29.942366605524946,30.818339420925778,8362100
2010-03-29,30.963109970092773,31.12961689183964,30.326037967422145,30.326037967422145,5162100
2010-03-30,30.970355987548828,31.035511126494967,30.767652338218667,30.81109001805946,6004900
2010-03-31,30.847288131713867,31.22373975620322,30.702498620505622,30.840047137256832,3150800
2010-04-01,30.912443161010742,31.339570698621714,30.67354005414332,31.06447090449171,3596900
2010-04-05,31.361282348632812,31.44815493429495,30.905196441054592,30.963113339249155,2581900
2010-04-06,30.992076873779297,31.267173900454523,30.955877425652943,31.267173900454523,3148600
2010-04-07,30.282602310180664,30.890713090215705,30.116092630928016,30.890713090215705,6299000
2010-04-08,30.427392959594727,30.456351408579827,30.058182400738648,30.441872184087277,5007100
2010-04-09,30.854516983032227,30.970348004453633,30.420151343109296,30.456348019497973,4283900
2010-04-12,30.6590576171875,31.115143561512564,30.55046756676815,30.948636608232288,3040100
2010-04-13,30.5142765045166,30.61562834156394,30.1305838564554,30.579431651422812,4219000
2010-04-14,30.485315322875977,30.60838461068158,30.116101936198795,30.485315322875977,4620100
2010-04-15,30.427392959594727,30.572182442890526,30.137816754632823,30.398437272239324,4793500
2010-04-16,30.383962631225586,30.543228601409815,29.826524831505502,30.340524951195277,8992800
2010-04-19,30.072660446166992,30.46359120724945,29.833757393851183,30.297081512928354,4472400
2010-04-20,30.535987854003906,30.63733967076404,30.166774508229256,30.289846544030766,2618200
2010-04-21,30.420164108276367,30.67354371095181,30.260895351377208,30.67354371095181,2950500
2010-04-22,30.52875328063965,30.564952732778053,30.000273866658443,30.13782515687126,2068200
2010-04-23,30.67354965209961,30.702508115623054,30.224704514010526,30.51428362598282,2741100
2010-04-26,30.3043270111084,30.760412966845113,30.24641010679834,30.68077860423378,2479000
2010-04-27,29.783079147338867,30.224685776594114,29.746882471189778,30.152292424295936,2943900
2010-04-28,29.529712677001953,30.021995422317378,29.35596468857215,29.90616435057437,4043900
2010-04-29,29.717941284179688,29.971323687632744,29.536955036697922,29.638306893426755,4155000
2010-04-30,29.5441837310791,30.297084108260236,29.5441837310791,29.819280724328248,3773100
2010-05-03,29.884429931640625,30.072657059838924,29.63105044556131,29.840995026386615,3107700
2010-05-04,29.688974380493164,29.97855339878202,28.95779136367759,29.623819239459685,5001500
2010-05-05,29.5948543548584,29.804796178198792,29.326992879567648,29.334233871672442,4261300
2010-05-06,28.979494094848633,29.80479028740146,27.582281150744716,29.50073495819938,7400100
2010-05-07,28.13249397277832,29.15325597962124,27.73432490487777,28.798521830120315,8435500
2010-05-10,29.58039093017578,29.841011552550498,28.849204988332183,29.211177461268,7397900
2010-05-11,29.660022735595703,30.145064481547216,29.428360594002356,29.79033303544578,3524700
2010-05-12,30.202980041503906,30.26813518850317,29.732414784105842,29.812049159508323,2220400
2010-05-13,30.22469139099121,30.43463601793538,30.101622116897666,30.195732940041008,2913400
2010-05-14,29.812040328979492,30.14505419872123,29.6093367146375,30.05094062279261,3928000
2010-05-17,30.05818748474121,30.13058085781878,29.594863269132354,29.84824283653402,3585200
2010-05-18,29.775842666625977,30.550463180582696,29.660011639164118,30.239166776473414,2457300
2010-05-19,29.312519073486328,29.696208840911705,28.85643318660266,29.63105371421404,4030300
2010-05-20,28.27004051208496,28.812999047252905,28.067336876010504,28.791281589567763,7225800
2010-05-21,29.23288917541504,29.232889175415036,27.57505506931172,27.582293301545228,8338800
2010-05-24,28.603052139282227,29.348717012761956,28.58133468332689,29.088096494779116,5048700
2010-05-25,28.689943313598633,28.726140014035877,27.79949122701253,28.10354682464286,5042600
2010-05-26,28.776809692382812,29.327006599685742,28.668216853042328,28.827485614306877,5107000
2010-05-27,29.674501419067383,29.69621888143292,28.972274011856197,29.174977691615915,3104900
2010-05-28,29.341474533081055,29.869953773712794,29.196687818541612,29.493505001954766,2345400
2010-06-01,28.84196662902832,29.652784191634918,28.827487398777926,29.182221635835635,2966700
2010-06-02,30.007524490356445,30.050959428250902,29.059155429611387,29.059155429611387,4244900
2010-06-03,30.753164291381836,30.840036864517657,30.09437485837414,30.108854080835,3877000
2010-06-04,30.050960540771484,30.630118842697975,29.869974261827316,30.16679164883049,5088800
2010-06-07,30.33329200744629,30.745940373976286,30.029233717480157,30.224699169251828,5720900
2010-06-08,30.586668014526367,30.85452681914858,30.108864553640394,30.420161040754163,6440500
2010-06-09,30.383962631225586,31.08618717445313,30.268131579441548,30.68801810654739,3887000
2010-06-10,31.267168045043945,31.274409037965256,30.666295429168194,30.76040900573776,4107000
2010-06-11,32.01283264160156,32.114184448635065,30.926915689163298,30.926915689163298,5072600
2010-06-14,31.614660263061523,32.5630287104454,31.542266905637224,32.08522537120816,4747400
2010-06-15,32.13589859008789,32.18657448837891,31.68705373595487,31.766688079449136,3132600
2010-06-16,32.36033630371094,32.54132252155985,31.817377650164214,31.853574341407892,3006900
2010-06-17,32.55580520629883,32.57752267102432,32.222788431266714,32.476170820130946,3128800
2010-06-18,32.62818145751953,32.79468837675732,32.48339199159947,32.5847437892547,6436900
2010-06-21,32.66437911987305,33.453478833252916,32.51235141879982,33.0191131840067,4048100
2010-06-22,32.121429443359375,32.91052937208267,32.06351529641566,32.68610825543425,3624000
2010-06-23,32.36758041381836,32.72231468032359,31.74498726952205,32.15039746529502,4913100
2010-06-24,31.52055549621582,32.39652799255284,31.491597043040194,32.230021029238124,4295600
2010-06-25,31.83908462524414,32.17933948644676,31.49882976404152,31.629140018900838,3421700
2010-06-28,32.81642150878906,33.09875955956994,31.991122056682062,31.998363051724393,4765400
2010-06-29,32.222782135009766,32.51959939532757,31.94768509680418,32.46168524683229,6408900
2010-06-30,32.21554946899414,32.736790703674984,32.02008400598882,32.164873544692476,5082800
2010-07-01,31.918729782104492,32.41825075374719,31.31785420777017,32.092477767945304,6245800
2010-07-02,31.63639259338379,32.157631042009555,31.397489451472737,32.06352019364819,3370700
2010-07-06,32.65715026855469,32.83089547350277,31.925964476309968,32.09971244288829,5759500
2010-07-07,33.938533782958984,33.96025124374008,32.70782704214115,32.88881324633112,5949600
2010-07-08,33.583797454833984,34.177431945593376,33.2942212036707,34.12675603259905,4222700
2010-07-09,33.30870056152344,33.89509687062189,33.16391380418292,33.525886220794966,3528000
2010-07-12,32.809165954589844,33.2652517828014,32.63542081350016,33.10598310211151,3608000
2010-07-13,33.01189041137695,33.279752045824296,32.75127253496779,33.17840018917113,3408800
2010-07-14,33.142189025878906,33.25802007280855,32.75849920073007,33.19286493630875,2765200
2010-07-15,32.97567367553711,33.21457670244068,32.62818062319224,33.0408287954536,2334300
2010-07-16,31.991107940673828,32.88880037731653,31.8680386955628,32.79468681470683,3613300
2010-07-19,31.94768714904785,32.114194133909436,31.665349098124707,32.07075644852493,2042700
2010-07-20,33.72134017944336,33.84440943361985,32.30240669044681,32.309647682827446,8159800
2010-07-21,33.02634811401367,33.844406192018084,32.71505175056852,33.82992697027306,5728400
2010-07-22,33.583797454833984,33.66343182143368,33.185628383465634,33.402811262245635,2892200
2010-07-23,33.85889434814453,33.85889434814453,33.098752956540935,33.56207712812294,2764300
2010-07-26,33.51863479614258,33.96747967982045,33.279734511563696,33.96747967982045,3661900
2010-07-27,33.01911926269531,33.74306398580065,32.7584987205166,33.70686730197138,3350400
2010-07-28,33.09151077270508,33.41728643214049,32.8743279202914,32.95396227722337,2388500
2010-07-29,32.96119689941406,33.50415535180483,32.81641018808013,33.25077584534094,4301100
2010-07-30,33.475189208984375,33.59825842749773,32.38203165315702,32.62817285181237,3465800
2010-08-02,33.80097961425781,34.09055862088838,33.37385209837427,33.88785497322503,4463100
2010-08-03,33.63447952270508,33.88786189567408,33.27250707128992,33.74307236278188,3007300
2010-08-04,33.98195266723633,34.05434877172422,33.59102474951774,33.62722142094719,3800500
2010-08-05,33.99645233154297,34.068848479565524,33.60552141711318,33.85890379274612,2516200
2010-08-06,33.84442901611328,34.3294708443442,33.39558388584077,33.779273855135735,3159700
2010-08-09,33.84442901611328,34.220880750468986,33.677921996199785,34.01817703259708,1816700
2010-08-10,33.78650665283203,33.96749287512909,33.352140823971325,33.62724065511942,2431900
2010-08-11,32.736785888671875,33.23630682401648,32.7005864380972,33.22906859087975,5093500
2010-08-12,33.22181701660156,33.381085711193805,32.049027546172724,32.22277270242838,4635100
2010-08-13,33.12771987915039,33.34490557465,32.961212871129966,33.15667834010112,1789100
2010-08-16,33.330413818359375,33.34489304339334,32.67886249998001,32.87432789549382,1730000
2010-08-17,34.32222366333008,34.35842035185383,33.30146158183049,33.48244778607957,3669400
2010-08-18,34.76382064819336,34.98824447241346,34.03263504253951,34.36565166336311,4249900
2010-08-19,34.3801383972168,34.73486978856934,34.14123529715354,34.60455950883122,3815800
2010-08-20,34.33669662475586,34.57559693471853,33.83717578637587,34.394610763498704,2632800
2010-08-23,33.98195266723633,34.546631235725854,33.96023521670446,34.35840412568634,1972600
2010-08-24,33.460731506347656,33.85165962248513,33.31594198551172,33.562083342443685,3480200
2010-08-25,34.1412353515625,34.2136287241412,33.14219079252153,33.14943178675749,3050400
2010-08-26,34.09779357910156,34.647993086541064,33.98920353326495,34.206386386567985,3057100
2010-08-27,34.28602600097656,34.51044712042776,33.69239148883107,34.35841937596787,2376600
2010-08-30,33.63447952270508,34.27155181045234,33.63447952270508,34.17019996591699,1876600
2010-08-31,33.92405700683594,34.05436730420034,33.359380892677194,33.38833658860111,2600600
2010-09-01,34.206390380859375,34.45976994569517,34.0543626419579,34.25706629382653,3516600
2010-09-02,34.633506774902344,34.64074500515847,34.184661935032466,34.184661935032466,2298400
2010-09-03,34.90861892700195,35.0027297620547,34.48872961997808,34.87241947791834,2833100
2010-09-07,35.017208099365234,35.12580092059562,34.553883883825236,34.894138812825624,2557500
2010-09-08,35.73392105102539,35.92214551172603,34.93757999635492,35.046172837056105,4380200
2010-09-09,35.5384521484375,36.1610451499369,35.26335233720117,36.124848460423536,2177400
2010-09-10,35.523963928222656,35.675991642674695,35.21990849931857,35.55292237715533,1902300
2010-09-13,35.473297119140625,35.87146622835592,35.46605888586634,35.7339177031013,2643800
2010-09-14,35.27781295776367,35.63254695580033,35.21989883741563,35.38640573065604,2959600
2010-09-15,35.38642120361328,35.603604082733796,35.02444881786904,35.23439070276179,2461800
2010-09-16,35.009971618652344,35.50949254572239,35.00273062400522,35.35746479769632,2167100
2010-09-17,35.668758392333984,35.683237618822325,35.19819319716825,35.27782756203908,4652700
2010-09-20,36.24791717529297,36.32755154792244,35.6977203232817,35.83526884587693,2898400
2010-09-21,36.54472732543945,36.9356581176817,36.146558301472645,36.26962757219901,2990900
2010-09-22,36.55922317504883,36.834323053385106,36.36375769004393,36.56646141006483,3362700
2010-09-23,36.61714172363281,36.81260445566454,36.081421174893954,36.22621073630699,3174400
2010-09-24,37.42070388793945,37.47137980053098,36.805351942682286,37.00805559304839,2466500
2010-09-27,37.51481246948242,37.71027786121013,37.07320578020461,37.37726397676874,3329200
2010-09-28,37.72475051879883,37.80438486026541,37.07319932646252,37.536523391399776,2479300
2010-09-29,37.49309539794922,37.78991260436788,37.31934746075376,37.507574622851315,3816400
2010-09-30,37.10940933227539,37.87679181651761,37.09493286647123,37.71752307636935,3634100
2010-10-01,37.37001419067383,37.44964852726583,37.02976215472948,37.246944951670976,3002200
2010-10-04,36.9646110534668,37.5292869391586,36.81982158590676,37.348300795115904,2930300
2010-10-05,37.558258056640625,37.8912720112425,37.20352387951753,37.2324823351256,2522800
2010-10-06,36.74020004272461,37.681327767355036,36.42166531240319,37.60169339436709,3685500
2010-10-07,36.49406433105469,37.37727804196666,36.421670941675025,36.942909420796326,3782400
2010-10-08,36.465091705322266,36.6026429579932,36.29134653365228,36.58092274031216,2161800
2010-10-11,36.20447540283203,36.530251089692676,36.09588534829851,36.45785772000366,2055200
2010-10-12,36.64608383178711,36.81259079907106,35.74839385498404,36.052449335686,3888700
2010-10-13,36.7474479675293,37.04426531500112,36.66781633516995,36.863279060161446,4293400
2010-10-14,37.196292877197266,37.333841425628854,36.725727547796744,36.725727547796744,3536100
2010-10-15,36.783634185791016,37.55101386261268,36.4723377186022,37.49309971796109,3338400
2010-10-18,36.551971435546875,36.82706845061478,36.39994094006929,36.73295762202157,1889300
2010-10-19,36.04520034790039,36.45060753453797,35.81353830935625,36.24066571072751,2137900
2010-10-20,36.52301788330078,36.805355930222476,36.06693185893398,36.16104546178468,2106100
2010-10-21,36.211708068847656,36.78362494740415,35.76286320441456,36.78362494740415,2899600
2010-10-22,36.35649871826172,36.45060952794684,36.12483666704845,36.27686437035163,1896400
2010-10-25,36.783634185791016,36.942900154805464,36.51577263668337,36.55921031639463,1895700
2010-10-26,36.80534744262695,36.90669925541809,36.40717842310615,36.609882048688426,1928600
2010-10-27,36.7039909362793,36.79810450539183,36.32029842911103,36.59539814410103,2658400
2010-10-28,37.456912994384766,37.5799823105197,36.87051658966024,36.87051658966024,2616600
2010-10-29,37.3627815246582,37.558246899501825,37.02976766898219,37.30486463064698,2203700
2010-11-01,37.49309539794922,37.53653031102575,37.16731974172635,37.49309539794922,1803200
2010-11-02,37.558258056640625,37.82611686693949,37.35555162901443,37.775440950440526,2147200
2010-11-03,37.7392463684082,37.77544305912369,37.283160332827755,37.70304967769272,2327400
2010-11-04,37.94194412231445,38.08673362420269,37.61616843347345,38.0432959451472,2944300
2010-11-05,37.58721160888672,37.99986267371297,36.197238958464176,37.703045424718766,5325900
2010-11-08,37.912986755371094,37.94918344147225,37.31935226609576,37.601690283966946,3017700
2010-11-09,37.78266906738281,38.426982104813995,37.69579648544867,38.29667185109798,4204300
2010-11-10,38.44871139526367,38.74552867306611,37.82611838289016,37.86231507303574,3343200
2010-11-11,38.470420837402344,38.52833773886614,38.09396926277724,38.29667565627067,2576600
2010-11-12,37.90574264526367,38.37630501487507,37.717515488115346,38.27495320485507,2153400
2010-11-15,37.254215240478516,37.99988059254976,37.1383841316565,37.934725421235406,2541200
2010-11-16,36.58816146850586,37.05148557978438,36.457851217005086,37.00804790874094,2302200
2010-11-17,36.95014572143555,37.073215020068645,36.559214840547305,36.62436998736201,1985800
2010-11-18,37.34831619262695,37.54378164017272,37.21800589426311,37.30487850596216,1894400
2010-11-19,37.601688385009766,37.76095710976762,37.02253315174937,37.297632923159306,3328000
2010-11-22,37.522056579589844,37.601688179904414,37.0008154916837,37.442422217645294,3490100
2010-11-23,37.02978515625,37.326602474155344,36.754685303040155,37.015305925909395,3091100
2010-11-24,37.6740837097168,37.739238844667454,37.03701158593593,37.196280307288625,1957300
2010-11-26,37.478607177734375,37.71750742720572,37.290380060813575,37.35553517642014,582700
2010-11-29,36.79086685180664,37.312107882957704,36.55920478499054,37.29762865857799,2482400
2010-11-30,36.609867095947266,36.92116340044998,36.3058117817606,36.45059844853788,2829100
2010-12-01,36.94290542602539,37.275922161401574,36.928426197388994,37.275922161401574,2814400
2010-12-02,37.50757598876953,37.73923807238009,37.10216596163612,37.283152137058735,2359000
2010-12-03,37.34107208251953,37.99262071017201,37.19628257805339,37.4424239071568,1976500
2010-12-06,37.478607177734375,37.53652130181293,37.073197262668046,37.32657949519542,1891800
2010-12-07,37.47138595581055,37.91299277661785,37.384513343044866,37.82612016385216,2738700
2010-12-08,36.97185516357422,37.637885715614374,36.77638976552862,37.427941092347275,2338800
2010-12-09,36.81258773803711,37.1745600963723,36.46509460543091,37.1745600963723,2269900
2010-12-10,36.530250549316406,36.92118136776631,36.49405386500734,36.92118136776631,2204700
2010-12-13,36.20447540283203,36.79811263312811,36.20447540283203,36.66056136443694,3082900
2010-12-14,36.515777587890625,36.75468071625052,36.27687722116119,36.31307391168014,2537800
2010-12-15,36.29135513305664,36.595410636341335,36.23343822102316,36.47957957390473,2225400
2010-12-16,36.18999099731445,36.327539474194424,35.35021538968903,36.27686357420552,4905700
2010-12-17,35.91490936279297,36.15380975992188,35.84251321091238,36.15380975992188,3097600
2010-12-20,36.95737838745117,37.05149197681279,36.016250778725066,36.03073000490608,3022100
2010-12-21,36.71848678588867,37.109414939162335,36.62437317416044,37.00082485944269,2624700
2010-12-22,36.7691535949707,36.92118132587428,36.646081554503525,36.798112047037094,1408800
2010-12-23,36.5809211730957,36.76914832290874,36.48681035981878,36.65331729288133,1063500
2010-12-27,36.80534744262695,36.848785117378775,36.50128924262377,36.72571308639684,912400
2010-12-28,36.87050247192383,36.95737505955733,36.68227531014985,36.827064797292195,1088400
2010-12-29,37.05149459838867,37.123887972785944,36.63884628873779,36.913946082381784,1407600
2010-12-30,37.26144790649414,37.31212383267061,36.95015135333534,36.97910981447357,1227100
2010-12-31,37.3845100402832,37.44966518450893,37.10217200251516,37.26867897961861,1510900
2011-01-03,37.37726974487305,37.75372136166942,37.2541976962905,37.57997339944411,2413800
2011-01-04,37.26144790649414,37.78268639882794,37.17457252307946,37.37727898941619,2932100
2011-01-05,36.7474479675293,37.21077509968897,36.732971497377484,37.080464775273924,3414100
2011-01-06,36.64608383178711,37.05149390101988,36.544732004886455,36.7691558799023,2880000
2011-01-07,36.55922317504883,36.98635084340078,36.50130624839653,36.892237218406336,3571200
2011-01-10,36.49406433105469,36.68952979633672,36.247922940880734,36.38547148535441,2706300
2011-01-11,36.537506103515625,36.77640652446234,36.356519848216465,36.595420269163185,3395900
2011-01-12,36.7039909362793,36.80534273610998,36.573680690317154,36.682270720865986,2359300
2011-01-13,36.74020004272461,37.32659634793828,36.64608644177246,36.82707264887948,2899700
2011-01-14,36.08863830566406,36.798106465529166,36.030724171945636,36.61712031001103,2748800
2011-01-18,35.82801818847656,36.35649739619101,35.712187167082014,36.13931181465052,3676400
2011-01-19,35.60359573364258,35.74114421378324,35.314016788301785,35.61807495707257,3377000
2011-01-20,36.428897857666016,36.580925585107444,35.42985337716673,35.50948773772079,3968100
2011-01-21,36.57368850708008,36.899464191612296,36.472336685587834,36.660561102412,2847200
2011-01-24,36.92842483520508,36.92842483520508,36.443383121114735,36.5374967229645,2027900
2011-01-25,37.18903732299805,37.52929220526424,36.38545828882966,36.8198267524603,5074300
2011-01-26,37.601688385009766,37.818874013908655,37.21076032857774,37.48585733835768,3728500
2011-01-27,37.64512252807617,37.76095356385122,37.32658787010223,37.6813192089503,2179900
2011-01-28,37.15284729003906,37.99262315604939,37.04425446429098,37.61617152485437,2253000
2011-01-31,36.8198356628418,37.31211838377748,36.72572205870191,37.11665294208562,2014700
2011-02-01,37.48586654663086,37.57274192418305,36.95738709385973,36.97910731906311,1976100
2011-02-02,37.5799674987793,37.7247569842944,37.36278465132152,37.36278465132152,1849000
2011-02-03,38.13741683959961,38.209810223593294,37.36279603201874,37.47138610800927,2182300
2011-02-04,38.79620361328125,38.94823136503729,38.15913138858832,38.1808516114323,3106600
2011-02-07,38.84687042236328,39.23056020920456,38.75275684311986,39.0640532684691,2418200
2011-02-08,39.29572677612305,39.31020600496154,38.846881728651816,38.846881728651816,1968000
2011-02-09,39.5201416015625,39.62873441208851,39.194365931614364,39.31019697408149,1985500
2011-02-10,39.81696701049805,39.87488392445957,39.28124660287576,39.404318664228775,1950800
2011-02-11,41.06937789916992,41.0838571229436,39.65768533997634,39.744560682618406,3888100
2011-02-14,40.54813766479492,41.14901303555348,40.4467858580717,40.99698532546864,2917700
2011-02-15,40.403350830078125,40.69292702535545,40.17892700039377,40.49022341249836,2203700
2011-02-16,40.26580047607422,40.888393314095055,40.12825198738832,40.584337888064226,2106500
2011-02-17,39.56358337402344,40.381638987925825,39.41155287122169,40.2368522410749,2899200
2011-02-18,39.28124237060547,39.75180758013626,38.73828378805309,39.64321475897372,4283400
2011-02-22,38.354583740234375,39.520134962678775,38.18807681726081,38.95545907071368,3503800
2011-02-23,37.53652572631836,38.91925977683974,37.15283597898068,38.36906310590968,5550700
2011-02-24,38.26048278808594,38.32563793261636,37.536537965139146,37.6451307932333,3610400
2011-02-25,38.91926574707031,38.94822419777977,38.101210226751995,38.36183075987742,3290800
2011-02-28,39.06405258178711,39.09301103052677,38.66588357732064,38.99165922156763,3104100
2011-03-01,38.1663703918457,39.179891445629586,38.15189116458205,39.08578061086116,3086800
2011-03-02,37.84783172607422,38.45594544388886,37.51481779436457,38.159128198385886,2786600
2011-03-03,38.607975006103516,38.694847603213915,38.1229305855078,38.137409811964545,2273400
2011-03-04,38.419742584228516,38.60796974086629,38.11568715499323,38.557291074364045,1639800
2011-03-07,38.42699432373047,38.890318590212,38.41251509519911,38.44871178571227,3380100
2011-03-08,37.73199462890625,38.05053204441049,36.834304803609946,37.80439075135253,5050900
2011-03-09,37.78266906738281,37.927458545026106,37.40621753016208,37.724754933303245,2198300
2011-03-10,36.76191711425781,37.34107518016672,36.609889364690375,37.34107518016672,3666600
2011-03-11,36.783634185791016,36.848789324542864,36.48681694517262,36.52301363078363,5496900
2011-03-14,36.35649871826172,36.56644055355347,35.88593362331818,36.5012854290479,2740700
2011-03-15,36.211708068847656,36.327539090689406,35.47328426899549,35.61807373670502,3447400
2011-03-16,36.515777587890625,37.080456454181984,36.22620130210857,36.22620130210857,4510500
2011-03-17,36.95014572143555,37.094935243427166,36.57369406890951,36.93566649307334,2063300
2011-03-18,36.64608383178711,37.50757988370299,36.46509763757018,37.45690397025266,2442400
2011-03-21,33.743072509765625,34.322227882226535,33.19287283470477,33.77203096879634,21980500
2011-03-22,35.27058792114258,35.299543611332886,34.003684651120274,34.054360560990766,9738800
2011-03-23,35.813533782958984,36.11035090493141,35.060630872033656,35.18370010624294,6399400
2011-03-24,35.523963928222656,36.711232718165675,35.45880879893897,36.161035996593185,7268200
2011-03-25,35.936622619628906,36.001777767876845,35.37918474275889,35.451580886162425,4237400
2011-03-28,36.197242736816406,36.537497702264226,35.93662214725045,36.46510155981232,2932600
2011-03-29,36.566444396972656,36.62436129667824,35.80630303893048,36.09588201419882,3448100
2011-03-30,37.456912994384766,37.49310968962264,36.71124781665661,36.71848881268268,4399100
2011-03-31,37.51481246948242,37.64512273063423,37.131122679218635,37.370022983577115,3045700
2011-04-01,37.8840217590332,38.188077161562084,37.608922041295564,37.63063949529636,2601400
2011-04-04,37.62340545654297,38.028812705085684,37.57272955047513,37.94194011777364,2509600
2011-04-05,36.73294448852539,37.52204408988561,36.646069161705306,37.48584465622938,4821600
2011-04-06,36.84878158569336,36.993568297729794,36.595399316370575,36.79086469157517,2860900
2011-04-07,36.754676818847656,36.913945554199,36.47233879645585,36.77639427853005,3423600
2011-04-08,36.39994430541992,36.957382142695415,36.2768750128212,36.89946799371669,2134200
2011-04-11,36.29135513305664,36.7184826935973,36.21895899301479,36.45062111788799,2881000
2011-04-12,35.92938232421875,36.3130721965319,35.87870640755967,36.24067881891331,3954200
2011-04-13,36.45784378051758,36.5374781137057,35.92212366010683,36.00899898447331,4384100
2011-04-14,36.327552795410156,36.378228713981784,35.8787077616484,36.356511252202644,3696100
2011-04-15,36.61714172363281,36.77640775571908,36.25516920091583,36.392717765361056,3689400
2011-04-18,35.87869644165039,36.24066875246015,35.77010364375563,36.22618952863222,3122600
2011-04-19,35.849735260009766,36.1320731990489,35.53120064497601,35.922128611999,3508900
2011-04-20,36.95737838745117,37.02977451835627,36.18999873126728,36.19723696354278,2958700
2011-04-21,37.14560317993164,37.32658935312276,37.044248603175554,37.1817998622439,2445600
2011-04-25,36.95737838745117,37.17456125690643,36.90670247663262,36.942899161270155,1879000
2011-04-26,37.49309539794922,37.51481285448748,36.747430504454705,36.98633357289473,2400000
2011-04-27,38.27496337890625,38.32563929738666,37.50034261169947,37.608935443660606,2973900
2011-04-28,37.92022705078125,38.47042384961817,37.869551138847456,38.16636837801542,2962200
2011-04-29,37.86955261230469,38.12293218183233,37.63064950820989,37.84783239089504,2866600
2011-05-02,37.312110900878906,38.03605560864157,37.19627985810207,38.01433538950036,2171200
2011-05-03,38.02157974243164,38.57177655382594,37.75372095014956,37.8478317821002,4128600
2011-05-04,37.456912994384766,38.23153387132473,37.19629237006276,37.99987170784535,3161600
2011-05-05,38.34012222290039,38.68761545240221,37.08769784522797,37.24696661102782,4164400
2011-05-06,37.94194412231445,38.90479196248564,37.731999482658026,38.593495499996465,2427900
2011-05-09,38.419742584228516,38.68036310164716,37.93470099141136,37.93470099141136,1653000
2011-05-10,38.868587493896484,38.912025167339735,38.296673315856935,38.463180254944874,3709800
2011-05-11,38.74553680419922,39.04959237918766,38.42700199778785,38.79621273336396,2286700
2011-05-12,38.59349822998047,38.738284980480415,38.42699125760134,38.6441741449815,2235200
2011-05-13,38.32563400268555,38.65865068593242,38.007099307438594,38.49938195749392,1632700
2011-05-16,38.007102966308594,38.36183714244481,37.956427049950605,38.20256839867382,1925500
2011-05-17,37.7899169921875,38.00709986767678,37.543775663531626,37.97090318203358,2666800
2011-05-18,37.76095199584961,37.94193815433463,37.66683842018111,37.87678302681484,3110700
2011-05-19,37.70304870605469,38.05778013220739,37.565497418597985,37.90575237814195,2305900
2011-05-20,38.832393646240234,39.093014182652034,37.57273140242308,37.87678685381691,5601800
2011-05-23,38.4776725769043,38.77448987572644,38.14465582374261,38.49214904468336,2511000
2011-05-24,39.19436264038086,39.56357595586176,38.50661467527086,38.50661467527086,5817800
2011-05-25,39.31019592285156,39.68664749121017,38.75275818287612,39.04233716211499,4077700
2011-05-26,39.976234436035156,40.00519013042484,39.100259092025865,39.21609015447572,2701400
2011-05-27,39.7518196105957,40.09207464235803,39.563595126797374,40.04863694842103,2645900
2011-05-31,40.164466857910156,40.18618432342545,39.5635939650627,40.178946088797325,3066900
2011-06-01,39.1871452331543,40.19342838263375,39.15818676917317,40.149990686662065,2353000
2011-06-02,39.36812210083008,39.686656843754776,39.18713588656208,39.27400849615419,2195100
2011-06-03,37.07321548461914,38.13017431363058,36.378229084307264,36.52301860811319,12627100
2011-06-06,37.478607177734375,38.021565553912744,37.23970416663392,37.34829694652124,5452200
2011-06-07,37.131134033203125,37.71028939228916,37.11665480402215,37.522064936197665,2439600
2011-06-08,36.30583190917969,37.26867703285327,36.27687345511863,37.05149415065571,6635800
2011-06-09,36.08863830566406,36.54472419082604,35.610834965561374,36.4361341544929,8241100
2011-06-10,36.197242736816406,36.57369439267495,36.10312913244415,36.10312913244415,4770900
2011-06-13,36.262386322021484,36.76190711833142,36.124837837665595,36.1899929642825,3858300
2011-06-14,36.71124267578125,36.8560321980879,36.523018229923906,36.5664531534746,3277100
2011-06-15,36.71848678588867,37.09493847117092,36.38547002784201,36.3999492574641,3748600
2011-06-16,36.284114837646484,36.73296262966684,36.17552476793608,36.72572163470789,4308000
2011-06-17,36.34203338623047,36.68228560059132,36.32031316200662,36.53749883446188,2895300
2011-06-20,36.68952941894531,36.88499488221677,36.117612259184085,36.19724664366106,1814400
2011-06-21,37.48586654663086,37.57274192418305,36.783641862016694,36.85603524834618,2199300
2011-06-22,37.601688385009766,37.768195341970255,37.26867447108879,37.26867447108879,2669200
2011-06-23,37.99985885620117,38.06501399024605,37.10216620509728,37.225235479609886,3016500
2011-06-24,37.46415328979492,38.021591264343144,37.34832220168302,37.949195108253846,2063300
2011-06-27,37.54378128051758,37.703050035132215,36.921188252439094,37.333836606094735,2396900
2011-06-28,37.64512252807617,37.80439123787801,37.57272916632792,37.587205629373784,2695500
2011-06-29,37.84059524536133,38.08673658924434,37.732002420083724,37.81887778495791,2681800
2011-06-30,37.8840217590332,38.09396359150957,37.724753065348864,38.03604946029764,2460000
2011-07-01,39.29572677612305,39.353643691477025,37.88403648475139,38.079499169994754,4498100
2011-07-05,38.79620361328125,39.37535892589738,38.75276592922365,39.20885194612214,2475800
2011-07-06,38.904788970947266,39.36811313205879,38.390786140686195,38.65864766515304,2441400
2011-07-07,38.861351013183594,39.36811284633254,38.76723743063155,39.17264744947666,2150700
2011-07-08,38.7165641784668,38.73104340459309,38.289436673446275,38.50661954208061,1360500
2011-07-11,38.41249465942383,38.564522335677346,38.28942266319789,38.38353621776726,1881600
2011-07-12,38.303924560546875,38.673135244545186,38.166376023690766,38.303924560546875,1547800
2011-07-13,38.455955505371094,38.868603911677404,38.36184464893692,38.528351658356065,1331100
2011-07-14,37.87678527832031,38.65140586175152,37.64512320261919,38.47766068579057,1737900
2011-07-15,38.53558349609375,38.57178018576231,37.92746972011865,38.02882155584277,2263500
2011-07-18,37.80438232421875,38.57900271112703,37.623396200891975,38.27494458789093,1660700
2011-07-19,38.303924560546875,38.49939001500385,37.94195211043336,37.98538979863401,1620200
2011-07-20,38.02157974243164,38.44870726821503,37.739241723319424,38.41251058195478,1466700
2011-07-21,38.419742584228516,38.56453206741995,38.00709435219223,38.23151818922044,2360200
2011-07-22,38.60072326660156,38.60072326660156,38.217033538012515,38.3401027861904,1429000
2011-07-25,38.18810272216797,38.398047456796995,38.03607491914611,38.31841305665279,1402400
2011-07-26,38.18084716796875,38.36907158705216,38.007099213589406,38.13016849498432,1733800
2011-07-27,37.08045196533203,38.0432970724031,37.073210971126535,38.03605883982774,3003400
2011-07-28,38.079505920410156,38.817930152291886,36.99358841969545,37.10218127441932,3668500
2011-07-29,38.02881622314453,38.1953231815753,37.3410709309918,37.630647169363996,2711500
2011-08-01,38.007102966308594,38.434230519633275,37.45690611943747,38.31115846445651,2574800
2011-08-02,36.55922317504883,38.18086122010926,36.49406801338053,37.85508541176776,4232800
2011-08-03,38.85411834716797,38.93375272165419,36.57369375169299,36.921186944480695,5906000
2011-08-04,36.92842483520508,38.56454170957006,36.79811730554514,38.166372602463134,5696900
2011-08-05,36.18276596069336,37.33383846820583,35.5891313605051,37.283162545870056,7246900
2011-08-08,33.55483627319336,35.58188367468644,33.547598041195556,35.47329086331005,6544800
2011-08-09,35.61808395385742,35.66151887348914,33.33041854503728,34.01816664271809,6201900
2011-08-10,34.29326629638672,35.5167348433889,34.22087291704132,35.031690364557456,5694200
2011-08-11,35.72666549682617,36.19723059926848,33.98920008503901,33.98920008503901,4036000
2011-08-12,36.34203338623047,36.51577861023802,35.82803318623152,35.92214403188955,2701000
2011-08-15,37.2686767578125,37.48585963840726,36.54473198140985,36.54473198140985,2689700
2011-08-16,36.94290542602539,37.16732932744383,36.501298618321954,36.97186388329819,2174300
2011-08-17,36.81258773803711,37.48585654547096,36.559208191854445,37.051490820120705,2109300
2011-08-18,35.002723693847656,36.30582630930036,34.74210593238687,36.066923242590775,4046000
2011-08-19,35.350215911865234,35.85697491923989,34.70590290231987,34.749340572221755,4325700
2011-08-22,35.40813446044922,36.24067195349925,35.133034706678714,36.16103759622649,3186200
2011-08-23,36.7474479675293,36.7836474278021,35.451588481716875,35.57465780942493,3337300
2011-08-24,37.28316116333008,37.37727477059115,36.55921628637221,36.62437143576364,2866300
2011-08-25,36.566444396972656,37.478616235927085,36.45061335919127,37.4134611045732,3665800
2011-08-26,37.54378128051758,37.608936429075335,35.2923123001256,36.421667287916605,3752800
2011-08-29,37.818878173828125,38.282202411400185,37.54377837215836,37.818878173828125,3028100
2011-08-30,38.51386642456055,38.651414951345856,37.65237028892235,37.76096312065789,2764500
2011-08-31,38.99168395996094,39.73734653750221,38.607993936430994,38.88309108910497,6200500
2011-09-01,39.28124237060547,39.80972448785766,39.078538716840896,39.136455624562295,3957300
2011-09-02,38.470420837402344,38.93374500259329,38.16636538960699,38.47766183090025,2729200
2011-09-06,38.405269622802734,38.506621449076086,37.25419732424225,37.95642463717925,2513800
2011-09-07,38.731048583984375,39.071303539378476,38.54282414243191,38.912034792320746,2714200
2011-09-08,38.6658935546875,38.926514137335765,38.521104035257316,38.528345030125536,3773300
2011-09-09,37.92022705078125,38.46318561718338,37.768196553349796,38.28943766081746,4011300
2011-09-12,37.86232376098633,37.87680299269308,37.24697160242049,37.471392789797385,4007200
2011-09-13,38.296669006347656,38.36182412836581,37.60892110985144,37.941934950553396,3053100
2011-09-14,39.208839416503906,39.63596684087071,38.03604993803029,38.513853263455054,3700700
2011-09-15,39.71561050415039,39.75904542288533,39.121976013978404,39.46946917200858,3334900
2011-09-16,39.74455261230469,39.81694595484371,39.16539482547649,39.75179084190699,3759100
2011-09-19,39.968994140625,40.11378366162855,39.02786639654751,39.07854231465419,2584200
2011-09-20,39.92555618286133,40.69293589108258,39.795245900025606,40.18617398690257,3213600
2011-09-21,39.16541290283203,40.43955730799881,39.1219779819122,40.128260820465464,3848800
2011-09-22,37.86232376098633,38.521113614672416,37.26145083412723,38.10846517673888,6830300
2011-09-23,37.85506057739258,38.40525721148392,37.51480576060825,37.57996087953229,3679500
2011-09-26,38.731048583984375,38.803441962666774,37.84783500358114,38.20980742025389,4522500
2011-09-27,39.51290512084961,40.22237063260831,38.95546734126134,39.165409216417174,3825500
2011-09-28,39.06405258178711,39.58529361258229,38.96994176582772,39.56357615684239,3249800
2011-09-29,38.79620361328125,39.73009310829184,38.01434187002669,39.66493796302063,3179000
2011-09-30,38.94823455810547,39.20161692676879,38.40527589020912,38.41251688562754,5541100
2011-10-03,38.26771545410156,39.58529452417153,38.23875700469504,38.91202576443328,6671000
2011-10-04,39.10025405883789,39.13645350501836,36.957378298542494,37.7319989467684,5500000
2011-10-05,39.86040115356445,40.14997741274598,38.694849599160975,38.832398115149935,4987900
2011-10-06,40.24409484863281,40.38888437285373,39.66493951337959,39.845925728248126,3890000
2011-10-07,39.76628494262695,40.736371008436656,39.708368037620986,40.25856758865755,4396600
2011-10-10,40.483001708984375,40.58435632533588,40.09207352100938,40.403370081440286,2469000
2011-10-11,40.01242446899414,40.33095914733394,39.896593425813315,40.2078898721674,2714400
2011-10-12,40.12825012207031,40.77980137846353,40.005178101805136,40.403349848284066,2690300
2011-10-13,39.92555618286133,40.05586646569705,39.556342794283374,39.99794955704552,3015900
2011-10-14,40.417842864990234,40.66398146625912,40.14274304489553,40.28753256924171,2254700
2011-10-17,39.86763381958008,40.40335410478941,39.72284432939135,40.12825434959381,2013000
2011-10-18,40.301998138427734,40.55538042792585,39.19436368570349,39.83867399510857,2028900
2011-10-19,39.80971908569336,40.49746432096214,39.512901877974585,40.22960556317441,3171600
2011-10-20,39.8531494140625,40.37439040633615,39.61424913369006,39.686642488559414,2387800
2011-10-21,40.78705596923828,40.816014428166504,39.67942115072504,40.135504451506584,2846200
2011-10-24,41.438594818115234,41.4675505065603,40.77980526787588,40.83771940639581,2666200
2011-10-25,40.50471496582031,41.21418058840543,40.44679805215764,41.05491183746352,2602100
2011-10-26,40.27304458618164,40.75808621142907,39.71560683368319,40.729127760528655,3570000
2011-10-27,41.11281967163086,41.44583356675599,40.18616858908593,41.3300025266416,2889400
2011-10-28,40.772552490234375,41.134524726661624,40.58432814240897,40.99697627100571,2094100
2011-10-31,39.88935089111328,40.64949501685185,39.85315420932331,40.4250711711463,2848000
2011-11-01,41.20692443847656,41.98878591559037,38.38354221492314,38.72379705347779,6614600
2011-11-02,41.04766845703125,41.64854117196958,40.19341341903643,41.43135829622838,3805100
2011-11-03,41.568904876708984,41.988794143728654,40.75808755615544,41.554428412411035,4083900
2011-11-04,41.93088150024414,41.95983995504219,41.12730509182523,41.453078042597376,2449100
2011-11-07,42.22770690917969,42.300100293784425,41.31553479802859,41.95260707674659,2877200
2011-11-08,42.249412536621094,42.40868125209122,41.66301634372367,42.38696103348995,2225300
2011-11-09,41.395164489746094,42.227702126562214,41.2938126581261,41.46031963316327,2996800
2011-11-10,40.99699401855469,41.84400809288388,40.736373453644106,41.80781140589745,2799100
2011-11-11,42.119102478027344,42.29284765791036,41.358961102372014,41.51822705699313,2019500
2011-11-14,41.525489807128906,42.18427971274444,41.43137617443203,41.923659044741584,1461600
2011-11-15,42.28561019897461,42.42315869903187,41.272086505156146,41.33724163921062,2409400
2011-11-16,41.387916564941406,42.08290556556253,41.286564750292236,41.87296094285792,1986900
2011-11-17,41.21418380737305,41.938128714916395,41.04043581444515,41.742663258484015,2625600
2011-11-18,41.091102600097656,41.445836741033325,40.98975077743891,41.39516082970395,2906400
2011-11-21,40.4685173034668,40.89564486576208,40.200655726657125,40.707417662510395,1887900
2011-11-22,40.540897369384766,40.96078656057839,40.215121748912026,40.42506634450884,2700600
2011-11-23,40.12101745605469,40.42507569268494,39.83867944023166,40.236851269346296,2335200
2011-11-25,40.338199615478516,40.70017196590706,39.96174803963725,39.96174803963725,1536400
2011-11-28,40.9390754699707,41.35172376067087,40.70741336858219,41.19245779198507,3212600
2011-11-29,41.80057907104492,41.95984506858302,40.99699980306557,41.08387241641641,3044400
2011-11-30,42.712738037109375,43.15434475359112,42.19873795403026,42.640344670512,5434300
2011-12-01,42.423160552978516,43.01679501735967,42.26389458848627,42.55347082678219,2450500
2011-12-02,42.770652770996094,42.98059462813529,42.53898793404531,42.770652770996094,2771700
2011-12-05,42.80685043334961,43.205019461829515,42.67654016779184,42.973357381200124,3416800
2011-12-06,42.886478424072266,43.067464570295066,42.582420262370654,42.7489271855001,1937800
2011-12-07,42.9299201965332,43.12538559710572,42.32180653751756,42.71273733866259,1801600
2011-12-08,42.10701370239258,42.886233557967095,42.056036910198124,42.726019195054896,3152100
2011-12-09,42.66775894165039,42.73330092501498,42.21624904404253,42.27450704146289,2231000
2011-12-12,42.34733200073242,42.52210876685154,41.997772912440965,42.492978379822816,1981500
2011-12-13,42.332763671875,43.00274585575426,42.18711452554538,42.536670809920615,2596400
2011-12-14,42.230812072753906,42.58036837343457,42.034186132741056,42.32548166096168,2160600
2011-12-15,42.820674896240234,42.90806325196822,42.17253926670832,42.39829552853351,3381500
2011-12-16,43.06828689575195,43.26491282231538,42.28906717457078,43.11198247210817,8009000
2011-12-19,41.640926361083984,43.446968294673084,41.50256121975362,43.28675397879771,4567800
2011-12-20,43.548912048339844,43.679995954005115,42.41285523660796,42.46383200236386,3892600
2011-12-21,43.25034713745117,43.69457576891939,43.1629587637607,43.3158891122256,2997100
2011-12-22,43.68730163574219,43.91305520249846,43.323180112043154,43.323180112043154,3129000
2011-12-23,44.01499557495117,44.01499557495117,43.570769782901046,43.75283049011084,1334600
2011-12-27,44.2043571472168,44.29174554220274,43.76740961623311,43.87664719348578,1393200
2011-12-28,43.74555206298828,44.182496704585134,43.46881897502959,44.073261933199056,1581800
2011-12-29,44.12424087524414,44.21891323750045,43.81109618149562,43.82566137399863,1476000
2011-12-30,43.70186996459961,44.35728990714255,43.64361195749976,44.32087830545175,4859400
2012-01-03,42.827972412109375,44.16065567564634,42.223529380442415,44.022290503855565,7842100
2012-01-04,43.44697189331055,43.57077463256661,42.281784348686465,42.47112628292804,5177900
2012-01-05,43.949462890625,44.044135256214574,42.62406088447705,43.33045746659849,4773200
2012-01-06,43.87664031982422,44.37184577721125,43.68001437838879,43.949463507899615,6464100
2012-01-09,44.00044250488281,44.124245264460285,43.70186297393639,44.124245264460285,2552800
2012-01-10,44.64857482910156,44.80150517695839,44.03685065964794,44.17521581560988,3292600
2012-01-11,45.333126068115234,45.354972468818126,44.68499025234852,44.73596703933962,2905700
2012-01-12,45.478763580322266,45.52245637054399,44.5757412827203,45.442351995795555,3272900
2012-01-13,45.384098052978516,45.45692123296702,44.874327458980225,45.31855607977836,2840600
2012-01-17,45.02726364135742,45.85746017295295,44.918026085925824,45.79191819529928,3123600
2012-01-18,45.45692825317383,45.50062383473087,44.925311178683174,45.02726753564961,2369500
2012-01-19,45.296722412109375,45.63171357904835,45.10737764608159,45.566171587427505,2265800
2012-01-20,44.794227600097656,45.44236623102201,44.597604426454275,45.303998277239344,3636600
2012-01-23,45.0127067565918,45.216613934470296,44.626736026715704,44.93988078018737,2396200
2012-01-24,45.49333953857422,45.522467146274955,44.71411977754312,44.83791974984409,2158600
2012-01-25,45.85745620727539,46.16331689119123,45.34040163804317,45.49333475802728,2358000
2012-01-26,45.26029968261719,45.93756583682081,44.998131780599486,45.886586275405065,2855100
2012-01-27,45.886573791503906,46.039506878091494,45.01996593162702,45.20931059958285,2792700
2012-01-30,45.77735900878906,45.79192420329269,45.33313029952231,45.52975625828104,1844000
2012-01-31,46.25070571899414,46.338096867857615,45.733653922669866,45.87930305941612,3063700
2012-02-01,46.13420486450195,46.491045249077054,46.00312086837456,46.396372856756756,3533400
2012-02-02,46.04680252075195,46.367228426495274,45.879306971520684,46.214298069983215,2507000
2012-02-03,46.14876937866211,46.440067760862505,46.010404175031915,46.29441856976231,3486500
2012-02-06,45.97398376464844,46.14147933001743,45.89387658598789,45.93757216835547,2618000
2012-02-07,46.14876937866211,46.22887657266858,45.77736658048251,46.01768538447466,2046700
2012-02-08,46.49830627441406,46.49830627441406,45.87930094431235,46.17059920437556,1759300
2012-02-09,46.454620361328125,46.622113135339895,45.981261313113436,46.54200874108146,2247800
2012-02-10,46.09050369262695,46.47647162343603,46.00311252570555,46.15604567880461,2213800
2012-02-13,46.614845275878906,46.88429168370466,46.21430932363216,46.25800491243011,2553100
2012-02-14,46.88429260253906,46.9862462003719,46.272571015542034,46.57115059977843,2461700
2012-02-15,46.27983474731445,47.00808040972957,46.024950848988766,46.93525167644885,3502700
2012-02-16,45.55888366699219,45.9885471536483,44.96900582930364,45.872028383268336,5265100
2012-02-17,45.51519012451172,45.87931164550781,45.51519012451172,45.77007407799829,3133900
2012-02-21,45.87202453613281,46.22158081795658,45.58072624559982,45.631703029739136,3767100
2012-02-22,46.06865692138672,46.25800168159282,45.68268897039058,45.95942212406191,3223100
2012-02-23,46.54201889038086,46.54201889038086,45.500630979636924,45.93029454265734,3791600
2012-02-24,46.72406768798828,46.89156044559592,46.41092023698638,46.62210856920443,2774400
2012-02-27,45.95213317871094,46.16332431998689,45.624426044072585,45.624426044072585,3380400
2012-02-28,45.347694396972656,46.14876062910499,44.98357287727128,46.14876062910499,3949100
2012-02-29,45.57344436645508,45.653548756045424,45.172908528371636,45.62442114984273,3053800
2012-03-01,45.908424377441406,45.95940114853295,45.48604224208212,45.595279767578674,2804400
2012-03-02,45.58071517944336,45.93027137640133,45.52245442427085,45.90842498222449,2089500
2012-03-05,45.79921340942383,45.93029740482078,45.42052662028011,45.48606861797858,2016800
2012-03-06,45.28215789794922,45.500630280631235,45.121943520903116,45.35498109950087,2589100
2012-03-07,45.28215789794922,45.456934692884005,45.07825071118295,45.238462310201996,2139900
2012-03-08,45.471492767333984,46.046805414782106,45.391388369383456,45.486057960968616,3171500
2012-03-09,45.31126403808594,45.56614788512371,45.15104974679043,45.4641943463086,3630400
2012-03-12,45.151058197021484,45.47148406155611,45.03453944827925,45.34040012196783,3152600
2012-03-13,45.07823181152344,45.35496208381844,44.8524755365214,45.33311568811776,5229500
2012-03-14,45.85017395019531,46.04679987356115,45.3112757406975,45.46420608841772,4741200
2012-03-15,46.00311279296875,46.09778516867022,45.77007523587807,45.77007523587807,2227900
2012-03-16,46.126922607421875,46.30170219096498,45.97399220808869,46.22159499759219,2656500
2012-03-19,46.49830627441406,46.60754381644429,46.156034013569794,46.27255276198986,1724100
2012-03-20,45.82831573486328,46.35993260035947,45.74820858918122,46.27982545467741,2733700
2012-03-21,45.471492767333984,46.003109833878206,45.43508117226072,45.828333066315885,3359500
2012-03-22,45.136505126953125,45.59529903871479,45.136505126953125,45.36226147865134,2787200
2012-03-23,44.96900177001953,45.26030005868769,44.619445490433556,45.1364973136945,3381900
2012-03-26,45.347694396972656,45.500624768520815,45.012703265573805,45.151068442970704,2416400
2012-03-27,45.22388458251953,45.50790165713335,45.07823821977558,45.28214535003815,2255000
2012-03-28,45.340415954589844,45.427807130182615,45.034555174096376,45.1365087675942,1962800
2012-03-29,45.427791595458984,45.47876837477561,44.888890642363904,45.136493332484434,1994100
2012-03-30,45.893856048583984,45.973963191396756,45.36952040691892,45.624407022961876,2545300
2012-04-02,46.614845275878906,46.62940769411776,45.76279935149516,45.92301373239386,2731900
2012-04-03,46.05409240722656,46.60755591134195,45.97398522601965,46.60755591134195,2714800
2012-04-04,45.624420166015625,45.90843446105854,45.43507545063616,45.84289248696969,2076200
2012-04-05,46.177894592285156,46.22887138674759,45.43508630122638,45.52247469487243,2577000
2012-04-09,45.52028274536133,45.732175583770314,45.24993834405904,45.607961483329696,1719000
2012-04-10,45.02344512939453,45.790640583064686,44.97960714117533,45.366857569152394,2588500
2012-04-11,46.09750747680664,46.13404005247091,45.38145840221089,45.388763802441,2594200
2012-04-12,46.623592376708984,46.66743035908276,45.98060835840669,46.17788764086048,1903700
2012-04-13,46.14866638183594,46.44093264235853,46.046374026830314,46.20712074884351,1855200
2012-04-16,46.557838439941406,46.80626113715473,46.33133194939926,46.44823789578219,2945200
2012-04-17,47.02547073364258,47.091227727326164,46.29480773973827,46.74781801552667,2404200
2012-04-18,46.83547592163086,47.06928775249884,46.79894613292528,47.032757963793266,2142700
2012-04-19,46.65281295776367,47.05467967840668,46.31670877982319,46.908543791575546,1678900
2012-04-20,46.76241683959961,47.135056409654226,46.72588425889512,46.72588425889512,2118200
2012-04-23,46.126747131347656,46.52861114688842,45.841789061914334,46.4263187924516,2021300
2012-04-24,46.41900634765625,46.66012640723128,46.01714236895523,46.25095423973609,1683900
2012-04-25,47.30310821533203,47.31041640421227,46.80625728725701,46.80625728725701,2181400
2012-04-26,47.39078140258789,47.43461937911039,46.981612089674506,47.281180886767864,2071800
2012-04-27,47.56615447998047,47.62460885085333,47.164293222889754,47.49308930364722,1836100
2012-04-30,47.9168701171875,47.924172731895816,47.420019165784716,47.60999306398682,1826200
2012-05-01,47.8072624206543,48.31142148581315,47.71958088664409,47.96070092428651,2528900
2012-05-02,48.165287017822266,48.20913057337891,47.4346242697078,47.59537096621528,2429300
2012-05-03,48.990943908691406,50.06501356268297,48.49409297218893,48.95440853818531,5188100
2012-05-04,48.54523849487305,49.38549626009086,48.22374507718044,48.80096936143998,2692800
2012-05-07,49.13706970214844,49.2101348618956,48.150676109275835,48.53792647299872,2052800
2012-05-08,49.50239562988281,49.5389309929945,48.74981397569757,49.00554479393812,3172000
2012-05-09,48.95439910888672,49.45124994968881,48.82287960471812,49.2101299296274,3270900
2012-05-10,49.34894943237305,49.56814485327132,48.932472000702155,49.319722261350705,2405400
2012-05-11,49.407413482666016,49.8385017972978,48.983627781340076,49.03477394705086,2036600
2012-05-14,49.100528717041016,49.677752889673265,48.852106087421774,49.15898306795627,2269700
2012-05-15,49.51701736450195,49.75082924631008,49.00555561508259,49.02747460798414,2603200
2012-05-16,48.8228759765625,49.64852272917324,48.793648802862116,49.611992942932794,3087800
2012-05-17,47.34695053100586,48.932487430986605,47.33233415362914,48.917871053609886,3655300
2012-05-18,47.069297790527344,47.75612262902451,46.94508644831423,47.463856384482206,2607400
2012-05-21,47.8657341003418,47.946107475311535,46.98163255019097,47.36888304349083,2066900
2012-05-22,47.54422378540039,48.19451317142725,47.33233092401316,47.84379818152126,3516700
2012-05-23,47.624595642089844,47.71957978752749,46.8939329323766,47.27387508864129,2382500
2012-05-24,48.1141357421875,48.486775265042496,47.74149621933251,47.807258758431054,2368200
2012-05-25,48.04108810424805,48.29681901727624,47.8218869933577,48.13607227922543,1570800
2012-05-29,48.45026779174805,48.67677714068282,48.048406436313826,48.32605640413294,2033800
2012-05-30,47.63191223144531,48.326039698298594,47.63191223144531,48.165292981886665,2195200
2012-05-31,47.4054069519043,47.785354781686934,46.872026156557276,47.66844604190288,3408900
2012-06-01,46.141357421875,46.88663103295406,46.11213024062477,46.4847670461643,2550000
2012-06-04,46.09750747680664,46.302092130332035,45.695643569985954,46.21441339128641,2215600
2012-06-05,46.82817077636719,46.96699847620337,46.009832102421186,46.009832102421186,2247900
2012-06-06,48.07029724121094,48.07029724121094,47.01083303573678,47.14235253798482,2515300
2012-06-07,47.74150466918945,48.64022236584336,47.67574769296624,48.43563767379591,1827600
2012-06-08,48.44293975830078,48.47216136104122,47.368864685882485,47.507686809698804,2424400
2012-06-11,47.96070098876953,48.954402744164454,47.90955482082336,48.83019141836864,1980100
2012-06-12,48.508689880371094,48.58906321284965,47.668426770058254,47.858400608145146,1908700
2012-06-13,48.384490966796875,48.844806518823454,47.98993239026779,48.27489043311968,2011800
2012-06-14,49.100528717041016,49.24666459432915,48.07760544859269,48.33333626570477,2115200
2012-06-15,49.50971221923828,49.56816100581653,48.87403358501061,49.10784545486768,2867300
2012-06-18,50.1380729675293,50.27689508013218,49.34895596894127,49.52431344378963,2164200
2012-06-19,50.40841293334961,50.919880115511646,50.203828290290176,50.254974451055034,2461300
2012-06-20,50.028472900390625,50.44495039093172,49.64852519790638,50.4084150283612,2410000
2012-06-21,49.04938888549805,50.386503069098055,49.00555090390934,50.284210729048105,2482200
2012-06-22,49.582767486572266,49.6850598108099,49.01285151595867,49.30511768857204,1967600
2012-06-25,49.21745681762695,49.51702572874184,48.947109518973484,49.05671007650954,1635300
2012-06-26,50.08692169189453,50.24036016353705,49.1882042728306,50.13806784910871,2815600
2012-06-27,50.876041412353516,50.985641931433776,50.01385920984358,50.36457975599761,2571600
2012-06-28,51.07395553588867,51.13992093398981,50.069772713607904,50.66348925743633,1947100
2012-06-29,51.2425537109375,51.7849564901372,50.934698346140834,51.44778689267875,2903300
2012-07-02,52.407962799072266,52.48125953070447,51.38912313049285,51.40378023994642,2208500
2012-07-03,52.35665512084961,52.67916745430356,52.188067603221704,52.503248585774735,1066200
2012-07-05,52.20273208618164,52.35665690725961,51.8508999293017,52.27602882114509,1596500
2012-07-06,51.887569427490234,52.048825656699606,51.57238832281311,51.62369661463569,1858400
2012-07-09,52.642520904541016,52.73048034651248,51.80692577845169,52.11477543707772,2335600
2012-07-10,51.235206604003906,52.90639696114436,51.088607524844086,52.72315230633189,3898900
2012-07-11,51.455108642578125,51.59437640169387,50.604856157064354,51.23521836165176,3277400
2012-07-12,52.10744094848633,52.34932520520852,50.9200193103635,51.25718876268124,3436700
2012-07-13,52.88441467285156,52.88441467285156,52.048819396705355,52.08546497663727,2675700
2012-07-16,52.979698181152344,53.08231474914327,52.68650559024247,52.88441296578464,2232300
2012-07-17,53.529415130615234,53.53674648090173,52.913715918911414,53.25088533372757,2019600
2012-07-18,51.38180923461914,53.03834277472321,50.912703282194215,52.9943658392409,6416800
2012-07-19,51.68964767456055,51.85823521071767,51.073948343585656,51.3158326202613,2912200
2012-07-20,51.98283386230469,52.114770215952454,51.45508844771363,51.5283907714374,2668900
2012-07-23,51.264530181884766,51.696984914730024,51.09594262652494,51.5577171773538,2189000
2012-07-24,50.67814254760742,50.98599223322271,50.31898458105625,50.89803837572303,2849400
2012-07-25,50.766117095947266,51.13260652368431,50.436273255673,50.92737333890114,2504400
2012-07-26,52.06348419189453,52.39332801305053,51.418464849650206,51.418464849650206,3141800
2012-07-27,53.01634216308594,53.17759834582926,52.305352043999164,52.305352043999164,2620400
2012-07-30,52.8550910949707,53.45613336651328,52.7744629957969,53.04566711048908,1914900
2012-07-31,53.00165557861328,53.368144704378125,52.68647470676831,52.847730816853684,3952900
2012-08-01,52.45194625854492,55.42784314500591,51.30850144442483,51.938863480973815,9242300
2012-08-02,52.91373825073242,52.928395365309584,52.07814291523132,52.36400418305095,2667200
2012-08-03,53.55875015258789,53.807965803481125,53.258231811662235,53.331528558801416,2613000
2012-08-06,53.14094543457031,53.77130744158258,53.11162562119967,53.77130744158258,1568500
2012-08-07,51.68964767456055,52.76712709594945,51.49174591594229,52.510585708043244,4340600
2012-08-08,51.33781433105469,51.88754820091469,51.27917470947925,51.76294319920346,2784200
2012-08-09,51.51374816894531,51.63102745891649,51.191235713708906,51.359823294996396,2312500
2012-08-10,51.68232345581055,51.777608662107006,51.24253740740558,51.52839861847796,1589600
2012-08-13,52.19539260864258,52.44460817933642,51.60901322804695,51.63832744372242,2304500
2012-08-14,52.320003509521484,52.45193986369472,52.06346215201301,52.23204966819411,1503400
2012-08-15,52.18806838989258,52.73780227992171,52.12943435834803,52.33466744920973,1353500
2012-08-16,52.078147888183594,52.18076447657495,51.65301882645675,52.107462120137136,1827900
2012-08-17,52.20273208618164,52.30534863356696,51.88755109287463,52.30534863356696,1883500
2012-08-20,52.268714904785156,52.268714904785156,51.594375770696494,52.19541814537279,1499900
2012-08-21,51.43310546875,52.569224501359955,51.33048891521936,52.363991394298665,2397400
2012-08-22,51.21320724487305,51.63100474527425,51.14723627524029,51.33781224151262,1976800
2012-08-23,50.72944641113281,51.147243974425,50.71478930022025,51.13258686351244,2048400
2012-08-24,50.89804458618164,51.10327773496723,50.48024693552986,50.57553215684206,3588500
2012-08-27,50.9420166015625,51.059295870792525,50.604847090801215,50.9420166015625,2470500
2012-08-28,50.934688568115234,51.27918945369706,50.6488273209694,50.751443892140536,1881100
2012-08-29,51.125244140625,51.323145850932086,50.80273185045489,50.81739455028888,1222200
2012-08-30,51.39645767211914,51.455091705755734,50.8100725982931,50.84672376247567,1386400
2012-08-31,51.6016960144043,51.68964986988889,50.95667124920753,51.50640521471855,1956800
2012-09-04,51.880226135253906,51.98284269528531,51.1912244388861,51.660335903265086,1517200
2012-09-05,51.99750900268555,52.05614304663589,51.52840309798186,51.97552053718123,1717700
2012-09-06,52.510589599609375,52.61320616237678,52.08546064403968,52.16608874224025,2100600
2012-09-07,52.71583557128906,53.00902821872161,52.47395121774336,52.701178455400516,2022100
2012-09-10,52.334678649902344,52.85509283944733,52.25405054806742,52.70849934093848,1832500
2012-09-11,52.583866119384766,52.69381399211119,52.27601654949566,52.305336355034775,1282900
2012-09-12,52.73781967163086,52.82577913622815,52.36400452950676,52.79645931469572,1358700
2012-09-13,53.35352325439453,53.65404163041497,52.708503975187135,52.708503975187135,2357300
2012-09-14,52.30535888671875,53.58074022007299,52.092794399129126,53.44147807399831,3215000
2012-09-17,52.180747985839844,52.51058611683231,52.07080007811473,52.180747985839844,1972500
2012-09-18,52.12210464477539,52.37864601641188,52.04880790890532,52.29801792930006,1843800
2012-09-19,51.79225540161133,52.24669842160718,51.770261352614924,52.12209343820066,2898000
2012-09-20,51.887569427490234,51.98285465739377,51.447783270127466,51.61636526089407,2675400
2012-09-21,51.6090202331543,52.28335912885179,51.60168888214954,52.0927831480043,3795500
2012-09-24,51.968196868896484,52.02683651370107,51.30851484530569,51.52841071723073,1882200
2012-09-25,51.37446975708008,52.46661194777754,51.35248129281612,52.01216318165075,3240500
2012-09-26,51.83626174926758,52.52526361234193,51.33050458661219,51.38181287904213,2232700
2012-09-27,52.25542068481445,52.4907389967559,51.850970316706615,51.968626667461784,1638700
2012-09-28,52.498085021972656,52.615746962427345,52.034803754900096,52.08627945124149,2604000
2012-10-01,52.26276779174805,53.27757680143326,51.998034030885776,52.65986843304145,2236000
2012-10-02,52.69666290283203,52.69666290283203,51.8068594887619,52.27749625084394,2860300
2012-10-03,53.432003021240234,53.674670930563394,52.60838635288083,52.86576480848391,2140600
2012-10-04,52.887821197509766,53.67466705376687,52.82899023749841,53.52023999155893,2667600
2012-10-05,53.54964828491211,53.66731018914395,53.042241141161995,53.22608365870295,2135800
2012-10-08,53.32170104980469,53.51289328480216,52.931955695593636,53.468772862945826,1357700
2012-10-09,52.68191146850586,53.54964837721196,52.630435787922806,53.306974907136805,1555200
2012-10-10,53.35111618041992,53.41729681276517,52.62309556204215,52.740757500118164,1842000
2012-10-11,52.703983306884766,53.49082923258793,52.52749602170331,53.38787784869627,2701200
2012-10-12,53.07167053222656,53.17462192020833,52.681925190519884,52.799587125601825,1576100
2012-10-15,55.4101676940918,55.65284131278308,52.99079800418137,53.15258041664222,5277800
2012-10-16,54.97628402709961,56.049923968963334,54.93951326871132,55.586637099163006,2319200
2012-10-17,54.99834060668945,55.182183165632615,54.50564389522488,54.50564389522488,2845100
2012-10-18,55.51310729980469,55.55723333681093,54.80715242244176,54.96893480045984,1753500
2012-10-19,54.299720764160156,55.51308244562178,54.285015832028826,55.45425710666832,2531700
2012-10-22,54.093833923339844,54.285031759715,53.32904818826902,54.00559308380499,1910200
2012-10-23,53.998226165771484,54.25560457629471,53.27756100587791,53.67466152944026,1993800
2012-10-24,54.04972839355469,54.2335710071382,53.799705132088135,54.093848825476705,1454300
2012-10-25,53.91736602783203,54.395357985487976,53.15993529375239,54.321822055948246,1996500
2012-10-26,53.95412826538086,54.2262117226931,53.43201595465554,54.01295363345078,1552200
2012-10-31,55.36602020263672,55.45426664188284,53.04960306889512,53.60113069071792,2992600
2012-11-01,54.84392166137695,55.5498765191293,53.85117281798867,55.27778747179986,2418000
2012-11-02,54.76302719116211,55.55722846242663,54.667425461395176,55.18218803814669,2650500
2012-11-05,54.41004180908203,54.71154629673349,53.85116447315141,54.24825946062805,2295900
2012-11-06,54.248268127441406,54.785090950309026,53.96147414042859,54.43211071452298,2115100
2012-11-07,55.32926559448242,55.9175641402539,54.43946811156535,54.44682338625594,5049000
2012-11-08,54.7703857421875,55.57929199927645,54.74831991908475,55.3954494131003,2403400
2012-11-09,55.03510284423828,55.25571614748503,54.52770122345774,54.52770122345774,1956700
2012-11-12,54.96157455444336,55.32925970379687,54.240914803551334,55.24836852210469,1933900
2012-11-13,54.58653259277344,55.49103479988551,54.57182204688496,54.77037514337354,1319500
2012-11-14,54.005592346191406,54.880679118728786,53.84380999534744,54.704191831639776,1778200
2012-11-15,53.204044342041016,54.26297945414927,52.77017852331535,53.968830188515795,1977800
2012-11-16,54.314449310302734,54.44681618507282,53.204038616977556,53.26286958585981,3547500
2012-11-19,54.20414352416992,54.93215854198166,54.057071710012224,54.865977908739715,2262700
2012-11-20,54.233558654785156,54.615948735355104,53.73350663531367,54.24091392857402,1882300
2012-11-21,54.505645751953125,54.53506123563762,54.11589480095588,54.248261672321206,1517900
2012-11-23,55.13806915283203,55.152774090666874,54.43210870729283,54.623306561727624,727000
2012-11-26,54.674781799316406,55.071882442676404,54.38798782529478,54.851269103999655,1407000
2012-11-27,54.5644645690918,55.0203960959113,54.13795413286038,54.527699426715024,1831400
2012-11-28,54.57181930541992,54.601234785289755,53.954111059440805,54.4320971786455,1627600
2012-11-29,55.07924270629883,55.17483883615587,54.55713040859203,54.77773815682307,1350000
2012-11-30,55.10129165649414,55.50574752788662,55.005695546178465,55.09393638326074,2178200
2012-12-03,55.06452178955078,55.4836826037461,54.84391408285466,55.15276823848706,1509800
2012-12-04,55.02774429321289,55.54985637543608,54.821841569004135,55.152755859992716,1485900
2012-12-05,54.865966796875,55.14540543135266,54.06441042389151,55.12334522473981,1959200
2012-12-06,55.13806915283203,55.16012936479945,54.67478225979504,54.89539560032983,1613900
2012-12-07,55.48366928100586,55.564560437166435,55.042448363129886,55.16011026679194,1510800
2012-12-10,55.24102783203125,55.59400249090728,55.182196852074895,55.57929755113371,1694500
2012-12-11,55.30718231201172,55.851354593094094,55.204230951007716,55.43954914907807,1843000
2012-12-12,56.02786636352539,56.24112442914839,55.255725284905225,55.4175076526489,2310200
2012-12-13,56.13114547729492,56.80244985896298,55.8877106838722,56.05000429826051,2411000
2012-12-14,56.55900573730469,56.588514176913925,55.96885382959812,55.96885382959812,2617500
2012-12-17,56.72867965698242,56.77293950372014,56.21229038968428,56.765560986544,2539400
2012-12-18,56.65488815307617,56.9204583809935,56.24177578289519,56.89832283853602,2569800
2012-12-19,56.16063690185547,56.80243264751625,56.15326401482438,56.77292421491779,2334500
2012-12-20,56.99425506591797,56.99425506591797,56.00574191824647,56.204922502611346,2085600
2012-12-21,56.63277053833008,56.8245725699112,56.29343194593827,56.706544446894455,2731000
2012-12-24,56.80244445800781,56.9426081349541,56.47785726009396,56.632772342327605,779900
2012-12-26,56.278682708740234,56.83195327532852,56.13851903086024,56.78769343101242,1206500
2012-12-27,56.278682708740234,56.6844110806761,55.59262698104438,56.300812630898285,1612800
2012-12-28,55.98360824584961,56.58113870263062,55.96147832199249,55.96147832199249,1243900
2012-12-31,57.00161361694336,57.00161361694336,55.917208151026024,55.98359791034073,1713100
2013-01-02,58.31470489501953,58.31470489501953,57.717169010421976,57.827824220766544,3119400
2013-01-03,56.890968322753906,57.886854184938905,56.654906447064434,57.813085904065765,4443700
2013-01-04,56.839324951171875,57.10489524142413,56.51473779016166,57.008991419402804,2231800
2013-01-07,56.772918701171875,56.94259076509505,56.58849523646115,56.58849523646115,1764500
2013-01-08,57.00161361694336,57.13439876373141,56.684404967847385,56.78768730704577,2200000
2013-01-09,57.34096145629883,57.50324942098516,57.07539114585355,57.193419268185345,1529000
2013-01-10,58.03438186645508,58.18192403378399,57.47373851507979,57.658162003122285,2949800
2013-01-11,58.11553192138672,58.314712451448344,57.93848693878857,58.13028895302904,1798800
2013-01-14,58.056522369384766,58.307341285494154,57.82783900352913,58.20406456361359,1094300
2013-01-15,58.51388931274414,58.52126782881238,57.72455693820431,58.01963567118789,2038700
2013-01-16,58.056522369384766,58.50651621250403,57.938494242160935,58.462256368314996,1767500
2013-01-17,58.18195724487305,58.366380838187155,57.97539809270565,58.093431893944164,1927100
2013-01-18,58.53602600097656,58.55815592358132,58.086032147482086,58.22619582819133,1835000
2013-01-22,58.46226119995117,58.639306219498486,58.25570773911936,58.62455481293608,1729500
2013-01-23,58.255699157714844,58.565529303322776,58.137665409963894,58.27045056210427,1698900
2013-01-24,58.742584228515625,59.00078168833506,58.27783893152831,58.27783893152831,2309100
2013-01-25,58.941741943359375,58.956493344521384,58.425352852166796,58.794199790951076,1709600
2013-01-28,58.189300537109375,58.816344937947065,58.0934023435048,58.816344937947065,1961100
2013-01-29,57.99748992919922,58.32944989564658,57.90896464500658,58.20404329749155,1857200
2013-01-30,56.76555252075195,58.38110422365636,56.71391416453924,58.38110422365636,3551300
2013-01-31,56.175411224365234,56.91310538193231,55.60001068196847,56.8540884985686,4192300
2013-02-01,56.544254302978516,56.88359291607401,56.359830776633615,56.514745863384206,3043000
2013-02-04,56.40408706665039,56.6401489403659,56.175403709408215,56.25655050613783,2717400
2013-02-05,56.603271484375,56.78769501170455,56.463107802593534,56.64753132992308,2993200
2013-02-06,56.02785873413086,56.48523105402633,55.82868382452918,56.359824421011986,2096100
2013-02-07,55.98360824584961,56.4114722009529,55.81394174417189,56.15328037568701,3342700
2013-02-08,56.84669494628906,56.861451977306935,55.732781115245835,55.8876961719838,1941100
2013-02-11,56.34507751464844,56.713924592029855,56.249179300666775,56.66228622632285,1257100
2013-02-12,55.762298583984375,56.485241333688485,55.65902185233519,56.33770475366386,2150700
2013-02-13,54.58934783935547,55.843425200618114,54.28689064305414,55.799165368245326,4744000
2013-02-14,54.20576095581055,54.53034250877877,53.52707815634844,54.34591899734907,4252600
2013-02-15,55.45983123779297,55.518848104393086,54.264765015852355,54.345911800387974,3591300
2013-02-19,55.0467414855957,55.6959103348846,54.574617662811065,55.60001211806144,2622400
2013-02-20,54.55246353149414,55.13524240793298,54.53033361423765,54.980327358979565,2179700
2013-02-21,54.42707824707031,54.67789720665176,54.26478461936941,54.39756980311013,2294700
2013-02-22,54.97295379638672,55.3196708730623,54.70001062142309,54.736891944120565,2464000
2013-02-25,54.33855056762695,55.83606870280166,54.33855056762695,55.18689428728282,3727600
2013-02-26,55.703269958496094,55.9024448422351,54.463943937014484,54.515582286736304,4046200
2013-02-27,57.097503662109375,57.606508578504666,55.52621219958874,55.703262771354936,4956300
2013-02-28,57.245052337646484,57.76881439369695,56.89096237520939,56.979482051739424,3004400
2013-03-01,57.63603210449219,57.68029757310742,57.00161479320863,57.200795331580245,2246600
2013-03-04,58.17454528808594,58.20405372143491,57.39259150289185,57.53274952610173,1470900
2013-03-05,58.0196418762207,58.536025493048676,57.77620147336209,58.51389557063595,1715100
2013-03-06,57.17130661010742,58.270469509694166,57.068029861322664,58.122932905190424,2074000
2013-03-07,57.21555709838867,57.45161900384258,56.92785682699672,57.045890593803556,1817300
2013-03-08,56.90571975708008,57.59177546305709,56.66965788126858,57.46636882269203,2022600
2013-03-11,56.72867965698242,57.14916508546943,56.49999064979857,56.898346154916716,1712600
2013-03-12,56.08687973022461,56.88359068352376,55.909834727766736,56.68441013111939,2455600
2013-03-13,56.153282165527344,56.315570155038934,55.88771181445769,56.05000543212913,2722400
2013-03-14,56.367210388183594,56.68441345662368,56.21966818734688,56.249176627514224,1640700
2013-03-15,55.74015426635742,56.160639601823995,55.51884945346667,56.101628361948116,2912500
2013-03-18,55.36393356323242,55.69589359165449,55.24589982893946,55.378684965939925,2249500
2013-03-19,54.9803352355957,55.563114195524875,54.52296853835016,55.49672443424425,2729200
2013-03-20,55.56311798095703,55.60000493628741,54.99509601471983,55.06148578052348,1771600
2013-03-21,56.278682708740234,56.81719624178366,55.47459322532244,55.48197174209487,3336500
2013-03-22,56.603271484375,56.854084780026675,56.27868427526399,56.44097787981949,1799600
2013-03-25,56.25654983520508,56.86145873114668,56.123764681063804,56.72129506062007,1847800
2013-03-26,55.98360824584961,56.77294075632514,55.9245913634575,56.52212744839819,2459500
2013-03-27,56.69916915893555,56.90572260709556,55.67377480688451,55.67377480688451,1741400
2013-03-28,56.743431091308594,56.95736306424624,56.27130729867365,56.736058202288355,2008900
2013-04-01,57.35572052001953,57.35572052001954,56.507371116599515,56.780319979938405,1722500
2013-04-02,58.07865905761719,58.18193578152133,57.304078000176794,57.451614569137185,2103900
2013-04-03,57.554901123046875,58.10079890338668,57.16392408318208,58.04178201445909,2315500
2013-04-04,57.96799087524414,58.18192279218714,57.658160772702466,57.658160772702466,1989200
2013-04-05,57.407352447509766,57.6360358087774,56.986867051672334,57.370465492652805,2206300
2013-04-08,58.47316360473633,58.47316360473633,57.49614388177862,57.5627561677192,1628800
2013-04-09,58.68783187866211,58.79885803871605,58.051287917846295,58.53239751339663,2319200
2013-04-10,59.11714172363281,59.198560547324014,58.76185907052339,58.82847703855537,1855800
2013-04-11,59.4502067565918,59.753677904201034,59.080123296790546,59.146741256008,1396500
2013-04-12,59.70925521850586,59.716658467774124,59.11712515861063,59.39098326426575,1617200
2013-04-15,58.79146957397461,59.901720159674475,58.79146957397461,59.6796677837239,1919400
2013-04-16,59.65005874633789,59.672268500929576,58.55461469492121,59.07272936153365,1598800
2013-04-17,59.050498962402344,59.36136762395906,58.85065643626555,59.19853569197018,1716800
2013-04-18,59.257781982421875,59.287389346944735,58.532421316207596,59.16156228299311,2235200
2013-04-19,59.99052047729492,60.25698097296379,59.30216513798778,59.4649970879859,1877200
2013-04-22,59.96832275390625,60.382820078623396,59.63524989105061,60.24218655353851,1504700
2013-04-23,60.61966323852539,61.011950746696606,59.798077622647135,60.13855367968299,1591400
2013-04-24,59.953529357910156,60.738104601718355,59.8425031741384,60.69369638702016,1880600
2013-04-25,62.05558395385742,62.38866241362514,60.057135783350056,60.219973388522085,3041200
2013-04-26,61.41166305541992,62.16663098648008,61.10079423951436,62.02600308234754,1527500
2013-04-29,61.46345138549805,61.544870184777636,61.04155653787858,61.46345138549805,1266900
2013-04-30,62.1666259765625,62.188830083476844,61.30803517605973,61.744731004111536,2182900
2013-05-01,62.12221908569336,62.329464950675614,58.13271924370605,58.13271924370605,2367900
2013-05-02,62.0629768371582,62.89936882456549,61.61887794533532,62.359044647381396,1659900
2013-05-03,61.84833526611328,62.669920856113734,61.60408451675394,62.595905306398045,1669600
2013-05-06,61.49306869506836,62.085198839253515,61.25621550798921,61.87054975611532,1446100
2013-05-07,61.8409423828125,61.959366141989,61.5448745143339,61.729916226254915,1550100
2013-05-08,62.64030838012695,63.025198242387006,61.618880324788826,61.80392200744585,2353500
2013-05-09,61.84833526611328,62.74393640582942,61.67810006646963,62.69212495632599,1692700
2013-05-10,61.507869720458984,62.72174301350775,61.35983859575565,62.08519901263761,2017200
2013-05-13,61.404258728027344,62.08521106913945,61.37465136793206,61.544892276723346,1884300
2013-05-14,61.974185943603516,62.15922769524245,61.49307625993706,61.49307625993706,2199500
2013-05-15,62.418251037597656,62.4626592267668,61.74469671774279,61.892733426678326,1295000
2013-05-16,61.58928680419922,62.4848880716713,61.4930671405457,62.203626683820445,1416400
2013-05-17,62.50708770751953,62.529297456337055,61.53006769946855,61.53006769946855,1826000
2013-05-20,62.114803314208984,62.699535827992385,61.96677219678097,62.514494107694794,1686400
2013-05-21,62.64771270751953,63.106618121340865,62.2554252370545,62.44787017149882,1657000
2013-05-22,60.81952667236328,62.8993999751343,60.44944313805849,62.64033698349968,2275300
2013-05-23,60.38282012939453,60.61967332356395,59.568637627376276,60.479039798360816,2722100
2013-05-24,60.4864501953125,60.58266987564703,59.87211020918694,60.07195846830068,1487800
2013-05-28,60.32360076904297,61.493065795679776,60.07194674021044,61.115579105405835,2175600
2013-05-29,58.798866271972656,59.909116733923646,58.3991754280272,59.89431023209648,3547600
2013-05-30,58.302913665771484,59.32434706642966,58.22889814397567,58.828436858673136,2850200
2013-05-31,57.614601135253906,58.79146969497162,57.614601135253906,58.2881558692041,3326600
2013-06-03,57.3037223815918,58.169716334651675,57.14088475342146,57.60719353355026,3734400
2013-06-04,56.718997955322266,57.710824720358204,56.67458974019537,57.22231176585699,3311300
2013-06-05,56.15646743774414,57.21490638154905,56.082446226562574,56.726393493473445,3769700
2013-06-06,58.08830261230469,58.11790431984766,56.09725178202412,56.14165999036405,3230300
2013-06-07,58.302913665771484,58.510165032631036,57.19266389776727,58.317720158344045,3873600
2013-06-10,56.585777282714844,58.36958285391681,56.548772312826884,58.31777137845184,3986300
2013-06-11,56.11946487426758,56.55616636531227,55.6679625270809,56.23789431150898,3498900
2013-06-12,55.2164421081543,56.5117340071587,55.0906151075369,56.40070785783914,3772900
2013-06-13,56.81359100341797,56.925014794132274,55.21645054857338,55.29073496489548,3548200
2013-06-14,57.445045471191406,58.202755960703925,56.598190237454865,56.598190237454865,3522400
2013-06-17,57.14046096801758,57.85360178342894,56.769033105769616,57.73474781463008,2870900
2013-06-18,57.41530227661133,58.046728318120365,57.22215825969571,57.28158805990631,2258300
2013-06-19,55.29816818237305,57.54901956059311,55.27588342299075,57.43759009614362,3936500
2013-06-20,52.32675552368164,54.800460612356105,52.17818098826309,54.800460612356105,7500000
2013-06-21,53.478145599365234,53.98328737470767,52.467862048680345,52.683290742175636,6099500
2013-06-24,52.809593200683594,53.69359303294957,51.65817061052236,52.92102265587017,4436800
2013-06-25,54.1541748046875,54.466172798962425,52.97303144416315,53.08446091855805,4107500
2013-06-26,54.84502410888672,55.03073798789484,54.547880768966166,54.592450286316016,3401100
2013-06-27,55.14216232299805,56.12273128630938,54.90444880666613,55.03073287244368,3645900
2013-06-28,54.35475158691406,55.13475235870607,54.16161318064542,55.11989207050734,5954200
2013-07-01,53.49302291870117,54.9415887894031,53.35930871005658,54.54787630493218,5240000
2013-07-02,53.611873626708984,54.08730063612475,53.30730585545999,53.30730585545999,3486900
2013-07-03,53.76788330078125,53.86445815064094,52.683314865135635,53.40388566391275,3457200
2013-07-05,53.24045181274414,54.05759172137766,52.014739116025055,54.05759172137766,4240200
2013-07-08,53.522735595703125,53.97587785799575,53.24044690720385,53.485590557467816,3483500
2013-07-09,54.124454498291016,54.16159954189477,53.54502809031514,54.02045517724601,3772400
2013-07-10,56.26387405395508,56.353018754380926,53.909023476198136,53.93873837634008,6939600
2013-07-11,57.3707275390625,58.187867381210644,56.91015513065233,57.155298783557924,5572400
2013-07-12,57.82388687133789,58.180460112794734,57.13303648843042,57.81646239472168,2874500
2013-07-15,56.57588195800781,57.73473481365296,56.01131014761279,56.79130508216697,5076600
2013-07-16,55.498756408691406,56.78389944267962,55.23132786598334,56.41989601827475,5977100
2013-07-17,54.87471389770508,55.49127938652879,53.11414509007116,54.24328246400473,26259800
2013-07-18,55.29816818237305,55.95187901691845,55.02330959240272,55.34273770113765,6358000
2013-07-19,55.81073760986328,55.833028037965406,55.22388102234966,55.379885681373096,4090600
2013-07-22,55.20902633666992,55.90731239368327,54.674169413641685,55.82559782669072,3882200
2013-07-23,55.52845764160156,55.72160168987446,55.04560035468861,55.439312926812846,3198200
2013-07-24,54.926727294921875,55.56558335981962,54.66672338412142,55.55072307875504,3459600
2013-07-25,53.71590042114258,54.607330770659836,53.55247124035409,54.481040978888785,4466600
2013-07-26,53.91645431518555,53.968453974221816,53.50788151737356,53.63416559395626,2580200
2013-07-29,53.7975959777832,54.258168445458836,53.65645728138836,53.90902544049126,2659200
2013-07-30,53.98331832885742,54.56274482479611,53.834749466963984,54.094747809046886,2931700
2013-07-31,52.586769104003906,54.347339602640915,51.80676815292077,54.072480883178905,7677400
2013-08-01,52.950740814208984,53.86445560193306,52.750172316558164,53.03988551735261,4097800
2013-08-02,52.371334075927734,53.626762195757806,52.363903930991576,52.89876101559469,3664700
2013-08-05,52.698184967041016,52.742754495255454,52.16332795831103,52.16332795831103,2671700
2013-08-06,52.20045852661133,52.950744240895474,52.04445953666797,52.53474693437986,3766300
2013-08-07,51.323890686035156,52.349035041308774,51.25703640245042,52.22275094951197,3922800
2013-08-08,51.24960708618164,51.55418060752734,50.536466378749395,51.26446737224357,4713200
2013-08-09,52.118751525878906,52.37874985191955,51.086177029537296,51.086177029537296,4988100
2013-08-12,51.747314453125,52.13359680151315,51.51702540486795,52.0741670040573,3506900
2013-08-13,51.46503829956055,52.14103965851545,51.23475486268258,52.07417970318839,3529700
2013-08-14,51.77703094482422,51.94789021958441,51.27931907329835,51.58389257731575,3299100
2013-08-15,51.61359405517578,51.695302932460514,50.93016280143819,51.175306435902655,3105500
2013-08-16,50.94504165649414,51.68789730385904,50.9227568938794,51.3758992921751,2716200
2013-08-19,50.7816047668457,51.54674506019829,50.766744482341764,50.937603748909424,2361300
2013-08-20,51.539302825927734,51.99244504883782,50.80387760658866,50.81130774709739,2481500
2013-08-21,51.27930450439453,51.83644602342105,51.11587541867423,51.398164082204424,2083400
2013-08-22,51.16790008544922,51.26447495652386,50.432474507660686,51.04161597293248,2141200
2013-08-23,52.044471740722656,52.07418665066145,51.11590205840865,51.28676137367184,2524300
2013-08-26,51.95532989501953,52.3638971328256,51.777040444938336,52.014754044174,2323300
2013-08-27,52.044471740722656,52.17818600167745,51.28676137367184,51.405615345887455,3515900
2013-08-28,51.323890686035156,52.24503571070688,51.31646621066249,51.96274695546877,3179600
2013-08-29,51.76961898803711,51.94790278097768,51.13818706703083,51.29419176183586,1964000
2013-08-30,51.62105941772461,51.95534800247854,51.494775263892365,51.821633702085215,2464600
2013-09-03,51.427886962890625,52.22274209343333,51.10102874069222,51.86616897216803,2446800
2013-09-04,51.435325622558594,51.62103954229238,51.197612032000904,51.42790114639736,3287200
2013-09-05,51.07133865356445,51.769624952040616,51.02676911707968,51.47248148454819,2641800
2013-09-06,53.418766021728516,53.812478708993744,52.527335615759064,52.77990954775617,6812300
2013-09-09,55.16444778442383,55.17187225836164,53.60445245934285,53.60445245934285,4212100
2013-09-10,55.40217208862305,55.67702503379737,55.03816876346703,55.483886658144726,3733500
2013-09-11,55.72901153564453,55.72901153564454,55.17186996643605,55.48387355252101,2613000
2013-09-12,55.060455322265625,55.82559563079157,54.76331196921159,55.82559563079157,2538300
2013-09-13,54.755882263183594,55.171879560251654,54.48845381005753,55.157024942872695,1919700
2013-09-16,55.171875,56.26387348208222,55.134735625853324,55.833021603247424,2715400
2013-09-17,54.91188049316406,55.47645229393515,54.73359674938194,55.067879477415666,2935100
2013-09-18,56.27131652832031,56.44960030070706,54.050179680648014,54.971319116774964,4725500
2013-09-19,55.786659240722656,56.53227083479196,55.756834094332085,56.49498797966249,2338700
2013-09-20,55.115623474121094,55.935795325088975,54.906853078081994,55.86869299289068,3416000
2013-09-23,54.39981460571289,55.488406718054705,54.38490487861311,54.914288363402086,2305600
2013-09-24,54.31781005859375,54.74280849106341,53.95991963575915,54.459478098938874,2635300
2013-09-25,55.00376892089844,55.048509488125674,54.06430233760804,54.1463200741983,2270200
2013-09-26,55.64501953125,55.64501953125,55.048533365624735,55.10072597622404,1875100
2013-09-27,55.56297302246094,55.84630906651964,55.346750667926095,55.57788843981401,2552200
2013-09-30,55.27219772338867,55.59281100774567,54.88448211114049,55.06342734074994,2719900
2013-10-01,55.2199821472168,55.510770157529294,55.03357928478243,55.27217472115586,2219200
2013-10-02,55.167789459228516,55.38401746183304,54.809899149690196,55.06340431156618,1766100
2013-10-03,54.75025177001953,55.152882656010135,54.57130660576733,55.063407229601935,2712900
2013-10-04,54.1984977722168,54.98138637654264,53.952444630044155,54.638405794376474,2649400
2013-10-07,54.45201873779297,54.83973998743103,53.91517743125751,53.97482772944268,1844900
2013-10-08,53.60200119018555,54.51910568263293,53.55726632811218,54.24322742653271,1944200
2013-10-09,53.40070724487305,53.967367990626705,53.34851465806506,53.74368791369194,2209000
2013-10-10,54.86955261230469,54.9068354661671,53.72131580239806,53.766050676181095,2665800
2013-10-11,55.50333023071289,55.71955828087171,54.87701351843127,54.89192893627128,2131400
2013-10-14,55.6524543762207,55.7270144052162,55.041053036752736,55.18272107384008,1794200
2013-10-15,55.71956253051758,56.04762779667169,55.37657615682029,55.39149157579787,2141200
2013-10-16,57.501564025878906,57.598491478217895,55.9357752406679,56.11472610607549,4014800
2013-10-17,59.15684127807617,59.26123217025707,57.24807676791613,57.374829416794924,3561100
2013-10-18,58.91077423095703,59.61164526818614,58.70945591294314,59.425242367799605,2778000
2013-10-21,59.28359603881836,59.46999898953531,58.35158128523359,58.67964661027013,3199400
2013-10-22,59.745845794677734,60.37216239540863,59.14936002431381,59.35067262077765,3649600
2013-10-23,58.9033088684082,59.38049977630763,58.41120254481948,59.320849490679116,2242400
2013-10-24,59.9322509765625,60.06646127557062,59.02260971502346,59.19409717630005,2188700
2013-10-25,60.26034164428711,60.29762450736011,59.43271214344914,59.87262603573247,2251900
2013-10-28,59.872623443603516,60.36472422117805,59.574377617630404,60.349814489734094,2541800
2013-10-29,59.865142822265625,60.03663026678718,59.40286168450128,59.84277538937706,1917700
2013-10-30,60.16339874267578,60.662957123831994,58.71691049242639,58.94059623639488,3562900
2013-10-31,59.164276123046875,60.36471118921994,59.000240669746496,59.83532766447355,3676800
2013-11-01,59.17919158935547,59.969538022938906,58.612525210724925,59.238836190870714,2759400
2013-11-04,58.9033088684082,59.43269235409149,58.657255706613846,59.21646433511139,1868400
2013-11-05,58.60506820678711,59.49980550304815,58.388840169071486,58.82875395299358,3250200
2013-11-06,59.29848861694336,59.50725895117875,58.739279926570724,58.86603253113293,2104300
2013-11-07,58.7318229675293,59.686210589674566,58.63489550784429,59.32831452029946,2878000
2013-11-08,58.001121520996094,58.73181763378794,56.99454709460311,58.50813758823645,3746200
2013-11-11,57.74761962890625,58.91077766331224,57.725252189727065,58.91077766331224,2277000
2013-11-12,58.12788391113281,58.46341256884871,57.55376544004832,57.948938706823625,2408800
2013-11-13,58.28446578979492,58.38139895241846,57.71780498805899,57.837099903163335,2000900
2013-11-14,58.977874755859375,59.21647023357523,58.15770315674644,58.634894112178145,2065400
2013-11-15,59.112091064453125,59.268668829285794,58.74674294651022,58.81384526491044,1852100
2013-11-18,58.582698822021484,59.194100060950106,58.49322338880096,59.037522319237674,1236500
2013-11-19,58.232276916503906,58.94806351853727,58.10552428343436,58.582715351456606,2041500
2013-11-20,58.25461959838867,59.32084418218579,57.740151574433305,58.51558815251882,2196800
2013-11-21,57.85200119018555,58.426125306558326,57.732706292493646,58.29937270008409,2058100
2013-11-22,57.62087631225586,58.00859761580929,56.830529661378506,57.89675471330094,2078200
2013-11-25,57.4120979309082,57.70288602378471,57.13621956829168,57.66560316528647,2077100
2013-11-26,58.18007278442383,58.52305344101828,57.359901154431434,57.37481088360288,3368700
2013-11-27,58.43357849121094,58.530505943616475,57.70287667837316,58.08314015691959,1444000
2013-11-29,57.98621368408203,58.8138430444987,57.86691878190802,58.42612750172656,834800
2013-12-02,58.314300537109375,58.62745614042883,57.6357967299172,57.881844310487175,2036400
2013-12-03,57.941471099853516,58.247174556536365,57.822176213547294,58.030946531006556,2039300
2013-12-04,57.73270034790039,58.46340214207308,57.51647232399791,57.65814033344958,2197200
2013-12-05,57.971309661865234,58.27701318930757,57.20333052120977,57.687979263813126,2018900
2013-12-06,58.21736526489258,58.52306311624974,57.762541654341376,58.38885277725814,1465300
2013-12-09,58.784027099609375,58.828767672423496,57.92657814583725,58.28446859695327,2165300
2013-12-10,59.05991744995117,59.26123584695899,58.44851592432236,58.68711150289538,1794200
2013-12-11,58.01605224609375,59.0524521913727,57.82219727416765,58.970434438416824,2760500
2013-12-12,57.39486312866211,57.96364366471322,57.32750408290755,57.813965778351424,2299700
2013-12-13,57.447235107421875,58.18066454198976,57.25264934097081,57.62684966346082,2253300
2013-12-16,56.94581985473633,57.61190188673971,56.61652735233466,57.52209172616896,3439600
2013-12-17,57.170345306396484,57.49215792748791,56.78865924188204,57.005696191906104,2656100
2013-12-18,58.53993225097656,58.652193552759435,56.811127617000054,57.79153118555338,3121900
2013-12-19,58.457603454589844,58.82431835140217,57.9786272641033,58.43515233782432,2554500
2013-12-20,58.337867736816406,58.94407655494338,58.19567540009084,58.57735587797531,3072900
2013-12-23,58.68959426879883,59.34819068212137,58.562367492532594,59.13863364434437,1785300
2013-12-24,58.90663528442383,58.96650872793597,58.539920435142214,58.629724890564574,559700
2013-12-26,59.00391387939453,59.17604856857334,58.68958692681904,59.03385059533193,951300
2013-12-27,58.988975524902344,59.20601253295203,58.6297404781673,59.20601253295203,1444900
2013-12-30,59.72239685058594,59.78226458585652,59.078771590197796,59.086251488452874,1201000
2013-12-31,59.737369537353516,59.969372027759356,59.34820351701018,59.827179715823526,1438500
2014-01-02,59.46046447753906,59.67750147940831,59.011424964292814,59.50537242575673,1701100
2014-01-03,59.63258743286133,59.90201222942824,59.363162636294426,59.37064824448964,1790100
2014-01-06,60.01426696777344,60.08162030464653,59.41554399406723,59.767293312881215,2426700
2014-01-07,60.84499740600586,60.91235074844078,59.902010642995556,59.924461757140534,2570500
2014-01-08,61.32398986816406,61.57844350935021,60.56810313490077,60.88991584630217,2469300
2014-01-09,61.443702697753906,61.60086617586537,61.09195341871382,61.5709294595806,2084200
2014-01-10,61.84785461425781,62.01998934665717,61.53352758275933,61.65326876672945,2093900
2014-01-13,61.47365188598633,61.9301769097218,61.33893949029641,61.61584988972733,1880000
2014-01-14,61.86280059814453,61.94511941675909,61.50356577306752,61.75801925387069,1957200
2014-01-15,62.311851501464844,62.596241746701715,61.855326561844535,61.89274317551404,1772900
2014-01-16,62.31935501098633,62.588779854808976,61.85534999872837,62.334326230002624,1301800
2014-01-17,62.22951126098633,62.62616266687114,62.027439900730336,62.513901434489306,2636800
2014-01-21,62.58877944946289,62.82078766393638,62.10232332167802,62.46903824734335,1583700
2014-01-22,62.43158721923828,63.35212262494323,62.43158721923828,62.63365861285751,2139800
2014-01-23,62.32682800292969,62.970453254004035,61.82540075448797,62.244503444547206,3796600
2014-01-24,59.58766555786133,62.10229235687176,58.95152039745936,61.705635191144864,7207200
2014-01-27,59.310794830322266,60.29119857071314,58.82433291056453,59.69248103934424,2614600
2014-01-28,60.29117202758789,60.37349657975812,59.25838088651435,59.310768718818544,2188700
2014-01-29,59.542781829833984,59.969370172134965,59.22845477968516,59.87956570629044,2990600
2014-01-30,60.75517272949219,61.21918324710424,59.89451073046165,59.89451073046165,2179400
2014-01-31,60.53067398071289,60.942296836114785,59.88704863036454,60.23879803228129,2398300
2014-02-03,58.99644470214844,60.6279589031833,58.876697816641475,60.42588746135174,3040200
2014-02-04,59.228450775146484,59.49038996589367,58.65966445391964,59.243421991672676,2202400
2014-02-05,59.13117218017578,59.59517720528729,58.97400863523344,59.08626423172995,1455400
2014-02-06,59.69245147705078,59.714902588254255,58.99643848051739,59.288314345852825,1931000
2014-02-07,60.15646743774414,60.39595551785804,59.41555208205526,59.946916081375264,2222400
2014-02-10,61.0096435546875,61.06203139332863,60.17143813642941,60.231311583403894,2134300
2014-02-11,61.30899429321289,61.368867729653445,60.60550139949451,61.03208964190439,1371900
2014-02-12,61.21171188354492,61.31648755547434,60.64292558603815,61.23416299755181,1109700
2014-02-13,61.73558044433594,62.04991312007826,60.74021171899435,60.852467271211275,1485000
2014-02-14,62.266971588134766,62.37923289934478,61.75805859251719,61.79548093286969,1088100
2014-02-18,62.513912200927734,62.53636330930205,61.832870504247765,62.34178323016174,1670100
2014-02-19,62.678585052490234,63.12762451985219,62.35677238740896,62.35677238740896,1827400
2014-02-20,63.247352600097656,63.29974042720136,62.20707595486343,62.58875624811403,1829300
2014-02-21,62.90310287475586,63.53924254780381,62.81329270414998,63.24736663064244,2852100
2014-02-24,62.10231399536133,63.25484644579749,62.05740605519446,62.91058269036451,3105700
2014-02-25,59.9918327331543,62.64116750605867,59.69247116208095,62.64116750605867,5612200
2014-02-26,60.49325180053711,60.927325733680135,59.93195107280446,60.29118034103944,2996000
2014-02-27,60.96473693847656,61.0545471024772,60.51569753816491,60.530663043908795,2251500
2014-02-28,60.97224426269531,61.10695670175378,60.41842899538729,60.97972987315628,2650700
2014-03-03,60.96473693847656,61.02461038114365,60.403436260625554,60.680346650576524,1735000
2014-03-04,61.02462387084961,61.39133879601907,60.837523603540106,61.30901422161513,2592900
2014-03-05,60.47078323364258,61.039563695843746,60.11903396553326,61.032083799388595,2809300
2014-03-06,61.30899429321289,61.69068031321495,60.54562796305395,60.60550139949451,2184000
2014-03-07,60.852455139160156,61.30897999330899,60.0890889870512,61.30897999330899,1809300
2014-03-10,60.75517272949219,60.987175133375935,60.23129449174032,60.68781369329864,1293500
2014-03-11,61.14433670043945,61.26408355667883,60.47826051467993,60.665360695170676,1550000
2014-03-12,60.500736236572266,61.02462038098732,60.26124813650578,60.80758339813852,2458100
2014-03-13,60.134029388427734,60.80010593440351,60.07415592792829,60.62797687277694,2444100
2014-03-14,60.16396713256836,60.66539452554453,59.909513485928834,59.954415727136386,1696000
2014-03-17,61.1743049621582,61.361405239136786,60.45584058374215,60.45584058374215,2480800
2014-03-18,61.219215393066406,61.58593035205325,60.99469276765137,61.219215393066406,1464100
2014-03-19,60.38098907470703,62.10979344779156,60.09659876830817,61.26410242703059,1997000
2014-03-20,60.7926139831543,60.822544997623254,59.95440283186518,60.28370108948704,1815500
2014-03-21,60.672855377197266,61.316480551152864,60.448332843084295,61.249121506980885,3506100
2014-03-24,60.545650482177734,61.2641148571518,59.99931516368483,60.942302153896485,2142800
2014-03-25,61.15184783935547,61.25662352739009,60.63544929843715,61.06203765967718,1988300
2014-03-26,60.4782829284668,61.683208994171046,60.425895086907765,61.264106261698785,2478300
2014-03-27,60.373504638671875,60.680351775873895,59.879562969562556,60.39595575410691,1889600
2014-03-28,61.46617126464844,61.832891860906436,60.55312685294871,60.60551469386465,2467900
2014-03-31,61.2715950012207,62.1098005089947,61.12939697693185,61.79547344357945,1959300
2014-04-01,61.07700729370117,61.43623658340332,60.54564325820873,61.35391772480848,2414600
2014-04-02,60.822547912597656,61.615856870357035,60.71777222739584,60.9946826581987,2161800
2014-04-03,60.807579040527344,61.08448945601041,60.39595622154526,60.882417995838736,1527200
2014-04-04,60.418418884277344,61.18178543795964,59.94692257155439,61.15184871097351,2884500
2014-04-07,60.373504638671875,61.19674456041824,60.328602407801824,60.47080041868532,3475300
2014-04-08,61.23759078979492,61.37283968587336,60.23825204280345,60.62145820378999,2991200
2014-04-09,61.515628814697266,61.613306383036225,60.79430298885522,61.3503239047482,1974300
2014-04-10,61.27516555786133,61.868751916977274,61.03472369955295,61.50057657544577,2492500
2014-04-11,60.5237922668457,61.27517389283963,60.51627684546144,61.04224169062244,2284100
2014-04-14,61.09482192993164,61.357810015170074,60.56885722462546,60.86189552223681,1629700
2014-04-15,61.37283706665039,61.50808595695678,60.75670450694029,61.087314179374914,1714300
2014-04-16,61.89883041381836,61.98899829324938,61.56822632108099,61.81617795748698,1608600
2014-04-17,62.10166549682617,62.462325310028994,61.85370829238399,61.98144173736898,1826200
2014-04-21,62.432308197021484,62.432308197021484,61.846231336645495,62.282034136828436,1472600
2014-04-22,63.063453674316406,63.213727691171115,62.259475645712506,62.39472455391626,2175900
2014-04-23,63.13859558105469,63.19119206429292,62.49992236099428,62.86058805504694,1477500
2014-04-24,62.78541946411133,63.318899498101175,62.42475965110225,63.30387439446929,4173100
2014-04-25,62.42478942871094,62.807989946252725,62.312081033662786,62.59760399954262,1063700
2014-04-28,62.71031951904297,62.96579229234859,62.221920240072514,62.62015164624315,1639200
2014-04-29,62.364681243896484,62.98832943215643,62.28202879809878,62.883136452520716,1664400
2014-04-30,62.75540542602539,62.9432508760624,62.32711802924454,62.41728590899405,2238200
2014-05-01,64.79163360595703,65.0095292108723,62.89063346828887,63.15362159696797,3442300
2014-05-02,65.37017822265625,66.12155958153735,64.58122550279715,64.67139332959343,2788500
2014-05-05,66.422119140625,66.73769796341905,65.08466112085321,65.17482322303132,2769200
2014-05-06,65.52045440673828,65.89614509882412,65.47537335811518,65.77592705830087,2792000
2014-05-07,66.38453674316406,66.78276791515862,65.81348534974211,66.36951163949334,2843300
2014-05-08,66.30941009521484,66.62498891474837,66.001340962395,66.27183873130525,1706100
2014-05-09,66.60997009277344,66.60997009277344,66.14411150623737,66.43714982810472,1289800
2014-05-12,66.3544921875,66.76023884723496,66.24178955917255,66.76023884723496,1729100
2014-05-13,66.51980590820312,67.62433767409377,66.29439488884115,66.34699136661756,1330600
2014-05-14,66.692626953125,67.17351067909134,66.5874339963565,66.59494368427839,1254800
2014-05-15,66.61746978759766,66.68509135394984,65.90365410256807,66.5723830107784,1501800
2014-05-16,66.76775360107422,67.28620861655376,66.30941047516033,66.68510118606775,1579000
2014-05-19,66.00135040283203,66.94809272943424,65.94124423759885,66.52732090987152,1515300
2014-05-20,66.14411163330078,66.5047772707612,65.74588036089992,65.98632220834492,1677600
2014-05-21,66.40708923339844,66.46720112408396,66.1140509320383,66.21924387444525,1197400
2014-05-22,66.4671859741211,66.76773962645764,66.36199305569092,66.45967055635205,1345100
2014-05-23,66.42965698242188,66.8278883550203,66.1666688087401,66.48976315996686,1234700
2014-05-27,66.87294006347656,67.09835676121881,66.5498458540912,66.58741721457649,1321500
2014-05-28,67.01571655273438,67.09836897477899,66.3770377037376,66.47472096574622,1371700
2014-05-29,67.1584701538086,67.21106662460842,66.71515786172225,66.97062479629702,1235400
2014-05-30,67.34632110595703,67.42146384127227,66.94808983216403,67.11339467772018,1676600
2014-06-02,66.41461181640625,67.45903166623096,66.24930696548388,67.37637924076977,2296100
2014-06-03,66.66258239746094,66.79031590499937,66.41462507158951,66.41462507158951,1572600
2014-06-04,66.88047790527344,66.96313033998437,66.34699765651261,66.66257655308888,1896900
2014-06-05,67.42146301269531,67.49660001450131,66.69262205674708,66.96311984931727,1587500
2014-06-06,67.93991088867188,68.10521572867023,67.36134968126328,67.48908315486723,1457200
2014-06-09,67.36885070800781,68.17282847684532,67.18100538133938,68.02254877595992,1764500
2014-06-10,67.1134033203125,67.82721353704203,66.71517199523687,67.15848438123831,1267600
2014-06-11,66.70014953613281,66.91054122293086,66.37705518285566,66.91054122293086,1131300
2014-06-12,66.30189514160156,66.69261669169859,65.9712912137333,66.69261669169859,1772900
2014-06-13,66.70923614501953,66.82991923902681,65.93985912102401,66.8148360103113,1296400
2014-06-16,66.32450866699219,66.95056875395167,65.93228164845281,66.89776885232604,1192500
2014-06-17,66.55084228515625,66.7318698197001,65.90215405204913,66.24912589107547,1727400
2014-06-18,66.43013763427734,66.55836520098275,65.66076647928477,66.42259314365933,1554600
2014-06-19,66.94303131103516,66.94303131103516,66.15102694855058,66.38486004157687,1455400
2014-06-20,67.20706939697266,67.23724161192023,66.62627008482643,66.92044198711318,1811100
2014-06-23,67.19950866699219,67.31265300701585,67.01093668520613,67.1316255158341,915100
2014-06-24,67.32017517089844,67.59171919499364,66.95811455385207,66.98074801815856,1223500
2014-06-25,67.34283447265625,67.56912318381272,66.74694623772113,66.74694623772113,1126200
2014-06-26,66.8525390625,67.38808281743583,66.82236685387203,67.31265517324606,1493200
2014-06-27,67.14669799804688,67.51630316663383,66.79218756301336,66.79218756301336,1398600
2014-06-30,67.8708267211914,67.88590994686302,67.04110544025517,67.1768774903393,2167500
2014-07-01,67.6671371459961,67.94622561832777,67.32771004174084,67.94622561832777,2419300
2014-07-02,67.68978881835938,68.01413281815938,67.3277338796,67.65961661433619,1913100
2014-07-03,67.8934555053711,67.95379416376687,67.16933981178191,67.68225581408592,1165700
2014-07-07,68.4365463256836,68.52705719411101,67.58419728292412,67.67471390611173,1794900
2014-07-08,68.15744018554688,68.48932863042373,67.88589614060376,68.23286780808469,1750200
2014-07-09,68.54214477539062,68.74579997995286,67.78785686184735,68.23288396855304,1613600
2014-07-10,68.949462890625,69.10786266638077,67.96888627336325,68.08203061454888,1569700
2014-07-11,69.12294006347656,69.26625660054238,68.63265179619432,68.90419589023494,1066200
2014-07-14,69.37185668945312,69.46991204135524,68.95699605686768,69.35676770930831,1469100
2014-07-15,69.11539459228516,69.40956639752655,68.49687877680842,69.35676647747707,1776500
2014-07-16,69.43222045898438,69.51519260863502,68.97210426719859,69.31907609539155,1294300
2014-07-17,68.51949310302734,69.39446961260076,68.45160997112521,69.14555328610916,1330600
2014-07-18,69.74900817871094,69.79426361452596,68.7307205895502,68.82123146118025,1561900
2014-07-21,69.28888702392578,69.6434032580432,69.22854261072281,69.52271443163727,1031200
2014-07-22,70.05825805664062,70.1110579794324,69.24363149853316,69.63585867430639,1563700
2014-07-23,70.11860656738281,70.37506746075861,70.03563443318126,70.28455083578592,1232300
2014-07-24,69.673583984375,70.18650004979992,69.59815058126726,70.11106664669218,1121500
2014-07-25,69.56043243408203,70.11105938930322,69.47746030306075,69.57551566028586,904000
2014-07-28,69.6961898803711,70.0431615579335,69.40201811559517,69.73390081535636,1672700
2014-07-29,69.65848541259766,70.29962896742822,69.48500242075734,69.77917423714736,1672700
2014-07-30,72.6001968383789,73.58831196161738,70.57870541310434,70.57870541310434,2873600
2014-07-31,71.19721984863281,72.60774000465422,71.19721984863281,72.2909347778774,2444000
2014-08-01,71.16706085205078,72.11746519919471,70.96340565504273,71.25757747003207,1720400
2014-08-04,72.07974243164062,72.20797573500282,70.81253866044025,71.46877113731952,1864800
2014-08-05,71.49896240234375,71.86101743077639,70.98604631643008,71.61210675676429,1976700
2014-08-06,72.14764404296875,72.43427139414018,71.00112312876226,71.73278336583606,2432200
2014-08-07,73.34695434570312,73.62604294255148,72.24569469385071,72.38901123747014,3220300
2014-08-08,74.0031967163086,74.05599664652908,73.04524772618737,73.30925313205059,1873900
2014-08-11,73.94285583496094,75.09691561843518,73.89760039396542,74.31999985595309,2001300
2014-08-12,72.9471664428711,73.86739840388478,72.7510500196816,73.8296817150857,2410000
2014-08-13,73.32432556152344,73.43746989669324,72.80386507259828,73.28661461964013,1797600
2014-08-14,73.58078002929688,73.71655206872283,73.14329170728442,73.58078002929688,1242600
2014-08-15,74.07862091064453,74.41805395031021,73.66376597962274,73.98056554616895,1693600
2014-08-18,75.2628402709961,75.2628402709961,74.59152454916936,74.74992430608538,1813900
2014-08-19,74.71975708007812,75.35336190471709,74.35770211293581,75.24776205973725,2184300
2014-08-20,74.41802978515625,74.68956807204967,73.80705281405977,74.66694036103844,1754100
2014-08-21,74.6217041015625,75.33073658737048,74.48593204587075,74.6518763089118,2909300
2014-08-22,74.01827239990234,74.6594217433505,73.78444498343926,74.62170504499701,1658700
2014-08-25,74.59906768798828,74.64432311635628,74.22192377222976,74.52364005578846,1203600
2014-08-26,74.37277221679688,74.73483287481899,74.22191696623037,74.73483287481899,1147400
2014-08-27,74.52366638183594,74.96114910504272,74.33509435734219,74.6141772705456,1417600
2014-08-28,74.50853729248047,74.81779800847404,74.3953929877326,74.50099280422837,1054500
2014-08-29,74.37277221679688,74.86306041327641,74.30488908046962,74.76500507588408,2301600
2014-09-02,74.50853729248047,74.87059791672192,73.99562143174747,74.77253683371987,2678400
2014-09-03,74.0031967163086,74.1163410681413,73.58079727454472,73.65622492417958,2304200
2014-09-04,74.37277221679688,74.62923304847065,74.01071731353369,74.24454467833945,2460000
2014-09-05,75.14971160888672,75.23268374953322,74.23702381653592,74.30491272922887,1480300
2014-09-08,74.94605255126953,75.35336874233475,74.68959165107567,75.27794109689907,957900
2014-09-09,74.34259033203125,74.95356725318663,74.01824640627854,74.75745084918873,1464000
2014-09-10,73.52044677734375,74.33507913750653,73.45255786995003,73.92776295742514,1757000
2014-09-11,73.7919921875,73.89759204106059,73.11313187549587,73.52799255359851,2048800
2014-09-12,72.4191665649414,73.73162560374207,71.97413381178957,73.70899789260463,2059400
2014-09-15,71.76294708251953,72.47197951780264,71.42351984485747,72.29094628660714,2954700
2014-09-16,72.01185607910156,72.29848336697945,71.55928455701469,71.7629397277881,2118800
2014-09-17,72.1325454711914,72.57003380804724,71.92889028252245,72.23814531046563,1917400
2014-09-18,72.32112121582031,72.90192611695272,72.11746601650422,72.32866570609421,1691600
2014-09-19,72.04856872558594,73.002549361631,71.82142717808026,72.82083958949616,2661800
2014-09-22,71.40496826171875,72.02581497679967,71.05668896071694,72.01067490999381,1740500
2014-09-23,71.11729431152344,71.86685216542242,71.10215423757927,71.42014777845164,1240600
2014-09-24,71.31411743164062,71.8971053242226,70.90526630407996,71.17026080070814,1313500
2014-09-25,70.5040054321289,71.29142197030603,70.42828774895078,71.04156747929395,1789400
2014-09-26,70.75385284423828,71.30656072844386,70.42071930546945,70.44343229942548,2737300
2014-09-29,70.82957458496094,71.09456915704735,70.2465807499224,70.32986558349934,2140400
2014-09-30,70.89015197753906,71.29143613820726,70.6100172893218,71.02643574731616,2919900
2014-10-01,70.75385284423828,71.23084882310766,70.48128536386953,71.06427916549919,1928700
2014-10-02,70.78414154052734,71.215705771979,70.48128813084497,70.78414154052734,1672000
2014-10-03,71.07940673828125,71.3822600828242,70.77655917018541,70.91284288640738,2997700
2014-10-06,71.07940673828125,71.54125678900864,70.86741113003532,71.36712001499824,1475900
2014-10-07,70.68572235107422,71.3217093640121,70.64029635770689,70.8447191043087,1514800
2014-10-08,72.17727661132812,72.23027553337776,70.61758332046148,70.7917259365956,1653400
2014-10-09,71.73812866210938,72.82839864010784,71.49584708660399,72.13183405613748,2318900
2014-10-10,71.70785522460938,72.94954923726023,71.63971622734837,71.85171192075958,2575000
2014-10-13,70.44342041015625,71.79111173760387,70.36770851759853,71.601829117986,2227000
2014-10-14,70.67813873291016,71.7684086203559,70.38285826780158,70.86742137856682,2548400
2014-10-15,69.64090728759766,70.91288751401567,68.29320934505715,70.36775230605784,3452300
2014-10-16,70.0042724609375,70.23141387973828,68.63386835645912,68.70958023724397,2197500
2014-10-17,70.54188537597656,71.04159454840587,70.03460905350468,70.534318225934,2090100
2014-10-20,71.23839569091797,71.26868159972068,70.29198270250778,70.57212302659792,1412800
2014-10-21,72.38170623779297,72.40441923847514,71.17787099003907,71.48829162677852,1397700
2014-10-22,71.8819808959961,72.85110713819417,71.82898198513989,72.43468299828966,1225400
2014-10-23,72.58612823486328,72.87383584491106,72.10913215785995,72.31356069841831,1500700
2014-10-24,72.81327056884766,72.88898249659314,72.21513651969359,72.48013693147753,1442100
2014-10-27,72.79811096191406,72.88896294025285,71.88955074338833,72.51039762664585,1664500
2014-10-28,72.98738098144531,73.04037988511595,72.08639384259706,72.08639384259706,1599800
2014-10-29,71.96527099609375,73.05553521021442,71.81384139937666,72.94196445678872,2970200
2014-10-30,74.88021087646484,75.20577723674525,72.40439079849705,73.15395418528412,3037300
2014-10-31,73.82024383544922,75.98563811673831,73.76724491708686,75.37236409333822,3955800
2014-11-03,73.335693359375,73.54768906957655,72.55584952122646,72.55584952122646,2748900
2014-11-04,73.35081481933594,73.6612411565288,72.47254627475431,73.41138665729285,3145200
2014-11-05,73.93379974365234,73.9413726665967,73.0403854589921,73.63851928974705,2023200
2014-11-06,75.37235260009766,76.8184690243003,74.56222309926422,75.48591756752216,4215000
2014-11-07,75.3117904663086,75.81149371667982,74.73636952597163,75.57678505184248,2515000
2014-11-10,75.18305969238281,75.31934341114186,74.66063780773194,74.8120615945988,2005800
2014-11-11,75.3344955444336,75.53891826708785,74.75150751753596,75.53891826708785,1470500
2014-11-12,75.51618194580078,75.56161369626065,74.887768124977,75.30418636514251,1763000
2014-11-13,75.67518615722656,76.05375138217806,75.44805048812381,75.44805048812381,1373100
2014-11-14,75.35721588134766,75.75849421871496,75.18307905923857,75.56921154814934,1240400
2014-11-17,75.36480712890625,75.78879856559402,75.25880926973431,75.25880926973431,1594900
2014-11-18,76.20521545410156,76.33392630253557,75.34208681238597,75.4783705861542,1614100
2014-11-19,76.32633209228516,76.45504868127385,75.68277225313335,76.40961691838751,1401000
2014-11-20,76.25061798095703,76.5004724520276,75.9401974552054,76.18247900327293,1406100
2014-11-21,77.30300903320312,77.31815487529775,76.5307386033188,76.97744274552382,3030200
2014-11-24,77.58320617675781,77.80277483639262,77.21221364393718,77.37121044371744,2046600
2014-11-25,78.87028503417969,79.08985357857689,77.46959472476749,77.56801961303624,2601100
2014-11-26,79.27159118652344,79.6501565804924,78.74160194554668,79.09745434010942,1433900
2014-11-28,79.50627899169922,80.49054522001774,79.40784832535408,79.58199088980872,922600
2014-12-01,78.35545349121094,79.56686143992917,78.21160258809513,78.55230908801789,2463800
2014-12-02,77.20462799072266,77.4620496879946,76.02350580051116,77.4620496879946,3843000
2014-12-03,76.98503875732422,77.67402459168007,76.98503875732422,77.60588561115554,1809300
2014-12-04,76.93205261230469,77.20462013252579,76.66705801665888,76.89419376587716,1633600
2014-12-05,76.12191009521484,77.12889516472045,75.917481601417,76.84118184403428,2124500
2014-12-08,76.29605102539062,76.95475675285599,75.9704846235098,76.0234893129876,2175500
2014-12-09,76.30364227294922,76.36421412422843,75.50865838659597,75.72822123869615,1665700
2014-12-10,75.84178924560547,76.54592110577113,75.6903653993879,75.8796480953846,1824000
2014-12-11,75.67518615722656,76.22032100538824,75.56162121089865,76.00075248174274,2068100
2014-12-12,74.92277526855469,76.2148069884228,74.89237377181169,75.58398897761394,1486100
2014-12-15,74.06398010253906,75.36361999168481,73.85877716127634,75.19641458847332,1834300
2014-12-16,72.79473876953125,73.96517065279917,72.70354005037683,73.64596353877002,2375900
2014-12-17,73.8283462524414,73.85874774987319,72.64271684506573,72.99232536779208,2143700
2014-12-18,74.92277526855469,74.94557494148879,74.05635290610336,74.42115927003412,2276800
2014-12-19,75.64483642578125,75.76644248421825,74.74801203954443,75.50803250928763,3225400
2014-12-22,76.51885986328125,76.57966289149662,75.3712273493237,75.43203037753908,1582300
2014-12-23,76.49606323242188,77.11927980027967,76.34405565581257,76.65566683898953,2073000
2014-12-24,76.57202911376953,76.9900425102148,76.40482375519142,76.61003244017128,762900
2014-12-26,76.4884262084961,76.800037248288,76.42762320583033,76.57202888753814,975400
2014-12-29,76.48084259033203,76.99006061076379,76.29843933740588,76.4884444170983,1140400
2014-12-30,76.26042938232422,76.66324498704162,76.05522646540668,76.30603454046818,1484700
2014-12-31,75.12798309326172,76.76202741071313,75.05198224562298,76.42761672291107,1367800
2015-01-02,75.7511978149414,75.9336068038382,75.16598492141958,75.36359176014467,1462700
2015-01-05,74.6567611694336,75.7587877617363,74.44395071575147,75.7587877617363,2124700
2015-01-06,74.45918273925781,75.181199637181,74.42878123428817,74.70999080638683,2329500
2015-01-07,75.24195861816406,75.50036256145592,74.51994214273961,74.90754805767739,1854900
2015-01-08,75.94120025634766,76.15400493769047,75.49279122044568,75.67519440466914,2214800
2015-01-09,75.5536117553711,76.199627773283,75.22680283358122,76.03242239955412,1323700
2015-01-12,75.22681427001953,75.87283038614272,75.20400878954891,75.73602649579352,1489000
2015-01-13,74.3907470703125,75.78918672682671,73.91953843482275,75.65998473312737,2068800
2015-01-14,73.9195556640625,74.43636955781108,73.72955064133865,74.01075436393434,2365500
2015-01-15,73.17473602294922,74.76318108456147,73.1139330218794,74.20836384716274,3059400
2015-01-16,74.04116821289062,74.13997455222277,72.86314035461261,73.1519459498659,2435100
2015-01-20,73.82077026367188,74.48199001761287,73.06835178401126,74.48199001761287,2011300
2015-01-21,73.53195190429688,74.1855697184368,73.3799501887501,73.57755125926215,1907700
2015-01-22,75.11279296875,75.1887938242057,73.72195469978568,73.92715758936544,4187100
2015-01-23,75.6980209350586,76.27563798827583,75.12040388184136,75.3484122918861,2589800
2015-01-26,77.33966827392578,77.43086699997679,75.56881956216803,76.16923630214792,3049500
2015-01-27,76.29842376708984,77.03564425361007,76.04761572143981,76.63283449462322,2019300
2015-01-28,75.15078735351562,77.12684430366275,75.10518800184843,76.53402373952261,2129800
2015-01-29,74.80118560791016,75.31039774288917,74.2083707882637,75.03679580947022,1957700
2015-01-30,73.6839599609375,74.79359461419821,73.6155609226033,74.21597760812313,1990700
2015-02-02,74.36798095703125,74.52758451511599,72.71113656551587,73.68396156631492,1918300
2015-02-03,75.31037902832031,75.36358599488123,74.19315449888191,74.2843531878608,1669300
2015-02-04,74.36798095703125,75.48521166211884,74.22358105123708,75.15080089365877,1697200
2015-02-05,75.69039916992188,76.1996170450832,74.61117201679127,74.70237651648281,1900600
2015-02-06,72.75672149658203,75.19638514646682,72.42231082109247,75.14318397522919,5384300
2015-02-09,73.49394989013672,74.20076889720437,72.65032701723361,72.695932171508,2811500
2015-02-10,73.24314880371094,74.06396621332905,72.30071958025161,73.85116148496532,2965400
2015-02-11,72.93153381347656,73.48635108127674,72.02710796810801,73.41034442652798,2444900
2015-02-12,72.93912506103516,73.5319397717462,72.75672187277625,73.17472942080677,2101100
2015-02-13,73.26593780517578,73.59274667567935,72.58191856476212,72.92392528572239,1748900
2015-02-17,73.12914276123047,73.9119626200904,73.0227403997443,73.31154598113622,3051300
2015-02-18,73.11392974853516,73.50914343930172,72.56672015888564,73.0531325486806,2430000
2015-02-19,72.39952850341797,73.10634754701269,72.34632731942672,73.10634754701269,1731700
2015-02-20,73.36475372314453,73.41795490864558,72.38432690591564,72.42993206384106,3039000
2015-02-23,73.9727554321289,74.1323589523634,73.17473203246338,73.36473705157489,2621200
2015-02-24,71.93590545654297,73.45594569525072,71.47989454462932,72.52111839710838,6782100
2015-02-25,74.36798095703125,75.1280012137173,71.73070973857155,71.73831156471684,6038300
2015-02-26,75.15078735351562,76.61003039029238,74.04115867449845,74.14756102738411,18726300
2015-02-27,75.3484115600586,75.77402106961398,75.01400077483954,75.54601846027846,4150600
2015-03-02,75.5460205078125,75.9184288387669,75.05960796985312,75.34841360223686,2911100
2015-03-03,74.69478607177734,75.59921198640664,74.59598553092894,75.477605968291,3117900
2015-03-04,74.90760040283203,75.18881000688503,74.24638643971323,74.74039500574618,3103100
2015-03-05,75.42440795898438,75.67521603303177,74.76319405276128,74.80119158615085,2153100
2015-03-06,73.42555236816406,74.61878385643678,73.11394130126459,74.61878385643678,3799300
2015-03-09,73.40274810791016,74.06396193304276,73.24314457086113,73.72195518200822,2366300
2015-03-10,71.8750991821289,73.13673530607761,71.82949983256216,72.91632878568322,2641500
2015-03-11,71.92070007324219,72.25511077321428,71.624292697719,71.82950137215394,2146700
2015-03-12,73.16712951660156,73.18233316514288,72.20190657997459,72.58191661460604,2231900
2015-03-13,71.62429809570312,73.18234173963927,71.3582921999928,73.1291405604972,2510900
2015-03-16,71.90550994873047,72.20191735610233,71.4722986765336,71.99671445811174,2881500
2015-03-17,71.5331039428711,72.11071512505394,71.32789523990313,71.78390620422948,2764400
2015-03-18,72.58953857421875,72.94674903361646,70.84148961063211,71.5179071960256,3493200
2015-03-19,71.89032745361328,72.67315334289269,71.87512959682427,72.58194880667199,2758100
2015-03-20,74.24636840820312,74.3071656117915,71.73829965801589,71.97390404296614,3581200
2015-03-23,74.20838165283203,74.71759386236286,73.98797506993927,74.26918466849101,1888400
2015-03-24,73.84355926513672,74.48957522163379,73.83595744019154,74.30716621391028,2271900
2015-03-25,72.55914306640625,74.01077890616752,72.55914306640625,73.82077382043732,1827400
2015-03-26,72.35391998291016,72.87833577108148,71.90551085275906,71.91311267825986,1475300
2015-03-27,72.9923324584961,73.24314048780299,72.64272390180767,72.80992925467895,2380100
2015-03-30,73.08354187011719,73.52434915908528,72.74913114190568,73.39514712263762,2564900
2015-03-31,71.55590057373047,73.43315133210719,71.55590057373047,72.81753104791672,4335500
2015-04-01,73.31153869628906,73.90435345094612,72.66552276617543,73.15953699455406,3388900
2015-04-02,73.55476379394531,73.94237577098602,73.26595816705905,73.38755839998679,1526900
2015-04-06,74.51238250732422,74.60358702049996,73.34195068145885,73.48635637769694,2603800
2015-04-07,73.62317657470703,74.96841010102398,73.61557474729977,74.51239903100952,2338400
2015-04-08,73.68423461914062,74.47809841726462,73.43996928308285,73.79110033968183,1344300
2015-04-09,72.77587890625,73.74531126090916,72.6842830340745,73.49341096493515,1736300
2015-04-10,72.56974029541016,73.24146820480546,72.52394238587524,72.93614104291633,1468900
2015-04-13,72.348388671875,73.1193533063184,72.348388671875,72.51632213915411,1645600
2015-04-14,72.1346435546875,72.62317400810028,71.66901205631869,72.36364475261203,2372800
2015-04-15,72.6460952758789,73.714758154855,72.58502749451019,73.2796604041551,2404200
2015-04-16,73.85977935791016,73.99717892933556,72.0964838873269,72.1880855428582,2774600
2015-04-17,73.35600280761719,73.69950475959119,72.76060641268958,73.46286852856599,2320900
2015-04-20,73.15751647949219,73.66131688258342,72.90562210169007,73.38651772157793,2222600
2015-04-21,72.50104522705078,73.43230241186872,72.38654462663487,73.15750330036754,2150300
2015-04-22,73.21858215332031,73.31018381227535,72.40945454898574,72.50105620794078,1836500
2015-04-23,73.3101806640625,73.61551369039051,72.72241356922603,73.11934825057537,1335600
2015-04-24,72.76057434082031,73.61550555531369,72.73004045918744,73.2262058441725,2210700
2015-04-27,72.66133880615234,73.30253280697158,72.53156836182669,73.03536863996356,1884700
2015-04-28,73.0964584350586,73.1117224675997,72.41709542397476,72.47052827348436,1651600
2015-04-29,71.37897491455078,72.98960134162063,71.37133998550814,72.60793642191203,3132900
2015-04-30,72.15754699707031,73.9132074270265,71.82168010555871,73.569705608778,4172000
2015-05-01,71.35606384277344,72.40182181812409,71.07362975356723,72.24915820564391,3110500
2015-05-04,72.24152374267578,72.32549047720315,71.20339486464968,71.33315951846706,2479400
2015-05-05,70.98966217041016,72.50105754035633,70.88279647820364,72.24915734140806,3092800
2015-05-06,70.8828125,71.69957523147502,70.40954588200948,71.03547614516094,3275800
2015-05-07,71.47058868408203,71.77592186113766,70.72252851522899,70.9286250610876,1913700
2015-05-08,72.47813415527344,72.64606757813745,71.81404121325554,72.32547058380177,2055800
2015-05-11,71.4858169555664,72.40181013006277,71.08888230920677,72.05831414556228,2369100
2015-05-12,71.44763946533203,71.64610676439665,70.30264522446537,71.03544083977101,2170800
2015-05-13,70.9438705444336,72.03543234628366,70.61563851104528,71.68430135164053,3154800
2015-05-14,72.37126922607422,72.40180310542729,71.11940929130844,71.26444376230002,2016800
2015-05-15,72.9056396484375,72.93617354298065,71.82170677526268,72.14993886192046,2565300
2015-05-18,72.66899108886719,73.08118985962734,72.37892787555177,72.58502434905989,1568000
2015-05-19,72.85978698730469,73.10405215594096,72.27966085163163,72.44759424702052,1696800
2015-05-20,71.99723052978516,72.76819487322281,71.84456697556085,72.76819487322281,2370300
2015-05-21,71.67665100097656,72.11174864243208,71.45528471690373,71.85984847534134,2322400
2015-05-22,72.02015686035156,72.40945664248677,71.2491922238173,71.56979512755757,2274000
2015-05-26,72.21861267089844,72.27968043553884,71.47054711340996,71.7987790686739,2670100
2015-05-27,72.63846588134766,72.78349458183983,71.76063545484133,72.18046334665277,2485400
2015-05-28,72.21099853515625,72.50106758884267,71.76063674468728,72.37893202439697,2803400
2015-05-29,70.8293685913086,72.28732539348876,70.66907004177531,72.28732539348876,5166900
2015-06-01,71.92855834960938,72.05832299758453,70.67669231585612,70.76065904660315,2590900
2015-06-02,71.86749267578125,72.25679245481632,71.40186109122293,71.76062698330001,2294300
2015-06-03,70.74539947509766,71.76062941176956,70.71486558710636,71.6461287877381,3080500
2015-06-04,72.2644271850586,73.04302680374836,70.85990321809935,70.97440384717065,4211000
2015-06-05,70.62327575683594,71.98963689874104,70.60801172215446,71.95147390016504,4130600
2015-06-08,70.85991668701172,71.27974464174802,70.56984759506278,70.70724721131621,2936300
2015-06-09,70.27974700927734,71.01254263227622,70.21867925142529,70.88277801464706,2406500
2015-06-10,70.76068115234375,71.2950155898194,70.22635253861321,70.36375215696465,1377700
2015-06-11,71.31025695800781,71.63085402433637,70.73775970081685,71.03545780865669,1744400
2015-06-12,71.14234161376953,71.42477576245292,70.76831160780647,71.08127965016466,1422700
2015-06-15,70.75887298583984,71.15001362855732,70.55179302075935,70.75120184048183,1616900
2015-06-16,71.52581787109375,71.58716947486414,70.6821733427188,70.77420367405888,1676400
2015-06-17,72.18540954589844,72.46917758972302,71.22672107055571,71.54116784775569,2347700
2015-06-18,73.76528930664062,73.84965431829319,72.10100835198027,72.38477625356876,3393700
2015-06-19,73.604248046875,74.44022136982814,73.604248046875,73.82666441708227,3612200
2015-06-22,73.46617889404297,74.125756700549,73.39715031591845,73.82664651519943,1574200
2015-06-23,73.81900024414062,73.89569413905552,72.85264078437943,72.913998240859,1848100
2015-06-24,72.92168426513672,73.92638795167655,72.92168426513672,73.81901530661291,1692600
2015-06-25,72.66087341308594,74.3711752421181,72.59185069129408,73.1440558710958,1299300
2015-06-26,72.2774429321289,72.76062568888435,71.84028120305561,72.74528339586685,2707900
2015-06-29,71.28038787841797,72.66856653826781,71.22670157254998,72.20072622226024,1569000
2015-06-30,71.54882049560547,71.96297451204195,71.30339654342481,71.82492317322979,2034200
2015-07-01,72.10101318359375,72.15469948084598,71.46444290805476,72.00130588057708,1805600
2015-07-02,72.79127502441406,72.93699164100585,72.12402598053134,72.5918662553167,1856500
2015-07-06,72.84495544433594,72.9753356149483,72.47681665813735,72.47681665813735,2076800
2015-07-07,73.3434829711914,73.52755532616831,72.47683090914096,73.27446022660156,1601200
2015-07-08,72.46149444580078,73.3204753632422,72.33877954252708,72.99835751920166,1167200
2015-07-09,72.39247131347656,73.42018822616757,72.17005492303322,73.09806450644705,1350300
2015-07-10,73.18241119384766,73.59656514274218,72.41546073693951,72.72991323292831,1973000
2015-07-13,73.39717102050781,74.04908371996123,73.0980607507823,73.65793727056294,1684400
2015-07-14,73.22843933105469,73.83432510180876,73.19008946392779,73.48152855944039,1469000
2015-07-15,73.58889770507812,73.68860501437184,73.05970584209605,73.42783880318201,1683800
2015-07-16,75.02310180664062,75.17648957453882,73.91102586095803,74.01072732495504,2632500
2015-07-17,74.35585021972656,75.02309927544484,73.96470966937234,74.96174182980839,1588500
2015-07-20,74.4402084350586,74.51690816077192,73.70393670887738,74.14876937199755,2229000
2015-07-21,74.35585021972656,74.97708411690154,74.0720822735521,74.25614875909338,1652300
2015-07-22,74.04142761230469,74.56295436696126,73.84968992090698,74.24850174441143,1393100
2015-07-23,75.1611557006836,75.23784958724734,73.99539341135676,73.99539341135676,3172800
2015-07-24,74.23314666748047,75.3989089639113,74.11810291124957,75.31454393276653,2360200
2015-07-27,73.99539947509766,74.72400023421292,73.80366181729165,74.21014471562135,2057100
2015-07-28,74.14877319335938,74.39419711473471,73.58123147231038,74.07974460693339,2563500
2015-07-29,73.87267303466797,74.75466729317903,71.91694688976816,73.3664887397822,3657700
2015-07-30,72.82192993164062,73.65790881612779,72.66854220947594,73.65790881612779,1746400
2015-07-31,72.94467163085938,73.56589974098713,72.74526283757851,72.88331417887008,2710900
2015-08-03,73.13641357421875,73.26679377882516,72.74526710903052,73.0520485356219,2229500
2015-08-04,73.71928405761719,74.08741702030744,72.67623091104822,72.97534113749704,2261600
2015-08-05,74.11809539794922,74.3865269010316,73.70394142832158,73.9953863614121,1888500
2015-08-06,75.437255859375,75.61365120745617,74.67030531656019,74.67030531656019,3543100
2015-08-07,76.42662048339844,76.47263564215771,75.52161863580145,75.61364895332,2977900
2015-08-10,77.07084655761719,77.1322039959356,76.21186582662884,76.49563373895862,2724200
2015-08-11,77.46200561523438,77.59238580451577,75.9357756578322,76.83310639775948,2468500
2015-08-12,76.67201232910156,77.28556897747299,76.0431133999856,76.97112243859783,2788300
2015-08-13,76.88678741455078,77.5233577321367,76.13517335200615,76.67204221135744,2157200
2015-08-14,77.52336883544922,77.67675661645121,76.5033231228165,76.94048473517783,1574200
2015-08-17,77.80712127685547,77.87614986047906,76.92513293517959,77.32394459696079,1865300
2015-08-18,77.07084655761719,77.87614684428614,76.95580282361199,77.66906695280332,1827300
2015-08-19,77.00183868408203,77.48501543848279,76.44963333541345,76.8484450586916,1994300
2015-08-20,75.81304168701172,76.89444450000542,75.71334024700458,76.802408350591,2195100
2015-08-21,74.16411590576172,76.04314826563605,74.10276430875093,75.59064439805044,3397500
2015-08-24,70.51341247558594,71.94760579214157,68.77243201729857,70.36001890472008,7386400
2015-08-25,68.64974975585938,71.87093993115816,68.55771357748532,71.54115093952868,4352500
2015-08-26,70.198974609375,70.37537578963051,68.87215359144103,69.93821426184769,4163600
2015-08-27,71.99364471435547,72.53050771764025,70.41372272357702,70.85855541279464,2877500
2015-08-28,71.67151641845703,72.45380914556188,71.30338348329857,72.00130534236054,2286800
2015-08-31,70.7051773071289,71.74055944130069,70.65149099947166,71.54115064798721,2198600
2015-09-01,69.04857635498047,69.85387699782503,68.76480831714322,69.30934265748412,3258800
2015-09-02,69.92288970947266,70.13763495633864,69.01022241029219,69.86153225283405,2047500
2015-09-03,69.80783081054688,70.55944486303761,69.63143547515529,70.09160459746674,1979400
2015-09-04,68.27394104003906,69.3323366315586,67.94415204217509,68.99487648917628,3065800
2015-09-08,69.06391143798828,69.61611101534393,68.59607105261678,69.27098554807549,2199100
2015-09-09,68.02853393554688,70.06862588168389,67.89048255685061,69.86154588795436,2050600
2015-09-10,67.73709869384766,68.20493917946207,67.45332477345791,67.92883640593978,3131000
2015-09-11,68.45800018310547,68.48100776084969,67.56066369150716,67.89812376873618,2080000
2015-09-14,68.1281967163086,68.5960368685371,67.89043814381064,68.4809931529886,1681800
2015-09-15,68.680419921875,68.87982283977945,67.90579827503701,68.2892735267474,2037100
2015-09-16,69.48570251464844,69.64676139056203,68.45032068299419,68.45032068299419,1788200
2015-09-17,70.1912841796875,71.34170955262711,69.24026750977325,69.52404120825679,2441900
2015-09-18,69.4013442993164,70.09927201462888,69.14825509888706,69.14825509888706,2946000
2015-09-21,69.6788558959961,69.97949436766702,69.4090528933766,69.83302735998885,1360600
2015-09-22,68.64591979980469,69.30886792897728,68.32986053487207,69.17011120702799,1470000
2015-09-23,68.3838119506836,68.76153624465348,68.0060876567137,68.49173317753214,1224500
2015-09-24,67.85962677001953,68.20652150030106,67.3508560660461,68.05234410419828,2001500
2015-09-25,68.48402404785156,69.07759668726952,68.01379919757132,68.19880617811322,1843200
2015-09-28,67.2275161743164,68.3606950744258,67.15043041457605,68.23735315382804,2178900
2015-09-29,67.07331848144531,67.64375993844575,66.93456181555177,67.33541113854189,2015900
2015-09-30,67.82108306884766,67.8673333444791,67.12729952804591,67.80566238945985,2234900
2015-10-01,68.12940979003906,68.59964041740207,67.42792195855192,67.79793583765637,1704300
2015-10-02,69.17779541015625,69.22405155810605,67.24291809114737,67.38937922940471,2474000
2015-10-05,72.04541778564453,72.16104931470824,69.47842254173858,69.47842254173858,3042400
2015-10-06,71.97604370117188,72.23042601220479,71.52122791361707,71.99916883115087,2794600
2015-10-07,72.64671325683594,72.64671325683594,71.90667951535256,72.26898898781394,2502000
2015-10-08,73.67198181152344,73.81844886658386,72.34608561970519,72.36150629985168,2268700
2015-10-09,73.1863021850586,73.76445391485942,73.10150612752005,73.49464506927488,2183700
2015-10-12,73.07839965820312,73.39445295960076,72.8856823657303,73.15548539893926,1157500
2015-10-13,72.2304458618164,73.03215058190014,72.06856402621281,72.5773405506232,1742400
2015-10-14,71.7370834350586,72.45399200197552,71.45957006197688,72.38461659933763,1964400
2015-10-15,72.96278381347656,73.00132375150876,72.01461194263662,72.08399324112067,1612600
2015-10-16,74.10366821289062,74.20388499201522,73.15550220955095,73.33279886585905,2337100
2015-10-19,74.61243438720703,74.62014472635538,73.7567690609726,73.7567690609726,2177000
2015-10-20,74.70494842529297,74.88224507491182,74.1190860968984,74.58931685134762,1808800
2015-10-21,74.0496826171875,74.90534777428144,73.94176141550578,74.77430144099141,1474800
2015-10-22,76.6783676147461,76.80941397980344,74.25012822574243,74.25012822574243,2415900
2015-10-23,76.4471206665039,77.04069342658669,75.94605435613025,76.76317995872641,1546000
2015-10-26,76.7246322631836,76.83255351124535,76.06168409293744,76.4471188020914,1044800
2015-10-27,76.52417755126953,76.63980909944608,75.96915670629882,76.42396667952444,1107800
2015-10-28,77.75758361816406,77.81154423058929,76.52418810913197,76.7477408981124,2922500
2015-10-29,78.59781646728516,78.73657314713311,76.01540603575394,76.97899245656893,2736000
2015-10-30,78.80597686767578,79.10661544607565,78.18156868992752,78.71347042768103,3364300
2015-11-02,80.21664428710938,80.26290043676502,78.85220843820126,79.25305782053823,2757700
2015-11-03,79.61537170410156,80.15498368417346,79.43807507789316,80.08560239646098,2064600
2015-11-04,78.80597686767578,80.01624152159144,78.58242404863832,79.62309650319682,1732000
2015-11-05,77.75758361816406,78.59782828039486,76.35460181384244,78.42053164582583,3137200
2015-11-06,75.56830596923828,77.27963651689923,74.7666013036104,77.27963651689923,3114800
2015-11-09,74.85909271240234,75.49891542511854,74.30406606432392,75.41411936048078,1839100
2015-11-10,74.87452697753906,75.2599615965795,74.66639487101406,74.87452697753906,1753700
2015-11-11,75.25224304199219,75.53746084264338,74.6895060158517,75.09806569449815,1110300
2015-11-12,75.04413604736328,75.75333449457241,74.73578710645201,75.01330056514547,1683000
2015-11-13,74.29638671875,75.6068681580848,74.15762999885023,75.23684827792992,1623700
2015-11-16,75.58374786376953,75.58374786376953,74.00346322367392,74.36577278670919,1336600
2015-11-17,75.81501770019531,76.29295892984011,75.33708235181832,75.72251711987347,1381000
2015-11-18,76.8248291015625,76.94816511820484,75.79186129101407,76.02312440895838,1668000
2015-11-19,76.80171203613281,77.28736349578357,76.48565865754615,76.98672491660284,1537100
2015-11-20,77.46466064453125,77.75759476649472,76.7246267617706,77.2411078234994,1325700
2015-11-23,77.04066467285156,77.60339585840386,76.66293455513578,77.4646391762616,997400
2015-11-24,76.51649475097656,76.66295593093962,75.79187566649325,76.53190955050606,1336900
2015-11-25,76.38543701171875,76.7785820060937,76.23897584225834,76.43169316952327,965900
2015-11-27,76.84025573730469,77.1177691690895,76.38543977027602,76.38543977027602,487000
2015-11-30,76.6089859008789,77.24880880619484,76.49336021544356,77.0483811493306,1795400
2015-12-01,77.98885345458984,78.00427413563816,76.7015030065863,76.7015030065863,1994100
2015-12-02,76.67066192626953,78.04280837602703,76.50106973472356,77.82696590724713,1649900
2015-12-03,75.46037292480469,76.84022926828852,75.11348419519896,76.64751200044884,2469600
2015-12-04,75.19829559326172,76.32376396112855,74.90536152241955,75.59914500432801,3380500
2015-12-07,75.30622863769531,75.52978145481129,74.81287272449674,74.82057718348024,2485600
2015-12-08,74.68181610107422,75.244553281104,74.21929569463752,75.03641527538456,2655000
2015-12-09,73.64884185791016,75.11349447009682,73.12465058243068,74.22699374051555,2558800
2015-12-10,73.28651428222656,74.03425813983705,73.20942855985987,73.64882364673998,1742600
2015-12-11,72.21504974365234,72.92424822057404,71.88357564750699,72.4925632139725,3007700
2015-12-14,72.87373352050781,73.16045705617107,71.97482032471461,72.36228168589626,2220200
2015-12-15,74.09033966064453,74.50879851424847,73.44715257572425,73.51689867408626,1774600
2015-12-16,75.554931640625,75.7641580807284,74.11357554865954,74.40029895609388,1892100
2015-12-17,74.4623031616211,75.84941520149343,74.45455819308813,75.8106726222595,1775700
2015-12-18,73.30765533447266,74.31505678467559,73.29990445532658,74.09032858694759,3258400
2015-12-21,74.05158996582031,74.19107624808424,73.45490226025136,73.9431012920805,1291400
2015-12-22,74.71802520751953,75.16748167149102,74.28407050420329,74.50879873618904,1755500
2015-12-23,76.3298568725586,76.36085447821314,74.9194983323146,74.9194983323146,1844600
2015-12-24,76.05088806152344,76.48484273758014,75.88040417816144,76.43059840307305,668400
2015-12-28,76.22911834716797,76.34535197700649,75.55493373316106,75.7409134530914,1028300
2015-12-29,77.03507232666016,77.17455274398522,76.65535592774866,76.6786026639695,1198200
2015-12-30,76.0198974609375,77.12803689273626,75.95790224087571,76.97305475477138,1039600
2015-12-31,75.12872314453125,75.93464313743672,75.07447881386399,75.91139641174912,1523300
2016-01-04,74.93498229980469,74.99697750128585,73.68735695288825,74.61726723854237,2819800
2016-01-05,76.41509246826172,76.52358112295465,75.01248492388301,75.12097357857593,2518400
2016-01-06,76.14388275146484,76.43835115855912,75.57043587295975,75.9966455918231,2132400
2016-01-07,74.24533081054688,75.42321644793341,73.90436889420035,75.08999950064263,3203600
2016-01-08,73.02091979980469,74.77223967407616,72.76519406085978,74.38477858313675,1959800
2016-01-11,73.21467590332031,73.61763297720071,72.7187200945757,73.40840651641821,1545400
2016-01-12,73.21467590332031,73.75711925511877,72.67222663933272,73.70287491993892,1859900
2016-01-13,71.40909576416016,73.67186760816094,71.37034728176896,73.50138374514104,1989500
2016-01-14,71.4555892944336,72.1065271437772,71.06037723991027,71.86629719461799,2524500
2016-01-15,68.49540710449219,71.00615463508407,68.07694819736184,70.1382451200198,5386300
2016-01-19,70.4482192993164,72.47851281096095,69.43306663130363,69.55705709025104,4084300
2016-01-20,68.96810913085938,69.88251800526174,66.8060744385303,69.75078258652167,4293000
2016-01-21,69.75850677490234,70.64192368588787,68.35589922477816,68.86735080944408,2994700
2016-01-22,72.26151275634766,72.52498353069184,69.99874079995352,70.44819720438744,3258300
2016-01-25,70.61095428466797,72.37002610598574,70.46371708866585,72.28478414116249,2895300
2016-01-26,71.65707397460938,72.60248023141673,71.21536845110626,71.29285950726339,2795000
2016-01-27,71.6880874633789,72.41651064727837,70.84341880120442,71.33936876512361,2024200
2016-01-28,71.6880874633789,72.41651064727837,71.5563461353145,71.78107438649505,1950100
2016-01-29,73.10618591308594,73.23017635110808,71.96705480275232,72.56374252721278,2744400
2016-02-01,72.145263671875,72.76520386578828,71.9360372559373,72.53272481502384,2621900
2016-02-02,70.7891616821289,71.94379442921417,70.63417956344766,71.66482779802568,1908400
2016-02-03,70.12271118164062,71.10686572799501,68.50312655314691,71.10686572799501,4310400
2016-02-04,70.58769226074219,71.16888417339939,69.75078039978011,69.99100449844433,2385400
2016-02-05,68.84410858154297,70.47919544685175,68.62713123846318,70.28546483164634,2046000
2016-02-08,66.18614196777344,68.54965234559994,65.5197080601684,68.51090976299375,3025300
2016-02-09,66.31012725830078,66.55810225610477,65.02375880475206,65.52745376965463,2638100
2016-02-10,66.51934814453125,67.51899893282992,66.14738863532558,66.52709902536172,1595200
2016-02-11,64.83003234863281,65.597204123959,64.37282490647915,65.597204123959,2891000
2016-02-12,66.38761901855469,66.50385859326103,64.89976901644661,65.93816248285839,2188000
2016-02-16,66.99205017089844,67.77472357947676,66.6278415490312,67.48800011577052,1880200
2016-02-17,66.79058837890625,67.68174474046405,66.72859314493273,67.36402951268393,2491800
2016-02-18,67.80571746826172,68.20092959120404,66.47284984750674,66.71307392606512,2799500
2016-02-19,67.66622161865234,68.13117386169658,67.03853638615205,67.73596770681267,2750900
2016-02-22,69.15408325195312,69.60353972742583,68.20867684223109,68.20867684223109,2633600
2016-02-23,68.20867156982422,69.24707072902272,67.86770971150202,68.86736038325546,1967600
2016-02-24,68.99134063720703,69.30131078104277,67.42599998351024,67.85995463756701,3775900
2016-02-25,69.29357147216797,69.85151664179969,68.93710781650098,69.17733190979641,4584300
2016-02-26,69.75077819824219,71.13789022879888,67.64298798224968,68.8131226515465,4730300
2016-02-29,71.4478530883789,72.26152408911067,69.75077681102542,69.86701637001418,3879600
2016-03-01,73.38514709472656,73.45489318333458,71.02163738066922,71.87405081708643,3240600
2016-03-02,73.3231430053711,73.38513229006428,72.64120766405959,73.1449082923863,1645700
2016-03-03,73.8501205444336,73.86561639389475,72.9434566779261,73.46265927381681,1879700
2016-03-04,74.34606170654297,74.64828098891192,73.69512377454048,73.71062553435837,1987800
2016-03-07,74.08258819580078,74.54754050318449,73.78036890039189,73.97409952115089,1987900
2016-03-08,73.30765533447266,74.05158010340574,73.12942649943258,73.63312131234554,1719400
2016-03-09,73.30765533447266,73.75711172992864,73.04418456539133,73.57113201574249,1872800
2016-03-10,73.39289093017578,74.24530428478393,72.60247277900518,73.8578431315813,1748500
2016-03-11,76.29887390136719,76.37636497427232,73.94310862947373,74.04385234522131,2680700
2016-03-14,75.98888397216797,76.18261456023667,74.92724413335202,75.70216648562683,2026200
2016-03-15,76.2601089477539,76.43058689325427,75.18296147528436,75.22170995646381,2124200
2016-03-16,77.34500885009766,77.47675016157744,75.7796680820707,76.02764303281326,1817000
2016-03-17,78.84835052490234,79.7395124258033,77.08152848120358,77.27525907217385,3535100
2016-03-18,77.88746643066406,79.19708150768048,77.60849384228652,79.19708150768048,3566500
2016-03-21,77.7557373046875,78.00371823298791,77.30628665261987,77.5000173187115,1718100
2016-03-22,77.4380111694336,77.7789789855863,77.07379662257773,77.55425073513929,1435800
2016-03-23,77.1667709350586,78.23616167604474,77.1590200559547,77.49223691116023,1343900
2016-03-24,77.76347351074219,77.97270590146034,76.61659149475317,77.02729948340557,1576800
2016-03-28,77.67820739746094,78.17415718180673,77.40698578292617,77.84869124436501,1077100
2016-03-29,78.98007202148438,79.09631153806689,77.33724068270124,77.724701796518,1824400
2016-03-30,79.2823257446289,79.74728401344763,79.1040968654797,79.31332335669615,1568400
2016-03-31,79.32881927490234,79.76277398749566,78.94910298919365,79.04209581854488,1588300
2016-04-01,80.97938537597656,81.22736029087957,78.94134172887327,78.98783517785873,3108100
2016-04-04,81.13439178466797,81.27387808559605,80.68494118140202,81.13439178466797,1877200
2016-04-05,80.59194946289062,80.89416880040125,80.39046793382015,80.59194946289062,1661100
2016-04-06,81.9093246459961,82.01781334786966,80.39822778976362,80.59195845913655,2331500
2016-04-07,81.36686706542969,81.79307682921977,80.92516145213352,81.54510185179367,2133100
2016-04-08,82.31690216064453,82.59723642681364,81.62385520846189,81.77959382697918,1380300
2016-04-11,82.55049896240234,82.95542285145899,82.28573623640487,82.73738645419417,1423500
2016-04-12,82.67506408691406,82.92424931563835,81.96644600627872,82.47260517304368,1495700
2016-04-13,82.72180938720703,83.12673324892617,82.39474887234428,83.1189445378222,2271300
2016-04-14,81.91973876953125,82.80746172491662,81.82629800015124,82.6595118597163,1628000
2016-04-15,82.37142181396484,82.54273788088912,81.66280328565324,81.98206927679084,1325100
2016-04-18,82.18450164794922,82.35581764689353,81.76400036173479,81.9353163606791,2031500
2016-04-19,82.15335083007812,82.1844997328918,80.9463560954928,81.77956993735982,2433100
2016-04-20,81.62380981445312,82.45702343633951,81.48364275932065,82.16111784930168,1707300
2016-04-21,79.87173461914062,81.37463481070257,79.72377883653225,81.37463481070257,2442200
2016-04-22,81.13323974609375,81.8730067904715,80.08977242110157,80.17543040826678,1709900
2016-04-25,81.12547302246094,81.41359596110702,80.44799765155905,81.05538649531064,1296800
2016-04-26,81.58489227294922,81.80293458869588,81.28119790232341,81.33570699599866,1257900
2016-04-27,81.3668441772461,81.98202154070438,80.8295420287164,81.39799307500857,1613500
2016-04-28,81.08651733398438,82.02874929715651,80.61150699719701,80.83733207050948,2402300
2016-04-29,81.67054748535156,81.95867036555552,79.65370514706012,80.94635187060793,2678500
2016-05-02,82.16114044189453,82.36359940083463,81.37464697510168,81.76399935297297,2100800
2016-05-03,81.10990905761719,81.7562296398763,80.32341540806432,81.31236806360332,1976800
2016-05-04,82.16114044189453,82.33245643872523,80.40905474147368,80.71274912092963,1927500
2016-05-05,82.78409576416016,83.1033675467506,82.23900484393921,82.23900484393921,2148400
2016-05-06,82.98655700683594,83.07221499640023,81.95087836286409,82.58941595895102,1313900
2016-05-09,83.04885864257812,83.44599970880624,82.72958685926551,83.03328122136774,1169500
2016-05-10,83.4615707397461,83.50829112103483,82.9709889130781,83.22017418169372,1156200
2016-05-11,82.33245849609375,83.42264042853881,82.30909236235911,83.26690184991693,1025800
2016-05-12,82.97876739501953,83.15008337228677,82.2234229176386,82.74515955960113,1185200
2016-05-13,82.30909729003906,83.00993281788703,82.0521292140334,82.80746790072067,1272200
2016-05-16,82.9164810180664,83.10336848696436,82.3090863473184,82.34802395965134,1620900
2016-05-17,82.04432678222656,83.0488565473156,81.62382553583728,83.0488565473156,1213700
2016-05-18,81.41356658935547,82.10661319345512,80.52584383936166,81.90414833823273,1691000
2016-05-19,80.80621337890625,81.05539873553774,80.2922711800621,80.59596564779899,1146700
2016-05-20,80.99308013916016,81.32013469792396,80.69716854128717,81.20332780092387,1632900
2016-05-23,81.10990905761719,81.3279454893236,80.6971904506904,81.20334984775012,1069200
2016-05-24,81.99761199951172,82.03654367212222,81.14103202744056,81.33570821363023,2153000
2016-05-25,82.67506408691406,82.90867783805004,82.1689049201491,82.54268573375778,1311800
2016-05-26,81.99761199951172,82.72959041967383,81.69391762433948,82.56606313619999,1544700
2016-05-27,82.58943176269531,82.96321269241324,82.04434076211326,82.1066385739073,1134700
2016-05-31,82.37142181396484,82.77635177961282,81.95870907512811,82.51158896498941,2166200
2016-06-01,82.1299819946289,82.42588762864818,81.6627603836871,82.12219328448376,1133700
2016-06-02,82.97876739501953,82.98655610518036,81.70948092688201,82.03653546109486,1338500
2016-06-03,83.29802703857422,83.54721225805278,82.8619543897478,83.29023832954681,1438300
2016-06-06,83.47711944580078,83.83532874144005,83.0566242468298,83.40703889298689,1164500
2016-06-07,83.99888610839844,84.31036326515516,83.27469043095175,83.53165849117146,1299700
2016-06-08,83.75749206542969,84.34152070502547,83.50052397920291,83.97552847364467,1225600
2016-06-09,84.93331909179688,84.95667928159715,83.39926992376384,83.63288370385693,2009500
2016-06-10,84.71528625488281,85.17471918284599,84.12346901080467,84.4349520835324,2050800
2016-06-13,84.82430267333984,85.50177789684082,84.52839702798356,84.69970707042435,2493200
2016-06-14,83.79641723632812,84.76200944685908,83.48493415327263,84.50503545775987,1552000
2016-06-15,83.91380310058594,84.32855840989455,83.62425412500667,83.92945165338287,1342700
2016-06-16,84.27376556396484,84.3207171850319,83.45207637258952,83.71814948968688,1460400
2016-06-17,83.6868667602539,84.28943460206267,83.34253886753363,84.2033526288826,2267200
2016-06-20,84.06248474121094,84.95460150653236,84.02336037422917,84.39115808202384,2327100
2016-06-21,85.64327239990234,85.91716689908012,84.2346635891991,84.44595789603073,2071300
2016-06-22,85.6119613647461,85.94063473322412,85.00938755208466,85.60413410251041,1247300
2016-06-23,87.23185729980469,87.23185729980469,85.71369084894982,86.08149455367871,1842700
2016-06-24,84.72765350341797,86.29277137781376,84.26594659628762,84.65722606488657,3365800
2016-06-27,85.21285247802734,85.2363282937044,83.45209465682942,84.23465368847295,2662000
2016-06-28,86.70752716064453,86.73882426216161,85.44760687358911,85.94061682356495,1805500
2016-06-29,88.4291763305664,88.53090686193798,86.95014014214266,87.37272276318544,2442700
2016-06-30,88.9065170288086,88.92216557979664,87.4431297377274,88.60131953571181,3217100
2016-07-01,88.8987045288086,89.6030088492247,88.78131948033065,89.16477770338872,1551300
2016-07-05,89.0787124633789,89.39173732796219,88.79699068229922,88.91437575282454,2322400
2016-07-06,87.95960998535156,88.83607201698801,87.34921507890482,88.80477491910082,2411600
2016-07-07,87.80313110351562,88.80481179489315,87.38837572411242,88.0065981469699,1994100
2016-07-08,88.94566345214844,89.01609090001077,87.90485849487068,88.57003248552769,1927200
2016-07-11,89.73603820800781,89.82994743643988,88.22569911415385,88.9456579245637,2073300
2016-07-12,90.8551025390625,90.87075706317572,89.4151967841299,89.68126398953856,3195700
2016-07-13,90.78467559814453,91.3246372740294,90.4481749732532,91.08987314508647,2194400
2016-07-14,91.55939483642578,91.68460713107832,90.49511421368256,90.76900864517144,2344500
2016-07-15,91.41854858398438,91.98199205896577,90.7377200566399,91.98199205896577,1712700
2016-07-18,91.01162719726562,91.95069574434615,90.97249685344885,91.39507949077074,1485000
2016-07-19,91.84896087646484,91.85678216849749,90.87858332374263,91.01162290417277,1388600
2016-07-20,92.13068389892578,92.21675990564201,91.63766785324366,91.8411348875006,1627400
2016-07-21,91.98980712890625,92.27935011984712,91.54374876540857,92.06806182995916,1305600
2016-07-22,92.21675109863281,92.54543042118158,91.81765030127953,92.07589620812091,1511200
2016-07-25,91.45764923095703,92.42802047256365,90.91768174767157,92.26368384079196,1467200
2016-07-26,91.53591918945312,91.73155892236366,91.16028827526654,91.51244337677599,1571600
2016-07-27,92.03675842285156,92.14631619801992,90.92552614874333,91.55156972535526,1961700
2016-07-28,91.28551483154297,92.26371364891816,90.65946520024214,91.81765522701315,2176000
2016-07-29,90.59685516357422,91.12899553625762,90.43251848574646,90.9803133822905,2296800
2016-08-01,91.59072875976562,91.59855602343049,90.64383285171205,90.6751359359187,1875500
2016-08-02,91.35592651367188,91.45766299420956,90.714228439041,91.14463823258336,2037300
2016-08-03,90.56558227539062,91.73942111987854,90.21342703977238,91.3716173266665,2011800
2016-08-04,91.10551452636719,91.55940016522273,90.54989837002383,90.76901392796755,1773800
2016-08-05,91.23072052001953,91.75503356462349,90.8081379858691,91.22289325907673,2224100
2016-08-08,90.56558227539062,91.40292041230722,90.44819719685121,91.19945334086911,1549000
2016-08-09,90.71424865722656,90.88641261301503,90.36209945344258,90.60469086180701,1312300
2016-08-10,90.96465301513672,91.03508642708219,90.6516282329981,91.03508642708219,1001100
2016-08-11,90.69078063964844,91.30117582961273,90.46383776663176,90.94902659554181,1070800
2016-08-12,91.16810607910156,91.51243388384997,90.53423532076948,90.71422051292417,933700
2016-08-15,90.61251068115234,91.64548836057767,90.58903486555543,91.26203610810771,878700
2016-08-16,89.30561828613281,90.40902316215806,89.10997857324995,90.15077730824463,1813200
2016-08-17,89.64994812011719,89.73603007910252,88.46828844759261,89.53256905827423,1448200
2016-08-18,89.48562622070312,89.93168464062079,89.01609198454531,89.61865982636502,1098200
2016-08-19,88.9065170288086,89.65777285569689,88.62479534741917,89.35257536260009,3096700
2016-08-22,89.69690704345703,89.90819532835367,88.49176557026846,88.92999666217308,1434200
2016-08-23,90.16644287109375,91.058559593458,90.00992749934944,90.1586156098938,1924700
2016-08-24,89.65779113769531,90.36992274709799,89.4856271894682,90.17428298237661,1360900
2016-08-25,89.40736389160156,90.02558620520551,89.28997884995123,89.68908560338187,1208000
2016-08-26,88.60916137695312,89.99428822966317,87.87355398000965,89.55605708448061,1665700
2016-08-29,89.08650207519531,89.35257520512778,88.89086235071136,89.00824737949185,1229500
2016-08-30,88.601318359375,89.21171333746452,88.17090858228597,89.1334586426621,1458900
2016-08-31,88.7265396118164,89.10217056872656,88.21788102475578,88.53872711858708,2493100
2016-09-01,89.07084655761719,89.09432236744702,88.30393627062523,88.97693734784774,1157700
2016-09-02,90.06470489501953,90.40903273670263,89.39953099486424,89.46996440359526,1747300
2016-09-06,91.6767807006836,91.80198702601973,90.15861445174588,90.46381195966313,2391100
2016-09-07,91.4263687133789,91.6767873526722,91.05073776921328,91.43419000459494,1415900
2016-09-08,90.97246551513672,91.3872207467294,90.95681696527197,91.01941713518113,3568700
2016-09-09,86.23019409179688,90.53426938898252,86.23019409179688,90.229071800091,2960700
2016-09-12,87.07534790039062,87.51358505363261,85.29894138119403,85.65109058587134,2629100
2016-09-13,84.60244750976562,86.8249120343039,84.44593810989284,86.77013314730334,2444000
2016-09-14,84.80590057373047,85.6354110035928,84.328539220955,84.93110687896916,1915400
2016-09-15,85.3615493774414,85.58849223639581,84.52421136634521,84.92331221477502,1535600
2016-09-16,84.51636505126953,84.97807195749246,84.17986447011774,84.87634144521898,2797100
2016-09-19,85.4554214477539,85.60410953530183,84.77459908992927,84.98588734604208,1509800
2016-09-20,85.02503204345703,86.30842825788686,84.99372896865984,86.15191288390089,1396800
2016-09-21,86.15972900390625,86.3553687182523,84.53200514763913,85.00154523842984,1472200
2016-09-22,87.86571502685547,87.9831000595395,86.81708893456666,87.03620447800307,2059400
2016-09-23,88.42133331298828,88.74218534548967,87.25532215944483,87.76398666657212,2459800
2016-09-26,88.18657684326172,88.4839471180223,87.41966638562981,88.0378887206557,1557200
2016-09-27,88.10050201416016,88.60133934405644,87.82660753225625,88.60133934405644,1428000
2016-09-28,88.57233428955078,88.68242993940127,87.79379905139001,88.39146543612337,1483700
2016-09-29,89.24078369140625,89.44524362143041,87.70729821764593,88.27350786951047,2444400
2016-09-30,89.1228256225586,90.34960924684043,89.09923455282447,89.48456935792981,2807000
2016-10-03,88.27349090576172,89.04416633931088,87.88029050083628,88.7846526321172,2571500
2016-10-04,86.9837875366211,88.2734842881101,86.64563497374522,88.2734842881101,2572400
2016-10-05,84.49092864990234,87.18041873468471,84.34151053415987,87.00740954798577,3795800
2016-10-06,85.33238220214844,85.52111677993574,83.38997058980512,84.26287626174697,2907500
2016-10-07,85.33238220214844,86.18169080207332,84.78189785060306,85.48966001701051,2295900
2016-10-10,86.05584716796875,86.22099063016736,85.33235980983315,85.36381656450372,1231100
2016-10-11,85.67052459716797,86.0951818459234,85.12004031184944,85.85139346252325,1483200
2016-10-12,87.71514129638672,88.16338948860493,85.53680783613764,85.53680783613764,2420700
2016-10-13,88.62738800048828,88.67457613910307,87.18827876764895,87.53429111883183,2329900
2016-10-14,89.13854217529297,90.11367762623988,88.63524607159374,88.83971198864744,2254800
2016-10-17,89.13069152832031,89.50030097929944,88.76894776772222,88.85545236262219,1750700
2016-10-18,89.76765441894531,90.23162802087471,89.13853136573172,89.92493218236766,1085600
2016-10-19,90.68775177001953,90.69561745897235,89.59465499632456,89.98785544728715,1577400
2016-10-20,90.30241394042969,90.72707113301516,89.4295084889644,90.4832827818612,1691900
2016-10-21,90.99444580078125,91.05735931160544,89.33513945130937,89.64970100566774,1928200
2016-10-24,91.81230926513672,92.86608363934283,91.32473852497034,91.32473852497034,1999600
2016-10-25,91.81230926513672,92.12687083944525,91.29328176756319,91.53707013752788,1548600
2016-10-26,90.9629898071289,91.42696945363964,90.80571202851392,91.3404648754726,2459700
2016-10-27,90.75067138671875,92.34706436505071,90.6248443540605,91.79658609657871,3291800
2016-10-28,91.32472229003906,92.06394095828766,90.6798738772356,91.25394909827668,2781100
2016-10-31,92.15831756591797,92.31559533607191,91.38764209273408,91.96957704201844,1953500
2016-11-01,90.5540542602539,92.37063820719325,90.0979403515748,92.15831262888375,2566600
2016-11-02,88.79253387451172,90.4518343541864,88.25778099014651,90.22378335917108,3754800
2016-11-03,89.07563781738281,89.44524724397267,88.09263657635165,88.98913922795442,2162700
2016-11-04,88.84757232666016,89.35086840004728,88.83184094950042,89.32727133430768,2492400
2016-11-07,90.58551025390625,90.68774019819732,89.73619594825713,90.1215306610979,1738200
2016-11-08,91.16744995117188,91.34832478492196,90.5933746959986,90.82929734875744,1757200
2016-11-09,85.89070129394531,89.89347871711722,85.37167385609906,88.92620903714892,6318600
2016-11-10,83.13044738769531,86.12663322001974,81.14085385600674,86.12663322001974,8722300
2016-11-11,83.13044738769531,84.08985754916492,81.88007270168266,82.97316959063222,4281800
2016-11-14,80.66112518310547,82.9102318219053,78.96250267254486,82.70576594571578,7476100
2016-11-15,81.3846206665039,83.09111503685338,81.00715162588482,81.07792482109005,3461300
2016-11-16,82.91023254394531,83.10683273436538,81.04646057884878,81.39247883391185,2947400
2016-11-17,82.99674987792969,84.29431253430282,82.39121783839968,82.82374072377826,3234800
2016-11-18,82.64286804199219,83.69664837221535,81.76210287020743,83.15402982905313,2794300
2016-11-21,83.2877197265625,84.22353268994506,83.13830164007378,83.64946340985293,2945900
2016-11-22,84.9155502319336,85.0649622851066,82.9102260468865,83.63371325099527,2500900
2016-11-23,83.97188568115234,84.73469550084353,83.86179003704873,84.33362936888744,2282600
2016-11-25,84.38082122802734,84.84479489155767,83.89325049706484,83.95616401069152,717600
2016-11-28,83.44499969482422,84.9627536666463,83.3191726713666,84.2943141038751,2497100
2016-11-29,83.39781951904297,84.36508928559293,83.05180119617289,83.61801081550108,2000600
2016-11-30,80.4251937866211,83.70448913649098,80.36228629291325,83.60225320966393,5864900
2016-12-01,79.4107894897461,80.17359355317575,78.41992237674795,79.70961976202479,5000600
2016-12-02,80.66112518310547,81.08578231068603,79.63094211419956,79.8275423029075,3181000
2016-12-05,80.24433135986328,80.64539741284966,79.59948300004278,80.48024797944946,2770400
2016-12-06,79.30853271484375,81.12512294582962,79.26135057889395,81.09366618860876,3083400
2016-12-07,80.37018585205078,80.53533535427859,79.33213669387517,79.8197075105046,4570500
2016-12-08,80.51959228515625,81.67560263436292,80.03202153930165,80.36231449604861,3474400
2016-12-09,80.92852783203125,81.10153100804456,80.55105272126734,80.58250948047795,3304000
2016-12-12,81.69918823242188,82.45413236916329,80.72405280576788,80.74764387257814,3502700
2016-12-13,83.46073150634766,83.84607229556815,82.1474433465296,82.3125868277256,3091000
2016-12-14,83.75169372558594,85.0649817553305,83.0596631110543,83.460723240052,4456400
2016-12-15,83.4056625366211,83.96400635525187,83.06750997043494,83.31129828543719,2452300
2016-12-16,83.20122528076172,83.97189487385496,83.03607579676418,83.6180168361763,2915000
2016-12-19,84.10557556152344,84.27858472299567,83.19335361889188,83.72810648173204,1480300
2016-12-20,84.12918090820312,84.82907731230125,83.79888793117699,84.21567949768898,1672200
2016-12-21,83.8303451538086,84.73470750110486,83.7831630138715,84.12918137277944,1330100
2016-12-22,83.8303451538086,83.83821084371927,82.80802745666958,83.6180195243282,1069900
2016-12-23,83.83822631835938,84.51032256719513,83.49822383493645,83.98846179762988,962400
2016-12-27,84.04383850097656,84.46291020508109,83.8303452723208,84.02011837170065,974300
2016-12-28,83.68801879882812,84.2889548840955,83.5852295606926,84.20988577533076,1118400
2016-12-29,84.12288665771484,84.4233516080195,83.61683725057817,83.74335261865473,1589100
2016-12-30,83.5615005493164,84.36011233790191,83.34801337508519,84.17824797774625,1635500
2017-01-03,83.93314361572266,84.51035355785781,83.2926699388916,84.39175290713587,2240900
2017-01-04,84.08336639404297,84.55779308934078,83.97266844049642,84.13872140340227,1720700
2017-01-05,83.79080963134766,84.15453233846897,83.3322003791828,83.81452975946205,1919900
2017-01-06,83.2373046875,84.0517338696441,83.16614431097638,83.75917157901455,1995300
2017-01-09,83.03961181640625,83.67217651830481,82.98426285743393,83.4191518440622,2278900
2017-01-10,81.83775329589844,83.22148342408995,81.57681988104773,83.21357470566231,2267500
2017-01-11,82.09870910644531,82.36754528047484,81.05498119490869,81.82196421183073,2631700
2017-01-12,82.39128112792969,82.43872742790542,81.53732615200282,81.98802678995412,1568800
2017-01-13,81.79824829101562,82.83407364423623,81.33964499363242,82.40709316797985,2058900
2017-01-17,83.15824127197266,83.17405871178191,81.76660819804506,81.90102627349503,2055500
2017-01-18,83.55358123779297,84.14660846419791,83.05544053934338,83.22939615763575,2078100
2017-01-19,82.58102416992188,83.55358549250313,82.12241497699507,83.55358549250313,1747600
2017-01-20,82.39128112792969,83.35594011540832,82.20942274788284,82.89733075536317,2598800
2017-01-23,82.84986114501953,83.17405227758731,82.43869823057177,82.62846526550264,2223000
2017-01-24,82.68379974365234,83.00008210149349,82.25681946545443,83.00008210149349,1823700
2017-01-25,82.16987609863281,82.9368591772037,81.98801773866272,82.88151019383191,2053900
2017-01-26,82.47032928466797,83.13451694101327,82.03544020069037,82.34381390293433,1272600
2017-01-27,82.09078979492188,82.84986399332693,81.96428044481377,82.55730772787261,1207100
2017-01-30,81.45032501220703,82.27265692974906,81.2289291175968,82.27265692974906,1509900
2017-01-31,81.83775329589844,82.23310476109602,81.56891719520469,81.86938213702439,1376300
2017-02-01,81.66380310058594,82.10659484053875,81.45821863592856,81.9168278137854,1906700
2017-02-02,82.320068359375,82.48611522219171,81.49773672977062,81.66378359258734,1322200
2017-02-03,83.22148895263672,83.53777135232289,82.8340461801283,82.8893951476295,2988100
2017-02-06,81.94844055175781,83.34007921714992,81.49774018142871,83.07123711888171,2141200
2017-02-07,81.81404876708984,82.17777146048759,81.3712569720988,81.96428428292712,1344100
2017-02-08,82.47032928466797,82.57311850788747,81.72706649844642,81.89311341253274,1301900
2017-02-09,83.64056396484375,83.81451959336437,81.81404193054772,82.39125175327314,2525100
2017-02-10,83.4112548828125,83.62474806364251,82.81032496715268,83.41916360166155,1228100
2017-02-13,85.04010772705078,85.14289694249659,83.49823329985374,83.56939970484314,1975500
2017-02-14,84.43128204345703,85.11128724031246,83.67220773750859,85.11128724031246,1580600
2017-02-15,84.69221496582031,84.89779947415497,83.82244270644703,84.6763975245558,1362500
2017-02-16,85.16661071777344,85.37219516592448,84.4866057245377,84.56567480995439,1321800
2017-02-17,85.48291015625,86.81920028710715,85.12709618455449,85.30895451405726,4991400
2017-02-21,87.91036224365234,87.94199108844848,85.41173779802558,85.48290420696321,3012600
2017-02-22,87.78384399414062,88.42431752329604,87.45175018351787,88.0526861498246,2207400
2017-02-23,88.71688079833984,88.75641836432033,87.87873748630683,87.90245761286089,2233300
2017-02-24,89.2624740600586,89.51549881524424,88.37688440061582,88.61409774785875,2589400
2017-02-27,89.61827850341797,90.82015048698226,89.18339545657179,90.14805411815787,2895100
2017-02-28,90.76481628417969,91.47645033331602,89.42061729523631,89.46015486619413,3001200
2017-03-01,90.01362609863281,90.82805525124765,89.41269616560386,90.75688884471901,2799100
2017-03-02,90.78060150146484,91.12060400281277,89.31780228685992,89.9898985711287,2592100
2017-03-03,91.46063232421875,91.53179874498385,90.4169044028258,90.5987687824821,1395100
2017-03-06,90.70154571533203,91.34992197198153,90.36154316412647,91.23131530852181,1809800
2017-03-07,90.69363403320312,91.12061438815928,90.08479536178997,90.4010777764892,2404400
2017-03-08,89.5392074584961,90.69363313299213,89.48385848891702,90.17968100086576,2010200
2017-03-09,89.34945678710938,89.90294658426046,89.17550112726579,89.68155066540002,2015400
2017-03-10,89.80804443359375,90.2982764122462,89.34943526494446,89.34943526494446,1509500
2017-03-13,90.34574127197266,90.5513197421947,89.51550057290643,89.90294341726381,1597200
2017-03-14,90.15597534179688,90.71737991706891,89.8713277425167,90.06109481956568,1416100
2017-03-15,91.1522445678711,91.76108928078646,90.100608087443,90.24293487451287,2112400
2017-03-16,91.00201416015625,91.71364813537805,90.74898941703137,91.50016095910438,1814200
2017-03-17,91.72943878173828,91.94292589565413,90.98617617665356,91.21548072572403,3237500
2017-03-20,91.70573425292969,92.40155070343363,91.51596119431363,91.7452657823693,2033400
2017-03-21,92.30668640136719,93.72995452078248,91.97459251769911,92.15645690118579,2854000
2017-03-22,93.54806518554688,93.77736976765698,92.3461993417329,92.9313178424986,2851000
2017-03-23,94.05412292480469,94.48901200396588,93.35830643073216,93.64296000389487,2624400
2017-03-24,94.3466796875,94.69459093043704,93.99876844456297,94.2438904714436,2475800
2017-03-27,94.89225006103516,95.08201705459858,93.73782463193305,93.87224266768281,3023500
2017-03-28,95.1927490234375,95.45368250329568,94.50483513088037,94.89228400676168,2259200
2017-03-29,95.70669555664062,95.93600015944621,95.01087906137862,95.03459918708516,2266000
2017-03-30,95.60389709472656,95.74621783521123,95.01877256511611,95.50110184981902,1795300
2017-03-31,96.10204315185547,96.34715915093837,95.25599118484966,95.3904092467606,2713700
2017-04-03,95.79365539550781,96.38668255722257,95.24015975835682,96.01505123733452,2071800
2017-04-04,95.46946716308594,96.14156342654071,95.28760887298795,95.60389124184444,1710200
2017-04-05,95.39038848876953,96.26016039124245,95.3350395322281,95.57225279316789,2020800
2017-04-06,96.42623901367188,96.52903427580168,95.23228169617157,95.4536775952422,1859300
2017-04-07,96.56065368652344,97.01135416061007,96.22065115115386,96.44204702858796,1974600
2017-04-10,97.33950805664062,97.45077088602588,96.61629360226696,96.67192501695959,2030600
2017-04-11,97.56202697753906,98.86539665749777,97.29181293671546,97.79250169773981,2465200
2017-04-12,97.25205993652344,97.71300321998075,97.02952827492773,97.29974226089575,2435500
2017-04-13,97.43487548828125,97.99913872852093,97.15671840694756,97.55408739838701,1902300
2017-04-17,98.74617767333984,98.77796791488318,97.75275536274286,97.80838676960154,1873500
2017-04-18,99.23095703125,99.41374332025558,98.40442903464034,98.58722138701383,2440200
2017-04-19,99.07997131347656,99.67602473111123,98.83360450779895,99.46939724529017,2331600
2017-04-20,98.78591918945312,99.2866018623233,98.5316033148156,99.11175856162836,3566100
2017-04-21,98.88922119140625,98.97664283137705,98.21369529802391,98.722326986926,1623000
2017-04-24,98.42828369140625,99.64423165871774,98.28523063270086,99.27865296721923,2256000
2017-04-25,98.49980926513672,99.19122730141666,98.33291504729782,99.16738613649233,2242600
2017-04-26,97.60173034667969,98.50773079644567,97.53815594186783,98.11036196537754,2142600
2017-04-27,99.95416259765625,100.42306101582707,97.56994938467531,97.60173962178585,4901500
2017-04-28,100.08928680419922,100.28797126676854,99.24686055981465,99.70780996818394,2850300
2017-05-01,101.33702850341797,101.71849928930327,100.05750003499706,100.58202388143157,3284200
2017-05-02,101.6549072265625,102.2112212191757,101.36085207997108,101.511854190838,2622700
2017-05-03,100.76483154296875,102.21125445749652,100.72509221770154,102.21125445749652,1775800
2017-05-04,101.24163055419922,101.59926007773115,100.14489476044974,100.70120870002545,1664400
2017-05-05,102.2748031616211,102.39400897362944,101.0429572216801,101.44032609735554,1638500
2017-05-08,102.41783905029297,102.64831976420942,101.57541906532256,102.52115882734066,1347100
2017-05-09,101.79798126220703,102.52913872212692,101.63108702005376,102.4258310346498,1480200
2017-05-10,101.01117706298828,101.8456481471501,100.88402216303582,101.72644232324731,1525300
2017-05-11,100.35948181152344,101.20985095904557,100.1051659747888,101.20985095904557,1789700
2017-05-12,100.23233032226562,100.64559129720415,100.05748704170271,100.3753833642382,1585300
2017-05-15,101.67082977294922,101.94104383843435,100.057512647671,100.1608264020029,1605500
2017-05-16,102.02047729492188,102.44168731662697,101.17805725151169,101.71847914395934,1262400
2017-05-17,103.90402221679688,104.97691094885583,101.83769912827889,101.83769912827889,3462000
2017-05-18,101.7105712890625,103.35567869651867,99.73961839317134,103.31593937141254,4041800
2017-05-19,101.98077392578125,105.58887868350511,101.40060652310987,101.813873629745,2726000
2017-05-22,102.30657958984375,102.59268564373718,100.70121212154606,101.95689306544791,1449100
2017-05-23,102.30657958984375,102.67216426354888,102.21915795874479,102.409899370252,1331300
2017-05-24,102.75960540771484,103.09339384618463,102.25097367384609,102.25097367384609,1497500
2017-05-25,104.150390625,104.9133321184356,102.52117571732316,102.97418208202387,1457100
2017-05-26,104.19806671142578,104.46033162369072,103.70533318781415,104.26164718652659,899200
2017-05-30,105.00077056884766,108.97446018621838,103.95172281576572,104.11861098872183,2070900
2017-05-31,104.26167297363281,106.22467666846423,104.21399063719782,105.28687958720104,2548900
2017-06-01,104.77030181884766,104.8815646429711,104.1106678877093,104.86566648902823,1221900
2017-06-02,105.29481506347656,105.77960560459319,104.73848890432839,105.24712060921007,1368100
2017-06-05,104.59544372558594,105.4140227002668,104.23781413620617,105.17559893176808,1508100
2017-06-06,104.6669692993164,105.31866013772202,104.3013966901877,104.69081046396667,1884100
2017-06-07,104.76236724853516,104.96899475949225,103.39541694099923,104.72262792384437,1679800
2017-06-08,104.08679962158203,105.05638060511903,102.82316956371723,104.76233153079123,1995700
2017-06-09,103.5384521484375,104.67493364592522,103.16492436707856,103.65765798217423,1607200
2017-06-12,102.66423034667969,102.66423034667969,99.53296731928265,102.49734218800728,2057900
2017-06-13,103.4669189453125,103.53844243884723,102.46554152887917,102.7198634526517,1311700
2017-06-14,103.71328735351562,104.87360992710467,103.45102241304542,104.38086422376506,1274700
2017-06-15,104.51991271972656,105.07098628618921,103.15422032036334,103.4417364338873,1247400
2017-06-16,105.38249969482422,105.62209857501756,104.2723699968835,104.73559124885588,1823800
2017-06-19,105.68597412109375,106.20509478286492,105.12691828845485,105.6540211097983,1445900
2017-06-20,104.78348541259766,105.9654908572203,104.22442960679659,105.56616354071916,1360900
2017-06-21,104.31229400634766,104.98316104985763,104.0806894984111,104.77551520872473,1641900
2017-06-22,104.51991271972656,105.0550097836321,104.34420775110075,104.62374170659656,1272900
2017-06-23,105.32659912109375,105.36652211196447,104.28834544184674,104.60780248784344,1694000
2017-06-26,105.78980255126953,105.83771988144831,104.70363171670596,105.58214453849072,1286100
2017-06-27,108.4173812866211,108.66496230693771,107.01175332706316,107.49893320741349,4168800
2017-06-28,107.4430160522461,108.84864394019446,107.23537021693097,108.33750541853108,2121600
2017-06-29,106.07727813720703,106.48458747440671,105.2786237757578,106.48458747440671,1998700
2017-06-30,105.67799377441406,106.75617028732012,105.5661704194648,106.16516143324706,2480300
2017-07-03,104.95121002197266,106.35683781268033,104.48000670529542,105.91757531980205,1252800
2017-07-05,105.6220703125,105.82971612030256,104.66368723467752,104.83939222070354,1707700
2017-07-06,105.05503845214844,105.52625400741738,104.62377025742393,105.0710149590654,1249200
2017-07-07,106.33287048339844,106.85998543189903,104.91924846205656,105.48629857692875,1254200
2017-07-10,104.79147338867188,106.74817468329131,104.78347904346613,106.73219817938165,1272100
2017-07-11,104.56784057617188,105.27865486681901,104.55187625850716,104.76750422549918,1112600
2017-07-12,106.92388153076172,107.21937983248156,104.99113886506296,105.26267850375159,1135400
2017-07-13,107.13152313232422,107.41105710538112,106.66830202107364,106.92387733204014,955500
2017-07-14,108.6489486694336,108.88056529003016,107.72251874654758,107.76244172082276,1202400
2017-07-17,108.13783264160156,108.93648727613777,107.61072984454965,108.67294197086312,1458900
2017-07-18,108.76079559326172,110.21435305554522,107.87430053946757,108.0739642225392,2272400
2017-07-19,108.15380859375,109.15212688181796,107.28327797131536,108.29757276421311,2758000
2017-07-20,108.8087387084961,109.77510423085887,108.35349960469293,108.36148176587162,2082100
2017-07-21,109.33580780029297,109.47158980385018,108.31353090652163,108.60904138976153,1542700
2017-07-24,109.47160339355469,110.19836989430627,108.69690737509673,109.3917330505474,1367500
2017-07-25,109.1121826171875,109.99868967055096,108.64896150775868,109.99070751205274,1205300
2017-07-26,110.11051177978516,110.20635862380972,108.84065382161008,108.87260683178584,1338000
2017-07-27,107.70655059814453,111.4123071365897,107.01970721364172,111.10881451496024,2933600
2017-07-28,110.48589324951172,110.84528544339798,107.66664300645328,107.95415919886312,1972600
2017-07-31,108.88060760498047,111.11684342597746,108.41738637026286,110.74945686516527,2386700
2017-08-01,108.59305572509766,108.95244782069136,108.225669284968,108.80070151251826,2375000
2017-08-02,110.19038391113281,110.32615374033146,108.32153494004125,108.68092709809686,2409000
2017-08-03,109.53549194335938,110.3581053448335,109.28791092554734,110.2622706763912,1661900
2017-08-04,109.87091827392578,110.22231605839329,109.5354726205444,109.81500660286156,927900
2017-08-07,110.27025604248047,110.34213203795848,109.37575452602036,109.71918237080942,976600
2017-08-08,109.12020111083984,109.8629441700961,108.75281456809195,109.80704467523476,1333500
2017-08-09,110.09452819824219,110.52579626813525,108.88056994052376,108.91251075860818,1319300
2017-08-10,109.27991485595703,110.30219181090438,109.26393835108212,109.65528350825048,1032700
2017-08-11,109.16008758544922,110.03063022328033,108.84861282825283,109.56740916628308,870800
2017-08-14,111.78770446777344,111.82763964190818,109.73515594498836,109.73515594498836,1648500
2017-08-15,111.56407928466797,111.93944797629933,110.94911174081386,111.54012061809608,1386100
2017-08-16,112.6821517944336,112.7141047964109,111.55604611147635,111.81162138129626,1334600
2017-08-17,111.53211212158203,113.0176101930944,111.53211212158203,112.63425939007575,956300
2017-08-18,111.81163787841797,112.1151305094827,110.78936102130683,111.36439327674452,1114300
2017-08-21,112.83392333984375,112.97768750791681,111.91547540469115,111.9633927318814,1545900
2017-08-22,113.48081970214844,113.61658951041771,112.57035402172421,112.83391148007084,1030300
2017-08-23,114.07984924316406,114.29548945239854,113.17737760174792,113.40099997187804,921600
2017-08-24,114.84654998779297,115.21392433075854,113.81627858518578,114.24755895397607,1579000
2017-08-25,115.19795227050781,116.6754560760785,114.99029426004168,115.58130309417173,1254000
2017-08-28,116.42788696289062,116.6994266495911,115.23788701375612,115.23788701375612,1577300
2017-08-29,116.51573944091797,117.10674833520184,115.71708470153638,115.87681321211186,1178500
2017-08-30,117.81753540039062,117.91337005709929,116.06049763721681,116.32404294316565,1753000
2017-08-31,118.24079132080078,118.76790617168773,117.3063670959555,117.7056943127184,2293200
2017-09-01,116.41989135742188,118.46444530481484,115.98861102340764,118.46444530481484,1765800
2017-09-05,117.35431671142578,117.52202736418528,116.34002188946485,116.57962072276703,1559300
2017-09-06,116.65949249267578,117.64981647559296,116.65949249267578,117.40223547986366,1380700
2017-09-07,117.39421081542969,117.42615162832867,116.6195150977692,116.85111950415802,1757400
2017-09-08,115.79696655273438,117.24252982476897,115.35770396513965,117.24252982476897,2240600
2017-09-11,116.74732971191406,117.28243904614838,115.50143042029985,116.93901121312499,2202000
2017-09-12,115.66913604736328,116.83516482669324,114.88645802691569,116.71537152282403,2058700
2017-09-13,114.76668548583984,115.8368799293252,114.51910446242952,115.74902741909852,2087600
2017-09-14,114.08782196044922,114.2874856235326,112.93775731124845,114.06386329579944,2778900
2017-09-15,115.81291961669922,115.91674863272083,114.1037989582507,114.25554530889636,3210600
2017-09-18,115.6212158203125,116.78724457034073,115.42953435243771,115.82087944607765,1531000
2017-09-19,112.59434509277344,116.26816187773827,110.83730705120509,115.62923562993944,5507600
2017-09-20,112.131103515625,113.10546312470527,111.38836057025361,112.73808882479115,2876800
2017-09-21,111.33245849609375,112.51447620716694,111.33245849609375,112.2349421921083,1958400
2017-09-22,110.03862762451172,111.15673916767267,109.5514478407412,110.38205543266234,3140700
2017-09-25,109.72712707519531,110.5098049717419,109.47156400523068,110.06256045942956,1936200
2017-09-26,108.95246887207031,110.17440954508811,107.1075785299259,109.73514703826726,2752300
2017-09-27,107.61072540283203,108.92850062082351,107.42702607018916,108.63300231792289,2646600
2017-09-28,109.23193359375,109.264031637682,107.33783059308546,107.77924299121013,1988600
2017-09-29,109.69743347167969,110.0987264163314,108.83867293829917,108.9269578759821,1705800
2017-10-02,109.0393295288086,110.47595301551657,108.87881478535088,109.97835363685067,1513400
2017-10-03,109.68142700195312,110.11481813767239,109.03935562794918,109.15171719991291,1885800
2017-10-04,111.4310073852539,112.0810999112868,109.70545284710516,109.87398900382404,1827000
2017-10-05,111.76007843017578,112.30583092408786,111.55943196979844,111.65573835190338,1965400
2017-10-06,111.64773559570312,111.66379074423813,110.25926528643332,111.16617911157401,1377200
2017-10-09,110.70870971679688,111.64773382410738,110.37162508185129,111.55944887830093,2115800
2017-10-10,110.02649688720703,111.11801418911601,109.84992701142112,110.88526966911938,2173900
2017-10-11,110.70067596435547,111.55142737192632,109.97033204558159,109.97033204558159,2003800
2017-10-12,112.3861312866211,112.6269095673835,110.25928300728604,110.74886102112251,1657900
2017-10-13,112.33797454833984,113.09240742264957,111.77616674188313,112.96399071074755,1815500
2017-10-16,112.0329818725586,112.90779771300366,111.39894429231163,112.12930052453245,1590200
2017-10-17,111.66375732421875,112.63487920636074,110.81301840383436,112.0810930893028,1393100
2017-10-18,110.33953857421875,111.67183449945038,110.28336391286167,111.5193411741357,1695800
2017-10-19,111.06987762451172,111.5594555813109,109.99441530842518,110.29136821375741,2090600
2017-10-20,111.61563110351562,112.54662147448406,110.91737301717755,111.38287432590647,1860900
2017-10-23,111.35881805419922,111.76011109223238,110.54821052610926,111.2625116439486,1556900
2017-10-24,110.78089904785156,111.61559500266436,110.12278516663902,111.55940812745263,1875300
2017-10-25,110.21910858154297,110.86117966616827,109.63322438082277,110.49198481240033,1209900
2017-10-26,111.11804962158203,111.75209953585482,110.28336541701813,110.80504151405897,1692700
2017-10-27,111.58353424072266,112.47440521964717,110.87725461880314,111.79220219879393,1556200
2017-10-30,114.66549682617188,116.2144947001792,111.08596890907818,111.36686675653918,5117800
2017-10-31,115.30751037597656,115.83721998888662,110.99762817659136,112.29781336601741,2999200
2017-11-01,113.01211547851562,116.1020760062292,112.6750308794632,115.7730128572178,2819200
2017-11-02,114.3203353881836,114.73768347728853,112.77937195897545,112.88369979638514,1367600
2017-11-03,114.04743194580078,114.29623155134992,112.54658837133417,113.83073037953812,1577200
2017-11-06,120.51629638671875,121.15836752779886,116.34285233943065,116.4070484316991,3936600
2017-11-07,120.9176254272461,121.02195329320277,117.84371917783578,120.37989420688076,2504600
2017-11-08,122.57089233398438,124.62550982102981,120.50824115197493,120.62863635805904,2334800
2017-11-09,121.84861755371094,122.80368464706767,120.83735131317052,121.83256240401431,1892100
2017-11-10,120.82128143310547,121.83254755035368,119.1519134629135,121.45533118066419,1537200
2017-11-13,120.41999816894531,122.63514336885883,119.28032751741307,121.4071877673809,2453000
2017-11-14,119.97858428955078,121.16640812806713,119.05560305134327,120.42803048539533,1854500
2017-11-15,119.52914428710938,120.25950059127481,117.81964418893777,120.02675600626753,1631500
2017-11-16,119.10375213623047,120.52433272125603,118.6462845050127,120.29960963109819,2014000
2017-11-17,117.07320404052734,119.4649188956977,116.83243806211154,118.75863936837338,2055000
2017-11-20,117.3541488647461,118.13265841681182,116.88062597124014,117.45848898404135,1703500
2017-11-21,117.65107727050781,118.22091871155146,116.88862302972346,117.4825410707347,1925500
2017-11-22,116.62377166748047,117.87580388915815,116.37497196272282,117.48254458027955,1694700
2017-11-24,118.22090911865234,118.50984054130872,116.71204366183696,116.98491993698761,887600
2017-11-27,118.96731567382812,119.83410999661528,118.38945279197003,118.38945279197003,1489000
2017-11-28,119.2963638305664,119.9705330256204,118.10854016597294,119.24821063756092,2373100
2017-11-29,117.4183578491211,119.41678955303038,116.94483495310581,119.15996834958715,2197400
2017-11-30,115.51618957519531,118.05236410910787,114.39257414700097,117.75541122733287,4200400
2017-12-01,115.25936126708984,116.49533816118424,113.70234266599834,115.74893915458266,2009500
2017-12-04,111.53535461425781,115.88536837601839,111.52733316463308,115.34763733544986,2238600
2017-12-05,112.97199249267578,113.42145090607534,111.22236102199192,112.86766464810069,1734100
2017-12-06,113.80667877197266,114.23204830319165,112.47438328912261,112.69910635291798,1113700
2017-12-07,115.66068267822266,116.00578882086964,113.56593247972633,114.56916509880517,2174500
2017-12-08,114.34442901611328,116.31076227741507,114.1839142645461,115.9736776251768,1698500
2017-12-11,115.61251068115234,115.9816933669337,113.53381597143452,115.7248722263671,2274700
2017-12-12,115.17910766601562,116.8565216436583,114.90623137651029,115.70079589223577,1859300
2017-12-13,115.35565948486328,116.84846963881391,115.15501302463598,115.15501302463598,1726400
2017-12-14,115.283447265625,116.38298611634593,115.2352940672708,115.36371076054198,2114700
2017-12-15,114.57717895507812,116.19840618904736,113.91906476876817,115.4038415986758,3648600
2017-12-18,114.6413803100586,115.29147300500172,113.97523246623689,115.29147300500172,2027600
2017-12-19,113.8548355102539,115.53223709099383,113.76655057197871,114.77780439054919,2284700
2017-12-20,112.5145263671875,114.17587291665347,112.37808822517259,113.96720497824651,2576500
2017-12-21,112.0490493774414,113.33319207576712,111.88853460177378,112.56270400747322,2580000
2017-12-22,112.89171600341797,113.23682200209585,111.17418296592412,112.52252116515884,3069100
2017-12-26,113.09239959716797,113.7826240677663,112.3058564760621,112.53059182958582,824500
2017-12-27,114.1812973022461,114.7378484131549,113.19725290769496,113.41503645275314,1014500
2017-12-28,115.27017211914062,115.60087809835653,114.17320549385094,114.25385738375797,1784800
2017-12-29,115.07661437988281,115.75414950216891,114.93949505567956,115.47184935503219,1129500
2018-01-02,113.83443450927734,115.52021034020567,113.6569831262714,115.47181674622735,1880600
2018-01-03,114.2780532836914,114.93946523692695,113.6166536380843,113.76990822762076,1770500
2018-01-04,112.60843658447266,114.50393484479743,112.58423978179881,114.08450308573238,1729600
2018-01-05,113.33434295654297,113.4875975483782,112.59227910290325,113.1084979709843,2119400
2018-01-08,114.54425811767578,115.53637628791319,113.4553650414394,113.4553650414394,1882100
2018-01-09,113.76993560791016,114.7378446655307,113.61668098149089,114.61686064868992,1581600
2018-01-10,110.9952392578125,113.406956237857,109.72082111605062,113.25370163172434,3330500
2018-01-11,108.86583709716797,111.317873926622,108.49479897371431,111.30981242893193,3244000
2018-01-12,107.27685546875,109.2933377144032,106.90581732019223,109.20461200328923,3197300
2018-01-16,109.3982162475586,111.30983778410395,107.47045940432761,107.47045940432761,3193900
2018-01-17,110.2128677368164,110.63229954565216,109.33368431499143,109.79343592798064,1999700
2018-01-18,109.04328918457031,110.23704315450546,108.66418956107229,110.16445275195395,3416400
2018-01-19,111.00332641601562,111.05172002753315,108.68840840912094,109.61598545022736,3284700
2018-01-22,112.30998992919922,112.30998992919922,110.83392357536488,111.05976858285135,1826700
2018-01-23,113.89091491699219,114.08450164356682,112.2777291184296,112.52777094798586,2923400
2018-01-24,114.34260559082031,115.08466958526353,113.73766091308205,113.81026362821018,3061500
2018-01-25,115.31050109863281,115.39115298635811,114.13287030766375,114.90720473712163,2409500
2018-01-26,117.0608139038086,117.06887540084861,115.2137095484295,115.45568984355009,2107900
2018-01-29,116.41557312011719,117.7545204994165,115.89128026773395,116.87532474576041,3901700
2018-01-30,117.07696533203125,117.48833562593327,115.21373753005538,116.05260111585525,2440000
2018-01-31,119.13377380371094,120.05328925549755,117.14956207978626,117.28668140155087,3184700
2018-02-01,118.61750030517578,120.47266566096934,118.19806872642336,119.3918345807475,2351000
2018-02-02,117.13340759277344,118.35943209692103,116.33487628871683,118.11745179499816,2474600
2018-02-05,114.56844329833984,117.99646291980713,114.35067208976389,116.26229321082282,3000900
2018-02-06,113.06009674072266,114.6732821329983,111.01135670788884,113.14882242960293,3817000
2018-02-07,112.9229736328125,114.80233602804532,112.30996763526595,112.80198965554258,2245900
2018-02-08,107.736572265625,113.67308158824432,107.64784659326925,112.82616926113322,3890100
2018-02-09,109.73697662353516,110.4467700717843,105.15552212918787,108.36577102864544,3977300
2018-02-12,109.88216400146484,110.68875702390925,107.94634567065137,110.49518257540758,3821000
2018-02-13,109.94668579101562,110.43870799510835,108.77712844583421,109.72084074398606,3710300
2018-02-14,109.2771987915039,109.61596632063939,106.9703426865647,108.91423446083235,4829300
2018-02-15,109.87405395507812,110.44672785570823,107.30908287704636,109.34169984164906,3223300
2018-02-16,112.93914794921875,113.76993770049006,109.53532472633508,109.5837183339615,3024700
2018-02-20,112.30998992919922,113.48760856714584,111.850226109054,112.24546102597024,2220500
2018-02-21,110.85813903808594,113.12466329968198,110.77747481856281,112.4632511609617,2811400
2018-02-22,112.10027313232422,113.31016243199102,110.68873561604629,111.2775572700447,3075900
2018-02-23,114.43130493164062,114.43130493164062,112.01152677832954,112.60034832379417,1925000
2018-02-26,115.13306427001953,115.30244187099505,114.60071005169405,114.64910365197278,2214100
2018-02-27,113.48760223388672,115.33470660130115,109.54336401289717,115.11692310351069,4572500
2018-02-28,112.38261413574219,114.22970685422906,112.36647882817383,113.97966497127045,4015600
2018-03-01,109.18846130371094,112.61648063797368,108.81743551509835,112.11639705000492,3178000
2018-03-02,108.08341979980469,108.68836431360955,106.48636972949555,108.59157712984162,3224600
2018-03-05,110.3499755859375,110.69681694203993,107.49464206009752,107.49464206009752,2486100
2018-03-06,112.01959228515625,113.26980105899548,109.86599136514084,110.28541068582301,3144500
2018-03-07,112.9229736328125,113.6005085207788,111.01135294618352,111.3017267992587,2750000
2018-03-08,115.13306427001953,115.23791296808017,113.0117212018506,113.33435340879527,3025500
2018-03-09,115.81060791015625,116.40749107582876,114.96368291934398,115.07660543094357,2172300
2018-03-12,117.02051544189453,117.5205991699691,115.59284236715241,115.59284236715241,2443000
2018-03-13,117.96420288085938,121.08571323403436,117.21407744712555,117.21407744712555,2159100
2018-03-14,118.13358306884766,118.82725334663692,117.43183898643764,118.16584136444365,2467400
2018-03-15,118.28684997558594,118.91599148549254,117.68997907562054,118.55302712325897,2142800
2018-03-16,118.2061767578125,118.7304571523492,117.25439085822315,118.06098365451307,4063100
2018-03-19,117.05272674560547,118.26261577555357,116.16548217488678,117.97224191606092,2581700
2018-03-20,118.01261901855469,119.11764748222602,117.2624934415717,117.2624934415717,2491100
2018-03-21,114.8023681640625,118.41590088569386,114.68137184529533,118.41590088569386,2422300
2018-03-22,115.35086822509766,117.10924748283733,113.95546568777497,114.43135263581662,2454100
2018-03-23,114.75395202636719,116.8268889584535,114.46357814902737,115.32662597680255,2228600
2018-03-26,117.12533569335938,117.36730366616314,115.02818967311909,116.33486595677269,2172600
2018-03-27,116.52041625976562,118.69014083185995,115.31858840275399,117.06889352650535,3043200
2018-03-28,116.39134216308594,117.93193734720094,116.1977554625655,116.39940366024665,2423100
2018-03-29,117.2302017211914,117.61737515020961,115.83479953854163,116.7946469980836,2978300
2018-04-02,116.01226043701172,118.56109700214755,115.17339691316977,117.54478205240174,2705400
2018-04-03,114.06834411621094,116.85108661506061,113.23755457641929,116.22194526080341,3442400
2018-04-04,115.38311004638672,115.78640647275813,113.11658609940022,113.7134569335466,1956500
2018-04-05,116.21388244628906,117.44796834315534,115.22177683084581,115.34276081774314,2013400
2018-04-06,114.66524505615234,116.47200520339098,114.10869400807243,115.75413804325483,1527400
2018-04-09,115.49602508544922,116.9640175825525,114.82655158404546,114.82655158404546,1829700
2018-04-10,111.40943145751953,116.9069266746825,109.57693717594482,116.35556131246027,6140200
2018-04-11,113.45272064208984,114.89601471651508,110.54991223048309,110.56613249323937,2807600
2018-04-12,112.20399475097656,114.1662252197185,111.57154081363129,114.1662252197185,2805000
2018-04-13,112.62564849853516,113.85812851602198,111.99319441497454,112.62564849853516,1460400
2018-04-16,112.31755828857422,113.55002615874035,111.8553735579347,113.3473161623061,2073200
2018-04-17,114.34467315673828,115.19605772721991,112.15540738438408,112.92570299674823,2734500
2018-04-18,113.3635482788086,114.45007100391076,113.25003116383431,114.17438834932142,1773400
2018-04-19,111.42562866210938,113.20137019941635,110.82560262231966,112.84459862832173,2553000
2018-04-20,110.77693939208984,112.62565331109974,110.46882865387792,111.06073829636264,2659300
2018-04-23,112.0580825805664,112.2202481018173,110.90669129551797,111.32833154871926,1911300
2018-04-24,111.05265808105469,112.83650370675564,110.40398357013511,112.479732107128,2430000
2018-04-25,110.05528259277344,111.04450813859557,109.75527582594383,110.39583382409087,1511900
2018-04-26,110.95532989501953,111.66076902730515,110.20125472034279,110.53370205156881,1794500
2018-04-27,109.65800476074219,110.12017712162422,108.27146293322336,109.2606887113511,2311000
2018-04-30,110.56611633300781,111.68507922337307,109.06605774440031,109.42282923828103,2548600
2018-05-01,109.54446411132812,112.43105187724562,108.53091434113608,111.14181953894546,3249700
2018-05-02,110.65531921386719,111.67697300674851,108.96877078181612,108.96877078181612,2362800
2018-05-03,111.55535888671875,111.86348201883581,109.49581853904496,110.09584454042147,1858600
2018-05-04,112.58509063720703,113.27429691799749,111.23909384540748,111.23909384540748,1729800
2018-05-07,112.0094223022461,113.34730317646084,111.3445400237821,112.50403513177689,1532400
2018-05-08,111.09320831298828,111.92026875867705,110.15264310973747,111.7094547665145,3069700
2018-05-09,111.85536193847656,112.0742921761654,110.4363921108384,111.21480386015703,1661400
2018-05-10,113.42837524414062,114.33651182987393,112.20401164212997,112.61753547189788,1801900
2018-05-11,112.59323120117188,113.86624343529218,112.22023939603805,113.51758821027241,1197800
2018-05-14,112.13105010986328,113.05540714863609,111.47427173658201,112.54458639854825,1142800
2018-05-15,110.84181213378906,111.79860965185736,109.68231701264686,111.34454128630699,2607800
2018-05-16,110.65531921386719,111.3607459490161,110.18503059962303,110.9634423268907,1839900
2018-05-17,110.96345520019531,111.4337314965634,110.29856048388852,111.08507624711187,1820400
2018-05-18,111.1256103515625,112.43106308055032,110.26612204038449,110.85803170087662,3562500
2018-05-21,111.39318084716797,111.66886342256409,110.46882392721376,111.60399475086487,1266900
2018-05-22,111.2066879272461,111.57157578213398,110.16881383952312,111.57157578213398,2169100
2018-05-23,110.94723510742188,111.5148206146339,110.43640196471297,111.22291772914828,1772500
2018-05-24,109.86882019042969,111.52292834942459,109.51204861022147,111.03643177204329,1729800
2018-05-25,110.54179382324219,111.64453647012682,109.98231236948276,110.04718103958582,1484600
2018-05-29,110.24992370605469,110.88237796167179,109.35799469303703,110.03099342605265,2295400
2018-05-30,111.758056640625,112.13103603849105,109.96609515021397,110.22556983780261,1848100
2018-05-31,112.1959228515625,112.3581007437453,110.25801581536452,111.28778604303206,4514500
2018-06-01,112.31755828857422,112.55269644056598,110.96345699708576,112.05808355436895,1623700
2018-06-04,113.56623077392578,113.72029232957678,112.53646066965435,113.1040584794074,1246400
2018-06-05,112.63379669189453,113.85816073915593,111.69321924465974,113.56625782009816,2565200
2018-06-06,112.73919677734375,113.12840891526126,111.555377215381,113.00677548249799,1347000
2018-06-07,112.04185485839844,112.99054845805854,111.56346227220088,112.76351426893306,1493000
2018-06-08,112.36619567871094,112.90945693113802,111.74996180411493,112.36619567871094,3537400
2018-06-11,113.22566223144531,114.03650198170557,111.96075420062853,112.30130541104592,1475100
2018-06-12,114.44196319580078,114.53115609544516,111.89592595519598,112.36621466491752,2940900
2018-06-13,110.64722442626953,114.05274972348158,110.29855681597662,114.05274972348158,2270400
2018-06-14,112.1796875,112.64996368041645,110.67962897155877,110.914767061767,2103500
2018-06-15,112.34998321533203,113.67976025882713,112.09862480656709,112.46350031517541,3087800
2018-06-18,112.70875549316406,112.79844682123624,111.49386038932289,111.97492640281136,1497800
2018-06-19,113.40180969238281,114.39656339121228,112.09721100624003,112.20321322644199,2741700
2018-06-20,114.59224700927734,114.96732318331752,112.88812442466585,113.31212087323834,2178400
2018-06-21,115.52176666259766,115.63593055575338,114.42917242010093,114.68193545991696,1940800
2018-06-22,116.45130157470703,116.87528557093505,114.87762894829405,116.09253631514862,2543700
2018-06-25,115.90495300292969,116.64694340896578,115.23635542370212,116.23925801332894,2174200
2018-06-26,116.73666381835938,116.95681747056938,115.75007188205255,116.17405584136381,3052500
2018-06-27,116.88343811035156,117.56834676603633,116.53282210988195,116.85897797561812,2147700
2018-06-28,117.62542724609375,117.74774037275222,116.25560980686105,116.88344902063035,2110300
2018-06-29,117.5520248413086,118.22878420249091,116.31265755085585,116.94864587744686,1995800
2018-07-02,117.9597396850586,118.00865996212387,116.36161924023797,117.68251648730467,1559500
2018-07-03,116.62252044677734,118.26141178056734,116.4023667793332,117.97603937761927,1669600
2018-07-05,118.77510070800781,118.80772251765983,116.91605568824303,117.22590067206217,1512400
2018-07-06,118.8892593383789,119.31325579843529,118.15543031736756,118.66910565544521,1376600
2018-07-09,115.9294204711914,118.24508312061438,115.55435685073877,118.0901606698124,2334400
2018-07-10,117.03836822509766,117.44605379601654,113.47520031657108,115.37501657004219,3775300
2018-07-11,116.93236541748047,117.73142556387138,116.35344649693994,116.58174939590877,1250400
2018-07-12,117.21774291992188,118.02496477454915,116.6551473211427,117.0628328644054,1504600
2018-07-13,116.78560638427734,117.91897178563269,116.54099255085018,117.22591377276152,953700
2018-07-16,115.58699798583984,116.55729154627967,115.13855385222323,116.02730532932814,1644500
2018-07-17,115.92127227783203,115.99465266837146,114.8939094855646,115.61958904456651,2995100
2018-07-18,115.27714538574219,116.16589670823008,114.6819156524154,115.9212829423562,2046400
2018-07-19,115.51361846923828,116.23114899509491,114.77162780650703,114.95101043797118,1505900
2018-07-20,114.46182250976562,115.79903089076524,114.2498180176115,115.22827349184678,1786500
2018-07-23,114.83682250976562,114.94282469693641,113.67899744635007,114.78790225155488,1457900
2018-07-24,115.43205261230469,115.52173145832657,112.93700745968617,114.510679607172,3230400
2018-07-25,116.5491714477539,116.88347665478635,115.0651897628264,115.16304277560312,1572200
2018-07-26,117.82929229736328,118.09836629700396,116.45947459909539,116.7366978320909,1619000
2018-07-27,117.72325897216797,118.34293640061999,117.3971031348987,118.26139433090941,1424800
2018-07-30,116.36976623535156,117.86189686503661,115.7337777625777,117.4379004026621,1963200
2018-07-31,120.87064361572266,122.9743030213728,118.71806392368644,119.74542726252926,3924400
2018-08-01,122.4442367553711,122.70516139443255,120.06335541100728,120.40580966859677,2766300
2018-08-02,120.84614562988281,122.59918836484141,120.78906368592183,122.13442090655755,1877100
2018-08-03,123.11286163330078,123.27593333156057,120.67489806504737,121.14781469910187,1673000
2018-08-06,123.04764556884766,123.63471370789946,122.08550128034486,123.36563977403617,1272700
2018-08-07,122.330078125,123.01498659980467,121.23748425687292,123.01498659980467,1418100
2018-08-08,121.75119018554688,122.5257900613022,121.22934085952684,122.5257900613022,1060300
2018-08-09,122.77043151855469,122.87642130043686,121.5881334797356,121.92243861404411,1231700
2018-08-10,121.63705444335938,123.43903004446486,121.55552479849422,122.43612707743678,1260000
2018-08-13,121.49844360351562,122.16705388006652,121.15598923317579,121.49029437145123,957900
2018-08-14,121.5799789428711,122.19965646791697,121.14783327750392,121.62074998408168,1433500
2018-08-15,121.93057250976562,122.19149719881955,121.0092117502821,121.56365805216076,1413900
2018-08-16,122.0773696899414,122.76227847061733,121.91429794810091,122.28121247763613,1154200
2018-08-17,123.25965118408203,123.29227299628806,122.06921631165747,122.21597714185667,1542000
2018-08-20,122.94979095458984,123.8711641909148,122.72964973654493,123.62655039595714,1496300
2018-08-21,121.71859741210938,122.97427587957564,121.44137422272226,122.80304247343908,1520000
2018-08-22,120.76458740234375,122.05287494832956,120.26721064371361,121.71042065507858,1134400
2018-08-23,120.16937255859375,121.26196662712543,120.01445009006387,121.02550208834622,1206600
2018-08-24,120.72384643554688,121.10707185853953,120.16940004407084,120.16940004407084,1339900
2018-08-27,120.97657775878906,121.53103644639747,120.47105177663033,121.13150022211454,1072800
2018-08-28,122.3871841430664,122.39533337357148,120.58520887558412,120.71567121310487,1192400
2018-08-29,122.67256927490234,123.33301782016405,122.44426638127051,122.5421069238057,1309000
2018-08-30,121.44135284423828,123.02317449821727,121.16412970365342,122.81933175809777,1034100
2018-08-31,121.588134765625,122.44427691115764,121.27830220709392,121.59629643925454,965400
2018-09-04,120.7972412109375,121.5392320067756,120.31617517733685,121.27015801130979,1171000
2018-09-05,120.3487319946289,120.76456661308336,119.48442851769946,120.69933545775449,1667200
2018-09-06,120.7482681274414,121.00919277558137,120.10413061990042,120.51181605144009,1304000
2018-09-07,119.49261474609375,120.83797183173218,119.33769227554454,120.32429659549979,1510900
2018-09-10,120.12859344482422,120.9684244573067,119.91660149463476,120.06336228132618,1312300
2018-09-11,119.85954284667969,120.29168850243359,119.47631746266025,120.01446533488858,1194900
2018-09-12,120.1122817993164,120.22643322433763,119.40291311822543,120.07967243855558,1359900
2018-09-13,121.26200866699219,121.824616798671,120.47109758935348,120.6749403940732,1676600
2018-09-14,120.01446533203125,121.1967508513595,119.6230907165903,121.10705953932359,1182700
2018-09-17,120.47109985351562,121.0010861791166,119.35404524396215,119.92480261958883,1507800
2018-09-18,120.19380950927734,121.07441144351924,119.80242257745601,119.95734501610562,1108300
2018-09-19,120.33248138427734,120.87877858709489,120.12863858733452,120.34063061718736,1247500
2018-09-20,121.2701187133789,121.37612091888472,119.74537900807965,120.35690722463156,1021400
2018-09-21,121.07445526123047,121.9795176510634,120.93584367163491,121.09075372477685,2793300
2018-09-24,119.35398864746094,120.74011660000237,118.97076335378095,120.67488543920878,1258000
2018-09-25,118.7995834350586,119.56603436715208,118.6202007725866,119.28064946551648,1127500
2018-09-26,117.37265014648438,118.98708120412125,117.16065817053571,118.64462688532396,1378400
2018-09-27,117.56123352050781,118.56147655707163,117.48744817606409,117.82359809217174,1530500
2018-09-28,119.12716674804688,119.2337413887304,117.52842203550422,117.52842203550422,1523400
2018-10-01,118.08592987060547,119.77486085234123,118.0285454493052,119.77486085234123,971200
2018-10-02,118.16796875,118.5533089822831,117.33169712778621,118.09417087875013,1043400
2018-10-03,117.987548828125,119.49610731770832,117.03649618938499,118.18430971184424,1910000
2018-10-04,118.42206573486328,118.72541373644567,116.71673404417935,117.83995232915434,1507900
2018-10-05,118.67627716064453,119.9470791763285,118.32373878435395,118.72546739824477,1625900
2018-10-08,119.52891540527344,120.45537307908752,118.88122321090192,118.92221923819328,1760800
2018-10-09,121.05387115478516,121.25064457332178,119.18456746449463,119.73387918389986,1782200
2018-10-10,119.29117584228516,121.13588474706276,119.29117584228516,120.17663761780635,3517100
2018-10-11,115.33937072753906,119.90605521126504,115.10980799872226,119.57811203016402,2484300
2018-10-12,116.46259307861328,117.8809653708737,115.45415598725594,116.49538239018455,2219700
2018-10-15,117.02012634277344,118.26633314813533,116.01988321758239,116.24125178075941,1289600
2018-10-16,119.44694519042969,119.9962569703913,116.98733348361125,117.36446693959346,1303100
2018-10-17,120.25859069824219,120.62754240615646,118.41388219959143,119.06978105671328,1737000
2018-10-18,120.34877014160156,121.46379438258366,119.51251134353707,120.1028190305411,1515800
2018-10-19,123.10354614257812,123.75944502103006,120.43896711342941,120.63574053003417,2450700
2018-10-22,122.36567687988281,123.53808573552936,122.12791993014571,123.06257183605516,1996800
2018-10-23,123.677490234375,124.0300286023436,121.6933922896239,122.24271662381489,2179100
2018-10-24,124.5957260131836,125.33360448945638,122.77561242746378,123.4888957885429,3056300
2018-10-25,125.85831451416016,126.21086533045455,123.32491770054406,124.5383225238237,2628100
2018-10-26,122.66082000732422,125.25161366309045,121.94753671047752,124.99745582215569,3639000
2018-10-29,125.29266357421875,125.98954625871927,123.24298654291877,123.54633474027571,3072700
2018-10-30,131.9581756591797,132.5812853457694,123.09537613287131,126.26007727138149,5553600
2018-10-31,127.74403381347656,131.8843827686796,127.28490828763499,131.17929356535652,3841200
2018-11-01,125.45660400390625,129.12962082678064,125.31722750170209,128.34253953819123,3963600
2018-11-02,124.66951751708984,125.4401978585113,122.35748900305761,125.29262716005978,3978700
2018-11-05,127.6538314819336,127.77681956031094,125.00565332925386,125.35819163142796,2301400
2018-11-06,128.03097534179688,128.30972829858447,126.89955009218416,127.7358214727775,1285000
2018-11-07,128.67869567871094,129.35918981765815,127.94081709973524,129.15422215569453,1803400
2018-11-08,130.65457153320312,130.68736085074752,128.45731195077485,128.6868872145128,1707900
2018-11-09,131.29408264160156,131.42526494531091,130.51520804245604,130.59718759959958,2279800
2018-11-12,132.02374267578125,132.78622872913104,131.26126913266222,131.26126913266222,2059600
2018-11-13,132.2532958984375,132.62223508664653,130.98249424106876,132.28609772107777,1496800
2018-11-14,133.9750518798828,134.11442837454973,131.73679623255876,132.75344023570995,1940900
2018-11-15,132.92564392089844,133.51595184049032,131.71222624716268,133.43395976434473,1987800
2018-11-16,134.44236755371094,134.6555419005123,132.5156792921773,132.72884112874706,1987400
2018-11-19,136.2870635986328,136.3936507621255,134.3603755161979,134.8686912001222,2171500
2018-11-20,131.7039794921875,136.99214102744398,131.63019415923833,135.40979717313027,3449900
2018-11-21,131.43345642089844,132.34351330487095,130.38402303346402,131.65482499003576,2009700
2018-11-23,131.4990692138672,132.14676160246367,130.25286216984736,130.98254663761372,746900
2018-11-26,132.4828643798828,132.63044756772518,130.5643705095448,131.99094961094582,1447200
2018-11-27,132.8845977783203,132.95018891245857,131.16286491032238,132.3352861039207,1390200
2018-11-28,132.81903076171875,133.54871505993867,131.99096599954214,132.18772692745551,2332200
2018-11-29,133.4093475341797,134.44238000586483,132.0975495454911,132.8190396902931,2063300
2018-11-30,134.8604736328125,134.99985008618387,132.72061159415162,133.81923482206363,2741400
2018-12-03,133.7044677734375,135.4015930143989,132.41726522666212,135.295018368207,2651600
2018-12-04,134.0324249267578,135.64757080160587,133.6716799075711,133.86025912865657,2468800
2018-12-06,137.43490600585938,137.61527852991702,132.10574736470443,133.4831239008916,2809300
2018-12-07,136.4510955810547,138.21382536328733,135.96737479611892,137.22177615921598,3357400
2018-12-10,136.2542724609375,136.83637347630548,133.43391610356326,136.06570575978466,1908700
2018-12-11,136.6232147216797,137.18073314701292,135.68856288559599,136.69700006157905,2033000
2018-12-12,134.99169921875,137.36933163983844,134.57356968566728,137.32014140185618,2675000
2018-12-13,136.75439453125,137.4430827116756,134.8112930440223,135.39340657214916,2153800
2018-12-14,136.59043884277344,136.91838205918177,135.29504187056654,136.5248476974454,2193400
2018-12-17,131.94996643066406,137.0495621795163,131.4826342189395,136.8773838619779,2743400
2018-12-18,133.07318115234375,134.01603974977124,132.14672346806427,132.69604772155773,2475300
2018-12-19,133.26174926757812,135.02447839768627,132.63865217395133,133.21255903784856,1912300
2018-12-20,132.44190979003906,134.43420213271224,131.58924975098438,133.106015577753,2570400
2018-12-21,129.53955078125,134.95070157747102,129.22799595964105,132.4418871107075,4385700
2018-12-24,125.91572570800781,129.14601780845155,125.13685115577351,128.97383948142414,1968500
2018-12-26,129.864501953125,129.864501953125,124.20925806583487,126.45981058432834,1981500
2018-12-27,130.74658203125,130.87023391357138,126.37736855643938,129.2049839504635,1641700
2018-12-28,130.9361572265625,133.22793052543113,130.04582613088974,131.6780935167753,1740000
2018-12-31,130.4085693359375,131.70283835396407,128.71858917923913,131.62864723259952,2044600
2019-01-02,129.2132110595703,129.5182273635939,126.89669474894394,129.5182273635939,2030600
2019-01-03,129.98814392089844,131.93367990035884,128.95766962201117,129.10606446214757,2467400
2019-01-04,130.50750732421875,131.9584231913167,129.99639609596306,130.34263395178453,2530000
2019-01-07,131.31539916992188,132.41182536555834,130.26844630846892,130.6476538173162,1708000
2019-01-08,132.79928588867188,132.83226811175123,130.73009794609385,131.7193507949231,2502700
2019-01-09,131.63694763183594,133.47532346406516,130.54053367395298,133.45059307879177,1797300
2019-01-10,133.43411254882812,133.54128594620664,130.76311751606258,131.46384536516678,1986600
2019-01-11,133.05482482910156,133.7637915880262,131.81825577835144,132.76629959801173,1878800
2019-01-14,133.05482482910156,134.0111079139824,132.60142624038454,132.7580477537603,1435400
2019-01-15,134.41506958007812,134.63765554996758,132.42007285407874,132.91469296834964,1597100
2019-01-16,135.0168914794922,135.45381166634002,134.23373336603103,134.7448446987886,1495200
2019-01-17,135.511474609375,135.9648731653337,134.4232878854022,135.0168419932001,1322800
2019-01-18,135.75057983398438,136.22872148544457,134.68713574263987,136.22872148544457,1763000
2019-01-22,135.75880432128906,136.36061038792175,134.51399585701282,135.62691316689242,1503900
2019-01-23,136.673828125,136.68207996794592,135.4784807475271,135.6186237082901,1700200
2019-01-24,136.55845642089844,136.71509053542098,135.288917550983,135.86598067367183,1275900
2019-01-25,138.00936889648438,138.6029231160667,136.673865612908,137.25918056631335,1482100
2019-01-28,138.53695678710938,138.53695678710938,136.57492984503455,137.6218951756997,1180500
2019-01-29,139.68287658691406,139.74882846210838,138.12479970017122,138.23196049070722,1849700
2019-01-30,140.53195190429688,141.38106164722598,139.3283524919434,139.42728656986907,2159500
2019-01-31,142.4857635498047,143.40082538651927,139.52624387737103,139.97140331567596,4046100
2019-02-01,140.4989776611328,142.7412906762652,139.76528048494086,142.7412906762652,3446200
2019-02-04,140.91940307617188,140.92764234092704,139.22118368837874,140.30935785047632,2846800
2019-02-05,142.14773559570312,142.23841783394354,139.79002255951514,140.8287360874251,1671100
2019-02-06,140.3670654296875,142.0900151292662,140.22692245967212,141.2326662012222,1422900
2019-02-07,141.801513671875,142.12302117463267,140.00437239467382,140.41656214585203,1113600
2019-02-08,142.14773559570312,142.60939863158353,141.01010056390595,141.71906735950432,1294600
2019-02-11,142.60943603515625,143.1617688751113,141.91694758922569,142.50226265848138,1211000
2019-02-12,142.27964782714844,143.23593101867252,141.85097956531953,142.6835982905592,1471600
2019-02-13,143.1947021484375,143.3101147636009,141.8674507845426,142.1477367672206,1195900
2019-02-14,144.9176483154297,145.1484861187435,142.6753479336897,143.1205072722256,1832500
2019-02-15,146.59120178222656,146.86323600901758,145.07433360012874,146.14602970758799,2744400
2019-02-19,146.4097900390625,147.00334422784766,145.68433212409582,146.71480639920455,1961700
2019-02-20,145.6595916748047,146.18719396401303,144.70330859466742,146.18719396401303,1612000
2019-02-21,145.51121520996094,145.7090708105174,143.920168876387,145.3545936775985,1407600
2019-02-22,145.61012268066406,146.28610717901475,144.42301445240616,146.03879086828934,1312600
2019-02-25,143.63160705566406,146.35206135880134,143.499715923008,146.1129968880213,1946500
2019-02-26,143.4585418701172,144.53023786858344,142.963909077276,144.13452660269672,1853700
2019-02-27,142.78250122070312,145.72554154466172,141.55418403705988,143.68932353932553,1632200
2019-02-28,145.2144317626953,147.30836256203426,142.11476963008178,142.22194298141943,2888500
2019-03-01,146.673583984375,146.89616994851903,143.66460415170826,145.25565038447425,2048000
2019-03-04,148.13272094726562,148.19042095815075,145.7832348707225,147.5638972079533,1678000
2019-03-05,149.26214599609375,149.96287358270195,147.9184034241655,147.9184034241655,1991500
2019-03-06,149.74850463867188,150.27610692212767,149.11374159292535,149.2703756828472,1226000
2019-03-07,149.83096313476562,150.83670705731606,149.05604444896133,150.04529726059218,1375900
2019-03-08,149.71554565429688,150.63884657129668,148.7510232508528,149.2126737093527,1276000
2019-03-11,152.64210510253906,152.757517724738,150.07828445744696,150.2926185903786,1586700
2019-03-12,153.12847900390625,153.9775888098261,152.58438556156,152.94711452312416,1618300
2019-03-13,154.34854125976562,154.61234868813028,153.0872418680947,153.0872418680947,1512600
2019-03-14,154.9586181640625,155.0163181889122,153.1449857501089,153.89516154735367,1183800
2019-03-15,155.78297424316406,155.80770461852703,154.67005703570496,154.98332522901103,2541700
2019-03-18,155.71701049804688,156.20339128177278,154.57112373723604,155.898374956221,1556200
2019-03-19,156.55792236328125,156.81347800950974,155.4037834532049,156.15397185789948,1848200
2019-03-20,157.90164184570312,158.41276568281123,155.7417716090282,156.8629282176372,1537900
2019-03-21,160.5149383544922,160.5479079997947,157.2916114829995,157.58838860685364,1761300
2019-03-22,159.6410675048828,162.22961834571635,159.27835113134643,160.12746091620693,2050300
2019-03-25,161.3228302001953,161.83394147704726,159.54216741892418,160.01206978302343,2157600
2019-03-26,160.79519653320312,162.13068706986243,159.89662605061213,162.11419596054927,1948100
2019-03-27,160.0037841796875,161.61132138791342,158.7919455352486,160.79519388629208,2250600
2019-03-28,160.69625854492188,160.74573187165717,159.2700858103001,159.9295917974358,2455300
2019-03-29,162.4521942138672,162.67478016257226,160.473688787022,161.13319478898066,3017700
2019-04-01,158.70126342773438,163.38374465581344,158.41273820394775,162.84789053330022,4105700
2019-04-02,160.85292053222656,161.41350512118694,158.3715428194005,159.10524005535456,2762400
2019-04-03,160.1686553955078,161.51239773628652,158.68478265635162,160.8034310053213,2230300
2019-04-04,159.14646911621094,160.8034674257119,158.81670976024316,160.70454590843818,1684000
2019-04-05,161.38050842285156,161.5618728989804,158.53640198033136,159.31955990232512,1656500
2019-04-08,161.75973510742188,161.9658299679115,160.08624584656866,160.81170378078238,2166500
2019-04-09,162.1719512939453,162.50994993927546,161.53717549791648,161.69380963009553,1708200
2019-04-10,162.83445739746094,163.37277440860342,162.3209970627878,162.70196006508627,1304500
2019-04-11,162.85926818847656,163.30648608408347,161.8571917633328,163.24850824556853,1027100
2019-04-12,163.94419860839844,164.02700785446282,161.32718380533805,162.85101041084974,1412300
2019-04-15,162.39552307128906,163.83654049944175,161.09530537816465,162.900706252695,1765500
2019-04-16,159.1739501953125,162.46177947009497,158.2215616723657,162.46177947009497,2108300
2019-04-17,158.32093811035156,160.73918811723487,156.8716435330285,160.73918811723487,2105100
2019-04-18,159.7619171142578,160.33335514629303,157.39335575515884,158.12213511706736,1325400
2019-04-22,159.27334594726562,159.75367247831394,158.1304695603145,159.47209826719006,942500
2019-04-23,160.1677703857422,160.98766168622794,159.43070098355307,160.32512441039728,1457700
2019-04-24,160.0269775390625,161.07875495290764,159.40585123461685,160.6563936151495,1324500
2019-04-25,159.24850463867188,160.09323999041092,158.0228188790832,159.36444771543233,993100
2019-04-26,160.01036071777344,160.12630374380464,158.71013076307017,159.38923465614013,870000
2019-04-29,159.37271118164062,160.59839673891952,158.97519393219662,159.75366152661118,901400
2019-04-30,161.7412872314453,161.91519551470805,158.27953682995718,159.67914341483208,1476200
2019-05-01,159.7619171142578,161.53419640834986,159.12422411535042,161.4513745405489,1384700
2019-05-02,159.6708526611328,160.4410431235818,159.1242585438071,160.06836991153082,1412700
2019-05-03,159.79507446289062,161.10358192201545,159.23192607222322,160.11805960150178,1059100
2019-05-06,159.15737915039062,160.28368855322037,157.74121842226037,159.36442122711045,1548700
2019-05-07,157.22775268554688,159.265039573474,156.13456449253616,158.9834653917028,1510000
2019-05-08,158.7101593017578,160.25882985011708,157.4927509910992,157.4927509910992,1339000
2019-05-09,159.43894958496094,159.77021181891357,157.42649423500833,158.76813534725812,1240400
2019-05-10,162.03941345214844,162.5114628144397,159.28161148240852,159.4306757114967,1283100
2019-05-13,163.0497589111328,163.48039727568437,160.73088542872262,161.0952814578384,1790600
2019-05-14,164.03526306152344,165.94832936729253,162.90066416158766,163.31474821519456,1788000
2019-05-15,166.02293395996094,166.6274934038991,163.1657552698212,164.14298799736926,1285400
2019-05-16,167.30654907226562,168.4328583685827,165.7992768305988,167.13262818405624,1507400
2019-05-17,167.6461181640625,167.90286097538382,166.07260330556434,166.3707444261778,1421400
2019-05-20,164.18434143066406,166.42868275519857,163.47211629149362,165.45971486567723,2764800
2019-05-21,164.1180877685547,165.6502039661352,163.96902356088194,165.20298606942964,1338100
2019-05-22,166.18850708007812,166.66056900812416,164.15949756747364,164.44107171568868,998000
2019-05-23,168.0519256591797,168.82212882147587,165.77446262087443,165.77446262087443,1436800
2019-05-24,168.11817932128906,170.03124623649796,168.0602014696299,169.06229075880177,1412600
2019-05-28,167.74546813964844,169.5674356164615,167.68749030110317,169.07052965149265,1936300
2019-05-29,166.56948852539062,168.47426544076265,165.8241294987779,167.82001806635273,1448500
2019-05-30,169.5177764892578,169.79107355296657,166.0725932239451,166.74340754539125,1568600
2019-05-31,172.8966827392578,174.12236816591437,169.1285148128169,169.51775488696526,2706200
2019-06-03,173.3273162841797,173.7414003824271,171.01673257617057,172.971210025372,1730800
2019-06-04,172.2672576904297,173.53435398839395,170.9421961913209,173.28591364514097,2351500
2019-06-05,176.2093505859375,176.36670456505885,172.84698973236445,173.5923360539622,2193300
2019-06-06,176.1514129638672,176.98787112030732,175.15761342922673,176.28392293831172,1237800
2019-06-07,175.95266723632812,177.65869215151625,175.5965482462618,176.85536777699025,1132200
2019-06-10,173.79107666015625,176.84700626071523,173.111972768804,176.39980105768092,1976600
2019-06-11,173.0623321533203,174.3045846140255,171.82007969261514,173.78283453673873,1715600
2019-06-12,175.1576385498047,175.86986396853078,173.51786845063475,173.5261455864071,2974400
2019-06-13,173.09548950195312,176.11002226448758,172.697972169764,175.65453970984396,2586500
2019-06-14,174.93394470214844,175.53022674672332,172.40802946288574,173.0871333724236,1568100
2019-06-17,177.3025360107422,177.79944201099894,174.9919521742907,175.33978131973262,1780900
2019-06-18,178.31727600097656,179.62311783200082,177.43563097203756,178.24242222109686,1696600
2019-06-19,179.79776000976562,180.52137186439262,177.31917111589217,177.58532209462416,1421300
2019-06-20,180.92063903808594,181.976942915485,179.573207506672,179.78946868738663,1839900
2019-06-21,178.97434997558594,181.26164191343094,178.1925226648667,180.87073460376317,2420400
2019-06-24,178.4503936767578,179.65641801869873,177.96798140170424,179.49838487963459,1064000
2019-06-25,175.33963012695312,179.16565061038858,175.23982509062486,178.857897262738,1542400
2019-06-26,171.17259216308594,175.3812067675549,170.69849289296138,175.3812067675549,2434100
2019-06-27,171.21417236328125,173.1687593227726,170.96464711338962,172.11244295668084,2044600
2019-06-28,170.0497589111328,172.07089987270706,169.35941108343204,171.38886490146632,2965500
2019-07-01,168.26150512695312,170.92307850703423,165.91598525703657,170.50720726979085,3039800
2019-07-02,171.03125,171.53028798923035,168.5775989602534,168.77722177077715,3224300
2019-07-03,174.8073272705078,176.2379254477578,171.6716543561581,171.6799799040039,1408700
2019-07-05,173.86744689941406,174.89049931387893,171.51362678899173,173.83418278356848,1735500
2019-07-08,173.79261779785156,174.99864205779124,173.2603030290527,173.7427152713056,1227600
2019-07-09,175.7555389404297,176.03001554039398,173.67618229650546,174.22513549643404,1483200
2019-07-10,175.9384765625,176.68703967873307,174.69917576332324,176.2295914918031,1858600
2019-07-11,174.05043029785156,176.02998150132333,173.0772930996377,176.02998150132333,1398200
2019-07-12,173.81759643554688,174.26674462796694,172.52007977546612,174.26674462796694,1263300
2019-07-15,175.24815368652344,175.78879396175319,173.81755547754085,174.94041300261603,1640300
2019-07-16,174.0919952392578,175.98836684721098,173.8507955336646,175.6473494260434,1430600
2019-07-17,173.617919921875,175.94678857967426,172.85271840697206,174.7241388800208,1395000
2019-07-18,173.5513916015625,174.17519847119118,170.51552388787292,173.54306605414882,1279400
2019-07-19,170.97300720214844,174.19184700999858,170.74843314606576,173.95896009679615,1847200
2019-07-22,171.92117309570312,172.30378023187907,170.24104968347697,171.29736621749564,1259200
2019-07-23,172.00433349609375,172.78617339470497,170.90642741939325,171.7714466358328,1165300
2019-07-24,170.33251953125,172.4118755192799,170.15786073542927,172.0209682696015,1932400
2019-07-25,170.8565216064453,172.19562737278207,169.53405424162938,172.19562737278207,1058800
2019-07-26,170.1662139892578,171.40551502124072,169.3843739215226,170.92310279452357,1336800
2019-07-29,170.98133850097656,172.17072436973342,169.80025279823369,170.23276251932043,1875400
2019-07-30,173.54307556152344,173.83419052651857,170.99794542462743,171.7880982978348,2080100
2019-07-31,176.01333618164062,177.72672362696844,174.1252899260361,174.34985125353475,2845100
2019-08-01,175.8386993408203,177.876466094074,173.41832542209053,174.75743146418029,1691400
2019-08-02,179.21559143066406,180.2386313458229,175.4311598006811,176.11319487171082,1802200
2019-08-05,177.90972900390625,179.82273943552138,175.7638443615363,178.51691021219727,2268700
2019-08-06,180.44654846191406,180.51308939064197,177.27761129313143,178.02617453139754,1988200
2019-08-07,180.8457794189453,182.15993419172554,175.9468162295089,179.68134490705617,1827800
2019-08-08,183.83172607421875,184.1228283267413,179.65637528032036,180.93725311246226,1389700
2019-08-09,184.838134765625,186.90086533181355,182.55084285914148,184.33077132598603,1251300
2019-08-12,184.82986450195312,185.45367152929083,183.34103795619743,184.65519295008852,883800
2019-08-13,183.89825439453125,185.96928490072946,182.45933086813318,185.2123962515442,2468800
2019-08-14,182.0518341064453,184.33080083010188,181.7025037186889,183.87335252869252,2092700
2019-08-15,186.4766387939453,186.7843921042494,182.02682468206865,182.35951655704542,1773200
2019-08-16,185.4203643798828,187.49972079749986,184.58862181283598,187.22525691879267,1681900
2019-08-19,187.30010986328125,187.7159811449382,185.33719690620504,186.34359830063966,1415900
2019-08-20,187.60781860351562,189.12990875815586,185.91938250281584,187.5662289441552,1620700
2019-08-21,189.1216278076172,189.2047944489861,186.96740492659862,187.59953739620062,1279500
2019-08-22,190.0614776611328,190.28605169392074,187.1337531441668,189.45430917836327,1073000
2019-08-23,188.44793701171875,192.6648656188172,187.6161943674152,190.41916301747477,1497100
2019-08-26,191.35897827148438,191.4255064944466,188.0652728140583,189.27962229091736,968500
2019-08-27,191.1260986328125,192.7729578787492,190.49397891777753,191.94952825578085,1584000
2019-08-28,191.4171905517578,192.57331195064893,190.1196744714347,190.92646559419126,1143700
2019-08-29,191.64181518554688,192.54841157207048,190.57718567467083,192.13254027277875,986200
2019-08-30,191.45884704589844,192.68982264267578,190.52729931767624,192.5401150540912,1426200
2019-09-03,197.8216094970703,197.87151201048127,191.4587852095381,191.79980263968866,1843100
2019-09-04,200.50819396972656,201.2817084931454,197.92978684222737,198.1460353485694,1796100
2019-09-05,196.0833282470703,201.28171977005732,195.11850373447137,201.28171977005732,2059100
2019-09-06,193.4550018310547,196.75702085815288,192.6814873307373,196.24965738143192,2307600
2019-09-09,186.31033325195312,193.9457238531821,186.0940847554697,193.6130319060716,2994000
2019-09-10,179.8310546875,185.47026792185542,177.57702688845416,185.33718607357136,4266100
2019-09-11,176.91165161132812,181.21175940643178,176.7453056266624,179.61481510914768,3019700
2019-09-12,182.02688598632812,182.44275731579987,178.55019507242392,179.6730527385519,2334500
2019-09-13,179.13238525390625,182.35955034288173,177.9263611194479,181.56107192706887,1908800
2019-09-16,180.2968292236328,180.90399770833082,178.84959267306806,179.2571510758838,1422100
2019-09-17,184.0646209716797,184.14778760828804,180.92063528261502,181.652560065133,1853300
2019-09-18,184.32244873046875,185.1458783421922,181.7107778901721,184.60523812348706,1318300
2019-09-19,188.86376953125,190.76845421117238,182.98334415230968,183.43247950374777,2281100
2019-09-20,187.60781860351562,190.0365049518553,186.91747087055538,189.84520774845592,2787400
2019-09-23,187.45811462402344,188.39797494825353,187.10045877638143,187.84070903809732,1267000
2019-09-24,187.27517700195312,189.03015449063184,185.56178918380328,188.05701711890748,1728600
2019-09-25,184.68008422851562,187.65772366145066,183.69863424949546,187.52465451762887,1709400
2019-09-26,186.27552795410156,187.1693224798128,185.06432191344842,185.13949731862562,1350400
2019-09-27,182.91757202148438,186.35072275360753,181.1467054259081,186.35072275360753,1832400
2019-09-30,184.7135467529297,185.25649739434542,182.82572325414182,183.20162588611123,1703000
2019-10-01,184.51303100585938,186.16695383657313,182.28273784503972,184.3543188574631,1545400
2019-10-02,183.76129150390625,185.4402731724776,182.5166652621007,184.39612749020012,1270100
2019-10-03,187.02734375,188.38056503506363,183.9951537735454,184.12044613979333,1604700
2019-10-04,188.7230224609375,189.95093855169964,186.8268634669962,187.0858095038656,1621900
2019-10-07,188.18008422851562,189.29105660932225,186.25050531561044,188.1049088088766,1005800
2019-10-08,188.8650665283203,190.5523966882273,186.81018232163026,188.12998392659082,1962200
2019-10-09,189.25765991210938,189.9092057431195,188.2218628942871,189.25765991210938,1038800
2019-10-10,189.015380859375,190.1848186398785,187.20274592663665,188.90678565621542,1888900
2019-10-11,187.48678588867188,189.66696246365808,187.4032618862171,188.92353128844383,1352200
2019-10-14,188.48080444335938,189.28271384856305,187.5368927702804,187.93785384584103,766100
2019-10-15,187.28628540039062,189.16574719751128,185.30657697353396,188.5643184027594,993200
2019-10-16,185.4152069091797,186.735008525663,184.22905899343561,186.735008525663,1508400
2019-10-17,188.70631408691406,189.74209817278685,186.6597916393359,187.19439357763284,1197100
2019-10-18,191.36260986328125,191.78862933757472,188.65619318384202,188.739717167059,1544400
2019-10-21,191.62158203125,191.7802941907128,189.36623024194185,191.4879410906808,1272400
2019-10-22,189.39962768554688,193.13349266942436,189.14066891882044,191.42109165791044,1341000
2019-10-23,188.79823303222656,189.9175540484249,187.00229496548175,188.99035225239962,1151500
2019-10-24,186.6681671142578,189.39129413833032,186.56793321948138,188.78151670191113,1097900
2019-10-25,180.98800659179688,186.4426217766379,179.76009043879483,186.43427320099573,2409800
2019-10-28,176.0429229736328,182.9342829476896,175.44149417440548,182.75051232870814,3431400
2019-10-29,180.56201171875,181.11332364951076,175.87588579911923,176.2601242386789,2044000
2019-10-30,181.4641571044922,181.60615937689565,179.25892210225865,180.5787109271656,1520700
2019-10-31,182.165771484375,183.3519190438964,178.79944797672744,182.5166027840153,2021200
2019-11-01,180.02743530273438,183.56916949200337,177.3794832381635,183.05962586153896,2112200
2019-11-04,176.31027221679688,179.99400855489245,176.25179393962878,179.39257961277087,1640000
2019-11-05,172.0835418701172,176.02623663904947,169.49406845353602,175.9594097917553,3449700
2019-11-06,173.72906494140625,174.4808571916051,171.96654719646702,172.33408837488682,2206100
2019-11-07,171.81622314453125,173.07754625238354,170.01193675823637,172.66824939571205,2117400
2019-11-08,171.96656799316406,174.2135709499502,170.62170819816842,171.14796156235843,1819400
2019-11-11,173.20285034179688,174.23863445883484,171.72433683283492,171.82457071618285,1347200
2019-11-12,172.70172119140625,174.38906443042922,172.36759962241516,173.2780917319486,1475400
2019-11-13,175.68373107910156,176.32691545577032,173.37824992393845,173.562020530391,1664900
2019-11-14,176.92001342773438,177.0118987401992,175.41644138099966,175.75056283764445,1362800
2019-11-15,178.23143005371094,178.28154699101518,175.5834789835126,177.26247285869414,1546600
2019-11-18,179.03335571289062,180.15267656842184,177.9056735364317,177.9056735364317,1353700
2019-11-19,180.0691680908203,180.92954299002233,178.64077139399845,179.3173756597867,1526400
2019-11-20,182.0154266357422,183.20993563800934,180.12761628292685,180.194443120095,1297800
2019-11-21,178.37344360351562,182.85073964475063,178.18132441636052,181.69801177590432,1361400
2019-11-22,175.50831604003906,178.8328714917443,175.24100869421565,178.33168933719904,1779800
2019-11-25,175.1741943359375,176.8281171114658,174.43076330713657,175.82574005799154,1441100
2019-11-26,179.4176483154297,179.60978031200145,175.07400451048684,175.07400451048684,1877600
2019-11-27,179.51785278320312,180.0190349817956,177.70521770249735,179.42596746824032,1117000
2019-11-29,178.78274536132812,180.2612587703674,178.49037956010102,179.51782777864304,654300
2019-12-02,175.05726623535156,179.2923138079556,174.96538092037625,178.88300417835342,1189400
2019-12-03,176.42715454101562,177.50470691834093,174.78992904782515,174.79827762197434,1520000
2019-12-04,178.22308349609375,178.51544929489654,175.4331301566596,175.5083055634666,1276400
2019-12-05,178.36512756347656,178.8663225515543,177.05368731327803,178.10618149313967,868200
2019-12-06,177.254150390625,178.7577225688927,176.99520432718512,178.55724202981776,1206000
2019-12-09,177.63002014160156,178.74935375900134,176.94506734931917,177.1371865446535,938500
2019-12-10,175.4164276123047,178.82451973542504,174.7481720055509,178.21474238924816,1414800
2019-12-11,176.71949768066406,177.33763627275147,175.41640641521158,175.97606675378853,1441000
2019-12-12,175.15750122070312,176.970136312985,174.255357962375,176.79471425751134,1836000
2019-12-13,177.52142333984375,177.78871792750857,173.95461917611587,174.67299170271818,1988600
2019-12-16,180.09422302246094,181.09660016487734,177.52144695117812,177.9223952589613,1827300
2019-12-17,177.0286407470703,181.33887745788164,176.27686090617243,180.68733153019153,2439900
2019-12-18,182.05718994140625,182.85909921921663,177.44624027230645,177.75531597885697,2143300
2019-12-19,187.2779083251953,187.9043955382006,181.63117483383712,181.69800166606748,2958000
2019-12-20,190.23497009277344,190.6860353608862,187.52854024634496,189.44977060206114,3333100
2019-12-23,189.59178161621094,192.10607962095526,189.11564510675285,189.70872541303817,1096400
2019-12-24,189.6836700439453,190.4855667364842,188.99870440423015,189.7337869939892,491900
2019-12-26,191.1939697265625,191.1939697265625,189.26416849830431,190.20389868269882,1035300
2019-12-27,192.2091827392578,192.38537570957462,190.92543988693498,191.73931774793192,749400
2019-12-30,192.01622009277344,192.1420722241773,190.65695305930265,191.7728889015769,1259800
2019-12-31,192.83006286621094,192.8636191608478,190.87507902998289,192.116866777298,1199100
2020-01-02,191.72254943847656,193.9460224618043,191.31141113480797,192.7126203536604,1426000
2020-01-03,191.81484985351562,192.83848989701983,190.46398145530844,190.93384649766534,1598900
2020-01-06,191.76446533203125,192.98108264027854,191.21069045698596,191.7057258136813,1526800
2020-01-07,187.67831420898438,190.94222432778176,185.94987679065932,190.57304103399179,1463800
2020-01-08,189.3060760498047,190.0360567871644,186.70503396441373,187.51051317430287,1433900
2020-01-09,190.01925659179688,190.58141737819076,189.08791253007325,189.2053787719636,1376700
2020-01-10,193.65234375,193.83693539408011,190.83314104379338,191.37851729948247,1578900
2020-01-13,197.52037048339844,197.52875635767023,193.9460164029453,194.0299263571092,1840600
2020-01-14,196.2953643798828,197.96507525183907,195.3640201733725,197.28544811790005,1217100
2020-01-15,197.49514770507812,198.63625364376693,196.75678127332122,196.75678127332122,1152100
2020-01-16,194.86056518554688,197.302185800179,194.60884815643823,197.17633368705464,1782900
2020-01-17,195.8506317138672,196.68129405110207,195.15422016296796,195.40593718663246,2352900
2020-01-21,198.62786865234375,199.62633801783832,195.49822257954045,196.27014535552863,1827100
2020-01-22,197.31060791015625,199.836138768726,196.55545673314373,199.61799081244848,1294000
2020-01-23,199.55084228515625,200.1046171902196,197.1847201287182,197.3105850450653,1485400
2020-01-24,199.2906951904297,201.36314488536348,198.61945419400232,199.69343466714326,1284800
2020-01-27,199.248779296875,199.82772460977912,197.7468758325499,198.28387897727458,1197200
2020-01-28,199.00543212890625,199.4165703274218,198.29224889008367,198.94670541646607,1051800
2020-01-29,195.86746215820312,199.5760545804146,195.38081254585015,199.21525710795348,1434400
2020-01-30,197.34414672851562,197.39448757528478,194.0802495334253,195.01159360723568,1271400
2020-01-31,194.44105529785156,197.12600726478536,193.69430283200342,196.6393577203316,1700900
2020-02-03,196.39601135253906,197.20987629903777,194.75147130561828,195.48143911680882,1560200
2020-02-04,199.23204040527344,199.87811125932618,195.51506213144893,196.6897247725788,1105700
2020-02-05,198.33424377441406,199.6767133897783,197.34416011032906,199.27397378545515,1338700
2020-02-06,199.5340576171875,200.1717424661034,198.30905437044058,199.00545313513564,1257100
2020-02-07,200.32276916503906,200.96883990065493,199.53406176363845,200.06266625667507,1237500
2020-02-10,204.46768188476562,204.62710310991878,200.3563375409049,201.10309001436357,1576800
2020-02-11,213.3448028564453,216.9946550749598,206.8673493196232,206.8673493196232,3231900
2020-02-12,214.94740295410156,215.35015538540188,211.5073123560629,213.35321618950584,1625400
2020-02-13,215.55148315429688,215.99617768781812,213.4790330213085,214.47750245414824,1146600
2020-02-14,215.0061492919922,216.74298559945169,214.1754867793556,215.6354355826029,1600700
2020-02-18,212.220458984375,214.46072898610063,212.01069693051647,214.20901196089844,1998500
2020-02-19,208.16790771484375,211.76741962341012,207.95814562033175,210.80251910979985,2618500
2020-02-20,207.697998046875,208.5286604229053,205.33188864078483,208.06718132511068,2150300
2020-02-21,207.25332641601562,208.6209793108376,207.07713343374067,208.0336480318183,2570200
2020-02-24,205.6591339111328,208.73005383029826,204.40056143306774,205.41581553196588,2329800
2020-02-25,206.5233154296875,213.10984866549407,204.8620036428915,208.0168201435607,2268600
2020-02-26,203.61184692382812,208.38603374064772,201.37158952668702,206.523345513297,2024600
2020-02-27,195.4394989013672,205.4745214081885,195.41432847858871,201.3631901848126,3168700
2020-02-28,190.29612731933594,191.89871239506107,182.9376712912622,190.2122173812793,5188100
2020-03-02,202.00091552734375,202.10999592340252,191.3701731395692,192.16726661119165,2718500
2020-03-03,203.59510803222656,207.11072320292925,200.39833538002807,202.00092104543302,3502600
2020-03-04,211.1549072265625,211.4150101621613,205.83534385112253,206.0534918093657,2350400
2020-03-05,207.19459533691406,210.50883365869944,204.3334374771793,208.545463651711,1969400
2020-03-06,206.67440795898438,207.73160433357333,199.60960916700822,204.03139781821818,2693600
2020-03-09,194.54173278808594,201.04435689374787,188.78586113212106,194.18093537376816,3209200
2020-03-10,204.6186981201172,204.90398426294468,192.85525055758552,198.63629264306553,2658300
2020-03-11,195.414306640625,200.69192660963122,191.87352246639776,199.16485284980476,3360600
2020-03-12,182.76992797851562,194.42431060133094,171.28335248749522,181.47778617768157,4734500
2020-03-13,200.52415466308594,202.6805021025853,184.60740763891798,189.23055908996528,4220300
2020-03-16,170.11703491210938,192.8216788055589,168.95914421505245,173.3893180087567,4093100
2020-03-17,190.90866088867188,197.0924428344675,170.8554114072658,176.34278171964206,4527100
2020-03-18,182.1909637451172,197.8811658064948,172.98660204159452,176.2001588561235,4210000
2020-03-19,175.36111450195312,184.40605517308802,169.08503609405312,182.55176539030194,3847800
2020-03-20,163.941650390625,176.20014683236238,161.4077208847108,173.68300187761434,3940900
2020-03-23,150.26519775390625,164.6800581173586,146.26294549481835,164.45351143007633,3890100
2020-03-24,159.6457061767578,162.64950029879083,150.3993913365655,157.56485740213162,4221400
2020-03-25,167.18878173828125,174.97514996680266,156.08817484744827,158.496239689691,3201500
2020-03-26,186.4365234375,189.86822779655114,166.13155782006427,166.2574099396928,3413500
2020-03-27,183.31529235839844,186.30230263856453,177.6517156117095,181.39387713981836,3367100
2020-03-30,193.46778869628906,194.63406550290264,185.71497658722413,186.83929841172812,2581600
2020-03-31,182.70277404785156,192.98111610106022,181.16731406600846,191.68898730477304,4629900
2020-04-01,173.6578369140625,179.05291162471454,169.51293604309035,172.684537761595,3772000
2020-04-02,185.2199249267578,185.50519829563427,172.4999487537781,173.6830100105951,3993100
2020-04-03,186.93997192382812,187.73706528289267,181.92246645659944,183.88583649122873,2858000
2020-04-06,197.32736206054688,198.19997941355777,190.4639534941058,191.31978629725023,3050300
2020-04-07,191.11001586914062,204.62708314992832,190.4891155798617,202.302916005275,2226100
2020-04-08,209.1328125,209.46842673692922,191.30303410230692,192.67907295829673,3329400
2020-04-09,217.81695556640625,218.51335442650415,208.25179674803292,208.50351381220148,4331000
2020-04-13,210.43614196777344,216.83113233062042,207.90848165472022,216.28347773866363,1830900
2020-04-14,214.93536376953125,217.0922982789024,212.761574593459,214.91850910283011,2011800
2020-04-15,208.52359008789062,213.1492010128173,204.91746179494254,213.10707076255883,1909700
2020-04-16,212.1381378173828,212.9301402338993,208.574139799406,210.29294343344495,1640700
2020-04-17,214.0591278076172,217.1849939127862,209.02066176797604,216.16551143613637,2328100
2020-04-20,209.52626037597656,213.16609874697286,209.3830277812406,212.34882058097648,1281800
2020-04-21,203.89797973632812,207.1586581908074,201.45457933657255,206.60258256235113,1925500
2020-04-22,213.14915466308594,214.94379751179838,206.89741000333942,207.46191923627623,2041400
2020-04-23,209.45880126953125,214.6910512057323,209.07122101009057,212.48356519163457,1419200
2020-04-24,206.09701538085938,211.89378766578366,205.38927351528505,210.87429225800565,1775600
2020-04-27,210.82373046875,212.56780946781322,206.6278177844072,208.11070726456663,1557500
2020-04-28,205.18707275390625,215.5252088027051,204.5046064096417,215.06180176143056,2091900
2020-04-29,199.52513122558594,211.49782445446567,198.56462056234668,211.49782445446567,3505800
2020-04-30,200.5277099609375,201.44609008489974,196.07060811481588,197.25017773675413,3410300
2020-05-01,197.32601928710938,198.75835760891985,195.96950769176252,196.5171751588062,1896800
2020-05-04,199.3734588623047,200.10647636696515,192.19489872085776,200.0137949583939,1642700
2020-05-05,202.43194580078125,205.20395465234552,200.25815572848055,200.25815572848055,1421200
2020-05-06,199.90426635742188,204.1001926227963,199.50826512928796,202.9374645183735,1441400
2020-05-07,198.21070861816406,201.93479350299992,198.02534582176693,201.52193766441613,2548900
2020-05-08,200.83103942871094,202.42346492363788,199.41554295747295,200.23282082667123,1879700
2020-05-11,200.7215118408203,204.68151062358214,197.56193629239132,198.91002700225934,2040700
2020-05-12,195.21119689941406,202.4234518575957,194.41077375053845,201.67357985508252,1852500
2020-05-13,194.75625610351562,199.75260554974687,193.27336642164255,194.8489375121544,2200600
2020-05-14,193.4671173095703,194.62984517399087,189.3723070656819,193.26491271147648,2112500
2020-05-15,193.4334259033203,193.76202124018863,188.58874348293,192.39708874186576,2246800
2020-05-18,198.86790466308594,200.6456930899325,195.53139995085445,198.90161400316296,1792800
2020-05-19,193.76202392578125,199.5587959553367,193.5008344052075,198.067472702874,1542800
2020-05-20,193.90525817871094,196.0284965569108,192.87734190033183,195.45555350283013,1346600
2020-05-21,192.2369842529297,194.19170142943102,191.36072152912146,193.27332132126296,1263200
2020-05-22,204.26025390625,204.40349932540462,191.60510865900028,192.55718544193832,2812700
2020-05-26,205.52401733398438,209.52614545126755,202.3307460298272,209.45031874088343,2833600
2020-05-27,212.3319091796875,213.11549064313704,203.75472046733572,206.93957176291886,2311000
2020-05-28,217.47988891601562,218.6173411978322,213.60415082191085,215.37350532475918,2190900
2020-05-29,217.5220184326172,218.19605085465417,214.0843862272379,216.67103128682731,2138600
2020-06-01,222.6953125,224.7764206639011,215.28927292597936,217.40407757293258,2035000
2020-06-02,222.0886688232422,223.77377578411904,218.8448327810159,222.86382933882987,1809800
2020-06-03,225.29039001464844,226.8575271638273,222.09710508825754,223.21768991628085,1802200
2020-06-04,218.82803344726562,224.88599620461582,216.1234434495921,222.50998875749863,1997600
2020-06-05,223.18399047851562,224.04338572079257,219.55256153850385,222.20662541391374,2336800
2020-06-08,224.86065673828125,226.7479681365633,222.6868545552627,223.27665222357052,2095800
2020-06-09,223.91700744628906,225.02915843056294,222.72900402626254,224.70900972630673,2691000
2020-06-10,223.56317138671875,226.672196259,221.78539561493446,224.54897042221828,1603500
2020-06-11,211.91061401367188,222.08866125320415,211.53990129424545,221.43990435194885,2548900
2020-06-12,217.44618225097656,218.22134273566786,213.97487902030625,216.3003219053441,1436500
2020-06-15,221.16184997558594,221.65895343256042,212.32347238873507,212.41615378379348,1532400
2020-06-16,223.09130859375,226.47836431445074,219.9064574794518,226.29300152101789,1837500
2020-06-17,222.4088592529297,226.14136526862487,222.24877202311941,225.08817334234337,1380100
2020-06-18,217.95001220703125,221.69813695426276,217.05317029957376,220.41210583533797,1776100
2020-06-19,224.7186737060547,224.94710582831866,216.95167170557713,221.2582123679808,6193100
2020-06-22,223.87255859375,225.7677677147897,220.92819372045952,223.5002816849332,2034300
2020-06-23,223.78794860839844,225.7508585510955,221.68121966092878,225.1670618369288,1941400
2020-06-24,215.05642700195312,222.6711405859857,211.748266801045,221.8842930458388,3475300
2020-06-25,215.20875549316406,216.54556248688272,212.01057641191645,215.14106759232612,2648700
2020-06-26,208.54161071777344,218.3645913640139,206.46026298454385,214.96336206139094,3268800
2020-06-29,214.7349090576172,215.29332444239498,209.40460737867653,211.55364292141238,1638200
2020-06-30,218.7453155517578,219.23603010878153,214.1595550955052,215.11562868758483,1980300
2020-07-01,224.5409698486328,225.65777476208598,218.415338921933,219.4052629405417,1207200
2020-07-02,223.5425567626953,227.28223782895498,222.1211500398894,226.7914974806598,1175700
2020-07-06,225.03167724609375,227.55300246092028,223.84717157547584,226.74921692356148,1504600
2020-07-07,225.03167724609375,228.21294317885648,222.17192552827453,223.3818125411097,1289800
2020-07-08,223.9571533203125,227.90832835008578,221.27507114984672,225.7592801562948,1389000
2020-07-09,224.7186737060547,225.87779824913983,220.32751994715963,222.5019500075573,1143400
2020-07-10,223.6610870361328,226.41084499370513,222.60348782168194,225.4801525209297,911400
2020-07-13,216.53701782226562,223.9486789992554,215.33558704972612,222.29881442647562,1791700
2020-07-14,219.08372497558594,219.82827871740068,214.69257236581117,216.79085783635406,1877500
2020-07-15,217.67076110839844,221.96038834909925,216.91776413474727,221.93500700887023,1301000
2020-07-16,217.84849548339844,218.0769275865359,214.1849578564331,217.6115943252334,1475200
2020-07-17,219.22756958007812,220.83514071969506,215.53867665404553,218.71147366072924,1291900
2020-07-20,220.42904663085938,221.79969101308575,217.5354439637099,220.13291370154442,1422200
2020-07-21,219.3121795654297,222.51882692455538,218.27151868692638,222.51882692455538,1161900
2020-07-22,219.16835021972656,220.65743196575536,217.45925381194556,218.35609564521644,1355700
2020-07-23,218.20384216308594,220.31059713788468,214.90413811979292,219.25299803296446,1324900
2020-07-24,216.87547302246094,220.34440295526161,216.46937152573904,219.76907528804665,1391300
2020-07-27,220.24285888671875,220.7758928762104,215.3525224899096,215.38637288519269,1417500
2020-07-28,225.73388671875,227.34145761631564,220.4628306102913,220.4628306102913,1553800
2020-07-29,229.5328369140625,230.30277209629227,226.7238477301604,226.8676925572908,1452700
2020-07-30,222.08729553222656,226.7491996532606,217.89075041011472,226.7491996532606,1959900
2020-07-31,221.15664672851562,223.76255921223182,217.51849080388783,221.63044899828222,1781200
2020-08-03,217.0869903564453,221.46970024760142,216.6978011530837,219.13451338685547,1504600
2020-08-04,220.12448120117188,222.0112216725471,216.5455561683707,216.83322005592805,1782900
2020-08-05,215.9955596923828,220.2936437050498,215.0902616348132,220.2005873840287,1069200
2020-08-06,216.1817169189453,216.20709826508946,213.21198322876842,215.49639475276183,1127600
2020-08-07,217.9584503173828,218.88914260143667,215.05640485826365,215.27639371275495,1023300
2020-08-10,214.40496826171875,218.04309908904997,213.16123060134686,217.6200594198118,1282400
2020-08-11,208.30470275878906,215.07333656352725,207.45862353319677,214.8618167571292,2111800
2020-08-12,212.6197509765625,214.01577679082047,208.98160705710183,208.99006320325694,1381000
2020-08-13,212.13743591308594,214.05803932742535,211.67208976730186,212.28126782902936,960900
2020-08-14,211.621337890625,214.26111392967155,210.42837595976812,212.2220598386224,737000
2020-08-17,212.2897186279297,213.1696352468995,211.02905607051395,211.59592754112364,1435000
2020-08-18,213.67730712890625,215.5640601529078,212.65354560404873,213.35579289776774,1896100
2020-08-19,207.4840087890625,214.54877562001508,207.1709636009374,214.25264272141672,1496500
2020-08-20,209.55691528320312,210.63990866689403,205.92724075876765,207.28942895113812,1017400
2020-08-21,210.96141052246094,211.50290076051638,207.6617064015208,211.2575434428652,1139600
2020-08-24,207.66172790527344,210.14920338178587,204.90350082662368,210.0392089296492,1201400
2020-08-25,208.4823760986328,209.13384777898017,206.03720775837456,208.38930687141976,1060800
2020-08-26,208.95619201660156,209.06618644961688,206.23181581689602,207.83936121715445,1479400
2020-08-27,209.80227661132812,210.7583503131021,208.16933691476223,209.32000523286493,1398200
2020-08-28,211.1729736328125,211.29142424322404,207.63636761470462,210.47919517473008,1062900
2020-08-31,210.80064392089844,211.62134184157844,209.39616215130815,210.67373719507992,1307500
2020-09-01,209.85299682617188,211.30825390187104,208.6684912576458,210.19989235343397,1085000
2020-09-02,217.01931762695312,217.68772743334068,209.00694646577026,209.5822870425397,2034000
2020-09-03,213.48272705078125,217.2393210654825,210.87680135670792,216.22401561599398,2094600
2020-09-04,211.50286865234375,216.78240735450873,208.83772441388248,212.61969936074436,1885100
2020-09-08,208.82080078125,211.20675027064436,205.68185424665072,210.43681511682047,1451200
2020-09-09,213.5673065185547,215.99554965041978,211.06291935840636,212.04436140217052,2202100
2020-09-10,210.149169921875,213.1442848102929,209.43845353449802,213.1442848102929,1256800
2020-09-11,211.3421173095703,213.68576030421923,210.02223582555382,211.3336611652373,1219400
2020-09-14,214.8195037841797,216.33399278234143,212.30664752656995,212.45894849589322,1333900
2020-09-15,223.15341186523438,224.39714944948446,216.2324894969568,216.26632698796053,2426700
2020-09-16,222.76416015625,227.3076005204875,222.34956386423252,224.21094810110986,2326100
2020-09-17,212.13743591308594,220.31902029389317,210.62295981332767,219.65907954537903,2341500
2020-09-18,207.7124481201172,212.58585977051766,206.282572175378,210.39451769326553,3270500
2020-09-21,203.8797149658203,206.7986857542063,201.6122158952373,205.91876902735646,2848900
2020-09-22,204.7003631591797,207.16245624183392,203.22818099519088,204.7426696928269,1702200
2020-09-23,199.4293670654297,204.94579507117223,198.88787680381856,204.94579507117223,2550300
2020-09-24,199.82699584960938,203.16901929519346,198.9132415986724,199.92853414093747,2246600
2020-09-25,203.8823699951172,204.61352784683638,199.7674876541684,199.79299210470123,2861500
2020-09-28,204.04391479492188,207.80172200233017,202.69212697286858,206.65398276526636,2593500
2020-09-29,204.1459503173828,205.74429860660285,203.2957672652894,205.07265970346515,3098400
2020-09-30,205.5146942138672,207.08753765645898,203.78032692884693,205.68472818725965,3345600
2020-10-01,205.87179565429688,208.29482224502763,204.00139576338378,205.90581023696132,2500800
2020-10-02,206.84951782226562,207.368129949433,203.18523132153507,204.1034304797706,2138100
2020-10-05,206.8750457763672,207.13860044961777,202.25004784918664,206.80702957475995,2130300
2020-10-06,204.902587890625,207.79321770119736,204.1799401675536,207.36812622665104,1913500
2020-10-07,205.54873657226562,207.02804661074669,205.05562890185115,205.05562890185115,2048000
2020-10-08,207.070556640625,209.60409819208502,206.4754311718609,207.2405906355916,2501100
2020-10-09,208.0227813720703,209.47660008807347,206.72200235011348,207.6742161826721,1538700
2020-10-12,209.46807861328125,210.65832954986348,207.72520097754406,208.50736773197843,1430400
2020-10-13,206.09288024902344,209.61263762517174,205.25119434305344,208.42237354849823,1622100
2020-10-14,202.7686309814453,206.8325043926445,202.41155570374403,206.49243640609913,2049300
2020-10-15,203.703857421875,205.8718137514838,201.91846788515352,202.81116265351426,1790900
2020-10-16,206.35641479492188,207.5126641714035,203.32976544927487,203.78885855235364,1480000
2020-10-19,203.703857421875,208.88996607653036,203.32977481625613,207.15559841829062,1323600
2020-10-20,207.27459716796875,208.9154439661731,204.57951888549698,205.47220056759147,1407300
2020-10-21,205.52325439453125,209.11102788968958,205.15766893858626,206.9005467790019,1100500
2020-10-22,200.44766235351562,205.41272827738302,199.9120428779986,205.17467805998965,1836600
2020-10-23,202.10548400878906,203.5082806323299,200.3541092759159,201.18728490196239,1057200
2020-10-26,201.59535217285156,202.24999659625686,198.43267094978364,200.2690690095187,1657600
2020-10-27,200.77920532226562,204.87708032882782,200.66867738927806,203.13420271510176,1433200
2020-10-28,195.652587890625,201.76540479738773,194.90442281425294,198.78976475442204,2449000
2020-10-29,196.94485473632812,200.9577188816303,196.1116791641818,198.4921937716466,1693300
2020-10-30,195.2445068359375,197.667533402231,192.56643576604438,195.5420760538199,1621300
2020-11-02,198.50926208496094,198.60278274741356,194.92148826761897,197.735592329468,1551200
2020-11-03,199.13833618164062,201.68888487071564,198.51770629967226,200.2520737002282,1268800
2020-11-04,201.55287170410156,206.7984987802388,199.5379293558976,199.5379293558976,2434000
2020-11-05,203.9758758544922,206.41589657887633,202.19049958278228,204.2819422114655,1877400
2020-11-06,205.87179565429688,207.09606117497086,202.90466546855802,203.96739415348162,1181400
2020-11-09,202.32652282714844,215.16428980101975,201.45083547832635,211.8315743911097,2423600
2020-11-10,197.5655517578125,203.1342406515811,195.729153159238,203.1342406515811,2717400
2020-11-11,202.72608947753906,205.3021423670759,198.36466046160848,199.63993468307265,1573700
2020-11-12,202.35203552246094,204.29896170675386,201.03426235250615,203.70383624729652,1882600
2020-11-13,206.67095947265625,207.20657885463336,202.0799769701033,203.83984883940266,1476400
2020-11-16,203.27024841308594,208.79643786025048,203.06621279760506,208.0907844202656,1433300
2020-11-17,203.34677124023438,204.78358263906202,202.6071161541392,203.19374452149614,1354200
2020-11-18,202.08851623535156,206.00786076690773,201.67193482724906,202.6071284348942,1617400
2020-11-19,202.70912170410156,203.09171442332993,198.40719790073928,201.56987962431052,1636400
2020-11-20,197.80355834960938,202.70910438493047,197.66752597096226,202.50506878972143,1965500
2020-11-23,194.61537170410156,198.61122875908836,194.36881139714947,198.5687170193282,2848400
2020-11-24,193.89273071289062,197.1149315112191,193.32310966606033,196.4262723918817,2635100
2020-11-25,198.0926055908203,198.4071690964836,194.39430497544956,194.93842148477142,2478800
2020-11-27,199.01930236816406,199.01930236816406,196.03516520299334,198.90878741796132,937400
2020-11-30,196.56228637695312,199.06182621027764,194.47934084010328,198.9428011216794,3547200
2020-12-01,200.49864196777344,200.9747423330007,197.00438960605507,197.24243978866872,2471000
2020-12-02,194.6068572998047,200.49863144209377,194.34330268094425,199.61443397643671,2755100
2020-12-03,192.3284149169922,196.18824034243647,191.96282945146584,195.13402163939074,3702600
2020-12-04,194.41128540039062,194.60682379801824,190.81501604623836,192.77893609798988,3298400
2020-12-07,190.6705322265625,194.51334978788032,189.88836547586698,193.55265188393196,2554500
2020-12-08,190.1094207763672,191.0956361678977,188.89365234291284,189.82036167039675,2607300
2020-12-09,186.56419372558594,189.6248453018419,183.82660292695164,189.35279343790967,3413500
2020-12-10,186.5386199951172,188.6810714110386,185.74794320826283,187.21876886151344,3028100
2020-12-11,186.88726806640625,187.18482438812325,183.1379572252012,185.33992849152207,2893400
2020-12-14,184.2516326904297,189.1061696151279,183.9795679450066,187.86490988922807,2501500
2020-12-15,184.7022247314453,185.64592821676268,183.25691647654543,184.55769520323142,2181200
2020-12-16,186.7171630859375,186.8702027527401,183.36744040691414,185.57792112109283,2347600
2020-12-17,189.3442840576172,190.10094649830046,187.15081010116398,187.97548874663235,2484400
2020-12-18,188.33253479003906,189.78634040123825,186.90422065730797,188.89364568987662,4538000
2020-12-21,186.8531951904297,187.46532791122604,184.60871287176354,185.64593703907062,1963400
2020-12-22,187.4568634033203,187.76292981702846,185.5694560142473,186.436633375784,1845600
2020-12-23,184.8297576904297,190.10090206060357,184.81276337277941,188.1199743423758,1553400
2020-12-24,186.93292236328125,187.56558366336583,184.82977393189293,185.04350927099816,705700
2020-12-28,189.00189208984375,189.3267609347143,185.8898930262147,187.12101066778888,1842500
2020-12-29,188.49745178222656,191.0109812596284,188.44615739213572,189.9765096051462,1283000
2020-12-30,188.37774658203125,189.39512872810093,187.53136311743415,188.52308502498866,1361300
2020-12-31,191.9001007080078,192.0796310482554,187.74508610107907,187.88186677376441,1669300
2021-01-04,187.7451171875,193.39627977724473,187.4629849893149,193.27658851547247,2786400
2021-01-05,188.69412231445312,190.30996104018388,187.30910837427638,188.18969697348905,2481600
2021-01-06,183.71836853027344,187.81353235501527,183.43623628500578,187.6596491550718,3230900
2021-01-07,185.94970703125,187.6681341102411,183.53876663693066,184.04319184864391,2933800
2021-01-08,189.9679718017578,191.3529857065679,186.4712646925913,186.582411246378,2310400
2021-01-11,183.7439727783203,189.77131122921202,183.11986931548765,189.16429719879739,2284700
2021-01-12,183.73545837402344,184.47925321333173,180.10195744440955,183.48751806400705,2468900
2021-01-13,185.06060791015625,185.66760895521054,182.8719471250307,183.20537372530026,2314800
2021-01-14,183.8038330078125,185.72745091423062,183.30796549315824,185.5222603078799,3735000
2021-01-15,187.99305725097656,188.48038009345584,183.14554125049378,183.80384975782948,2404700
2021-01-19,185.41969299316406,189.38662052427492,184.63314847914913,188.822356075513,2536400
2021-01-20,190.46380615234375,191.1648642226341,184.73570252112188,186.16345280960212,2399000
2021-01-21,189.9679718017578,190.78872126554788,186.68500003733797,188.89929507802452,1736700
2021-01-22,191.4384765625,192.3618148391725,189.67729936723174,189.88248999939356,2113900
2021-01-25,194.50772094726562,195.55075054034452,189.90814490333366,191.50688121034776,2401800
2021-01-26,198.59432983398438,199.19279924355442,191.77190119136714,194.78984325581806,2838700
2021-01-27,195.83285522460938,200.17595866355532,194.60173764564905,200.17595866355532,2763100
2021-01-28,195.191650390625,199.1671353499133,193.738252757868,194.6786934266121,2685600
2021-01-29,194.3794708251953,195.5934860077752,192.4302055410113,193.96054485665653,2701200
2021-02-01,201.3985137939453,201.49254480661708,193.17397020959393,195.92688204090254,2172100
2021-02-02,201.89437866210938,203.4589227746672,200.55212763205722,201.8345395559208,2045200
2021-02-03,198.6114044189453,201.36431635297976,197.29480060262682,200.6974632057658,2503000
2021-02-04,198.51736450195312,201.11639332336964,197.73082008228909,198.45752539537358,1934100
2021-02-05,199.19276428222656,200.88554428538887,198.03004367355481,198.89352962996173,1609300
2021-02-08,199.0218048095703,199.5176723921063,195.61059693758153,199.2184507262562,1775200
2021-02-09,198.05567932128906,200.68889975346212,197.54270938884432,197.7051503022974,1263200
2021-02-10,198.05567932128906,200.20157701310288,197.03829721733956,198.70542992973412,1539000
2021-02-11,194.77272033691406,198.00439719339883,194.14860383655503,197.3118838281223,1412200
2021-02-12,194.234130859375,195.3882938752463,191.1221448116643,194.77274809400356,1632200
2021-02-16,192.3446807861328,194.57607799381012,190.83144415045444,194.57607799381012,1444400
2021-02-17,193.4817352294922,193.84080895755278,190.6946316952883,191.08789733038782,1234800
2021-02-18,195.14892578125,195.3712189017067,192.56701205973891,192.84914429660026,1131600
2021-02-19,193.53305053710938,196.48260834609096,193.41335928148175,195.44812367251984,2034300
2021-02-22,192.42166137695312,194.28542731116377,189.95942604443184,193.80666222881132,1774400
2021-02-23,190.79722595214844,194.99499037313555,189.49771167603407,193.49884327381312,1731600
2021-02-24,192.1737518310547,193.60150258921854,190.13898686001565,190.79729547629984,1696400
2021-02-25,192.14808654785156,194.83260211840715,189.2925853002319,191.16490912070503,2912200
2021-02-26,184.77847290039062,192.75507703471658,184.68442883274767,192.0711213650741,3211200
2021-03-01,182.76080322265625,187.59976100975211,182.54706790014848,186.85596626194305,2733600
2021-03-02,178.52029418945312,183.70123647955563,178.47754451455947,183.4105595628695,2978700
2021-03-03,173.4761505126953,178.70838734146253,173.4761505126953,178.52029920294362,3269600
2021-03-04,172.0056610107422,176.47700084513932,171.42429407968714,174.1173672958898,3212000
2021-03-05,170.9882354736328,174.46785232729746,169.29545559514665,173.4077205710288,3455700
2021-03-08,169.84268188476562,175.0236252986059,168.85094661175162,171.23622766189823,3155400
2021-03-09,173.29661560058594,174.97230645002557,170.800188329463,170.97117399686616,2988300
2021-03-10,174.76710510253906,175.84432648194064,172.14244200319058,173.29660497139884,3080500
2021-03-11,182.87193298339844,184.33388829944587,175.82722524650285,176.4684312009262,3737300
2021-03-12,183.98336791992188,185.94973554858998,181.4869408517943,182.87194160412085,2251900
2021-03-15,186.796142578125,187.052614550015,183.43621624729735,184.41084887658897,1849100
2021-03-16,190.51510620117188,191.34440026244673,186.8046642840386,187.85623837536008,1929700
2021-03-17,190.79722595214844,191.0622556367696,188.48888732226732,189.17284289103105,2265500
2021-03-18,190.23300170898438,191.31878091395424,187.30910375572768,188.7710592550411,2485200
2021-03-19,189.67727661132812,192.40454143511266,189.2498059629699,190.52367319141024,4789700
2021-03-22,193.07142639160156,194.6616179871296,189.22418992294058,189.6773078411754,1917700
2021-03-23,196.50828552246094,197.81634481759832,192.85768210077998,193.72116821631244,1771200
2021-03-24,194.07167053222656,196.0038331284173,191.4299051082931,194.25121394096305,2440800
2021-03-25,194.25978088378906,195.32845760590948,193.25094327451492,194.19992872557265,1859600
2021-03-26,204.17710876464844,204.3908441118795,195.83287245971152,197.38031428640502,2705200
2021-03-29,206.75047302246094,207.59686967488912,202.1765314759209,203.09132500337694,2211800
2021-03-30,202.7493133544922,205.7587102240441,201.44981203988172,205.3654445522485,1657000
2021-03-31,204.3822479248047,205.9467919378439,201.50964487625805,202.1081011269203,2143200
2021-04-01,205.23719787597656,205.61337411962901,202.62962441008432,205.23719787597656,1726900
2021-04-05,209.24685668945312,209.40929760315112,205.46801818720616,205.8527391144361,1716700
2021-04-06,208.24661254882812,208.71683289351606,206.19474551165436,208.6826279346099,1771800
2021-04-07,209.21270751953125,210.20442959011115,205.99811963271023,208.28081151563921,2143200
2021-04-08,206.13490295410156,210.43525676607487,205.83566827284034,209.69146198942516,1791700
2021-04-09,205.51934814453125,206.42558387742406,204.67295152182987,205.95536353147887,1888200
2021-04-12,207.5388641357422,207.55605529095712,205.2185564760811,206.8513621702476,1463200
2021-04-13,208.83651733398438,209.18027487802507,206.95449887152574,207.5388670268807,2242200
2021-04-14,207.6935272216797,210.03102583428915,206.98884727495627,208.94821918361302,1637200
2021-04-15,212.40296936035156,212.4888989282998,207.9943747099319,207.9943747099319,2096400
2021-04-16,213.6575927734375,214.86072442757296,211.14822187836674,213.4599403944685,1753000
2021-04-19,213.58888244628906,214.1732637882177,211.72404179152196,213.67482512137042,1209600
2021-04-20,217.13809204101562,218.15216048350058,212.901383246331,212.901383246331,1837300
2021-04-21,216.7169647216797,219.16618627029894,215.7630720130483,218.34119443769643,1096400
2021-04-22,216.16700744628906,218.29826516934486,214.92091732354976,215.47091635559386,1222800
2021-04-23,218.31544494628906,219.38107381627194,215.90920735763646,216.27873201838975,1511400
2021-04-26,217.41310119628906,219.1060695565159,216.7685704940609,218.3670071601072,1494400
2021-04-27,216.98341369628906,218.75372259068132,216.24435130112417,218.00605806050766,1324400
2021-04-28,216.5193328857422,218.8482428000493,216.05527657499624,217.06074284245415,1389200
2021-04-29,215.1959228515625,217.42169915428005,210.86466901128975,217.42169915428005,1901900
2021-04-30,218.94277954101562,219.1404319452449,214.49981627866737,214.82636957413092,1816400
2021-05-03,216.9232635498047,218.48733110117925,216.69122881254341,218.23810520593273,1717300
2021-05-04,213.88104248046875,217.37868844946178,212.79822265999206,217.37868844946178,1826700
2021-05-05,213.6404571533203,214.54278968183138,209.71311029101344,210.28888950095345,2663500
2021-05-06,209.7045135498047,212.11935315632763,208.26936008895677,209.91935711783,5244100
2021-05-07,212.68653869628906,214.00996927681066,210.5552811064731,211.10528010413293,5548400
2021-05-10,213.6575927734375,215.3677520189758,212.58337510707113,213.98415914017562,2134200
2021-05-11,212.54046630859375,213.12483456072434,209.68733722909974,212.66936721332502,1779200
2021-05-12,207.9342041015625,212.29122483091405,207.4787236745745,211.4834109191775,1621400
2021-05-13,209.68731689453125,210.82169719820567,206.99747129722084,208.82794264496349,1474200
2021-05-14,212.0592041015625,212.9701519026471,210.22014356724193,210.69280206945294,1714500
2021-05-17,211.3115234375,212.69511643661818,210.41778003108658,210.5466809170564,1443400
2021-05-18,211.70684814453125,213.2451222562348,207.48731750142466,211.2857500484846,2023000
2021-05-19,211.4404296875,212.609179164312,208.76777530884218,210.4779347464819,2177300
2021-05-20,215.5482635498047,216.33028417997158,210.7271733067463,211.93888107760287,1419100
2021-05-21,214.80059814453125,216.11543974071427,213.90685466521492,215.53107152597107,1586400
2021-05-24,217.23263549804688,218.23810186008205,215.049830535793,215.4451353723139,1170100
2021-05-25,217.73963928222656,218.9083887317602,214.36230493286675,217.72246123940224,1325000
2021-05-26,218.6763916015625,220.4896719111383,217.2068557690676,218.4357547319924,1519900
2021-05-27,218.37557983398438,220.12012153471778,217.33573127584387,218.3326085011173,3149500
2021-05-28,219.53575134277344,221.31464921881823,219.53575134277344,220.43809692651112,1494600
2021-06-01,222.20838928222656,222.30290785407584,219.0974458160647,220.5498033996261,1722300
2021-06-02,225.95526123046875,226.01542372114133,221.9419982410792,222.57792678241674,1912700
2021-06-03,226.316162109375,226.53958152947146,224.09038645916164,225.86927081715245,1544000
2021-06-04,227.97482299804688,228.30138944216708,226.05840878577595,227.38185260762296,1789900
2021-06-07,230.85372924804688,231.27481427520138,227.8373169733083,228.6709111180583,1810700
2021-06-08,228.61073303222656,231.3521390416336,227.17559269312036,231.3521390416336,1424300
2021-06-09,229.4615478515625,230.77638952516352,229.02325855168775,229.41856339952236,1239000
2021-06-10,232.73577880859375,232.79594131019525,228.3185818514297,228.89437423271156,1312100
2021-06-11,230.6131134033203,231.85061457256933,229.30684759909968,231.75606975598936,1335800
2021-06-14,232.83885192871094,232.89041228353346,229.76227755219506,230.68181425656297,1152700
2021-06-15,232.43495178222656,233.14822086210145,230.84510419274622,232.77009409835412,1166100
2021-06-16,229.04901123046875,233.586506091216,228.38730251832519,233.39744271260068,1595700
2021-06-17,232.7188720703125,232.79658289917032,227.77107182033876,228.41004509200522,1360700
2021-06-18,229.6361846923828,232.77926982616418,229.6189244051254,232.07122912644024,2770500
2021-06-21,231.19046020507812,231.5444937405461,227.96966416197904,229.67935495328246,1471000
2021-06-22,230.21470642089844,231.74309826341943,230.1024750268071,231.22499978038832,1156900
2021-06-23,228.15097045898438,230.2146946143017,227.54651786785024,229.68797919048146,1330600
2021-06-24,228.090576171875,229.81755388485774,226.51902012867947,229.29083833116056,910600
2021-06-25,230.15426635742188,230.94866113854417,227.79693291567648,228.31503136295458,1882700
2021-06-28,234.6876220703125,234.86894733503144,231.73447885838732,231.73447885838732,1808500
2021-06-29,235.55105590820312,236.4059011655119,233.36643086607404,234.35943745766363,1624100
2021-06-30,233.2628631591797,237.2953408576249,233.16786569402413,235.70652472263896,1857900
2021-07-01,233.42686462402344,234.64438672776015,231.11272147085262,231.95894979622753,1537000
2021-07-02,235.62014770507812,236.1641497800569,234.2644641772076,234.2644641772076,1207700
2021-07-06,238.08975219726562,238.21927023383088,234.49763599087834,235.62016077655625,1742700
2021-07-07,240.19667053222656,241.4832603015993,236.60455426948593,237.67527185733522,1732300
2021-07-08,239.98080444335938,241.95817470317505,238.42650888597905,240.00670805173647,1179400
2021-07-09,240.43846130371094,240.70614071735295,237.73573720637103,239.76494110945262,1151700
2021-07-12,241.76817321777344,242.33807887608518,239.8253237991759,241.06013256797556,1323500
2021-07-13,240.5074920654297,243.17566882547163,239.73900087155786,240.1707451955436,1228200
2021-07-14,242.9598388671875,243.86651791600295,239.19504035682132,240.04988583429898,1198100
2021-07-15,242.88211059570312,244.557280851585,240.93926093980164,243.59017768356762,1082200
2021-07-16,243.90098571777344,245.32573665580088,242.76120077830015,243.71101716926435,2100700
2021-07-19,242.5453643798828,245.79206411721503,240.53342086250706,244.28095882500293,2166900
2021-07-20,244.36734008789062,245.61076611731295,241.509194154707,244.46231121089403,1502600
2021-07-21,242.0013885498047,244.48824060284537,241.71642247828368,244.091016766882,1167000
2021-07-22,243.158447265625,243.60745194751112,239.09142246438918,241.51782384350236,1152200
2021-07-23,246.31878662109375,246.7332443179909,242.40718399712895,243.7196772899416,1144200
2021-07-26,245.75747680664062,246.03379948190621,243.92688519827232,244.68675937946233,1174400
2021-07-27,247.71763610839844,248.2529948723917,245.2566881063033,246.10291649713395,1229200
2021-07-28,246.07704162597656,248.08031556523682,245.0149409416672,247.76947225368457,1636000
2021-07-29,244.36734008789062,249.9886608312545,243.7283667830665,246.95780659058912,1768200
2021-07-30,244.1946258544922,247.51044608687803,244.13420166476908,245.82663236035026,1762200
2021-08-02,244.90267944335938,247.0700446771701,244.51412530985414,244.79906500775797,1219300
2021-08-03,245.53305053710938,246.80238015295302,244.20327037965714,244.9717880760275,1000000
2021-08-04,245.98199462890625,246.75051213592394,243.25336747559533,245.91292713521906,1315100
2021-08-05,244.1600799560547,247.57948792360494,242.7525891201117,247.32906881527788,1307700
2021-08-06,243.60739135742188,244.74720259516153,242.6489316926726,242.9856785324348,1459900
2021-08-09,241.82864379882812,243.86649083858106,240.87018398826999,243.5038139890069,1093300
2021-08-10,237.71847534179688,243.4866010199114,237.45943922146364,243.11528077864833,1293200
2021-08-11,239.37635803222656,239.79084212867244,237.77889853634989,238.67693423618957,871500
2021-08-12,241.8200225830078,242.19134278605046,238.45242160736112,240.0498811225587,874400
2021-08-13,244.29823303222656,244.32413663899712,241.09467100262782,242.14812826393626,808000
2021-08-16,244.53997802734375,245.71430985521627,243.3051693225085,244.2982022773947,1066600
2021-08-17,247.41542053222656,247.58812881591427,242.76123005974554,242.76123005974554,922500
2021-08-18,244.69541931152344,248.07166311533416,244.65222906781665,246.9232084471038,1146200
2021-08-19,249.66912841796875,250.17858357459954,243.14977310346515,243.14977310346515,1203200
2021-08-20,251.11981201171875,251.98330078720647,248.46889514659077,249.89364635582828,1712800
2021-08-23,249.12515258789062,250.696682116551,248.0889555269053,249.87638359889135,1071400
2021-08-24,245.7488555908203,250.24762372246155,244.70404178553892,249.9713010519735,978000
2021-08-25,244.28089904785156,245.82655088981255,243.26198891024586,245.79200397028634,973400
2021-08-26,244.522705078125,245.982002977869,243.26201905079188,243.69376336783847,960900
2021-08-27,246.5260772705078,246.7937567173854,243.6851914534639,245.9389111516531,882400
2021-08-30,251.86239624023438,251.9401070667674,246.28426620587186,246.5260420056143,1632600
2021-08-31,252.28546142578125,252.76901290599528,249.37548287490628,250.26487502796917,2327100
2021-09-01,257.2851257324219,257.69960985952656,252.13009633672903,252.8727104371764,1658400
2021-09-02,259.8151550292969,259.89286585831337,255.325002774485,257.4060139234383,1795800
2021-09-03,260.7821960449219,261.03258876148834,256.602914454805,259.0897394448169,1645300
2021-09-07,258.3731384277344,260.72182918722,254.81556853136402,259.47840311739884,1535200
2021-09-08,262.1724853515625,262.2588395085043,257.639168803802,257.88958795345656,1512700
2021-09-09,256.3006286621094,262.25004992966666,256.1883709558504,261.2052363626568,1243100
2021-09-10,253.76205444335938,256.5856529064378,250.46352140104173,256.0157472223005,1488700
2021-09-13,254.3923797607422,257.6822957766437,253.15759730963717,256.03302928496004,1270100
2021-09-14,255.9380340576172,257.13829594614015,254.5650902477038,254.97957429188966,1109700
2021-09-15,256.68060302734375,257.17277145105965,254.08149417860227,256.1279577319446,1044200
2021-09-16,256.5770568847656,257.3196445524986,252.86403949134564,256.27483055541046,906500
2021-09-17,253.64976501464844,256.93101100867415,253.49434339791222,253.72747582301656,2994000
2021-09-20,251.4392547607422,253.9951737116779,248.3479507271081,251.741481049735,2374700
2021-09-21,252.0264434814453,254.0556472034344,250.99027284898855,252.35457340477768,1161500
2021-09-22,253.47711181640625,254.6601135382791,250.57580226751895,252.22506894087235,1172900
2021-09-23,248.68467712402344,253.43386366632248,246.46550545169802,253.43386366632248,1634100
2021-09-24,243.65921020507812,249.05601402997397,242.95114321887232,248.58974915264142,2318700
2021-09-27,237.78616333007812,244.50941296441832,237.41313776876004,243.6939457295198,1776700
2021-09-28,233.1449737548828,235.95571771082493,231.42728218486664,234.9233713369834,2317600
2021-09-29,234.23805236816406,235.43522893317046,232.659166565779,234.14261182157298,1448500
2021-09-30,230.24745178222656,236.28535643859348,230.12598682020516,235.41784033669344,2090800
2021-10-01,231.28846740722656,233.37918449991184,229.96985239367254,231.63549504586504,1784600
2021-10-04,230.09132385253906,231.9564783276202,227.41935921680587,230.68122849567766,1387600
2021-10-05,229.50137329101562,231.55740868323528,227.55814570202085,230.23876726971142,1649200
2021-10-06,232.4595947265625,232.8846955962411,226.51710445385075,228.48638284272627,1421100
2021-10-07,230.85467529296875,235.7735027734074,230.42091728312184,233.53532309137202,1185000
2021-10-08,227.35861206054688,230.88075184847287,226.77739108847004,230.82867652497487,1064300
2021-10-11,226.94223022460938,228.56448118983195,226.00529795652355,227.21984174659715,1074800
2021-10-12,229.50137329101562,230.66386816067177,226.91619226090444,227.95719569451293,1352700
2021-10-13,229.18043518066406,229.36263265369502,224.96431893900117,228.4170166493766,1646600
2021-10-14,232.3815155029297,232.8326407837217,229.95248120054308,230.2821415289716,1370000
2021-10-15,233.6481170654297,235.42654108833517,231.6962056942235,234.04719356295521,3091300
2021-10-18,232.49436950683594,234.4462811911284,231.56612070753766,232.87607879861284,1354300
2021-10-19,236.74514770507812,240.7010191586831,233.3965481351502,233.98645275247043,1816900
2021-10-20,239.4691162109375,240.1978264501359,237.78613310809132,237.78613310809132,1109700
2021-10-21,242.0716552734375,242.36660751605413,237.0747549879663,239.25222846886865,1269100
2021-10-22,246.76498413085938,247.51103532623296,242.03701043401796,242.71367198485382,1496300
2021-10-25,246.877685546875,247.83195841825423,243.4423296843965,246.80829591735954,1194700
2021-10-26,248.92503356933594,251.19792116586603,247.58905156794168,248.10956644278883,1742300
2021-10-27,247.6064453125,252.59466265384404,247.5110047792356,250.03547968892406,1280300
2021-10-28,248.11825561523438,251.57095229566937,245.37690192267362,247.67581399056078,1391600
2021-10-29,244.613525390625,247.1813657346978,242.5922244469526,246.57412032552398,2532000
2021-11-01,244.726318359375,245.64588338727998,239.79014920370955,245.38561264998125,1520500
2021-11-02,245.2034454345703,247.4937008804335,242.47945836886188,245.34225120169776,1532500
2021-11-03,243.4250030517578,247.60643666574924,239.83347398365635,246.13164882653606,1133500
2021-11-04,241.99362182617188,245.89744419779294,240.85717787594805,244.46602148194003,1381000
2021-11-05,241.02197265625,244.15371936521916,240.04170175777756,243.71996133997888,1214000
2021-11-08,241.82879638671875,242.2278463796616,237.20492075031999,241.38635470410344,1014100
2021-11-09,242.83511352539062,244.30119134866663,241.8634732741662,242.80908910188842,823300
2021-11-10,239.3303680419922,244.18846394626442,239.05275651043542,241.71603753766675,925300
2021-11-11,236.3807830810547,240.04170187484783,234.55031044691367,239.5472113719554,1221800
2021-11-12,236.0511932373047,238.75783988848664,235.61743508232047,238.12454345139088,991200
2021-11-15,225.98794555664062,232.96278245999852,224.8081363605303,231.91306891036712,3467600
2021-11-16,224.72137451171875,227.57548337533018,224.3656897392328,227.40199604268406,2783200
2021-11-17,223.41140747070312,225.9011743002149,220.9563354588307,224.77341402413623,3451600
2021-11-18,224.65196228027344,225.3546482046815,219.82857487284724,223.4721530897331,2436700
2021-11-19,226.4043426513672,229.27581858777637,225.21582345373835,226.334926543373,2036700
2021-11-22,223.4981689453125,226.4737427061469,222.63065287688337,225.5541777915712,1835200
2021-11-23,227.28919982910156,227.4713707825201,222.7347406722207,224.04469834917884,2070900
2021-11-24,230.30819702148438,230.76797952198208,225.9879570638799,228.052649736697,1320800
2021-11-26,228.04391479492188,232.06051790143266,227.52339992716168,231.26239157426886,1161800
2021-11-29,231.57473754882812,233.6307463606778,226.84676446522033,229.13701955529874,1842900
2021-11-30,227.70559692382812,232.6243975526969,227.60147277087734,229.16301737130883,2759500
2021-12-01,224.643310546875,232.09527086339543,224.26160133495503,229.00691558476387,2629100
2021-12-02,230.9674530029297,232.26872701213998,224.92086538115302,225.31994180560852,1902600
2021-12-03,231.59207153320312,233.56134986138093,228.55576543374548,230.5163601298029,1804000
2021-12-06,233.85633850097656,236.74515567606701,231.92176792594807,232.95411427826235,1864800
2021-12-07,240.13719177246094,240.57963356998957,235.31380312408012,235.31380312408012,2133000
2021-12-08,239.3043212890625,241.10008596850815,237.3003612176198,239.77278739554623,1327600
2021-12-09,235.1488800048828,240.2932434251831,235.03609869128482,239.33031339274507,1116100
2021-12-10,236.4588623046875,237.85555047406794,233.75221639361044,235.01878244697556,1352400
2021-12-13,239.45179748535156,240.58824152053757,234.5329957550867,235.964392103463,1836400
2021-12-14,237.1875762939453,241.25622885599495,235.10554298205932,238.10714122731574,2225100
2021-12-15,238.00302124023438,239.59924751231873,235.20093501357985,237.83819108134367,1932500
2021-12-16,242.44467163085938,242.61818540208364,238.31528744097895,238.39336069568452,1791500
2021-12-17,241.91554260253906,246.15770931397935,241.01334486175384,242.25388661120257,3248700
2021-12-20,241.5684814453125,242.50541348702245,238.57556733445443,239.3042775477369,1551000
2021-12-21,241.0393524169922,244.67424697490668,239.93759003209092,243.1647509661621,1381900
2021-12-22,243.98890686035156,244.06698013360798,240.91789240647853,241.99363038960098,914200
2021-12-23,243.0124053955078,244.51194492542896,241.02464616802894,244.1109130180018,1016000
2021-12-27,249.13265991210938,249.26342830910232,242.76832299664915,244.16324797852954,1235300
2021-12-28,251.5126953125,251.90502706384433,248.2259258223115,249.13263094601032,1065600
2021-12-29,251.85275268554688,252.39327980502895,250.03934220072418,250.03934220072418,1430600
2021-12-30,253.8230743408203,254.5641041047908,250.57115839577892,252.48915691132066,1370200
2021-12-31,255.00877380371094,256.66523573115376,252.77690427086483,254.04976112803874,1274100
2022-01-03,249.67318725585938,255.05233130302588,244.35505072335894,254.89540922648843,1597900
2022-01-04,246.5258331298828,251.3034415270035,246.2555696317403,250.3793095773597,1813300
2022-01-05,230.65867614746094,243.62270567876942,228.6186094636122,243.21294698974984,4486100
2022-01-06,230.93768310546875,231.36486874182071,223.85844340917978,230.08328522678354,2473100
2022-01-07,232.41102600097656,234.7300829873104,227.5462556894199,230.18788357054066,2244300
2022-01-10,230.5192108154297,233.08237799216963,225.46261074302515,233.08237799216963,2113500
2022-01-11,227.1016082763672,228.07804768636566,223.27431166689337,226.16004930414823,1884300
2022-01-12,226.1426544189453,230.59766650956294,225.67186156316382,226.56984006983132,1876900
2022-01-13,222.69894409179688,226.87499261571386,222.36764638844878,226.6744633200076,1728000
2022-01-14,218.49673461914062,221.61786910663525,214.54736920381436,221.1296493303552,2549900
2022-01-18,218.15672302246094,218.80187818436676,216.0207548540983,216.76181127921996,2523600
2022-01-19,217.0843505859375,220.79831902375335,216.28227345723974,219.0110890287906,2200000
2022-01-20,214.41659545898438,220.44962153542008,214.06785755390695,217.8603007908051,2120900
2022-01-21,213.38784790039062,218.63623728134283,212.51602304057093,217.72081851793382,3504900
2022-01-24,216.561279296875,217.37208329452213,208.36613133542298,210.3800445349144,2708800
2022-01-25,218.4182891845703,220.0485974760712,213.93710977066004,214.28583440635268,2065700
2022-01-26,211.5046844482422,221.76605192419245,209.58665940321444,218.50543595362456,2325000
2022-01-27,206.12550354003906,213.64064135804458,205.07060312264937,210.58925496571212,2722300
2022-01-28,215.14022827148438,215.20997585788973,203.71931708020185,207.11944207675532,2106700
2022-01-31,219.26393127441406,219.42085334873772,213.57963000719434,214.3904339668376,2665000
2022-02-01,218.0869598388672,220.09215946076102,215.8550905669468,218.8890503300169,1665800
2022-02-02,219.99627685546875,221.8532680209725,219.3075410854273,219.595244878885,1446000
2022-02-03,218.56646728515625,220.30140336738015,217.83413767071625,218.74082957864337,1367300
2022-02-04,214.8437957763672,217.9562169397022,213.64068650489443,216.352062375744,1275900
2022-02-07,214.69557189941406,216.52640931289426,213.1611650301957,214.26838625846193,1171600
2022-02-08,213.87608337402344,215.6284465726647,211.91447741762232,214.11146651063748,1303800
2022-02-09,217.8603057861328,218.3572523236411,215.1053361363111,216.34332579599248,1824700
2022-02-10,211.4262237548828,217.48541665112253,210.26669519483806,215.01815091398845,1453100
2022-02-11,206.53529357910156,213.55348600815648,205.30603069887482,211.81856313831554,2379600
2022-02-14,204.25982666015625,207.98252228320752,202.91722232067374,207.40711472214755,1810100
2022-02-15,203.4751739501953,206.75323015796337,202.50744796422006,206.6747691246926,1696300
2022-02-16,202.55104064941406,203.78903016679584,200.3017312548507,203.4838861908048,1275700
2022-02-17,199.36019897460938,202.7080034094441,198.56683512015343,202.27209095793984,1721100
2022-02-18,199.15966796875,201.65308753564102,197.65141472500207,199.4909656638936,2705400
2022-02-22,199.0986328125,201.30434857527706,195.75082864721676,198.98530463026836,2521600
2022-02-23,198.29656982421875,201.78386940627752,197.66885483520878,200.42382469775333,1934000
2022-02-24,202.0453643798828,202.80384757496748,191.80142465404194,193.37942515567204,2699700
2022-02-25,203.71055603027344,204.39929166776412,197.72111148824686,202.00177382002263,2309500
2022-02-28,197.7908935546875,201.7402589429838,194.76566035130946,201.52230273699396,3690400
2022-03-01,199.25555419921875,201.32177465084436,197.62523283037976,198.7760479142661,2467300
2022-03-02,201.3915252685547,202.9346588623329,198.54938125946896,199.04631446919996,2160300
2022-03-03,205.08807373046875,206.44811830981442,201.8448843629563,203.55365354618877,2702600
2022-03-04,207.73841857910156,208.5666495036182,203.98085570563788,203.98085570563788,2396600
2022-03-07,202.28079223632812,207.380959294583,201.41768090201242,206.7270906997049,1499200
2022-03-08,198.7499237060547,206.31735745980757,198.3488783983571,202.71672966542167,2058000
2022-03-09,203.23109436035156,206.16042643235738,201.6094995829378,201.95822420696564,1481200
2022-03-10,202.96083068847656,203.5536652096512,197.99143163189748,201.33050914926298,1300300
2022-03-11,204.73934936523438,207.52047283019692,204.59985419325696,205.14910811854816,1889000
2022-03-14,204.8177947998047,206.76197369070266,202.65567301091718,205.72450004555773,1652400
2022-03-15,205.93374633789062,207.80816437744033,204.07675521656645,206.2999111654914,1422300
2022-03-16,208.91537475585938,209.60411047369138,205.46294279906888,207.33737404411326,1902000
2022-03-17,213.71913146972656,213.80631927113902,207.92150185654955,207.92150185654955,1876100
2022-03-18,211.44366455078125,216.61359245583097,210.80723618103664,215.48893103079908,3668100
2022-03-21,210.6677703857422,213.59710261081014,209.26413175075146,210.81597902384775,1601400
2022-03-22,208.9502716064453,212.10627347872446,208.4620517922797,211.18214121576926,1909800
2022-03-23,204.0070343017578,209.42978644871917,203.7542109245297,208.42719309706575,1968600
2022-03-24,205.30601501464844,205.3670358295485,201.10381333732292,203.6582667704874,2081200
2022-03-25,209.8395233154297,210.39749068209957,206.2214422399216,206.98865235771444,1530200
2022-03-28,213.62326049804688,213.76275567888888,210.109807111419,210.76367580574913,1382800
2022-03-29,218.43572998046875,219.0285645233004,215.57614539071022,215.898716344722,1917500
2022-03-30,218.71469116210938,218.75828506427078,215.66330425268723,217.2151513880969,1385400
2022-03-31,219.01980590820312,221.5045116664871,218.56645333168686,219.62136708987123,3315600
2022-04-01,224.01544189453125,224.3990470187329,218.04343538992404,219.01987512207833,1636200
2022-04-04,224.7825927734375,226.1252105124481,223.30050646957952,224.0415629245002,1989800
2022-04-05,229.22018432617188,231.34741232543672,224.09385033011975,224.53846287868848,1956200
2022-04-06,234.18959045410156,234.64295641071413,227.1191035856813,227.71193810711569,2749700
2022-04-07,231.6700897216797,233.51835464736632,230.17924966804458,231.87059246366124,1752400
2022-04-08,232.2628936767578,234.07627790949084,230.18794598917793,232.0449374340454,1559100
2022-04-11,229.5601806640625,233.42235805353482,228.93246575830327,232.41976487785877,2158500
2022-04-12,225.4144287109375,228.01759049451985,224.05588752262105,226.9044640611316,1518100
2022-04-13,225.39688110351562,226.33472645350136,223.45108337421573,226.19448564664563,1317800
2022-04-14,223.97695922851562,226.4398931831465,223.50366323802692,226.0805311422741,2312200
2022-04-18,222.54832458496094,225.58972881022697,221.00570232138816,222.74991240382306,1072500
2022-04-19,226.8080291748047,227.49168645115805,223.31086234748182,223.3722227212036,1308500
2022-04-20,234.5386199951172,234.8541685069456,227.13233772914703,227.66698074469554,1807500
2022-04-21,233.80238342285156,237.99198082625526,233.28526046124114,235.67807423958823,1712400
2022-04-22,229.5514373779297,234.13546398118538,229.50762382315787,234.13546398118538,1664500
2022-04-25,227.4653778076172,230.51555524014663,223.6000891179062,229.72672408896472,1656800
2022-04-26,223.3459014892578,228.9466264134706,223.01283292838107,226.86058795172508,1883300
2022-04-27,221.61924743652344,226.13314003723903,220.47981421112814,224.38894336924423,2049600
2022-04-28,221.031982421875,222.50448418667585,214.92289423344292,221.41763796442046,2417400
2022-04-29,211.2504425048828,220.26946829749087,210.95242740662493,219.3929831976646,2151900
2022-05-02,207.68313598632812,214.98425827088838,203.9843678974085,211.5659718257261,2127600
2022-05-03,211.24166870117188,212.98587886125532,206.2544797266904,207.68314134235854,1367100
2022-05-04,215.29977416992188,215.65036281915008,209.19067266971766,210.9085891487751,1098500
2022-05-05,211.65362548828125,216.02729110249746,210.09348302650992,214.72132344387015,1375900
2022-05-06,213.92367553710938,214.8439739810005,209.30459637854844,209.69901190794437,1843000
2022-05-09,202.5469207763672,212.22332292079037,201.55650179466215,212.22332292079037,2423300
2022-05-10,196.9900360107422,205.22023097362404,194.86894356826625,203.89674322155446,2411700
2022-05-11,196.96371459960938,201.04813799917764,196.27128394489242,198.4800299381933,2104200
2022-05-12,197.6473846435547,198.58523009446947,194.59722032373722,196.91990042556213,2193700
2022-05-13,203.92300415039062,204.12459195647367,198.25214510708636,199.1198567012394,2229500
2022-05-16,201.7843780517578,205.87756140258276,201.61784376166926,203.8791766697196,1203100
2022-05-17,204.22097778320312,204.773167539324,201.06562685408096,204.39627208502148,1728500
2022-05-18,202.1437225341797,204.48393567905777,201.1620503237843,203.8441054285499,1623800
2022-05-19,204.4401397705078,207.01700798078318,200.89914602093052,201.59156333211916,1825900
2022-05-20,214.10777282714844,214.88784400811855,205.36921556860955,206.3684080181005,2853900
2022-05-23,218.61289978027344,218.87584797035112,213.45916340151237,215.25596043059272,1697400
2022-05-24,226.5889129638672,227.28134366568244,217.9730764076414,218.6742671455692,2174400
2022-05-25,228.14028930664062,228.92912046103632,221.38258403746494,225.07259179094655,2392900
2022-05-26,223.23199462890625,229.87573998823365,222.59216424386153,228.51719876809105,1487200
2022-05-27,228.72750854492188,230.129889835913,223.35466481400667,224.83591316781582,1786300
2022-05-31,224.49412536621094,227.04470013091532,223.70528077837307,225.92280031070666,2829600
2022-06-01,221.3650665283203,224.4941246391517,219.86628455225377,224.4941246391517,1418000
2022-06-02,229.95455932617188,230.68205675255132,215.33479800783175,215.66786654056492,2781800
2022-06-03,233.78485107421875,236.21270486781268,228.5434612032733,229.48130656239047,7332200
2022-06-06,234.33702087402344,237.60631961075902,233.29402831406,236.46689979003935,4197100
2022-06-07,233.27650451660156,234.01274879239924,227.1498822138621,233.30279799972996,2135100
2022-06-08,231.7952117919922,235.80952800485346,230.79603281751602,232.82948440358555,1550400
2022-06-09,228.06143188476562,234.66136356474797,227.90364423940093,228.9116234948548,2050700
2022-06-10,220.0064697265625,225.99286319280105,219.21763866694673,225.26539249569447,2188200
2022-06-13,210.38267517089844,216.62324354808263,209.45360329160962,214.73880631172122,2272900
2022-06-14,205.52699279785156,210.77712990783377,203.92302348427586,209.63769662028753,2584900
2022-06-15,211.58348083496094,214.3005897768639,205.98274202974432,206.32457065638758,2076700
2022-06-16,206.47840881347656,208.9560200246186,204.8296188725681,207.00743908680056,1668500
2022-06-17,208.2329864501953,210.0845787180069,204.6620661930141,206.0551665123948,4291800
2022-06-21,217.6496124267578,219.13968755824706,213.27633508337135,213.37332349583946,2502000
2022-06-22,222.19923400878906,228.20367694595777,213.59376854860824,213.655494568034,3130200
2022-06-23,227.75401306152344,229.06774949646112,222.83408033756808,223.12504561978992,2553100
2022-06-24,230.6989288330078,231.12215842581182,226.22866211732995,229.91422258245518,3131500
2022-06-27,228.6533203125,232.8502589389044,227.60411256349124,231.21029499956697,2018900
2022-06-28,223.01040649414062,229.66731829278035,222.29622513948885,229.2440887498929,1601700
2022-06-29,223.2132110595703,223.89211656492688,217.91413711866835,220.45346058390984,1863700
2022-06-30,225.35574340820312,227.2249600540063,220.61216353957866,221.8465493521286,1938100
2022-07-01,227.83338928222656,228.39769543543105,222.57841604160205,224.4211829165882,1363200
2022-07-05,225.6643524169922,225.7701530740017,220.10077697263057,225.26758649940984,1321600
2022-07-06,227.6835174560547,229.75551019345357,226.33450499060496,227.4454390219408,1170900
2022-07-07,226.75765991210938,229.75546176932536,225.20585865542526,227.92152094496987,1089600
2022-07-08,224.84437561035156,227.37488698199266,223.7069780917837,225.11771641995568,936000
2022-07-11,227.4718780517578,227.88628196046307,222.6224966583065,224.83557928159306,1299500
2022-07-12,225.267578125,228.13311562492143,223.20437121343824,226.55487770387882,1650900
2022-07-13,225.64671325683594,227.66581868858484,221.45860019166466,222.55192297204457,1188500
2022-07-14,226.16696166992188,227.348447338518,221.68786928872777,221.97002234894092,1579200
2022-07-15,226.7753143310547,229.9406429054451,225.12651117908177,229.13828537541843,1181100
2022-07-18,219.76573181152344,227.29552610460837,219.1749890315409,226.51961871416103,1608200
2022-07-19,226.74005126953125,226.83702624191048,221.7495803477053,221.846568773882,1506300
2022-07-20,220.19775390625,227.41893090018837,219.92441313357307,225.7172409710025,1573500
2022-07-21,225.18821716308594,225.70843510645713,218.83111003571386,220.5768881035699,1290300
2022-07-22,228.89144897460938,229.5615288944331,225.50567933755923,226.2022228802857,1587500
2022-07-25,226.8987579345703,228.94432717275885,225.62909612518402,228.6709998159211,1593300
2022-07-26,228.34474182128906,231.9509242222735,227.32195733793333,227.97441263120132,1579700
2022-07-27,227.72755432128906,230.33740261795433,225.17060635507283,228.82086369402836,1505400
2022-07-28,237.09130859375,237.67323918310663,229.29701202518527,230.531398014307,2589500
2022-07-29,238.79298400878906,241.54393578092896,235.8657336753547,238.36978135737894,1821200
2022-08-01,236.8444366455078,239.61301312524225,234.7636183473814,238.30807538919203,1323100
2022-08-02,235.08984375,239.10160499113846,234.56081348880892,237.26766391428578,1681000
2022-08-03,237.02957153320312,237.9994558036475,233.53801506719856,236.15668914360077,1370200
2022-08-04,239.18096923828125,239.57774868387398,236.2977931651287,237.3117521945788,1257800
2022-08-05,239.99208068847656,240.20368197866344,235.45129028594772,236.6239499791871,1156400
2022-08-08,240.706298828125,244.12733038408416,239.2338345380766,242.24928792317706,968900
2022-08-09,243.51010131835938,244.5152613223692,238.36975567947857,241.438082202052,1459800
2022-08-10,244.9296417236328,246.85175846151,242.5313951921456,246.85175846151,1350800
2022-08-11,241.5438995361328,245.9259890490208,240.94431769061384,245.9259890490208,1260400
2022-08-12,244.86793518066406,245.0266361552877,242.15228650926895,243.0692434121553,1110000
2022-08-15,248.21841430664062,249.05604762862046,245.22943832509594,245.45869100428862,1329100
2022-08-16,245.51162719726562,246.9487887744071,243.2544566507473,245.86430504998498,1183500
2022-08-17,244.6387176513672,245.9789311609976,242.8576770069738,244.1008886353358,1059000
2022-08-18,242.9017333984375,246.17288952043603,240.63576424073523,244.69159959963204,1139000
2022-08-19,241.94952392578125,244.7533492372671,241.0501913468884,242.46090278650166,2110700
2022-08-22,237.84078979492188,241.7203005398067,237.11778260444993,240.10678635385023,946800
2022-08-23,233.85545349121094,237.0913072114139,232.17138775931497,236.57992834304375,971000
2022-08-24,233.1941680908203,235.16035993393777,232.85911470743818,234.7900576000071,1372900
2022-08-25,236.50936889648438,236.70334575213326,231.28084639286976,234.31392436796392,1367400
2022-08-26,230.2933349609375,236.5710921687791,230.18753429683156,236.18313846199382,1227300
2022-08-29,228.99722290039062,231.57182232531056,227.64821061849773,229.067747707229,1577900
2022-08-30,223.42481994628906,229.8436536307842,222.80762698697174,229.1559224112881,1211100
2022-08-31,223.99794006347656,225.90241928840368,223.0456937241142,223.83041337593167,2005100
2022-09-01,227.16326904296875,227.2602440103156,221.85536949837615,223.01923055210014,1590500
2022-09-02,221.1764678955078,230.10817467338265,220.85022677112283,228.83851293927165,1387400
2022-09-06,224.11256408691406,226.13168322127495,221.3087387155915,222.28743526957732,1163700
2022-09-07,228.80323791503906,229.28816657725486,223.6452404649153,224.7738256873832,1095800
2022-09-08,230.71656799316406,231.0075198238291,226.82823208324845,228.94432611996288,1518700
2022-09-09,230.64599609375,232.074358770846,228.95313177555965,231.43952792462633,880000
2022-09-12,233.73196411132812,234.1463679363206,230.9722138414412,231.06039002055297,946100
2022-09-13,224.5093536376953,231.1926896675751,223.91861078349956,229.72905088946683,1711400
2022-09-14,222.03173828125,224.91491405660204,220.23304623866565,221.68785920957546,2087000
2022-09-15,216.0713653564453,222.18160893463514,215.6569615104964,221.82891765414843,1561400
2022-09-16,216.8031768798828,218.3549780971764,215.1102991554363,215.5158772962557,3287400
2022-09-19,218.22274780273438,218.46962498657106,213.00303763136307,215.48944739823165,1249300
2022-09-20,209.75830078125,216.76788924077167,209.2557342820035,216.32703529759644,2093000
2022-09-21,206.4519500732422,213.76131789231457,206.3637873338812,211.58349776850588,1942400
2022-09-22,205.24400329589844,208.48869598690578,204.74143669237077,205.18229072702195,1446000
2022-09-23,201.7436065673828,204.45045660184238,198.93978156797175,203.59519876028193,1907000
2022-09-26,195.18368530273438,202.03455986644423,192.32696014467757,202.03455986644423,2146900
2022-09-27,194.50479125976562,199.706863107085,193.50845690902756,197.39679243949385,1900800
2022-09-28,194.910400390625,197.44089846168322,193.8082652093211,197.14112092128022,1988800
2022-09-29,188.4386444091797,194.12565860732656,186.37545081327846,192.51213127090213,2096500
2022-09-30,189.302734375,191.61281884315582,186.9485752630209,190.32551904311183,2501700
2022-10-03,191.4805450439453,193.2704113973811,187.2307190294054,191.23366785407813,2102200
2022-10-04,194.04632568359375,197.80239745116114,192.18592100246707,193.04999119754348,2032800
2022-10-05,188.80899047851562,191.8067929304538,186.3754807276646,191.45411503744904,1518700
2022-10-06,179.04847717285156,188.82661714692247,178.79277427994492,188.35048722058522,2908700
2022-10-07,172.858154296875,178.54222717722897,171.77462578657335,176.84588180678472,3165300
2022-10-10,168.373046875,176.00214193822632,167.8224061643753,174.07488589914212,1992300
2022-10-11,168.0977325439453,170.50457677984613,164.54518372481044,168.24871424253075,2463100
2022-10-12,163.230712890625,168.16876658786558,161.90739727475,167.48489722112075,2572500
2022-10-13,168.6128692626953,170.02500429577367,158.23941870939308,159.74924938606236,3518100
2022-10-14,164.99813842773438,171.11740358291806,164.3586785189051,170.1759802593358,2466400
2022-10-17,170.95750427246094,173.9860412894147,167.70691944287867,168.53288038789447,3040900
2022-10-18,175.15843200683594,175.79789192003327,172.4940202191468,172.76046410829554,3253400
2022-10-19,169.6253204345703,174.24363093896966,169.1990048419937,173.1956220470908,1824700
2022-10-20,166.96978759765625,169.77630430122124,164.63398250901795,169.767414256326,2515600
2022-10-21,166.57901000976562,167.83128670629813,162.6445687435696,167.83128670629813,2078000
2022-10-24,164.66061401367188,170.0160796781157,163.57708566031837,168.67499752688488,1856400
2022-10-25,173.65745544433594,174.11929055577414,165.12245691096066,165.15798998593914,2495200
2022-10-26,174.89198303222656,177.0146304859545,172.48513870972977,173.47097158458493,2512300
2022-10-27,176.455078125,181.13556458512224,174.23473530451088,176.6238263476607,3414500
2022-10-28,181.81056213378906,185.06113380682365,175.2294625927949,175.2294625927949,2613600
2022-10-31,184.01312255859375,186.40221345632366,178.24910806876682,179.092835578817,2513500
2022-11-01,184.62596130371094,189.457429730919,183.48025675251822,185.98481010487598,1907000
2022-11-02,182.23687744140625,188.29396620494862,179.7145710015006,183.604602790626,2655500
2022-11-03,178.80865478515625,181.67733399714828,178.58662049672566,180.47835697076155,1703800
2022-11-04,181.10891723632812,181.51746626838974,176.86362294894684,180.21190363692554,1788100
2022-11-07,179.42149353027344,182.94739954587223,179.13728310141653,181.74840882096817,1828800
2022-11-08,180.3096160888672,182.5033160320822,178.60439431047902,179.42147889896307,2071800
2022-11-09,178.5510711669922,183.60457327992705,177.9826639824311,181.1888393575684,1530300
2022-11-10,196.18948364257812,196.79342392887222,186.18906458801894,189.2709014668732,2781200
2022-11-11,198.28550720214844,200.22165335303328,196.2960885392482,197.88584817089782,1915700
2022-11-14,191.2869873046875,197.317432703879,191.15375859854095,196.97105975093424,1628000
2022-11-15,195.01715087890625,195.23030866687344,191.01165733728868,191.3047306618852,2152200
2022-11-16,194.63526916503906,198.10788899805817,193.72937894486785,195.4701203322507,2400800
2022-11-17,192.1396026611328,195.02604862220872,190.40773779486696,193.3652363596741,2144600
2022-11-18,191.77545166015625,195.57669119661182,190.6208841864121,193.28529568317123,2360400
2022-11-21,195.3102569580078,195.6033438633172,191.47349770875581,191.47349770875581,1682400
2022-11-22,193.72935485839844,196.45592877735845,191.36690686020452,196.03850324565136,1562400
2022-11-23,193.8359375,195.76319353413882,192.0685396516719,193.79152793108665,1210500
2022-11-25,195.46124267578125,196.49148511224948,193.95141209924603,195.0704601273348,566500
2022-11-28,189.97256469726562,195.71881416226674,189.20876607056363,194.2445165309209,1367200
2022-11-29,192.92112731933594,192.96553688134827,189.4573983127062,190.78071381816176,1848100
2022-11-30,196.50033569335938,196.5802647808472,190.6563918801835,191.73104374669703,3889200
2022-12-01,196.54476928710938,200.69236847386543,195.2924925557871,199.31575307395147,1708700
2022-12-02,194.8306427001953,196.19838150335588,192.0774256600976,193.85369996412095,1354400
2022-12-05,191.4912567138672,194.04909611273857,190.57647650838985,191.79322010070678,1454200
2022-12-06,188.74693298339844,192.59256891881037,188.0719399972547,192.07744768534766,1672200
2022-12-07,187.49461364746094,191.4823538908499,186.0291929319686,188.22287898333903,1624800
2022-12-08,188.50711059570312,189.9103689227139,185.8160561081,186.8551749501737,2465300
2022-12-09,189.91925048828125,192.18400299775772,187.63674499264891,188.25843830555084,1646800
2022-12-12,191.72216796875,191.7754540310403,188.25843840090073,190.84292083716403,1847700
2022-12-13,198.4009552001953,202.46862492839531,196.19837888710833,198.01906273483348,2179100
2022-12-14,195.2569580078125,201.58049018437256,195.15926237915676,197.80590729378818,1902800
2022-12-15,193.8092803955078,196.62467339588179,192.31720301013326,193.00996242070138,1693100
2022-12-16,189.5728759765625,191.08270645319539,184.8035837165482,191.02942039136917,3724100
2022-12-19,186.17129516601562,189.30641805497837,184.51935961261032,189.30641805497837,1401700
2022-12-20,185.34532165527344,186.8906714367409,182.7430730725321,184.69698540847267,1307500
2022-12-21,187.04168701171875,189.51958366825136,186.05585424473324,186.32228454508288,1410200
2022-12-22,187.04168701171875,187.48575558149784,183.31150018405643,185.94039207998352,2212200
2022-12-23,188.6847686767578,188.8091073580012,185.62957416403515,185.98483721894468,1146700
2022-12-27,188.69366455078125,189.39153478439968,186.67163203441797,188.78314069443192,1550000
2022-12-28,187.9779052734375,191.6909330549518,187.87948697875882,189.09628878017583,1411700
2022-12-29,193.02406311035156,193.88297405172665,188.0047570739664,189.54365396708528,1323900
2022-12-30,189.55259704589844,192.54091469975964,187.15477554756038,191.76252409556324,1450400
2023-01-03,192.06671142578125,192.58564301967792,188.7562989219575,191.4672594945927,1812400
2023-01-04,195.94081115722656,199.1080675772083,192.8182791605428,194.51823046232562,1796000
2023-01-05,189.79417419433594,194.8761027028716,189.2305044931173,194.2140283512368,1495000
2023-01-06,195.49343872070312,196.24498916741726,188.72050159048604,190.9304285116741,1980200
2023-01-09,196.20924377441406,199.93122809398852,196.06608738085848,197.5960423261754,1727200
2023-01-10,198.58016967773438,199.4748764693909,196.6118174665185,197.8107212908241,1691300
2023-01-11,204.1005401611328,204.71789012614212,200.15489298206978,200.15489298206978,1893900
2023-01-12,207.7598876953125,208.28776147058804,201.81007883554685,205.1562874345461,2364700
2023-01-13,208.2966766357422,210.13977035951936,205.1115227846933,205.1115227846933,2007100
2023-01-17,206.7220001220703,210.76607850952706,206.64147978999205,209.5671610726364,2204500
2023-01-18,201.47903442382812,208.02828135905386,200.62906566072897,206.9098978149384,2213000
2023-01-19,199.83279418945312,203.19688726268,199.49280119432035,200.47698425804992,1864300
2023-01-20,198.0970458984375,198.41018510301308,191.87883605390397,198.05230782574296,2990400
2023-01-23,192.96144104003906,196.82658151234423,192.45146519147184,195.8423984331524,2723600
2023-01-24,192.5140838623047,193.757725919025,190.25047647598748,192.2993492894944,1991900
2023-01-25,195.63661193847656,196.2986863000246,190.3846732081803,191.38675420892235,1985100
2023-01-26,197.75706481933594,198.17757815409175,195.49345745674512,196.69236142504542,1126100
2023-01-27,197.5423126220703,198.56227784996474,196.3255108017627,197.47074809041337,1360200
2023-01-30,195.0997772216797,199.14385608287117,194.91189642482152,196.82656857399806,1422200
2023-01-31,199.86856079101562,199.8954009040911,195.09082953357532,195.09082953357532,1548500
2023-02-01,203.22372436523438,204.86103962763409,197.79286059082747,198.52651314843226,2601500
2023-02-02,203.44741821289062,210.6945501610511,201.7922048506117,205.97049843186997,2195800
2023-02-03,198.67860412597656,201.64903746883812,195.08187870845848,200.78117071819142,2485700
2023-02-06,197.34547424316406,198.20438507727988,193.72190917812517,195.83341765252712,1797800
2023-02-07,196.361328125,197.02341615821308,193.0777553785556,195.87817874472057,1834400
2023-02-08,195.4665985107422,196.82655668898008,194.03506214921362,195.83343158055348,1936100
2023-02-09,192.531982421875,197.27393178206785,192.02199292941842,196.32553098831406,1220000
2023-02-10,193.90089416503906,194.3303496847926,189.9910291043768,190.70678375325107,1929800
2023-02-13,194.38401794433594,195.94975503355366,192.71092039482937,194.65243274720206,1352800
2023-02-14,192.4961700439453,194.61663452585182,190.70675637436779,194.07980496412142,1017300
2023-02-15,193.7935333251953,193.8203734418692,190.5815249577233,191.02887843848123,1381500
2023-02-16,189.6778564453125,192.14724249181003,188.21053772455716,191.31517165571557,1719700
2023-02-17,188.12103271484375,189.65098723480142,186.53741162740454,188.7473383494871,1793500
2023-02-21,183.10177612304688,186.6895598135174,181.88497409660872,186.6895598135174,1888300
2023-02-22,178.2971649169922,183.51330705019816,177.67981505829016,183.4864669391365,3564500
2023-02-23,180.6950225830078,182.48443649245587,178.94139094480505,180.0597746382101,3234000
2023-02-24,175.1209716796875,179.1918906648314,173.64471080641735,177.85877251499917,2727000
2023-02-27,174.53939819335938,178.81609545844347,172.64262421112815,177.66192973298848,2348100
2023-02-28,177.16090393066406,178.5834982417724,173.87733132790947,174.55731729230286,2741400
2023-03-01,174.3694305419922,177.87668001905772,172.55317659230013,175.82780718567224,3261000
2023-03-02,176.73141479492188,177.31296869379116,172.964707202513,172.964707202513,1884900
2023-03-03,181.1781463623047,181.24972455221123,178.12719257173853,178.27929110573604,2044800
2023-03-06,177.6619415283203,182.6633494242484,177.27721049286433,182.41283260438337,1788900
2023-03-07,172.11474609375,177.38456870212573,171.81949120575226,177.25931029377602,1907000
2023-03-08,175.1567840576172,176.46304856414076,171.2200652720919,171.90005129392384,1603000
2023-03-09,171.0679473876953,176.94617795890431,170.66533203468694,174.99570992225063,1463600
2023-03-10,171.13059997558594,174.05628183538298,170.33431134628532,171.03218166625015,2357800
2023-03-13,175.6577911376953,179.82712818422624,169.59168000653767,170.79952601901232,2325200
2023-03-14,178.78929138183594,178.95033207973904,174.7541679537989,178.10931901489295,2461600
2023-03-15,181.01710510253906,181.81339369103745,176.91934589529822,177.06248862251556,3117500
2023-03-16,183.4596405029297,184.44380983688046,180.20290814732363,180.72183975343276,2622400
2023-03-17,180.14923095703125,185.7858732293862,179.71976183651142,183.78173860886648,3456900
2023-03-20,180.6860809326172,182.2339202629605,178.75351048248407,179.78243175231822,2000700
2023-03-21,177.32196044921875,181.03498857632854,174.1368061099079,180.31922033496636,2578100
2023-03-22,171.8910675048828,176.87459097616946,171.71212887379394,175.40727235781287,1943400
2023-03-23,171.44374084472656,174.73626950936392,170.32535716078561,172.0521486679056,2053200
2023-03-24,178.6013946533203,178.6550748852748,169.43064853581924,170.79060690462472,1897500
2023-03-27,172.81263732910156,180.14028923878644,172.46370217398058,179.1113817345473,2389800
2023-03-28,172.56210327148438,173.79680307514408,170.853223588562,171.77477053843637,1480200
2023-03-29,177.5903778076172,177.66195599800014,174.53942399674526,174.78994083701363,1784100
2023-03-30,179.99710083007812,181.3928548543821,178.95925135599717,180.4265699077756,1477800
2023-03-31,182.82440185546875,182.95861607968925,179.84502628606975,179.96134254996545,2558000
2023-04-03,179.9255828857422,183.37019663918795,178.15405319890627,181.79551723636806,2876200
2023-04-04,182.0281219482422,182.61863179781125,179.66609620211025,180.06871158967306,3431500
2023-04-05,183.13754272460938,185.88428558620947,182.01915919011657,182.08178156893393,2060200
2023-04-06,184.92697143554688,185.2132705445717,182.09969435365326,183.74595177394173,1273300
2023-04-10,186.4121856689453,186.75216500309776,182.3144264815974,183.53122839597208,1728800
2023-04-11,188.2284393310547,190.13415571766947,185.4727404797349,186.38534532744026,2115100
2023-04-12,189.01580810546875,191.0020588658452,188.2731996092788,189.67789624297632,2306200
2023-04-13,190.01629638671875,191.04384946490666,188.21357072297118,189.394353832133,1686100
2023-04-14,186.48294067382812,189.98023258020476,185.05878586405314,189.72785210796152,1174800
2023-04-17,188.23159790039062,191.03483679913498,186.65421297754713,187.2761555191468,1857900
2023-04-18,187.64572143554688,188.25865535789103,185.83398696256074,187.88909326895603,2116100
2023-04-19,187.59161376953125,189.8630517825433,186.38379096841777,186.69927343684043,1186700
2023-04-20,185.31118774414062,187.3122144007383,184.51799777704568,187.3122144007383,1472300
2023-04-21,184.0041961669922,186.21253221294472,182.82341313343454,186.21253221294472,2177300
2023-04-24,183.8239288330078,184.788379862393,181.8499421304783,184.13939755598042,1356700
2023-04-25,181.84091186523438,184.88750836861496,181.70569921112357,183.31914610907256,1339900
2023-04-26,180.57901000976562,186.10436806770602,180.3446606461307,182.57102773862687,1789300
2023-04-27,185.35621643066406,185.6446590829853,180.57899159278918,180.57899159278918,1744600
2023-04-28,184.22952270507812,186.23054901026015,183.26507176275715,185.3742571913425,2082300
2023-05-01,179.8218536376953,183.8689769992201,179.69566341336082,183.23801212384478,2135800
2023-05-02,176.7843017578125,181.84094794182948,176.37867746870873,179.9751202238104,2133800
2023-05-03,173.03460693359375,177.9740709158976,172.70110711975417,177.07270817258723,1491300
2023-05-04,175.2248992919922,177.04565575456616,172.40364345930666,172.40364345930666,1984300
2023-05-05,177.3431396484375,178.1453520298629,174.53990065200392,175.7116751005492,1210800
2023-05-08,174.15228271484375,177.06368020753763,173.5573800681774,176.22540579565276,1311400
2023-05-09,174.43173217773438,175.71166569793837,172.02509516224114,173.3410771426643,1511500
2023-05-10,176.9915771484375,178.61403273008523,175.60348466695743,176.20739601468404,1628700
2023-05-11,176.3876953125,176.64908448291703,173.77373483980293,176.35163309703916,1714500
2023-05-12,180.53392028808594,180.64209315930543,176.34258943987567,176.56793010383757,2130700
2023-05-15,176.1803741455078,182.43582025417604,175.13479002507052,180.9666082826747,2134800
2023-05-16,172.1963348388672,176.80229907175425,172.13324659787912,175.97304698675458,1395300
2023-05-17,175.5494384765625,175.64858894854825,171.97102656085852,173.06168175270184,1181100
2023-05-18,172.18734741210938,175.09874562197876,169.06863959383224,174.63004683372696,2387500
2023-05-19,171.91690063476562,173.85483865495513,170.88033905105482,172.53884308647332,1250600
2023-05-22,174.3866424560547,175.79276606574274,171.51129324597818,172.16027548948085,1754000
2023-05-23,169.59140014648438,174.7832585185192,169.14071876022882,173.53036481487695,1755500
2023-05-24,165.30091857910156,169.57338307933446,165.10261766851875,169.23086082401787,2011400
2023-05-25,164.5527801513672,166.43662498323238,163.7325367543987,166.37353674315233,2597900
2023-05-26,164.21023559570312,164.94935954626666,162.3894930050164,164.04799692579527,2692100
2023-05-30,164.0480194091797,169.77167833510242,163.42607691522258,166.0941166891115,2483400
2023-05-31,166.24734497070312,167.32897750148553,160.92028790831262,164.28236705734338,7074800
2023-06-01,168.56385803222656,170.19533630904493,165.98595978605684,166.02202200136287,2618200
2023-06-02,172.2954864501953,173.1247522944728,170.42066400854537,171.51130524846172,2188200
2023-06-05,170.03309631347656,174.60301280233458,169.78972448028665,172.98956551488007,1383100
2023-06-06,170.45672607421875,171.06964619951103,167.8968589267533,171.06964619951103,1390400
2023-06-07,172.0972137451172,174.58498417823063,170.38462971819092,171.25895284088566,1823100
2023-06-08,171.27696228027344,172.26845310326456,169.14974553239344,171.44822341203954,1184500
2023-06-09,168.8252410888672,171.2408865893114,166.58986538262417,171.2408865893114,1825300
2023-06-12,169.96095275878906,170.09616541939005,167.5543159400908,169.00551047350476,1533300
2023-06-13,172.17831420898438,172.3856237878621,168.50075258439884,169.66350446576962,1946300
2023-06-14,173.98104858398438,174.65707067262656,171.5203182786596,173.2869953886078,2510000
2023-06-15,176.54371643066406,177.16166275015706,172.0181096562963,174.07190341970949,2432500
2023-06-16,175.28965759277344,176.69822986230582,174.07192987237497,174.74439933795657,3283300
2023-06-20,172.7087860107422,175.58045340094884,172.61790501913734,174.1082617626066,2139400
2023-06-21,172.0635528564453,172.72695354494908,169.0192339701622,171.63643718387118,2127600
2023-06-22,169.4191131591797,172.31804254732032,169.30098449057942,172.31804254732032,2431400
2023-06-23,169.05560302734375,171.9727111512784,168.33769305448405,169.03742405424157,4173300
2023-06-26,170.96401977539062,171.60014526837904,167.9560440491559,168.71029821952348,2308800
2023-06-27,170.5913848876953,172.13626466512792,170.1006497239921,171.72732793970346,1776300
2023-06-28,174.1264190673828,174.2536441199033,168.96468722264308,170.60954422046674,2600300
2023-06-29,175.14425659179688,175.40780317059418,171.4637979739416,172.49069502957732,2674200
2023-06-30,176.24383544921875,177.47974202220155,173.74476077981535,176.5437260735262,3243100
2023-07-03,177.24346923828125,178.40668774009498,175.0806429860563,175.75311243262084,971000
2023-07-05,180.2605438232422,181.13295424763817,177.04355898292442,177.2071281375962,2178900
2023-07-06,178.1249542236328,179.42448029385005,176.08935313623257,178.11587167109707,1605600
2023-07-07,177.70693969726562,179.1245944543434,174.38089500320294,177.10715841804262,1830200
2023-07-10,175.88943481445312,177.77964582302337,175.34417657230077,176.61644118182525,1615700
2023-07-11,176.8436279296875,177.22530314854953,175.08972456700752,175.97121752479356,1484200
2023-07-12,177.59786987304688,180.23326601433078,176.8345194872234,179.2608921277643,1649200
2023-07-13,178.8791961669922,178.97915969637467,175.20783483297265,177.27979356336326,1750000
2023-07-14,176.2711181640625,178.7156700804757,175.94396597698687,178.2067697598011,1712200
2023-07-17,169.26458740234375,175.58044149532356,168.02868087938052,175.325977509383,4359800
2023-07-18,168.8374786376953,171.70006339834464,165.5387095018505,169.02832316833542,3090300
2023-07-19,171.8545379638672,175.94393259313816,171.40924333452088,172.05446503283974,3380800
2023-07-20,167.801513671875,167.99235821903446,162.85790081635275,166.13850513152528,4164000
2023-07-21,168.01962280273438,169.06468495509853,165.03890908371133,168.04688432903998,4474200
2023-07-24,173.41761779785156,173.86291248169067,167.23808460632563,168.95563000614382,3420600
2023-07-25,169.74624633789062,174.01740356558912,169.6281176825346,173.57210887026713,2353600
2023-07-26,172.64515686035156,172.88144187867493,169.80076502035078,169.9734167083287,3158600
2023-07-27,175.59861755371094,182.4869779119268,175.5622734771616,176.68003756207818,2969600
2023-07-28,171.72732543945312,178.2794371028055,171.70006391592125,177.143494067336,1714400
2023-07-31,172.94505310058594,174.19913864942103,171.7545870176736,172.06356019546158,1812500
2023-08-01,173.79022216796875,174.79894025591335,172.35438833949394,173.34492745413047,2243700
2023-08-02,173.22677612304688,174.42633870352356,170.96398632172787,172.81783937660913,2236400
2023-08-03,168.8011474609375,172.9359831868459,166.9200190002071,172.06357277031302,2493000
2023-08-04,167.9105682373047,170.6640931873818,166.62013854671514,167.36531000567854,1687500
2023-08-07,166.7746124267578,169.03740202253277,165.6114078967109,168.11956506465737,1559600
2023-08-08,167.76515197753906,168.01960210270542,163.4394859832191,165.5750505241862,2047300
2023-08-09,170.02796936035156,170.11883648877955,166.72918614892134,167.14720544597458,1475800
2023-08-10,169.882568359375,172.05449105857406,169.4827141609462,170.09157801164707,1618300
2023-08-11,170.03701782226562,170.75492761883157,168.86473087517962,168.87381342625355,1073100
2023-08-14,170.0734100341797,170.29151612010307,168.06507022563324,168.9102053089099,1342000
2023-08-15,168.7102813720703,170.07341323513523,167.3835074572573,168.42856967234266,1487800
2023-08-16,161.74920654296875,169.1828111499742,161.21303088889385,168.80113595204287,2200300
2023-08-17,160.22250366210938,163.26683678343588,159.86808996180065,161.4402313640427,2370100
2023-08-18,160.3497314453125,161.64925761271888,158.3959147840889,158.7503284903827,1511300
2023-08-21,159.05020141601562,159.83173076669132,156.8055769041852,159.23194952551168,1998500
2023-08-22,159.69540405273438,160.28610272235883,157.40535298842585,159.1774212643163,1658400
2023-08-23,161.61288452148438,162.20358322094634,160.60416654941085,161.26756726726006,1655700
2023-08-24,160.98583984375,163.14867979911395,160.1952279361807,162.12178286795512,1055700
2023-08-25,161.3311767578125,162.2581101814909,159.64089292239538,160.93132258028484,1174700
2023-08-28,161.91278076171875,162.7124891252164,160.66779158658574,161.89460178986855,1381900
2023-08-29,164.93894958496094,165.07525721983856,161.5583815750571,162.3762551173106,1572900
2023-08-30,165.64776611328125,167.38349050441252,165.22065039679362,165.84769320893474,1858300
2023-08-31,164.77536010742188,166.77461708259747,164.23918445452432,166.37476291426393,1567100
2023-09-01,164.29373168945312,165.83862554300146,162.9305998420829,165.83862554300146,1654100
2023-09-05,163.9574737548828,165.79316159906867,163.12142133735566,164.0846988213219,1715200
2023-09-06,161.76736450195312,163.7484562892193,160.06799822436287,163.7484562892193,2313300
2023-09-07,165.8931427001953,166.7837182595292,161.1585254840702,161.4129756438799,2404500
2023-09-08,164.38458251953125,166.57468394693532,162.53981220068647,166.20209131575206,1645800
2023-09-11,163.83029174804688,164.52094030931224,161.3493953671833,164.2664901095568,1393100
2023-09-12,162.83970642089844,163.2304641648203,159.39551941057914,162.98511045577297,1341500
2023-09-13,160.8040771484375,162.60340685296356,160.27699796903275,162.1944701746382,1639000
2023-09-14,164.5572509765625,165.59323045402311,162.33080543521635,162.33080543521635,1444600
2023-09-15,163.70303344726562,165.78407513031203,162.8851599519969,164.45730133874338,3514500
2023-09-18,163.14869689941406,165.06616947991031,162.39442898830487,163.49402805224545,1499100
2023-09-19,161.1767120361328,163.5667410065429,160.91317931054311,162.18543016941481,1612600
2023-09-20,161.2221221923828,163.31226009553956,160.8858736335825,162.6579558151341,1885600
2023-09-21,153.87030029296875,160.63142132087575,153.7157998438326,160.63142132087575,2499200
2023-09-22,151.04408264160156,154.27924625223676,150.7714535343755,153.61584552247177,3732500
2023-09-25,150.59878540039062,150.77145096090302,148.1996742574373,149.98992159565728,2681100
2023-09-26,148.04519653320312,149.8445265315401,147.8089114924616,148.43595430597873,2702800
2023-09-27,145.11898803710938,148.53589948751363,143.73767750758796,148.04517822736975,3178700
2023-09-28,147.50906372070312,148.3996394088303,144.35568392721143,145.76424256325595,2694000
2023-09-29,149.4446563720703,150.84414589518863,148.77218699933044,150.49881479038174,2529300
2023-10-02,146.95468139648438,149.03572288923002,145.95504600124036,148.69948819559878,2061100
2023-10-03,143.67408752441406,147.19096289266548,143.32875638788545,146.3094699457845,1783300
2023-10-04,143.29238891601562,144.90088810661356,141.4294534660682,144.0103126661688,2217100
2023-10-05,144.2284393310547,144.75550476242128,141.41129470681634,142.64720143747337,1486000
2023-10-06,145.00994873046875,145.81873960556624,140.47525920539874,142.49269511703375,1878700
2023-10-09,147.2364044189453,147.87252978029323,144.27385594589322,144.27385594589322,1952100
2023-10-10,145.54739379882812,147.55766847508727,145.29954806991586,146.76824586264166,2793900
2023-10-11,152.0279998779297,152.19323503709944,145.79524339375675,146.58466602713526,2782300
2023-10-12,150.76124572753906,152.85413080259693,149.22830006331486,152.25746624642454,1765100
2023-10-13,153.25804138183594,154.7175509335277,151.8903166912048,152.53286674479165,1969200
2023-10-16,155.29583740234375,156.34229405883102,151.01828194242773,152.7348114981327,2062200
2023-10-17,153.21217346191406,155.97514626391782,152.16573058610612,153.58852928733415,1732500
2023-10-18,149.4210968017578,153.79964008401046,149.3476604985757,153.30394853916687,1728500
2023-10-19,146.34597778320312,149.20074853611803,145.04251526026826,145.46477039054753,2672200
2023-10-20,146.9518280029297,148.90702894205532,146.61219741971632,147.57602946040672,2560800
2023-10-23,146.2174835205078,148.0166376511139,144.34490710472969,145.50149718448614,2187700
2023-10-24,149.83413696289062,150.26556641286197,146.78660796167915,146.78660796167915,2404500
2023-10-25,148.6408233642578,149.8984005859802,147.31901214867435,148.90703166938735,2448200
2023-10-26,160.69326782226562,162.67600546543417,149.20993681702436,149.6230036577164,5013500
2023-10-27,157.875244140625,161.58368594540215,156.23213682614457,161.09718275333702,2829500
2023-10-30,158.47189331054688,159.6927454248824,155.77316905849378,157.81098067712404,2568600
2023-10-31,163.56640625,163.9978356767368,159.72026655568743,159.7845285584752,2930700
2023-11-01,163.7407989501953,164.55775829057632,162.47404765587095,163.83258379353575,1781300
2023-11-02,169.03729248046875,171.23115096130718,165.79699133526685,166.43955539772537,2908000
2023-11-03,174.93043518066406,177.3445885719075,170.60696615356323,170.79973817662952,3417100
2023-11-06,171.37803649902344,175.1048411115351,170.0653994289151,174.35214356244475,1943800
2023-11-07,170.2305908203125,172.2316910888579,169.97357082347756,172.13071794677708,1544400
2023-11-08,169.28515625,170.45093476554237,168.14691459646286,170.45093476554237,1447300
2023-11-09,166.91688537597656,170.06540194429803,166.06321465451754,169.4503886918772,1949300
2023-11-10,168.70684814453125,169.39529768330135,164.60370177947982,168.47736496494122,1738700
2023-11-13,168.55079650878906,170.07456813985502,166.17335419686816,167.28405891763202,1425200
2023-11-14,178.26251220703125,179.89643115198098,175.22415747239486,177.12428472111228,2910400
2023-11-15,179.80465698242188,182.43911927935642,176.9039863658947,177.26197954912462,3803000
2023-11-16,182.76956176757812,183.4488369384716,179.13454248441036,180.64913968845528,3260600
2023-11-17,181.51202392578125,184.05468751512328,180.87864809805725,183.69669430900214,2593500
2023-11-20,183.25608825683594,183.40296085408386,179.30897474668404,181.245813352448,1945500
2023-11-21,181.32843017578125,183.19184655358652,180.66753147850648,183.18265826185373,1989300
2023-11-22,182.475830078125,184.11893740803677,181.59462255486127,183.75175593455933,1393300
2023-11-24,182.96234130859375,182.9715155926783,180.28196566260158,181.7414892113998,614100
2023-11-27,184.6972198486328,186.19344042362323,182.6869452653977,184.02711898319475,2525200
2023-11-28,186.54226684570312,186.8176494310755,184.0730258742132,184.30250902760014,2105200
2023-11-29,189.2593536376953,191.68270936427652,187.24909282975779,188.17619979615475,2933400
2023-11-30,191.64596557617188,191.81120072625237,187.5152689091773,188.67185893358146,2943300
2023-12-01,193.197265625,193.53689618764855,189.2134417050118,191.29713851641782,2093300
2023-12-04,191.60006713867188,192.61897288207513,190.6454234002275,192.04068487014453,2668500
2023-12-05,193.14222717285156,193.73887783884058,190.38842901005586,191.774502376308,1738000
2023-12-06,193.46347045898438,195.8042013990683,193.33496045476417,194.40893992000596,2037700
2023-12-07,193.42677307128906,194.6476252014595,192.99534359647163,194.23455830184778,1964500
2023-12-08,189.50718688964844,193.03204479430923,187.30415420087053,192.58226677400202,2364300
2023-12-11,188.72694396972656,190.92080227472468,187.3592193837585,189.00231253837683,2468600
2023-12-12,188.2220916748047,189.07576231158887,186.87272956601498,188.9564405921762,1712900
2023-12-13,193.72047424316406,194.99639989482628,186.946141721569,188.15780537323315,2244500
2023-12-14,194.7577667236328,200.54991944620926,193.90409609080248,197.77777295561873,2975000
2023-12-15,194.73939514160156,195.32687144429684,191.2328998992285,192.88518137760266,3722400
2023-12-18,193.39926147460938,196.4743279125482,192.6832750200121,194.63846233531567,1804900
2023-12-19,193.68380737304688,195.7307934533094,193.36252531270227,194.0968743031028,1776900
2023-12-20,193.78475952148438,196.90572488409083,192.0957668312865,194.15192697360024,2991200
2023-12-21,196.69459533691406,196.7496690515679,194.179454984249,195.51046845223655,1685500
2023-12-22,197.52992248535156,199.29235143270498,196.12548669907713,197.31880190485379,1106400
2023-12-26,198.49374389648438,199.18219332369765,196.84146246986464,197.61252246677404,1053100
2023-12-27,200.51071166992188,200.87154156438837,198.00339637014756,198.00339637014756,1860500
2023-12-28,200.91778564453125,201.9910282453796,199.45595812631223,200.5014456700289,1125400
2023-12-29,199.7335205078125,200.58470852424756,198.91933452795013,199.82603265800736,1584400
2024-01-02,202.4443817138672,202.7126994380275,198.37347977219497,198.37347977219497,1566300
2024-01-03,198.63250732421875,202.61089652706744,198.55848913933724,201.2230873249708,1533500
2024-01-04,199.3449249267578,201.38962262922462,196.77283882052495,197.66104294352576,2033000
2024-01-05,198.25318908691406,200.07584648253862,197.10592828373348,197.7165677814357,1884000
2024-01-08,199.9185791015625,200.04810741892842,196.62484693066241,197.45752695408223,1703200
2024-01-09,196.0142059326172,198.3827317854991,194.54313131395614,198.31797468605956,1578800
2024-01-10,193.34034729003906,196.22698621417425,192.7852179042315,195.78289117604422,2088900
2024-01-11,192.1190643310547,193.12754983175012,190.6757448987162,192.71119574220705,2271600
2024-01-12,193.7659454345703,195.9772020079012,192.86850832650765,193.9880000252154,1763400
2024-01-16,192.48915100097656,195.07047006403144,192.0265479051403,193.34033900321216,2400000
2024-01-17,189.6210174560547,194.65414169739526,187.55781147862106,190.03735744360466,2629300
2024-01-18,188.65878295898438,191.32336697960505,187.39124097707548,189.89855576922298,2881000
2024-01-19,188.62181091308594,189.79682691090966,187.61333939660122,189.3527318232195,1986400
2024-01-22,188.76058959960938,191.23088867835529,186.84540581952658,188.83460779626995,2185500
2024-01-23,187.13223266601562,189.93560679804628,186.31806067185556,189.44524855828703,2108900
2024-01-24,182.04359436035156,188.18696389271932,181.30344058243827,187.909413284766,3308500
2024-01-25,185.2355499267578,186.55858809072004,183.19083789810244,184.47687402369613,2510500
2024-01-26,182.533935546875,184.8839673366519,182.33965013944922,184.30108287932043,1831100
2024-01-29,184.21780395507812,184.3935953889321,181.1183575900839,182.33963653000043,2466000
2024-01-30,180.93333435058594,184.11604615089317,180.74829592167842,183.65344301986076,2428100
2024-01-31,181.01658630371094,185.84616376831755,180.18390637568612,182.17309404681546,2454100
2024-02-01,183.55166625976562,183.58866829782937,178.90712696002194,180.72978439087174,2700800
2024-02-02,179.03665161132812,180.9240802171328,175.16929636521283,180.41521396961062,2914000
2024-02-05,175.298828125,177.35278711543674,173.77224346989044,176.76065568416388,2489100
2024-02-06,177.33428955078125,178.16698369000136,175.00276572550374,175.29883851745606,1777000
2024-02-07,179.138427734375,179.360482314363,176.29805191768713,177.90790174063775,2254800
2024-02-08,179.15695190429688,179.72132832629035,177.29729227651256,178.22249859994264,2001100
2024-02-09,179.89710998535156,179.96186708334892,177.30652959738234,178.93488755559255,1903900
2024-02-12,177.42681884765625,180.79456926703443,177.12149906983143,180.40598430912863,1589700
2024-02-13,174.32733154296875,174.58638812138113,170.2841854064741,174.0960300181345,3512500
2024-02-14,174.39212036132812,175.81693168651347,172.86552167270867,174.72519515543362,1818100
2024-02-15,175.2895965576172,176.46459842582337,173.6982405491114,175.76144670108775,2411900
2024-02-16,173.1338348388672,173.57792984686523,171.18164925852005,172.81000703286344,2127500
2024-02-20,174.30882263183594,174.59564837997513,171.8755402021701,173.09680490632306,2241000
2024-02-21,174.142333984375,175.47463333865903,172.67125932965638,175.06754030068024,1863200
2024-02-22,173.94801330566406,174.87321950952543,171.72752406340734,174.87321950952543,2149700
2024-02-23,175.72442626953125,176.96421344428788,173.42991859208078,174.0498051206952,1458600
2024-02-26,173.67971801757812,177.06597627373006,172.7545117695056,175.04901931181791,3310700
2024-02-27,172.71751403808594,176.35358232199582,167.61038516855155,175.03979100368983,4672100
2024-02-28,179.26797485351562,181.18315874836006,172.55098192625678,172.55098192625678,4059100
2024-02-29,183.9865264892578,185.78142898085738,180.54475790315564,180.60026802268504,4676900
2024-03-01,186.6696014404297,186.93791914943444,181.47919399333088,184.02351109254545,3473500
2024-03-04,190.7312469482422,191.07358283222592,184.1067814777946,186.36427268156342,2851800
2024-03-05,190.05587768554688,193.9324943665144,189.33421789626482,190.53698891757753,2469900
2024-03-06,190.60171508789062,191.73046772745064,189.6580149735245,191.01806915205134,1865400
2024-03-07,189.41746520996094,192.3781222864272,188.55703020294445,192.1005717148261,2085800
2024-03-08,191.80450439453125,193.5161415948133,190.49071322071813,191.14761586638815,2156000
2024-03-11,191.28639221191406,192.73897280101244,189.53775296389196,190.5277163104043,2006300
2024-03-12,188.90859985351562,190.81453653179742,186.50307214400505,190.32417836296338,1746100
2024-03-13,187.2154998779297,189.71355405676405,186.2347693442137,189.01964933389186,1690400
2024-03-14,184.29183959960938,187.40053323858683,181.53472886164099,185.98496877166673,2010400
2024-03-15,182.5802001953125,183.88474441179898,180.53550226389464,180.95184225792536,3346800
2024-03-18,181.2571563720703,183.03355064412003,180.88706540860574,181.8955509312108,1833500
2024-03-19,181.92330932617188,182.15461088850793,180.1376539238234,181.49770823976164,1463500
2024-03-20,180.07289123535156,182.0065688482246,179.31421535803685,180.8037979379235,2154800
2024-03-21,179.4344940185547,181.84928278317813,179.17543741003408,181.21088824163581,2658000
2024-03-22,178.37051391601562,180.1746774702642,177.22326715498667,180.1746774702642,2581900
2024-03-25,180.93333435058594,181.5439738717552,179.05516676799658,179.20320315813348,2144800
2024-03-26,179.58255004882812,180.85007817331342,179.39749749318622,180.65577863690058,1823400
2024-03-27,182.6172332763672,182.9595551071254,179.50853938595208,181.01661613154275,2494200
2024-03-28,182.81150817871094,183.53316795837395,181.34968054060374,183.53316795837395,2170500
2024-04-01,178.5740509033203,181.87704394919436,177.81538912931993,181.84928889145817,2195800
2024-04-02,177.80613708496094,179.33273592581395,177.0289671937235,177.48232335570913,2321300
2024-04-03,177.92640686035156,178.79610297060404,175.95571308361036,177.05671075009909,2270400
2024-04-04,176.06675720214844,180.23018544546895,175.87245767241475,179.57328277758856,2265400
2024-04-05,175.9464569091797,177.86164047114607,174.66042088841212,175.09526892081436,2538800
2024-04-08,174.13307189941406,176.24254098821478,172.6804913323966,175.88171112085485,2296800
2024-04-09,178.38902282714844,178.5555673007532,174.7159527200416,175.2063109251944,1962900
2024-04-10,168.35052490234375,173.4669140145288,167.03671968632514,173.18934933343294,4136500
2024-04-11,166.76353454589844,170.16153704274495,166.47414645393516,169.9094833763101,3688600
2024-04-12,167.28631591796875,167.73440028339186,165.35394229909434,166.89424031768039,3839000
2024-04-15,166.27810668945312,168.29450759459314,164.317728790854,167.28630714202313,2562800
2024-04-16,160.76104736328125,166.11942844427347,160.3409531126097,166.11942844427347,3848700
2024-04-17,160.5836944580078,161.8346045681939,159.7061856736139,161.46120324240172,2732800
2024-04-18,159.6314697265625,162.4880305899427,159.32340728618988,162.17996814957007,2276200
2024-04-19,159.91152954101562,161.50783627897283,159.34208337122894,160.37828822955078,2867400
2024-04-22,160.84503173828125,161.44248223344786,159.64078645867852,160.219576863993,2603800
2024-04-23,162.6000518798828,164.3644134185913,160.0328790616935,161.02241945868167,2659000
2024-04-24,161.82525634765625,163.7763044078614,160.90106894023734,161.19045707188022,3029300
2024-04-25,161.40516662597656,161.7038990569215,159.89287286627024,160.33162722150416,1862300
2024-04-26,160.27560424804688,163.30953578977378,159.93953741518948,161.23712602787734,1701400
2024-04-29,163.356201171875,163.88829863792338,161.68519719002154,161.74120595020096,2104800
2024-04-30,160.1542510986328,165.15790518965065,159.12739045244768,163.86031650671381,3710600
2024-05-01,165.08322143554688,166.92225194041208,160.0982417015017,161.7599016128501,3877100
2024-05-02,167.69705200195312,167.75306076246122,163.71092902844845,166.17541420121177,3278100
2024-05-03,169.65745544433594,172.5980295226328,169.12534369519645,171.3004409213944,3130300
2024-05-06,166.81024169921875,170.5536416866757,165.71802795092353,170.1615660522374,2297900
2024-05-07,169.22802734375,169.38672358700015,167.31431389034248,168.01445191639317,2594800
2024-05-08,169.27471923828125,169.45208983111672,166.6421932181151,167.98646061187264,2014400
2024-05-09,173.97962951660156,175.26788805892676,169.86282869735092,170.49761367833477,2588000
2024-05-10,172.22462463378906,174.2970343337081,170.36691994044696,174.07298503705522,3158100
2024-05-13,172.7007293701172,173.8489518526476,170.88037317967974,173.0367962240707,1842700
2024-05-14,174.53041076660156,175.13719134894728,173.07411172915192,173.97029465647904,2008300
2024-05-15,179.25401306152344,181.34508289693812,178.44184324676976,178.44184324676976,2815200
2024-05-16,181.9799041748047,183.16547539112548,178.7779317349021,178.90862361544833,2616900
2024-05-17,181.57846069335938,182.55865679251053,180.3462251572068,182.55865679251053,2157300
2024-05-20,179.01129150390625,182.11990615536433,178.91794831050922,181.10237560796241,1733500
2024-05-21,181.22373962402344,181.41044025742485,177.62969189257876,178.76858427397624,1527300
2024-05-22,178.6192169189453,181.32642594103586,177.57368198315595,180.71963108095835,1681100
2024-05-23,174.1943359375,178.83391811290826,174.1103085538053,177.1629141493171,1768800
2024-05-24,173.56887817382812,175.97735470339728,173.20480696844817,174.70777050744636,1257900
2024-05-28,172.72872924804688,175.23056337206464,172.5793630403318,174.1570097790014,1828300
2024-05-29,172.9994354248047,174.0823046830745,170.87100284461695,171.16040517713387,1977700
2024-05-30,178.096435546875,178.3204848346289,173.018098979206,174.0076250725169,2850400
2024-05-31,182.7266845703125,184.08028182970676,178.4605035987088,179.12330716061095,7331900
2024-06-03,183.8749237060547,184.67774924108815,182.02656323957115,182.96941068708628,2333200
2024-06-04,187.0862274169922,188.1784410765549,183.9029296326272,184.8364470419299,3236300
2024-06-05,185.01380920410156,187.53430324557786,184.5563805664082,186.94618274630704,1737100
2024-06-06,186.22740173339844,186.73149489025306,183.6788888320594,184.83645560116256,1865800
2024-06-07,181.3450927734375,183.41750262986517,179.00196912691146,182.84805642166936,2143300
2024-06-10,181.77450561523438,183.0347597776507,179.88879651670646,180.9716800975914,2874700
2024-06-11,180.42092895507812,183.28682023714538,180.29956712340632,181.77452646426576,2781800
2024-06-12,180.93435668945312,185.6206039727765,180.77564618995225,184.78977402264306,3331500
2024-06-13,183.69754028320312,184.3696739048341,181.09303318264116,181.12103756318047,1531300
2024-06-14,185.45770263671875,186.1354155388886,183.48103761162605,183.48103761162605,1933200
2024-06-17,180.98667907714844,183.5280951593364,180.90196855901166,183.41514780182072,1779700
2024-06-18,181.45733642578125,184.46938604957768,181.25025666765285,181.26908601727877,2407800
2024-06-20,182.7657012939453,183.21750515957365,180.2713509953259,180.5725487848828,2236300
2024-06-21,183.40576171875,184.83647628956976,181.57970262530904,182.69981192670335,2828400
2024-06-24,184.85531616210938,187.0390612038616,182.3421364828662,183.26457357546136,1792200
2024-06-25,181.3632049560547,185.83422040284708,180.9019936072825,184.8176653192833,1345100
2024-06-26,181.35379028320312,181.9091339960102,179.19829660951183,180.11132613992993,1828500
2024-06-27,183.84815979003906,183.93287031885637,180.88316201816468,181.89973145172857,1599300
2024-06-28,182.96337890625,186.2578115129265,182.40802077984463,184.6576470424717,2393900
2024-07-01,182.62451171875,184.40350464773982,180.3654637316835,182.98218318569843,1691700
2024-07-02,180.97727966308594,183.77284178705207,180.2995667625739,182.93511533538916,1913600
2024-07-03,183.34927368164062,183.6222489776292,181.16554312665843,181.7303087053632,1182600
2024-07-05,184.1493682861328,184.82708128128394,182.10682180668067,183.52812898014656,1018500
2024-07-08,184.64820861816406,185.79655465485413,183.08570311085344,183.66929798426602,1508800
2024-07-09,184.45054626464844,184.70467781879736,181.4196676987033,184.06462364342192,1577100
2024-07-10,185.2130126953125,185.8907257223757,182.41745004932352,185.79659332761088,1576900
2024-07-11,195.0303955078125,195.20923842210158,188.25328028989344,189.27925722045285,2256000
2024-07-12,198.2401123046875,199.72731490438446,195.31277329667728,196.78114654730373,2238600
2024-07-15,196.57406616210938,198.80487723576184,194.77624394017306,197.66593860331955,1585400
2024-07-16,197.80714416503906,198.80489869406426,194.93629290361787,198.08011948609814,1329400
2024-07-17,200.60269165039062,200.65916533668056,197.2988517391603,197.9483278566655,1759700
2024-07-18,198.27777099609375,201.86400821795877,197.36474139496772,198.42837707439182,1736300
2024-07-19,197.79771423339844,199.42610103046067,197.02588327926023,199.42610103046067,1404100
2024-07-22,197.07293701171875,199.95320983105577,195.9998939150523,197.63770258368427,1476200
2024-07-23,197.2141571044922,199.72733688504596,196.69645766746726,197.25180144419096,1123600
2024-07-24,197.0917510986328,200.31088013935278,196.31992019680555,197.90124069572033,1922800
2024-07-25,197.5906524658203,203.18177750528145,196.83763642947176,198.17423307176196,1926600
2024-07-26,201.16746520996094,201.54396604187008,197.72242658390653,198.42837641567573,1548200
2024-07-29,202.30638122558594,202.92762049896368,198.60721115359092,201.1674569203123,1607800
2024-07-30,209.949462890625,210.33538554234124,204.82897163274367,207.07859764171158,2447700
2024-07-31,207.45510864257812,209.27176026161297,205.19607502948946,208.49050742675192,2924200
2024-08-01,214.5428466796875,215.75708839583734,208.97055123671475,209.71415974623596,3047000
2024-08-02,220.85873413085938,222.1388569317491,215.35232027967837,216.49125887416227,4750500
2024-08-05,212.905029296875,222.26121873122818,212.7355938922607,218.26083690734046,4329600
2024-08-06,214.75933837890625,217.1030824476355,211.13545711017065,211.8037625522608,2823200
2024-08-07,212.69796752929688,216.27478268771517,211.8320041730626,213.0556533539143,3315700
2024-08-08,210.47659301757812,212.30265224211385,208.49052021886786,210.71190963182065,2942100
2024-08-09,209.5164794921875,212.1614357145889,209.28116289784452,211.63432884127425,2071500
2024-08-12,212.29322814941406,212.40618988961936,206.88094607884355,208.56582106212159,1455700
2024-08-13,209.58238220214844,212.87681463564772,208.98937976809117,212.59443184025923,5449800
2024-08-14,210.0718231201172,211.99201457220187,209.71415166342308,210.109481818244,2313700
2024-08-15,205.25254821777344,208.44344072888185,204.72544133350314,208.27401967147443,1858400
2024-08-16,206.9374237060547,207.49276743482224,204.25480872204437,205.10194273668685,1986200
2024-08-19,206.75857543945312,207.925736552737,206.17498052022611,206.532666338857,1261900
2024-08-20,207.436279296875,208.00103047976225,205.47844359851342,206.75856638734274,1631000
2024-08-21,206.5985870361328,207.07862777544463,204.27365765710155,205.54435880089878,2262500
2024-08-22,207.1727294921875,207.6621776533915,205.61963139629592,206.1467382545677,1926500
2024-08-23,213.66746520996094,214.3075194451835,207.60570751127707,207.99163016858859,1804000
2024-08-26,212.07672119140625,214.97582330259303,211.80376026664933,214.3545840582134,1142400
2024-08-27,212.8767852783203,212.9991401281327,209.13995699865276,209.13995699865276,921500
2024-08-28,212.020263671875,214.27929736219025,211.01310169624037,213.1497805170326,1105500
2024-08-29,210.391845703125,212.9614986599067,208.2551671978093,211.06955858267372,2003200
2024-08-30,210.900146484375,212.42499345055185,208.4246112657569,210.73072542705995,1796800
2024-09-03,216.8395538330078,218.08203247739158,209.72358156088012,209.76124026302992,2660100
2024-09-04,218.86326599121094,222.2612382486258,216.73599474835856,217.83727470601355,2261800
2024-09-05,219.91748046875,221.6023410002115,218.49617337949942,220.62343026665465,1990800
2024-09-06,222.28945922851562,222.55301265106553,218.87265786552206,220.2563205152012,2750000
2024-09-09,224.520263671875,225.169739758202,221.2352389053822,221.57409536944044,1984000
2024-09-10,228.56771850585938,229.2548389469271,225.10385073274375,225.2921155002343,2016800
2024-09-11,224.93441772460938,226.99579330086104,222.89187149662328,226.10159315313766,2216500
2024-09-12,223.21189880371094,225.43328793574398,220.19984939483166,224.96265476677584,2003800
2024-09-13,224.49203491210938,224.75558835335576,221.5364590102018,223.80491446618743,1983400
2024-09-16,226.2051544189453,227.75823827700722,224.8873728048273,224.8873728048273,2255500
2024-09-17,225.38624572753906,227.27820046015003,225.11328478003153,226.07336620581884,1526000
2024-09-18,222.09181213378906,226.16749751475777,221.53646838498972,224.8309009025658,1828100
2024-09-19,218.6655731201172,220.7834223073704,214.32633487750834,220.25631547433414,3434300
2024-09-20,221.2540740966797,221.51762753539734,217.18781078318932,218.05377413363092,3683000
2024-09-23,222.39300537109375,222.97658591425795,219.49390327869767,222.16709627571498,1762000
2024-09-24,222.58126831054688,223.0989677066773,220.0116150421355,220.48224824542035,1616100
2024-09-25,221.7906036376953,224.34142750655573,221.34820728625422,222.68480383392836,1447200
2024-09-26,218.1573028564453,220.27515211380637,216.73598149611783,219.42800379331126,2312500
2024-09-27,216.79248046875,219.78570067599242,216.41596529757834,219.4186073607158,3051000
2024-09-30,218.90090942382812,219.10798917869496,215.3146867749024,216.61363898950617,2256400
2024-10-01,218.439697265625,220.6987308487755,217.52666772147688,219.77629381129066,2279900
2024-10-02,218.2608642578125,219.36214425676334,216.03947490979772,217.4231377101019,2229500
2024-10-03,215.81356811523438,218.1008530319303,214.33578727365676,217.99731314907436,1590900
2024-10-04,210.5236358642578,212.72619568226625,208.4999045886677,212.6038264604042,1942500
2024-10-07,210.2506561279297,210.41066968097002,208.37754531801087,209.2246792723618,1658000
2024-10-08,211.10723876953125,212.3685323685728,210.08126178356102,210.40128893031732,1630900
2024-10-09,209.32476806640625,211.1356706653174,208.02585552114414,210.48146918958952,1574000
2024-10-10,206.59420776367188,210.02639315453717,205.27632877909133,208.18704813999662,1924300
2024-10-11,207.8931121826172,208.28182821063868,206.30027198010904,207.6940017321479,1613900
2024-10-14,210.19703674316406,210.47199812165704,205.75037626020543,206.41406815748752,1501800
2024-10-15,217.5259552001953,217.81039251214176,211.78038226062426,212.37769916900353,2310100
2024-10-16,215.71507263183594,219.0619165522256,215.0419047917565,216.41666829005285,1518100
2024-10-17,212.52938842773438,215.71505430553853,211.70451882516784,214.4635359938275,2021700
2024-10-18,214.55836486816406,215.27892685003116,212.55784222246035,214.1506680140874,1441900
2024-10-21,209.9789581298828,216.17014579732563,208.8506993524356,213.41112862228644,1295700
2024-10-22,209.96951293945312,210.9365796328132,207.87417283633843,208.20601880785944,1971500
2024-10-23,214.52993774414062,214.99450473265375,210.00742614168306,210.00742614168306,2712800
2024-10-24,214.20755004882812,216.92864911129254,214.08430497382037,214.27392502290203,1618300
2024-10-25,211.239990234375,216.0848576681405,210.37720225383546,213.95159926815325,2054200
2024-10-28,210.6900634765625,213.93261422512978,210.32977523769395,213.63870096377204,1935000
2024-10-29,201.86312866210938,208.58525922597354,200.57369193548362,203.99638699510228,3591100
2024-10-30,202.4035186767578,205.83570367023685,201.40799536520427,202.50781187067452,2437800
2024-10-31,202.4604034423828,205.06771882578508,198.81964652456804,200.3176694627181,1961500
2024-11-01,200.2987060546875,207.56126811939032,199.97635052920432,206.46145159671363,1989000
2024-11-04,201.1046142578125,203.31372329607527,198.7817360823786,201.9958444112067,2333800
2024-11-05,202.75433349609375,202.83966034662126,198.63002878227803,199.98582585315572,1302400
2024-11-06,187.22422790527344,192.6095129443017,184.3324749152288,190.38145187796968,8133500
2024-11-07,187.6034698486328,190.49522286666775,185.86841803781186,189.1109833675977,4924500
2024-11-08,191.32955932617188,192.6758805342969,187.88789815631432,188.86445519084927,3981600
2024-11-11,185.90634155273438,191.67088095751873,185.68827921144376,189.3480027179749,2699000
2024-11-12,183.6687774658203,185.8210018460488,181.7915144451045,184.98665629591645,2953300
2024-11-13,185.03407287597656,187.52760476070208,184.90133739339453,186.020105822717,2354800
2024-11-14,184.664306640625,186.59845428898808,183.46019690473076,184.79704212171774,2282800
2024-11-15,186.25714111328125,186.52261208786612,183.69723416287965,184.8823776090918,2587300
2024-11-18,188.52313232421875,188.7791273560169,184.05751997919162,184.5505292300318,2374200
2024-11-19,190.71328735351562,191.30112837058584,187.9447938573021,188.91187500976667,2514400
2024-11-20,190.45729064941406,191.09252577932077,188.5989794222933,189.62294506167626,2243400
2024-11-21,192.2871551513672,192.95083260027224,188.39989325516134,189.92635862118465,1961700
2024-11-22,193.70932006835938,194.5436656683957,192.27767202019052,192.56210933539225,2016000
2024-11-25,196.7812042236328,197.24577115671104,194.07907160571784,194.80912395823174,3605900
2024-11-26,197.20785522460938,197.9947921521805,194.71430896417812,195.85205816413958,1791400
2024-11-27,198.44041442871094,198.79121224677468,197.0466846284543,197.20786239532367,1669400
2024-11-29,198.15599060058594,198.88604303779255,196.7622607055022,198.44042793027143,1610200
2024-12-02,196.5726318359375,197.69140029094606,195.0366905783553,196.77172783084035,2374800
2024-12-03,197.00875854492188,198.50678159363602,195.81413916195982,197.61555140934303,2551200
2024-12-04,196.73379516601562,197.15096793796823,194.06010483690955,195.8141227734152,2529200
2024-12-05,198.30767822265625,198.44988964376253,194.64795482633502,194.64795482633502,2291100
2024-12-06,196.3545684814453,199.7298546418102,194.3824880857875,198.70588898634847,2677900
2024-12-09,198.19390869140625,199.1515138851249,195.40646337022335,195.96584762240374,2854200
2024-12-10,189.17733764648438,197.24578907754042,188.48521791975645,196.58211163635727,2653300
2024-12-11,189.2342071533203,190.1823218415583,187.80255918223048,189.1678466480263,2356800
2024-12-12,187.58450317382812,190.18232824817997,187.1388880979784,189.2057712437644,1922600
2024-12-13,186.93031311035156,188.27663435911754,185.94426563962386,186.9492649896123,1995500
2024-12-16,183.67825317382812,188.4283169864967,183.52656581978889,186.31401083071037,2218800
2024-12-17,183.23263549804688,186.54156089694774,180.5305173749602,181.27952159703554,2637400
2024-12-18,175.259033203125,182.89134605846024,174.96510545164492,181.8199861315095,4186100
2024-12-19,170.09178161621094,174.92717266366583,169.75045972501314,173.9221733359954,4709800
2024-12-20,174.19712829589844,176.83288628469066,172.39571596125643,172.63274466145057,5750200
2024-12-23,174.81338500976562,175.0314473299963,171.64667106180502,173.1636602991663,2594100
2024-12-24,175.12628173828125,175.16419996274314,173.06886000091993,173.1447109169267,788400
2024-12-26,174.43414306640625,174.83234951488302,173.11626417725122,174.83234951488302,1464600
2024-12-27,173.96543884277344,176.31852708725447,173.6210848215226,174.08979336576996,1640900
2024-12-30,174.01327514648438,174.30979939341307,172.03325039682414,173.9654453592632,1887000
2024-12-31,175.43850708007812,176.05069035912618,173.3149931380926,174.99849350657453,2115500
2025-01-02,173.16195678710938,176.66288702106198,172.72195777587484,176.0889587679019,3142800
2025-01-03,174.6254425048828,175.74458936462355,172.2819291013778,173.37238101053038,1817300
2025-01-06,172.4254150390625,175.50546643052624,172.05236606161696,173.67849121029892,2262400
2025-01-07,169.46971130371094,173.09499583599407,169.2114421465307,172.30106812732944,2096000
2025-01-08,171.4019317626953,171.52628629000736,167.1835985048827,168.87667371775476,2048300
2025-01-10,165.92095947265625,168.84796115174285,165.01223739955398,166.0166044412563,3539200
2025-01-13,169.24972534179688,169.498419804695,166.22706373610262,167.06882129606862,2409800
2025-01-14,171.02886962890625,172.4636755576796,168.5992567493136,169.1923197915484,2124300
2025-01-15,172.48280334472656,177.24635474690825,172.2436690330323,176.05068318843695,2230700
2025-01-16,181.80905151367188,182.24905049788558,172.56889769797348,173.13325120170887,3544800
2025-01-17,182.11514282226562,183.41603418308574,181.1968605576155,182.46905696600297,2882500
2025-01-21,181.67510986328125,185.34822393481156,181.10119628019206,182.9951359169062,2460800
2025-01-22,177.23678588867188,180.75685066281673,175.6680653359553,180.26902190525993,2753700
2025-01-23,178.28900146484375,178.50900097521662,175.39069437449814,177.7150731992774,1684000
2025-01-24,177.03591918945312,178.82463920877362,176.8541747733638,177.9159317239274,1218200
2025-01-27,183.6934356689453,184.46824322238672,179.800336045003,181.74210579718792,2862400
2025-01-28,178.80551147460938,182.9951495424337,178.0785483769946,181.95252738259646,1997200
2025-01-29,175.64895629882812,179.6281405379439,175.16111291456525,178.71943298466414,1735100
2025-01-30,177.7437744140625,179.16900570057203,176.0506992460732,178.1359436283549,1457000
2025-01-31,176.9115753173828,179.4751029377731,176.32808696538214,177.22723438606528,1570200
2025-02-03,177.31332397460938,178.39421585116338,174.23327253864625,176.7872401083661,1832100
2025-02-04,176.12722778320312,176.79680101234123,174.2237131930232,175.78287375170328,1450200
2025-02-05,179.31248474121094,180.03944781882583,176.78722690850586,178.6907267525082,1869700
2025-02-06,181.5029754638672,181.61775528368625,178.6046682486141,180.12555924362755,1407000
2025-02-07,180.63250732421875,181.531654756833,178.5759578866788,181.531654756833,1588200
2025-02-10,181.62730407714844,181.8281687331643,179.09247151829567,181.33077985453411,1957900
2025-02-11,185.01344299316406,185.08996772871004,180.785549874554,180.9577195828318,1825700
2025-02-12,181.282958984375,182.2299216004961,178.9394454434956,181.16816457969261,1766400
2025-02-13,181.73251342773438,182.45947646750088,180.91945094468514,181.6559886979274,1855000
2025-02-14,181.1490478515625,185.13780684602253,180.89077868052505,182.36383977614273,1776000
2025-02-18,181.3116455078125,182.36382776521106,180.00117950078607,180.36466834011318,2301200
2025-02-19,180.3647003173828,182.54560454880175,180.16383562521708,181.16818827725226,2470000
2025-02-20,184.01866149902344,184.58301503698124,178.89162067920606,180.3264267153982,2848500
2025-02-21,183.2247314453125,184.61170767713438,182.24905926615713,183.95169457345875,3304300
2025-02-24,183.65518188476562,185.21434252656763,181.21600858123807,182.41168033830036,2393200
2025-02-25,194.8944549560547,197.30493279246303,186.5438892672821,188.92565755967186,5179700
2025-02-26,192.0057373046875,196.4727649573806,190.9152853144755,195.69797204270387,2512100
2025-02-27,195.10491943359375,195.2962239795575,190.66658682746836,191.35529486941897,2553100
2025-02-28,196.68321228027344,197.37192036458646,193.80404000807752,196.09016377262697,3466800
2025-03-03,200.4998016357422,201.15024005094614,196.0806035924383,196.09016371186112,2229700
2025-03-04,198.11801147460938,205.79900523572704,197.9458417573129,202.54678408046786,4031300
2025-03-05,199.6197509765625,200.4615083847283,193.89966259663439,195.51619820735368,1969800
2025-03-06,197.93626403808594,199.93543816404855,195.40144593457552,199.31368013795628,2416200
2025-03-07,203.06329345703125,203.73288123184597,197.89799796526484,198.95975493359023,3599400
2025-03-10,203.8094024658203,207.8746858501762,203.08242480178654,204.21114636644933,4156600
2025-03-11,200.6623992919922,205.27291621405712,200.1267407241642,203.84767034239943,2698100
2025-03-12,197.7067108154297,199.75370019796821,196.27190476424096,198.96933255076277,2519800
2025-03-13,198.73977661132812,199.9163135083647,196.09972408697004,197.94584883013363,2691100
2025-03-14,201.7624053955078,202.04936950421893,197.02754868637732,198.73975862447315,3789000
2025-03-17,203.4459228515625,206.92771807703465,202.16416635877684,202.97721431512548,3097600
2025-03-18,205.5311737060547,206.88945497824722,202.18329301392333,203.44592930941587,3996500
2025-03-19,204.4694061279297,206.24856607352,202.44155174102488,204.9476747735658,2244200
2025-03-20,204.95724487304688,205.77986750884364,203.41721928494832,205.55985342797212,1839300
2025-03-21,206.83204650878906,210.0651471004512,203.3980812671646,204.56505788561304,6326100
2025-03-24,203.55113220214844,207.57814590023608,203.17808325392178,204.61288914642432,2879900
2025-03-25,200.39456176757812,203.3406983650843,199.15106037448257,202.8050398192833,2646600
2025-03-26,200.8919677734375,202.3554686743572,198.62496444809844,200.39456429081616,1607400
2025-03-27,204.7372283935547,205.70334036585348,200.54760512620436,201.8963261636748,2458400
2025-03-28,206.19119262695312,206.43990168371724,204.0868133373291,206.26771736783425,1907500
2025-03-31,208.14251708984375,209.8355775594826,206.34422234042339,207.13815003095257,3281300
2025-04-01,209.90255737304688,211.10778917362285,208.14253216076403,210.5147406901714,2124800
2025-04-02,208.42947387695312,210.89734188664093,206.88944822501773,210.32342825837,2794100
2025-04-03,218.2722625732422,220.98882517343884,210.43821925740872,215.22090605871347,5852900
2025-04-04,210.60079956054688,223.63840663783733,210.46688493256326,223.01664868279926,9877200
2025-04-07,204.11550903320312,212.26521152166376,202.44156863379453,207.90340344478685,5082200
2025-04-08,195.7649383544922,207.2720815544006,193.23010560926542,205.74161594990136,5455000
2025-04-09,198.46234130859375,202.72850379612578,188.91610379595113,193.32574103040466,5646900
2025-04-10,199.26585388183594,203.90505094892038,194.65533717000454,198.72062062441495,3565200
2025-04-11,205.63095092773438,206.14208568222932,197.84817599774456,199.1694241676164,2555400
2025-04-14,210.03826904296875,211.0412609218394,203.6442583568433,205.41876433861356,2080600
2025-04-15,210.2504425048828,212.9604395379803,208.33128128337918,211.47524396810027,3854900
2025-04-16,210.24081420898438,212.69040254183722,208.80384187844,212.45895418276746,3376800
2025-04-17,214.73497009277344,216.37445984322076,210.49156840937377,211.14737313896674,2599000
2025-04-21,210.23117065429688,215.59327334764652,207.47296495112272,213.4522877807783,2781000
2025-04-22,213.1051025390625,214.3106117787885,210.0768639174983,211.9574553883331,2747400
2025-04-23,205.03302001953125,212.09247456612846,201.91797350866398,211.94781934177388,7046000
2025-04-24,203.4031524658203,207.61760776742943,203.2584825376445,206.70142375173458,2885500
2025-04-25,203.3163604736328,204.25182204575765,201.03070509374638,203.95285812782143,2464500
2025-04-28,203.77928161621094,205.99742152550138,201.90832895111976,202.95952945983552,3390200
2025-04-29,213.45228576660156,213.8766273654994,202.87273570086373,204.1071759618272,3174900
2025-04-30,217.3870849609375,218.0428749577491,212.73863402850705,213.48123187899407,3491100
2025-05-01,216.0561981201172,217.80177323616098,215.13037521630014,216.86629683987954,2253000
2025-05-02,215.64149475097656,217.9367742948359,213.31726944745844,217.50279391959657,2732600
2025-05-05,215.9019012451172,217.9753861892472,214.5324443677925,217.0881330595308,1832900
2025-05-06,215.84400939941406,217.58958437064717,214.44562166723256,216.32621308055863,1637100
2025-05-07,211.67779541015625,216.95310531179715,211.4656245949916,214.65781088357386,3571500
2025-05-08,210.12509155273438,212.07318392891003,209.80683534101715,211.14736105454105,3007500
2025-05-09,212.14071655273438,212.73864448695022,208.87137575334145,209.3439407206449,2499800
2025-05-12,200.51959228515625,209.70075519434258,199.55518484935862,209.70075519434258,4450800
2025-05-13,196.70053100585938,201.07893393167495,194.5402532285619,201.07893393167495,4525300
2025-05-14,197.22132873535156,197.88677224794216,193.85554134828314,195.67827088830987,4060300
2025-05-15,204.145751953125,204.23255980329733,197.70351756620576,198.8993880432787,3115600
2025-05-16,205.78526306152344,205.86241742215827,203.87572574611278,205.38021370495773,2812700
2025-05-19,207.4729461669922,207.82977215726774,204.40612331548382,206.0359739992086,1733400
2025-05-20,207.7333526611328,208.17698654983286,205.8238300873575,205.91062322350876,1755900
2025-05-21,206.12277221679688,208.85204669607597,205.86239283590234,207.96479372827483,2231500
2025-05-22,202.78594970703125,207.98410504512637,201.6286637611028,206.79787333853722,1969800
2025-05-23,204.3193359375,205.92989440022416,203.06560347508773,205.53448386622628,1573200
2025-05-27,206.09385681152344,207.3379505884979,203.50925206343743,203.50925206343743,1867000
2025-05-28,204.89801025390625,205.5152304240971,203.22957479492868,205.41878379425586,1787600
2025-05-29,206.10350036621094,206.47961864248262,203.15240152659283,204.12646236398768,1790600
2025-05-30,207.01004028320312,207.70441478094287,204.76298401532998,205.5344981544284,5861500
2025-06-02,206.48924255371094,206.80749872082865,203.3934887213385,205.78522936227995,2142600
2025-06-03,205.79490661621094,206.74967529608338,204.19398670617068,205.56344352893248,2035500
2025-06-04,206.73037719726562,208.7652774623451,204.6376148409206,205.6598843617842,1579000
2025-06-05,208.524169921875,209.459646280345,206.45069989102487,207.47296938402778,2526800
2025-06-06,204.97512817382812,208.4373616847904,204.54114781691902,207.6561940992164,2516300
2025-06-09,205.2548370361328,206.3156763897631,202.8920417533998,204.56046250270333,1777800
2025-06-10,206.97146606445312,207.73334141111437,205.15837550158366,206.32531489305975,1625000
2025-06-11,206.73037719726562,208.03233311349882,205.36092041311915,206.97147905466514,1577900
2025-06-12,209.95147705078125,210.01899262877913,206.91359978601915,208.09981670555533,1738000
2025-06-13,208.78509521484375,211.2734067903886,208.0755410932642,209.46549059385885,2455600
2025-06-16,208.96005249023438,211.2345382832737,207.03550127905393,207.03550127905393,2424500
2025-06-17,209.11557006835938,209.71820385444323,206.82165506233798,209.09612596288693,1659500
2025-06-18,209.446044921875,210.59300983635683,207.6089699965202,209.57240935971376,1665700
2025-06-20,211.39004516601562,212.7216920344403,208.29909975233647,209.1155742203075,4018600
2025-06-23,215.42384338378906,216.3763969256156,211.45809120179803,212.52727971525437,2618000
2025-06-24,217.63999938964844,218.7286320216631,212.8674873243222,214.68511820059825,2219000
2025-06-25,214.05332946777344,216.5902439962534,213.36320459171628,215.53077008861618,1727300
2025-06-26,211.42893981933594,215.37524803293525,209.7765467271919,214.60736155895455,2040100
2025-06-27,211.68165588378906,213.7228569667625,209.82513673508086,210.24310345444547,2086300
2025-06-30,214.8309326171875,214.93785295586034,209.23221645614763,211.30257627249114,2071800
2025-07-01,218.18431091308594,218.9521825209779,214.4421140754746,214.71427222750012,2567600
2025-07-02,216.59022521972656,218.66058483690796,216.3083376123841,216.58051058314814,1937900
2025-07-03,215.54046630859375,216.91098647467214,211.7982696418849,216.2500203988623,1369100
2025-07-07,213.8589324951172,216.7360373059769,211.9440958898423,216.0750860064442,1894900
2025-07-08,214.51988220214844,214.96700765495996,211.5358570759861,211.91493557296457,2022600
2025-07-09,215.6182403564453,215.78347817707032,211.28312431405186,213.55761008570153,1712900
2025-07-10,214.82119750976562,217.41642948233587,214.03388177816095,214.31576940522143,1459200
2025-07-11,213.10076904296875,215.21000215297477,211.4192024383246,213.91724350526005,1358500
2025-07-14,215.5696563720703,216.07509934683543,212.74113940509778,212.81890100363924,1475900
2025-07-15,212.78973388671875,215.10309314991375,211.8760536791877,215.0544902987989,1754200
2025-07-16,217.1053924560547,217.18315404667462,212.96468786821458,213.50900417104725,2426500
2025-07-17,216.7943572998047,217.99963976945511,215.61824840571322,216.57080198490846,1522400
2025-07-18,218.47592163085938,219.4479193061632,216.92071941777027,217.16371883659622,1253800
2025-07-21,220.157470703125,221.37246778206057,219.04939396039603,219.67147187155075,1458800
2025-07-22,225.84365844726562,226.03805500970503,221.5765893846646,223.16093545847764,2274400
2025-07-23,223.7344207763672,225.96030378824435,223.1609456998254,224.4731485116487,1839700
2025-07-24,224.76473999023438,227.76820914331435,222.08201700716668,224.259297063764,2034700
2025-07-25,223.43309020996094,225.06605393890231,221.85845879721947,224.16208843163855,1031300
2025-07-28,217.9315948486328,222.65550391720043,217.09567629472144,221.34330118590123,2176300
2025-07-29,208.6976318359375,212.8674954259523,205.86911498098968,212.8674954259523,3704000
2025-07-30,202.89479064941406,209.05725206477746,201.84503142910972,205.635816253953,3693300
2025-07-31,202.55459594726562,203.7307196659599,199.94964928392076,201.41736044141663,2774000
2025-08-01,206.16070556640625,211.3025665608771,205.21786666821768,205.49002482114767,3232200
2025-08-04,207.01605224609375,208.33796962357098,205.09150108071748,205.44142082274107,2804500
2025-08-05,204.16810607910156,206.83137010528552,201.9616672961151,206.3162125455562,1854800
2025-08-06,203.05030822753906,205.6552697070325,202.66151509042422,204.60551043901341,1634100
2025-08-07,204.1292266845703,205.1595566800365,202.17551669431887,203.06975277683978,2025800
2025-08-08,200.7272186279297,204.98457285334274,200.04682327561642,204.4402565714921,1727500
2025-08-11,200.3092803955078,202.05887915717182,199.11372742149882,200.16347184698986,2339200
2025-08-12,198.89016723632812,200.98968585542482,197.52937637108474,200.37732255031128,1757100
2025-08-13,198.4333038330078,199.56082460701023,197.26690968092194,199.1428727587112,2717800
2025-08-14,197.7626495361328,198.4722036719056,195.1674027439296,197.50992065350977,2636900
2025-08-15,200.34815979003906,202.37964624091225,197.5002136678915,198.47221136115817,2640400
2025-08-18,197.44187927246094,201.22294938223624,196.98503920922403,200.81471216580238,3227700
2025-08-19,200.86331176757812,201.03827905986049,197.53908152928682,197.84039843273757,1669400
2025-08-20,203.6334991455078,205.2275746314773,201.86445637748338,202.65178689947084,2217500
2025-08-21,203.85707092285156,205.09151213926071,202.5351534740965,202.5351534740965,1483300
2025-08-22,205.94686889648438,208.77537081444666,204.36250796498976,204.99430051123224,2343000
2025-08-25,205.20814514160156,205.98574625071353,204.03203625624494,205.0915101662624,1238900
2025-08-26,201.6409149169922,203.24471998127356,198.8221275892358,203.24471998127356,3538700
2025-08-27,197.57797241210938,202.2046760259531,197.51965492439615,201.93251786228626,3083500
2025-08-28,196.88783264160156,198.71519288643722,196.06164357564344,197.56822799930427,2978200
2025-08-29,198.1417236328125,198.15143826981048,196.03247571520737,197.31551971127092,2618100
2025-09-02,194.87582397460938,199.47336893717852,193.18454263932978,196.92673971236772,2601200
2025-09-03,190.76426696777344,197.12114035488415,189.7339517588034,195.84782571619448,3630500
2025-09-04,189.6270294189453,192.6402282483314,187.64416061918396,192.37778471417644,3523700
2025-09-05,192.76658630371094,193.81633074250144,190.78370273820107,191.55158920820503,4126100
2025-09-08,188.21762084960938,189.99637829578376,183.71726706778824,188.93690443656453,5376600
2025-09-09,189.15074157714844,189.32569402850842,186.6235418486783,188.49949012417989,3383900
2025-09-10,188.33425903320312,190.26853969305233,187.90659252633094,188.5772584453271,2539100
2025-09-11,191.04612731933594,191.57099948668437,187.66357989368618,188.87857686871186,2277400
2025-09-12,189.6173095703125,191.0461473492674,189.141025366825,190.2685462374234,3096400
2025-09-15,187.1095428466797,191.22108864835886,183.2701551935297,190.5698520192707,3883400
2025-09-16,189.277099609375,189.6853368455656,186.11810722388154,186.6235501583825,3253800
2025-09-17,191.69737243652344,193.55389145642124,188.9854907621163,189.5006631474052,3041900
2025-09-18,187.6247100830078,190.95866982178387,186.8471089764399,189.7631020024389,2368700
2025-09-19,187.89686584472656,189.1896245161821,186.71102750945175,188.1301506231684,5329500
2025-09-22,187.7996826171875,191.03642191463558,186.57495601992917,188.8494270841119,3471300
2025-09-23,188.83970642089844,189.29654651299597,187.32339242649277,188.00378783019949,2774700
2025-09-24,187.5275115966797,190.08387032722587,187.15816255127012,188.31484220245275,2963500
2025-09-25,188.28567504882812,191.8820634589913,187.73162925819514,188.98549972574793,3022700
2025-09-26,188.82997131347656,189.97692132231782,187.96489407293342,188.88828879439993,2608300
2025-09-29,189.10214233398438,190.02553711838618,186.92486229824712,189.1118569709651,3314300
2025-09-30,188.5824432373047,190.03367659655459,187.41556740893378,189.14135802635937,3426900
2025-10-01,189.56300354003906,190.72006409922474,188.37651223911752,188.54320664363166,2960500
2025-10-02,187.4547882080078,189.45515109650302,185.20929879773738,187.23906250508676,2822300
2025-10-03,186.51344299316406,188.6706849410515,185.77801858168553,187.28808345653235,2863100
2025-10-06,181.963623046875,185.7682086022232,181.72828184213503,185.7682086022232,2968100
2025-10-07,183.33641052246094,183.35602603021167,180.3750972665343,182.64020213866996,2741700
2025-10-08,181.9832305908203,185.21910120975755,180.19860834688455,183.0814746262605,3329700
2025-10-09,181.71849060058594,182.88535152284416,180.4143360803865,182.6794410504306,2211000
2025-10-10,183.0520477294922,184.3366017158976,180.4339383903287,183.1403100379241,3154400
2025-10-13,179.63967895507812,182.45391340445877,178.95328578288127,180.77713904743237,3242800
2025-10-14,182.88534545898438,182.8951606940828,179.5710428036666,180.23782045142036,4174900
2025-10-15,186.33694458007812,186.4938387215853,182.1499238223801,182.30681796388723,3353900
2025-10-16,187.74896240234375,190.3082401134153,186.54287048124647,186.86645903807724,3394700
2025-10-17,187.57244873046875,188.7687403528912,184.50328756739188,188.34710418809814,1981400
2025-10-20,189.32766723632812,189.36688328924316,186.91546852022438,188.21962297281218,1782100
2025-10-21,188.63145446777344,190.62200201690294,187.14100509572194,188.41572877614135,1749500
2025-10-22,187.4744110107422,189.6708692172217,187.1606227171026,188.298082838172,1535700
2025-10-23,186.60169982910156,188.4843846228402,183.826696446413,187.5528499800045,2279900
2025-10-24,187.79798889160156,188.98446527407086,186.27810872554926,187.59206346533702,1721800
2025-10-27,186.0427703857422,187.3763406538797,185.07201968735262,186.3075273772342,2979100
2025-10-28,179.16900634765625,182.71865019505552,174.04065076837944,182.32642981141143,6047500
2025-10-29,175.59976196289062,180.34569783593503,175.27617338578537,179.11999032974072,4501500
2025-10-30,175.96255493164062,179.03173111160484,175.00160449991895,176.74701067605068,2954900
2025-10-31,175.50169372558594,176.56070677230304,173.45231443216787,173.6876556521881,2604700
2025-11-03,173.20716857910156,174.56035437622117,171.59904102173073,174.29559738064364,3481700
2025-11-04,176.84507751464844,177.2569134238777,173.99162696972155,175.17810340678102,2663800
2025-11-05,175.9429473876953,178.49242493187114,175.24675391767582,177.0902227561491,2330500
2025-11-06,174.6289825439453,178.57086176432693,174.39365629704105,175.4036380060016,1960500
2025-11-07,174.49169921875,175.0113979496821,171.97165263169688,174.29558903085552,4255800
2025-11-10,176.22731018066406,177.4530175934707,172.57960372317166,172.81494493284006,2911100
2025-11-11,181.19876098632812,181.3654703514224,177.29611300341338,177.953090342484,2429500
2025-11-12,179.78677368164062,181.77732137162215,178.3943568599426,180.42413556695033,2947600
2025-11-13,177.6099090576172,180.65946965322942,177.33535179826453,179.463178039372,3072000
2025-11-14,180.0220947265625,180.81635073250018,176.11944653131073,179.29648551731012,3807200
2025-11-17,176.96273803710938,181.11052781251453,176.4626547894609,180.1201615902993,3253600
2025-11-18,178.02175903320312,178.81601509362494,175.4624811928163,176.5018787515041,3436500
2025-11-19,176.99215698242188,178.81601027890244,175.4428609596266,178.01193900436027,2673200
2025-11-20,175.6389617919922,177.14904167896356,174.55053302856422,176.99214754172655,3094500
2025-11-21,176.07040405273438,178.4531868813626,175.53108983537015,176.86466000819456,2609900
2025-11-24,176.08023071289062,176.85487121191755,173.1483332044244,176.0900309857522,6032500
2025-11-25,176.2665252685547,178.46299832667714,175.98216773373122,176.72739245022433,2005100
2025-11-26,177.7177734375,178.75717092289443,175.03101741955228,176.52148181333885,1941700
2025-11-28,177.74717712402344,178.5120172956594,176.52146980252377,176.90388988834175,1088800
2025-12-01,172.8443603515625,175.61936372381135,171.5107900907335,175.0310181819976,3329600
2025-12-02,172.39329528808594,174.27598009491132,171.79514946699177,173.61900271145524,2467200
2025-12-03,172.756103515625,173.33464880288128,170.96168097700956,172.60902460663985,2693000
2025-12-04,175.35459899902344,175.62915624982637,171.99125023331538,172.15795960053316,2804200
2025-12-05,175.384033203125,176.86468245851879,174.63880843869327,175.34481714699683,2998000
2025-12-08,179.63967895507812,179.74754180801256,173.46211048080832,175.07023803949056,5804200
2025-12-09,176.0606231689453,181.02228459059705,175.86451296710223,179.63968297989192,3161100
2025-12-10,176.75680541992188,179.08075679923803,176.06061200319405,176.31555375319675,2500900
2025-12-11,178.17864990234375,179.6494988648578,177.2274997096047,178.1296186111434,4370000
2025-12-12,177.18824768066406,179.600446276537,176.81564282867376,178.62968068998185,5329400
2025-12-15,176.75680541992188,178.40416392787694,174.45248451046916,178.20805373847114,5020800
2025-12-16,175.64877319335938,177.4628111179815,175.22712207901873,176.76661771284077,3198300
2025-12-17,175.02120971679688,177.25689873144393,174.34461686405538,175.07022604111313,4084700
2025-12-18,170.90283203125,175.874308556042,170.80478441406459,175.1290838239874,3950800
2025-12-19,169.0593719482422,171.4421399250443,168.60830504674863,170.8243935767521,6033000
2025-12-22,169.17703247070312,170.00070423060606,167.45124188391867,168.29452915112827,4154500
2025-12-23,171.11856079101562,171.18720759029495,168.78482397375564,169.5888802829253,3358100
2025-12-24,171.40293884277344,171.77554374637913,170.90284060970444,171.3244917677381,1040000
2025-12-26,172.9816436767578,173.26600122025948,171.1087591121549,171.1087591121549,1463200
2025-12-29,174.09056091308594,174.76382659647763,173.14996203995327,173.33808483614737,2177300
2025-12-30,174.9717559814453,175.10047475959573,173.26877028770485,173.93214033815153,1718900
2025-12-31,173.8331298828125,175.01134477057963,173.6647983624373,174.17965834115446,1680100
2026-01-02,173.0707550048828,174.07075791562144,171.45687530920299,173.526195891818,1786500
2026-01-05,174.5063934326172,174.52619980674712,169.34792828994097,172.53607467220212,3433400
2026-01-06,174.08065795898438,176.0410660163585,173.04104236067604,173.6450083667152,2362300
2026-01-07,167.76377868652344,175.248987250122,167.72416593523016,175.2390916162177,2756800
2026-01-08,168.6449737548828,169.62518539474087,166.67465484125066,166.9023903918621,2714700
2026-01-09,166.8429718017578,168.38755184439987,165.22910721364244,167.7637794254067,2359900
2026-01-12,169.83309936523438,171.16975022720428,167.72416603878705,167.72416603878705,2732700
2026-01-13,172.2390594482422,172.39746512223047,168.03110374346306,169.70437226254487,2870300
2026-01-14,175.72422790527344,178.8232683865248,172.53608139871875,172.75390619912963,3604700
2026-01-15,179.75396728515625,180.01138972134746,174.62520407306118,175.6945216745154,3868300
2026-01-16,181.75399780273438,182.34805309675357,176.88265676631727,177.90246604016286,4130800
2026-01-20,175.99156188964844,182.14013449678592,175.87275385537018,181.09060813192377,5038500
2026-01-21,176.40740966796875,177.90246619994002,174.94205514533323,177.21930487738007,2755700
2026-01-22,175.19947814941406,179.28862600305843,174.7737392756972,175.53611099484198,3741500
2026-01-23,176.98167419433594,177.92227307757742,173.41728198560855,174.63512480316254,2869700
2026-01-26,177.6846466064453,180.833180283412,177.2192950089811,178.0410858064639,4304100
2026-01-27,178.2886199951172,179.56585170185824,175.32819387487933,176.82325038553554,2867000
2026-01-28,175.75393676757812,179.09060855426256,174.48660066549485,178.28862407958275,3437700
2026-01-29,179.54603576660156,180.09059774739396,175.06085136561154,175.7539233830578,3496100
2026-01-30,177.5064239501953,179.41733877055307,173.5658013835797,179.41733877055307,3504300
2026-02-02,171.98162841796875,178.0410951358003,171.87271601481615,177.2093935536178,2968500
2026-02-03,171.41726684570312,172.50637571672726,169.7439832362877,171.3281457144602,3147200
2026-02-04,174.80343627929688,176.1598783638661,170.67469090059348,172.40737857094763,4518900
2026-02-05,169.7935028076172,172.00143781080297,167.62516544816435,170.8727161164377,4730000
2026-02-06,169.57566833496094,171.88261997778466,167.01127914510863,171.06082916964974,3481800
2026-02-09,171.9915313720703,172.53607825533913,167.6449612922488,169.35784254805748,2507800
2026-02-10,176.74403381347656,177.89256181072415,171.8727081202756,172.6251992739799,2680700
2026-02-11,178.69454956054688,178.75395357739885,173.86283652659122,175.75392986367464,2089100
2026-02-12,186.32827758789062,188.4570020384955,180.05100152525543,180.66486315870975,4537000
2026-02-13,190.19960021972656,190.30851261664506,186.2391713977257,186.80352464878558,3413100
2026-02-17,191.1798095703125,191.70456521597094,188.05106696416325,190.59564990557394,3166000
2026-02-18,184.7738037109375,190.27879741153095,183.7936072366675,190.1699001213562,2636100
2026-02-19,182.9619140625,186.5164106104707,182.57577283512956,184.7342145195925,2257500
2026-02-20,185.4569854736328,185.56589787479646,181.59557326480876,184.1599474011262,2484100
2026-02-23,188.1698760986328,189.59563288174294,184.83320456632077,185.6450997208617,2966400
2026-02-24,188.30850219726562,193.51646094606093,185.1797596297744,186.28867492646987,3535100
2026-02-25,180.6747589111328,189.75404018678273,180.48663612454058,189.70454691270015,3406300
2026-02-26,183.1797332763672,185.53619331947007,179.38762077060375,181.35793959812435,2918200
2026-02-27,189.96197509765625,190.0708874980412,182.85299727982635,184.3183668682488,4964400
2026-03-02,188.31838989257812,190.3382170782291,186.67480828437604,188.14017784505214,3390200
2026-03-03,188.36790466308594,189.28869715553762,184.40747565571488,185.67481172944662,2361100
2026-03-04,188.91246032714844,189.10058311593312,185.36787467168188,186.6451063362052,2457200
2026-03-05,185.78372192382812,187.15997038322234,183.19954142291238,187.13026837464702,3430400
2026-03-06,186.7243194580078,188.26888432433657,184.02133094193252,186.0312474164292,2747300
2026-03-09,184.79360961914062,187.6550188602289,183.46686957967952,186.36787646183714,2800900
2026-03-10,184.27874755859375,186.13025829922944,182.70448073366316,184.65499312977352,3288700
2026-03-11,181.04110717773438,183.77379760509572,180.6846679821797,183.77379760509572,1587900
2026-03-12,178.0806884765625,182.3579438897415,177.8232660334381,179.26881414089902,3070400
2026-03-13,182.58567810058594,182.71438176729075,179.21930445037296,180.2985328141548,3194200
2026-03-16,182.88272094726562,184.3678818559859,182.32824818409276,183.89261948755205,2267300
2026-03-17,183.23915100097656,185.98173713087317,182.31834342756844,183.76390662050693,2728900
2026-03-18,178.90248107910156,182.37775208116267,178.4173230887038,181.32824081541509,3654800
2026-03-19,180.95199584960938,181.25894178816532,176.58563435234748,178.50642972971937,3615200
2026-03-20,175.04104614257812,183.88271134021645,173.86283125908955,182.19953211311002,6368000
2026-03-23,174.75392150878906,177.85296189186636,171.43705633220134,177.42720793806433,4363100
2026-03-24,168.67466735839844,174.6351170796682,168.41724491886777,173.75392225423798,4558300
2026-03-25,165.615234375,170.28854153378825,163.4468972054467,167.80336281076742,4107600
2026-03-26,167.24891662597656,167.39744177975004,164.1102784232211,165.63503695689923,2890300
2026-03-27,167.84298706054688,169.96181599408703,166.30831778492643,167.12019788260775,2468500
2026-03-30,168.67466735839844,171.31825183468902,168.1004033552879,169.84298663146524,3106500
2026-03-31,170.87271118164062,171.39746681601633,168.7934799115136,170.9222195657556,4425800
2026-04-01,169.32814025878906,172.1895495078415,168.11029750583833,170.96181112155514,2311000
2026-04-02,172.01132202148438,174.72422122608944,168.6548591710509,169.7934915316113,4241600
2026-04-06,174.39749145507812,175.47670473816004,170.02121919681105,171.03113282805353,2898900
2026-04-07,172.3578643798828,174.6351139771853,171.17963438648766,174.08065635860808,3617100
2026-04-08,174.4370880126953,175.44700163765515,172.01132827232664,173.26876870972893,3465200
2026-04-09,178.14999389648438,180.55596241943192,173.5064034892787,173.5064034892787,3273800
2026-04-10,177.51632690429688,179.7836810272078,176.54602600380545,178.76387174133822,3179700
2026-04-13,179.15000915527344,179.41734234434534,176.71433866027576,177.70444591537702,2597700
2026-04-14,176.41000366210938,178.83999633789062,173.0,178.44000244140625,2887200
2026-04-15,176.99000549316406,178.6999969482422,176.22000122070312,177.77000427246094,2129100
2026-04-16,178.60000610351562,178.63999938964844,176.5800018310547,177.1699981689453,1915900
2026-04-17,182.36000061035156,183.07000732421875,177.41000366210938,178.2899932861328,4708600
2026-04-20,181.66000366210938,183.42999267578125,180.5,181.3699951171875,2778700
2026-04-21,174.75999450683594,181.8800048828125,174.30999755859375,181.74000549316406,3564000
2026-04-22,176.30999755859375,178.19000244140625,174.82000732421875,176.92999267578125,2269500
2026-04-23,179.00999450683594,179.2100067138672,176.3800048828125,177.5500030517578,2433900
2026-04-24,178.2100067138672,179.6199951171875,176.25999450683594,178.88999938964844,3065000
2026-04-27,175.3000030517578,178.89999389648438,174.6999969482422,178.63999938964844,3046500
2026-04-28,178.39999389648438,180.17999267578125,174.2899932861328,176.5,4484600
2026-04-29,178.19000244140625,179.22000122070312,176.58999633789062,177.5399932861328,2775000
2026-04-30,182.7100067138672,182.97999572753906,177.07000732421875,177.99000549316406,3006400
2026-05-01,181.61000061035156,184.11000061035156,180.8699951171875,183.77000427246094,1943200
2026-05-04,180.8800048828125,182.6300048828125,179.22999572753906,180.6699981689453,1625500
2026-05-05,178.1199951171875,180.67999267578125,176.7100067138672,180.0,2244200
2026-05-06,180.16000366210938,181.25,178.41000366210938,179.14999389648438,2116000
2026-05-07,179.77000427246094,180.97000122070312,178.42999267578125,179.5,2589500
2026-05-08,176.52999877929688,179.8300018310547,176.11000061035156,179.8300018310547,3510200
2026-05-11,177.47000122070312,178.99000549316406,176.14999389648438,177.0500030517578,2456400
2026-05-12,178.82000732421875,180.50999450683594,174.52999877929688,174.58999633789062,3384000
2026-05-13,173.8699951171875,176.80999755859375,171.00999450683594,176.77000427246094,3271000
2026-05-14,170.5,175.3000030517578,170.19000244140625,174.6300048828125,2922200
2026-05-15,170.6300048828125,172.35000610351562,167.3699951171875,170.17999267578125,4632900
2026-05-18,177.27999877929688,177.77999877929688,170.6300048828125,170.88999938964844,3242300
2026-05-19,183.0,184.1199951171875,177.6999969482422,178.80999755859375,4659700
2026-05-20,184.02000427246094,184.02000427246094,180.66000366210938,181.9600067138672,2812700
2026-05-21,183.77999877929688,184.83999633789062,181.99000549316406,183.1999969482422,2929200
