Price,Close,High,Low,Open,Volume
Ticker,CAT,CAT,CAT,CAT,CAT
Date,,,,,
2006-05-30,43.790550231933594,45.174175453753996,43.729861178756614,45.16810562245136,4130200
2006-05-31,44.26996612548828,44.55518804447243,43.32934586896697,44.04543326750738,4032900
2006-06-01,44.47629165649414,44.58552546699011,43.60849100364412,44.12431553045996,2910300
2006-06-02,44.18500518798828,44.63408014542501,43.772344591648526,44.63408014542501,3730500
2006-06-05,42.07315444946289,44.18500204590474,41.75758803533033,44.17893684442416,6863900
2006-06-06,41.55731201171875,42.49186192922096,41.32670481681684,42.024586970469855,8730300
2006-06-07,40.501399993896484,41.721176786131736,40.30114186406576,41.69083226013561,9781200
2006-06-08,40.59242248535156,40.986878110936196,39.087428685789476,40.29506562357036,11897800
2006-06-09,40.974735260009766,41.90322475436886,40.841231415061124,41.19927266137873,7943000
2006-06-12,40.24650955200195,41.50876549209445,40.08872640200961,41.50876549209445,6336200
2006-06-13,40.252593994140625,40.96261148197966,39.69428988216078,39.82779376378003,6267800
2006-06-14,40.950462341308594,41.011146744761035,39.99163302502114,40.02197291178576,5343500
2006-06-15,42.995567321777344,43.11694079344487,41.569462596636754,41.569462596636754,8440000
2006-06-16,42.81351089477539,43.311130517021375,42.69213743207869,42.995564143934146,6861400
2006-06-19,42.44939422607422,43.35967434211519,42.17631204323156,43.086592159272534,5340400
2006-06-20,43.08053207397461,43.47498780613981,42.601117215487704,42.710351039319214,5368800
2006-06-21,43.978675842285156,44.57338970598456,43.07446538343812,43.08053058516211,5502100
2006-06-22,43.86337661743164,44.093983944116346,43.305072427429984,44.057569580472446,3356000
2006-06-23,43.77839660644531,44.45200413852882,43.177613136992505,43.72378203191471,3331200
2006-06-26,43.9847412109375,44.27602828158223,43.438572166072994,43.93619182252188,2525900
2006-06-27,43.48106384277344,44.282110455206,43.402169907127096,43.45071930907472,2586300
2006-06-28,44.12431716918945,44.25782567919006,43.335410401796835,43.48712377590211,2921500
2006-06-29,45.14988708496094,45.32587510004237,44.106098653401176,44.20926260467961,5138200
2006-06-30,45.19844055175781,45.48365774347389,44.555172838083855,45.48365774347389,3913600
2006-07-03,45.37443923950195,45.77496481672234,45.19845577912665,45.46546820068161,1908300
2006-07-05,44.37918472290039,44.78577999442624,44.22747138230941,44.725090954250874,5035500
2006-07-06,44.694759368896484,45.05280069685608,44.26995915835466,44.373127767868496,3175700
2006-07-07,44.045433044433594,44.87075426670447,43.91192451878312,44.54305278463293,3333800
2006-07-10,44.46415710449219,44.967846656885854,43.996881913065295,44.14859529897242,2609100
2006-07-11,44.54305648803711,44.670495192228465,44.05150190909825,44.47023238710248,3400100
2006-07-12,43.27470779418945,44.42166017279567,43.17154384329167,44.312426392455876,3876700
2006-07-13,42.29768371582031,43.12907461111351,42.267343821201216,43.12300478021993,4981100
2006-07-14,41.98817825317383,42.6557159086137,41.751505853789894,42.47972790882923,5557000
2006-07-17,41.98817825317383,42.59503150901424,41.87287465298881,41.98817825317383,5693500
2006-07-18,42.34168243408203,42.7561398469351,41.482290952250075,42.42091522989039,4852200
2006-07-19,43.34737014770508,43.75573147371688,41.67734726058369,42.34170051715956,5557000
2006-07-20,42.10399627685547,43.804491138553324,41.82362859841562,43.49974305545521,7216100
2006-07-21,41.65907287597656,43.33518776941451,40.897202469868404,43.274239066943444,14422200
2006-07-24,42.981666564941406,43.006046969015884,41.57982820630856,42.329505868730635,7134900
2006-07-25,43.06700134277344,43.286415684561526,42.256370325574125,42.96947972412388,5465200
2006-07-26,42.743961334228516,43.23156009154822,42.54283114816403,43.134038480049725,3526900
2006-07-27,43.103572845458984,44.26161657797563,42.81101261773666,42.96948293483988,6082600
2006-07-28,43.40219497680664,43.70694287411613,42.90850487119212,43.45705201636597,3026700
2006-07-31,43.195011138916016,43.676513848433025,42.93901911923779,43.27424399614471,3414900
2006-08-01,42.48798370361328,42.92682175458996,42.12838314244971,42.73787940212011,4513100
2006-08-02,43.12186050415039,43.402228226449566,42.61597749104891,42.61597749104891,3056500
2006-08-03,44.32866668701172,44.43227993905017,42.615978970557336,42.81711385987028,4899600
2006-08-04,44.554176330566406,45.15148472018045,44.03000916725841,44.779691624111116,5194900
2006-08-07,44.602928161621094,45.0539540077515,44.206754736603074,44.57245149427872,3873200
2006-08-08,43.639923095703125,44.755302158191334,43.43878825163085,44.609024385269024,4139900
2006-08-09,41.7626838684082,44.09705578204061,41.689547289447766,44.06658375750299,8317100
2006-08-10,41.64077377319336,42.079611713498466,41.482303483619575,41.902857284759676,6736000
2006-08-11,40.854515075683594,41.579816784887086,40.31816028363445,41.53715225199778,7035500
2006-08-14,40.20235824584961,41.81752368208612,39.934178500185745,41.201931379578504,8324400
2006-08-15,41.08612060546875,41.116592610235806,40.16578049994592,40.50709671387877,6886400
2006-08-16,42.122291564941406,42.39047143706579,41.23852375011398,41.54936352907129,6774700
2006-08-17,42.274658203125,42.68911581884533,41.90286513681321,42.122284148082045,3738500
2006-08-18,41.634666442871094,42.51234209017943,41.25678193367947,42.51234209017943,5815800
2006-08-21,41.59811019897461,41.70781968660173,41.20803305409736,41.59811019897461,3925100
2006-08-22,41.750484466552734,42.11618121069504,41.51278135035591,41.70172366064405,3695900
2006-08-23,40.964237213134766,42.183229558653146,40.8850043847073,41.902861877194326,4547100
2006-08-24,39.9219970703125,40.97033117250859,39.464874966453955,40.96423490909959,8911600
2006-08-25,40.22065353393555,40.507117496208316,39.7696276412545,39.922001693519846,3964500
2006-08-28,40.2693977355957,40.83013290060859,40.11702374618448,40.30596600502716,3839300
2006-08-29,39.891536712646484,40.513225632114406,39.68431017288278,40.39132356452834,4912700
2006-08-30,39.6538200378418,40.0621860130749,39.50754225646296,39.67820044308607,4251500
2006-08-31,40.44007110595703,40.568064747306884,39.58677551353779,39.80010289920776,6410000
2006-09-01,41.00080108642578,41.32383792932307,40.19626641090326,40.63510435211305,5712000
2006-09-05,42.469688415527344,42.58549416250455,41.42135437996962,41.96380553672674,8504900
2006-09-06,42.134464263916016,42.90852692497565,42.06132770702528,42.06132770702528,5589300
2006-09-07,41.29946517944336,41.841916443370614,41.26289224417506,41.720014409288176,5196300
2006-09-08,41.03128433227539,41.56763931861372,41.000807661992305,41.50669062813457,4313000
2006-09-11,39.92808532714844,40.842329351536875,39.82446747031938,40.842329351536875,7893300
2006-09-12,39.70867156982422,40.251122723057975,39.37344685711294,40.074368297272585,12080000
2006-09-13,40.427886962890625,40.921577432287144,39.70258494481934,39.71477747374291,7132700
2006-09-14,39.92808532714844,40.63509828796433,39.89151240411471,40.42787187447736,3498800
2006-09-15,39.87933349609375,40.40959682349156,39.79400440663938,40.40959682349156,6408900
2006-09-18,40.83013153076172,41.201924424458305,39.9219838863629,39.928080147758656,5674400
2006-09-19,40.56807327270508,41.20194999885207,40.159711857330564,41.171477973129,3997800
2006-09-20,40.15359878540039,40.988610062185124,40.13531464760201,40.805759384029486,4903400
2006-09-21,39.33688735961914,40.464454458467145,39.14794501578311,40.45226657986914,8953900
2006-09-22,38.25806427001953,39.416105277143444,37.8436068032468,39.336872471027135,11133500
2006-09-25,39.20890808105469,39.55632087453301,38.25199650730055,38.37999252993292,7679700
2006-09-26,40.16579055786133,40.53148725723273,39.18450154699514,39.22716608442038,7622500
2006-09-27,40.03172302246094,40.744832681693296,39.70259441433329,40.16581297207832,5032600
2006-09-28,40.58634948730469,40.58634948730469,39.720866004414724,40.007329960744194,5875500
2006-09-29,40.1048469543457,40.87280872511072,40.074370288008474,40.83624044557517,4279900
2006-10-02,39.83666229248047,40.519299544095986,39.80009401742305,39.8915147050666,4272400
2006-10-03,39.684288024902344,40.04998472338675,39.30639880141983,39.84275829927705,5630500
2006-10-04,39.946380615234375,39.94638061523437,38.70300783695027,38.89195249175259,7106300
2006-10-05,41.592010498046875,41.9394230718037,39.80009521502608,39.86104389198437,12215500
2006-10-06,41.47621536254883,41.51278364395756,40.555874863040415,41.14708687961033,6587800
2006-10-09,41.99429702758789,42.63426536819481,41.311659480852654,41.323852011200124,6839600
2006-10-10,42.09181213378906,42.30513955452,41.744399435859236,42.23809459087673,4698200
2006-10-11,41.64077377319336,41.93942556308968,41.15317502839075,41.933333950092184,3445200
2006-10-12,42.20760726928711,42.46359452948442,41.7870534489012,41.87238253563363,4324200
2006-10-13,42.10399627685547,42.32950688229257,41.86019688035964,42.32950688229257,3486100
2006-10-16,42.6220588684082,42.81709741797419,42.05522735715614,42.2563621692327,6685500
2006-10-17,42.60377883911133,42.7378687267589,41.793147900213725,42.46968895146375,6039100
2006-10-18,42.10399627685547,43.22546699061488,41.872384757645406,43.12795002206858,6577300
2006-10-19,42.25091552734375,42.33049862773506,41.681611466991654,42.048908024924415,4933800
2006-10-20,36.11712646484375,38.12499308715559,36.0069384345769,37.929103774500035,67780400
2006-10-23,36.98638153076172,37.11493577747894,36.215067726381314,36.72927770769645,22097200
2006-10-24,37.298580169677734,37.83115402075125,37.17614878196839,37.525076719070114,11647100
2006-10-25,37.89849090576172,38.00867891974253,37.20675555914539,37.48834844775439,11557400
2006-10-26,38.16783142089844,38.431058037747455,38.020915651373066,38.38208689296702,10545200
2006-10-27,37.506717681884766,38.167843524774824,37.476110414792736,38.167843524774824,9043700
2006-10-30,37.194515228271484,37.457741912617095,37.02923552897043,37.44549853948652,5365800
2006-10-31,37.16389465332031,37.4210007266141,36.93739816948289,37.34141999735843,6959600
2006-11-01,37.035362243652344,37.35368299274561,36.76601499527422,37.16391418025202,9107300
2006-11-02,37.07207107543945,37.41487604280222,36.88230237194671,37.03534097100043,7879900
2006-11-03,36.992496490478516,37.298573739391834,36.882308494054996,37.11492785708066,6511800
2006-11-06,36.637454986572266,37.09045045651431,36.53338981662532,36.97414191330573,9579000
2006-11-07,36.680294036865234,36.97413023194262,36.643566263868514,36.710903627941086,7659600
2006-11-08,36.79049301147461,36.97414127202938,36.447687906832925,36.6803049892156,11509700
2006-11-09,36.239559173583984,36.97414529007799,36.11712776497083,36.91905127296132,7779700
2006-11-10,36.48441696166992,36.53951097471854,36.111004578990126,36.392595163378715,5966900
2006-11-13,36.4354362487793,36.85782201460335,36.26403373543344,36.276274770514625,5139300
2006-11-14,36.94964599609375,36.99861714180128,36.52113737902835,36.66805548651915,6206800
2006-11-15,37.61689758300781,37.7454494781267,36.95576954779472,37.035350293185395,8616700
2006-11-16,37.56791305541992,38.02090831697046,37.53118528771555,37.73931786704684,4834000
2006-11-17,37.3046875,37.56791407320272,37.00473315809789,37.56791407320272,7929600
2006-11-20,37.28633499145508,37.39040248328217,37.035351709640096,37.0414722278961,3759100
2006-11-21,38.06989669799805,38.19845094874932,36.85171025683601,37.06596344944702,9020900
2006-11-22,38.43718719482422,38.62695362285209,37.880126612371015,38.5228884636348,7005400
2006-11-24,38.486148834228516,38.76774165023621,38.02703300607423,38.229045091350365,2965800
2006-11-27,37.93522262573242,38.68204967572426,37.86176238985029,38.32087835578308,5817900
2006-11-28,37.70872116088867,37.929097183125094,37.096566581424995,37.80054528188198,6687500
2006-11-29,37.99031448364258,38.235174917162766,37.7699384588453,37.984191630073525,3592400
2006-11-30,37.971961975097656,38.382106910560836,37.71485807674767,38.045422233356454,3997000
2006-12-01,37.45774459838867,38.222937960029775,36.91292729852978,38.222937960029775,7193700
2006-12-04,37.641395568847656,37.82504152175552,37.3108314525025,37.58017869442171,4950300
2006-12-05,38.045406341552734,38.25965950068284,37.58016757432122,37.64750494867191,4508600
2006-12-06,38.596343994140625,38.626951254670125,37.978068924781276,38.13722808064525,6066400
2006-12-07,38.56573486328125,39.1472821258755,38.412696232871404,38.718773493691096,5392600
2006-12-08,38.81061553955078,39.10444956548989,38.56575268367556,38.56575268367556,4098700
2006-12-11,38.60858917236328,38.96976046795736,38.3576058879799,38.933030352492324,4699700
2006-12-12,38.1249885559082,38.74938654148087,37.68423882240978,38.56574062459115,6677100
2006-12-13,37.641395568847656,38.259670821847315,37.51896415518075,38.24742744696213,5110000
2006-12-14,38.02703857421875,38.24129405984029,37.65362393901293,37.763811940719044,5352400
2006-12-15,37.84339904785156,38.40658252186759,37.80054841055719,38.345365657743784,5763700
2006-12-18,37.90461730957031,38.31476216644406,37.74545811754389,38.05765598217391,5306900
2006-12-19,37.659759521484375,37.953593513625734,37.4332629237226,37.62915225181684,4304900
2006-12-20,37.56791305541992,37.88623360823151,37.28020208927344,37.586279274455705,5575900
2006-12-21,37.22511672973633,37.66586639062101,36.96189010266012,37.43324935730393,3249100
2006-12-22,37.09044647216797,37.274092380995555,36.94352834399525,37.225121228394265,2788000
2006-12-26,37.28022766113281,37.42102298267123,37.029244290532105,37.035364810953254,1933100
2006-12-27,37.629154205322266,37.69649160319765,37.28022617559086,37.341440718103875,2773800
2006-12-28,37.53120803833008,37.86176982396686,37.506721288228086,37.57405868341605,2402400
2006-12-29,37.543434143066406,37.73932338340149,37.378152158686696,37.41487993175956,2363600
2007-01-03,37.439388275146484,38.14336724427353,37.157797621569784,37.776072955308656,6134800
2007-01-04,37.341434478759766,37.51283703730479,36.937412494200245,37.49447314465632,4058900
2007-01-05,36.86394119262695,37.29244743327689,36.69865921329746,37.200625668216425,6267100
2007-01-08,36.906795501708984,37.07819801508291,36.64356887892239,36.784364134220134,3942900
2007-01-09,37.10881805419922,37.15779155213588,36.72928278592972,37.0108733935108,3928300
2007-01-10,36.925167083740234,36.96801772101265,36.63745366046722,36.84558632801235,6825100
2007-01-11,36.72926712036133,37.0843178234131,36.668052609234294,36.81496837001274,7440900
2007-01-12,36.57012176513672,36.668066420943,36.23955767609622,36.52114826964118,6560800
2007-01-16,36.264034271240234,36.686420043305105,36.178330678116914,36.649689931966535,6842100
2007-01-17,36.67417526245117,37.14553449817336,36.270153394001305,36.33749076127362,7255600
2007-01-18,36.85259246826172,37.09868516046384,36.66802001543984,36.66802001543984,7027500
2007-01-19,36.526527404785156,37.03717394636289,36.47115612132416,36.975648994219036,5561400
2007-01-22,35.788246154785156,36.62496676929437,35.671352260410536,36.526529187995465,9881000
2007-01-23,36.643428802490234,36.643428802490234,35.788249449245356,35.94821200041697,8587300
2007-01-24,36.748008728027344,36.98795014916517,36.329648484578975,36.78492369548574,8014800
2007-01-25,36.686492919921875,36.98795699568842,36.53268404744669,36.82184313178278,7481400
2007-01-26,37.584720611572266,37.78774701877782,37.22173172893332,37.68930947502503,12450500
2007-01-29,37.960018157958984,38.32300707576282,37.5724192650988,37.70777178097235,9608800
2007-01-30,38.68599319458008,38.85825831363814,38.1199755439181,38.23687174350998,8941400
2007-01-31,39.41813659667969,39.58424810920864,38.747529836733314,38.845967418609064,9617800
2007-02-01,39.98414993286133,40.144112461552204,39.65192223198361,39.86725839109106,10272800
2007-02-02,40.14411544799805,40.21794539608795,39.713452485492596,39.99030657654978,5971000
2007-02-05,39.6765251159668,40.174868925082286,39.56578256881592,40.144105281034186,5253400
2007-02-06,39.63345718383789,39.9595311441578,39.57193459217104,39.68267713472052,4873100
2007-02-07,40.384056091308594,40.544018628649006,39.774974287035306,39.92878315535805,6546300
2007-02-08,40.37788772583008,40.5132402317093,39.90415864912526,40.34712877968545,4528600
2007-02-09,39.867252349853516,40.59937922070558,39.79957608619623,40.59937922070558,5576200
2007-02-12,39.74420166015625,40.101039280608084,39.54732654091957,39.83648789908319,4974700
2007-02-13,39.82419204711914,40.10104611722626,39.56578959529542,39.80573104108796,4965100
2007-02-14,40.70397186279297,40.900846981493835,40.09488550385676,40.26715064598588,7495500
2007-02-15,41.60220718383789,41.95904004338861,41.22075965839901,41.835994877181086,9566900
2007-02-16,41.63298034667969,41.86061914516478,41.40534624206841,41.70681028794146,4249900
2007-02-20,41.79294204711914,41.83600833853621,41.22692659024511,41.5530006100992,6964300
2007-02-21,41.9652099609375,42.05749621826721,41.42380444854335,41.583762287782555,7225300
2007-02-22,41.700645446777344,42.100549307189034,41.42379145550063,41.98980677190384,4989400
2007-02-23,41.380733489990234,41.62682858383901,41.26383726429052,41.53454233691153,3777200
2007-02-26,41.380733489990234,41.69450015812075,41.26383726429052,41.53454233691153,3990400
2007-02-27,39.885711669921875,40.71012484379679,39.07359879167051,40.63629960068772,10791600
2007-02-28,39.639617919921875,40.02721454102701,38.76598241145516,39.78727310502759,9555400
2007-03-01,39.31354522705078,39.55348667114068,38.606023538174014,39.31354522705078,7993700
2007-03-02,38.784454345703125,39.473519935186225,38.72292937506839,39.005939546112856,6037300
2007-03-05,38.864410400390625,39.25200927285587,38.353766352990874,38.46450888798095,6710700
2007-03-06,39.141273498535156,39.45504250391187,38.87672210224609,39.10436087845359,5360600
2007-03-07,39.516571044921875,39.77496878140701,39.14742840388156,39.20895100391991,5284300
2007-03-08,39.55963134765625,39.984140509389995,39.375058881599635,39.71958914477434,4206200
2007-03-09,39.621177673339844,39.867272877547045,39.381236140053616,39.658090311114464,3267700
2007-03-12,39.725738525390625,39.92261361079984,39.14741825536806,39.55962707896221,4949100
2007-03-13,38.969017028808594,39.7749763862535,38.87057944176424,39.44274864987738,6297900
2007-03-14,39.1535758972168,39.239708467624325,38.50142795159605,38.889024518429935,6611900
2007-03-15,39.042842864990234,39.31969929943777,38.864424013131035,39.0613015252448,4546400
2007-03-16,38.85826873779297,39.44274285173523,38.69830856246174,39.20280141526996,5239200
2007-03-19,39.47965621948242,39.83649389363075,39.3073910509622,39.774971289712646,5076000
2007-03-20,39.9041748046875,40.1010499764351,39.381225569783666,39.47966080872029,4730600
2007-03-21,40.734737396240234,40.882392585660156,39.984149418055395,40.05182569109658,5864200
2007-03-22,40.937774658203125,41.140803519198506,40.568634261586396,40.98699462945197,4674200
2007-03-23,41.14694595336914,41.4853273345632,40.974680775260914,41.00544442586912,3955400
2007-03-26,41.12232208251953,41.663732109567825,40.76548920290517,41.497615962588014,7645500
2007-03-27,41.14694595336914,41.24538588021616,40.691673026386816,40.79626192825623,4266500
2007-03-28,40.7531852722168,41.060802924590746,40.45172128717473,40.9439114085222,4428700
2007-03-29,40.722442626953125,41.16541297473902,40.37790752652256,41.01775306289389,3752400
2007-03-30,41.23923110961914,41.645288756204245,41.00544333041417,41.03620228632659,6216000
2007-04-02,41.06696319580078,41.31305829604847,40.61783928580823,41.24538202613351,4917200
2007-04-03,41.368431091308594,41.651438840158114,41.12233596808647,41.3499747784949,5065400
2007-04-04,41.516075134277344,41.68834024661452,41.17769388227771,41.36841530038354,3255600
2007-04-05,41.60837173461914,41.836010540590514,41.466870209889514,41.51609017234937,3632700
2007-04-09,41.429954528808594,41.952908436337204,41.269996685301976,41.68835699500037,3780700
2007-04-10,41.189998626708984,41.55914353643813,40.85162205128728,41.34380744113862,3700000
2007-04-11,40.82086944580078,41.32536230575272,40.63630163491521,41.220773410196855,3778800
2007-04-12,40.999290466308594,41.06696674206761,40.519407561016635,40.667062756366306,4017800
2007-04-13,41.09157180786133,41.239226985547155,40.80856409484954,41.190007028360725,3449700
2007-04-16,41.15925216674805,41.42380359557966,40.89470073791643,41.23923108472079,5126400
2007-04-17,41.626834869384766,41.688357478668344,41.09773198057244,41.22077719913959,7919000
2007-04-18,42.67887878417969,42.980342797504335,42.08825339947548,42.08825339947548,9469600
2007-04-19,42.400821685791016,42.592371535380884,42.06715101232869,42.450250711508424,6962400
2007-04-20,44.37811279296875,45.00220063637214,43.69223514752515,44.50787279153109,19014800
2007-04-23,44.396671295166016,45.10726615692895,44.32870106491187,44.612938066764634,10759000
2007-04-24,44.98984146118164,45.0701724495491,44.38429477950326,44.427548113908855,6840800
2007-04-25,45.249385833740234,45.41003845172701,44.49553763733696,45.10726497939292,5801600
2007-04-26,45.10725784301758,45.317344178345174,44.86627423990126,45.13815511080631,4474400
2007-04-27,45.57685852050781,45.78694480766534,44.79829375050619,44.86008355765487,6509400
2007-04-30,44.87246322631836,45.675740485725015,44.80449299558044,45.45329331499404,5221000
2007-05-01,45.255550384521484,45.29880372707225,44.35340587256223,44.86008990569717,5284800
2007-05-02,45.35441589355469,45.90435324538012,45.19993900339562,45.29880176168193,4313500
2007-05-03,45.329708099365234,45.53361876661589,45.03929073344973,45.298810829444285,4111400
2007-05-04,45.169044494628906,45.83638583224138,45.002211517356216,45.60158264201219,3466500
2007-05-07,44.90333938598633,45.366770036709546,44.72414563532877,45.07635274130801,3632400
2007-05-08,45.37296676635742,45.63248689276744,44.63765502726699,44.798312364014066,4548500
2007-05-09,46.1885871887207,46.19476758392277,45.29262316909177,45.354412978331645,5651900
2007-05-10,45.60776138305664,46.281283161824646,45.360602098556505,46.040299559454205,4533500
2007-05-11,46.268943786621094,46.34309443485166,45.632499377331264,45.78697635878077,5549100
2007-05-14,47.14632797241211,47.24519068710351,46.09588275398278,46.343046612099,8043400
2007-05-15,46.9671745300293,47.4800344357351,46.83123405589191,46.97953061210428,5614100
2007-05-16,46.93009948730469,47.449144534551856,46.42341523708826,47.26995069170835,5897500
2007-05-17,46.24419403076172,46.466641103061505,45.632466939067314,46.45428502760485,6486100
2007-05-18,46.20095443725586,46.49755219329542,46.01558496470986,46.349255672406336,5199400
2007-05-21,46.250389099121094,46.503733511829125,45.92289878162944,46.20095535309101,4445700
2007-05-22,46.65821838378906,46.79415885140748,46.20714362435181,46.25039698093382,4168700
2007-05-23,46.97951126098633,47.733359242134085,46.84357084284354,46.886824183683466,5682700
2007-05-24,46.608760833740234,47.566519301706066,46.39249416124276,46.979504374344465,6316100
2007-05-25,46.78179168701172,47.32554876919856,46.55934453651217,46.57170533057418,3337400
2007-05-29,46.80649948120117,47.15252621962747,46.51608216248164,46.84975282350446,3813500
2007-05-30,48.4933967590332,48.59225953633234,46.52845014975007,46.590239974844714,8529600
2007-05-31,48.5551643371582,48.74671412146591,48.122626331152695,48.56752041081125,5709700
2007-06-01,48.2833137512207,49.098951835614606,48.03614969534874,48.72202771111887,6532100
2007-06-04,48.3759765625,48.45012715629488,47.894009488483015,48.19060243514275,3212700
2007-06-05,48.59841537475586,48.74053142923152,48.07319505547012,48.27092522441037,3480600
2007-06-06,48.616981506347656,48.88886242238253,48.196804051685554,48.27095467813015,5391900
2007-06-07,47.77043533325195,48.9877140668168,47.64067530218689,48.462493546526524,6367900
2007-06-08,48.51811599731445,48.55519366919071,47.60979553593403,47.72719480646605,5047500
2007-06-11,48.660221099853516,49.09893490850282,48.233863368319966,48.39452065638865,3694100
2007-06-12,48.24623107910156,49.01861565177829,48.209153413915395,48.382171518174474,4579000
2007-06-13,49.38935089111328,49.41406775894016,48.20296952098592,48.48102603408247,7961800
2007-06-14,49.88369369506836,50.050526709825874,49.11130902362043,49.11130902362043,6187700
2007-06-15,50.118473052978516,50.421246379899394,50.05050285714286,50.39035383632115,5875000
2007-06-18,50.57572555541992,50.74873889300781,50.087578087648446,50.11847534690052,4548500
2007-06-19,50.97121810913086,51.16277275164653,50.40892440731075,50.57575745542403,4052300
2007-06-20,50.28532028198242,51.21836210564306,50.21117438491071,51.21218170946675,4160800
2007-06-21,50.340938568115234,50.439801343779386,49.568553981552185,50.0567016059714,5261900
2007-06-22,49.98873519897461,50.662252346996375,49.90840417871611,50.34094240874765,5134200
2007-06-25,49.86513137817383,50.40889297364234,49.52528509526593,49.83423883296034,4386400
2007-06-26,49.611793518066406,50.137013947857334,49.556179391900734,50.01961001482098,5537900
2007-06-27,49.129844665527344,49.61181193802845,48.4686835865878,49.444974211847715,7854800
2007-06-28,48.870304107666016,49.203974738367464,48.598428001148775,49.15454571898453,4736600
2007-06-29,48.3821907043457,49.03099117412206,47.9063989789132,48.82708043465099,7513400
2007-07-02,49.7106819152832,49.97020678086249,48.51194395785036,48.567553398448595,4866900
2007-07-03,48.19062042236328,48.93211249429542,47.949636795407294,48.93211249429542,6246900
2007-07-05,47.881656646728516,48.43159401110763,47.67775072990192,48.196790829839685,4410300
2007-07-06,48.69730758666992,48.901218272735946,47.949639785356446,48.04850728681704,4731900
2007-07-09,49.32754898071289,49.920739520291995,48.864118429704895,48.96298116250507,6499300
2007-07-10,50.18645477294922,50.56955445825491,49.432606765493716,49.444962842910364,10013300
2007-07-11,50.7734489440918,51.02679323603397,50.1864388111544,50.29766232957256,6648900
2007-07-12,51.9598388671875,51.99691652249549,50.77345761105298,51.2739658865004,7163500
2007-07-13,52.60245895385742,53.07825032520972,52.318222095635114,52.4603428818761,6337700
2007-07-16,53.07826614379883,53.44282938116957,52.68280563934943,53.12151948915233,6032800
2007-07-17,53.43046569824219,53.757955939916336,53.13386800498876,53.294525285261884,5677700
2007-07-18,53.50493240356445,53.970300578682895,52.636244196549384,53.34980967852497,7014200
2007-07-19,53.970298767089844,53.98270650172977,53.132632292818265,53.833790016202045,6256100
2007-07-20,51.62482452392578,51.62482452392578,48.55960367448443,49.48413349515231,38719900
2007-07-23,50.8802490234375,51.49453363125781,50.501749231252916,51.171880476494756,10070300
2007-07-24,50.669281005859375,51.10982890583137,50.203912905808366,50.76855707220632,8273000
2007-07-25,49.94948959350586,50.917453342808635,49.36622695791715,50.892633152574305,9406700
2007-07-26,48.57822799682617,50.154275284394444,47.65369797901358,49.316613604686694,11559100
2007-07-27,47.16973114013672,49.6268800516697,46.69195507809893,48.83264747048302,12589000
2007-07-30,47.80261993408203,48.243167908968566,46.952545689206076,47.77159349521498,6763900
2007-07-31,48.89468002319336,49.4531179913052,48.31762335337096,48.46653982926949,11029000
2007-08-01,49.719940185546875,49.813014778708954,48.447936525566725,48.77679598529832,10205100
2007-08-02,50.05499267578125,50.13565951109427,49.01877415573045,49.794387670852764,6631600
2007-08-03,48.99395751953125,50.520364460263345,48.969137317165334,49.70752295215024,7816900
2007-08-06,50.2597541809082,50.328008546784986,48.18111097330643,49.018772596194424,7033600
2007-08-07,49.91228103637695,50.60722769664281,49.30419797467526,49.87504836959909,6449800
2007-08-08,50.197731018066406,50.96093242127807,49.44693735392741,49.82543730425793,6859400
2007-08-09,48.69613265991211,49.93711458083375,48.652698482038666,49.40349197611982,8139000
2007-08-10,48.119075775146484,48.70854029274443,47.709549469806184,48.199737895605786,8464000
2007-08-13,48.33623504638672,49.20492312719121,48.28038841182205,48.46653754841201,3866600
2007-08-14,47.635066986083984,48.528575072002425,47.52337847534418,48.34243071008152,5190900
2007-08-15,46.50579071044922,47.97635583658054,46.24518567056869,47.467553491779086,7455600
2007-08-16,45.295841217041016,45.9845865786479,43.800455693597264,45.29584121704101,16052900
2007-08-17,45.07244873046875,46.97114895395376,44.55744026005653,46.685723770512595,10761200
2007-08-20,45.9473762512207,46.41274466132501,44.81808243205981,45.27724460451716,6780200
2007-08-21,46.090057373046875,46.53681152108437,45.48197902019416,46.108671340220226,4737700
2007-08-22,46.72298049926758,47.30623889888342,46.46237064627829,46.69195405149203,5236400
2007-08-23,46.642303466796875,47.46755756452913,46.11488710731838,47.14490435422695,5548200
2007-08-24,47.355857849121094,47.411704483000236,46.41271391243322,46.80362141371065,3483400
2007-08-27,47.15730667114258,47.70954317317917,46.85326746680067,47.076644561328926,3136400
2007-08-28,46.015628814697266,47.30624688904909,45.972189886886014,47.14492258848767,4653000
2007-08-29,46.5616455078125,46.59887345318155,45.513014196191435,46.059049309447694,4401200
2007-08-30,46.325843811035156,46.97115005500424,46.04041388693439,46.20794904820958,3579600
2007-08-31,47.01460266113281,47.331054407912696,46.6671292036307,46.94635300395559,3341500
2007-09-04,47.68473434448242,48.00739232864159,46.828458433852305,47.0332216083413,4472000
2007-09-05,46.871883392333984,47.74677310411686,46.57404567587328,47.31243136549698,4675700
2007-09-06,47.002174377441406,47.66609929149998,46.33824946338283,46.97114794631104,4614200
2007-09-07,45.5688591003418,46.22657802447722,45.35788970541107,46.04042883683073,6396200
2007-09-10,45.755001068115234,46.207961541994436,45.072461973778424,45.637111007383304,4753800
2007-09-11,45.84807205200195,46.40030857223335,45.60608098061831,45.97837457244162,4688900
2007-09-12,45.153114318847656,45.916320100766306,44.985583882507534,45.75499116409007,5656100
2007-09-13,45.28963851928711,45.544042111450175,45.06005987013303,45.40132709297344,4667100
2007-09-14,45.3951301574707,45.79224407408522,44.79945454857762,44.855301208023796,4028800
2007-09-17,45.72397232055664,46.28861653324688,45.29583211853856,45.29583211853856,4660800
2007-09-18,48.063228607177734,48.3734740833929,46.02801904064146,46.040426776743146,7461900
2007-09-19,48.342437744140625,49.74474346373271,48.18110881982718,48.80780581760843,7598000
2007-09-20,48.00735855102539,48.348625534423334,47.53578437811154,48.336217805595275,4506500
2007-09-21,48.4975700378418,48.62166632175013,48.00738166865521,48.48515756906909,5950300
2007-09-24,48.22456359863281,49.48415963182576,48.057028369545264,48.79541420995666,5683000
2007-09-25,47.38689041137695,47.97014862195828,47.13869311152737,47.76539022850439,6759000
2007-09-26,47.56682586669922,47.64128173118456,46.77259368509319,47.64128173118456,6032600
2007-09-27,48.069427490234375,48.41690085558056,47.622673315378115,47.7964099980512,4773400
2007-09-28,48.66509246826172,49.01877202643547,48.050807916479734,48.08803584871834,5644800
2007-10-01,49.36625289916992,49.66409060452409,48.66509990898141,48.96293761433557,4480100
2007-10-02,49.41587448120117,49.74473376489836,48.66508137046641,49.62063752975646,5048900
2007-10-03,48.745765686035156,49.42210325779363,48.42931872188081,49.415897023015084,4610400
2007-10-04,48.795413970947266,49.0125848835425,47.88329140407643,48.751979788428216,4306000
2007-10-05,49.844024658203125,50.259752337683274,49.02497703168852,49.02497703168852,6658300
2007-10-08,50.4707145690918,50.63824972007954,49.93709688741647,50.0984210715182,3633100
2007-10-09,51.19670867919922,51.33941894408124,50.30940644747253,50.68790629880861,4899600
2007-10-10,50.35903549194336,51.13464899027441,49.85022849242785,51.12844275677641,5167600
2007-10-11,49.291812896728516,50.73135201258001,48.78301040062509,50.58863698127129,6784000
2007-10-12,49.82541275024414,49.918482582352794,48.93190449024844,49.577215485359886,4482700
2007-10-15,48.91949462890625,49.70131439804433,48.243161898391634,49.70131439804433,6570500
2007-10-16,48.24315643310547,49.012563647491966,47.96393748560106,48.70852450159202,6320200
2007-10-17,47.85845184326172,48.931902968567165,47.31242166467202,48.6154513473315,7299000
2007-10-18,48.413299560546875,48.46940333932866,46.9109016242377,47.877174590062005,7790900
2007-10-19,45.86357879638672,47.19142027081172,45.38356246012576,46.511915946522095,19710700
2007-10-22,45.81993865966797,46.2002133610104,44.65417796386117,45.29004916381709,10289100
2007-10-23,46.393455505371094,46.50566776490607,45.564331851927555,46.00695031065868,7150800
2007-10-24,47.24754333496094,47.36599099923918,46.1316554235693,46.1316554235693,9153500
2007-10-25,46.549312591552734,47.284925346483796,45.86980835289828,46.90465067407725,6588900
2007-10-26,46.77998733520508,46.8173898538207,45.97579989178135,46.50568951557133,4844400
2007-10-29,46.06929397583008,46.979458057537975,46.00695488237545,46.76126885236279,6442200
2007-10-30,45.79499435424805,46.312417845139414,45.65161492087722,46.03812013793575,4088700
2007-10-31,46.511924743652344,46.854797017380605,45.66409944513309,45.763845836097566,6216400
2007-11-01,45.70149612426758,46.312430800440126,45.408497083458755,46.312430800440126,6177600
2007-11-02,46.605430603027344,46.836085783134465,45.240181754887516,45.826179846083456,5967900
2007-11-05,45.81993865966797,46.206448697997416,45.58304817201554,45.85734116925294,5979600
2007-11-06,46.70518112182617,46.75505432124965,45.81995323482466,45.857355756307236,5091300
2007-11-07,45.882293701171875,46.742589769853424,45.882293701171875,46.13789028858312,4672300
2007-11-08,45.15289306640625,46.02565461444533,44.77261842587614,45.91967768345636,9649900
2007-11-09,43.89363098144531,44.94717458009334,43.43231119232754,44.84743297445186,8790800
2007-11-12,43.38867950439453,43.980912910292005,43.3138744785916,43.7938908334467,7588200
2007-11-13,44.30508041381836,44.44846464441001,43.033342620166955,43.69414573362704,7243000
2007-11-14,43.65673828125,44.88483808426477,43.54452599579259,44.66041351334996,7500400
2007-11-15,43.4697151184082,44.043242386273064,43.19541740066068,43.56945671639133,7699600
2007-11-16,43.288936614990234,43.79388954902633,42.72787515707855,43.67544192008696,7640300
2007-11-19,42.51591110229492,43.32633363388525,42.023428905409745,43.263994536724816,7385700
2007-11-20,42.5657844543457,43.15801777018149,41.86757895346075,42.497210020341896,7487700
2007-11-21,42.35383987426758,42.84632693747642,41.767841766318185,42.12941526935799,6311100
2007-11-23,42.78398513793945,42.84632900822575,42.16681982269535,42.7216460238227,2459900
2007-11-26,42.28526306152344,43.45725445574045,42.235389872960404,42.86502579910382,4521900
2007-11-27,42.902435302734375,43.28271010419161,42.328907809319126,42.422418864068746,7098800
2007-11-28,44.37989807128906,44.4796397116906,42.90243667622091,43.31388342782342,6637000
2007-11-29,44.710289001464844,45.09679430538483,44.10558969623266,44.32377894137601,5272100
2007-11-30,44.82249069213867,45.70148280216757,44.46715264660908,45.196529989090706,5655000
2007-12-03,44.92223358154297,45.308743561376225,44.28013189794723,44.51702710591541,5505400
2007-12-04,44.891082763671875,45.04693292834326,44.44846886674551,44.74146318114526,5083200
2007-12-05,45.32746887207031,45.526956925829815,45.01576849081044,45.25889440769951,4418300
2007-12-06,46.34981155395508,46.38098347155645,45.11548161807734,45.308734189938626,4659200
2007-12-07,46.25632095336914,46.61165909233838,45.950856002086205,46.34359665373569,3804500
2007-12-10,47.74003219604492,48.13900830908643,46.25633531676204,46.443357450574815,7569700
2007-12-11,45.95709228515625,48.16393094590683,45.91968977170644,47.90833442088234,8788500
2007-12-12,46.019432067871094,47.29740519939783,45.60799014538197,46.910895115461514,6841900
2007-12-13,46.26877975463867,46.449566446480375,45.68901717603173,45.81993069298585,4558100
2007-12-14,45.75135803222656,46.45579881907102,45.69525427543863,45.8448690497077,4083100
2007-12-17,44.36117935180664,44.97834448014362,44.20532923562885,44.88483345920332,9342800
2007-12-18,44.2926139831543,44.86614138656087,43.68167931001665,44.591843603988565,7376600
2007-12-19,44.16170120239258,44.68536023866824,43.74402389475998,44.211574397498765,4241800
2007-12-20,44.57939147949219,44.78511012390987,44.08066894888509,44.39236934147189,3286600
2007-12-21,45.339935302734375,45.73267603410337,44.49210996464933,44.91602263369185,7334400
2007-12-24,45.321231842041016,45.639167550793424,44.94719234971652,45.50825396628836,2176100
2007-12-26,45.93840026855469,46.08801510861674,45.165379956532426,45.48955099219854,3466500
2007-12-27,45.339935302734375,46.05061172492774,45.14667785026431,45.43344160341515,3336500
2007-12-28,45.60798263549805,45.91344754724744,45.44589717457928,45.51447160973074,3043600
2007-12-31,45.23393630981445,45.95084779724648,45.12795937203069,45.50823403694242,2639600
2008-01-02,44.03077697753906,45.302514607986346,43.66920829093787,45.2339401703518,6337800
2008-01-03,43.87492752075195,44.56690248846624,43.60063452217439,44.26767289798733,4385900
2008-01-04,42.721641540527344,43.60063865268935,42.453579097403725,43.4198519114042,7697200
2008-01-07,42.8463134765625,43.09566984263857,42.26655088871679,43.01462949928063,8790400
2008-01-08,41.86135482788086,43.320110073904644,41.792780375511924,42.977242568229514,7662300
2008-01-09,41.911224365234375,41.9299256222181,40.676889086448426,41.84264991884798,9845500
2008-01-10,42.02342987060547,42.515912078801996,40.85766922664038,41.51847223282113,6914600
2008-01-11,41.15066909790039,42.59695809440599,41.14443376105791,42.26655658428142,9247500
2008-01-14,41.93614196777344,42.07952614958944,41.04467922354284,41.599509944004126,8106700
2008-01-15,40.77040100097656,41.59952495692442,40.65818870050114,41.368865018122385,9353400
2008-01-16,40.06596374511719,41.26912737191318,39.83530851366551,40.6519619667581,13079600
2008-01-17,39.16320037841797,40.642713344487134,38.95631823367172,40.329257288675194,11011400
2008-01-18,39.376346588134766,40.78063062763201,39.056620104488495,39.5142656124617,9225400
2008-01-22,40.0095329284668,40.40448585820669,37.363962909581566,37.363962909581566,9870200
2008-01-23,40.7994499206543,40.8684106500183,38.360759286642136,39.21963078138233,10896500
2008-01-24,40.90601348876953,41.3573909546088,40.25402434733054,40.937361006159335,8160300
2008-01-25,41.33231735229492,42.4732972494488,40.81824959166428,42.41060699238848,9286700
2008-01-28,42.76166534423828,43.024967226465115,40.73047187955315,41.80876124443501,10984100
2008-01-29,43.25066375732422,43.64562143518646,42.9372077122702,43.11901279235669,8283600
2008-01-30,42.9058723449707,44.178503341141784,42.8118345587152,43.15036771945872,7904500
2008-01-31,44.504493713378906,44.91198758142603,42.316571574179825,42.3228420351234,8826800
2008-02-01,44.98722457885742,45.244256115244056,44.260004070132496,44.60480772219361,6526400
2008-02-04,44.47941970825195,45.125143306912506,44.26000138975595,44.99975799422863,4565300
2008-02-05,42.329097747802734,43.94653191732055,42.329097747802734,43.783533451883464,11709400
2008-02-06,42.61750030517578,43.288296275591954,42.347927824562106,42.70526764463499,7305000
2008-02-07,42.830631256103516,43.19424139463884,42.203719203301674,42.34791107994823,6506000
2008-02-08,42.63630676269531,43.06260731701857,42.39181134890298,42.68645611152767,4496000
2008-02-11,43.520240783691406,43.5265112444892,42.35418378923121,42.70525784950494,4979000
2008-02-12,43.88385009765625,44.67376073864289,43.63935474403469,43.87131395927364,6703400
2008-02-13,44.91825866699219,45.081257173069716,43.97789039671166,44.26626942564244,7502000
2008-02-14,44.159690856933594,45.131401764214736,44.002962828376006,44.84302276562395,5418800
2008-02-15,43.85250473022461,44.09700009584982,43.36978445995339,43.88385225216028,5355800
2008-02-19,44.134605407714844,44.579712350241266,43.796072356435815,44.26625635271908,5415300
2008-02-20,44.667503356933594,44.82423143888775,43.54532971618648,43.83997927553413,4717500
2008-02-21,44.37910079956055,45.25050809192866,44.228643259651534,45.131393282064586,5371200
2008-02-22,44.62358856201172,44.918237915852394,43.77098800820138,44.47939672267928,5231500
2008-02-25,45.294395446777344,45.34454955850409,44.27879620762784,44.66748339907109,5190100
2008-02-26,45.95264434814453,46.24102324922477,44.99973557826716,45.13765696203559,6203900
2008-02-27,46.52941131591797,47.137516746162134,45.469928461865386,45.76457787923806,7163300
2008-02-28,46.6359977722168,46.830339021989445,45.858627990165736,46.28492847379899,6024500
2008-02-29,45.344547271728516,46.604636980339656,45.1376651585085,46.247297322486496,8823500
2008-03-03,45.889976501464844,46.147012829390064,45.200373957290466,45.200373957290466,6104700
2008-03-04,44.974666595458984,45.689345909581995,44.17849044129005,45.55769496044977,7998400
2008-03-05,45.04362487792969,45.620382752535356,44.441789950129134,45.15019876678879,7258800
2008-03-06,44.35403060913086,45.03736249513286,44.2850698962184,44.91198198963368,5442600
2008-03-07,43.78355026245117,44.57973151692603,43.194255986159384,43.90893558514379,6961000
2008-03-10,43.081390380859375,44.078178095062235,42.81808850725393,43.88383691925232,7146000
2008-03-11,45.52009201049805,45.59532319105181,43.58293096214003,43.58293096214003,7690800
2008-03-12,47.175148010253906,48.04655567724165,46.234779611378414,46.26612713785867,14346200
2008-03-13,47.43842697143555,47.676656577862154,45.9714552775733,46.560749268879974,8559700
2008-03-14,46.88676452636719,48.146859401421096,46.065511065904275,47.958783826173445,8571100
2008-03-17,46.67988586425781,47.156340516581714,45.45740888200147,45.68309767610432,8913600
2008-03-18,48.190738677978516,48.190738677978516,46.786452018666466,47.469788749101724,9404400
2008-03-19,46.222232818603516,48.272233351224585,46.222232818603516,48.03400846694125,7377400
2008-03-20,46.278656005859375,46.56703502890633,45.6392076996179,46.46046110835946,9254000
2008-03-24,47.664119720458984,47.95876913269146,46.42910228601688,46.42910228601688,5374000
2008-03-25,48.04655075073242,48.23462632440738,47.21902683589156,47.88982270032347,5211600
2008-03-26,48.4979248046875,48.65465284379702,47.56382703082359,47.67040094950762,7498900
2008-03-27,48.29103469848633,48.89914015543641,48.09042303275676,48.698528489706845,7068200
2008-03-28,48.32865524291992,48.89914759400416,47.92116617267132,48.50419466222593,4421300
2008-03-31,49.08094787597656,49.29409568978279,48.272230709613595,48.272230709613595,6068700
2008-04-01,50.14042663574219,50.14669231235802,49.394399783962726,49.45709003083579,9342800
2008-04-02,49.218868255615234,50.14042976941874,48.955561549557416,50.05892813872674,8160000
2008-04-03,48.31613540649414,49.12485292506066,48.134330248091274,49.018278971743655,7971500
2008-04-04,48.792579650878906,49.25649335844673,48.178203565483116,48.18447402696612,4885200
2008-04-07,48.428958892822266,49.18125148671136,48.25342427311212,49.05587098204973,5320900
2008-04-08,48.64209747314453,48.848979571225506,47.93995912759758,48.178183954414045,4019000
2008-04-09,47.74563980102539,48.736157532285766,47.425913210645405,48.736157532285766,4582900
2008-04-10,47.46351623535156,48.22834979031415,47.331865263540614,47.65785746284011,6994500
2008-04-11,46.89302062988281,47.55127537578294,46.62971394856366,47.09363228334177,9044900
2008-04-14,47.356929779052734,47.65784483978634,46.83032124833094,46.88674581156765,4447000
2008-04-15,47.61398696899414,48.11551871898895,46.96200239014664,47.70175430779905,5458400
2008-04-16,49.538604736328125,49.632642532025926,47.971324084568096,48.11551600903285,7640200
2008-04-17,49.494510650634766,50.38250460054744,48.877327659994094,49.02847382843772,9966100
2008-04-18,53.70773696899414,53.81479861385361,51.01227435224399,51.031167018413434,20117900
2008-04-21,52.47969055175781,53.18504271637969,51.67357104656066,52.832366634068755,9813300
2008-04-22,51.648372650146484,52.485978239227805,51.232714630354444,52.36002388436088,5720100
2008-04-23,51.44682312011719,52.12698310301614,51.245293346508454,51.9569443085036,4773400
2008-04-24,51.52871322631836,51.95696476444967,50.70999549596857,51.440544215954624,5305700
2008-04-25,51.799503326416016,52.20256290712117,51.144530306557854,51.97584129236837,4084500
2008-04-28,52.29075622558594,52.649731481865764,51.83101842966076,52.019949993315095,4683900
2008-04-29,51.333473205566406,52.32852397099659,51.26419688074629,52.12069980138607,4509500
2008-04-30,51.56650161743164,52.467089252059296,51.42165457964488,51.86249965749717,6032000
2008-05-01,51.862491607666016,52.06402144123963,50.728888095633295,51.59168544334677,5369900
2008-05-02,52.145912170410156,52.674926344862904,51.71766054139291,52.454503772174256,4511400
2008-05-05,52.114410400390625,52.290748422093166,51.642074354465635,52.290748422093166,3944500
2008-05-06,52.416709899902344,52.580449610231845,51.50352395452196,51.50352395452196,4163100
2008-05-07,51.40903091430664,52.67489230639394,51.30826843398376,52.114387495961225,4932000
2008-05-08,51.90657043457031,52.10180589298917,51.3334719849626,51.705040623026434,3065500
2008-05-09,51.490901947021484,51.88766229383002,51.22009589305265,51.62315539595766,3818900
2008-05-12,52.788238525390625,53.04015186391955,51.4594003493767,51.78688913091848,5167200
2008-05-13,52.945701599121094,53.216507688427754,52.08289968555127,53.03387057658382,4592000
2008-05-14,52.114410400390625,52.96461432208546,51.74913603837779,52.29704758139704,6859800
2008-05-15,52.58673858642578,52.98979823431697,51.89398011691593,52.12070176946097,4633300
2008-05-16,52.71269226074219,52.88273590043455,52.013634641673455,52.756776759023545,5242000
2008-05-19,53.07796096801758,54.135993620081194,52.66860221007432,52.83864583184048,6906700
2008-05-20,52.80086135864258,52.93311965859045,52.11440205482244,52.851245015303675,5570300
2008-05-21,52.52375411987305,53.99743985181674,52.29703249882796,52.79456023362971,7220200
2008-05-22,51.78062438964844,52.72529643332769,51.604286376937715,52.68121193015001,5026900
2008-05-23,51.35866165161133,52.26554336298597,50.76036659527197,51.61686945951711,5674900
2008-05-27,51.610572814941406,51.786915605454816,50.91151522545351,51.28308867083029,4871400
2008-05-28,52.391502380371094,52.50486319465556,51.711337494664306,51.84989013488415,4773700
2008-05-29,52.13328170776367,52.84493746707188,52.0136217542838,52.397788631915105,4195900
2008-05-30,52.04512405395508,52.391505676295395,51.78691623036032,52.391505676295395,4921700
2008-06-02,51.849910736083984,52.34743868507605,51.50982815810771,51.919187083719045,5882900
2008-06-03,51.90657043457031,52.46078101995326,51.42794013518467,52.095506735014446,4960200
2008-06-04,51.931739807128906,52.681180722034206,51.64204112859897,51.86246351391005,5724100
2008-06-05,52.10179901123047,52.14588350153133,51.01227545829622,51.5601868133347,6968200
2008-06-06,50.376224517822266,51.80583131792075,50.37622451782227,51.56651125534201,9444800
2008-06-09,50.892642974853516,51.05008835448601,50.1683980724254,50.426605996499816,5828900
2008-06-10,50.445465087890625,51.03746085872464,50.27542630523004,50.57142419064705,5986000
2008-06-11,49.708648681640625,50.451790964516874,49.45043598787171,50.28804644663539,9400100
2008-06-12,50.697391510009766,51.50980991327388,50.09280207603758,50.09280207603758,8053500
2008-06-13,51.32719039916992,51.86250369389651,50.79187710444332,50.930429798223436,5732500
2008-06-16,50.95561599731445,51.33348388091964,50.728894306181175,51.25160922282378,4537700
2008-06-17,50.817047119140625,51.37755200885869,50.76666346942794,51.31457484914248,4516000
2008-06-18,50.19358444213867,50.85485694980433,50.048737385506286,50.596644224287694,5739200
2008-06-19,50.05502700805664,50.596634583174946,49.58269096539885,50.11170502684725,6049100
2008-06-20,49.80310821533203,50.155784218938464,49.450427406875406,49.7527245562882,9064400
2008-06-23,50.38249588012695,50.533642022409545,49.821990997848474,50.017221631832214,6140900
2008-06-24,48.26644515991211,50.18098115474409,48.22865981420939,50.092812144870635,13075000
2008-06-25,48.228660583496094,48.75767465117503,47.86338621970783,48.54355128230996,8075200
2008-06-26,46.78015899658203,47.7500228747076,46.534544648761006,47.34066402672238,14485800
2008-06-27,46.44636535644531,47.13912374316478,45.778798795314664,46.71717147546331,11011800
2008-06-30,46.49045944213867,46.767564775939874,45.69693358934003,46.452674098384115,6650600
2008-07-01,46.660491943359375,46.736067425433035,45.400929404563655,45.96143915478954,9203000
2008-07-02,44.34920120239258,46.72347956593537,44.29881754158231,46.61011873153743,11513100
2008-07-03,44.27993392944336,44.55703931574387,43.41083722447992,44.103595885379875,7280100
2008-07-07,44.59479904174805,45.18679482509173,44.08467787813827,44.538121047946326,11684900
2008-07-08,43.776092529296875,44.99157043671171,43.30375662959965,44.72705868119584,10497600
2008-07-09,43.09593200683594,44.57591701348851,43.032954841524074,44.28621820917415,7059100
2008-07-10,43.08964538574219,43.44862061779802,41.99382701496929,43.15262256937721,9874200
2008-07-11,43.96504211425781,44.46886920338707,42.19535775205964,42.51654764150083,11521800
2008-07-14,43.87686538696289,44.582222226870385,43.42342204736881,44.582222226870385,6405900
2008-07-15,42.220542907714844,43.61235913530646,41.47110155253071,43.43602112346325,11041700
2008-07-16,44.41848373413086,44.55073725857823,41.89935800023566,42.26463238481471,10684300
2008-07-17,45.508182525634766,45.710919601355016,44.3170979763493,44.3170979763493,9091200
2008-07-18,44.91265106201172,45.69825681532836,44.583205047277104,45.6602451149913,7693400
2008-07-21,46.39516067504883,46.654915296678745,44.69723579360695,45.223081930165066,10184800
2008-07-22,47.50387191772461,48.067734482673444,46.72459852068306,47.5989011325556,12434000
2008-07-23,45.881980895996094,47.041385910840376,45.40681538174518,46.85131777168659,9295800
2008-07-24,44.20939636230469,46.072046627595824,44.08901955822216,46.0213611486523,8108600
2008-07-25,44.652889251708984,45.033020695239735,44.22207232673851,44.32343845598439,4727300
2008-07-28,43.835601806640625,44.83661343024085,43.78491632772501,44.589527762568856,5740500
2008-07-29,44.975990295410156,45.172395292537274,43.981310859389936,44.09535075546505,5234700
2008-07-30,45.660240173339844,45.786949049839656,44.74158873463166,45.311783512514644,4820500
2008-07-31,44.044673919677734,45.38147330605291,43.94964468234168,45.38147330605291,7185500
2008-08-01,43.17036437988281,44.34877507572852,43.00563900475576,44.139701118871045,6723700
2008-08-04,42.72055435180664,43.55050869926855,42.56850271696931,43.208388895658814,7415700
2008-08-05,43.195716857910156,43.32242573896101,42.66352892350183,42.992979748048405,6008700
2008-08-06,44.671905517578125,45.337134490498556,42.67620893154747,42.94230052071564,7390800
2008-08-07,43.670867919921875,44.73523860188822,43.52514840480051,44.39311893622414,7077800
2008-08-08,44.91899490356445,45.577891868569786,43.32877246719231,43.791269171902755,6544300
2008-08-11,44.85562515258789,45.2167507393966,44.38045965238519,44.74791729898054,3746900
2008-08-12,45.49551773071289,45.666580042128395,44.627551719515964,44.84929468465262,5705300
2008-08-13,44.241065979003906,44.38044859772611,42.90426698472423,44.07000373470586,9399200
2008-08-14,44.53250503540039,45.21040752760409,43.24639136797369,43.670871328759624,5671200
2008-08-15,44.57052230834961,45.21041319279505,44.22207051341531,44.735247699457354,5060800
2008-08-18,43.8546142578125,45.01401938605151,43.518831368282235,44.62755100997184,5527400
2008-08-19,43.51884460449219,43.91164516063487,43.24007917731827,43.68356523542631,4299800
2008-08-20,43.588531494140625,43.91797755588129,43.018331739555805,43.645549052781604,6401900
2008-08-21,43.525150299072266,43.87360687194144,42.8345788792821,43.18303545215127,5100700
2008-08-22,44.51984786987305,44.735258793763876,43.77225378160703,43.85461891440406,4257500
2008-08-25,43.436466217041016,44.44381971863527,43.170374663274245,44.355122534046345,4549800
2008-08-26,43.512489318847656,43.740569147663855,43.03732381441948,43.49348347205188,3391400
2008-08-27,44.07002258300781,44.260090750488715,43.474485003260604,43.48715395873,3145100
2008-08-28,45.41314697265625,45.49550724540147,44.437473317283526,44.50716463792679,5520700
2008-08-29,44.81129455566406,45.59690047796781,44.640232200082416,45.19775820403421,4905300
2008-09-02,43.76593780517578,45.61591543786075,43.493509227965326,45.29913824732005,6906600
2008-09-03,42.91061782836914,43.784920675123026,42.568498062169674,43.689886601128656,8432000
2008-09-04,40.50944519042969,41.81456740681778,39.913905251962426,41.81456740681778,13684600
2008-09-05,40.59181213378906,40.82622889748162,39.863223931597794,40.414417754187916,9263500
2008-09-08,40.914920806884766,42.492469003181846,40.09129862659238,41.93494319158364,7218000
2008-09-09,38.88755416870117,41.18101950113232,38.88755416870117,41.11132815836272,10056300
2008-09-10,39.79987335205078,40.5411329986098,39.09662782630572,39.24868189274414,7916800
2008-09-11,41.060638427734375,41.060638427734375,38.779844703700654,39.54011008398423,9008200
2008-09-12,41.472450256347656,41.61183292988195,40.01527632902236,40.5347904907921,6967900
2008-09-15,40.04696273803711,41.085991299956326,39.92658830306956,40.10398271603597,7801200
2008-09-16,41.009952545166016,41.38374708500709,39.18531393171327,39.19798530173077,10035200
2008-09-17,40.008949279785156,41.46612106083983,39.78720385646313,40.21802091208691,9294000
2008-09-18,41.38373947143555,41.49777936379586,38.038575740376416,40.465085857118034,12983300
2008-09-19,42.12501525878906,47.199785495704695,41.789232323274994,44.91265456351736,15758600
2008-09-22,40.92759323120117,42.34675303882632,40.92759323120117,42.07432942052205,5921200
2008-09-23,40.25603485107422,41.64352010972872,39.920249478276496,40.96561730228704,6573900
2008-09-24,39.115623474121094,40.756528365801366,38.79884648666789,40.48409996324628,6657400
2008-09-25,39.2550048828125,40.053284268560205,38.48840513021379,39.521098817000635,7755400
2008-09-26,40.62982177734375,40.67417036999903,38.437725220776315,38.60245063648198,8264000
2008-09-29,37.94356155395508,40.15466682795513,36.815835824509016,39.62881566937318,12504600
2008-09-30,37.759830474853516,38.93824170854666,36.87285601859819,38.86855035778583,10165500
2008-10-01,36.080894470214844,37.398685302893576,34.775772588520695,37.19594825171223,15614000
2008-10-02,33.08418273925781,35.63740397511608,32.887780176185586,35.485349988089816,15011700
2008-10-03,32.44430160522461,35.25728307197484,32.29858446695499,34.021852218346716,11596500
2008-10-06,31.17085838317871,32.17187248175325,28.997767893159246,31.791741035067584,17852500
2008-10-07,29.986116409301758,33.42631291397957,29.82772788590629,32.11485613361048,13518900
2008-10-08,30.188854217529297,31.810751187493604,29.029449039640323,29.384240210228576,15858800
2008-10-09,28.383211135864258,31.20886064113542,28.041091487203783,30.784380734580292,11223300
2008-10-10,27.325185775756836,29.023110756151773,23.485847514090644,26.621940421295605,19740000
2008-10-13,31.348249435424805,31.360920804555743,28.42123083704157,28.509928004141585,10573100
2008-10-14,30.087488174438477,33.57837053874625,29.52995983595422,32.811770583841216,12060500
2008-10-15,26.647287368774414,29.333555505479797,26.596601878699843,29.010443965114565,12907900
2008-10-16,27.11444854736328,27.556011827200557,25.32900519723798,27.005659151063703,16082300
2008-10-17,25.162614822387695,27.46001542648213,24.964231170020582,26.487299598775888,18277600
2008-10-20,26.17373275756836,26.62169198424007,24.957837150673075,25.51458821896127,13386100
2008-10-21,24.84903907775879,26.46169661333731,24.650655460045268,25.853751463261574,14320400
2008-10-22,23.370763778686523,24.53546209226434,22.83321052309726,24.36907766512188,13842100
2008-10-23,22.628429412841797,23.626740895577182,21.66851302332324,23.5371490898131,17648000
2008-10-24,21.310144424438477,22.071679693892136,20.44622060715879,20.49101651228033,13391800
2008-10-27,20.977375030517578,22.33405881138661,20.702198764476766,20.99657502104659,12798100
2008-10-28,22.366058349609375,22.62843546864721,20.478221790096043,21.847702481717633,12818200
2008-10-29,23.127582550048828,24.599453693339534,22.07807447294056,22.7372162050088,16072900
2008-10-30,23.91472053527832,24.27948863258979,23.19798352105857,23.88912461566601,8689300
2008-10-31,24.44587516784668,25.079418720485144,23.101990540115178,23.8123291740142,9869200
2008-11-03,24.964221954345703,25.22020060863357,24.317879391999227,24.84263343621532,7617800
2008-11-04,27.03763771057129,27.15282784167508,25.488974189809415,25.847341316627457,11411400
2008-11-05,25.853748321533203,27.88877120389001,25.66176309621409,27.287222054784742,14047600
2008-11-06,24.061904907226562,25.98173782347955,23.89552046194324,25.482582046435784,13289300
2008-11-07,24.60586166381836,25.213809307240542,23.901921387836975,24.631460024660022,9256600
2008-11-10,23.94031524658203,26.160922663542607,23.56274802642438,25.75775708648085,13844100
2008-11-11,23.59475326538086,24.50987410474881,23.402770401716474,23.601154077513254,12705800
2008-11-12,22.449247360229492,23.49235481828217,22.43004737109418,23.389963827271053,10751000
2008-11-13,25.220212936401367,25.30340640588932,22.014092028781576,22.782023484627217,17357500
2008-11-14,23.65234375,25.207408792054302,23.492357654654448,24.644257052903612,11991200
2008-11-17,22.846010208129883,24.157895432097803,22.590031531709695,23.49235282636017,9379100
2008-11-18,23.15958023071289,23.22997448485868,22.225262263962343,22.609230257159357,12275800
2008-11-19,21.6749210357666,23.30677913578328,21.6301251129532,23.101997076866386,10596400
2008-11-20,21.015777587890625,22.756427418203835,20.625411050251746,21.354947393487564,19824100
2008-11-21,22.186866760253906,22.302056924622516,20.542210174894397,21.54052411902443,16836200
2008-11-24,23.25557518005371,23.639540770704567,22.142071061256324,23.35156779831327,16864600
2008-11-25,23.85072898864746,24.07470856069395,22.82041807484512,23.594750242427832,12915500
2008-11-26,25.16901397705078,25.181810716572798,22.8460151627471,23.037997991100784,11110900
2008-11-28,26.23133087158203,26.352919469734438,25.085829423596024,25.085829423596024,5429800
2008-12-01,23.4091739654541,24.90664194277125,23.27478374801718,24.90664194277125,13152700
2008-12-02,24.317880630493164,24.47146831912668,23.37716183544743,23.869919183271698,10440200
2008-12-03,25.373802185058594,25.636179350853883,23.6331522415222,23.927526146327704,14289200
2008-12-04,24.01072120666504,25.20741690129304,23.620354617849706,25.021832385102986,11379200
2008-12-05,24.484285354614258,24.733865860712708,23.47957228035626,23.709952783711433,14260300
2008-12-08,27.146438598632812,28.18315022022596,25.85375313876897,26.12892940905917,25502000
2008-12-09,27.120853424072266,28.25995405577702,26.404113698752564,26.909670529684774,15381700
2008-12-10,27.946361541748047,28.765491763090107,27.453606664822757,27.677586154334254,15423400
2008-12-11,27.005651473999023,28.727100859427395,26.685679305921298,27.52400482392084,12132100
2008-12-12,26.92885971069336,27.178437619298588,25.597774276540157,25.629771006147035,10389000
2008-12-15,27.012048721313477,27.5560028491693,26.557688847401078,27.24242906335182,8065200
2008-12-16,28.02954864501953,28.093544514149038,26.314498411433426,27.34480871308696,11652300
2008-12-17,28.573516845703125,29.245457940055292,27.524006037529492,27.741587219063852,9688000
2008-12-18,26.980043411254883,29.111058456003004,26.884050818877874,29.072660930813594,12694700
2008-12-19,27.319232940673828,27.62640604274947,26.820076954950263,27.338432937874988,13271200
2008-12-22,26.73688507080078,27.831192211099165,26.122538830026397,27.594410947329802,9148600
2008-12-23,26.320903778076172,27.050439724168406,26.01373087662645,26.92885121355077,6449900
2008-12-24,26.820064544677734,26.954452256927457,26.237715350401928,26.41050059809172,2110200
2008-12-26,27.33841896057129,27.460007488438325,26.81366487433355,26.864859144574673,2855200
2008-12-29,27.09524154663086,27.7095874839145,26.692075957266205,27.3320202522351,4973200
2008-12-30,27.93996810913086,27.997563193920392,26.884059035054065,27.242428722766007,5060400
2008-12-31,28.586315155029297,28.861491442120776,27.965570747501616,27.965570747501616,6277400
2009-01-02,30.019784927368164,30.064580829956945,28.61190707705238,28.739896416389016,7117200
2009-01-05,29.488632202148438,30.1541723666241,29.3158469617616,30.013386291681684,11098700
2009-01-06,29.30946159362793,29.949406180568257,29.05988359531238,29.943007808824593,10863400
2009-01-07,27.946361541748047,29.181454020924786,27.645589433145947,28.938276986938977,9026500
2009-01-08,28.170351028442383,28.227946118507113,27.21043448815959,27.472811578189127,9384200
2009-01-09,27.645587921142578,28.195940283777414,27.037640487041468,28.099947684269214,8872300
2009-01-12,26.35930824279785,27.581601916024304,26.00094095087434,27.517608454236274,9583700
2009-01-13,26.493703842163086,26.807275286789427,25.949749540832023,26.308119347313855,9281600
2009-01-14,25.181806564331055,25.815352478746007,24.477868829375517,25.59777132483714,17261700
2009-01-15,25.4793643951416,25.86100514441581,24.12098340553859,25.330589522377952,15448300
2009-01-16,25.582868576049805,26.255591894738924,24.6190652824282,26.255591894738924,12890100
2009-01-20,24.787233352661133,25.634605742814276,24.5802420381633,25.324118771067525,11889900
2009-01-21,25.582868576049805,25.68636428142257,24.399136600069536,25.401751708530522,10287000
2009-01-22,24.082170486450195,25.227092681160467,23.500008289711438,25.15593894802398,19268200
2009-01-23,23.066619873046875,24.08217192902755,22.646167316162266,23.280081085243157,22677400
2009-01-26,21.132535934448242,22.148090187331867,20.505094667609562,21.734105140743964,47390400
2009-01-27,20.906145095825195,21.61767751916382,20.763837624144905,21.50124704941707,20354500
2009-01-28,21.34600257873535,21.675894260147427,21.100199433889596,21.514182119399432,13466700
2009-01-29,20.60212516784668,21.1260721123793,20.459817706882195,21.093730180577708,14575000
2009-01-30,19.95527458190918,20.524500665144338,19.44426372309645,20.427473646086302,20956900
2009-02-02,19.593032836914062,19.92292433769143,19.146707227384322,19.47013133178688,16966700
2009-02-03,19.39899253845215,20.07171578467664,19.282559574008218,19.282559574008218,18880200
2009-02-04,19.793567657470703,20.421010363262596,19.534828460946514,19.690071978861027,17419200
2009-02-05,20.446880340576172,20.757367307173176,19.53482410509401,19.631851127934883,17793300
2009-02-06,21.527122497558594,21.895826034341333,20.834994632543154,20.944960187258808,17010100
2009-02-09,21.16488265991211,21.734107535058246,20.95789134758059,21.650019010851185,9063700
2009-02-10,20.00055694580078,21.546525798426252,19.800034243457645,21.255443461342924,17205600
2009-02-11,20.136394500732422,20.653874072821942,19.825907497738115,20.27870196909574,10544900
2009-02-12,20.065242767333984,20.11052196944746,19.424862836516823,19.890593358811376,13662000
2009-02-13,20.013490676879883,20.595654014428113,19.955274219748514,20.317508993415007,10182000
2009-02-17,18.74566650390625,19.72887637682207,18.44811682944683,19.59950620215641,22207000
2009-02-18,18.396371841430664,18.900912886098503,17.96298329340549,18.86210232122381,17863600
2009-02-19,17.47785186767578,18.74567470553033,17.374356176167897,18.72627003447633,17837600
2009-02-20,17.24498176574707,17.639559765102476,16.830999100040195,16.908620232977402,19735100
2009-02-23,16.24884033203125,17.633096193150998,16.210028520656405,17.633096193150998,16294800
2009-02-24,16.843935012817383,17.02505179762258,15.796039932272821,16.33292412136714,22352400
2009-02-25,16.19061279296875,16.850397096848948,15.757224398683867,16.84392969980209,17736700
2009-02-26,15.673134803771973,16.636938671354258,15.621386986511355,16.429947402311793,14299600
2009-02-27,15.918946266174316,16.31999175325194,15.200943843038464,15.362656011581427,16872900
2009-03-02,14.340631484985352,15.653734401596479,14.250073088586523,15.569643404569891,21017600
2009-03-03,14.534683227539062,15.065099956416017,14.043078291303503,14.651116137932407,22397200
2009-03-04,16.45583152770996,17.07033706194496,15.304440379764312,15.40146743951026,37251600
2009-03-05,15.194470405578613,15.977157695493142,14.993947725420984,15.977157695493142,21400000
2009-03-06,15.02629280090332,16.112998654912474,14.567030883473581,15.459681415686356,19993500
2009-03-09,15.47260856628418,16.080646202955666,14.696390254202917,14.799885864645086,19510700
2009-03-10,17.1479549407959,17.44550467694229,15.867195127898034,16.01596999597123,22468000
2009-03-11,17.018577575683594,17.5489929577313,16.59812644848225,17.445497333612977,15780700
2009-03-12,17.47785186767578,17.574878924243674,16.345866662263088,16.953903541430414,13783900
2009-03-13,17.322599411010742,17.859483496928608,16.830994512592586,17.749519227101317,10861300
2009-03-16,17.089731216430664,17.723642220241427,16.999172854104884,17.510182342069836,13215200
2009-03-17,17.35494613647461,17.367883403272238,16.604601934931463,17.14795480277521,14259900
2009-03-18,17.768932342529297,18.066483369303267,16.624011145774485,16.97330878251289,17978500
2009-03-19,18.37696075439453,18.661574361917168,17.96297822255453,18.092347146871898,17542700
2009-03-20,17.510196685791016,18.69392993146232,17.290267996757773,18.519280460683074,16531300
2009-03-23,19.16611671447754,19.17905397801783,17.807736120646016,18.20231278850211,14463000
2009-03-24,19.01734733581543,19.61891669144205,18.46105841555812,19.107906972788342,13690200
2009-03-25,18.700387954711914,20.045832635596486,17.9112333167103,19.496011225045358,20700600
2009-03-26,19.910003662109375,20.039372663356946,19.04969493043733,19.12731608443267,16161100
2009-03-27,19.631853103637695,19.884123635164975,19.243743739450274,19.534826071032256,11277500
2009-03-30,17.8077335357666,19.082024199147423,17.49724542469521,18.978528573378686,15827700
2009-03-31,18.08588409423828,18.402840955930532,17.749523800249534,18.215254292225552,13405900
2009-04-01,18.752140045166016,19.094970234144228,17.749525247210165,17.788335816263967,15308300
2009-04-02,20.401596069335938,20.68620843435207,19.405449090483796,19.59303569056578,21643000
2009-04-03,20.796175003051758,21.151941094578977,20.000550611588316,20.44040767775925,13674000
2009-04-06,20.252822875976562,20.699148613407473,19.554226659624675,20.518030618884612,11067500
2009-04-07,19.049686431884766,19.72887677828682,19.00440600619457,19.657723057396254,13156900
2009-04-08,19.127309799194336,19.631852069435357,18.68098399220288,19.25667999169683,12817200
2009-04-09,21.03551483154297,21.151947766226506,19.735349117186264,19.735349117186264,18171400
2009-04-13,21.449493408203125,21.708233762005644,20.362787870281977,20.860861447456745,12458400
2009-04-14,21.151947021484375,21.95403780158408,20.964360359151073,21.132539888032856,11034600
2009-04-15,21.358930587768555,21.475363476040144,20.744424225786354,21.087253025958052,11224800
2009-04-16,21.431001663208008,21.699626171240322,20.52685109343151,21.29341404918872,16226000
2009-04-17,21.15583038330078,21.43755888324306,20.448232523170027,21.41135099968533,14723000
2009-04-20,19.96994972229004,20.71685815163008,19.766843625118753,20.71685815163008,14373800
2009-04-21,20.566165924072266,20.76927327685214,18.672690036093186,18.98717714730882,29526100
2009-04-22,21.26066780090332,22.87896650917819,20.572725582197815,20.6775546584396,29665400
2009-04-23,21.26066780090332,21.450671282629777,20.61858814684595,21.44411805949586,16288600
2009-04-24,22.03377914428711,22.40067959434666,21.123076242429484,21.391700857361027,15805800
2009-04-27,21.87653350830078,22.341712275783607,21.417905463191303,21.44411335132825,9647500
2009-04-28,21.476865768432617,21.981356222638084,21.227898400893082,21.62100661229734,8480400
2009-04-29,22.073087692260742,22.37447340748669,21.621012868404488,21.732392644112725,11981200
2009-04-30,23.311382293701172,23.848631461296254,22.50550604298697,22.551368593928874,20103300
2009-05-01,24.412086486816406,24.706918962363314,23.357245295471103,23.50138367293277,14113400
2009-05-04,25.211414337158203,25.49969364635011,24.63485321945229,24.851064575837793,14399700
2009-05-05,25.820722579956055,25.93210481986148,25.06071155816494,25.126228758588606,13609800
2009-05-06,26.207290649414062,26.626606899913167,25.165550746126975,26.167978813684023,14755200
2009-05-07,24.84450912475586,26.83626371684702,24.379330338244337,26.561088378118022,16972200
2009-05-08,25.971410751342773,26.154860888047182,25.080362945657363,25.21795304750633,15556000
2009-05-11,25.17864990234375,25.60451929412437,24.942783931469656,25.38830798771594,9486400
2009-05-12,24.93623924255371,25.552109704916237,24.326919503490707,25.3817634065852,11919800
2009-05-13,23.638967514038086,24.261388408113632,23.442410916623746,24.222079088087533,13415600
2009-05-14,23.632413864135742,24.097592470993977,23.180339196821237,23.501376968019375,12056100
2009-05-15,23.416210174560547,24.208979943514098,23.029652622036853,23.625868253964438,14010000
2009-05-18,24.752777099609375,24.77898498149981,23.658624273556043,23.933799535442084,11012400
2009-05-19,24.680707931518555,25.224510261505763,24.595536060017018,25.086922623552844,10539200
2009-05-20,24.438291549682617,25.748655734644913,24.35311717785009,24.955886002579845,13806100
2009-05-21,23.28516960144043,24.248285471748954,23.1737873583418,24.084489966672958,14108000
2009-05-22,22.47930335998535,23.65207765997058,22.394128969710934,23.61931904811792,14292900
2009-05-26,22.93136978149414,23.48172275622284,22.295842447767168,22.525157645174687,13792600
2009-05-27,22.96413803100586,23.31793705614043,22.833101077327644,23.258970551951332,13517600
2009-05-28,22.662750244140625,22.800337893227294,21.909289786019627,22.793787171551433,15118800
2009-05-29,23.232757568359375,23.33758660845734,22.7937867439871,22.905166505638046,11076700
2009-06-01,24.602094650268555,24.720027663184336,23.815875397270723,23.828979343074934,14336900
2009-06-02,24.536577224731445,24.8641683692557,24.36622842995846,24.57588656250822,7734900
2009-06-03,24.018970489501953,24.379320066675735,23.73724204750844,24.24173245528006,9236400
2009-06-04,24.9100341796875,25.041071154458713,23.770015748297116,24.15002272520138,11317900
2009-06-05,25.204853057861328,25.394853943790448,24.464496676958923,25.237611658930415,15819100
2009-06-08,25.270370483398438,25.473477810735996,24.176217702227735,24.91657159035407,13725300
2009-06-09,25.05417251586914,25.48659273845563,24.83141043154749,25.224518815963513,10475400
2009-06-10,24.64795684814453,25.38831352959184,24.195881971502583,25.381762806447206,14923900
2009-06-11,24.64140510559082,25.086929240656904,24.405539092988544,24.759338111891957,10273800
2009-06-12,24.720022201538086,24.74623008735613,24.254843475214795,24.549675942363905,8567400
2009-06-15,23.665170669555664,24.300697942989583,23.50137518665585,24.248282188787694,10456700
2009-06-16,23.29828453063965,24.222091515018445,23.186902235006418,23.887947127440995,12501500
2009-06-17,22.800336837768555,23.108273228030924,22.11239612485943,23.06241068045841,15381900
2009-06-18,22.328615188598633,22.885519173922116,21.98136685132095,22.878965950948093,16245700
2009-06-19,22.046884536743164,22.669305698063063,21.915847581978227,22.57102985648088,14484700
2009-06-22,21.20169448852539,21.942051007870532,20.972379239518943,21.92239384409645,14197900
2009-06-23,21.621013641357422,21.719291975819612,21.057556522327516,21.27376785841559,10935700
2009-06-24,21.883085250854492,22.512059527696373,21.70618576686991,21.961706410629326,10348300
2009-06-25,22.59723663330078,22.793790806097455,21.738946996258296,22.223780455868624,11633400
2009-06-26,22.643104553222656,23.06242088765451,22.341718750942576,22.63000060535635,12586700
2009-06-29,22.761022567749023,23.127922868647318,22.374465108359143,22.839643703752824,6831400
2009-06-30,21.647214889526367,22.76102484134191,21.614456287862605,22.72826374035705,16878900
2009-07-01,21.74549102783203,22.374467686294224,21.719285645692008,21.935494419443746,11585100
2009-07-02,20.79547882080078,21.483420746378446,20.79547882080078,21.483420746378446,13560800
2009-07-06,20.769277572631836,20.854450714246624,20.284441613818274,20.684103181356093,10887100
2009-07-07,19.845468521118164,20.81513783240775,19.81270866283491,20.716860756879623,14612100
2009-07-08,20.03546905517578,20.120642180396064,19.66201544904097,19.97650256476916,15867800
2009-07-09,20.081329345703125,20.53340530477573,20.03546680268978,20.4089203668391,10181900
2009-07-10,20.002714157104492,20.081335325780024,19.675123038414245,19.9175397664349,10456100
2009-07-13,20.83479118347168,20.83479118347168,19.819259384305447,20.186161026308245,11100500
2009-07-14,20.91996192932129,20.93961658997956,20.454782049060718,20.638233463054544,10124900
2009-07-15,22.171369552612305,22.256543953038445,21.221354699724017,21.221354699724017,18065800
2009-07-16,22.655664443969727,22.728638100804474,21.985612658795137,22.290783506136044,10224700
2009-07-17,22.549516677856445,22.75517407039588,22.416832938027614,22.542881098962493,8814500
2009-07-20,24.314199447631836,24.38054004089272,23.385415957590975,23.431854879019877,21979800
2009-07-21,26.178396224975586,27.498595252749247,25.236346666742886,27.074009393786262,62789300
2009-07-22,25.64766502380371,26.13195844855034,25.27615111558523,25.52161688226082,16656500
2009-07-23,27.372543334960938,27.531764290160716,25.607856857591933,25.714003317481374,19367900
2009-07-24,27.86347198486328,27.916546479585428,26.70249398549398,27.153617067707405,17007900
2009-07-27,28.43401336669922,28.52025816501546,27.5649373977746,27.763961714039283,14323100
2009-07-28,28.46055030822754,28.91167343658899,27.79713424072323,28.089036399361802,16693600
2009-07-29,27.75069236755371,28.228350164467116,27.39908016826813,28.221717118019246,12387200
2009-07-30,28.79889678955078,29.10406763045337,28.268164342169776,28.29470159722181,14918100
2009-07-31,29.230112075805664,29.50211255509262,28.526890151700442,28.699377211188914,11731800
2009-08-03,29.933330535888672,30.178796288876537,29.415866842825867,29.64142839403579,12258800
2009-08-04,31.770986557006836,31.81079242145717,30.08590958957118,30.1522526969884,25328500
2009-08-05,30.941713333129883,31.89703373030142,30.802396618785867,31.684738340361797,15593200
2009-08-06,31.27342414855957,31.71127852771419,30.88864425450527,31.260155527284493,12246500
2009-08-07,31.69802474975586,31.989929493037092,31.459194516428276,31.810806818041407,15352200
2009-08-10,31.28006935119629,31.976655732766826,30.90855543335063,31.571971516890475,11555300
2009-08-11,30.70287322998047,31.047849646474926,29.873603728040806,31.02794798826187,13091100
2009-08-12,31.565332412719727,31.87713619125611,30.25176659231832,30.450793403775585,11464600
2009-08-13,31.293331146240234,31.88377350528067,30.941721480108015,31.857236258209625,9605800
2009-08-14,30.51713752746582,31.346407568973042,30.145623637807304,31.293333071565545,9107200
2009-08-17,29.15715217590332,29.687884805952557,28.712661858358278,29.687884805952557,11384300
2009-08-18,29.92668914794922,30.039468626754623,29.230103017425332,29.322980830731105,8892000
2009-08-19,29.966495513916016,30.351277957416592,28.924932735103575,29.190300112050927,9045000
2009-08-20,30.185434341430664,30.27831219602568,29.62816468312883,29.807287344447104,6887900
2009-08-21,31.379579544067383,31.399483747026228,30.265040346167876,30.537040833111714,12327500
2009-08-24,31.552043914794922,32.460922493724595,31.406091686525397,31.77760529906171,9772600
2009-08-25,31.731184005737305,32.06289195881055,31.419377720014587,31.704646762116045,9574900
2009-08-26,31.34640884399414,31.684749921169388,31.014700813898962,31.65157962430616,7900100
2009-08-27,31.233610153198242,31.41936572617618,30.46404556633563,31.180535686216043,8307200
2009-08-28,30.988162994384766,31.84397030367147,30.689625266641567,31.565336778265408,7568400
2009-08-31,30.059371948242188,30.45078738630513,29.787371561163233,30.364542620432132,10475100
2009-09-01,29.084163665771484,30.85548354402499,29.017823064093964,29.787385684919187,13899800
2009-09-02,28.865238189697266,29.21685050196957,28.65294520491082,29.08416675379504,8886000
2009-09-03,29.880250930786133,29.933322883586666,28.94483466975938,29.395957656851923,8784300
2009-09-04,30.590112686157227,30.729429441155624,29.747574048113044,29.873622179197607,7398500
2009-09-08,31.160654067993164,31.35967838572269,30.755969854528605,31.114215144880657,7448100
2009-09-09,32.115970611572266,32.341532167921386,30.848846067863473,31.2070913392529,12361900
2009-09-10,32.301719665527344,32.341525531090255,31.598500422365227,31.930208376530256,8196200
2009-09-11,32.1955680847168,32.58035046490816,31.717910427824993,32.32161870685625,9760200
2009-09-14,32.35479736328125,32.57372331877259,31.678112765954282,31.857235382664165,6909200
2009-09-15,34.298606872558594,34.57724037103576,32.275188627881654,32.580359373089344,20593500
2009-09-16,34.90896224975586,35.121255246587964,34.4578389988046,34.70330483261159,12789100
2009-09-17,35.75148391723633,36.1362663698207,34.83596922895879,34.889043717893564,15284900
2009-09-18,35.439674377441406,36.149531682943994,35.121235065175284,35.89743294504264,12397800
2009-09-21,34.802818298339844,35.4463329156188,34.37823227360284,34.94877069336781,10109400
2009-09-22,36.05002212524414,36.109729660815695,35.06816684196936,35.15441162240182,11179500
2009-09-23,35.253929138183594,36.295492153313866,35.2340274661529,36.10973646574356,9615400
2009-09-24,34.39812469482422,35.69178663064997,33.900562606485984,35.34680994571433,11799300
2009-09-25,33.9669075012207,34.97530035632479,33.86739406609086,34.610419448003206,10786700
2009-09-28,34.6170539855957,34.76300634453468,34.0000767801031,34.33178484625045,6040400
2009-09-29,34.232261657714844,35.08806883184046,34.15928802977498,34.650214410546354,7536500
2009-09-30,34.05314636230469,34.80944023886461,33.416265044020925,34.63031760535337,10647200
2009-10-01,32.80592346191406,33.893925355226756,32.70641004429564,33.714802721952395,12845600
2009-10-02,32.39459991455078,32.80591706779083,31.512255544552506,32.295086516328276,10681200
2009-10-05,33.668373107910156,33.7015434127075,32.54056502967612,32.64007847480019,8668000
2009-10-06,34.298606872558594,34.756362990370135,33.628555311633946,34.09958258354189,9776300
2009-10-07,34.43129348754883,34.55070857720475,34.0000720492656,34.0000720492656,7437300
2009-10-08,35.220741271972656,35.33352073153045,34.33839713469271,34.8492275514237,11193400
2009-10-09,35.585628509521484,35.625434374627574,34.703286677548434,34.8359678331071,8049900
2009-10-12,35.1942253112793,35.82447114309113,35.03500685674198,35.817838095290284,6686100
2009-10-13,34.988563537597656,35.28709873506098,34.55070904648922,35.09471000420785,6511700
2009-10-14,36.16282272338867,36.16282272338867,35.194235497304724,35.506041979554226,9191300
2009-10-15,36.335304260253906,36.34857288746065,35.499398461352015,35.82447350108761,7367400
2009-10-16,36.20262145996094,36.32203657719383,35.572375570283334,35.89745061846885,8837900
2009-10-19,38.37861633300781,38.6108134620059,36.39500382001082,36.41490549108188,18786400
2009-10-20,39.546241760253906,40.65414564638177,38.72360452392325,40.581169456376784,33896900
2009-10-21,38.743492126464844,39.8845658287934,38.63071010004964,39.17471097145454,17064300
2009-10-22,39.2513542175293,39.3582696159983,37.620891204546744,38.62322402109274,11376500
2009-10-23,38.48957824707031,39.81934087457388,38.37598175403535,39.164483755437935,8775700
2009-10-26,38.13541030883789,39.478537286175886,37.97503853632979,38.75017556762124,9793200
2009-10-27,37.881492614746094,38.48957434581392,37.6810265861972,38.02182112888779,10948800
2009-10-28,36.37131118774414,38.12873515864614,36.36462754256059,37.567428769224314,12086300
2009-10-29,38.25569534301758,38.31583540272461,36.76556114034751,36.95266241540773,9873200
2009-10-30,36.79228210449219,38.69003154482368,36.51162770781213,38.148771132766996,12047400
2009-11-02,37.07962417602539,37.90153658156249,36.25770922142474,37.21995012473729,9967300
2009-11-03,37.72780227661133,37.90822246878777,36.511638802589864,36.73883431691606,7770500
2009-11-04,37.56742477416992,38.64326211857533,37.48723633487736,38.04186156919855,8643700
2009-11-05,38.750179290771484,38.817000444226196,37.81466784802383,37.914902127269514,6843500
2009-11-06,38.48957824707031,38.890512893870195,37.781264704466174,38.34257117073472,6160600
2009-11-09,40.09330368041992,40.153443737903096,38.91723456071559,39.01078519478639,12250500
2009-11-10,40.06657409667969,40.31381797073343,39.47185716813018,39.979707107587544,8872900
2009-11-11,40.133392333984375,40.641239655227125,39.739141467192844,40.60114543944615,7496100
2009-11-12,39.13774871826172,40.17349194806634,38.87714263678883,39.97970957278122,7588100
2009-11-13,39.27806854248047,39.59213353984704,38.89050130338394,39.324843854973786,6442100
2009-11-16,40.360591888427734,40.69470273999067,39.59213591020759,39.75919133598906,8333600
2009-11-17,40.01312255859375,40.20690494553712,39.45849723465513,40.126719042351446,7096000
2009-11-18,39.699058532714844,40.18686015921759,39.42508768634854,40.06658002675785,6626100
2009-11-19,39.16447448730469,39.25134402258025,38.489569138651014,39.23797928260989,8235500
2009-11-20,38.72346115112305,38.91724612158667,38.11537929996065,38.82369291066108,8698100
2009-11-23,38.85041809082031,39.97971465278123,38.730137953462766,39.398359805865084,9476000
2009-11-24,38.75686264038086,39.00410398141785,38.24901521702599,38.83036744289385,6625800
2009-11-25,39.45180892944336,39.652274925309875,38.38933634738102,38.77022250424643,6236500
2009-11-27,38.38934326171875,38.97737916469384,37.92158748774002,38.11537242324125,5189600
2009-11-30,39.0174560546875,39.09764192727467,38.295778103277115,38.636569973569785,9718500
2009-12-01,39.87946701049805,40.26035313498697,39.45848667061857,39.58545041149036,9823800
2009-12-02,39.384986877441406,40.14676177207214,39.12438081701722,39.9930685347857,7872000
2009-12-03,38.890506744384766,40.093305396466,38.75686188325047,39.50526953691333,7593300
2009-12-04,38.95732879638672,39.83938133146991,38.2623775417564,39.511954090677385,10448100
2009-12-07,38.462833404541016,39.037501797357265,38.295778016741856,39.037501797357265,6834500
2009-12-08,37.674354553222656,38.215612705609665,37.58748498529636,38.18220211765785,6480000
2009-12-09,37.54069519042969,37.814665984595074,37.01948308178907,37.66097529997191,8552300
2009-12-10,38.04854965209961,38.269064077055674,37.76121406452507,38.02850381312686,6303900
2009-12-11,38.429420471191406,38.52297363001841,37.8480684326126,38.249002894682384,5364700
2009-12-14,38.95732879638672,39.057563081808624,38.58980733161268,38.75686277460668,4585300
2009-12-15,38.890506744384766,39.050878538494956,38.62321702211617,38.903871485404565,4950100
2009-12-16,38.910560607910156,39.3248574687309,38.75686987807446,39.04420549661291,6738800
2009-12-17,38.44279479980469,38.750178728803974,38.095319198939436,38.71008450787444,5700400
2009-12-18,38.21560287475586,38.82368459568369,37.90154036992311,38.803638757882226,7236400
2009-12-21,38.48957824707031,38.71009268516986,38.289112198202425,38.46285130986828,5339700
2009-12-22,38.6833610534668,38.74350111969812,38.3024748170231,38.46284917666127,4280000
2009-12-23,38.970680236816406,39.13773562279352,38.68334476901074,38.790260114073575,4047700
2009-12-24,38.97737503051758,39.17784104122757,38.88382184639353,38.9907372220431,1507800
2009-12-28,39.097652435302734,39.211251455306865,38.87045694435808,39.09097133956772,3789800
2009-12-29,38.877140045166016,39.251345127681,38.84372946883122,39.13774610926641,2879300
2009-12-30,38.790260314941406,38.9038593035068,38.58979436054337,38.74348501055063,3479800
2009-12-31,38.08195495605469,38.73012825724907,38.08195495605469,38.48956804275902,3859700
2010-01-04,39.1243896484375,39.55205123377734,38.429438297728204,38.5229914999524,7325600
2010-01-05,39.59213638305664,39.71909759050399,38.91054993184045,39.124380675469425,5697200
2010-01-06,39.71241760253906,40.046528467410454,39.45849263149899,39.54536217010337,4718800
2010-01-07,39.87278747558594,40.026480709222696,39.191203587152636,39.625546161190975,5432900
2010-01-08,40.320499420166016,40.340545256430296,39.59213763015505,39.59213763015505,6651300
2010-01-11,42.853057861328125,43.04684277548964,40.661291394866865,40.72811509754167,21958800
2010-01-12,41.590118408203125,42.20488112912065,40.8818025110446,42.10464685767985,13561900
2010-01-13,41.65026092529297,41.950958659277866,41.01544978309368,41.49656768690765,8398700
2010-01-14,41.416378021240234,41.99104905447484,41.262687345920355,41.49656390639336,6224100
2010-01-15,40.44757843017578,41.49038809121304,40.37357213620358,41.34237806972354,9397000
2010-01-19,40.99252700805664,41.17417809949976,39.92953230252754,40.205372278469774,8056500
2010-01-20,40.20537185668945,40.656136241790904,39.90262260724823,40.48121182973795,6953500
2010-01-21,38.24759292602539,40.2995767127949,38.14667733145906,40.03046332770713,13874900
2010-01-22,36.49835968017578,38.71180920576149,36.34362039872293,38.06594023105693,14757600
2010-01-25,37.09712600708008,37.80354520250513,36.88856564037107,37.110581928553984,9777300
2010-01-26,37.57479476928711,38.30812571200789,36.73381903527035,36.996205620105165,15218300
2010-01-27,35.953399658203125,36.22251296459134,34.33199827502812,35.63046523041008,34041000
2010-01-28,34.890403747558594,36.21578240480056,34.44636863613325,36.20905316131209,15623100
2010-01-29,35.14606475830078,36.18214508169938,34.98459626169903,35.50936438435902,13962000
2010-02-01,35.61701965332031,35.99377787840137,35.32099698347798,35.53628666453703,7159100
2010-02-02,36.02741622924805,36.14179031536849,35.401729794789475,35.98032177215593,7665400
2010-02-03,35.919776916503906,36.33017373413353,35.72466981198231,35.79194945136346,6340800
2010-02-04,34.5809440612793,35.563203694953586,34.56748813344674,35.52283591145592,11640200
2010-02-05,34.81639099121094,34.97113019875296,34.10324273490716,34.45308890404936,15988800
2010-02-08,34.16380310058594,35.08551450678181,33.975425325984595,34.742394912809715,8668700
2010-02-09,36.013954162597656,36.49835714318292,35.35462930927605,35.45554745238297,15494200
2010-02-10,35.75831604003906,36.36381748251927,35.287368762694776,36.09470658579124,8581500
2010-02-11,37.77663040161133,37.85736335219388,35.43535173662933,35.724647589875545,16405500
2010-02-12,37.81026840209961,38.045740574113715,36.740547197249164,37.063481561634596,13447700
2010-02-16,38.42924118041992,38.50997672973625,37.80355478872228,38.1937689110521,7364200
2010-02-17,38.68489074707031,39.25675332283642,38.49651296991531,39.05491962353395,8450800
2010-02-18,38.893463134765625,39.054929106832795,38.247591547130895,38.44942786189788,6844000
2010-02-19,39.189476013183594,39.344215267149494,38.55706307526364,38.74544085114305,8005800
2010-02-22,39.041465759277344,39.673881301269255,39.02128315821968,39.51241279344338,6994800
2010-02-23,38.11975860595703,39.27694236013505,37.82373598890322,38.94727865116981,10311000
2010-02-24,38.321590423583984,38.6579807943664,37.98520005280157,38.126483392581015,5810100
2010-02-25,38.20722579956055,38.361965089969964,36.4714499423104,37.22496635620233,9965600
2010-02-26,38.38214874267578,38.5099787525803,37.74300639251935,38.30814243514272,6108500
2010-03-01,38.92036819458008,39.28367044198007,38.516700741772354,38.57052443758942,8398500
2010-03-02,39.122188568115234,39.5729502881146,39.03472638122953,39.209648188546915,6583600
2010-03-03,39.4047737121582,40.31975606794667,39.28367295527707,39.324040729722526,8833800
2010-03-04,39.32402801513672,39.69405684531915,38.89344882609139,39.55277353012385,6195600
2010-03-05,39.84880828857422,40.084283119157995,39.6267919490323,39.96990904339897,6626900
2010-03-08,39.63351821899414,40.02373232861386,39.40477263629244,40.01027640416609,4755100
2010-03-09,39.81517028808594,40.17847255737578,39.29040205452633,39.33076726236616,7692500
2010-03-10,39.54603958129883,40.03044239456561,39.3105674173242,39.76805839286414,6529900
2010-03-11,39.62679672241211,39.68061786078676,38.967469170520175,39.55279041149839,6166500
2010-03-12,40.609039306640625,40.69650150729692,39.929529431968085,40.050630150890825,9688800
2010-03-15,40.010292053222656,40.53506047966017,39.27696056595313,40.39377706738179,7906700
2010-03-16,39.9968147277832,40.15155398699674,39.58641807373849,40.13137138645513,7281000
2010-03-17,40.514854431152344,40.70323220521678,40.02372482987388,40.131369638832794,7925400
2010-03-18,40.21210861206055,40.62923198829223,39.92281266354928,40.10446378701834,7204200
2010-03-19,39.94300079345703,40.57541647374058,39.66043405104088,39.94300079345703,9425500
2010-03-22,40.33320999145508,40.54849964490451,39.46532213235603,39.49223398065099,7512500
2010-03-23,41.98824691772461,42.05552396680421,40.37357207526508,40.434122446018684,14315300
2010-03-24,41.75276565551758,42.075700040923095,41.32218390852253,41.68548605452412,11447400
2010-03-25,41.80659484863281,42.86286040702816,41.74604447926503,42.16989706483952,11361900
2010-03-26,42.008426666259766,42.50628552158466,41.70567739950711,41.98151738832835,7887300
2010-03-29,42.708126068115234,42.78885904776127,42.22372305732872,42.22372305732872,6986500
2010-03-30,42.492828369140625,42.809036115386256,42.257356153716,42.64084094252448,6183200
2010-03-31,42.284263610839844,42.72157206803939,42.1362536102814,42.223713248557665,6660800
2010-04-01,43.05122375488281,43.192504472329794,42.58027690875957,42.58027690875957,7829300
2010-04-05,43.72401428222656,43.73074352613746,43.192516937267484,43.30016430820515,6695600
2010-04-06,43.92586135864258,44.04696211432942,43.44145833589523,43.602924299174205,6389000
2010-04-07,43.37417221069336,43.9863999737874,43.05796446290341,43.898940331319494,6973000
2010-04-08,43.380897521972656,43.49526899781016,42.75520876082456,43.09160164414852,5418000
2010-04-09,43.91240310668945,44.0805983164534,43.609653782278535,43.663477481301506,6022900
2010-04-12,44.89467239379883,45.07632098106257,44.24207408967291,44.35644561250234,11837000
2010-04-13,44.5313606262207,45.24450659696512,44.511178024469054,44.87447512181854,7001400
2010-04-14,45.26469039916992,45.32524333894068,44.53808591938105,44.652462553856914,5497400
2010-04-15,45.897098541259766,46.2267596353087,45.18395266717984,45.18395266717984,7129500
2010-04-16,44.995574951171875,45.90383307482442,44.63227272829282,45.782732333864736,10385300
2010-04-19,45.06957244873047,45.547246074593936,44.24877926829425,44.80718841667742,7969400
2010-04-20,45.41268539428711,45.95091186693818,45.34540836843274,45.55396868845371,7695400
2010-04-21,45.58089828491211,45.69526978671753,44.87447640593026,45.57416903983236,6357500
2010-04-22,45.7027473449707,45.79752377114591,44.66020149211555,45.13408362299159,8718700
2010-04-23,46.56251907348633,46.677604027316775,45.350728534811765,45.49289321276631,9044500
2010-04-26,48.50544357299805,49.304277306423046,47.828466007889716,47.98416795550443,20131900
2010-04-27,46.39327621459961,48.45806005461216,46.224031806891354,48.23465619685419,14323100
2010-04-28,46.691139221191406,47.57120687637734,46.44065568563799,47.00254825286598,8232800
2010-04-29,47.89614486694336,47.902916086248986,47.1311623630712,47.36133217019261,7916800
2010-04-30,46.095394134521484,48.30911338650471,45.912612487488,48.05862985952788,9428100
2010-05-03,47.347816467285156,47.49675237029941,46.09540373644491,46.284961808872644,7885900
2010-05-04,45.154388427734375,46.413566746750035,44.8497506777808,46.413566746750035,12558100
2010-05-05,44.65342330932617,45.65535201329331,43.38070780989547,44.58572661046028,11419500
2010-05-06,42.988067626953125,45.31687168345794,39.806273128622855,44.57896358488627,19363500
2010-05-07,42.04029083251953,43.63118651264099,41.051904558210346,42.683419807502254,15724700
2010-05-10,45.147640228271484,45.35750164279654,44.13217377358201,44.59928483058712,11852100
2010-05-11,44.7278938293457,45.343945704192805,44.00352826299806,44.12538439401577,7481300
2010-05-12,46.136024475097656,46.23757214808814,45.08670712907794,45.127329297231654,7791600
2010-05-13,45.29655838012695,46.30525321690098,45.134080092312814,46.13600887412351,6531000
2010-05-14,43.922298431396484,44.80914247038059,43.26563201111507,44.65343537249029,9938400
2010-05-17,43.1776237487793,44.50449901746906,41.96583599697183,44.010308339119135,11881200
2010-05-18,42.77820587158203,44.36233327215817,42.548033425943984,43.94261054168145,9594300
2010-05-19,41.593502044677734,42.764672961110946,40.131230559033796,42.60896842588782,18582700
2010-05-20,39.718265533447266,40.896207426252175,39.26469188402488,39.989057544943385,22798500
2010-05-21,40.679588317871094,40.957149059438116,38.7231232635981,38.79081999765255,15889900
2010-05-24,40.090599060058594,41.37008582453474,40.00259128242003,40.659260131210615,11176700
2010-05-25,40.08382797241211,40.18537560713427,37.73471834164485,38.14767235277135,13793600
2010-05-26,40.435874938964844,41.56642896333989,40.11092597513799,40.368178206591885,11566900
2010-05-27,42.01322937011719,42.05384637197132,41.173776038116834,41.53934454959108,9555100
2010-05-28,41.13315200805664,42.25693456143362,40.65249859999285,42.25693456143362,7704900
2010-06-01,40.12445831298828,41.72889432800068,40.09060995314987,40.64573131838563,8340800
2010-06-02,41.20084762573242,41.22792734326452,40.13122202539041,40.55094989974599,9453500
2010-06-03,41.37009048461914,42.216312258294174,40.902974412773624,42.16892404556548,8982700
2010-06-04,39.102230072021484,40.75405728138261,38.83144054665068,40.27340374331586,10279600
2010-06-07,37.795650482177734,39.454243090115945,37.775339403564615,39.271458877381285,8904600
2010-06-08,38.323699951171875,38.709576952429295,37.15929772564315,37.917511867109454,11604900
2010-06-09,38.45909118652344,39.84012326933471,38.3101553160141,38.919436074948564,9749300
2010-06-10,40.58481216430664,40.61866053158999,39.264705180536986,39.47456918963756,9704700
2010-06-11,40.77435302734375,40.78112424827665,39.9349024041533,40.090606913576295,7341400
2010-06-14,41.295623779296875,42.3517095138315,41.21438720970621,41.57995306409621,9783000
2010-06-15,42.96098327636719,43.02868256283905,41.634108251083305,41.83720094557145,11870300
2010-06-16,43.5905876159668,43.67859284532951,42.46680489385138,42.588661069469346,10561900
2010-06-17,43.969688415527344,43.99676813646212,43.103158005329036,43.75305581297776,10574600
2010-06-18,44.5789680480957,44.61281898960324,43.71243766075937,44.09154341398689,11005600
2010-06-21,44.7278938293457,46.27140137895172,44.37586787580975,45.73658864642554,11652400
2010-06-22,43.40102005004883,45.005458292816044,43.24531556324386,44.88360215836629,8659600
2010-06-23,43.54995346069336,43.915521843571824,42.40586010492151,43.36716668679052,9037100
2010-06-24,42.900062561035156,43.63119690297082,42.68342997213095,43.19793430762657,8658200
2010-06-25,43.807212829589844,43.807212829589844,42.595422500721135,43.015150404580226,12068800
2010-06-28,43.59735870361328,44.20663957982218,43.33333785141096,43.631204484834804,6836700
2010-06-29,41.194061279296875,42.554786887311636,40.78787599531629,42.47355034700813,13057100
2010-06-30,40.6660270690918,41.931973923920076,40.557710802087186,41.30915603425945,9630300
2010-07-01,40.59834671020508,41.09254003871497,39.305319622606724,40.39525136817633,11598200
2010-07-02,40.063541412353516,41.06546812145939,39.68443296196276,40.82175573066998,7878200
2010-07-06,40.490028381347656,41.735667182373284,40.083840300001484,41.02483868563359,9357300
2010-07-07,42.09444046020508,42.15536850854741,40.3952263244704,40.517082421155074,7592900
2010-07-08,42.76465606689453,42.88651219109753,42.094449966241555,42.70373058725656,6058800
2010-07-09,43.81398391723633,43.90198913143768,42.64958180969424,42.730818385289396,6456900
2010-07-12,43.516117095947266,44.07123849321314,43.238556397314326,43.66505298678695,4915400
2010-07-13,45.215328216552734,45.60120518812829,44.213399235746344,44.59927620732189,10081500
2010-07-14,45.154388427734375,45.296558220301975,44.35555492604624,44.917447381667436,6851200
2010-07-15,45.02577209472656,45.07992636592133,44.24724698647664,44.93776171979487,8101700
2010-07-16,43.57419967651367,44.83494992465811,43.444718314669814,44.81450618322538,8504100
2010-07-19,44.16028594970703,44.45332507842215,43.31524233673879,43.86043050655915,6826400
2010-07-20,45.2711067199707,45.50280942095423,43.3152429937224,43.3152429937224,9468600
2010-07-21,45.57096481323242,46.37511839747192,45.107554185038055,45.65273979511532,11432400
2010-07-22,46.34105682373047,46.76358009593969,45.29156755997974,45.938982502848376,15905800
2010-07-23,47.233787536621094,47.45867913846477,45.88444832420899,46.000299682979986,8865900
2010-07-26,47.69718933105469,47.7585257562465,47.07703996132057,47.30193152148389,8878400
2010-07-27,47.14518356323242,47.82666930123849,46.40236140515756,47.82666930123849,11948000
2010-07-28,47.51319885253906,47.601790149782154,46.81808030722434,46.81808030722434,7609900
2010-07-29,47.29512405395508,47.901646108939055,46.484154142523145,47.59497432426712,7671300
2010-07-30,47.53363800048828,47.874380925222965,46.60681682926399,46.60681682926399,7218100
2010-08-02,48.41957473754883,48.86253640817464,47.75171627525533,48.208310575351796,6304100
2010-08-03,47.956153869628906,48.405931758826945,47.622222110214835,48.09244893924683,5878900
2010-08-04,48.46727752685547,48.70579654434831,47.89482668554802,47.89482668554802,6204800
2010-08-05,49.03974151611328,49.237373118640164,48.25603142314851,48.26284774029124,7415000
2010-08-06,48.767120361328125,49.019271969659485,47.90845202893798,48.39230630493289,5463400
2010-08-09,49.11469268798828,49.1896565591661,48.67172577629897,49.10787637261069,3625400
2010-08-10,48.67171859741211,49.060165327436785,48.09927297393341,48.303715611179605,6082400
2010-08-11,46.82487869262695,47.81303601115815,46.57954344108286,47.710812123127624,9221200
2010-08-12,46.00028991699219,46.34103280526621,45.50961932598579,46.00028991699219,7639900
2010-08-13,46.34787368774414,46.65454037002452,45.80268269777168,46.16386951891462,6659300
2010-08-16,46.67496109008789,47.008892876344525,45.700436185945634,46.082071770335496,5432500
2010-08-17,47.526824951171875,48.221943477005425,47.2269746923469,47.32238230188095,5946900
2010-08-18,47.53363800048828,48.00386490040596,47.06341110057061,47.58134180197816,4988000
2010-08-19,47.220157623291016,48.04475492070616,46.627263031236055,47.61542068466099,9625400
2010-08-20,46.92711639404297,47.39052698344357,45.97303515712122,47.29511937968384,8022000
2010-08-23,45.550514221191406,47.53364064933411,45.46873924226574,46.818078387786294,8878600
2010-08-24,44.3238410949707,44.869026665056836,43.82635412793416,44.69865519953157,9669800
2010-08-25,44.092132568359375,44.282952974454425,43.16531399285769,43.81272607253797,8679500
2010-08-26,43.581024169921875,44.85540208510444,43.458356498977835,44.18073249457466,7075100
2010-08-27,44.9099235534668,45.08029503492962,43.17894867788545,44.13303001394229,7486300
2010-08-30,43.93538284301758,45.08709531180801,43.928566530372734,45.07346268651832,5133900
2010-08-31,44.40563201904297,44.875853842174294,43.560585601971404,43.71051335981719,6760700
2010-09-01,46.450077056884766,46.70903980269344,45.21658415872997,45.693627363313496,9071200
2010-09-02,46.70904541015625,46.87941688953412,46.170670911403185,46.57956142204509,5293400
2010-09-03,47.75853729248047,48.10609138833226,47.390534250409225,47.66994079017196,7837700
2010-09-07,47.49956130981445,47.73808551498903,46.88622820886377,47.55408142524432,6841700
2010-09-08,48.20832061767578,48.7126240266467,47.66994602658034,47.69039497504604,6323200
2010-09-09,48.14015197753906,48.951121667203786,47.71081783559374,48.767117606853255,5355900
2010-09-10,48.56269836425781,48.76714106381085,47.95617618339619,48.33780671535603,5018300
2010-09-13,49.23053741455078,49.39409776560717,48.869350738119174,49.03972220430952,7694600
2010-09-14,48.95111846923828,49.31912136657425,48.77393073363432,49.25778495068999,6040400
2010-09-15,49.155555725097656,49.25096329561461,48.249183805186554,48.64444151190425,5506100
2010-09-16,49.06697463989258,49.305493615638426,48.57630406160186,49.01245453134389,6233000
2010-09-17,49.87114334106445,49.95973464513819,48.446834964442324,49.21691743577103,11341800
2010-09-20,50.94107437133789,50.9751507483063,49.66669378286643,49.925661769446,8886300
2010-09-21,52.058685302734375,52.54935577355059,50.92060558251059,50.96830936721091,14968300
2010-09-22,51.915565490722656,52.13364064229927,51.452155143707124,51.963269267651235,8386100
2010-09-23,51.970115661621094,52.81515671322171,51.111441980537144,51.397664807790214,8745800
2010-09-24,54.334869384765625,54.4711644757296,52.896933818000626,53.01960147959797,14218600
2010-09-27,54.20539093017578,54.50524640002908,53.76924035547551,54.31442597418836,8361900
2010-09-28,54.29397201538086,54.4779760915695,53.44893108577184,54.13723319422283,7784800
2010-09-29,54.51205062866211,54.51886694284077,54.123603909667345,54.246271568261704,7939900
2010-09-30,53.619327545166016,54.57340914263259,53.29902824036478,54.54614907421053,11940800
2010-10-01,53.30583572387695,53.75561377999128,52.8356087203399,53.35353953587886,8540800
2010-10-04,52.65842056274414,53.33309544152373,52.1404949498933,53.16953505915718,6418700
2010-10-05,54.11000061035156,54.355336036944735,53.29221412193211,53.48303460875862,7140300
2010-10-06,53.891902923583984,54.450721119431336,53.48301244845839,54.246273282206296,6252200
2010-10-07,53.66017150878906,54.375733426120554,53.053649776671676,54.15084194360812,8978100
2010-10-08,54.7710075378418,55.200341656749025,53.789666466827256,54.116781890273195,14296600
2010-10-11,54.5052490234375,55.02999092161232,54.18494979237323,54.539320201626644,4593700
2010-10-12,54.0691032409668,54.34851503021564,53.36036229121491,54.34851503021564,10034200
2010-10-13,54.71648406982422,55.32982220149744,54.57337270565429,54.76418785788086,8493200
2010-10-14,54.45753860473633,55.08450436003115,54.02138286265669,54.852796459572446,5663900
2010-10-15,54.34849548339844,54.83916611777368,53.83738110581162,54.70968214500124,6522900
2010-10-18,54.68241882324219,54.866422899810594,54.287161012990516,54.48478731845435,6542700
2010-10-19,53.530723571777344,54.32124457189367,52.999160162157075,53.8169464235785,9857200
2010-10-20,54.7369499206543,55.0504328258584,53.70790470620001,53.76924114380791,9662300
2010-10-21,54.05855941772461,55.64146144893472,53.11293051548911,55.49756173954871,17736900
2010-10-22,53.674835205078125,54.072275546872696,53.35277166010545,53.9694885304824,6445800
2010-10-25,54.16820526123047,54.81918094375172,53.79132130105638,53.93522102367798,6484700
2010-10-26,53.89409255981445,54.17503806150042,53.35960653829624,53.524062569233465,6240500
2010-10-27,53.599449157714844,53.72964637120326,52.84568654754996,53.585741436313995,6782800
2010-10-28,53.27055358886719,54.13395741141133,52.612723847679376,54.04487809773882,7055800
2010-10-29,53.859832763671875,53.96261975164864,53.16089065576393,53.18144700776661,4563900
2010-11-01,54.318931579589844,54.942502019259074,53.7981533360437,54.1133628712308,7470500
2010-11-02,54.64785385131836,55.113816952209866,54.49024645526796,54.81230987870276,4941400
2010-11-03,54.736942291259766,54.78490885845735,53.82557751450563,54.695829584508616,5771800
2010-11-04,56.99821853637695,57.066741436837965,55.33994029659443,55.381052991278594,13044100
2010-11-05,57.244930267333984,57.45049905887698,56.826933594842735,57.046210109267285,6271600
2010-11-08,56.95710372924805,57.25175689546816,56.46373049948766,57.046182973747335,4283800
2010-11-09,56.12797164916992,57.19694362849884,55.78535188882474,57.01192603025336,6030100
2010-11-10,56.50484085083008,56.765229943317685,55.70996585757424,56.29927216559095,5944000
2010-11-11,56.491153717041016,56.64190726396758,55.860729318260525,56.004634233390945,5006000
2010-11-12,55.53181457519531,56.5528200558657,54.84657501512819,56.080003086471244,6156900
2010-11-15,56.06630325317383,57.27232639988832,54.6821215765303,54.7437906304373,15814200
2010-11-16,55.07271194458008,56.312994024439355,54.6135974108962,56.10742004052337,12510000
2010-11-17,55.62091827392578,55.81278459857021,54.82604275354669,55.20292154039388,5402900
2010-11-18,56.95026779174805,57.169544270868265,56.374663766580206,56.53227118655582,6638700
2010-11-19,57.5395622253418,57.54641608423965,56.539113172719375,56.93654811343168,5740500
2010-11-22,57.560123443603516,57.7999562456926,56.73098419754526,57.47789281376026,6411200
2010-11-23,56.6213493347168,57.135279062570945,56.19650410558737,57.06675614444976,5739200
2010-11-24,58.03296661376953,58.10148955559035,57.04621952206065,57.04621952206065,5865900
2010-11-26,57.649200439453125,57.73143106606486,57.183237344578835,57.44363171486795,2520700
2010-11-29,57.334007263183594,57.484760841069814,56.566542107347225,57.36141747988693,5085700
2010-11-30,57.97126388549805,58.19054032860115,56.71042564464587,56.75839220320084,7768400
2010-12-01,59.92422103881836,60.164059161676384,58.2453855466023,58.2659419050267,8858600
2010-12-02,60.72593688964844,60.91094928638863,59.92420256253854,59.92420256253854,6349200
2010-12-03,61.246726989746094,61.322103780503944,60.18460851373317,60.54778474485856,4996600
2010-12-06,61.12337875366211,61.45229610783988,60.69167962752002,61.178199184019064,4341500
2010-12-07,61.9113883972168,63.04203462909193,61.6372915488891,61.6372915488891,11247700
2010-12-08,61.41117477416992,62.288280624840326,61.185044451679296,61.849727699505124,5246500
2010-12-09,61.4454460144043,61.83603245570834,61.00003913938214,61.76065566633701,3832300
2010-12-10,61.630455017089844,61.78120857466376,61.25357112315505,61.527668025292755,3313200
2010-12-13,62.788509368896484,63.295590491163274,61.80861642716985,62.11697741686677,6637100
2010-12-14,63.10372543334961,63.66562704154356,62.706290355600146,63.17225359003184,4944100
2010-12-15,63.80950164794922,64.6386407834451,63.49429211752649,63.555961160713366,8314300
2010-12-16,63.86433410644531,64.17269508967132,63.41207865019636,63.85748547399145,4863400
2010-12-17,63.446311950683594,64.00821326348165,63.21333306992873,64.00135940582368,6467000
2010-12-20,63.932861328125,64.10417124033545,63.405223870857185,63.98082789442538,3523200
2010-12-21,64.84420776367188,65.02237148585372,63.891725339178464,64.2069348612158,4108200
2010-12-22,64.80313110351562,64.94703084176892,64.48792140620387,64.94703084176892,2611800
2010-12-23,64.72087860107422,64.91959871387984,64.41252287000948,64.61124298281511,2206200
2010-12-27,64.46050262451172,64.54958190932423,63.8711960253782,64.30974904408718,2620200
2010-12-28,64.20008850097656,64.70031039330335,63.77523814166199,64.6043772844198,2991800
2010-12-29,64.26180267333984,64.56330992897523,64.06993632083223,64.24124631099488,2779400
2010-12-30,64.32344055175781,64.50845293602653,64.08360251901567,64.11101272927087,2325500
2010-12-31,64.17957305908203,64.34402917513546,63.93973490604561,64.29606259012131,2542700
2011-01-03,64.51531982421875,64.96757531485314,64.48790960842817,64.67292203005948,5231500
2011-01-04,64.21381378173828,64.85108693291701,63.247628491349744,64.85108693291701,6119300
2011-01-05,64.76885223388672,64.88534695270434,63.72043636027511,63.912302634143394,4118100
2011-01-06,64.09735107421875,64.89908063009939,63.9328949358765,64.89908063009939,4106300
2011-01-07,64.22750854492188,64.91274812930914,63.5902355223232,64.31658780882549,4547800
2011-01-10,63.9945182800293,64.39195845587744,63.39150938519817,63.87117495745445,4154500
2011-01-11,64.37825012207031,64.89217975655612,63.89858455440193,64.46733460461057,5302800
2011-01-12,64.0630874633789,64.8374120253192,64.02197473547638,64.81685043340153,5699000
2011-01-13,64.50848388671875,64.77572702997432,64.20697665721379,64.47421980046934,4539900
2011-01-14,64.41936492919922,64.59067479906777,63.80264835207997,64.37139837475452,4572500
2011-01-18,66.2507095336914,66.41593896533058,64.67413071010189,64.82559321099986,8819200
2011-01-19,65.7756576538086,66.64312121212528,65.50715790404,66.3264240817104,6478100
2011-01-20,64.44695281982422,65.59668353771197,64.24041204003171,65.33506976885164,7160800
2011-01-21,63.8548583984375,65.40389809004381,63.59324469699492,65.23178256875421,6189000
2011-01-24,65.10782623291016,65.19044353223497,63.689596736051215,63.82728698237969,4615000
2011-01-25,64.98390197753906,65.162903497234,64.00628758601755,64.98390197753906,5436900
2011-01-26,65.92024993896484,66.20252193773393,64.99082709999583,65.35571119397594,6090700
2011-01-27,66.52606964111328,67.32468794394785,65.76187653333261,66.8496475654498,11534600
2011-01-28,65.8720474243164,66.91850740171522,65.33504787982568,66.78770318738316,7240800
2011-01-31,66.78767395019531,66.91847810726613,65.98905582154917,66.18182426569241,6012900
2011-02-01,67.47612762451172,67.5105475554014,66.43654906480565,67.0217404153855,7553400
2011-02-02,68.21967315673828,68.34359648342135,67.24894480817619,67.29025083288842,6527600
2011-02-03,68.10952758789062,68.32294906978781,67.5725282124417,68.32294906978781,5032400
2011-02-04,68.56391143798828,68.65341483792236,67.95118082672606,68.16460756672141,6027100
2011-02-07,69.16976165771484,69.40383616125476,68.49506674580826,68.58457014631809,5697900
2011-02-08,69.26616668701172,69.32812574976627,68.37116392853429,69.23862757493795,5044700
2011-02-09,68.70159149169922,69.15597346794652,68.28851553532556,68.92189901860156,4800800
2011-02-10,69.2592544555664,69.3694108622855,67.98560120501966,68.35048511032016,5634800
2011-02-11,71.28333282470703,71.29021891317112,68.9838677645312,69.04583205561485,6445100
2011-02-14,71.0905532836914,71.35216682652405,70.77386154682692,71.29708863249223,4057400
2011-02-15,70.91157531738281,70.98730654617798,70.22999951077367,70.8840362112257,4421900
2011-02-16,71.29023742675781,71.8823151273106,70.8496221964694,71.5311980601112,4852100
2011-02-17,71.15943145751953,71.4348173030652,70.88404561197385,71.13189234771015,2993500
2011-02-18,72.88059997558594,72.88059997558594,71.22140375581267,71.50367574442437,8745400
2011-02-22,70.23002624511719,72.49506737643073,69.89956209798217,72.19214234593609,8241900
2011-02-23,68.85995483398438,70.31260981903691,67.4968032548419,70.16115261778009,8907600
2011-02-24,69.23860168457031,70.16114321015586,67.99936836737976,68.79798656124625,6350900
2011-02-25,70.2231216430664,70.66373688807396,69.63104392273475,69.84446545475615,4623200
2011-02-28,70.8633804321289,71.15941924609237,69.89953276439574,70.71880406985102,4010800
2011-03-01,68.74979400634766,71.35217870324868,68.39867702663268,71.16629633313285,7283700
2011-03-02,69.51399993896484,70.30573218649664,68.45376796655972,68.74292070833906,5420000
2011-03-03,71.77214050292969,71.89606383332438,70.16802329630579,70.18179547331995,7413400
2011-03-04,70.93911743164062,71.73773053387124,70.23688332622557,71.60692633976268,5677000
2011-03-07,70.31261444091797,71.73773041417941,69.56907955457764,71.20073095360954,6002100
2011-03-08,71.68954467773438,71.90985230304942,69.65858392100348,70.1473913005291,6165000
2011-03-09,70.47095489501953,71.31776002319091,70.0854179425218,71.31776002319091,6402200
2011-03-10,67.73773956298828,69.36250943496886,67.53808505937126,69.22481920956524,11824400
2011-03-11,68.85995483398438,69.1904188470613,66.78768835980196,67.2902625901004,8172400
2011-03-14,70.2919692993164,70.62931420932195,69.11469990711286,70.62931420932195,7985500
2011-03-15,69.362548828125,69.79627801176558,67.8479344783069,68.17150721702697,11762200
2011-03-16,69.12156677246094,70.64306674221024,68.18525829068494,70.01656397390636,13046600
2011-03-17,70.99417877197266,71.12498293499091,69.72740639886086,70.14736849378767,9854900
2011-03-18,72.32978820800781,72.72909727497257,72.05440771600776,72.28159609665319,11512900
2011-03-21,74.07162475585938,74.13358906776759,73.40382102171523,73.59658954312164,7688600
2011-03-22,73.5208511352539,73.99589155423207,72.997618590622,73.70673354776186,7012000
2011-03-23,73.50016784667969,74.14731823142498,72.72908890123833,73.0320137106163,7096400
2011-03-24,74.60861206054688,74.9734959981213,73.6309922483576,74.28503415287234,8360800
2011-03-25,75.10428619384766,75.83405918567223,74.83578654439438,74.87021173126627,7659000
2011-03-28,75.31773376464844,76.06815472293579,75.31084767485706,75.4141180115377,5445700
2011-03-29,76.10257720947266,76.27469268029581,74.773845564616,75.48296046399983,5767700
2011-03-30,76.78416442871094,76.91497388681614,76.10947462411676,76.90808779624531,5616900
2011-03-31,76.66023254394531,77.0939669084002,76.29534857245295,76.29534857245295,5168600
2011-04-01,77.87879943847656,78.2023720670672,76.97003008737988,77.16967938388704,6092600
2011-04-04,78.05782318115234,78.43647939920858,77.47263150533234,78.31255602353093,3883600
2011-04-05,77.32115173339844,77.90634853094942,77.04577118460655,77.77553909349017,5338700
2011-04-06,76.41926574707031,78.00273011131674,76.32288150777327,77.69291912567873,5715400
2011-04-07,75.62752532958984,76.35041229814695,75.09741207118208,76.22648896789563,8402700
2011-04-08,75.60687255859375,76.41925767005293,74.95971680381624,76.10256588118531,5394700
2011-04-11,75.09051513671875,75.93732531321515,74.57416887734298,75.74455163090975,5004400
2011-04-12,73.369384765625,75.05611432633567,73.21103621687234,74.77384767753418,8736300
2011-04-13,74.09912109375,74.33320077215879,73.23854408240713,74.18862446455861,5835000
2011-04-14,74.06473541259766,74.1955396070753,72.52946300332714,73.54150287704411,5770700
2011-04-15,73.81001281738281,74.4296296882723,73.52774611942384,74.40897666800072,5319100
2011-04-18,71.53117370605469,72.79794074870364,70.33325178484604,72.68778960490837,11445300
2011-04-19,73.04578399658203,73.26609152649029,72.04063056309155,72.41240050466406,7152000
2011-04-20,74.85709381103516,75.0091870157117,74.22107247731597,74.6220445124776,5317800
2011-04-21,75.64522552490234,75.70053311632812,74.94698696223527,75.35486858155036,4051200
2011-04-25,75.25115203857422,75.68669263468033,74.6289549544377,75.5207698959632,3708600
2011-04-26,77.38734436035156,77.5670860433379,75.94246448538945,76.14986522658285,6700000
2011-04-27,77.85052490234375,77.9127419532815,75.87332440922498,77.88509344692208,6070600
2011-04-28,77.87126922607422,77.91274726285936,76.97945451425575,77.62239045652396,6262600
2011-04-29,79.78624725341797,80.36696082572774,79.17787462594751,79.7793324896278,11800000
2011-05-02,79.0672836303711,80.57438075640295,78.75618247866608,80.36006522316066,7623600
2011-05-03,78.3067855834961,79.07416072579659,77.94038228165176,78.89441909338669,6302000
2011-05-04,76.57850646972656,78.74928425351212,76.00470744230151,78.27226558397454,8966500
2011-05-05,75.62446594238281,77.05551651643364,74.93313706072693,76.10148455854002,8779100
2011-05-06,76.28125,77.9197018580107,76.16372531941954,77.09701854510263,7987300
2011-05-09,77.19378662109375,77.76067610162045,76.3019717173833,76.59924335195345,5075800
2011-05-10,78.03030395507812,78.09943579826796,77.33206020769124,77.95425734524285,4923900
2011-05-11,76.0323486328125,77.67079461851817,75.35484404451132,77.66387985323598,9670400
2011-05-12,75.09907531738281,75.77658012981462,73.97221082694197,75.49313267810085,9274800
2011-05-13,73.50898742675781,75.76963012384563,73.29467192714682,75.67975928492477,9250400
2011-05-16,73.34306335449219,74.85016021578423,72.6379103617866,73.19097546249586,8290800
2011-05-17,70.57086181640625,72.74854910497213,70.1491507269777,72.64484870562681,19186700
2011-05-18,72.7623519897461,72.93518417974549,70.36344034864729,71.10316191086791,9472200
2011-05-19,72.79692840576172,73.88231446529497,72.52731058217464,73.7025674914301,8613400
2011-05-20,72.12632751464844,72.93518086118188,71.62165522206814,72.75543391492346,8656800
2011-05-23,70.43949127197266,70.86811702835774,69.38867381281011,70.03851930062082,10095100
2011-05-24,70.2044448852539,71.17230102894437,69.87260472568832,70.77133431559564,7273300
2011-05-25,71.37969970703125,71.84980350929891,69.67211670064103,69.8449489033215,6193100
2011-05-26,72.02957153320312,72.36832127264529,70.53629833379627,71.25528114005641,6640000
2011-05-27,72.31301879882812,72.83843036255755,72.08487894260614,72.39598018502397,4511300
2011-05-31,73.14260864257812,73.69566866531882,72.11252465847393,73.5643197449195,6641900
2011-06-01,69.99012756347656,72.92136552868986,69.82421012516532,72.56878635716075,10597600
2011-06-02,70.64690399169922,71.70463639492897,70.03853116673595,70.39111039261957,9125300
2011-06-03,69.89334869384766,70.85429541482908,68.54525948798761,69.47163765521026,9508600
2011-06-06,69.03607177734375,70.2458967810683,68.76645405561004,69.30568949907746,8092800
2011-06-07,69.0499496459961,70.0662042821628,69.00155681924637,69.99015765806716,6772200
2011-06-08,67.77787780761719,69.03609604276369,67.59121607347298,68.5867312571213,9761100
2011-06-09,68.62132263183594,68.93241859298944,67.9023397905515,67.9507326128292,6167600
2011-06-10,66.91371154785156,68.37241565851767,66.65791800696391,68.30328383715934,9603600
2011-06-13,65.9804458618164,67.42532103675417,65.48268810460962,67.0105246638892,9767400
2011-06-14,67.6534423828125,68.06132387681008,66.45744113919511,66.95519876025159,8479700
2011-06-15,66.1256103515625,67.30778213784077,66.02882472749909,66.76854643965288,8143600
2011-06-16,65.9942626953125,66.96212430602688,65.13010148474991,65.94586987849786,8886500
2011-06-17,66.33300018310547,67.01741953326712,65.89055014682629,66.68557936884748,8314800
2011-06-20,67.87468719482422,68.00604140379362,66.4021581985704,66.70633939779441,7484700
2011-06-21,70.09382629394531,70.48788349719143,68.48302893134867,68.73190772017992,9638100
2011-06-22,69.23656463623047,70.86118589204227,69.18125707894198,69.9417175311923,7445100
2011-06-23,69.51310729980469,69.58223911930168,67.024319602555,67.68108507382578,10640900
2011-06-24,69.1397933959961,69.89333924135558,68.74573619877451,69.85877596669198,8496400
2011-06-27,69.68592834472656,70.16985627825734,68.4899274884021,69.10520955007075,5614400
2011-06-28,71.78759002685547,71.9465979936761,70.10075110727014,70.12840489603985,7884300
2011-06-29,71.45575714111328,72.2369569169797,70.79208201504233,72.2093031274241,8642000
2011-06-30,73.598876953125,73.92380239280024,71.42810454377853,71.4557583337957,10598400
2011-07-01,75.09215545654297,75.47238322962494,73.10803939175283,73.38457203771705,9153800
2011-07-05,74.9607925415039,75.20275660066275,74.20724130078536,74.60821332706051,6880200
2011-07-06,76.10150909423828,76.1291628913508,74.71885088514712,74.7395899143759,6933200
2011-07-07,77.17302703857422,77.87818532250205,76.91032401040846,77.13154900107958,7403800
2011-07-08,76.32965087890625,76.32965087890625,74.52528144883588,75.02303398607717,8293100
2011-07-11,74.77413177490234,75.68668565602056,74.14501998272101,74.94696398931428,7568600
2011-07-12,73.92378234863281,74.98151447648861,73.74403539946955,74.40771035666498,7892700
2011-07-13,75.10595703125,76.3365213959833,74.89855629081228,74.99534717092449,6819200
2011-07-14,74.37315368652344,76.39183251982912,73.97218171603363,75.23731468787896,7394300
2011-07-15,75.60372924804688,75.60372924804688,74.06897823960105,75.19584245261028,6660700
2011-07-18,74.84004211425781,75.305187659349,73.70147421153041,75.29824368647768,6878600
2011-07-19,76.11746978759766,76.34657325845676,75.11774940326724,75.59678297020893,6674600
2011-07-20,76.5826416015625,77.04779267635945,76.09666919112034,76.86034239183032,5761600
2011-07-21,77.47818756103516,78.05441550388204,76.45070200426436,77.09635378796881,9340700
2011-07-22,73.00030517578125,73.92365789230446,71.50766832138302,72.63235394354145,25775600
2011-07-25,73.3543472290039,73.7986661370815,72.06304374718493,72.31297379506597,8662500
2011-07-26,73.0350112915039,73.59041275170657,72.68788670305246,73.52793286820172,7155500
2011-07-27,70.3552017211914,72.6253992594967,70.119159568032,72.50043420879457,10684500
2011-07-28,69.17498016357422,70.87588834636851,69.04307113912803,70.47322789232803,9438000
2011-07-29,68.58484649658203,69.40406037497446,67.53652921990307,68.25854868024034,12283000
2011-08-01,69.9247817993164,71.38270409183154,68.59182457739978,71.11194732165164,12865200
2011-08-02,67.4671401977539,70.50101123132414,67.42548693901286,69.1125127751421,12058300
2011-08-03,66.84227752685547,68.23771917956537,64.94003718664831,67.98084520172677,16922200
2011-08-04,62.17000198364258,65.75232417970165,62.13528741389349,65.53710867801642,18655000
2011-08-05,63.16971969604492,64.21803724660603,60.03866028823975,63.961163190807646,22791500
2011-08-08,57.34498596191406,61.20501532442369,57.101999788113424,59.86511408409291,21293000
2011-08-09,60.73293685913086,60.8162433931489,56.12311619661531,59.28889690685863,20473600
2011-08-10,57.97673034667969,60.53850532840772,57.89341856723442,60.20526880402477,15335900
2011-08-11,60.5732421875,61.64238658205828,58.27527904988702,59.10837596415791,14157600
2011-08-12,62.35049057006836,63.384925220734786,61.65624168614662,63.21830167497055,11463400
2011-08-15,63.43354797363281,64.42632448927182,62.95451435588999,63.48908388121833,10460200
2011-08-16,62.03115463256836,62.73929166481722,61.454926621301176,62.49630024791408,10816200
2011-08-17,60.843994140625,63.03782396308899,60.503813545465924,62.55879036205844,10620900
2011-08-18,57.851776123046875,58.872323100750535,56.5812990570607,58.62933168952582,16793000
2011-08-19,55.51910400390625,59.01117629482186,55.4149655746341,56.87288769434254,13740200
2011-08-22,55.46354293823242,57.65042798292952,55.234439535225405,57.58100415384521,9459400
2011-08-23,57.60878372192383,57.622666371224554,55.40107171414628,55.91481448546448,11696900
2011-08-24,59.28887939453125,59.50409493944543,57.06727890184322,57.78929866471427,10137700
2011-08-25,57.796241760253906,60.30248161647665,57.48383176131119,59.87204523649495,8204700
2011-08-26,59.12225341796875,59.642940221123574,56.268889312944324,57.06033283000365,9456900
2011-08-29,61.19805908203125,61.475759780725554,59.94840858625705,60.47603938410619,7643500
2011-08-30,62.36442184448242,63.08644182102186,60.64962506228907,61.093944232974515,9851600
2011-08-31,63.176666259765625,65.13444845287059,62.406049357476434,63.69735306959886,12664700
2011-09-01,61.475765228271484,64.44715078519293,61.288314988944705,63.30858258668472,10690900
2011-09-02,59.27500915527344,60.19141810950928,58.573821106955954,59.1847586442124,11950700
2011-09-06,59.497135162353516,59.71929462294681,57.00478387934436,57.09503433946998,8647900
2011-09-07,61.572959899902344,61.58684255260014,59.9970113353143,60.95507856918567,9318700
2011-09-08,60.42743682861328,61.77428165561648,59.98311786857714,60.62182571154162,9947800
2011-09-09,58.289161682128906,59.87899297170645,57.719877555019565,59.726257301581825,11669500
2011-09-12,58.226715087890625,58.41416014685904,56.407779253159894,56.879869186777576,10842300
2011-09-13,59.025081634521484,59.87901072673889,57.88651304269999,58.21281110804564,9802300
2011-09-14,59.323577880859375,60.37189540605707,57.296371971275576,59.434660268798105,10622100
2011-09-15,60.12196731567383,60.878701542576344,59.54573932678383,60.15668188722622,8298500
2011-09-16,59.6359977722168,60.719024655527534,59.156964206121565,60.719024655527534,10488600
2011-09-19,58.733489990234375,59.122273201776046,57.15754640254992,58.26140025219951,8936500
2011-09-20,58.08087921142578,59.54573986286544,57.96979681881803,59.45548939139665,8999300
2011-09-21,55.09562683105469,57.89345076207901,55.04702959019454,57.69906179863842,16459600
2011-09-22,51.304996490478516,53.151695872146746,50.402470771521806,52.96425099340595,20947300
2011-09-23,51.2772331237793,52.41580109468279,50.69406119175329,50.985649806116136,12104700
2011-09-26,53.353050231933594,53.457188671803294,50.84681018345452,51.86735736011567,10016400
2011-09-27,53.92230987548828,55.43577266363789,53.54047616499605,55.01922439005607,10814900
2011-09-28,52.124229431152344,54.949823367006374,51.98537641786292,54.24168624098251,9380700
2011-09-29,52.339454650878906,53.651585412857344,50.81904697883646,53.380828607795245,10260900
2011-09-30,51.26335144042969,52.68656422629338,50.839864358768644,50.99953868698339,10537000
2011-10-03,48.979278564453125,51.08979127252956,48.94456398904309,50.52745116845069,10783200
2011-10-04,50.3608283996582,50.5135640432164,46.889583034063065,47.72962377693308,14700000
2011-10-05,51.55493927001953,51.79792539389292,49.63186631100672,50.56910152977566,9672300
2011-10-06,53.5196533203125,53.589082458259426,51.09672577289257,51.77014815606105,15808200
2011-10-07,52.42969512939453,54.00564371570153,51.86041102032568,53.991755766111574,14024700
2011-10-10,54.935909271240234,55.36634546252519,53.596008786736896,53.64460599408372,10302400
2011-10-11,55.99812698364258,56.331363538093235,54.11670752914599,54.20696328919684,17854600
2011-10-12,56.720130920410156,57.48380891961721,56.27581206452526,56.93535167323149,10423700
2011-10-13,56.539649963378906,56.86594789687952,55.775971694887936,56.38691430968071,7952500
2011-10-14,58.3794059753418,58.4696617508563,57.19918458967914,57.518538549367854,7353700
2011-10-17,56.595191955566406,59.27499426772746,56.46328821048352,58.893160389107194,10196700
2011-10-18,58.8167839050293,59.40689457372187,56.06755813709311,56.54658640868109,13574600
2011-10-19,58.0114631652832,59.30276713904351,57.67128253034241,58.78208022371117,8731100
2011-10-20,58.821258544921875,59.337845354367985,57.59261460865128,58.56994489145695,9446500
2011-10-21,61.00629806518555,61.08308865986834,59.54728741825786,59.631055102622604,11480300
2011-10-24,64.06391143798828,64.85275894136741,63.38676655619531,64.05693435153056,16383300
2011-10-25,62.75151062011719,64.5665493671292,62.144168457892626,63.7777070584182,10711700
2011-10-26,63.92428207397461,64.39898483102728,62.84223738001041,64.09880506809664,9747800
2011-10-27,67.24722290039062,68.21757063225334,66.04650346429611,66.31875899619884,13928100
2011-10-28,67.61021423339844,68.37811442610325,66.77250590063313,66.80740730765353,8699300
2011-10-31,65.94178009033203,66.75854658102074,65.51594347702867,66.34667479249264,9273900
2011-11-01,63.96620559692383,64.92259411578246,62.13022447639396,62.82831688624108,13543700
2011-11-02,65.57877349853516,65.78819793266831,64.36408941127866,64.94350713181848,9303400
2011-11-03,67.01683807373047,67.26116923067033,65.52990389633669,66.63986772044336,11159000
2011-11-04,66.8353500366211,67.00987309784918,65.48105470318555,66.52819307055405,6818800
2011-11-07,66.31875610351562,67.19137131540398,65.19482728452176,66.73761034001792,7285300
2011-11-08,66.94007110595703,67.01686168605403,65.57879323336772,66.98893735456225,7316700
2011-11-09,63.9731559753418,65.60669416585996,63.631092357104215,65.27160763349067,11208500
2011-11-10,64.36410522460938,65.20181914501634,63.66601295394758,64.90862166958352,7323000
2011-11-11,67.10758209228516,67.15644831928054,65.18085200559348,65.32046827528907,9818400
2011-11-14,67.3868408203125,68.46190347306407,66.93307981429085,68.04304920828291,8584900
2011-11-15,67.76384735107422,68.23156810711261,66.87727210715035,67.16348729889631,8760700
2011-11-16,66.8423080444336,68.55263128957539,66.73759318072672,67.1843716282581,8117500
2011-11-17,65.48800659179688,67.05871353845797,64.78293753047387,66.80740000091066,10084000
2011-11-18,65.57177734375,66.17213684927802,65.02726647269411,65.99761386106682,6065700
2011-11-21,63.61016845703125,64.29429588719935,62.458315166295336,64.27335397162582,9853100
2011-11-22,62.821292877197266,63.67994831624768,61.83698600054907,63.38675097648174,7490600
2011-11-23,61.26457214355469,62.54905921787803,61.03420044239211,62.40246049696204,7643800
2011-11-25,60.538543701171875,61.71133856350158,60.475712646858305,60.94343837024254,3078700
2011-11-28,63.86146926879883,64.14768426751706,62.82130817872137,63.07262176716772,8339500
2011-11-29,63.205284118652344,64.0988415043262,63.14245303552289,63.97318466408943,6054600
2011-11-30,68.3292465209961,68.35019375591862,66.07441222878248,66.07441222878248,13076500
2011-12-01,67.58926391601562,68.41301264870404,66.84928813659042,67.87548417848403,7491800
2011-12-02,67.21930694580078,68.41304411729634,67.02384195762909,68.23852104556853,7897900
2011-12-05,67.61021423339844,68.39207924972716,67.24720870947206,68.22453864837804,7484800
2011-12-06,66.98892211914062,67.66607235725132,66.2419637311879,67.44966549493488,6443200
2011-12-07,66.24195861816406,66.51421410974771,65.48104078938412,66.30478967638646,8146300
2011-12-08,64.86676025390625,66.68878228565879,64.64337084479601,65.85805042395648,7842300
2011-12-09,66.99588775634766,67.21927697551841,65.22971591008843,65.36234976377102,7139000
2011-12-12,65.09010314941406,65.96970064935772,64.44087731093514,65.8719681855884,6326700
2011-12-13,63.51242446899414,66.09536322520415,62.898099984604954,65.648584687114,8464700
2011-12-14,60.73401641845703,62.68867654853966,60.238371636233445,62.54207251166614,13564500
2011-12-15,61.222686767578125,62.04643581641856,60.79685007892208,61.98361007187311,7645200
2011-12-16,60.87363815307617,62.48623476851862,60.87363815307617,62.00454944268273,11556900
2011-12-19,60.90853500366211,62.63282332240462,60.69212815955142,61.49492980422782,7919100
2011-12-20,64.03598022460938,64.15465458399474,62.290750259462726,62.31169216688142,7844300
2011-12-21,63.96620559692383,64.23148412132008,62.75850871046086,64.07092052360538,7177300
2011-12-22,64.09184265136719,64.57352796973836,63.54034917877342,64.24542378626936,4766000
2011-12-23,64.39898681640625,64.51766117782329,63.980132682804204,64.36408008609804,3368600
2011-12-27,63.910335540771484,64.4897479510038,63.882411216925796,64.01504509766755,3216200
2011-12-28,62.38851547241211,64.08488010235752,62.2488938062718,64.05695576912944,5248800
2011-12-29,63.23318099975586,63.42864592725733,62.45131596373017,62.45131596373017,3570800
2011-12-30,63.247169494628906,63.81960504162182,63.10755314698078,63.330942498831135,3279800
2012-01-03,65.606689453125,66.39553150717678,64.7619934340008,64.7619934340008,8177000
2012-01-04,66.21403503417969,66.67477837955275,65.20878602558223,65.20878602558223,7335200
2012-01-05,66.68177032470703,67.1285542709994,65.5508642722801,66.20706737491632,5555900
2012-01-06,66.84930419921875,67.1564611162832,66.54214195613399,67.03778673182602,5474100
2012-01-09,67.78472900390625,68.00114113560356,67.01682890457843,67.07965462518733,6536300
2012-01-10,69.78129577636719,69.79526060295956,68.60850066558703,68.72717506151804,9545000
2012-01-11,69.5578842163086,70.12333701379235,69.3903436329836,69.6905233963679,7226500
2012-01-12,71.16349029541016,71.23329842050572,68.8737497057568,69.8022078889631,10471800
2012-01-13,71.54048156738281,71.69405735727754,70.19316358597557,70.31183796608427,9914300
2012-01-17,72.16175842285156,73.16003000865851,72.12685169899089,72.47589763352453,8864700
2012-01-18,73.10841369628906,73.27670319131288,71.87427824985235,71.98647481308595,6794400
2012-01-19,74.15320587158203,74.1602194930199,72.66663376646981,73.38187335801298,9464800
2012-01-20,74.07609558105469,74.2724342449851,73.51512338425862,73.8727432934618,6601100
2012-01-23,74.58798217773438,75.19803368304547,74.07609465333175,74.26542504105589,7003800
2012-01-24,74.53187561035156,74.88949547535422,73.73249380610565,73.92883244576933,5577300
2012-01-25,76.46723937988281,76.62851528874943,74.32152509592699,74.32853872017311,10649400
2012-01-26,78.05195617675781,79.93821938111634,77.62421615383765,78.6830484523635,18539000
2012-01-27,78.03089904785156,78.5217508372997,76.90194688689328,77.50498985547317,7835100
2012-01-30,77.4208755493164,77.65928523403673,73.24164429523978,77.14739774945063,5968400
2012-01-31,76.51632690429688,78.53581742646797,76.22882714758612,78.03795708297596,7608300
2012-02-01,77.49800109863281,78.10805788345318,77.0913019252459,77.65928232329567,6737900
2012-02-02,77.36479187011719,77.84862495392778,77.03522107328101,77.69436266695337,5125400
2012-02-03,79.89614868164062,80.39400888175803,78.46567463420085,78.65499964276464,10225500
2012-02-06,79.78396606445312,80.11353683124112,79.09678073567711,79.40531063132399,5029600
2012-02-07,79.80497741699219,80.00832964448567,78.87937731071287,79.2720598723463,5139200
2012-02-08,79.96629333496094,80.16964565074743,79.3912991609477,79.81202569196235,4123800
2012-02-09,79.1177978515625,80.38699060728953,78.94950302054893,80.21168750402,7566200
2012-02-10,78.36048889160156,78.38152440848617,77.36476852700439,77.84159319241837,6351700
2012-02-13,79.72785949707031,79.84005606553178,78.31141259411864,79.0266469936666,5702400
2012-02-14,80.25376892089844,80.27480978986722,79.38426691412799,79.46140071753302,6425000
2012-02-15,78.90745544433594,80.42908554908847,78.49374256555298,80.28183154054736,8201900
2012-02-16,79.91018676757812,79.97329868310429,78.80928320627284,79.04068464682283,5456900
2012-02-17,79.90314483642578,80.28881376737839,79.25803076085566,80.20466635976355,4296000
2012-02-21,80.63945007324219,81.6491979426259,80.21170995356313,80.28884376857593,7520200
2012-02-22,81.20741271972656,81.65618826304059,80.28882611541606,80.47114285170815,5004800
2012-02-23,81.48089599609375,81.65619913321945,80.63944307782127,81.25650819456595,5064900
2012-02-24,81.34064483642578,82.0067945292073,81.10924344215691,81.54399709049602,4473500
2012-02-27,81.08116912841797,81.6912257012224,80.32386397748378,80.52721081859379,4909600
2012-02-28,81.17235565185547,81.49491274061917,80.77967303741691,81.20741306486642,4013200
2012-02-29,80.08545684814453,81.62111351064787,79.71381518183512,81.431783192074,6780300
2012-03-01,79.5104751586914,80.90588636395455,79.2440163674321,80.408026192224,7465000
2012-03-02,78.87940979003906,79.8961713461674,78.39557669764639,79.34922633313256,5404800
2012-03-05,77.19647979736328,78.46567803131371,76.79678889546744,78.22025473187358,8392200
2012-03-06,74.27946472167969,75.14195873372239,73.76757707472565,74.7282404410069,12630800
2012-03-07,75.92729187011719,76.16570691215719,74.55291595370028,74.7913309957403,7385800
2012-03-08,77.3297119140625,77.52605055369787,76.19375111336457,76.84587358794201,6171200
2012-03-09,77.28763580322266,77.89768720063763,76.99312786310327,77.75043323057794,6526500
2012-03-12,76.39008331298828,77.79951643576088,76.20776658448551,77.21050056651136,6499200
2012-03-13,79.4473876953125,79.50348063601407,76.64954564073619,76.94405899109984,8077600
2012-03-14,78.72514343261719,79.55257459012255,78.01692249386004,79.38428504871598,6181000
2012-03-15,79.55257415771484,79.57361503137585,78.10807778968493,79.15288315540424,5316700
2012-03-16,79.64374542236328,80.11355668086549,79.2650898954152,79.9522753944542,5776000
2012-03-19,79.7489013671875,80.00133294974114,79.08274627069503,79.58762013545613,4736500
2012-03-20,77.66630554199219,78.53580762849892,77.49100239996429,78.52879400486616,8086900
2012-03-21,76.43218231201172,78.08003104418577,76.43218231201172,77.72942470330499,7925000
2012-03-22,74.63004302978516,75.68887535223952,74.11815557527397,75.22607255639434,9449700
2012-03-23,75.61177062988281,76.15871570815693,74.18830963134157,74.74226298510122,6025000
2012-03-26,76.2568588256836,76.92300855595425,75.81509687980348,76.29192159036174,4570800
2012-03-27,75.77301025390625,76.83184247616288,75.64679180787681,76.20776386796899,4211400
2012-03-28,73.10841369628906,75.70991132071916,72.61055348404976,75.70289769806041,10244900
2012-03-29,74.34255981445312,74.51786296991524,72.56148446280636,72.65965380187893,8316800
2012-03-30,74.69315338134766,74.9806530751701,74.03401726715371,74.81937184573829,4780300
2012-04-02,75.2050552368164,75.6888936677674,73.65537595270378,74.3215258172013,5211700
2012-04-03,74.47576141357422,75.79403867664408,74.20228903107476,75.47849526601411,5828000
2012-04-04,74.51087951660156,74.91757890688412,73.16454676829365,73.46606851012439,5583200
2012-04-05,74.23738098144531,75.12791864263869,73.91482382267338,74.12518439587544,4576600
2012-04-09,72.62460327148438,73.12947730028253,72.08467181558164,72.62460327148438,6335700
2012-04-10,70.42279052734375,72.68770986535782,69.98102845948115,72.60356241679094,9162300
2012-04-11,71.34835815429688,71.87426742816147,70.47184269785588,71.36238004767658,6178100
2012-04-12,74.6370620727539,74.67913311185822,71.61483248452315,71.64288162720166,8973200
2012-04-13,74.25140380859375,74.97365195029509,73.79561453621271,74.44073421165447,6321600
2012-04-16,74.8474349975586,76.40412789981204,74.440735736021,75.67486611903439,6813500
2012-04-17,76.0184555053711,76.57240871487936,74.83340457781622,75.66083560507558,5321000
2012-04-18,76.57938385009766,76.94401719061875,75.48549452818345,75.48549452818345,4871700
2012-04-19,75.60063171386719,77.29769972304516,74.90349624934727,76.9033613386634,5628500
2012-04-20,75.86116027832031,76.4878787805191,75.77665691520302,75.88932269356991,4014600
2012-04-23,75.27671813964844,75.37530274623272,74.02328067954127,74.8753364207101,5462600
2012-04-24,76.33295440673828,76.6075836060892,75.41752016059799,75.52314801553047,5703200
2012-04-25,72.8402328491211,75.42456690627901,72.03746971078024,75.2414789741705,15948300
2012-04-26,73.50923919677734,73.62191040608022,72.53043089890917,73.21348533104573,7317200
2012-04-27,73.62892150878906,73.9739729322537,73.31204324984733,73.93171855792633,4687200
2012-04-30,72.36843872070312,73.31908421224833,72.21352392794647,73.22753754782754,5325600
2012-05-01,71.9036865234375,72.88249447352695,71.64313847384373,72.39660945785052,5732800
2012-05-02,72.2698745727539,72.33325346392436,70.87560343650411,71.53048999215427,5620200
2012-05-03,70.88968658447266,72.79801070523078,70.76997746422172,72.46000785129185,6102000
2012-05-04,69.3193130493164,70.50937071408832,69.00947288046373,70.41782946986095,9055000
2012-05-07,68.43910217285156,69.15031850694967,68.3264310471796,68.7771048049575,7245700
2012-05-08,67.94620513916016,68.27012671496466,66.13646599170316,68.19266662374429,10411600
2012-05-09,67.5941162109375,68.51659401992214,66.2491376020101,66.78430957990356,7733500
2012-05-10,67.20679473876953,68.5799406030752,67.02370683271033,68.41093927495805,4982000
2012-05-11,67.24903106689453,68.08700500565693,66.40401921294148,66.54485273111554,4531900
2012-05-14,65.91109466552734,66.73498207288846,65.8054668350428,66.42514724190966,5213300
2012-05-15,65.26327514648438,66.65755118715141,64.9886459126715,66.08716284792298,5304800
2012-05-16,64.68583679199219,66.24911390592946,64.5802089435589,65.7913968110222,5803400
2012-05-17,61.82686996459961,64.53091262969322,61.68603105134148,64.09432005727582,12695100
2012-05-18,62.44656753540039,63.24228753492168,61.98180701309896,62.15081376982155,8655900
2012-05-21,64.77035522460938,64.99569217991585,62.89723741850312,63.04511429175517,6811300
2012-05-22,64.42530822753906,65.47453836634351,64.00280207895588,65.319618191623,7210500
2012-05-23,65.11542510986328,65.34076214769648,63.27751771247488,63.7352350815776,6668600
2012-05-24,64.37600708007812,65.46044278153268,63.49578381972115,65.45339949116203,6421600
2012-05-25,63.33382034301758,64.55204622280368,63.115521339809916,64.35487708890462,4637400
2012-05-29,65.1506118774414,66.14350643720081,64.00280251436479,64.22109619525209,8238800
2012-05-30,63.502803802490234,64.08022983445196,63.02396230970824,64.0731865466664,6350800
2012-05-31,61.70012664794922,62.319801839500784,60.56639874966013,62.26346626596264,12370400
2012-06-01,60.22135925292969,61.1227124897122,59.6580195239548,59.91152428235347,9572500
2012-06-04,58.62989807128906,60.52413441039569,58.25668435989328,60.51709649420509,9812600
2012-06-05,58.904544830322266,59.71435134796012,58.460908844834925,58.460908844834925,9212900
2012-06-06,61.02410125732422,61.02410125732422,59.51715457485412,59.65799347494486,8464000
2012-06-07,61.36209487915039,63.284503947108895,61.207174797983654,62.54511460425087,7773300
2012-06-08,61.68601608276367,61.735308347329074,60.08753375546796,61.14380117254423,4399100
2012-06-11,59.988975524902344,62.995815726468344,59.91855336826177,62.81272778962411,6436400
2012-06-12,61.29875946044922,61.29875946044922,59.68618955391336,60.43261727470584,5270100
2012-06-13,60.05940246582031,61.26354740811249,59.62985302546111,60.73541337873221,8308300
2012-06-14,60.48189163208008,60.73539632479742,59.50308393559863,60.07346680798483,6124300
2012-06-15,61.21427536010742,61.22835657500041,60.34109498035061,60.84106138216536,6571800
2012-06-18,61.08043670654297,61.326898087364256,60.326965986629226,60.80580754327708,4722600
2012-06-19,62.55922317504883,63.22819605707883,61.40437072060087,61.66491873222809,6254700
2012-06-20,61.383243560791016,62.47472247377228,60.91144521671,62.06629762108004,9413700
2012-06-21,59.84112548828125,61.58044286429884,59.74253549928583,61.32693802964472,8578400
2012-06-22,59.827003479003906,60.59456082181955,59.74954341580814,60.207260505840715,6408200
2012-06-25,58.36936569213867,59.13692318569434,57.82715051573857,59.1157933141186,7390700
2012-06-26,58.256683349609375,58.81297957650539,57.60179720074855,58.665102752240685,5590300
2012-06-27,57.918670654296875,58.355263175683426,57.538413691628826,58.18625649952791,7407600
2012-06-28,58.186275482177734,58.235567769023866,57.01029851566555,57.50322675658318,9716100
2012-06-29,59.791805267333984,59.81292976495047,59.01720453835492,59.37633711520374,7053400
2012-07-02,58.92566680908203,60.19319046702173,58.474992924582686,60.10164380855824,6420600
2012-07-03,60.88326644897461,61.052267767986756,59.06648480911504,59.080571386298175,4357800
2012-07-05,61.115665435791016,61.657880630259456,60.29881562625166,61.00299427345867,5547600
2012-07-06,59.5805778503418,60.031251921776025,59.03131916156,60.031251921776025,6952000
2012-07-09,58.5453987121582,59.39745403284441,58.41864637017853,59.10874364816906,6291200
2012-07-10,56.52440643310547,59.362250331191255,55.71460544744555,58.84115436747355,15154700
2012-07-11,56.15119552612305,56.8553740692684,55.80614954426948,56.70045393018348,8184100
2012-07-12,56.08079147338867,56.5666764976126,55.10198350608042,55.616036323117335,8743600
2012-07-13,57.791927337646484,57.841219616091486,56.01739994117092,56.29906703373928,7619500
2012-07-16,57.14410400390625,57.637026957210345,56.475130998756676,57.637026957210345,4989800
2012-07-17,57.67926025390625,57.94684613469902,56.299065744150106,57.665173676127246,6462700
2012-07-18,58.480072021484375,59.06827571552949,56.75798527112278,57.06980513915265,7457800
2012-07-19,58.55801773071289,59.10370241349469,58.14698890494198,58.79188259476223,5616100
2012-07-20,57.3674430847168,58.51550261362636,57.16193136187126,58.06194943334169,5897000
2012-07-23,57.813926696777344,58.53677555470361,55.83671531170923,56.45326684257401,7567700
2012-07-24,57.707603454589844,59.03283219773515,56.88553503891989,58.6430574477572,8780500
2012-07-25,58.53675842285156,60.556488147633466,56.89971518383572,60.32971157163655,19877300
2012-07-26,59.03285217285156,59.989565947601946,58.18243572335446,59.415533357326474,10138200
2012-07-27,61.05966567993164,61.37148015277799,58.1328236803657,58.94780401598583,11229000
2012-07-30,60.72658157348633,61.63368798112222,60.23759232911546,61.38565191759376,6504600
2012-07-31,59.67775344848633,61.20141171199686,59.62814622161772,60.78328902257666,9192500
2012-08-01,58.57217788696289,60.28717559562243,58.46587521430845,60.23756840262082,9366200
2012-08-02,58.90528869628906,59.7415285464008,58.18243445957851,58.43755884820795,8097300
2012-08-03,60.25175857543945,60.946264903321065,59.57851711421951,59.90450811488876,6941300
2012-08-06,61.194332122802734,61.654973813107844,60.57778584501277,60.754955309992965,6384800
2012-08-07,61.810855865478516,62.59040007763803,61.477776556800585,61.6549459416905,6049800
2012-08-08,61.810855865478516,62.278580230062005,61.19430445962061,61.293518882616524,6139600
2012-08-09,62.64710998535156,62.923493856797236,61.83212954608124,61.945520573741916,6700600
2012-08-10,63.029781341552734,63.043952513190284,62.10849838847853,62.54788040416908,5500300
2012-08-13,62.79592514038086,63.26364956401062,62.08015922116763,62.95891796725895,5403400
2012-08-14,62.271507263183594,63.532952619377745,62.19355228887663,63.419561599738024,5485600
2012-08-15,62.087242126464844,62.1722853810131,61.059661816215296,61.83211776960081,6345200
2012-08-16,62.78178024291992,62.95186685260268,61.81798315530407,62.17940503561603,4979200
2012-08-17,63.788047790527344,63.85182615477681,63.1431488269618,63.681745109999305,7848500
2012-08-20,64.09278869628906,64.12113644238971,63.23528965216803,63.59671124969708,5296000
2012-08-21,63.98650360107422,65.25503720242476,63.74555039632872,64.48966406751249,7159700
2012-08-22,62.873863220214844,63.979398294305945,62.10140200058418,63.809317222933416,8843500
2012-08-23,62.10141372680664,62.873875092296366,61.754163230207816,62.81717958887347,5469400
2012-08-24,61.988033294677734,62.18646216642006,61.229748445215996,61.59825843462585,4979000
2012-08-27,61.39275360107422,62.363644097672804,61.32897519668439,62.11560795818626,4273400
2012-08-28,60.95335388183594,61.64785481079491,60.861222345600346,61.20847821686013,4697200
2012-08-29,61.010074615478516,61.18016119544065,59.84784335298568,60.64865279832076,8731900
2012-08-30,59.862022399902344,60.81873647270697,59.854934107083324,60.63447870689513,5170100
2012-08-31,60.47145080566406,60.90374450200469,59.706077827869485,60.36514810206258,5481300
2012-09-04,58.57929992675781,60.32972926370642,58.26039172504091,60.258862576696544,11287600
2012-09-05,58.643062591552734,58.87692746205264,57.955644557721,58.53675988616367,6234700
2012-09-06,60.088775634765625,60.18799006833981,59.0682781388241,59.2100169059166,6982600
2012-09-07,62.43449020385742,62.67544337902659,61.47777660604171,61.83920366540517,10698000
2012-09-10,61.725826263427734,62.8101022736299,61.711655088486374,62.32111833981782,5591600
2012-09-11,62.78883743286133,63.15735283117118,61.94551472310782,62.151026479464484,5877800
2012-09-12,63.157352447509766,63.951067934220895,62.831361385927515,63.419559710749155,6016400
2012-09-13,64.26289367675781,64.46841085737071,62.57624270705502,62.810102237534345,7836600
2012-09-14,66.02748107910156,66.81411353309046,65.18415853452173,65.3471513309885,11375700
2012-09-17,65.19122314453125,66.26132737866223,65.00697093988836,65.86446982185761,7996500
2012-09-18,65.95663452148438,65.95663452148438,65.03535133202743,65.03535133202743,6596500
2012-09-19,66.57315826416016,66.77867536384508,65.77234932283963,66.1196051499519,6785200
2012-09-20,65.58104705810547,65.89994991899493,64.66685200829752,65.89994991899493,7094100
2012-09-21,64.99992370605469,66.20467371113128,64.75188757639563,66.20467371113128,10786300
2012-09-24,64.39752960205078,65.04242334787723,64.09988092796576,64.09988092796576,8604700
2012-09-25,61.662017822265625,63.462058942556574,61.65492953485772,62.831336532730816,13936300
2012-09-26,61.61951446533203,62.31402088451672,60.804539559908584,61.5840838297985,8864800
2012-09-27,61.5982780456543,62.3282153734312,61.47780410756709,62.25026037660231,7585300
2012-09-28,60.97462463378906,61.364394090693516,60.54233084198535,61.20140126172041,7519300
2012-10-01,60.570655822753906,61.76123402345101,60.40765764828415,61.456502537356535,7385000
2012-10-02,60.570655822753906,60.896646764914166,59.77693522002942,60.68404139069783,8819000
2012-10-03,60.4360237121582,60.69114807584288,59.91869210180603,60.599021936038206,5584500
2012-10-04,60.91791534423828,61.300601831072456,60.3793189471998,60.60609552382967,5076900
2012-10-05,60.54230880737305,61.89587979204356,60.24466560531305,61.54862938964024,6547700
2012-10-08,60.549400329589844,60.8116075139347,59.83363462344653,60.19506162055765,4532600
2012-10-09,60.0604248046875,61.05257449638659,59.88325540998341,60.74784292122432,5810600
2012-10-10,58.93363571166992,59.791135015608226,58.536772552793174,59.45096736611121,10634900
2012-10-11,58.71394729614258,59.31632226935318,58.288741750745785,59.096633909034246,7643800
2012-10-12,58.69267654418945,59.59978297508846,58.4375521846515,58.820238723958425,6012400
2012-10-15,58.68559646606445,58.96198032643983,58.18243596623283,58.75646855890456,6357300
2012-10-16,60.209259033203125,60.265954548987125,58.96907301103352,59.23836860083455,6943000
2012-10-17,61.39275360107422,61.491968056868835,60.38643245985317,60.67699294238193,7339000
2012-10-18,61.756370544433594,62.40515893520192,61.1931335584861,61.585256855925614,6813600
2012-10-19,59.788612365722656,60.94360539627176,59.524816150260726,60.836660690574554,9874300
2012-10-22,60.658382415771484,61.342820477965766,58.66923174778645,59.132654882236906,17158300
2012-10-23,59.5889778137207,59.988232197110555,59.16120448302685,59.81712395271962,7496100
2012-10-24,58.982948303222656,59.98821507139327,58.833222512762866,59.93830828771716,5509000
2012-10-25,59.5533332824707,59.560464379815066,58.71917439448625,59.45351967738368,5983300
2012-10-26,60.066646575927734,60.11655336440761,59.34655825120504,59.517671902649155,7165300
2012-10-31,60.46590805053711,61.25729110411151,60.20924298238148,60.979238186848356,5914600
2012-11-01,62.49069595336914,62.64041630373779,60.60135839778714,60.7582098427728,8550000
2012-11-02,61.16458511352539,63.09669803916826,61.10041615142236,63.0895669457278,6982000
2012-11-05,61.86328887939453,61.870419973862376,61.02199923342223,61.20736961356699,4044600
2012-11-06,62.79727554321289,63.16801091784221,62.24116976155286,62.27681436019931,7048900
2012-11-07,60.615623474121094,62.19126379560279,60.48729095054352,61.834785167824194,8209200
2012-11-08,59.6460075378418,60.77247588516092,59.54618851623482,60.71544343779843,6240600
2012-11-09,60.5656852722168,60.80809344188918,59.104126920001825,59.1754215206951,7282200
2012-11-12,60.72970199584961,61.0077549029529,60.0523947481739,60.20211512588856,5800500
2012-11-13,59.360801696777344,60.72967783947136,59.29663273789124,60.401718270248644,7695300
2012-11-14,57.82082748413086,59.817109807889345,57.66397603076575,59.817109807889345,8497000
2012-11-15,57.96343231201172,58.868885715377495,57.393064280039496,57.99907691436456,7794600
2012-11-16,58.41256332397461,58.61219040032507,57.15063191165643,58.0133091712737,8050900
2012-11-19,59.61747360229492,59.77431959238968,59.282382900932085,59.439234330457744,5674800
2012-11-20,59.41072082519531,59.724418273492034,58.88312861593778,59.67451149039269,5535900
2012-11-21,59.21110153198242,59.703038333539254,58.925917545330385,59.13980145574532,4517100
2012-11-23,60.00249481201172,60.023882662781716,59.35370099501225,59.61749717985264,2663700
2012-11-26,60.3518180847168,60.4658883893432,59.75293130727786,59.75293130727786,4240800
2012-11-27,59.89553451538086,60.686917424306344,59.81710879003281,60.24488201229295,4195600
2012-11-28,60.55857467651367,60.665513884427355,59.17543623356905,59.624597225098675,4884700
2012-11-29,61.49256896972656,61.65655154699622,60.94359422560808,60.993501020527944,7846300
2012-11-30,60.772491455078125,61.56387465895305,60.62277104345768,61.54961790331791,5663400
2012-12-03,60.237754821777344,61.25728387795197,60.194979128608274,61.25728387795197,4714100
2012-12-04,60.00249481201172,60.57285744379945,59.71017967966697,59.92406906623303,4468400
2012-12-05,61.34996795654297,61.72070329946266,60.29478892919491,60.33043896422426,8604400
2012-12-06,61.27867126464844,61.54959849117121,60.658401960624076,61.19311987895236,4132300
2012-12-07,62.02013397216797,62.41939363002581,61.685043279089214,61.81337576921659,7337200
2012-12-10,62.191280364990234,62.34812643387768,61.58526218476175,61.89183410390742,4336600
2012-12-11,62.262535095214844,62.85429070098145,62.0557769158712,62.45503108871125,5371600
2012-12-12,62.70457077026367,63.289195337402184,62.35522333658387,62.66179508760959,7093300
2012-12-13,62.99690628051758,63.67421352702952,62.61190869301321,62.6332965413025,6100000
2012-12-14,63.45320129394531,63.80967995290006,62.968390100189545,62.98977794941761,5866400
2012-12-17,63.90949630737305,63.94514635058403,63.38190939233449,63.63144337651267,6092800
2012-12-18,64.71513366699219,64.94327979225183,63.93088170137672,63.93088170137672,6653300
2012-12-19,64.72938537597656,65.47086152283961,64.69373533990907,64.81494219887946,7065800
2012-12-20,64.17723846435547,64.62898688853976,63.56056288614291,64.46406520527654,6893600
2012-12-21,63.02993392944336,63.230710997168565,62.01170424554281,62.7431072023653,10727800
2012-12-24,62.728790283203125,62.97976170570071,62.499329915381516,62.7503013378791,2326700
2012-12-26,62.86501693725586,63.58925330918365,62.79331161159578,62.86501693725586,3236100
2012-12-27,62.85783004760742,63.395628023494154,62.06188860563395,63.008412824364044,3953800
2012-12-28,62.24835968017578,62.814841220556225,62.162315452268615,62.449136839648894,3309200
2012-12-31,64.25611877441406,64.39236271325204,62.14794842751815,62.24833697063079,7213000
2013-01-02,67.04548645019531,67.71952838547288,66.65109904747665,66.65109904747665,11590000
2013-01-03,67.69087219238281,68.1139375107788,66.6081035487215,66.84473608482428,9329000
2013-01-04,68.06375122070312,68.06375122070312,67.43273652109329,67.81277977601553,5658600
2013-01-07,68.27169799804688,68.60154695169125,67.69087760910428,67.8127772389967,5368800
2013-01-08,67.4040298461914,68.25733793212318,67.09569204402183,67.88446151189868,5616100
2013-01-09,67.71955871582031,67.95618579266808,67.47575399291739,67.47575399291739,3546100
2013-01-10,68.178466796875,68.25734429809567,67.56896330897823,68.19997784797776,4596400
2013-01-11,68.2573471069336,68.400757767364,67.49008858502226,67.80559313212237,4288500
2013-01-14,67.85576629638672,68.4652750904766,67.51157863014457,68.35054222121967,3685800
2013-01-15,68.60150146484375,68.71623431391512,67.53307779399248,67.55458883550251,4789800
2013-01-16,68.2573471069336,68.601534880273,67.99920354154604,68.1928084802037,3809700
2013-01-17,68.6230239868164,69.04609460009159,68.18561450039012,68.63019615877408,4824100
2013-01-18,69.99982452392578,69.99982452392578,68.90271146189373,69.14651618815648,8330900
2013-01-22,70.071533203125,70.07870537885381,68.87403698246779,69.11783624957624,8330100
2013-01-23,69.44766235351562,70.0715101381638,69.26839631467291,69.8994162726891,4971000
2013-01-24,69.26840209960938,70.08585486734033,68.83816466460873,68.83816466460873,5816300
2013-01-25,68.53699493408203,69.03893766662507,67.87729720823535,68.7807941268128,8902700
2013-01-28,69.87789916992188,70.8029125791291,69.146496144679,70.31530873871208,15997500
2013-01-29,70.70252990722656,71.13276733843678,70.07151537283596,70.21492602631744,6961900
2013-01-30,70.73836517333984,70.96065326420111,70.45153847724403,70.86743691304476,5681000
2013-01-31,70.55194091796875,70.78140122595795,70.20058101809018,70.26511416529092,7154500
2013-02-01,71.3407211303711,71.49130396728613,70.95350577654696,70.98936117756935,6138500
2013-02-04,70.45872497558594,70.89613454514927,70.2077536170083,70.81725705091553,5765000
2013-02-05,70.58780670166016,71.06106626307542,70.50175702196371,70.6881952592563,4178000
2013-02-06,70.0571517944336,70.8100711954504,69.81335265628445,70.17905683427242,4489600
2013-02-07,68.91703796386719,70.38702170381964,68.27167911533282,69.85639027793277,6210100
2013-02-08,69.44766235351562,69.91375514865976,68.90986423698747,68.90986423698747,3934200
2013-02-11,69.26840209960938,69.54805670589808,69.05328611749195,69.52654565476291,2739200
2013-02-12,69.7129898071289,69.84923377025142,69.31860226691443,69.31860226691443,4149000
2013-02-13,69.11063385009766,69.91374758672302,68.85249034442396,69.6197486888528,3718500
2013-02-14,68.88835144042969,69.3257610017731,68.60869686458918,68.8811792672436,3586300
2013-02-15,68.55850982666016,69.13933008841013,68.3290494973841,69.02460265915501,4377200
2013-02-19,68.55132293701172,69.10346532599551,68.2143019540048,68.65171146759702,4368800
2013-02-20,66.84471893310547,68.19279752519012,66.72281934424589,68.1210922064942,8570800
2013-02-21,65.63287353515625,66.53637579631815,64.94449268357351,66.51486474951318,7193400
2013-02-22,65.64006805419922,66.32127696516966,65.2887080716499,65.96274480765541,5851800
2013-02-25,63.93343734741211,66.12765172785328,63.87607090681844,65.83365282288442,7540300
2013-02-26,64.49990844726562,64.67917445792591,63.46016777374175,64.24176495425365,7114200
2013-02-27,66.149169921875,66.22804741852168,64.57879763324733,64.57879763324733,6147300
2013-02-28,66.2352294921875,66.8017109297008,66.13484093068047,66.32127370446993,5446500
2013-03-01,65.51097106933594,65.94120839877111,64.62897989384406,65.64004281524294,4924400
2013-03-04,64.35652160644531,65.07358591403802,63.95496734483868,64.97319734863636,6350500
2013-03-05,64.68635559082031,65.45361400389996,64.528600604264,64.88713267525009,5352500
2013-03-06,64.27764129638672,65.28870455204002,64.1127195764501,65.2313380969463,7135900
2013-03-07,64.2848129272461,64.82261112997693,64.01232500323876,64.46407899482304,4738200
2013-03-08,64.90147399902344,65.05205680533258,64.54294194473546,64.84410755735377,5084900
2013-03-11,65.38191986083984,65.62571908482035,64.60748914213794,64.88714376765259,4846300
2013-03-12,64.3493423461914,65.36757770863996,64.105543134422,65.36757770863996,6593300
2013-03-13,64.01949310302734,64.47124706585828,63.91193237517398,64.39236956348354,5836100
2013-03-14,63.60361862182617,64.21312782018363,63.22357531417982,64.15576134750586,7328500
2013-03-15,63.696800231933594,63.997965816912064,63.180513245819384,63.539045267202646,7379400
2013-03-18,64.07685089111328,64.55011037061352,62.86501076461421,63.022765748036,7159800
2013-03-19,63.29525375366211,64.10553979105387,62.70009463271437,64.10553979105387,7509300
2013-03-20,62.34156036376953,63.015596959917005,61.96868393369478,62.82199204216831,9389000
2013-03-21,62.26268005371094,62.6140399474749,61.97585330602466,61.97585330602466,5449600
2013-03-22,62.728790283203125,62.83634555658302,62.363085941411384,62.39176917123493,5115500
2013-03-25,62.12642288208008,63.07294711825943,61.70335775921662,63.05143607414963,6685300
2013-03-26,62.38457107543945,62.664225611564746,62.14077192938742,62.42759316691583,4173000
2013-03-27,62.31289291381836,62.499331176048635,61.52412322544432,61.97587179505214,4838700
2013-03-28,62.36306381225586,63.08730006370094,62.13360352585685,62.420430251546804,6213400
2013-04-01,61.409385681152344,62.341571451365226,61.24446395721348,62.28420499487937,5666900
2013-04-02,60.86439895629883,61.681851594219424,60.570405519527704,61.681851594219424,6514300
2013-04-03,60.319454193115234,60.67798636277548,59.9465776730392,60.168871338349945,9222400
2013-04-04,60.68513870239258,60.75684949596331,60.1186573519296,60.355289840875926,7646200
2013-04-05,60.66360855102539,61.208578680124525,59.55216272059916,59.81030617802698,8985600
2013-04-08,60.36963653564453,61.201428159911586,60.025443313722036,60.728168634379536,6722000
2013-04-09,61.59581756591797,62.13361573068891,60.269249853636154,60.505876888353335,10533700
2013-04-10,62.07621383666992,62.29850186721109,61.595782396768776,61.93996996207362,6258700
2013-04-11,61.45238494873047,62.384570372487175,61.16556371443398,62.30569289182633,6920000
2013-04-12,60.9863166809082,61.18709379568473,60.44851849314275,60.943289105766034,4934500
2013-04-15,58.99286651611328,60.47002241785399,58.73472844951686,60.40548379813081,10345400
2013-04-16,59.23666763305664,60.03978142021568,58.88530774463428,59.968070631310425,6566500
2013-04-17,58.419219970703125,58.526780692502086,57.809716508196445,58.4694142447739,9405300
2013-04-18,58.06559753417969,58.70066548011026,57.76971554440691,58.70066548011026,6886900
2013-04-19,58.0439453125,58.570767080086995,57.74084509296608,58.41921146441232,7009500
2013-04-22,59.68935775756836,59.99245800229326,57.36557820286107,58.62850139512302,18449600
2013-04-23,60.69247817993164,61.1399158000406,59.71100601743385,60.55536455101915,12932500
2013-04-24,60.461551666259766,61.089406963212284,60.107934674276954,60.82238690466514,7022000
2013-04-25,60.9883918762207,61.356439965812406,60.63476927199433,61.12550556402704,6556100
2013-04-26,61.11103820800781,61.399707414941595,60.80071977408775,60.87288569934441,6160700
2013-04-29,61.19763946533203,61.702806438489,60.670817759690856,61.421355481171965,6065100
2013-04-30,61.10382080078125,61.616206034802055,60.15843450338161,61.20485419870607,6954300
2013-05-01,59.95637893676758,60.872897934142586,59.65327868622544,60.670831100447835,11607000
2013-05-02,60.807952880859375,61.024450709545,59.97081252673113,60.14401189086133,5798600
2013-05-03,62.770912170410156,63.131747475927575,61.688406253857906,61.76778495563471,11890000
2013-05-06,63.21110534667969,63.47090712150814,62.698720042409136,62.87913763571178,6381000
2013-05-07,64.79878997802734,64.81322096434113,63.44205152228208,63.58638340905401,10406900
2013-05-08,65.17404174804688,65.23899493684003,64.35855630722779,64.7771263944053,7431000
2013-05-09,64.91424560546875,65.44828562728541,64.62558187097173,64.93590034087305,5166100
2013-05-10,63.954444885253906,65.1307658768582,63.43484121836563,64.92148076069991,6967500
2013-05-13,63.55752182006836,63.860622113921316,63.32658747628863,63.64412426370166,5483600
2013-05-14,63.18223190307617,63.50698130968335,62.684277674098645,63.37708044585908,6856900
2013-05-15,62.785316467285156,62.91521734228135,62.381182858811414,62.763667239103704,6925400
2013-05-16,62.62657165527344,63.254427038029014,62.13583544374149,62.46059050623281,8192200
2013-05-17,63.268836975097656,63.40595610069678,62.857485104207996,63.066770162156445,6690800
2013-05-20,63.74514389038086,64.04824411859462,62.9801695687217,63.1966728779646,5603200
2013-05-21,63.57916259765625,64.2142360880094,63.31214806731079,63.97608352912697,4730000
2013-05-22,63.29048156738281,64.29360281949798,62.89356621558671,63.571932537060746,6479100
2013-05-23,62.74924087524414,63.05955937637031,61.904887804473525,62.08530540964203,6026800
2013-05-24,62.2152214050293,62.583274950552784,61.8976845809769,62.251307137184234,4637400
2013-05-28,62.200775146484375,63.06677744651705,61.991490064363006,62.814193901166554,5800400
2013-05-29,62.41727066040039,62.5399588115266,61.58013586877979,61.86880512675205,5110500
2013-05-30,62.359535217285156,62.785318064773826,62.05642949731025,62.40283367474973,3568000
2013-05-31,61.91931915283203,62.749235662943,61.91931915283203,62.22963762818142,5522300
2013-06-03,62.157447814941406,62.280135924491155,61.8759968979211,61.99868500747084,6092700
2013-06-04,62.00590515136719,62.40282598222195,61.65950652253661,62.02755437743073,5105500
2013-06-05,60.92340087890625,61.86879264569517,60.786287276108744,61.68115683997956,7359000
2013-06-06,60.62031173706055,60.844027792294845,60.115144674948255,60.836815052770405,7009400
2013-06-07,61.08938980102539,61.608993279299405,60.36050128256283,61.08938980102539,5474100
2013-06-10,60.475982666015625,61.1759983399756,60.35329451161099,61.13269987719061,4965200
2013-06-11,60.27391052246094,60.59866551213233,59.63162429481694,59.92029356144429,5275900
2013-06-12,60.050174713134766,60.89452749804333,59.905842880227944,60.74297742171922,4748100
2013-06-13,61.44300842285156,61.54404182359186,60.035753551177855,60.1295687073203,6352100
2013-06-14,60.5264778137207,61.44299648693836,60.187291960308194,61.34918134902044,5147500
2013-06-17,60.56258010864258,60.93063356318217,60.20174489993154,60.29556557797774,4389500
2013-06-18,61.01722717285156,61.248161452799245,60.59143882506541,60.68525398363844,3723900
2013-06-19,60.800743103027344,61.55128112666997,60.800743103027344,60.981160738347896,4711700
2013-06-20,60.04296112060547,60.38936525468318,59.42954252437672,60.03574838253598,7628100
2013-06-21,59.98524856567383,60.63474755273233,59.126458985755924,60.63474755273233,9736500
2013-06-24,58.83057403564453,59.35739589905052,58.35427439059094,59.22027674845676,7525600
2013-06-25,59.415130615234375,59.66771417642159,59.15532880775362,59.42234335561923,6249000
2013-06-26,59.24915313720703,60.20897632387572,58.96048380587463,59.84092278877917,6950600
2013-06-27,59.86977767944336,60.02132780768604,59.573895668848145,59.573895668848145,4658000
2013-06-28,59.53055953979492,60.0357318669412,59.400658713489356,59.72541353220598,8448800
2013-07-01,59.69657516479492,60.07905958813444,59.37182018780069,59.92750946790037,4676300
2013-07-02,59.52337646484375,60.32442553600974,59.20583972988589,59.732656033711635,3659900
2013-07-03,59.0687255859375,59.53781248243538,58.85944049347203,59.28522892460071,2928200
2013-07-05,59.278011322021484,59.63162830682946,58.74397672167146,59.559462361794374,4819500
2013-07-08,60.04296112060547,60.04296112060547,59.35737660233338,59.46562823835185,4879100
2013-07-09,61.580142974853516,62.24407849066922,60.418253069221656,60.67083663437885,7882100
2013-07-10,61.313140869140625,61.89769236336016,61.1904581738445,61.64510872424742,4216800
2013-07-11,62.56882858276367,62.705947736225134,62.135827394775006,62.39562920874997,5434500
2013-07-12,62.908016204833984,62.980182153699516,62.45336577166307,62.51831347386936,4876100
2013-07-15,63.07398986816406,63.52864020781297,62.92243975494776,62.95851996900431,4161800
2013-07-16,63.62968063354492,63.88948242939683,63.088427809838194,63.304931141684264,5432100
2013-07-17,62.54716491699219,64.22865807336437,61.97704470709274,63.83173719751426,15077400
2013-07-18,62.29283905029297,62.932334226345596,62.074826433031916,62.409108380352,7045900
2013-07-19,62.241947174072266,62.4163538768453,61.87859664245981,62.096603634853814,5086200
2013-07-22,62.496307373046875,62.895995277451185,62.04575060301753,62.04575060301753,4835000
2013-07-23,62.147483825683594,62.77244729761838,61.856807782794036,62.125683676895896,6891800
2013-07-24,60.63595199584961,61.973079588759525,60.05458879805987,61.464390948911266,16602100
2013-07-25,59.69124984741211,60.01100022309524,59.117155102113514,59.625849385635895,9941300
2013-07-26,59.63309860229492,59.647635731074125,59.17527884297281,59.502292164732864,5727000
2013-07-29,60.330726623535156,60.570539332035054,59.589493895059704,59.89470704535608,9068800
2013-07-30,60.45428466796875,60.8612356335543,60.06913385492657,60.657760150761526,5266000
2013-07-31,60.25078201293945,60.97021444387195,60.199907620893796,60.737670347798385,7012900
2013-08-01,61.362640380859375,61.63151622953554,60.39612662309954,60.766745722746016,6570400
2013-08-02,61.26091384887695,61.537058311056335,60.67955066668959,61.253645284419804,4864700
2013-08-05,60.7231330871582,61.253627250541435,60.679532801832224,61.12282085027492,3758400
2013-08-06,59.974639892578125,60.548734417288635,59.69849547514202,60.5414658540092,7223600
2013-08-07,59.9019660949707,60.14904178378954,59.444146442241696,59.86562882577318,4292400
2013-08-08,61.01384735107422,61.47166722566672,60.25807724868152,60.279877403049035,6400600
2013-08-09,61.413543701171875,61.617019228730186,60.679573653085995,60.8975863150655,5478600
2013-08-12,62.7288703918457,62.82333958658367,61.08652352449052,61.18099826352068,8608300
2013-08-13,62.91049575805664,63.53545896632939,62.82328965540656,62.94683302023279,6710300
2013-08-14,62.36551284790039,63.22302070684536,62.28557525173921,63.12128295614779,4462900
2013-08-15,62.394554138183594,62.88144252308424,61.6823846521002,61.740522068166015,5138900
2013-08-16,61.88588333129883,62.78699136122303,61.871346200974635,62.38730344166876,4706500
2013-08-19,61.18824768066406,62.13296159514879,61.00657235436246,61.878617247184735,3766000
2013-08-20,60.94114685058594,61.37716634564217,60.512390373707085,60.89754656436692,4690000
2013-08-21,60.27259063720703,60.93388575110641,60.19265307315588,60.69407305895295,5562600
2013-08-22,61.16645812988281,61.39900236608148,60.359819097754816,60.541494455544154,4739900
2013-08-23,60.96297836303711,61.333597619472066,60.60689623901456,61.31906048705965,4487200
2013-08-26,60.7231330871582,61.6097091840436,60.69406438217803,61.028351717305775,4123300
2013-08-27,60.09817886352539,60.70861067168578,59.93830927843257,60.22898528353909,5569900
2013-08-28,59.91650390625,60.069116017317285,59.19707136450033,59.4514156424634,6762900
2013-08-29,59.974639892578125,60.359790582048504,59.6040207853773,59.95283974702913,3706400
2013-08-30,59.98192596435547,60.14180113743413,59.74211320473748,60.01825770277912,4425700
2013-09-03,59.96010971069336,60.70861096156658,59.38601517257471,60.42519797423185,7544200
2013-09-04,60.708621978759766,60.85396000838245,59.80751399766011,60.13452733645638,4482200
2013-09-05,60.279850006103516,60.694069383699976,60.105443306138966,60.58506866140277,3728400
2013-09-06,60.599609375,61.20277266928697,59.88017677797848,60.47607150825396,5566500
2013-09-09,62.19834899902344,62.51809928038772,61.05742841104338,61.07196553889983,6702200
2013-09-10,62.93958282470703,63.14305824597687,62.627101129388514,63.084920827245654,6298400
2013-09-11,63.31746292114258,63.317462921142585,62.68523653171809,62.85964323801217,4382900
2013-09-12,63.10673904418945,63.38288909009523,62.946869413333104,63.179413610558974,3980600
2013-09-13,63.23025894165039,63.36832836891303,62.772433738837854,63.29565937388708,3276000
2013-09-16,63.35380554199219,64.10957539213179,63.24479926224605,63.920631543524465,4866600
2013-09-17,63.27388000488281,63.55002449436514,62.98319838504887,63.48462404065515,3415400
2013-09-18,63.83341979980469,63.95696319627847,62.641630479730516,62.72156804156506,5564700
2013-09-19,63.76804733276367,64.13139802981645,63.44829694518389,63.97879140236928,4765200
2013-09-20,61.587913513183594,63.695347650811094,61.587913513183594,63.666278943720286,13435200
2013-09-23,61.7913932800293,62.05300611802336,61.31903645896837,61.76959313424468,6048400
2013-09-24,61.84951400756836,62.089326635061845,61.42802615517762,61.86404558607348,3720900
2013-09-25,61.40626525878906,62.169303908715435,61.35539638508007,61.87135368821173,3824700
2013-09-26,61.18824768066406,61.66060463790643,60.970240615676715,61.47166074615129,3475100
2013-09-27,60.89756393432617,60.98476453163665,60.59234521086872,60.7667574940702,3017600
2013-09-30,60.606876373291016,60.91935808623414,60.19265694397475,60.279857532700454,5401500
2013-10-01,60.8685188293457,61.26093830232017,60.37436159052145,60.72317520363715,3866000
2013-10-02,61.09379196166992,61.22459844718634,60.55603442978784,60.69410393806637,3324900
2013-10-03,61.021087646484375,61.23909463344938,60.62139985394838,60.96295023224478,4223500
2013-10-04,61.18824768066406,61.29725398530322,60.70862770225913,61.02110948526953,3212000
2013-10-07,60.70134353637695,61.15916878934074,60.534205383937426,60.65047467985759,3364300
2013-10-08,60.207183837890625,60.96295363228945,60.04730871195962,60.70860936116708,5671300
2013-10-09,60.694087982177734,60.96296944957853,59.91651784054919,60.35254304050523,4577500
2013-10-10,61.57339859008789,61.73326820590563,61.09377310976325,61.36265456488074,4317100
2013-10-11,62.212886810302734,62.38729353646742,61.297241795430864,61.507985797346045,4110300
2013-10-14,62.67071533203125,62.801521781066306,61.66786958562295,61.813207620421615,4689600
2013-10-15,62.314632415771484,63.04133366843354,62.27103211478474,62.670714477174535,4896500
2013-10-16,62.692501068115234,62.85237619620852,62.205612664768864,62.53989450337784,3549500
2013-10-17,62.82423782348633,62.92668808681473,62.16562499986046,62.4437090715695,3850700
2013-10-18,63.91459655761719,64.2219528923816,63.13158073807341,63.16085303581859,6752700
2013-10-21,64.17807006835938,64.25125363668353,63.804860668893696,64.19270901527317,3883500
2013-10-22,65.25376892089844,65.25376892089844,64.06095220787446,64.30975834135259,9152900
2013-10-23,61.29480743408203,61.946100889354696,60.77523656432077,61.5802054388365,20968800
2013-10-24,61.858272552490234,62.20221510578621,60.83376436353555,60.972806395664676,8368700
2013-10-25,62.033905029296875,62.04122450073231,61.1850305857743,61.704601395273286,4886400
2013-10-28,61.6753044128418,62.00461349821087,61.58017365473177,61.83629922127309,3979200
2013-10-29,61.52166748046875,61.54362031657463,60.95087140922732,61.40458382686332,5324100
2013-10-30,61.097190856933594,61.72653117041,60.892290398242444,61.59480864937729,4657000
2013-10-31,61.00209045410156,61.66801727624762,61.00209045410156,61.06063506661067,4651300
2013-11-01,61.170387268066406,61.32406824161523,60.59227747779223,61.30942929979132,5880200
2013-11-04,61.38992691040039,61.463104870373094,61.06793718677595,61.331382309174046,3892500
2013-11-05,61.50699996948242,61.6094502031788,61.00206268689384,61.185010330368655,4010900
2013-11-06,61.63143539428711,61.733885681787655,61.360670729823134,61.689980010893684,3664100
2013-11-07,61.21430587768555,61.785101848864684,61.104536133276994,61.43383978338153,5431600
2013-11-08,61.646060943603516,61.70460555278991,61.10453726643242,61.11917062716841,4557300
2013-11-11,61.58018493652344,61.81435772356548,61.338692679633944,61.60945723279365,2522500
2013-11-12,61.360626220703125,61.675296327809,61.13377297480745,61.45576254946031,3483000
2013-11-13,61.61676788330078,61.65335964749659,60.738621373794864,61.07524438854278,3952800
2013-11-14,61.29480743408203,61.61679163401542,61.14844590400185,61.47043568705674,4496300
2013-11-15,61.2801513671875,61.550915934840205,61.10452316328517,61.47041851156832,4743900
2013-11-18,61.49971008300781,62.18027586742407,61.28017057198772,61.507029555540925,4803100
2013-11-19,61.228939056396484,61.836326801615854,61.089902591471414,61.55092881687347,5010300
2013-11-20,60.50444030761719,61.258183648556496,60.343445500209064,60.87033556695616,7443000
2013-11-21,60.094661712646484,60.80449408945496,59.91171401506148,60.77522737098754,6208500
2013-11-22,60.65082931518555,60.70205445615553,60.00685531683114,60.16785021220015,4403800
2013-11-25,61.76314163208008,62.15830931483115,61.37529342024675,61.76314163208008,8111400
2013-11-26,61.7338752746582,62.07781786033741,61.47774959908464,62.05586502859125,3834900
2013-11-27,61.96072006225586,62.150987216229574,61.71191389277658,61.785091849498706,3053600
2013-11-29,61.90950393676758,62.33394396384389,61.858278801301196,61.938776240337084,2284400
2013-12-02,61.65336227416992,62.268063740388875,61.492367437840315,61.98266583348442,4834700
2013-12-03,61.37528991699219,61.433828931631375,60.93621101691743,61.32406478973282,3924300
2013-12-04,61.4484748840332,61.74850621132369,60.81913434411177,61.28748001338529,5246700
2013-12-05,61.770450592041016,61.894853660871675,61.25087432458212,61.41186915865451,5291900
2013-12-06,62.56813049316406,62.626675113107005,62.15100984653452,62.24614066660012,5759300
2013-12-09,62.999874114990234,63.32186388846037,62.612025842285576,62.714476118731284,6023400
2013-12-10,63.24134826660156,63.5706574174795,62.87545293215034,62.912044698843346,4987000
2013-12-11,62.40712356567383,63.095008759770664,62.29003993145036,62.9559667099542,5624100
2013-12-12,62.619300842285156,62.71443157910275,62.08509142325126,62.47294500362463,4551700
2013-12-13,62.970577239990234,63.10229975850631,62.61931532957449,62.69249326583483,4226200
2013-12-16,63.943885803222656,64.28782841398808,63.256006164813215,63.2999118315079,6976200
2013-12-17,63.60725784301758,64.14146760750114,63.21209012335597,63.826797326092134,4764400
2013-12-18,64.52198028564453,64.73420024416852,63.40966095395695,63.67310603466814,6963200
2013-12-19,64.06095886230469,64.2804927235099,63.85605835859848,64.03168656418666,4299700
2013-12-20,65.07817077636719,65.20989337346411,64.25856288519502,64.28783519378567,7389700
2013-12-23,65.8319091796875,65.91240662593107,65.32697166836354,65.35624397455408,5733300
2013-12-24,66.52709197998047,66.57831710316327,65.85384032556678,65.86115979548423,2675700
2013-12-26,66.7027359008789,67.08326467949834,66.37342667439725,66.58564668707538,4790800
2013-12-27,66.4978256225586,66.90762664462169,66.2709666998135,66.69540666301896,3373800
2013-12-30,66.4978256225586,66.61490923609654,66.06606618878195,66.48318668141623,2625000
2013-12-31,66.45392608642578,66.7246907140459,66.1978004025263,66.592968136166,3098900
2014-01-02,65.76605987548828,66.19049441680434,65.37089206133419,66.16122768964239,4898000
2014-01-03,65.72945404052734,66.0441243299116,65.56113968815482,65.86117661708636,3722000
2014-01-06,64.86592102050781,66.08069614665379,64.6756538933641,66.00019873067451,5233900
2014-01-07,65.07817077636719,65.29771029923606,64.94644817927026,64.96108154200459,3512100
2014-01-08,65.23182678222656,65.7294447138264,64.88788423761957,64.96838166649016,4421600
2014-01-09,65.64895629882812,65.7148203783658,64.90253209050141,65.31965265050303,4466400
2014-01-10,66.2343521118164,66.30021056935627,65.34156691104631,65.42938377088392,5416000
2014-01-13,65.7806625366211,66.78321775921613,65.72943741331301,66.05142709303223,5213600
2014-01-14,66.27095794677734,66.38072765836597,65.75870673685637,65.75870673685637,3712100
2014-01-15,67.6247787475586,68.20288846587573,66.50513432844981,66.50513432844981,10121900
2014-01-16,67.77210235595703,68.3981884580446,67.54376084043231,67.68371154804996,4771000
2014-01-17,67.3522720336914,67.95626198380909,67.0355452537755,67.87523846199741,6833400
2014-01-21,66.73351287841797,67.65422913120962,66.0264034706267,67.4700858806513,5544900
2014-01-22,66.02641296386719,66.89556945625358,65.81280608815453,66.72615516875497,4787300
2014-01-23,65.1720199584961,65.6139628952831,64.85529315687036,65.3340613936175,5014800
2014-01-24,63.47050476074219,64.81106762194136,63.25689788038099,64.80370593681671,8087400
2014-01-27,67.24176788330078,67.99307007222596,65.60657448549051,67.5953198711688,22202300
2014-01-28,68.11092376708984,68.25823615722231,67.2859597713686,67.32279067870545,9409600
2014-01-29,66.74825286865234,67.73525807383554,66.50518240960639,67.25648445984983,8145900
2014-01-30,68.64863586425781,69.12740967887557,66.82930436008449,67.41855968456039,14764700
2014-01-31,69.17157745361328,69.74610353040894,67.77208754216369,67.8825746229951,9697300
2014-02-03,68.07405090332031,69.19364460886898,67.72786081830992,69.04632668992626,9084100
2014-02-04,68.1330337524414,68.24352087704276,67.38909310770812,68.11830475831191,6839700
2014-02-05,67.73526763916016,68.1403851281126,67.07235066615038,67.94150722640602,5134500
2014-02-06,69.11266326904297,69.40729366684418,67.61005329790346,67.72054039952985,6844200
2014-02-07,69.87870025634766,70.15122873892103,69.14948875528188,69.36309565381158,9140200
2014-02-10,69.60617065429688,69.95972827945407,68.96534991727788,69.95236097361952,5933400
2014-02-11,69.94499206542969,70.22488786504486,69.44412205270254,69.69455986886994,6006100
2014-02-12,70.83621978759766,71.18240997584824,70.09964683203664,70.20276659624672,8002000
2014-02-13,70.79203796386719,71.01301213195005,70.05546489639971,70.18804827332812,4387000
2014-02-14,71.11614990234375,71.21190240227904,70.59317794688994,70.60791255894642,4145300
2014-02-18,71.12350463867188,71.40340604431383,70.60053835392958,70.60053835392958,4871700
2014-02-19,70.86571502685547,71.94111134786435,70.79205882232766,70.85098603379319,5865200
2014-02-20,71.38868713378906,71.830630016156,70.1954419133592,71.08669498502164,7718400
2014-02-21,71.81588745117188,72.14734314541117,71.38867364378216,71.52862435093579,5554600
2014-02-24,71.68328857421875,72.36093442747666,71.58016879740151,71.85270284733642,4887800
2014-02-25,71.01300811767578,71.4328545176146,70.57842711024088,71.32972912396069,5989200
2014-02-26,71.59491729736328,72.11788924752663,70.96146385593377,71.19717268958931,4753900
2014-02-27,71.22663116455078,71.9190118191609,71.09404775451071,71.60228509626563,4337700
2014-02-28,71.42549896240234,71.83061082148055,70.93199630262721,71.17506117023127,5411100
2014-03-03,70.9393539428711,71.20452071023438,70.41638771268427,70.94672124741085,4859200
2014-03-04,71.46232604980469,71.78642004092451,71.12350306800091,71.59490944438942,6261300
2014-03-05,70.98355865478516,71.37394153706144,70.62263375415355,71.1087747454007,5384800
2014-03-06,71.88954162597656,72.29465912497162,71.1971666544315,71.4107679325117,6714300
2014-03-07,71.48443603515625,72.0884258743142,71.07931850052253,72.02213135973417,5259200
2014-03-10,71.263427734375,71.30025862704106,70.60787830607683,71.18240426619386,4640300
2014-03-11,71.3297348022461,72.11787339744677,71.16769344413323,71.51387807336252,5731200
2014-03-12,71.31501007080078,71.62436943604001,70.93199451663892,70.93199451663892,4448600
2014-03-13,70.42376708984375,71.98530436316281,70.01864956481047,71.5949158301272,8434600
2014-03-14,70.26171875,70.89517216645852,70.12176804043591,70.30591134476437,5002000
2014-03-17,70.46794891357422,71.04247504699255,70.37956373588335,70.70365208676141,4697200
2014-03-18,71.01300811767578,71.18978407038523,70.49003632408305,70.79940126583234,4921300
2014-03-19,70.740478515625,71.24134842941451,70.15858511433963,70.77730379746438,5109200
2014-03-20,70.86571502685547,70.88781132625299,70.04811823149801,70.49742838460826,4396000
2014-03-21,71.73486328125,71.91163927522469,71.2045296797184,71.4991600827479,8339700
2014-03-24,71.33708953857422,71.88951925459767,71.02036294326987,71.88951925459767,4808600
2014-03-25,72.61874389648438,73.17117375697146,71.55808238568203,71.71276207226555,9070400
2014-03-26,72.0368423461914,73.36267038728082,72.0368423461914,73.12696724978007,5610200
2014-03-27,72.515625,72.83971898709147,71.66120306076864,72.05158593452491,4947700
2014-03-28,73.20801544189453,73.37742976335025,72.75870530630323,72.85446342610307,5821500
2014-03-31,73.19327545166016,74.12135356836922,72.95757227001239,73.65731451001469,5772600
2014-04-01,73.51736450195312,73.71624239997072,72.8765494562695,72.8765494562695,4814300
2014-04-02,75.59449768066406,75.69025578331681,73.56892158999626,73.68677598722827,9358300
2014-04-03,75.53559112548828,76.01435925554993,74.84321045305488,75.07154636859863,8230200
2014-04-04,75.25566864013672,76.14692137369721,75.0641636895117,75.78600214563538,4889200
2014-04-07,74.47489166259766,75.18200102250971,73.95929284378855,74.8431781387772,5215100
2014-04-08,75.41771697998047,76.0511702764033,74.36441725403148,74.37915186256593,6626900
2014-04-09,75.85965728759766,76.0143369546453,75.01996445527823,75.60922514655094,4062000
2014-04-10,75.32196807861328,76.39736414880846,75.12309019120332,75.80074172579234,4538900
2014-04-11,74.72533416748047,75.20410777705932,74.37178224812834,74.46753472220153,5363900
2014-04-14,75.7049789428711,75.74180984407137,74.35704888127513,75.26303622650046,4114100
2014-04-15,75.49871063232422,75.93328587904163,74.58536195035899,75.59446307153203,6317900
2014-04-16,76.26187133789062,76.42487245260642,75.72841519980078,76.03219103226114,3801400
2014-04-17,76.18778991699219,76.63974554786981,76.01737810014664,76.35079104979339,3556800
2014-04-21,76.04704284667969,76.2989553215621,75.239453225643,76.2396811330371,3821400
2014-04-22,76.82498931884766,77.15839668627207,76.13594252716658,76.1507582456912,4528500
2014-04-23,76.59528350830078,77.51401609510796,76.44710375052951,76.72864755137309,6427400
2014-04-24,78.00299835205078,79.57372947539214,77.63995406060614,78.55127013033169,8849200
2014-04-25,77.56588745117188,78.00302173786788,76.52861208336806,77.8177941954992,5731800
2014-04-28,77.247314453125,78.10676751726764,76.49899341900705,77.78817584156968,4036200
2014-04-29,78.01783752441406,78.166017286628,76.9286987487852,77.63997178226421,4975800
2014-04-30,78.0919418334961,78.71430373301465,77.78816591632872,77.965988447074,5199300
2014-05-01,77.8474349975586,78.38089124948253,77.52143269856147,77.94375128921854,2970800
2014-05-02,77.80298614501953,78.22530475712223,77.59553218155807,77.74371196897438,2677000
2014-05-05,77.43993377685547,77.647393386907,76.91388819850596,77.54366640822943,3166400
2014-05-06,76.95836639404297,77.40291150992145,76.75831741764405,77.2102732203849,2836300
2014-05-07,77.51399993896484,77.54363701488096,76.63231530171659,77.12872360474954,3399800
2014-05-08,77.75111389160156,77.8103824082706,77.16579418768853,77.46215938181734,3118400
2014-05-09,77.84002685546875,78.01784938038297,77.27693915132974,77.76593696310272,2761800
2014-05-12,78.6846694946289,78.90694483976331,78.27717223214495,78.3216250400931,3664200
2014-05-13,79.38851928710938,80.17388219356145,78.40310748577521,78.90692658585846,3951500
2014-05-14,78.92916870117188,79.30703451464935,78.75876250772876,79.16625975708591,3082300
2014-05-15,77.78816986083984,79.08476286994825,77.08430734554548,78.89953529721848,5151000
2014-05-16,78.55872344970703,78.57354482220693,77.18062974747995,77.83263447273849,4403300
2014-05-19,78.08454132080078,78.18826831756708,77.58813274303387,78.10676772686537,3924300
2014-05-20,75.246826171875,77.6547839400652,74.6244644158519,77.63996822560074,9277600
2014-05-21,76.2248306274414,76.31374187624822,75.18756098817315,75.18756098817315,5460200
2014-05-22,76.3730239868164,76.9657487490999,75.95070540326965,76.23965992608079,3112300
2014-05-23,77.0768814086914,77.16579266097973,76.42488251666441,76.42488251666441,2888600
2014-05-27,76.81756591796875,77.41029630938556,76.65456477769433,77.20283671550251,3443400
2014-05-28,76.2470703125,76.95093273142587,76.20261185729792,76.70643101225097,3353300
2014-05-29,76.75828552246094,76.81014900355109,75.98773833719616,76.52119451566374,3071200
2014-05-30,75.74322509765625,76.2989075485792,75.239406116045,76.23963339716747,5939300
2014-06-02,76.8768539428711,77.01021802234077,75.58026092407576,75.88403120621967,3747000
2014-06-03,77.41769409179688,77.4769682559274,76.35078740092447,76.62492051781119,3643600
2014-06-04,77.28434753417969,77.86966731883062,77.10653065425305,77.36584811512455,2879900
2014-06-05,79.24774932861328,79.36629766645022,77.6251542838195,77.64738633668583,5389200
2014-06-06,80.15167999267578,80.2850440786282,79.26258985479109,79.3366797574986,4299600
2014-06-09,80.573974609375,80.98147743169604,79.76638530129674,79.82565381415617,3900400
2014-06-10,80.98887634277344,81.1296510621547,80.31465113179536,80.38874100679254,4752700
2014-06-11,80.529541015625,80.74440567747942,80.26281285971586,80.70735790199879,2738800
2014-06-12,79.01807403564453,80.3887567764081,78.86248357182019,80.36653037481837,3408600
2014-06-13,79.10699462890625,79.44781836017229,78.58835965123585,78.94399910213649,2009100
2014-06-16,79.1366195678711,79.18848305767347,78.33644081844831,78.90693920627437,2137200
2014-06-17,79.03289031982422,79.2773920444589,78.53648183843592,78.9143476262626,2138400
2014-06-18,79.63306427001953,79.72196991368003,78.57356201237596,79.00328581303178,2218700
2014-06-19,79.4626235961914,79.58857698090883,79.04771566879447,79.26998535017287,2592400
2014-06-20,81.04075622558594,81.15189388692683,79.75157405104186,80.05534994852722,7762900
2014-06-23,80.5962142944336,81.38898801815829,80.2331698627793,80.94444300860457,2839500
2014-06-24,79.87752532958984,81.01111700953685,79.27738988789935,80.43320796899101,2864200
2014-06-25,80.34429168701172,80.67028828163687,79.53669675233917,79.63301868142679,2176200
2014-06-26,80.40355682373047,80.61101638776158,79.90714844264865,80.42578887368373,1522900
2014-06-27,80.5962142944336,80.67030418724313,79.81826194088869,80.27021198283583,3632100
2014-06-30,80.51470947265625,80.78143759486872,79.99607459762989,80.52212015735553,2249200
2014-07-01,80.88514709472656,81.3148762713037,80.76660442862992,80.8184679049275,2346300
2014-07-02,81.17410278320312,81.46305724875774,80.98147024129675,80.99628595502222,1849000
2014-07-03,82.30029296875,82.35956713174336,81.27042841069533,81.42601884903144,2876200
2014-07-07,81.61865234375,81.83351127998873,81.1815124827621,81.63346805729596,2697100
2014-07-08,81.10005187988281,81.78168809269953,81.05559906465061,81.65573468107644,2450600
2014-07-09,81.6038589477539,81.71499662187415,81.0704026341343,81.34454147660462,2270600
2014-07-10,81.02593994140625,81.18153040511571,79.87012183802382,80.12202859278308,2303600
2014-07-11,81.47049713134766,81.49272353624943,80.49990643265643,81.12967906656064,1992300
2014-07-14,81.56678771972656,82.27065568497775,81.56678771972656,81.81870008548134,2375100
2014-07-15,81.38896942138672,81.81128793187061,81.05556215357662,81.68533457760414,3212900
2014-07-16,82.53739166259766,82.58184446263915,81.44084215577553,81.63348037711505,3974100
2014-07-17,81.32209014892578,82.51504165268189,81.21770724787471,82.3137333973524,3164700
2014-07-18,82.14222717285156,82.14222717285156,81.30716413502324,81.59048828165209,2424900
2014-07-21,82.18696594238281,82.42555619203499,81.6053968759429,82.01547653398895,2075900
2014-07-22,82.06023406982422,82.96986143632557,81.86638334693585,82.64179761537312,2879400
2014-07-23,80.80760192871094,82.00055874337188,80.68085211589612,81.85889384173197,4471400
2014-07-24,78.31731414794922,79.2045741843937,77.60899535224968,78.73484560583393,8690300
2014-07-25,78.1756591796875,78.54845679684236,77.61646275395519,77.64628724594041,4126200
2014-07-28,77.65372467041016,78.2129209512507,76.92303902719883,78.12344749847827,4474300
2014-07-29,78.05636596679688,79.36115761123634,78.05636596679688,78.28749866636817,7947100
2014-07-30,77.07962799072266,78.5260844664191,76.81867081429283,78.34714321521577,5856900
2014-07-31,75.11874389648438,76.56520093424666,75.11128634899143,76.22967955836836,6711400
2014-08-01,74.94723510742188,75.19328291526013,73.89594871970291,74.94723510742188,6011900
2014-08-04,75.90904235839844,76.0879892946888,74.63407530163809,74.82793163839946,5183900
2014-08-05,75.67791748046875,76.40114577934881,75.26038596294637,75.3871357895599,5685400
2014-08-06,75.67047119140625,75.9388859750095,75.01434932506565,75.12618976630718,5526900
2014-08-07,76.00598907470703,77.14674900916353,75.96124948717087,76.54281861761382,5752800
2014-08-08,77.00507354736328,77.12437151322509,75.88668071538933,76.05817011920564,4690200
2014-08-11,77.91470336914062,78.17566056809562,77.48971430557383,77.99671930144652,5197900
2014-08-12,77.78792572021484,78.40677091956867,77.63880331097631,77.98177631956754,4200900
2014-08-13,78.40681457519531,78.66031427938789,77.78796903127845,77.78796903127845,4664900
2014-08-14,78.77960205078125,79.03310172207979,78.28004887705883,78.66776161820339,4178800
2014-08-15,78.83924102783203,79.3462460310648,78.38442746514792,79.04055493311996,4099200
2014-08-18,79.7637710571289,79.85323883386269,79.24185104294395,79.54754778262307,3478600
2014-08-19,80.00237274169922,80.30060629147378,79.68176655609525,79.9725482490337,3639200
2014-08-20,80.30061340332031,80.63613470919273,79.92781574464483,80.06948067524259,5341600
2014-08-21,80.50189208984375,80.94924794676399,80.18128601617055,80.65100881267105,4118100
2014-08-22,80.00981903076172,80.39007417523528,79.43571323011254,80.21113292013476,4603700
2014-08-25,80.50189208984375,80.77030674168357,80.32295088476332,80.49443454717088,3014100
2014-08-26,80.56901550292969,81.00146208421555,80.50937221013574,80.5615636466054,2865800
2014-08-27,80.93437957763672,81.21024622355516,80.58394884406776,80.62122519945179,3281900
2014-08-28,81.0089340209961,81.1356838623065,80.37517912600309,80.53920532087723,3227800
2014-08-29,81.32209014892578,81.34445710080223,80.71070214772318,81.19534029599826,4437200
2014-09-02,81.21025085449219,81.81418700594104,81.14314999790984,81.29226680483164,4040200
2014-09-03,80.86727142333984,81.76198926132747,80.56158028614722,81.60540923113777,4669000
2014-09-04,81.13566589355469,81.63521329051564,80.64357604103128,80.74795890939806,4604000
2014-09-05,80.92691802978516,81.40409858726,80.665960801235,81.26989119994265,4305000
2014-09-08,80.45716857910156,80.86724246394154,80.16638126176973,80.69575877943508,3496900
2014-09-09,80.07691955566406,80.67339225744561,79.92034525812993,80.39006815073235,3578500
2014-09-10,78.98090362548828,79.12256854071609,78.57082397006053,78.74231337735947,8154700
2014-09-11,78.72740936279297,78.77960649759092,77.98181402144205,78.77960649759092,5460100
2014-09-12,78.30242919921875,78.35462065154348,77.84016367532587,78.26515284095346,6904200
2014-09-15,78.18312072753906,78.2129452210512,76.9603449357438,77.78049859778591,7051900
2014-09-16,78.18312072753906,78.9063490519971,77.37041892254462,77.69848266273765,5289700
2014-09-17,77.53443908691406,78.59318853720907,77.45242316424812,78.42169914751493,5122200
2014-09-18,77.79541778564453,77.95199781838845,77.09456200949539,77.76559897682219,3915800
2014-09-19,76.43098449707031,78.2875154126642,76.11037825403318,78.17567496724355,8285400
2014-09-22,75.23054504394531,76.24455481232579,75.17089607205492,76.125256868545,5093200
2014-09-23,74.55207824707031,75.37223200310963,74.47006230262227,75.20074825631183,5710300
2014-09-24,75.45423126220703,75.67045455080697,74.47750337960035,74.58934379624719,5797000
2014-09-25,74.19417572021484,75.45422766832948,73.95558549733755,75.30511091219603,4960800
2014-09-26,74.84285736083984,75.03671373987802,73.99287913763365,74.14200161706339,2935900
2014-09-29,74.43277740478516,74.63408562540816,73.26219305471977,74.0748891711392,3156400
2014-09-30,73.8363037109375,74.63409047668033,73.66481997267513,74.58189903176037,3746100
2014-10-01,72.77753448486328,73.81391116636644,72.52402920569763,73.54549648886818,4827300
2014-10-02,72.62843322753906,73.05342227608543,71.68898165606389,72.80737448786383,4460800
2014-10-03,72.613525390625,73.32183864613913,72.34511062910707,73.09816347050129,3921900
2014-10-06,73.06834411621094,73.16526946362835,72.25564791720683,72.92667917976611,3982400
2014-10-07,70.60787963867188,72.70300650764062,70.60042778060999,72.38985212736189,6479500
2014-10-08,72.0617904663086,72.21836480448212,69.81754690893935,70.51840834609409,6214200
2014-10-09,69.71312713623047,71.96482136007087,69.51927085838312,71.73368874815465,6414500
2014-10-10,69.437255859375,70.51091441097965,68.30395403479967,69.51927175920247,6179100
2014-10-13,68.35617065429688,70.13068524711818,68.31143676096764,69.55657942511252,5852400
2014-10-14,69.19123840332031,70.83900315004756,68.88554163394174,68.97501510780768,6791300
2014-10-15,69.03466796875,69.15396595043687,67.14086086121829,68.16978035528365,9377600
2014-10-16,70.04888916015625,70.73255225671242,67.8176011820234,67.8176011820234,7439400
2014-10-17,71.4087142944336,71.82191223991288,70.60485001195454,70.7701257510811,7442600
2014-10-20,70.64240264892578,71.59652531558262,70.07143192023683,71.01804023036793,4270800
2014-10-21,72.03974151611328,72.36278991567409,71.40115907003408,71.40115907003408,3990500
2014-10-22,71.04806518554688,72.10736551779473,70.65740476985408,71.76928838266835,6211300
2014-10-23,74.57907104492188,75.08242968020583,73.12910998172204,73.32444309792515,11670100
2014-10-24,74.7068099975586,74.88711444615326,73.9029457383458,74.75939903388934,4133800
2014-10-27,74.03063201904297,74.20342204251773,72.98636032870708,74.13581005031617,4346100
2014-10-28,75.99898529052734,75.99898529052734,74.39876579767008,74.70679131326607,5069600
2014-10-29,75.27024841308594,76.50984764895867,75.0072975625445,76.27695421973206,4426400
2014-10-30,75.2477035522461,75.56323766320618,74.42129650196043,74.8495230044843,2650900
2014-10-31,76.18680572509766,76.90802908673646,75.75857344323292,76.14172532440077,5367700
2014-11-03,75.29277038574219,76.44973440404516,74.95469324621074,76.33704202420134,4434300
2014-11-04,74.08323669433594,75.1275086054092,73.65501012455606,74.93968983389567,4849000
2014-11-05,74.68424987792969,74.85703991669448,73.96302083998856,74.71429583371835,3515600
2014-11-06,75.81117248535156,75.8712701367221,74.55653872224708,74.75938620741671,3427700
2014-11-07,76.44975280761719,76.50234183330093,75.80365578820323,76.07411527222646,2708200
2014-11-10,76.78782653808594,77.0432630501299,76.52488140199222,76.52488140199222,3308100
2014-11-11,77.02825164794922,77.23109917835748,76.32956542545202,76.86297017332778,2464400
2014-11-12,77.37382507324219,77.54662087744425,76.26944970022213,76.75777968763722,2808700
2014-11-13,75.9614028930664,77.51654165142745,75.63835446829708,77.42638660319912,3924100
2014-11-14,76.13420104980469,76.404660491654,75.61582522940434,75.87877031682089,2660500
2014-11-17,76.40465545654297,76.69014358844399,75.46556182638992,76.06658404239693,2477000
2014-11-18,76.66011047363281,76.96813027841202,76.11167713879797,76.40467396383573,2761200
2014-11-19,76.10417175292969,76.85544687099701,75.79614620327042,76.52488398487962,4679100
2014-11-20,76.69763946533203,76.73520549700466,75.1800669331682,75.37539998067679,3052600
2014-11-21,79.97322082519531,80.47657942736461,78.28285208855571,78.35798417338059,8738000
2014-11-24,79.6051025390625,79.98825441430367,78.95900554621414,79.93566539078222,4108600
2014-11-25,79.81544494628906,80.10844170306127,79.1317877577448,79.71026691728225,3321500
2014-11-26,79.47737121582031,79.965701040152,79.22193477297208,79.85300866041814,2463800
2014-11-28,75.5782699584961,78.59088455673722,75.21766113916092,78.42560312630283,5780900
2014-12-01,74.376220703125,75.4805958064066,73.46717869345512,75.3078000444091,7431800
2014-12-02,74.75936889648438,75.09744031778607,74.16586102185268,74.7368315659673,3900400
2014-12-03,75.26272583007812,76.22435686317445,75.09744442155724,75.15754779406903,6930700
2014-12-04,74.87957000732422,75.78110335167071,74.75936900047502,74.89459871553835,3390100
2014-12-05,74.2109375,75.097442156606,74.15834848358155,74.98474976948847,3605000
2014-12-08,71.55892944335938,74.19590577105026,71.52136340816052,74.1207794324248,7192100
2014-12-09,71.70921325683594,72.2501323006425,70.46961380184973,70.74758194863526,6562900
2014-12-10,69.88358306884766,71.38613274828923,69.68074138410279,71.30349778915031,6749600
2014-12-11,69.63567352294922,70.83771223744321,69.51546678561346,70.3794340819529,4664900
2014-12-12,67.99040985107422,69.11732272153401,67.58472052989566,69.11732272153401,10327200
2014-12-15,67.42692565917969,68.58388975106081,67.15646622306343,68.5538380657398,6924100
2014-12-16,67.11894226074219,69.30515645127076,66.97620383069989,67.03630723902111,7649500
2014-12-17,67.42692565917969,67.71992242634349,66.13473184924044,67.16398057733691,8671600
2014-12-18,68.88442993164062,69.03468268985748,68.02797659989888,69.03468268985748,8344400
2014-12-19,68.8994140625,69.10226147666032,68.27585457715101,68.80175039790893,9689200
2014-12-22,69.35769653320312,69.72581961866226,69.00459642332964,69.46287455762003,4577200
2014-12-23,70.24421691894531,70.57477977390795,69.60563427512783,69.86106503994533,3554200
2014-12-24,70.40948486328125,70.60481794306034,70.07140771768984,70.34938149538421,1654200
2014-12-26,70.79266357421875,71.11571213472675,70.40951162297095,70.5823017066294,3127800
2014-12-29,70.40199279785156,70.83021939908777,70.31183771746387,70.77011601216265,2390500
2014-12-30,69.56056213378906,70.34188896352275,69.50046447902064,70.31935162651278,3197400
2014-12-31,68.76421356201172,70.29681555581564,68.70411017438619,69.78594822454767,3251100
2015-01-02,69.02714538574219,69.39527426501454,68.11059469446755,68.94450467666255,3767900
2015-01-05,65.38343811035156,67.93025895829044,65.06038975076017,67.87766995704399,11301400
2015-01-06,64.96275329589844,65.87179540186801,63.986093456150016,65.57128424103976,8660600
2015-01-07,65.96945190429688,66.21737401484658,64.92518017633985,65.6388948220036,6511100
2015-01-08,66.6456069946289,67.07383353098746,65.99199565733488,66.99870717460016,7617800
2015-01-09,65.84925842285156,66.7808378678449,65.37595147916907,66.68317417605303,4857100
2015-01-12,65.27827453613281,65.93939437389523,64.66222935746686,65.90934842234593,4351600
2015-01-13,64.88761901855469,66.03706876653212,64.0086229773605,65.87178736166189,5078100
2015-01-14,64.6622543334961,64.77494675653763,63.309956720547085,63.77574939429058,10366700
2015-01-15,63.866947174072266,65.26820138714669,63.85180101004234,65.16216090261823,6683900
2015-01-16,63.51850509643555,63.8669245333396,62.904984542188295,63.806328341155165,10424800
2015-01-20,63.601837158203125,64.00327690531337,63.0110386036807,63.94268070003615,5937300
2015-01-21,64.66224670410156,64.6849688360602,63.31400716057767,63.31400716057767,6613100
2015-01-22,65.7605209350586,66.16953661848763,64.70768651575435,65.17729839941843,5567800
2015-01-23,64.84405517578125,65.89689008378342,64.53350383950573,65.73782931841342,5027500
2015-01-26,65.16214752197266,65.33636015579478,64.30624785009721,64.65466733896965,8140500
2015-01-27,60.48121643066406,61.617369547503486,59.91313987224435,60.39789807312728,27489500
2015-01-28,60.602394104003906,61.503738094177336,60.564520031161486,60.89779338010383,14269300
2015-01-29,60.594825744628906,60.73116433370524,59.69347586247022,60.52665933947719,9157000
2015-01-30,60.572113037109375,61.215932005096384,60.15552123376694,60.22369342830198,8150700
2015-02-02,61.231075286865234,61.26137339647871,60.208538647197955,60.6554285405298,7149000
2015-02-03,63.5639533996582,63.70786792056958,61.46586067588788,61.51888090273344,10895300
2015-02-04,62.07184600830078,63.10953487570242,61.85219476643868,62.70051895232021,8806500
2015-02-05,63.298858642578125,63.34430290480373,62.01122113016276,62.41266085654737,6640200
2015-02-06,63.02616882324219,63.73058363978571,62.715623462599744,63.32156802578263,5581500
2015-02-09,64.13201904296875,64.28350950782132,62.829229939088506,62.904978060899964,7693800
2015-02-10,63.54882049560547,64.38199813930073,63.215547126618354,64.38199813930073,6569100
2015-02-11,63.17768096923828,63.374609985968405,62.29147727886184,63.291291640900766,5722600
2015-02-12,63.26852035522461,63.813874270626954,63.101883794544094,63.685111756925906,4623000
2015-02-13,64.48045349121094,64.75313061280745,63.64727596578678,63.70787216586861,5645500
2015-02-17,64.66979217529297,64.82128262839622,63.77601872767852,64.27592855476435,3924400
2015-02-18,64.23052215576172,64.995527724322,64.06388544854318,64.32141070240942,3568600
2015-02-19,63.09433364868164,63.624535802191886,62.26872654819277,63.4806213124805,5733500
2015-02-20,63.95781707763672,64.09415561694858,62.41264889169255,63.09434158825186,6029400
2015-02-23,63.23825454711914,63.609401904875185,62.97315341927281,63.548805710289976,5180000
2015-02-24,64.00328063964844,64.14719519088563,63.32158773743614,63.45035034708387,3678700
2015-02-25,64.49559020996094,64.65465086355938,63.753301381064496,64.01840247039524,3449500
2015-02-26,63.47306442260742,64.45772659668629,63.29127583579827,64.45772659668629,4457000
2015-02-27,62.79136657714844,63.760882513092575,62.78379060861958,63.760882513092575,4370500
2015-03-02,62.86713790893555,62.920158155539134,62.29148538954414,62.79139552504092,4155000
2015-03-03,62.745941162109375,63.465508206620015,62.60203237622571,62.647476647686545,4331700
2015-03-04,61.90517044067383,62.57171121789922,61.22347772602801,62.5414131218293,6863600
2015-03-05,61.73854446411133,61.90518113188908,60.640259962290685,61.90518113188908,7123500
2015-03-06,60.64026641845703,61.5113181426329,60.253978587960326,60.8750752838577,7913800
2015-03-09,61.208335876464844,61.60977560270413,60.670557584826184,60.72357781699417,4740500
2015-03-10,60.5266227722168,61.17044125103489,60.397854453437645,60.609935290811194,4850500
2015-03-11,60.36758804321289,60.708437378225725,60.034320457645435,60.708437378225725,4612200
2015-03-12,60.73872756958008,60.95838446030052,60.44332831831471,60.799317990752996,3612500
2015-03-13,60.0115852355957,60.52664133234288,59.22385204181937,60.51906536332229,7272700
2015-03-16,60.572113037109375,60.59483517569645,59.8828440131744,60.26913770547613,3598500
2015-03-17,59.42079544067383,60.10248834884345,59.26931069609062,60.10248834884345,6979900
2015-03-18,61.602195739746094,61.68551405989619,59.269294333085114,59.269294333085114,12154300
2015-03-19,60.66299057006836,60.97354181773357,60.26155078456766,60.97354181773357,5236200
2015-03-20,61.49617385864258,61.541618127437104,60.73873855861259,61.064435968776394,8216600
2015-03-23,61.42042541503906,62.04909809799514,61.36740517543871,61.49617356770188,4704000
2015-03-24,60.9583625793457,61.5037108467798,60.74627595566788,61.46584256948598,3978700
2015-03-25,60.4887809753418,61.38255482288873,60.46605884190143,61.37497885215111,4803000
2015-03-26,60.50393295288086,61.20077785840111,60.223685575152665,60.322150089114864,4238500
2015-03-27,60.34486389160156,60.50392459777844,59.65560083150174,60.185803185424675,6336900
2015-03-30,61.63248825073242,61.7460988781223,60.59480021666467,60.60237618474749,4621200
2015-03-31,60.61753845214844,61.08715035899126,60.45090178266318,60.981109892731915,4848600
2015-04-01,60.32213592529297,60.988676788444494,60.13277713452327,60.61753517659196,4446200
2015-04-02,60.776607513427734,60.97354231162103,60.14036462833481,60.291849378469465,3555300
2015-04-06,61.7234001159668,62.10969373162225,60.57967698967396,60.859924348341174,4495400
2015-04-07,61.003841400146484,61.67795837301919,60.9735432938769,61.518897649183565,3526300
2015-04-08,60.928077697753906,61.53402227473352,60.53420823288483,61.23104709685828,4196200
2015-04-09,61.10987091064453,61.51131063378684,60.80689568111974,60.97353234629697,4291900
2015-04-10,62.56414794921875,62.715638460319724,61.1553179792263,61.427995120435945,6831900
2015-04-13,62.21574783325195,62.57174342183083,61.80673199395542,62.56416744922147,5293900
2015-04-14,62.86713790893555,63.04892078603734,61.76128292350829,62.526294292022996,5898700
2015-04-15,64.50318908691406,64.93492695109511,62.86712616237171,63.08678307976521,9643800
2015-04-16,64.41152954101562,64.83921263652726,64.15187000683515,64.45735626743895,5692300
2015-04-17,63.60200500488281,63.838754123064625,63.12850676851918,63.770022763592465,5314000
2015-04-20,64.61009979248047,64.72465787440555,64.06022566057293,64.12132408115512,3914600
2015-04-21,64.09077453613281,64.89267527875418,63.85402544094592,64.65592618356729,5620900
2015-04-22,64.81629943847656,64.86975909481563,63.45688592776124,64.2511478409886,6520700
2015-04-23,64.75523376464844,66.824895544601,64.03734159369252,66.32848086950742,18917600
2015-04-24,64.61009979248047,65.04541584246293,64.16714498325872,64.68646990487517,5848100
2015-04-27,65.16761779785156,65.63348309468529,64.45736462617609,64.7399346468786,5912000
2015-04-28,65.83203125,65.84730876666363,64.53372201353005,65.23633628675695,5736500
2015-04-29,66.82485961914062,67.14561754691282,65.26688504996311,65.44254153040903,7021800
2015-04-30,66.3513412475586,66.67210493232614,65.85493277382595,66.32843080436037,5460100
2015-05-01,66.72559356689453,67.42056922807812,66.25972826390337,66.96998144496641,4850100
2015-05-04,66.67212677001953,67.17617416546791,66.57284038142161,67.00052349230636,2754500
2015-05-05,66.4430160522461,67.37474663490055,66.21389987312348,66.87833213124587,4623700
2015-05-06,66.43538665771484,67.16091744276825,66.00007051734973,67.0158101204241,4464700
2015-05-07,66.0077133178711,66.3513818293672,65.59530760807519,66.17573110630657,3892800
2015-05-08,66.67975616455078,67.08452297659093,66.21389093610232,67.03870207761753,3577100
2015-05-11,67.79478454589844,68.30647656415537,67.27545959463251,67.51221453123887,6882600
2015-05-12,67.32891082763672,67.4663735126855,66.64156826906691,67.35182127514484,4066400
2015-05-13,67.54273986816406,68.0238766776464,67.36708341771946,67.65729208947103,3178300
2015-05-14,67.77185821533203,68.42101279565802,67.7031268743556,67.80240742020992,3228400
2015-05-15,67.53511810302734,67.63439866202717,66.90123512787682,67.58857776197584,3205000
2015-05-18,67.4281997680664,67.5885787472498,66.9394240715077,67.50456987815384,3074400
2015-05-19,66.62628936767578,67.13798126693418,66.06878240101888,67.12270375113629,5676800
2015-05-20,67.15327453613281,67.3060147832053,66.542301894509,66.92415833885714,3841500
2015-05-21,68.22244262695312,68.44391996285138,67.16088266201395,67.3823599979122,8155500
2015-05-22,67.6878662109375,68.35229847245968,67.6878662109375,68.10791059925609,3483800
2015-05-26,67.08453369140625,67.32128863613681,66.66449512150784,67.30601111626176,3149600
2015-05-27,67.14559936523438,67.83294175767439,66.93939956083426,67.19905900538727,4517100
2015-05-28,65.68693542480469,66.78667782544838,65.47309678653136,66.69503602428318,5899100
2015-05-29,65.15997314453125,65.93132467181788,64.99959416242204,65.48073110874968,4685700
2015-06-01,65.32035064697266,65.96187238754348,64.68646766537667,65.72511747265067,3976900
2015-06-02,65.80913543701172,66.19863062523898,64.96905246031241,65.07597179407414,2817800
2015-06-03,65.85494995117188,66.48882707609602,65.53418618273757,66.13751992653998,2841800
2015-06-04,65.27452850341797,65.98478158123915,65.15997042764053,65.2974389532403,3775200
2015-06-05,65.71749114990234,66.06115959167802,64.84685899251528,64.92322910994693,3937600
2015-06-08,65.79387664794922,66.0459033383897,65.51130073806131,65.52657826111894,3355800
2015-06-09,66.23680114746094,66.91650494443758,66.00004626222295,66.03059546762995,3984900
2015-06-10,67.57331085205078,67.74896153245305,66.71795042168742,66.78668177662756,4717100
2015-06-11,67.3365478515625,67.78714137771392,67.14561967517041,67.6802220650676,2872900
2015-06-12,67.09215545654297,67.51983850471113,66.87831684579146,67.16852555657348,2212800
2015-06-15,66.54229736328125,66.74086433228753,65.94660228292896,66.54993612311479,2721000
2015-06-16,66.12989044189453,66.45828718833039,65.86259211960173,66.28263650225216,2895000
2015-06-17,66.63394927978516,66.86306547617038,65.92369606299125,66.35901217478965,3402800
2015-06-18,66.779052734375,67.00816309085621,66.31318743486331,66.31318743486331,3372600
2015-06-19,66.84011840820312,67.17615378767685,66.55754849970405,66.64919027471382,3910900
2015-06-22,67.4129409790039,67.45112895799014,66.98526358236234,67.18383058508915,3648600
2015-06-23,67.55038452148438,67.68022010593847,67.21435490289386,67.527474073247,2539000
2015-06-24,67.3365478515625,67.82532351699301,67.26017774633878,67.81005182661448,3413600
2015-06-25,66.22917938232422,67.45875753877804,66.1833584757897,67.37474865902033,3239100
2015-06-26,66.3055419921875,66.40482255398976,65.53419046844382,66.06115414057226,4387300
2015-06-29,65.14468383789062,66.24442596450913,64.99193782956552,65.84729799619276,4747300
2015-06-30,64.77809143066406,65.8702004951281,64.76281974500594,65.74800370320811,4077900
2015-07-01,64.1136703491211,65.25923924750919,63.80055121342734,65.21341835610637,5296200
2015-07-02,64.44207763671875,64.74756389204629,64.03731082474268,64.55663571079978,2582200
2015-07-06,63.502716064453125,64.26642881128559,63.1819581091833,63.884572437869366,4896600
2015-07-07,64.14425659179688,64.24354301605464,62.50991115249176,63.380543551872314,5192000
2015-07-08,62.83063888549805,63.56380817719421,62.44114961844947,63.42633966333434,4325100
2015-07-09,62.387699127197266,63.92275762630484,62.21204262331956,63.71655773856384,4570700
2015-07-10,62.7390022277832,63.31942553675981,62.52516359465124,63.113219835764156,3495000
2015-07-13,63.876930236816406,64.17477772589778,63.14376673856491,63.2888740171768,4228500
2015-07-14,64.50318908691406,64.67120685262789,63.78529711583381,63.79293587609358,3797700
2015-07-15,64.27408599853516,64.8086827439282,63.96096088575671,64.57193358906379,3661700
2015-07-16,64.55924224853516,65.4302040986189,64.28947582421426,65.32229752889054,3686000
2015-07-17,64.09679412841797,64.47446717813322,63.78848707783765,64.39739188560512,2931500
2015-07-20,63.39539337158203,64.19698932473293,63.31060878842882,64.01971086528503,4291400
2015-07-21,63.37226867675781,63.88867956638265,62.624626046466744,63.048548944199034,4691900
2015-07-22,61.4762077331543,62.52444842773686,61.00604069159288,62.431954526284535,10180700
2015-07-23,59.25639724731445,60.92125208121491,59.07912463176901,59.88842416452432,13909900
2015-07-24,58.65521240234375,59.418268067804966,58.46252116194152,59.27953601996655,9175900
2015-07-27,58.05397415161133,58.362281086529904,57.63005138104008,57.946067606459685,10269600
2015-07-28,59.950077056884766,60.235262111101505,58.41625695983721,58.51645425325328,15699000
2015-07-29,59.603248596191406,59.70344591196571,58.97122164026055,59.580126591048824,13794800
2015-07-30,60.389400482177734,60.40481906602617,59.10222511277102,59.333456826763495,7386200
2015-07-31,60.60521697998047,60.92123328129918,60.235253273594815,60.58209498338975,6203600
2015-08-03,59.549278259277344,60.45107148473594,59.15618664287196,60.44336219173689,6443300
2015-08-04,59.040550231933594,60.01171499561948,58.82473714677352,59.60321081578569,5822300
2015-08-05,59.25639724731445,60.057993365807015,59.1330779339527,59.7342735527049,4581900
2015-08-06,59.70341873168945,59.84986587154741,58.71684109162165,59.33345505689732,5609500
2015-08-07,59.57240676879883,60.235264907942486,59.302640289023664,59.749679363878975,7851300
2015-08-10,61.784488677978516,61.90009865522063,60.0425591617734,60.15046572751057,9041600
2015-08-11,60.15048599243164,60.836466197355875,59.52616838312209,60.68231558878794,8992500
2015-08-12,60.82875442504883,60.982910907806286,59.28722488028549,59.58782267107686,7236800
2015-08-13,59.93464660644531,60.566673234229874,59.88839673970366,60.54355124109216,5662500
2015-08-14,60.497318267822266,60.682306025513036,59.811338171005595,59.85758805066221,3811500
2015-08-17,60.53585433959961,60.61292962598887,59.510735977267,60.21983802079602,5226800
2015-08-18,60.75166702270508,60.89040488931715,60.258378137077116,60.51273187261048,5146400
2015-08-19,59.6649055480957,60.53586764866711,59.38742975171622,60.312345152668705,5862700
2015-08-20,58.894142150878906,59.9886267734117,58.894142150878906,59.56470377431224,7767300
2015-08-21,57.80736541748047,58.80936210357118,57.776534116934826,58.53188627912973,11805500
2015-08-24,56.127079010009766,57.7148522346207,54.1308014804624,55.35631439527166,15209300
2015-08-25,55.54130172729492,58.18502485148149,55.518179727449954,57.976920972408855,9427200
2015-08-26,56.936405181884766,57.09826510494958,55.90357715981987,56.897864584763354,8288100
2015-08-27,58.316062927246094,58.74768929898009,57.21386911616682,57.83818667249182,8537700
2015-08-28,58.53956985473633,58.593523142288994,57.52216080340941,57.95379298429805,6649500
2015-08-31,58.9172477722168,59.17159562048524,57.73026958525095,58.05398930520513,7019600
2015-09-01,57.73025894165039,58.53185468170125,57.39112069919569,57.42195198309758,9053100
2015-09-02,58.65521240234375,58.70146229875987,57.76883152039951,58.50106176220996,5325900
2015-09-03,57.3834114074707,58.58580795776678,56.867000633168466,58.53955809168139,11077100
2015-09-04,56.34290313720703,56.774535404262785,55.764829563541156,56.265827836811944,12007300
2015-09-08,57.26783752441406,57.51448207055614,56.697467233578784,57.48365076722965,5647800
2015-09-09,56.23499298095703,57.96150429848865,56.096255096840416,57.80735370745601,5859200
2015-09-10,55.81877136230469,56.50475139129452,55.51817363636385,56.181031668045506,6109100
2015-09-11,55.98064041137695,56.20416288948557,55.402566861931,55.6723392227137,4413800
2015-09-14,56.08854675292969,56.18104063739639,55.50276979271185,55.76482697799854,4231800
2015-09-15,57.48365783691406,57.60697718491674,55.99608108116145,56.281260381182314,5109400
2015-09-16,58.30066680908203,58.47794535463674,57.483657753282486,57.691761725440095,5225800
2015-09-17,57.08284378051758,58.33148497354474,56.9672337556283,58.1156717531258,7745000
2015-09-18,55.387149810791016,56.65120340267171,55.19445864275472,56.520174819719294,9260100
2015-09-21,55.61838912963867,56.14250353273653,55.425697935393195,55.72629572797865,7594900
2015-09-22,55.2484130859375,55.340906965490845,54.446817104545474,54.81678674229098,5717300
2015-09-23,54.10768127441406,55.34861295053283,54.07685586026503,55.24070635960669,4754300
2015-09-24,50.71632766723633,51.410011303036626,49.82994694536281,51.02462889182805,22589600
2015-09-25,50.08428955078125,50.69318844954727,49.89930180082103,50.09970225637747,12365100
2015-09-28,49.16706848144531,49.575572728235954,48.550457465468895,49.51391015652169,12572000
2015-09-29,49.5678825378418,50.400309935364206,49.02064023404524,49.05918082633506,8784400
2015-09-30,50.37718963623047,50.593002847228476,49.444564899863956,50.06117323407698,7850300
2015-10-01,49.62954330444336,50.94755036171688,49.028347721876685,50.585289977229635,7933000
2015-10-02,50.639244079589844,50.66237196275966,48.63525681241689,49.1670863964184,8782700
2015-10-05,53.32149887084961,53.552730618681196,51.27126207351023,51.40229653353086,10661900
2015-10-06,54.58555603027344,54.83990979357125,53.24442709360826,53.59897815132582,9664100
2015-10-07,54.24640655517578,56.04228935617374,53.29836945797381,55.00175839661217,8307700
2015-10-08,55.37173080444336,55.63379384882894,53.837910765035225,54.200171099071554,6091600
2015-10-09,54.95552444458008,55.87273042187801,54.616386101110116,55.37173220006136,5573500
2015-10-12,54.33892822265625,55.132815169289394,54.200190298358336,55.11740245790954,4643500
2015-10-13,54.08454895019531,54.747406956772,53.38315624305354,53.922689094701056,4724800
2015-10-14,54.50075912475586,54.77052553373739,53.622088032377896,54.03830158357798,4042700
2015-10-15,54.593257904052734,54.66262389526931,53.768540019163666,54.315782178252,4547900
2015-10-16,53.70690155029297,54.59328241227005,53.26756576729144,54.43142247963473,8310000
2015-10-19,53.39087677001953,53.54503326309785,53.02862224234059,53.375464060946165,5712000
2015-10-20,54.1616325378418,54.87074052649692,52.80509090838843,53.07485737558268,6385800
2015-10-21,53.699180603027344,55.41798864316752,53.62981459572129,54.40828278656479,8679400
2015-10-22,55.242340087890625,56.76213156962007,52.84964858418121,52.93538068579502,13909200
2015-10-23,55.92042541503906,56.45040320385838,55.070905430151555,55.88924955143934,7942500
2015-10-26,55.74114990234375,56.34907015111898,55.66321323850681,55.95158543550841,6254500
2015-10-27,54.860443115234375,55.39821609455489,53.26271507457246,54.696774370698805,8280500
2015-10-28,56.09187316894531,56.20098568630944,54.930600836320735,55.14103042089833,5486900
2015-10-29,56.09187316894531,56.559499092818164,55.554100086089115,55.7177688621353,4321300
2015-10-30,56.8868408203125,57.11286132178093,55.826885477102394,56.32568729200283,7388700
2015-11-02,57.938995361328125,58.172811291923225,56.76213809690818,56.894631016025215,5876500
2015-11-03,58.2585334777832,58.70277891327809,57.82987299345256,58.01692808453417,5006100
2015-11-04,58.102657318115234,59.178197280999164,57.93119313283269,58.718360970815546,5477800
2015-11-05,57.84546661376953,58.88983083030371,57.05829275375538,58.180599568335126,6238900
2015-11-06,57.54930114746094,57.55709659679183,56.37244398447756,57.22196362979082,5538600
2015-11-09,56.029518127441406,57.370050056677776,55.70997604450625,57.22976169324174,5914800
2015-11-10,56.45037841796875,56.56728636858948,55.8268733121151,55.95157671175998,4373800
2015-11-11,56.04511642456055,56.77772824481886,55.97496926049043,56.53612278830474,4190700
2015-11-12,53.51212692260742,55.328074181535186,53.31728231123093,55.19558127288373,8731700
2015-11-13,54.26811599731445,54.65780519836243,53.387420543572745,53.5432938455178,6429600
2015-11-16,54.860443115234375,55.03970275706958,53.95636729596382,54.151211888913565,5167600
2015-11-17,54.081085205078125,54.837083463145575,53.81609931257759,54.65782375348725,4812000
2015-11-18,54.805885314941406,54.90720235977932,54.07326776341903,54.478547835140525,3788300
2015-11-19,54.572078704833984,54.642225860245475,53.46536268724507,54.166804510430275,6296000
2015-11-20,55.44499969482422,55.49955596543801,54.68121190623114,54.93061284992098,6495100
2015-11-23,55.3514404296875,56.0372970919123,55.250123398306165,55.32027053248103,3847600
2015-11-24,55.647621154785156,55.889226565581694,54.89941857467299,55.16440438700654,3846500
2015-11-25,55.71774673461914,56.02949920878836,55.117628127445094,55.91259128770192,3493000
2015-11-27,55.50735092163086,55.74895641130768,55.102070675386685,55.47617506067458,1642100
2015-11-30,56.6218376159668,56.73095010792159,55.452770105435555,55.5930584445467,5632900
2015-12-01,55.7723274230957,56.614057688525136,55.21896936328185,56.372452239557724,6578400
2015-12-02,55.359256744384766,56.2165719491409,55.03971463500413,55.491749669099015,5068200
2015-12-03,54.275917053222656,55.50733648283011,54.065487479239934,55.452780226894895,8130800
2015-12-04,54.540916442871094,54.57988180472931,53.62124946716527,54.05769957557252,5252000
2015-12-07,53.27830505371094,53.56667718693358,52.77950338005041,53.5277058905412,6805900
2015-12-08,51.85983657836914,52.34305330024299,51.57925989420819,52.210554460477844,6866300
2015-12-09,51.36883544921875,52.233940040638295,50.78430162360371,51.672792562843725,8578000
2015-12-10,51.735137939453125,52.28849591010575,51.368835072880515,51.42339132502414,5768700
2015-12-11,50.99474334716797,51.516925595510955,50.25433603660326,50.9557720376911,7572600
2015-12-14,51.53250503540039,51.57926583942204,50.449169470203906,51.15060531527135,7371100
2015-12-15,52.02351760864258,52.18718638870043,50.846654346870686,51.018118577270265,6061200
2015-12-16,52.77950668334961,52.904204136476665,51.54808737297368,51.61043907262989,6747600
2015-12-17,50.581668853759766,52.61584733568586,50.566077952966396,52.35865098827304,6800000
2015-12-18,50.74532699584961,51.337656231896766,49.95815316404084,50.34784235556407,13490900
2015-12-21,50.84665298461914,51.298693953346074,50.17638698166161,51.119434277407386,5311500
2015-12-22,53.317291259765625,53.6134529781375,51.524718155770266,51.6338306807592,9697200
2015-12-23,54.47077941894531,54.938405471613365,53.7693373668493,54.23696341951735,7586300
2015-12-24,54.07329177856445,54.47857203027987,53.823890833734794,54.36166403666244,2322100
2015-12-28,53.44980239868164,53.91742851453224,53.02114165720853,53.87066768680378,3884000
2015-12-29,53.92522048950195,54.22138228965974,53.48097481617111,53.94860090185805,3539500
2015-12-30,53.5355110168457,54.26812276274217,53.4419834563077,53.51213061325772,3158500
2015-12-31,52.966556549072266,53.85504746948368,52.95097159704112,53.3484503087825,4356400
2016-01-04,52.989952087402344,53.060099257044456,51.22076519029918,52.12484132100151,8586900
2016-01-05,52.43659210205078,53.34067414679707,51.76632601954907,53.293907386636,6139100
2016-01-06,51.61043930053711,52.10144555858091,51.142813443421296,51.423390146927865,6639300
2016-01-07,49.833457946777344,51.06487437460394,49.61523292812038,50.72195189365119,8601500
2016-01-08,49.326866149902344,50.293293828327585,49.04628941323274,50.13742050626051,8278500
2016-01-11,47.90839385986328,49.64640743160843,47.42517708440233,49.62302405660689,9669400
2016-01-12,48.00971221923828,48.71115402645641,47.06666499082838,48.66439024827757,8593100
2016-01-13,47.45634841918945,48.91378513695237,47.06665923463628,48.37601513258232,7237300
2016-01-14,48.53190231323242,49.077467888893665,47.0588773401123,47.72914336394527,9241800
2016-01-15,47.24561309814453,47.419224134387996,46.36178084242051,46.969416458955024,12674500
2016-01-19,46.58272171020508,47.77431938508948,46.1486972831234,47.55335914141861,8501100
2016-01-20,46.40912628173828,46.858933919893914,44.47574093668622,45.833056903228744,10857700
2016-01-21,47.103553771972656,47.679623021132564,45.967198363942835,46.55905070339274,8798300
2016-01-22,48.121543884277344,49.36838101155011,47.82167116842542,48.31882801122681,7815600
2016-01-25,45.698890686035156,46.835246065130455,45.58051901703256,46.5274833381036,10971500
2016-01-26,46.685325622558594,47.07989396048093,45.840949620230184,46.08558307345634,8141900
2016-01-27,46.0224494934082,47.26139380132675,45.34379148824162,46.109255007136596,11013800
2016-01-28,48.20046615600586,49.28158248165243,46.21973155561218,48.93436044252703,13567000
2016-01-29,49.11586380004883,49.155320028380224,47.94793897128208,48.68183625745167,8221000
2016-02-01,49.4788703918457,49.778743172854504,48.43721021604411,48.90280097722191,5955700
2016-02-02,47.87691116333008,48.57135214294683,47.72697630843244,48.35828492157634,6282300
2016-02-03,49.928672790527344,50.18908630184432,47.19036783908558,48.50822751978028,8332100
2016-02-04,52.05143737792969,52.86424692468628,50.1890749509037,50.1890749509037,12598000
2016-02-05,52.17771530151367,52.68276225491757,51.43592495467406,51.822600211360104,7463700
2016-02-08,50.962440490722656,51.79892331773565,50.23643329014395,51.62531231123088,6315500
2016-02-09,50.44950866699219,50.828296926028784,49.81030686647519,50.42583552967149,5638500
2016-02-10,49.03694152832031,50.80460559893707,48.92646290019637,50.71780010246345,5955400
2016-02-11,48.460872650146484,49.171096708751385,47.75064859154159,48.06630439765863,7055000
2016-02-12,49.83396911621094,50.086492544932185,48.784416169705906,48.91857093451723,4297400
2016-02-16,51.4595947265625,51.72790428962894,50.118061962815815,50.631004944962186,4819400
2016-02-17,53.07734680175781,53.495588373565546,51.86207531688762,52.08303267402103,7373800
2016-02-18,52.17771530151367,53.34563412352222,51.40435876750699,52.99052505400324,6175500
2016-02-19,51.62531661987305,51.70422907833374,50.567876431103485,51.23074830693491,4994900
2016-02-22,53.11677932739258,53.282497280645785,51.62531172747963,51.62531172747963,5787700
2016-02-23,51.9094123840332,53.06155127066473,51.84628000159536,52.95896566467975,5599400
2016-02-24,51.988319396972656,52.059344824921844,49.77084737706747,51.057137925940935,6439200
2016-02-25,52.45390701293945,52.45390701293945,51.167610593750375,51.996206372729425,4277200
2016-02-26,52.76956558227539,53.661287755489724,52.438123641044676,53.179913957208846,4149800
2016-02-29,53.424537658691406,54.118981619118635,52.46968323373755,52.98262315342578,8643200
2016-03-01,54.52144241333008,54.83709824361546,53.14045342388645,54.0085084623298,4451600
2016-03-02,54.75030517578125,55.18433279358816,53.82701662950352,54.253151194086065,4801300
2016-03-03,56.620567321777344,56.88098391956887,54.75820392891538,54.9397080481557,7172700
2016-03-04,57.480716705322266,58.36455201314992,56.45484256545485,56.88886415594801,9521500
2016-03-07,59.00373077392578,59.76130707764805,57.44913699692164,57.44913699692164,10740400
2016-03-08,56.60477828979492,58.48292147333379,56.439054284197596,58.22250491669255,8748400
2016-03-09,56.715240478515625,57.37021917538465,56.233866748363994,57.078242533597695,4907900
2016-03-10,56.312782287597656,56.84150230859263,55.6262313509546,56.84150230859263,6352400
2016-03-11,57.44915008544922,57.68588746624359,57.03879565905662,57.10192803552237,4787000
2016-03-14,57.3939094543457,57.95419573629329,56.920422662268614,57.3939094543457,5060000
2016-03-15,57.16505813598633,57.18873127105975,55.91822084328658,56.37592152348794,4674400
2016-03-16,58.66441345214844,58.798571253256476,56.97566156667527,57.28342436688354,6641200
2016-03-17,59.89546585083008,60.21112167760092,58.0173169928923,58.553930092212504,13316000
2016-03-18,59.55613327026367,60.71616490126395,58.90114852314145,60.03750702218397,13750200
2016-03-21,59.88758850097656,60.25059068971399,59.216823456121844,59.6034987844628,4315700
2016-03-22,59.61927032470703,60.03751174387703,59.374633893758464,59.650830489376936,3625600
2016-03-23,58.14359664916992,59.27995550883544,58.05679112402127,59.16158379084767,5352900
2016-03-24,59.41409683227539,59.461443102864344,57.39390901201851,57.5517339277381,7036100
2016-03-28,59.437744140625,59.619248133406394,58.75908646077944,59.303592418491625,3425400
2016-03-29,59.982261657714844,60.01382783735274,58.54603359767283,59.16155904902895,4085000
2016-03-30,60.3768310546875,60.96079033784227,59.98226283243609,60.716159966649045,4886800
2016-03-31,60.40049743652344,60.86608499685872,60.163754121369244,60.21110639677964,4348700
2016-04-01,60.59779357910156,60.66092594511801,58.924822003468606,59.69817843558554,4878300
2016-04-04,59.753421783447266,60.79508181048498,59.5166784052247,60.41629360945572,4349500
2016-04-05,59.37464141845703,59.85601526924105,58.869594430853304,59.43777379706624,4386800
2016-04-06,59.35886001586914,59.63505664035688,58.15936893147258,59.59559739944369,4929800
2016-04-07,58.53025817871094,58.932719516747774,58.20671531448724,58.78278164126392,4800800
2016-04-08,58.67232131958008,59.38254566118325,58.396124636911104,59.20893459760957,4911000
2016-04-11,58.893253326416016,59.800761482410884,58.877473245897065,58.877473245897065,3904800
2016-04-12,60.05329513549805,60.55834208692691,58.7670046218018,59.2325923342675,5129600
2016-04-13,62.44438934326172,62.46806850327885,60.41630812089398,60.66094460931917,9365700
2016-04-14,62.3812370300293,62.909956991738824,61.844624018263964,62.6889997552413,5372300
2016-04-15,62.475955963134766,62.95732986930164,62.128739882106295,62.64167396057383,5508500
2016-04-18,62.53907775878906,63.02834463549766,61.6631356202013,61.92355215235111,4822200
2016-04-19,63.43870162963867,63.83326999704313,62.704804225440945,63.123045731588,6283500
2016-04-20,62.925743103027344,63.60440097768496,62.57852713551985,63.32820440558796,5356800
2016-04-21,62.678733825683594,63.411816938661076,62.30422225641465,62.7504457026899,6509100
2016-04-22,62.407806396484375,63.0930815726949,61.515353449030634,62.89387381401366,10099600
2016-04-25,61.18867111206055,62.83811152120962,60.71853752333022,62.55125179098023,8079800
2016-04-26,61.87392044067383,61.945632303406256,60.933659737934704,61.47550499170534,6085900
2016-04-27,62.694679260253906,62.862013083269844,61.834100102452275,62.136899850200784,4459300
2016-04-28,61.95362854003906,63.085127435040654,61.83410263888484,62.17674031321235,4844600
2016-04-29,61.92970275878906,62.94964540789381,61.610969161109395,62.168748397545514,7702700
2016-05-02,62.02533721923828,62.20861106875693,61.05320826926053,61.634891636416256,3330100
2016-05-03,60.846038818359375,61.4356922807026,60.224511374357014,61.23648445483823,4790900
2016-05-04,59.156742095947266,60.8061823115856,58.88582242659235,60.70259645200975,6938100
2016-05-05,58.001338958740234,59.44360136552767,57.92962099544201,59.08502978705382,8071200
2016-05-06,58.45553207397461,58.50333999629682,57.06904761257897,57.49933715149604,6942800
2016-05-09,56.39969253540039,57.87382854742176,56.23235876878216,57.634782914826104,9405000
2016-05-10,57.77821731567383,57.9375810833965,56.24829718058113,56.39969701545431,6507300
2016-05-11,57.7144889831543,58.65475012254739,57.65871103756912,58.04915665666537,4691900
2016-05-12,57.132774353027344,58.359894695498106,56.71842495083573,58.104909045071544,4526500
2016-05-13,55.83395767211914,57.1965381904242,55.82598765851339,57.07701230369447,6417200
2016-05-16,56.335941314697266,57.13277220219984,55.85784399806316,56.08892568495937,4515900
2016-05-17,56.614864349365234,57.51528149883123,56.13676072233819,56.33596854048607,4841900
2016-05-18,56.24830627441406,57.26825522248676,55.841926777219236,56.27221631484232,5166000
2016-05-19,55.32398223876953,55.87379763046298,55.01321860329202,55.72239777957031,6137100
2016-05-20,55.67460632324219,56.39971966066208,55.57898437661232,55.77819220591917,5731600
2016-05-23,56.09690475463867,56.53515816593241,55.451467497586364,55.61880736080088,4002000
2016-05-24,56.6467170715332,56.77421295906763,55.977381899993,56.39970138860839,3872400
2016-05-25,57.82602310180664,57.92960893908004,56.782176479164924,57.07700004653454,5035400
2016-05-26,57.43558883666992,58.638799455941765,57.41964880977125,58.359909778605214,4146400
2016-05-27,57.33998107910156,57.53121889375767,56.97343940128548,57.49138097534709,3002100
2016-05-31,57.77821731567383,58.30412261262909,57.33198782324185,57.395735762066145,4072600
2016-06-01,57.58699035644531,57.76229419985918,56.79015912590214,57.35591464940684,2699900
2016-06-02,58.662715911865234,58.678649861167486,57.594958928424056,57.849944672637825,4615300
2016-06-03,59.794193267822266,59.87387514435655,58.24833932983958,58.68659876978441,6619300
2016-06-06,60.893836975097656,60.981488890753305,59.84999008053963,60.049197874422575,4775100
2016-06-07,61.204586029052734,61.579097564798325,60.90976245529911,60.981474325886325,4235200
2016-06-08,62.24047088623047,62.71059826562518,61.5631657413261,61.75440348215292,5987800
2016-06-09,61.48347091674805,61.754390485959576,61.06911547292972,61.666738606664815,3784600
2016-06-10,60.58307647705078,61.00539604951446,60.065134969951295,60.81415825958255,4879500
2016-06-13,59.94558334350586,60.830059932387115,59.94558334350586,60.32008871026797,4086700
2016-06-14,59.65078353881836,60.20059900686538,58.92566423578015,59.81014734553425,4058400
2016-06-15,59.818119049072266,60.519328329501256,59.23642958738592,59.9137409834061,3802000
2016-06-16,59.75436019897461,59.8738860752661,58.44755773135516,59.29220279896671,4064800
2016-06-17,60.50337219238281,61.08506144075268,59.953556910435424,60.04120879826291,5442000
2016-06-20,60.90180969238281,61.63489294737076,60.869935714425985,61.28429134852504,4090800
2016-06-21,60.94963455200195,61.27633835731589,60.56715886894424,60.91776056519025,3292100
2016-06-22,60.90180969238281,61.42771513032123,60.70260188965741,61.268351319876786,3056800
2016-06-23,62.3281364440918,62.35204040701678,61.53130525678168,61.88191292458677,3600800
2016-06-24,58.19258117675781,60.24840711814336,58.16070719944878,59.921703410230506,12179500
2016-06-27,56.87779235839844,57.93757900583202,56.20048725085726,57.77024523192216,7337400
2016-06-28,57.786170959472656,58.08897057530437,56.98137617263051,57.563059292651594,4743700
2016-06-29,59.14876174926758,59.28422154635808,58.00132328135397,58.36786477430694,4015400
2016-06-30,60.40776062011719,60.43963459198869,58.941594390059194,59.10095817007819,4695500
2016-07-01,60.917724609375,61.34801405834876,60.01730781093262,60.065115723261556,4630100
2016-07-05,59.2682991027832,60.5193237725891,58.72645367437013,60.288248087526085,4776300
2016-07-06,59.62687683105469,59.65875080679858,58.53521595934865,59.43563297659134,3740500
2016-07-07,59.80218505859375,60.34403052743374,59.268303524771326,59.81811900796858,3080900
2016-07-08,61.650821685791016,61.69862960430126,60.38385713122238,60.495412993971996,5491500
2016-07-11,61.99345779418945,62.58311106585922,61.6109762173014,62.152821571612066,4511300
2016-07-12,63.58709716796875,63.69865298817665,62.39185102631021,62.726518486933905,5545800
2016-07-13,63.499481201171875,64.00945269027584,63.0054436613913,63.73056298206893,5162500
2016-07-14,63.794307708740234,64.54333102653574,63.72259581457171,64.14491540291515,5441700
2016-07-15,64.30426025390625,64.38394821859815,63.87397685712846,64.13692647086197,4642100
2016-07-18,64.21576690673828,64.2720821673692,63.45148749276092,64.26403537644963,4136700
2016-07-19,64.15140533447266,64.17553956950864,63.676749011023304,63.82960121221892,3308400
2016-07-20,64.11119079589844,64.24795556827023,63.499763509307655,63.91810461829895,4185500
2016-07-21,64.3686294555664,65.47080050543124,64.15140905184906,64.72260848644471,6472300
2016-07-22,63.861785888671875,64.1916368207601,63.443444802361185,64.18359002932043,4133800
2016-07-25,63.30669021606445,63.708943922074965,63.02510771153353,63.67676288904559,5798100
2016-07-26,66.5729751586914,66.77410197185966,63.34689935685974,63.58825398782294,11007600
2016-07-27,67.6590576171875,67.81191595682787,66.54883983627639,66.54883983627639,8460900
2016-07-28,66.70975494384766,67.34531655315774,66.3316354678615,67.3372697602057,5065600
2016-07-29,66.58102416992188,66.88673472648613,66.07418065557953,66.61320519765023,4274200
2016-08-01,65.92935180664062,66.67754362584157,65.59146031097615,66.58100670588134,3377100
2016-08-02,65.35816955566406,66.12245515261787,65.10072747218256,65.96959680564643,3909500
2016-08-03,65.9937515258789,66.21097199562016,65.10879447284631,65.2857871110339,3101700
2016-08-04,65.7845458984375,66.40401983121521,65.48688218597503,65.82477371045249,2407500
2016-08-05,66.42012786865234,66.74193205084939,65.96960569631904,66.14659830342262,3286100
2016-08-08,67.12806701660156,67.40964324310045,66.61318302017463,66.77408196734503,3544800
2016-08-09,66.63733673095703,67.37748192497642,66.53274686060648,67.19244255751998,2314900
2016-08-10,66.4925308227539,67.02350245902721,66.35576605227935,67.02350245902721,2290300
2016-08-11,66.96720886230469,67.29705991443619,66.7660819684408,66.77412876280896,2229300
2016-08-12,66.77409362792969,67.4016082245374,66.43620209712591,66.98326720609974,4342800
2016-08-15,67.69930267333984,67.80388643146537,66.74193685038142,66.77411788470575,4056000
2016-08-16,67.8119125366211,67.86822779503196,67.28898162971858,67.74755048760787,3161800
2016-08-17,67.90847778320312,68.16591992541164,67.44990263767986,67.90847778320312,2983400
2016-08-18,67.07982635498047,67.2648657619413,66.379908829039,67.10396673337888,5003100
2016-08-19,67.44987487792969,67.8843094649673,66.58101184175676,66.82236029817612,3823900
2016-08-22,67.24876403808594,67.4016223932549,66.77410766473524,67.27290441356294,2885000
2016-08-23,67.586669921875,68.12568841897415,67.53839530300775,67.56253568139361,3178400
2016-08-24,66.89478302001953,67.65906249754381,66.74997146094188,67.10395663599915,2200600
2016-08-25,66.64537811279297,66.91086698025799,66.44425129887763,66.83041748227251,3082900
2016-08-26,66.5005874633789,67.49817496326682,66.19487071009539,66.94306286948748,3596800
2016-08-29,66.85456085205078,67.05568769344558,66.29945494357592,66.37990445255302,2253600
2016-08-30,66.35577392578125,66.89479241777656,66.21900300117431,66.6614845321582,3468700
2016-08-31,65.92935180664062,66.24310907231504,65.65582234955086,66.01784807520539,4041700
2016-09-01,65.5271224975586,65.96960400396635,64.81915822521029,65.63975303775256,4102200
2016-09-02,65.72021484375,66.26728014934872,65.54322222459973,66.12246856439891,2449400
2016-09-06,66.03394317626953,66.15462046690396,65.55124015163375,65.97762792569372,3071000
2016-09-07,67.35334777832031,67.36139456941245,66.29944524766798,66.37184795378766,3996700
2016-09-08,67.20854187011719,67.5464334695137,66.83846924155381,67.17636084095032,3400500
2016-09-09,64.99613189697266,66.77409192121826,64.97199766508959,66.68559564571217,5311600
2016-09-12,65.90524291992188,66.06614807823328,64.44103973776112,64.57780451889766,4110800
2016-09-13,64.54563903808594,65.37428077604518,64.30428433437321,65.24555663062371,4740600
2016-09-14,65.18116760253906,65.66387681034233,64.545612345543,64.66628350959128,5324800
2016-09-15,65.9937515258789,66.25119368926849,64.9559360784288,65.02834494764433,3499400
2016-09-16,66.00984191894531,66.03397616154734,65.33405243656343,65.66390345320454,6715400
2016-09-19,65.87305450439453,66.25117391166181,65.44666662399645,66.11440914585553,4351200
2016-09-20,65.72825622558594,66.50862943433766,65.6960813289344,66.33968360634576,2774600
2016-09-21,67.1522216796875,67.16830912413948,65.97764182178842,66.21094966271338,4264300
2016-09-22,67.17635345458984,67.94063286507965,67.02349511733067,67.55447283334485,3925200
2016-09-23,66.32357788085938,67.24071563030594,66.28335006427365,67.18440036982774,3031500
2016-09-26,66.26724243164062,66.51663763236377,65.97761942658742,66.1304715796591,3340800
2016-09-27,66.67756652832031,66.67756652832031,65.70411337764703,66.12246063417514,4295600
2016-09-28,69.66230773925781,69.71862916170825,66.88675906998526,66.9752553939707,9497100
2016-09-29,70.37025451660156,71.48047238101208,69.41288886542429,69.41288886542429,10616400
2016-09-30,71.41613006591797,71.58508204698607,70.64380358092855,70.78861518048315,6379100
2016-10-03,71.02188873291016,71.75399317027485,70.93339245723087,70.98166705899378,4294600
2016-10-04,70.40245056152344,71.56093714690466,70.13696162278622,71.1989112398302,4743300
2016-10-05,71.93902587890625,72.30105776907774,70.82880825243204,70.89317029573839,5189500
2016-10-06,71.8344497680664,72.13211964644998,71.36783411154177,71.56896091474347,3786900
2016-10-07,71.17475128173828,72.19647270088235,70.74836345789306,72.01948013900636,3774200
2016-10-10,70.9736328125,72.00340114286979,70.90927075737604,71.68159700515338,3785700
2016-10-11,70.37025451660156,71.85859179409564,70.2013087201415,71.68159920602218,6471900
2016-10-12,70.45874786376953,70.59551262595949,70.00821962081535,70.39438580936131,3950000
2016-10-13,69.96800231933594,70.04845182342964,69.39680286099578,69.91168705267997,5677000
2016-10-14,70.53115844726562,71.13453896443538,70.44266214704841,70.65988257045576,3601000
2016-10-17,70.22542572021484,70.57136401983766,69.91166844124324,70.29782841325348,4479700
2016-10-18,70.16912078857422,70.95753442782618,69.80708885642943,70.88513172413901,3715700
2016-10-19,70.79664611816406,71.02190719192996,69.87950823902925,70.24153408788102,5943900
2016-10-20,70.3096923828125,70.82912169873106,69.98505370442781,70.65868453495334,4576600
2016-10-21,70.06619262695312,70.30967156364589,69.27893106160336,69.57922856148355,3592500
2016-10-24,69.79024505615234,70.71547867336297,69.4250235411792,69.89575817227492,5096500
2016-10-25,68.56472778320312,71.13752670472624,68.0777574526979,69.68474592077823,11639200
2016-10-26,68.28065490722656,68.49167495618268,67.26614377658979,68.02094030546692,6582100
2016-10-27,67.37163543701172,68.45107023018925,67.12815036638315,68.40237569289656,5003200
2016-10-28,68.0777587890625,68.31312613553762,67.36354511816512,67.62325974322644,4974000
2016-10-31,67.73688507080078,68.48356385008188,67.69630833684634,68.3293623537188,4679400
2016-11-01,66.74671936035156,67.89109096998828,66.26787304454726,67.74500110901519,5139600
2016-11-02,65.82958984375,66.67366373341967,65.19653597451867,66.67366373341967,5228600
2016-11-03,65.95946502685547,66.28410988654183,65.4806186576845,66.25976260568034,3859000
2016-11-04,66.80352020263672,67.28237262782494,65.40755203711701,66.01625865402964,5745800
2016-11-07,67.97225189208984,68.30501454519525,67.33919788012699,67.96413406852785,3786400
2016-11-08,68.72705078125,68.98676541512943,67.41224196418742,67.98848361460473,3407700
2016-11-09,74.0186996459961,75.64191679781251,72.52534283852435,72.86621695430613,19281900
2016-11-10,75.84484100341797,77.06225422139954,74.53815032075106,74.7004757983989,14174400
2016-11-11,75.48774719238281,76.56718234727298,74.52193059855433,75.79615635205363,7369900
2016-11-14,76.4292221069336,77.50866362041796,75.49587046889887,75.68254327334006,7552800
2016-11-15,76.64834594726562,76.66457540063195,75.18744746091852,75.85296650645788,4645400
2016-11-16,75.76370239257812,76.61589435856655,75.34978004977641,76.10457670213928,3297200
2016-11-17,75.30108642578125,75.8854459306332,74.99267721692522,75.8854459306332,3942200
2016-11-18,74.94396209716797,75.80427173309978,74.58685839539073,75.48774476066218,4715900
2016-11-21,75.39846801757812,76.16949399542897,75.30107272046753,75.58513459693445,3783200
2016-11-22,75.98282623291016,76.05586806054235,75.31730719322884,75.80427128703003,3172800
2016-11-23,78.06057739257812,78.2553618774959,76.46982401622753,76.9486704983352,6535900
2016-11-25,77.7602310180664,78.27154848470187,77.27326701486193,77.88197356688833,2006900
2016-11-28,77.02169799804688,77.8008419219012,76.67270586831245,77.51678000050933,4916000
2016-11-29,76.32369232177734,76.75384399519459,75.99092974146062,76.29122722671593,3806000
2016-11-30,77.55736541748047,77.83331573778011,76.57531912670152,77.7115731315328,4641900
2016-12-01,78.10923767089844,79.04258913079687,76.33181841625968,77.91445327150332,9361600
2016-12-02,77.21649932861328,78.03622636008753,77.04606213848064,77.39505434458655,5038300
2016-12-05,76.65645599365234,77.90633440789938,76.41297704568277,77.80894530554528,4980300
2016-12-06,77.28140258789062,77.35444441871186,76.34805108863846,76.37239836557887,3663100
2016-12-07,78.99390411376953,78.99390411376953,77.0460413084522,77.3057559363555,4901100
2016-12-08,78.13356018066406,79.05068189661287,78.01993546769239,78.93705718364119,3861600
2016-12-09,77.53300476074219,78.15794714203994,77.25706068012715,78.10113476120243,6550200
2016-12-12,77.16776275634766,78.44198826796479,77.02979075258713,77.92255915444466,3596700
2016-12-13,77.93067169189453,78.320246627616,77.24892329448636,77.7034222260918,3803300
2016-12-14,76.0802001953125,77.91443764874329,75.97469329014643,77.7277649173599,5647400
2016-12-15,76.72138214111328,76.88370762327756,75.52020453351759,76.12891115944464,4200100
2016-12-16,75.13874053955078,76.680798423048,75.09815762468897,76.57528532124067,7872700
2016-12-19,75.2442626953125,75.30107507238033,73.85641217658292,74.61120872453247,3856300
2016-12-20,76.56719207763672,76.9648849562734,75.723124144736,75.99906823970635,4302400
2016-12-21,76.14514923095703,76.5347242401657,76.03152447662215,76.50225914005792,2829300
2016-12-22,76.3886489868164,76.65647527775027,76.06400411576996,76.11269867919687,2534900
2016-12-23,76.55095672607422,76.61588692886141,75.99906238655286,76.12080496875764,1545900
2016-12-27,76.73761749267578,76.94051970054421,76.37238980326221,76.56717418903239,1735200
2016-12-28,75.60135650634766,77.02167182270706,75.33352413201987,76.7781867202121,2700300
2016-12-29,75.71498107910156,76.16947999792633,75.47961379840064,75.70686325781301,2387200
2016-12-30,75.26861572265625,75.68253803982144,74.93585925786144,75.51210089559699,3471200
2017-01-03,76.28312683105469,77.25706132913169,75.68253791542924,76.29124465469542,5054900
2017-01-04,75.94224548339844,76.69704201760428,75.82862073133171,76.66457691814456,3772100
2017-01-05,75.4796371459961,76.66458554523784,75.00890243898512,75.62572701396208,4698800
2017-01-06,75.51206970214844,75.96656856566368,75.00075848069379,75.84482602948421,4023100
2017-01-09,74.96832275390625,75.87732083695782,74.83034452308446,75.42282179543203,3095000
2017-01-10,76.15327453613281,76.6483565252705,75.29296477896216,75.4634081192954,3980200
2017-01-11,76.81878662109375,76.89994627584392,75.79615763340433,76.67269676570955,3720500
2017-01-12,76.28312683105469,76.59154220855072,75.30108070142212,76.59154220855072,3102700
2017-01-13,76.68082427978516,76.80256068125317,76.03153457555663,76.34806160354452,2609500
2017-01-17,75.94224548339844,76.5266048895042,75.65818360323163,76.48602196715841,5040300
2017-01-18,76.3759765625,76.44962445769545,75.72129946904415,75.93407046093682,3425700
2017-01-19,76.41688537597656,76.90789628822588,76.07318273217253,76.58055776121404,3540100
2017-01-20,77.39888000488281,77.74258255564546,76.61327149879904,76.9324247592874,5045200
2017-01-23,77.30069732666016,77.52983242193902,76.56418720364731,77.41526487429958,3254900
2017-01-24,78.75733184814453,79.15832443011823,77.57892212467645,77.75895234765798,5768200
2017-01-25,80.32038116455078,80.68044790384562,79.64115485379,80.05032642748262,7557900
2017-01-26,79.55931854248047,80.99960417129805,78.57730305959747,80.56587707636713,9097300
2017-01-27,81.00779724121094,81.39241957085517,79.78846753676757,79.94395475346552,6371400
2017-01-30,79.20743560791016,80.68044955731389,79.02739911284169,80.52496860167894,5221800
2017-01-31,78.28271484375,79.07650251677674,77.40708161109397,79.04376803900297,5724700
2017-02-01,77.83260345458984,78.9864638413271,77.25158067212476,78.40544105886201,3582500
2017-02-02,76.73602294921875,77.8489699662069,76.51507307889487,77.55436597680051,3807500
2017-02-03,76.33506774902344,77.29252798338716,75.95044537022834,77.1861455940571,4677900
2017-02-06,75.99952697753906,76.20411275531954,75.63945401073744,75.95042214531728,4621300
2017-02-07,76.35958099365234,77.67711368278108,76.12226078170465,77.18610914650995,4995600
2017-02-08,76.03225708007812,76.10590495898307,75.37758013143322,76.10590495898307,4083500
2017-02-09,76.89152526855469,77.07156176904037,75.8522321659278,76.15501514996006,3994300
2017-02-10,78.81463623046875,79.06832688294737,77.3334369492434,77.63622619870212,5600200
2017-02-13,80.60679626464844,81.05688747214059,79.51021949506747,79.94394034403494,6995100
2017-02-14,80.27130126953125,80.80322572928705,79.5920809912072,80.43497369593709,4342600
2017-02-15,81.03231811523438,81.03231811523438,80.19761103323596,80.28762925938283,4326000
2017-02-16,80.41039276123047,81.0732486578939,80.0339556937758,81.05688454342292,3062400
2017-02-17,80.89323425292969,80.97506733453697,79.82120652390718,80.25492747554334,3631500
2017-02-21,80.27946472167969,81.17964097112582,80.13216269951846,80.90959246671606,3916600
2017-02-22,80.36127471923828,80.79500172469079,79.8866405560647,80.23034309460938,3031100
2017-02-23,78.19271087646484,80.60682130130078,77.84082298043633,80.55772269740149,6024800
2017-02-24,78.13540649414062,78.15177060997199,76.51508431447519,77.62803149489004,5018200
2017-02-27,79.73936462402344,79.80482733599148,77.84080862075923,78.1354126767367,5445000
2017-02-28,79.1010513305664,79.87028964070886,78.92101483985347,79.57568560926275,3951700
2017-03-01,80.6722640991211,80.99141740786351,79.73116828773037,80.36128972606576,5564900
2017-03-02,77.21885681152344,80.79501847082362,75.9749717806962,80.59861162797986,23059200
2017-03-03,77.84081268310547,78.47911942321414,77.09611732400298,77.218870060977,8163300
2017-03-06,78.28271484375,78.51184994470314,77.00609518442597,77.18613169045008,4706100
2017-03-07,78.503662109375,78.74916756264358,77.54620207986102,78.27452701617128,4683100
2017-03-08,76.29415893554688,78.13543160983573,75.9913696259054,77.00611370712113,9370400
2017-03-09,74.78839111328125,76.28596079916574,73.98641820322521,75.65583298351517,9260900
2017-03-10,75.54126739501953,76.18775934584296,74.31375245525795,75.19756471031761,7169000
2017-03-13,75.81130981445312,76.5396347271026,75.50034166141653,76.37596859254919,4376100
2017-03-14,75.17301177978516,75.2875793358191,74.1582678934287,74.64927259692611,5781100
2017-03-15,76.40052032470703,76.75240814433468,75.33667168579655,75.59036231894589,6434600
2017-03-16,75.98316955566406,76.99791343805326,75.81131822228501,76.89971624381582,3717900
2017-03-17,76.03225708007812,76.36777448974863,75.81948613524922,76.09771978017294,7141400
2017-03-20,78.06993103027344,78.13539997506209,76.01588815263055,76.21228874353429,6516200
2017-03-21,75.63944244384766,78.06173693313237,75.36120258201456,78.05355175510334,7720200
2017-03-22,75.63944244384766,76.21228003664888,75.0584196730174,75.2875547101379,5035600
2017-03-23,75.47582244873047,76.1059441857241,75.25486621120554,75.65585277111056,2585700
2017-03-24,75.41031646728516,76.30230743231438,74.92749080094556,75.48396434801062,3634600
2017-03-27,74.88658905029297,75.26302617845666,73.92912274757887,74.38739919168253,3425700
2017-03-28,76.06498718261719,76.23684472455413,74.88657738686756,74.92749079500216,3866100
2017-03-29,75.9913330078125,76.31048628475438,75.61489596945701,75.909499954859,2513700
2017-03-30,76.28596496582031,76.40871771199252,75.61492369600481,76.08956431802319,3672600
2017-03-31,75.90951538085938,76.30231661224423,75.30393693032462,75.80312677128443,4020600
2017-04-03,75.5085220336914,75.97497739384846,74.46922894824075,75.63945993859448,3685800
2017-04-04,77.03064727783203,77.56257163490208,76.15502025685706,76.834246647524,5797500
2017-04-05,77.12065124511719,79.15833003957478,76.89151617830163,77.67712479743881,6061300
2017-04-06,78.41360473632812,78.90460915442429,77.13699200058613,77.26792359846381,5421600
2017-04-07,78.1681137084961,79.06829592375469,78.0862806644165,78.45453872796622,4463800
2017-04-10,79.49386596679688,80.10762342870449,78.642788203736,78.81463954385448,5168300
2017-04-11,79.46112060546875,79.6329719220552,78.29088962193569,79.62479298564364,4250400
2017-04-12,77.62801361083984,79.1910454163452,77.46434751638088,79.1255827246384,4773900
2017-04-13,76.18773651123047,77.628022023712,76.17955133258207,77.41525108308744,4706000
2017-04-17,77.03881072998047,77.21066201346304,76.5068865229373,76.67055887158381,3719100
2017-04-18,77.24340057373047,77.36615328085047,76.2041076395001,76.51507575320367,3310400
2017-04-19,76.49052429199219,78.53638187445281,76.34322229631654,77.62802060836334,5550400
2017-04-20,78.1078109741211,78.35534937298588,76.72157453637985,76.96911293524464,4852500
2017-04-21,77.82727813720703,78.59465931461149,77.40645457661115,78.545152882303,4128700
2017-04-24,79.88187408447266,80.08815927220888,79.04848645865181,79.0814865488042,6739400
2017-04-25,86.16119384765625,86.54901099950219,84.16435478424128,84.89047636312195,18383500
2017-04-26,86.35920715332031,87.4483923539598,85.51756032377203,85.6495858246119,9856100
2017-04-27,84.72544860839844,86.01266610535046,84.62642945658519,85.8558936508012,6727400
2017-04-28,84.37887573242188,85.4268014774569,84.35412252278432,84.8492056015042,4016000
2017-05-01,84.1643295288086,84.98121684683913,83.67749966407314,84.70067210349782,4512100
2017-05-02,83.76001739501953,84.7501835179977,83.54547909342261,84.38711966842179,4516400
2017-05-03,83.7847671508789,84.30460339972068,83.15765860799821,83.37219690075364,4278400
2017-05-04,82.0107192993164,83.75176637487309,81.3918638827533,83.70225995605135,7271600
2017-05-05,82.2170181274414,82.50581611085829,81.70542863158585,82.10149893407464,4086800
2017-05-08,81.99420928955078,82.59655829639303,81.63939864204512,82.08497524323748,5094600
2017-05-09,81.92822265625,82.68735060603035,81.89521627208684,82.28303341684884,9742000
2017-05-10,82.81112670898438,83.09992471428653,81.93647952283372,82.28303712919632,4696700
2017-05-11,83.3309555053711,84.09833658953673,82.63784035596925,84.08183654588021,5220300
2017-05-12,83.09990692138672,83.29793889757461,82.65433025347168,83.00088778563126,4112000
2017-05-15,84.51090240478516,84.62642159016723,83.67751489528936,83.82603416621762,3756100
2017-05-16,84.44490051269531,84.82447079389244,83.56200017058741,84.78321123866364,3115900
2017-05-17,82.62959289550781,84.44489999868924,82.42330771126792,84.44489999868924,4618500
2017-05-18,82.69559478759766,83.06690555225771,80.64924325917144,81.80444139802543,5931500
2017-05-19,84.51913452148438,84.87394515830124,83.56196860064934,83.80951324785065,4636500
2017-05-22,84.40363311767578,85.03074173925083,84.00756285791175,84.7171842808017,4376300
2017-05-23,85.50932312011719,85.60834226423326,84.2138525540521,84.41189084228424,3327200
2017-05-24,85.77337646484375,86.56551710644769,85.11326765727271,85.26179324065792,5170900
2017-05-25,86.65626525878906,87.41539941465389,86.01265658157679,86.18593535657061,5220000
2017-05-26,87.18437194824219,87.22562520726126,86.32622483956132,86.63977604846767,2894100
2017-05-30,87.02758026123047,87.34938459224055,86.64801633991918,86.85430149032683,3211700
2017-05-31,86.99457550048828,87.26687341497076,85.48456666052905,86.84604993761813,4131400
2017-06-01,87.17611694335938,87.81972568749183,86.77179975966766,87.27512979918036,4211300
2017-06-02,87.42362213134766,88.09199013058141,86.7882667985983,87.1925838285297,3702800
2017-06-05,86.80477142333984,88.43029909090212,86.7552650116405,87.11832881829416,4319500
2017-06-06,86.2684555053711,87.06883662951965,85.86413206347235,86.4664874941577,3800200
2017-06-07,85.41030883789062,86.38397503839197,84.53565548452009,86.06217069456997,5121700
2017-06-08,86.64800262451172,86.96155373718338,85.41029191798157,85.41029191798157,4649300
2017-06-09,87.39888000488281,88.30653329328186,86.66450546556085,86.71401188091933,3881000
2017-06-12,87.52265167236328,87.75369000270734,86.55723880828744,87.39887933958686,4167400
2017-06-13,87.25861358642578,88.0094945123287,87.06058161615407,87.61342427646245,3522700
2017-06-14,86.40046691894531,87.45664582405362,85.80636471099118,87.29987339913222,4100200
2017-06-15,87.79496765136719,87.99299964745619,85.64960319031927,85.64960319031927,5974100
2017-06-16,88.78514099121094,89.04093889747361,87.79497463666095,88.09202580209077,7350400
2017-06-19,88.69438171386719,89.1482116662896,88.01776651818945,89.07394572165472,4347600
2017-06-20,88.32306671142578,89.26372666360912,88.22404755502384,89.16470750720717,5314100
2017-06-21,85.37731170654297,88.09202544352887,85.11326692671611,87.98475312041775,6274100
2017-06-22,85.68262481689453,86.3592463730001,85.39382677180389,85.45983955220323,3652500
2017-06-23,85.9053955078125,86.03741474121439,84.41189291221544,84.57691852779874,12089800
2017-06-26,86.02090454101562,87.15959626286819,85.35254269289813,86.35921519693674,2857700
2017-06-27,85.75687408447266,86.82955952363044,85.55884207712741,86.22720403649512,3380700
2017-06-28,87.83619689941406,87.98472242971597,86.44171384330815,86.51597346079815,4118300
2017-06-29,87.16786193847656,88.26530056643112,86.48299365528773,87.8362238824934,3550000
2017-06-30,88.66960144042969,89.14818446325208,87.324624630073,87.54740980534676,4702100
2017-07-03,88.26529693603516,88.98316527739395,87.86097977748518,87.8857329899012,2404900
2017-07-05,88.69438171386719,89.01618611819411,88.00126647233982,88.29006448964289,3483600
2017-07-06,87.88572692871094,89.02441868858094,87.7124481584257,88.47982916701639,2921700
2017-07-07,88.2240219116211,88.76861767055182,87.34112181680031,87.96823036775379,2767900
2017-07-10,88.9831771850586,89.51951994203176,87.66295321850309,88.06727672648293,2951500
2017-07-11,89.3132095336914,89.50299462623286,88.33129658019176,89.04091794223304,2559900
2017-07-12,89.90731048583984,90.76545738381645,89.80829135692319,89.8743041095343,3611600
2017-07-13,89.50302124023438,90.14663004013399,89.09045085103467,89.84957885628424,3051100
2017-07-14,89.75054168701172,90.23737792214646,89.15644573384942,89.56901604026181,4480200
2017-07-17,89.80829620361328,90.25387286480083,89.09868110837711,89.11518114975905,2969500
2017-07-18,88.98553466796875,89.94129726198192,88.56998626542088,89.94129726198192,3984400
2017-07-19,89.63378143310547,89.7584472112741,89.04370351325647,89.17668203417365,2857900
2017-07-20,89.19329071044922,89.88310244002413,88.97720380970297,89.658702797505,3759700
2017-07-21,88.58657836914062,88.88577363490226,87.35655902391032,88.68631223798234,4258100
2017-07-24,89.90804290771484,90.17399360295934,89.16836733841718,89.64209221247035,5980400
2017-07-25,95.19380950927734,95.48469206391076,92.91660650059337,94.11338134547998,14264600
2017-07-26,94.34609985351562,95.19382208560124,93.98042159685033,94.95280326827357,5741200
2017-07-27,95.05254364013672,95.06916278625965,94.12171293811733,94.51232945004301,5583500
2017-07-28,94.82811737060547,95.49299716292325,94.31284155528463,95.11899990195813,4704500
2017-07-31,94.70346069335938,95.29354489449616,94.48738012979595,95.16056638698245,4477200
2017-08-01,93.99703979492188,95.1023999781899,93.51500216512254,94.96942145654943,3683700
2017-08-02,93.98870849609375,94.39595038264292,93.15761192221754,94.03857860224561,2830600
2017-08-03,94.37934112548828,94.51231964373592,93.78926321748503,93.78926321748503,2438900
2017-08-04,95.03587341308594,95.27689213337891,94.28788537437714,94.64525708505121,2631900
2017-08-07,95.33509063720703,95.56779667169072,94.99434432693131,95.14394196920853,2269400
2017-08-08,95.08577728271484,95.78389547296376,94.90293499266927,95.23536860282704,2601200
2017-08-09,95.02759552001953,95.9584261251648,94.83644682605484,95.06915289214997,3170100
2017-08-10,94.03858947753906,94.85306066330136,93.7975706823502,94.65359923791775,3186700
2017-08-11,93.78926086425781,94.47075990126594,93.70615246282065,93.97210315187834,2130300
2017-08-14,94.50399780273438,95.0525246265491,94.13831325352456,94.29622364354955,1968900
2017-08-15,94.45415496826172,94.93619264619205,94.17989149556698,94.74503758743846,2826800
2017-08-16,94.84476470947266,95.16889193921155,94.43752273096783,94.58712040167539,2268600
2017-08-17,94.0302734375,95.05252509567079,94.0302734375,94.74501705588447,2905100
2017-08-18,94.67854309082031,95.27693378337183,93.6562976083491,93.90562283640212,3875700
2017-08-21,94.41258239746094,94.81981799877354,94.13831896890234,94.53724816869344,3137400
2017-08-22,96.25761413574219,96.29085876276734,94.74501848030128,94.91954801661012,3881100
2017-08-23,95.36833953857422,95.89192813964031,95.36833953857422,95.57611369878897,2447600
2017-08-24,95.39325714111328,95.61765675137632,95.06913000696733,95.57609938924962,1861200
2017-08-25,95.86702728271484,96.93914305730961,95.7008104370519,95.96676119457234,3282200
2017-08-28,95.63429260253906,96.45707652215945,95.29354626845965,96.20775132812277,2011000
2017-08-29,96.4155044555664,96.90584833538,94.99433023513686,95.06081313458141,4355700
2017-08-30,97.69542694091797,97.8117799803743,96.30749052894882,96.50695831724403,3401000
2017-08-31,97.64554595947266,98.75921879420311,97.5291929329617,98.02784966668926,3357700
2017-09-01,98.3021240234375,98.75091703593988,97.57076115534015,97.64555682037467,2992200
2017-09-05,98.3187484741211,99.008553960536,97.91981924250949,98.18576994999555,3826800
2017-09-06,97.22169494628906,99.05841789599347,97.22169494628906,98.69273331823281,4292600
2017-09-07,97.87823486328125,98.01121335071716,96.82274506750268,97.55410772611033,3270100
2017-09-08,97.9198226928711,98.77585136460648,97.23832358462654,97.42947863460141,2787000
2017-09-11,98.7924575805664,98.83400860714102,97.62892104348917,98.7509002132278,3527500
2017-09-12,100.51283264160156,100.88682360435031,98.95036685412916,99.05841347861185,5554000
2017-09-13,99.42408752441406,100.56269218973321,99.2412515921291,100.14714387489961,2532200
2017-09-14,100.13054656982422,100.3881845521651,99.07505006912456,99.55708774124305,2904900
2017-09-15,100.87020111083984,101.03641790192674,99.98923436393976,100.57100581427214,4610100
2017-09-18,102.91470336914062,103.41336010880823,102.10022583309741,102.74017382729518,4349000
2017-09-19,103.67098999023438,103.82890037614492,102.85651885827933,103.02273564499066,3050000
2017-09-20,103.76241302490234,104.11978482956225,103.20557980438419,103.86214690321351,3151600
2017-09-21,103.71255493164062,103.92032910058596,102.90639014161046,103.4881552783516,2615400
2017-09-22,103.41336059570312,104.23614453706679,103.34687133923055,103.5380263663981,2616700
2017-09-25,103.32192993164062,103.70423360998016,102.76509672671762,103.3634872982974,3268500
2017-09-26,103.4798355102539,103.94524755952865,103.32192513320844,103.63773954653577,2301900
2017-09-27,103.48814392089844,104.23613211516546,103.33854628204503,104.06160259329711,2140600
2017-09-28,104.07821655273438,104.11976757290435,102.74015069245803,102.98116943619085,2067800
2017-09-29,103.64606475830078,104.34418925697466,103.47984796092167,104.17796611883118,2273500
2017-10-02,103.65438842773438,103.74580957815989,103.01444037475575,103.38843771943243,2502600
2017-10-03,104.31095886230469,104.3275780080045,103.34688355182006,103.87047858245973,2166100
2017-10-04,105.33318328857422,105.62406583588927,104.38573365402576,104.46053564662904,2792300
2017-10-05,105.05061340332031,105.47447445238086,104.726486230734,105.38305331747047,2496200
2017-10-06,105.49109649658203,105.54096026580882,104.70155722692532,104.8179102489639,2697400
2017-10-09,105.44954681396484,105.49110418519211,104.66832022916174,105.48279144279374,1979600
2017-10-10,106.53826904296875,106.62137108926274,105.77365539605488,105.98142953408032,4414300
2017-10-11,106.87904357910156,107.08681775971294,106.10611703283188,106.52166539405462,2177800
2017-10-12,108.03424835205078,108.1755332480207,106.69618235900933,106.71279515981003,3372300
2017-10-13,108.63265228271484,109.21441742058848,107.37768818366365,108.87366473928789,3478200
2017-10-16,109.26431274414062,109.80452066783286,108.8238323924451,109.08147040779163,2914200
2017-10-17,108.4913558959961,109.2642824089798,108.30852629193882,108.99001898060035,2380300
2017-10-18,109.11466979980469,109.41386509064935,108.45810904903534,108.45810904903534,2511400
2017-10-19,109.33072662353516,109.39721585285871,107.5438618744647,108.87362109788812,4837600
2017-10-20,109.82405090332031,110.28388314199702,109.08831932143758,109.80732625177626,3086800
2017-10-23,110.091552734375,110.64335127639724,109.65681396535864,110.31729082105099,5549500
2017-10-24,115.57608795166016,117.41540385646165,114.23004075294662,117.09769931354504,18886700
2017-10-25,114.4056625366211,115.23336085137885,112.69174874229935,114.71501128948496,7438600
2017-10-26,114.48920440673828,115.57607685064501,114.41396262974894,114.43904322207872,5745400
2017-10-27,115.21658325195312,115.70985197981896,114.45577115883609,114.47249580845674,4064600
2017-10-30,114.11298370361328,115.2165680467088,114.10461500132247,114.79018521642591,3044500
2017-10-31,113.53611755371094,114.2216750900996,112.93415774962016,114.12135270847433,3988300
2017-11-01,113.9457778930664,114.7902004779448,113.22677104471116,113.42742856884628,3629000
2017-11-02,114.09629821777344,114.53104989956809,113.4441770736677,114.05449296347486,2722600
2017-11-03,114.23003387451172,114.49756445467204,114.00429577828659,114.10461815120065,2105400
2017-11-06,115.13298797607422,115.75165969637797,114.36380716314132,114.3721758667152,2780900
2017-11-07,116.0526123046875,116.12785407612874,114.2551019487002,115.2082026584571,3222100
2017-11-08,114.7818374633789,116.00248180398485,114.68987102157182,115.70985782809761,1933300
2017-11-09,113.15150451660156,114.33034329344973,112.57462542337089,114.07116868800802,2940300
2017-11-10,114.1046371459961,114.4474223200733,112.92581079651328,112.94252269000197,2016900
2017-11-13,114.14643096923828,114.16315561822363,112.7585785183498,113.31037712034198,1894100
2017-11-14,114.99089050292969,115.47580347589718,114.09631913139513,115.37548105292971,3041300
2017-11-15,112.11483001708984,114.33872363462987,111.87236724872635,114.10462956962566,3746200
2017-11-16,114.00431823730469,114.88217744474775,112.95089484267561,113.26023072487925,2812900
2017-11-17,113.81201934814453,114.00430816951938,112.88399902631662,113.53612003547462,2312700
2017-11-20,114.46415710449219,115.21660060755801,113.912358398419,114.07121070081932,2124000
2017-11-21,115.0410385131836,115.37545501906573,114.68152865004694,115.1831661660421,2221400
2017-11-22,115.3837661743164,115.726551251937,114.70656472063533,115.55934306390674,4887500
2017-11-24,114.86542510986328,115.72655945859442,114.82361987059939,115.4590288902077,944400
2017-11-27,114.69822692871094,115.60116659557654,114.44740822838678,114.9323209804351,2585400
2017-11-28,116.20310974121094,116.21146568573045,114.7650963394904,114.96574106529602,2592700
2017-11-29,115.42558288574219,116.38705238754369,114.70657612428116,115.5175493118768,3098200
2017-11-30,118.00899505615234,118.15949138190037,114.63134313730228,116.12787390590229,7507800
2017-12-01,118.31836700439453,119.05408585792713,115.69315792467509,118.38525285601963,5481600
2017-12-04,118.3016357421875,121.38667690622302,118.25147454556434,120.60078414000387,4922300
2017-12-05,117.16458129882812,118.87849417357205,116.82179617244557,118.51062845327554,3884100
2017-12-06,117.33177947998047,118.0006250272339,116.62949739608986,117.17292722732641,2881400
2017-12-07,119.46375274658203,119.55571919471096,116.3703555706007,116.8636243573053,2977100
2017-12-08,120.27471160888672,120.65930200659137,119.49717486726395,120.28306755510015,2490100
2017-12-11,120.19950866699219,120.98540160880972,119.95704581957669,120.91851574597696,1913500
2017-12-12,119.90687561035156,121.06063433254981,119.73131139612232,120.42522506192563,3397100
2017-12-13,124.21253204345703,124.61383433697821,120.45028955412492,120.54224323475883,6486500
2017-12-14,122.29798889160156,124.57205699285024,121.96357236495966,124.44665398465271,4616900
2017-12-15,122.64070129394531,123.60215780496375,121.63743955262929,123.19249971667693,7931700
2017-12-18,125.2158203125,125.24925686179063,122.73273873026992,123.52698753694095,3534800
2017-12-19,126.16886901855469,126.31935256360708,124.1790570973024,125.32444660298094,3554100
2017-12-20,127.51496124267578,127.58184709437074,125.99333682025211,127.02167968107197,3076000
2017-12-21,129.287353515625,129.67194386010277,126.92131983335945,127.65705122775101,4017400
2017-12-22,130.2153778076172,130.25718304855573,128.7104784340088,129.39604866532923,2486400
2017-12-26,130.79226684570312,131.24373031331095,130.14014586073108,130.45783765009605,1870600
2017-12-27,131.69522094726562,131.83734858701072,130.6835900609765,131.21030812845663,2520500
2017-12-28,132.44761657714844,132.6399053430086,131.45271070095242,132.0463144005636,4064000
2017-12-29,131.74539184570312,132.5145600006507,131.68686194181876,132.1383382492441,2616100
2018-01-02,131.29388427734375,133.2586158272481,130.44947452460224,132.34732023906636,5108400
2018-01-03,131.49456787109375,131.67014481860343,129.92278231934108,131.2939103249643,4146100
2018-01-04,133.30044555664062,133.41749260087064,131.27719650228104,132.00455936591254,4865800
2018-01-05,135.4073486328125,135.48259045175092,133.46769669678756,133.98604623681916,3945400
2018-01-08,138.81002807617188,139.14444453349594,135.90056407450803,137.2048061181101,5929200
2018-01-09,139.14447021484375,139.96381237369968,138.02416084314987,139.0608724636685,4522900
2018-01-10,138.67625427246094,140.0641067877833,137.53086452859014,138.7013348685187,5478600
2018-01-11,141.4603271484375,141.73622648545023,138.4839770989729,139.53740049351805,4199000
2018-01-12,142.37994384765625,142.68927962607694,141.4853602891783,142.1207692487452,4127900
2018-01-16,141.55223083496094,144.83792806701604,140.09750575753844,144.5536601518676,8530600
2018-01-17,140.8750457763672,142.22109271810757,140.8750457763672,141.5606159207961,5571400
2018-01-18,141.15098571777344,142.764563669915,140.53230122056425,141.5690126803598,4668800
2018-01-19,143.13327026367188,143.1668620112792,141.62138529362318,142.47812224604843,5796700
2018-01-22,143.53640747070312,143.55320974944013,141.51216223174288,143.0576514659586,3540900
2018-01-23,142.31008911132812,144.51072610711267,142.11690777451523,144.46872682092308,5036500
2018-01-24,141.3945770263672,144.84670848960144,140.83182242397126,143.96477466157822,8241000
2018-01-25,142.25965881347656,145.3926227715756,136.4557229275407,145.3926227715756,16937100
2018-01-26,140.31942749023438,141.94890214536423,138.21119693025653,141.78931257162128,9045300
2018-01-29,136.55654907226562,139.3283354149935,133.90235304388943,139.0763525081304,9496800
2018-01-30,137.5476531982422,138.34560113406346,134.2299148702267,134.66668434830018,8694800
2018-01-31,136.72450256347656,139.25270015993877,135.97696155878307,138.33717486069014,7014000
2018-02-01,136.27098083496094,137.5308826121527,134.5407049618553,135.4310463168331,4323600
2018-02-02,132.28125,135.06143032431103,131.47490747863756,135.03623332205404,7602800
2018-02-05,126.89726257324219,133.49073846249158,119.98460758147137,130.13100160691107,11390500
2018-02-06,131.37411499023438,131.5000999972237,123.31074131705967,124.3690666412866,13908700
2018-02-07,129.6354522705078,132.78520578579318,129.58505826488403,130.4921888152518,7156500
2018-02-08,122.62202453613281,129.5094838768385,122.56322297777228,129.22390926406837,9101900
2018-02-09,125.32662200927734,126.73770570059939,120.00983552645162,124.90665479404355,9528100
2018-02-12,127.91363525390625,128.88796247085915,126.20017430028645,127.56086425805466,5756800
2018-02-13,129.32470703125,130.35782280609283,126.83010071375496,127.0400843242082,5512100
2018-02-14,132.76004028320312,133.20520452701135,127.95561408928894,127.9976133760673,5560100
2018-02-15,134.37266540527344,134.67504222020253,132.27282997281532,134.22148340599807,4914500
2018-02-16,131.27333068847656,135.2294270187289,131.10534638589093,134.498688253472,5991600
2018-02-20,130.66021728515625,132.91964328803564,129.5767073487472,130.33264332146194,5094600
2018-02-21,130.3830108642578,133.04560132407283,130.22342128064673,130.7777810501226,4179400
2018-02-22,133.4319610595703,134.20469906398895,131.19773278500637,131.37412462410566,4723300
2018-02-23,136.4137420654297,136.47253080593126,133.7343494146209,133.88553144709454,4450800
2018-02-26,137.48886108398438,137.79123797425592,135.69140201858724,136.95130359198845,6254400
2018-02-27,135.44781494140625,138.25320554080903,135.4310254814229,137.12768371922223,4127700
2018-02-28,129.8791046142578,136.35499386698092,129.4927290194378,135.64945180658214,7298600
2018-03-01,126.183349609375,131.18936460130823,124.73866132119748,129.07272618573003,9434800
2018-03-02,122.9496078491211,125.88937839917968,122.51283835023958,125.25942756702426,9509400
2018-03-05,126.93087005615234,127.55242606547333,120.95893654151807,121.91646115154303,8453000
2018-03-06,129.139892578125,130.17300813016368,127.39282777796431,128.20756503612532,5795600
2018-03-07,127.25848388671875,127.89684237143359,124.99066307892005,125.99018728197862,5491000
2018-03-08,129.00550842285156,129.32468756393666,126.23372261883073,127.44323008359477,4105000
2018-03-09,132.9196319580078,133.06241928217682,129.62709032203767,130.29063292451522,4576700
2018-03-12,129.76983642578125,133.83511495697508,129.2238843117066,132.9111950088196,4880400
2018-03-13,129.0895233154297,132.60044304610187,128.67795083491907,131.28175266861558,4819100
2018-03-14,128.12356567382812,130.39979314506823,127.09045012831822,130.0218252934309,4873600
2018-03-15,129.82864379882812,130.68536751015563,127.3760244986172,128.66112288198806,5268800
2018-03-16,131.41612243652344,132.24764916711803,128.77032177781174,129.61866359888938,10897600
2018-03-19,127.79601287841797,130.0470437181144,126.67891141318216,129.55148550174937,5479200
2018-03-20,129.40025329589844,130.3577777157049,128.1235497973638,128.5099251461599,3557600
2018-03-21,130.8617401123047,132.10483903702163,128.6863137899556,129.4842486507595,3887400
2018-03-22,123.38634490966797,128.9299164776024,122.84039273517493,128.40075376150145,8225600
2018-03-23,121.19415283203125,124.78908456389708,120.77418554922842,124.05833277667878,6533100
2018-03-26,125.30977630615234,125.62054783648557,122.00882847383478,124.15907063642952,5454900
2018-03-27,123.46195220947266,126.93087228928388,122.45402075686674,125.9061513778138,4915300
2018-03-28,121.92487335205078,124.51187268865559,120.63977482154381,123.46195475089623,4933900
2018-03-29,123.78953552246094,124.95704382155417,122.26925631461815,122.80681381600535,4209400
2018-04-02,120.8581771850586,123.76435625420756,119.06911256191626,123.00001276751088,5397500
2018-04-03,121.84088134765625,122.33643956501695,119.5898633198188,121.62250301874691,4845700
2018-04-04,121.94164276123047,122.17683613168792,115.95292054407481,117.49000169018852,6188200
2018-04-05,124.41950225830078,125.04945313670349,123.02520790483743,123.0587996458102,4584800
2018-04-06,120.10224151611328,123.47037432425785,118.27958514738789,122.43725845421372,5707400
2018-04-09,120.17781829833984,123.29396781798572,119.94263768615457,121.62250652541057,4050800
2018-04-10,124.38587951660156,125.15861760984065,122.31124056838229,123.2603705209956,3991600
2018-04-11,123.29395294189453,124.60426124417931,122.89919560337057,123.20155965422792,3218900
2018-04-12,126.10777282714844,126.96450965675504,124.00793645210175,124.00793645210175,3958000
2018-04-13,126.183349609375,128.43438061370986,125.14183908746749,127.46005356979802,3603200
2018-04-16,127.78761291503906,128.86272786966447,126.22533449403944,127.45164429786158,3055600
2018-04-17,128.7703399658203,130.6433900769051,128.51835708420248,128.7955369723439,3817200
2018-04-18,130.9877166748047,131.97043800640375,129.828616364301,130.34937139052184,3087100
2018-04-19,130.77781677246094,131.2985849480277,129.31633874730332,130.5174390928701,4013200
2018-04-20,129.36801147460938,131.8076426276381,128.62514373054805,131.05633788863364,4057800
2018-04-23,129.9927215576172,131.4700074502781,128.46477504295714,130.5498595905,5350300
2018-04-24,121.93097686767578,135.99474373838115,121.0192787504399,134.85511787160814,24122300
2018-04-25,122.56407165527344,124.59850830080934,120.00625788534114,121.41600905140639,9963700
2018-04-26,123.50952911376953,124.4296640100516,121.56795096721072,122.67381569899814,6558900
2018-04-27,122.16734313964844,123.75437464659616,121.69461363908856,122.96929589102056,3860600
2018-04-30,121.8634262084961,123.41668373827169,121.22186667600035,122.58097023478172,4764800
2018-05-01,121.9140853881836,121.92252238565803,118.4361360537146,120.78290944282494,5004400
2018-05-02,121.44132232666016,123.79653206190947,121.1205361785749,121.5510676680385,4637600
2018-05-03,121.37379455566406,122.53029411963347,116.6211511991789,119.60949640368943,7703200
2018-05-04,123.56021118164062,124.25243145581527,119.06926792128961,120.07382457819939,4678400
2018-05-07,126.47256469726562,127.8569921353309,124.93618115161789,125.08812437828931,6844600
2018-05-08,126.56539916992188,127.52775771115827,125.41734943141509,127.17319778496069,3853600
2018-05-09,128.8277587890625,129.45244425393795,127.04657375146341,127.25761457164856,4668200
2018-05-10,129.975830078125,131.2167512144629,128.99659751541162,129.32582070173126,3911000
2018-05-11,130.72711181640625,132.31414273182773,129.80697703285145,130.2121717564604,3507900
2018-05-14,131.08164978027344,132.02710836387024,130.33034510989944,131.36022515884903,3563900
2018-05-15,128.81088256835938,130.33881617190153,128.06802757889824,129.84921276378623,4127200
2018-05-16,129.83230590820312,129.8913906355744,128.60827181447956,128.77710188242273,2693400
2018-05-17,129.7394561767578,131.0563488286802,128.95437763062907,129.74789317240524,2885800
2018-05-18,131.4446563720703,132.39855202057996,130.0095686400906,130.12775097180457,3889300
2018-05-21,134.1544189453125,136.41678309943796,133.9687020042683,134.4414313520504,5849700
2018-05-22,131.85833740234375,134.51746018167483,131.8076896527987,134.24732167621738,3512400
2018-05-23,133.15835571289062,133.37783358672752,129.7648148213069,130.54988069692226,4010000
2018-05-24,133.1245574951172,133.71546926294212,131.71480624869537,132.71092569809497,2891000
2018-05-25,131.5628662109375,133.01482823608953,131.0394761631385,132.46611431769338,2359700
2018-05-29,129.6803741455078,131.45312239357287,128.8530976408359,130.22063819277062,3795800
2018-05-30,131.23362731933594,131.67258294446955,129.86607406606953,130.5076463935728,2688200
2018-05-31,128.23684692382812,131.1069969227394,127.89073688769729,131.09855992706892,4546000
2018-06-01,129.595947265625,130.16153510404507,128.53229331437637,129.41023031797553,2755500
2018-06-04,128.73492431640625,130.78623528824966,128.38037721809673,130.6680529221465,2470900
2018-06-05,129.16546630859375,129.24145082121194,128.32975259802114,128.6505260032984,2916600
2018-06-06,132.12001037597656,132.14533424774885,129.16543844737222,129.70570251336628,3689300
2018-06-07,131.9342803955078,133.31870773325943,131.292720905641,132.62650050483867,3149100
2018-06-08,131.11544799804688,132.23817383522757,130.87907042710881,131.8498659362848,3254100
2018-06-11,131.94276428222656,132.60121081496982,130.60898433923256,131.0057422347206,2758300
2018-06-12,132.94723510742188,134.38230962692631,132.0186506578516,132.0692983767545,2595600
2018-06-13,130.6005096435547,132.8291002374678,130.43166667904288,132.68558114145083,4189300
2018-06-14,129.27523803710938,132.8376101443158,128.9544516855576,131.43629520754578,3967600
2018-06-15,126.64137268066406,127.46864904796328,125.2991433415955,127.34202971451757,8852500
2018-06-18,125.51018524169922,126.16864442406397,124.69979573878845,125.29070743485025,3651600
2018-06-19,120.9686279296875,123.50111834183345,120.14135133504193,123.24786672443639,6792000
2018-06-20,120.82508850097656,122.14198109266424,119.71923671900572,121.74522333992388,4128300
2018-06-21,117.78611755371094,120.20042538028376,117.44000747010766,120.08224302014011,5914900
2018-06-22,118.13221740722656,120.29327345180103,117.98871118811608,118.94260698348695,5114700
2018-06-25,115.29582977294922,117.32181662340673,114.11399337609045,117.22052114515692,6078200
2018-06-26,114.41791534423828,115.92897522547918,114.19843747094136,115.43935884882035,4285300
2018-06-27,113.63285064697266,117.72704882466225,113.6075267721344,115.45624692080429,5665000
2018-06-28,114.83154296875,115.4140177589427,112.00359050772288,113.26983557130323,4215900
2018-06-29,114.52767181396484,116.36795512384889,114.45170018287835,115.32118764330569,4107900
2018-07-02,115.05101776123047,115.16920011546382,112.44255609078027,112.94905925515783,3172600
2018-07-03,112.97438049316406,115.94583903440042,112.5522988263201,115.65037671524556,1837400
2018-07-05,114.64582061767578,114.8821853213169,113.19385864907447,113.97048737259675,3366300
2018-07-06,114.30815887451172,114.6880297943964,112.54386061753146,114.0549073009519,3179600
2018-07-09,119.001708984375,119.06924359837052,114.89063757434113,114.99193305487911,5562300
2018-07-10,119.23806762695312,119.75300776167583,118.30104583691376,119.5419669340175,3761700
2018-07-11,115.4477767944336,117.66793055923966,114.67114804680392,116.60428935983805,5231700
2018-07-12,117.69327545166016,117.95496407977724,115.5068950441323,116.91664656531134,4250800
2018-07-13,118.81598663330078,119.23806829096793,117.39779844637597,117.79454335414592,2838700
2018-07-16,116.56204223632812,118.92570148931809,116.41008618046183,118.92570148931809,3723100
2018-07-17,117.2964859008789,117.6172720711419,115.25361229642981,115.63348319858311,3306000
2018-07-18,119.12832641601562,119.44911260709914,116.77311636507336,117.3387042571504,4394800
2018-07-19,118.41490936279297,119.36616543817907,118.10065790072264,118.54231806139134,3576700
2018-07-20,116.20661926269531,117.70145189397611,116.05373143637539,117.51459619507972,5247000
2018-07-23,115.74799346923828,116.18965366641997,115.17044879283331,116.03676580744076,3542300
2018-07-24,117.18335723876953,119.41712399237944,116.66525968998175,117.97323665452154,5064700
2018-07-25,119.3151626586914,119.79929220506264,116.07918250309325,117.20880515140558,5041800
2018-07-26,121.09880828857422,121.92266850990313,118.9669711467227,119.54451569451729,5385600
2018-07-27,121.08181762695312,122.2623988242123,119.56999459621521,122.2623988242123,4649400
2018-07-30,118.69514465332031,124.59804907630237,118.10909857393672,123.75721162317525,13837700
2018-07-31,122.13500213623047,122.9673510773734,119.05189612296248,120.58070955763628,7608700
2018-08-01,117.66749572753906,121.51501581779392,117.30228594125111,121.43007667871191,6364500
2018-08-02,117.21727752685547,117.81182522926629,115.24681767164473,116.41890970682728,4195000
2018-08-03,117.64195251464844,117.71840288214764,116.41891511317924,117.37865947072342,3594100
2018-08-06,118.46585845947266,119.47657444103491,117.18336060314321,117.6504998752801,3125200
2018-08-07,120.92891693115234,121.7272978361499,119.16228987666331,119.425582949612,4813000
2018-08-08,118.66120910644531,120.9459211258494,118.27899602196418,120.8779853809406,3435100
2018-08-09,117.65050506591797,119.67192415833472,117.42117978404386,118.99246296149404,3338500
2018-08-10,115.44217681884766,116.80112465582229,114.43146114708223,116.80112465582229,6268600
2018-08-13,114.67780303955078,116.13016607524624,114.42299864174227,115.44220327308628,3879400
2018-08-14,114.59288024902344,115.89236860713605,114.38054538057507,115.17043783034674,3537900
2018-08-15,112.1297836303711,113.1744673929212,109.92998488368656,113.1744673929212,5682200
2018-08-16,115.73096466064453,115.97728030732507,113.51418863996369,113.57364860981376,5539400
2018-08-17,118.3469467163086,119.08588079348954,115.03452830098203,115.21288231417395,6611700
2018-08-20,117.77788543701172,119.37464755306185,117.68445759064942,118.75463345987022,3311100
2018-08-21,118.89903259277344,119.72289288443578,118.11764186498993,118.11764186498993,3021400
2018-08-22,118.59324645996094,119.50203274004596,118.36392122820952,119.17929263005414,2209500
2018-08-23,116.18112182617188,118.2025535887901,115.86687041967365,118.10063701584792,3905300
2018-08-24,117.3872299194336,117.67600226838775,116.26609544482065,117.05598799918769,2565400
2018-08-27,120.64013671875,120.9289219021368,118.31295555775715,118.39788170355142,4770900
2018-08-28,120.6061782836914,122.10951244458802,120.17301991457057,121.81223851134165,3234000
2018-08-29,120.48727416992188,121.10728823300127,120.00314454595092,120.97139083400353,3369900
2018-08-30,118.10912322998047,120.156034092271,117.59102572873451,119.78232271958349,4773300
2018-08-31,117.93079376220703,119.09438472020685,117.53160316378961,117.65051017438891,4552200
2018-09-04,117.41266632080078,118.05815950577598,116.30002098159798,117.08991324836876,3955600
2018-09-05,119.40863037109375,119.84180178567149,116.93704945695657,117.48912787634376,4579400
2018-09-06,120.24099731445312,120.49578879246808,118.95848639561494,119.19630041502359,4588100
2018-09-07,120.02862548828125,120.72507691358453,118.94996104384765,119.52750549605582,4173400
2018-09-10,120.64864349365234,121.03933229253695,120.34288084414379,120.41082953957775,3069100
2018-09-11,120.63166046142578,120.98838141436589,119.22175410464638,119.42560020342185,2583200
2018-09-12,122.54271697998047,122.94190763049448,119.43413092019242,120.24950264206402,5630600
2018-09-13,123.61285400390625,124.39425767829407,122.74653712298728,123.19668598068766,3670700
2018-09-14,123.06925201416016,125.0227348791238,121.65085702330913,123.68927899714059,4699600
2018-09-17,124.19039154052734,125.75317271771296,122.7719964868969,123.02680086488975,3827100
2018-09-18,126.61103820800781,126.78939223521617,124.2328851527282,124.85289932331926,4496400
2018-09-19,129.74508666992188,130.04236065439824,126.86582652042483,127.19706837975136,6000100
2018-09-20,132.4969482421875,133.9578130672901,131.18897125035383,131.9958410995941,6774100
2018-09-21,132.8197021484375,133.5925911682205,131.47774431468548,133.03203700264083,5932100
2018-09-24,130.79827880859375,132.58189688539497,130.60293435862337,132.4969577541599,3844500
2018-09-25,130.8747100830078,131.2229423608117,129.78755664587135,130.90018922919919,3454600
2018-09-26,130.09332275390625,131.77501124586524,129.8555087433218,130.7558064919474,3096100
2018-09-27,129.498779296875,130.84073710346172,128.420114630588,129.96591855864423,2674100
2018-09-28,129.51576232910156,129.87248330141614,127.87653064215473,129.0995813814562,3599900
2018-10-01,129.33734130859375,131.22287491700754,128.82773272690397,130.46696372876127,3736300
2018-10-02,131.4947509765625,131.9703790351542,128.67493754363667,129.34591006345866,4344000
2018-10-03,134.38241577148438,135.35915042411824,132.31851529068533,132.4968821805853,6043300
2018-10-04,133.1339111328125,134.662724187559,131.8174328645617,134.2210642028796,4130800
2018-10-05,130.21221923828125,133.18490709029038,128.7683448735692,132.9301026824258,4955100
2018-10-08,130.2462158203125,130.50950898831613,128.14834624572003,129.0571327597936,3463200
2018-10-09,126.94224548339844,129.61765884159698,126.61949243273637,129.61765884159698,4996900
2018-10-10,122.06704711914062,126.69594378369493,122.06704711914062,126.29675326973494,9419300
2018-10-11,119.73136901855469,123.91011705881569,118.77161140739477,121.41305730014864,7608300
2018-10-12,120.66564178466797,122.6445909688577,118.69516836811411,122.32185084433821,5596200
2018-10-15,120.4363021850586,121.60838147838884,119.85874478496281,120.60616743453812,3741700
2018-10-16,122.0585708618164,122.21144573305065,119.98618065248068,121.75280815945719,3573400
2018-10-17,120.04560852050781,121.89717485605095,119.8502641184637,121.52346350613094,4807500
2018-10-18,115.34028625488281,119.58698300241244,114.21066336485313,119.04340633712425,10250200
2018-10-19,112.24610137939453,117.04125024771378,112.20336114710815,116.40874176283114,7055100
2018-10-22,110.0151596069336,113.79316270423655,109.97241938913376,113.4085137865213,7858900
2018-10-23,101.69841766357422,104.70714248018925,98.8264498052754,102.29674158353578,24113300
2018-10-24,96.02288055419922,103.97208040557422,95.9459559691423,102.57028700487373,15304200
2018-10-25,98.83499145507812,100.08292884559822,96.15961950018657,98.15119362915506,13568900
2018-10-26,98.3392562866211,99.5188121317231,96.03997047627584,97.52723767596837,10820400
2018-10-29,97.4246597290039,101.15992271172342,95.78353053026893,99.90343592009086,8069600
2018-10-30,100.39922332763672,100.63855297341574,96.67250207445066,97.44178059391453,8057600
2018-10-31,103.69857788085938,105.04053910766606,101.93778973544589,102.06600392068104,10341300
2018-11-01,106.58761596679688,107.0406401923948,103.37375181010218,104.78408797762455,10138900
2018-11-02,107.5193099975586,109.66474044366478,106.21153981034333,108.59629989577734,7683900
2018-11-05,108.04925537109375,108.510815934196,106.45941536542887,107.77572833926521,4844200
2018-11-06,110.54509735107422,110.69040365177398,107.96374220089056,108.04067328559368,4728200
2018-11-07,115.47703552246094,115.57960162004768,111.86997994250355,114.12652538680294,7551900
2018-11-08,112.30589294433594,115.13512068760609,111.88705966392604,114.39149043456682,6269400
2018-11-09,108.47660827636719,110.77589385416769,107.46800038749384,110.76733798470659,7248400
2018-11-12,106.84403228759766,109.75874061859959,106.49358073149808,108.70739247154305,5870100
2018-11-13,107.66460418701172,110.93830069985269,107.08337233375725,107.27141889234588,5820200
2018-11-14,106.92950439453125,110.26303944958096,105.75849799412677,108.78431519846873,5516300
2018-11-15,110.62201690673828,111.35710424566658,105.24562533306086,106.26278243439583,5815200
2018-11-16,111.08361053466797,112.75891767686085,109.45103057190542,110.08353890330118,5957700
2018-11-19,107.68169403076172,110.68187632961452,107.35688399400314,110.39125064502203,5385600
2018-11-20,104.51057434082031,105.96365735111507,103.62163757277877,105.86108471422872,7746200
2018-11-21,105.87818908691406,107.88685605454128,104.71572522489487,104.98069639949328,4759500
2018-11-23,104.55331420898438,106.03203874308629,103.91224990345482,104.24560282063072,3130100
2018-11-26,106.67308807373047,107.51929101229045,105.2712948441239,105.69012163899305,4696600
2018-11-27,106.50212097167969,106.50212097167969,104.61311942493654,105.98927096480799,4049400
2018-11-28,111.77594757080078,111.78449039740926,105.85250811028155,107.10045204673825,5745200
2018-11-29,111.31438446044922,111.89562278609027,109.05783898954635,111.80159951469912,4999600
2018-11-30,115.96427154541016,116.22069990708208,110.98106284362501,111.16056660954183,8458200
2018-12-03,118.767822265625,121.72527078275968,118.40882788651922,121.27225313466303,9365800
2018-12-04,110.53658294677734,118.02420902609356,110.29724028366142,118.02420902609356,8113400
2018-12-06,109.72454071044922,109.9980676872309,106.03201782128545,107.03207637548573,6595200
2018-12-07,105.60464477539062,111.10069556989995,104.92084035601947,110.34852244682772,6413700
2018-12-10,105.46788024902344,106.30554032847867,103.56178637179424,104.63022669081039,5970900
2018-12-11,105.33968353271484,109.39121458795856,104.49348048601547,108.70741006217037,4449900
2018-12-12,107.1603012084961,109.38265594666765,106.9295144291181,107.47655539478363,5544100
2018-12-13,107.61331176757812,110.35706576332365,106.87822429593066,108.08342160189258,4544100
2018-12-14,108.35694122314453,109.18605195944947,105.26274221290413,105.49352245395411,4483300
2018-12-17,106.39105224609375,109.10916564926352,105.7157969407668,108.38262727710612,5662300
2018-12-18,106.22008514404297,110.04937902731142,105.64740256197021,107.58769429458124,5377900
2018-12-19,104.56185913085938,110.22031565443817,103.25408904636149,106.90387880192911,6416500
2018-12-20,103.89514923095703,106.45085689411769,103.21989410178722,104.05754774063588,7563500
2018-12-21,102.63011169433594,105.75850834294653,102.20273553061817,104.04900368807544,10034100
2018-12-24,99.96327209472656,102.21981749193708,99.72394251036214,101.0060708733791,2986600
2018-12-26,106.63890838623047,106.6474512147059,99.22820032109526,100.86078049145017,5093700
2018-12-27,108.27149200439453,108.28859070540595,103.36521473435405,104.10885171850182,4599000
2018-12-28,107.36544036865234,109.62198599133598,106.88678115209603,108.66466103698063,3813500
2018-12-31,108.6133804321289,109.50232365522812,106.41666716200393,108.21164578578914,3455200
2019-01-02,108.0235824584961,109.30571077950587,105.13452232280116,106.01491605982916,4783200
2019-01-03,103.86097717285156,107.27143779142752,102.94639226687401,107.10903273108066,6165800
2019-01-04,109.53650665283203,109.91259976750895,105.73286136573238,106.13459600709312,5456600
2019-01-07,109.60486602783203,110.77588535808849,108.2970962640094,109.91257732770106,4653400
2019-01-08,110.92119598388672,112.39991362916592,109.60487029995214,111.0323049003348,4202600
2019-01-09,111.34857177734375,113.0153359443489,111.04086046632099,112.04946179315571,4865600
2019-01-10,113.64790344238281,113.78465393647369,108.76726070091959,109.92972467686866,3418500
2019-01-11,112.91278839111328,113.10083494774683,111.16054350020175,112.04093735967454,2908600
2019-01-14,112.65635681152344,113.1606575430856,110.3741697140869,111.38277117721125,4482300
2019-01-15,111.70759582519531,113.7760951159154,110.74172141727102,112.92134269615568,3224100
2019-01-16,112.53668975830078,113.2717772502278,111.32294307023241,111.76740487094371,3636900
2019-01-17,114.9983901977539,116.16085406473042,110.39983083312308,111.51955446861398,6878500
2019-01-18,117.51033020019531,118.47380743418296,114.98118933458494,116.21995327907923,6122400
2019-01-22,113.75961303710938,116.08228843997213,112.839138036401,116.07367752786693,5188700
2019-01-23,113.39832305908203,114.83494103319849,111.96169195857355,114.44781747988274,3123600
2019-01-24,114.18113708496094,114.40481079586196,112.86495381077981,113.04561233678514,3943600
2019-01-25,117.73399353027344,117.7598000191811,115.17904611726927,115.93607146227588,6417400
2019-01-28,106.98945617675781,109.94011838816438,105.93994854424636,109.24331037458089,17421400
2019-01-29,108.84757995605469,110.44764766416154,108.05615045143286,108.05615045143286,8550800
2019-01-30,111.92727661132812,112.993992752915,108.65831964643093,110.05192885922938,7181600
2019-01-31,114.5510025024414,114.70584134959371,111.00676019312048,112.10789332054217,6643300
2019-02-01,112.61549377441406,115.1532323250659,111.92729015227314,114.43922221565403,5646700
2019-02-04,112.58967590332031,112.9595776010652,111.91868104933438,112.58967590332031,4541700
2019-02-05,113.55316162109375,113.63919199409075,112.34881515748742,112.37462164410813,3614500
2019-02-06,112.29718780517578,113.63919072644242,112.14234888717876,112.92518064298635,3098200
2019-02-07,110.78314971923828,112.21116987747043,109.56159457680569,111.22187311062162,3682100
2019-02-08,110.62830352783203,110.62830352783203,108.86478603888033,109.66481987370882,3135000
2019-02-11,110.91217041015625,111.89286928660415,110.7057185426012,110.92937910791596,2648100
2019-02-12,114.1294937133789,114.89511654557676,111.83262521678533,112.05628574171922,4505600
2019-02-13,114.49943542480469,115.54033198470067,113.94026429116944,115.44570383140184,3189600
2019-02-14,114.08649444580078,114.62845682862476,112.92516335939344,113.36388668629534,2877500
2019-02-15,117.16618347167969,117.20919864691957,114.99834727819741,115.35966424910157,5217500
2019-02-19,116.82211303710938,117.83720313029987,116.13390946684241,116.43500263083149,3881300
2019-02-20,120.70183563232422,121.02873526672526,117.28663754851465,117.32965273089226,6199000
2019-02-21,119.4716567993164,121.27817592850695,119.06733780046207,120.2200709295248,4051100
2019-02-22,119.29964447021484,120.16850668765242,118.65445599258172,119.3856748511232,3485000
2019-02-25,121.64812469482422,122.62881053254856,120.59000627345443,121.28682076791436,4444100
2019-02-26,118.69746398925781,119.60073042847948,116.36619044881277,117.45010230004333,7275600
2019-02-27,120.07388305664062,120.12549603657875,117.9748676965323,118.59424970857718,3441000
2019-02-28,118.14688110351562,119.5749010578494,117.97483351144417,119.18779069409118,4024000
2019-03-01,118.25875854492188,120.00506780043676,117.80282636252998,119.45450744096006,3811000
2019-03-04,119.01577758789062,120.23733290986118,117.94046341787497,119.40288806381753,3859800
2019-03-05,117.974853515625,119.11039144334364,117.85441886811472,118.7662830744628,3122900
2019-03-06,115.98764038085938,118.42215221205288,115.901610032918,118.3189131692456,3886000
2019-03-07,114.24137878417969,115.9704792249385,113.2262753931877,115.60057745521335,4290800
2019-03-08,112.9939956665039,113.66499052445839,112.03050543666868,112.26277692638864,4238000
2019-03-11,114.5080337524414,114.75750081610465,113.20905921137057,113.47573497382163,3914800
2019-03-12,113.96604919433594,114.74028297281667,113.48431073291071,114.61984835746037,4208800
2019-03-13,114.8435287475586,115.54033008018641,114.14672741493077,115.25644562496936,4285200
2019-03-14,115.00697326660156,115.33387288961525,113.57035548468968,114.27575457082575,3742200
2019-03-15,114.1294937133789,115.72956102999765,113.53591844854465,115.16179224394855,7049900
2019-03-18,115.35971069335938,115.44572795208147,114.00910978012361,114.1553509337056,4095400
2019-03-19,115.4026870727539,116.74468989932751,114.85212685918175,116.43499895879374,3315900
2019-03-20,114.42200469970703,115.40269051962346,113.60476870417521,115.1274169678109,3522100
2019-03-21,115.32528686523438,115.78982991675558,113.56176907973506,113.69081465022121,2635700
2019-03-22,111.6347885131836,114.6714738349412,111.39391925617772,114.40479809514112,5745800
2019-03-25,113.01981353759766,113.55316511268136,111.17026547242689,111.47995644778989,3199800
2019-03-26,113.41551208496094,114.89514516028997,112.804741099749,114.14673083635178,2638200
2019-03-27,112.86493682861328,113.957459353899,112.04770094412596,113.78541176659475,2378300
2019-03-28,113.8714599609375,114.24137484429879,112.83056324255335,113.46714080131596,2487200
2019-03-29,116.5554428100586,117.23503549991813,114.94676409875431,115.27366376360399,4681600
2019-04-01,120.65022277832031,120.75344871501181,117.26944208776648,118.44798195296352,5081500
2019-04-02,120.59860229492188,121.028727839521,119.77275547368002,120.5641849005756,2529000
2019-04-03,119.79855346679688,120.90828464400055,119.06734796862874,120.30611154951238,4821800
2019-04-04,120.5469970703125,121.18357451630533,119.57490907665438,119.69534371181983,2988900
2019-04-05,120.74481964111328,121.42441209221764,120.36630713613877,121.38141004733289,2812300
2019-04-08,120.28031158447266,120.53837640581222,119.2394020083076,120.43515047727638,2497300
2019-04-09,117.29524230957031,119.49748301734994,117.0543730525563,119.27380933127262,3316500
2019-04-10,118.31038665771484,118.8953644980654,117.23507229259609,117.99209780608643,3310600
2019-04-11,119.46306610107422,120.08244794341624,117.83719204652392,118.36194574277508,2762900
2019-04-12,121.46746826171875,122.08685018320854,120.27171960452989,121.29542064494753,4383000
2019-04-15,120.65022277832031,122.52556396896641,120.15127554032686,121.87177782593571,3030200
2019-04-16,122.18150329589844,122.33635537109396,120.08248781396537,120.91693270844523,2672800
2019-04-17,122.79225158691406,124.3062888571826,122.55138231951659,123.01591215624299,3469400
2019-04-18,124.07317352294922,125.29348343012049,123.25963358483504,123.58851480389218,4504500
2019-04-22,123.22498321533203,123.91734505674495,122.40278041823184,123.71829168763652,3637500
2019-04-23,122.92205047607422,123.87406770442364,122.41142905630228,122.89608757038778,5930500
2019-04-24,119.20059204101562,121.4248453198921,118.18799871529538,120.94883652422213,8694400
2019-04-25,117.81584167480469,118.96691255950516,116.05028437573117,118.61206847804971,5094700
2019-04-26,120.32569885253906,120.32569885253906,117.60813700061264,118.18799745242954,5119200
2019-04-29,120.3169937133789,121.55460279476658,120.14390328880094,120.73241337355658,3374300
2019-04-30,120.6632308959961,121.16520260579232,119.070777116893,121.1565527026086,3862000
2019-05-01,119.56407928466797,121.10460714986594,119.12269653878259,120.80170208322401,3652000
2019-05-02,116.98495483398438,119.90156896371292,116.30124298853559,119.88426916425108,5405700
2019-05-03,120.3516616821289,120.47282635546765,117.5302481709788,117.80719033605637,4154800
2019-05-06,118.36106872558594,118.99286811132588,116.24068068218136,116.64745056386612,4866500
2019-05-07,115.68679809570312,117.70333475377323,114.29339779574732,117.0109595552064,5622900
2019-05-08,114.19818115234375,116.33588220101454,114.05970348949263,115.12423566595922,4140500
2019-05-09,113.549072265625,113.96449201273845,110.93536272787674,112.7009197635313,5906200
2019-05-10,113.67024993896484,114.00778099830288,110.71035914031813,112.96922490849026,5240600
2019-05-13,108.4428482055664,110.36417639532043,107.38697905979579,110.3555264929956,8580700
2019-05-14,110.32091522216797,111.26426967759551,108.78903721624445,109.48141242613906,4019100
2019-05-15,110.17377471923828,110.74497858790082,108.16589476952342,108.97077805039498,2875900
2019-05-16,109.57659149169922,111.23828372777153,109.41215092773088,111.15173189222314,4316600
2019-05-17,106.24456024169922,108.64189707855414,105.86375325995444,107.64661030543483,6122600
2019-05-20,105.95895385742188,106.47823189773429,104.98963000665444,105.20599640703283,6312500
2019-05-21,108.13993072509766,108.24378898055305,106.2099460161486,106.73788059283379,5492900
2019-05-22,106.93692016601562,108.56399960950382,106.90230075200756,107.53409350244294,4620400
2019-05-23,105.81182098388672,107.11001932105816,105.07617658008522,105.67334332515891,4964900
2019-05-24,106.36572265625,107.38697231968625,105.76854928437419,106.90230709778159,3802500
2019-05-28,105.23193359375,106.85035625001525,105.16270138081701,106.36569774459973,4889400
2019-05-29,105.13677215576172,106.30514948587474,104.08090298531117,104.28861289660306,5330000
2019-05-30,105.44830322265625,106.17529760637959,104.96364470215876,105.24924987444211,2878300
2019-05-31,103.69143676757812,104.50497658646324,102.7653887919663,103.67413035999665,4711500
2019-06-03,104.41844177246094,105.31852692511636,103.64817780005977,103.77799898031402,4161800
2019-06-04,105.65605163574219,106.25321846399301,104.50498069840707,105.42237220483521,4060400
2019-06-05,106.55613708496094,107.00617633403691,105.5521937249758,106.79846641930793,3598400
2019-06-06,106.7898178100586,107.27447651458989,105.78588097881811,106.53883195150357,3295700
2019-06-07,107.71587371826172,108.72846712934775,107.38699908815124,107.64663486887632,2547500
2019-06-10,108.82363891601562,110.15645668608789,108.39090613104327,108.589966117441,3705000
2019-06-11,110.15645599365234,112.16434244216184,109.87950727713005,111.64505782107656,4516200
2019-06-12,110.00068664550781,110.36418064651873,109.11791455691284,109.6977749779987,3034600
2019-06-13,110.06126403808594,111.12578307939746,109.70642655864171,110.21704811766553,3495200
2019-06-14,110.11318969726562,110.47668365961219,108.61593132429746,109.5765986554837,2530100
2019-06-17,110.19109344482422,110.97866380388523,109.63719592111688,110.0958916889077,2607900
2019-06-18,112.79612731933594,113.67890588272391,110.96134456943135,111.12577193180728,4756100
2019-06-19,113.03846740722656,113.84334411099351,112.39801808152949,112.78748818305037,3847200
2019-06-20,115.65216827392578,115.79929583602058,113.81737228660299,115.02036889992536,3803600
2019-06-21,115.87720489501953,117.05423880420965,114.71748399792367,115.40985921614589,5742500
2019-06-24,116.29261016845703,116.79458180860638,115.58293523304398,115.66082396876787,3197700
2019-06-25,115.7214126586914,116.75996875071128,114.78670821408637,116.4743635143633,3751800
2019-06-26,116.9676742553711,117.40040706905127,116.12817154035494,116.19741037525866,3343700
2019-06-27,117.27062225341797,117.71200508118532,115.94646056415513,117.44371278160355,3594400
2019-06-28,117.95430755615234,118.8024734009262,117.7033283284264,117.7033283284264,10469400
2019-07-01,118.22264862060547,121.31235505304743,116.81193496101322,120.55940393704998,4834800
2019-07-02,117.57352447509766,118.56015487714781,116.89846226348224,118.2226237713401,3204900
2019-07-03,117.34845733642578,118.11872105960887,116.25797562226522,118.08410825218756,2538600
2019-07-05,117.2619400024414,117.34847863968216,115.29732937427201,116.34453536479798,3071800
2019-07-08,116.69935607910156,117.81581388552037,116.34451208134337,116.96764825098305,2742100
2019-07-09,116.22334289550781,116.35317062923673,115.4098165115283,116.06756546217791,2618700
2019-07-10,114.79536437988281,117.26194678823208,114.71747564007167,116.60418443616139,3933300
2019-07-11,115.93779754638672,115.98106026906918,114.75210049020721,115.28003512533434,3164200
2019-07-12,119.74585723876953,119.763170253685,116.49171035059403,116.58691212368763,4149800
2019-07-15,120.8536148071289,121.15653304688333,119.65926806358586,119.76313291473542,4498700
2019-07-16,120.37760925292969,121.7017705877552,119.57273256962515,120.65456458866282,4051600
2019-07-17,117.4696273803711,119.87562038855941,117.4696273803711,119.60732819933743,3750200
2019-07-18,116.7426528930664,117.64273129593903,116.00700185927059,116.72533988360053,3548200
2019-07-19,118.80958557128906,119.52473446221835,117.05661910393806,117.05661910393806,4837100
2019-07-22,117.94619750976562,119.18461349390572,117.38803800553949,118.93168977511303,3267800
2019-07-23,120.44048309326172,120.5538503084866,118.19911517145214,118.54795989265239,4122200
2019-07-24,115.04203796386719,117.13513311425201,112.02447892602841,114.23095461048034,12664900
2019-07-25,117.48397827148438,117.64967086239834,114.25710475006588,114.3181598948023,4823200
2019-07-26,115.92286682128906,117.50141112479585,115.66995639734583,117.25721716113586,4238000
2019-07-29,117.26592254638672,117.43161510275408,115.86180089350827,116.41996030975727,2715600
2019-07-30,115.94901275634766,116.48973928995683,114.67571774517954,116.27170804622261,3257200
2019-07-31,114.83269500732422,117.18742980180929,114.25708932426286,115.90540501115953,4322000
2019-08-01,110.57672882080078,116.15833011482803,110.2540401775614,114.80653371220929,5530100
2019-08-02,108.61445617675781,110.58546068278379,107.70744531251388,110.36742941696897,5968600
2019-08-05,106.093994140625,107.10565555249778,104.9427895526126,106.49517079134911,5482500
2019-08-06,106.46902465820312,107.83826068142122,105.213162492882,107.07950951424206,3713900
2019-08-07,105.33526611328125,105.7015570500264,103.4776420879712,104.65500961538706,5048700
2019-08-08,106.41669464111328,106.48646624134517,104.97769364560018,105.52713002640776,3734800
2019-08-09,104.1142807006836,106.13761044611559,103.6171697139891,105.97191121974124,3805600
2019-08-12,101.79442596435547,103.80903248420535,101.2275434120011,103.73926089079258,4321500
2019-08-13,103.79158782958984,106.39923945816876,101.85546945681101,101.98628952460675,4331900
2019-08-14,100.47753143310547,101.95142497340414,100.3292717638102,101.67234520905393,5543100
2019-08-15,100.51238250732422,100.81762485446383,99.39606383562274,100.36412288925415,4171900
2019-08-16,101.5414810180664,102.7973427391586,101.096695549549,101.38449830292988,3551900
2019-08-19,102.35259246826172,103.33809134153918,101.78570987678222,103.10262051475105,2630900
2019-08-20,101.75082397460938,102.72760638745835,101.5764016330012,102.55317739206434,2402000
2019-08-21,102.63166809082031,104.06195252820184,102.50957112571108,102.91074781875365,2783000
2019-08-22,102.81481170654297,103.73054558233137,102.23048957624793,103.19854882078351,2118200
2019-08-23,99.47457885742188,101.95141740420486,98.8292081978613,101.3845348035782,6102000
2019-08-26,99.7885513305664,100.87870769448305,99.28271718080033,100.34671085658881,5200400
2019-08-27,98.88153839111328,100.6955601400406,98.68095335042383,100.43392661038659,3160700
2019-08-28,100.17227172851562,100.25075977975928,97.45996261689692,98.42802183828033,3187900
2019-08-29,102.71016693115234,103.02413248977074,101.59384790219198,101.707228420118,3442900
2019-08-30,103.78288269042969,104.29743328474133,103.30321124337121,103.80032226405628,2912000
2019-09-03,102.0647964477539,102.82354765825626,100.64323497107435,102.82354765825626,3780600
2019-09-04,103.87008666992188,103.99218363820755,103.13750486020778,103.27704140091183,3688400
2019-09-05,107.26266479492188,108.35282117611122,105.09107514665293,105.09107514665293,5355100
2019-09-06,107.00975036621094,108.44003504145054,106.80044219889912,107.89059860708704,3315700
2019-09-09,110.9779052734375,111.10000224006025,107.44579639300441,107.6115022707577,4433300
2019-09-10,113.62913513183594,113.62913513183594,110.95171889703516,110.9866046877334,8479700
2019-09-11,116.07111358642578,116.15833140985278,112.91402533042624,114.11756209434715,7592600
2019-09-12,114.90248107910156,115.72228079627797,113.43731730952294,115.12051235249645,5594600
2019-09-13,116.67286682128906,116.85601890367938,114.36174118380254,115.81818815446364,3704900
2019-09-16,116.12345886230469,116.69034819660835,115.11180379802853,115.98392895150457,2876500
2019-09-17,115.26876831054688,115.78331890537594,114.41408947247477,115.63505924114921,2888900
2019-09-18,114.3094482421875,115.3123868280063,113.1320739826841,114.7978361903279,3005700
2019-09-19,113.48088836669922,115.14665012886817,113.26285714047512,114.65826231133737,2725700
2019-09-20,111.77154541015625,114.23966080600555,111.51862835668682,113.38496870760628,6412300
2019-09-23,111.99828338623047,112.39946671463613,110.18426191107152,111.0563868525381,2723500
2019-09-24,109.8790283203125,112.50412646761693,109.5127374124428,112.2773787553847,3370700
2019-09-25,110.41973114013672,110.60287656573787,109.03304912660687,109.75691437097198,2354100
2019-09-26,110.22787475585938,110.69009992673692,109.582504139188,110.57672607566042,2227400
2019-09-27,110.40231323242188,111.09129285998384,109.59124327693024,110.75988771729521,2214300
2019-09-30,110.15809631347656,110.84707579746417,109.78308233241457,110.18425899642284,2795300
2019-10-01,106.72193145751953,112.06805495208918,106.66088297778263,111.1087188474587,3718200
2019-10-02,104.62013244628906,106.26844845143664,104.07941245662985,105.65796350648823,4255800
2019-10-03,104.68990325927734,104.70734283452032,102.25667330499407,104.0794116651844,3110200
2019-10-04,105.56201934814453,105.65795363821731,104.08812584955936,104.41081452105745,2442300
2019-10-07,104.8730239868164,106.1376024877213,104.43696151701675,105.39629761981894,2334500
2019-10-08,102.88458251953125,103.95729249341616,102.64038859551795,103.59972472004965,3530000
2019-10-09,104.1666030883789,104.70731628302644,102.9107410681663,104.21020534232315,2557300
2019-10-10,107.00100708007812,107.29752635494903,104.44568083376501,104.68987474337283,3242900
2019-10-11,111.98085021972656,113.70766738665085,109.36448174400897,109.5476272046199,6747800
2019-10-14,111.96341705322266,112.12039317301185,109.89647831011335,110.59417435083628,2851500
2019-10-15,114.2745361328125,114.84141205208212,111.32675606822514,111.62327537037936,3289000
2019-10-16,113.54193878173828,115.82690167923911,113.47216719533611,114.24835779615223,3038300
2019-10-17,115.18152618408203,115.8704989055613,113.53319757315916,114.2221836022065,3418300
2019-10-18,114.89148712158203,116.0517338019903,114.25862041875169,114.39924703213651,4329200
2019-10-21,116.2275161743164,117.29987279681932,115.5858645599236,115.98140285887342,4225200
2019-10-22,117.51082611083984,118.01183768434642,115.0936313625157,116.54394284664258,4681600
2019-10-23,118.96113586425781,119.53248084375998,114.88266968472604,117.98546764355112,11295900
2019-10-24,117.65147399902344,118.91719388583161,116.35937237399749,118.74140057478907,3916200
2019-10-25,122.81989288330078,123.03963792130033,118.53047886182699,118.66232051975763,8319500
2019-10-28,123.10993194580078,124.48993693086527,122.0639436398566,123.030826967747,6174000
2019-10-29,124.22625732421875,124.33173064277996,121.9760704471012,122.51224883674027,4427900
2019-10-30,123.35604858398438,123.9361785963349,122.71439694665925,123.9361785963349,3948100
2019-10-31,121.12345123291016,123.35605461543165,119.88408616742765,122.50344291042632,4037600
2019-11-01,127.0038070678711,127.10928036106083,122.38036433791589,122.50342098402676,6220200
2019-11-04,129.13975524902344,129.21007526679253,127.46969841656635,127.75976346029938,5437800
2019-11-05,128.6563262939453,130.08906829749563,128.0410428425405,129.08703141601538,4516700
2019-11-06,127.8827896118164,128.74418615256536,127.15323469030548,128.74418615256536,3736600
2019-11-07,129.21881103515625,130.44939075927397,128.99028112355592,129.5528276393287,3816700
2019-11-08,130.22970581054688,130.24727575726385,128.15531206323223,128.91123554942754,2776600
2019-11-11,130.08905029296875,130.22089193853222,128.86726853278518,128.98154023372115,2205100
2019-11-12,128.6299591064453,130.50219122226477,128.3486924170874,130.18575781412872,2843100
2019-11-13,127.0038070678711,128.20800520568235,126.30062048487962,126.88953539213652,3194400
2019-11-14,126.08092498779297,127.75098204204997,125.87876329246527,126.75774351305816,2581700
2019-11-15,127.72455596923828,128.2255809063263,127.02136942821174,127.06532110180736,2827400
2019-11-18,126.2127456665039,127.25873410100665,125.71173399841585,126.78409076217737,2638600
2019-11-19,125.85237121582031,127.2411614598165,125.48320116293615,126.88078979220727,2085100
2019-11-20,124.39326477050781,125.43045482784503,123.14511466543024,125.21070980767986,3484700
2019-11-21,126.01055908203125,126.52036903382142,123.89221430273989,124.41960760794873,3297700
2019-11-22,126.4676513671875,126.97746139549476,125.7205129746989,126.50280466713208,2258300
2019-11-25,128.70028686523438,128.83214195031522,126.39736289730428,127.23239145411927,3085200
2019-11-26,128.4102325439453,128.9024593803178,127.88285239590712,128.68271429892468,2468100
2019-11-27,128.05860900878906,128.08497733801102,126.30943383476207,127.46969396921331,2660200
2019-11-29,127.21477508544922,127.85644015956743,126.38853171715404,126.74013177396623,1652500
2019-12-02,125.65897369384766,128.36622001089884,125.55348698449116,127.62788010624851,2896200
2019-12-03,123.10993194580078,123.4351502414685,121.79146199622474,123.1011469745181,3839600
2019-12-04,123.16265869140625,125.0612584850051,123.05718539581814,123.91858193818159,2484600
2019-12-05,123.98013305664062,124.04165468299392,122.64407968642398,123.56701137908792,2277700
2019-12-06,125.4480209350586,126.06330422448183,124.96457927473683,125.615029273367,2271400
2019-12-09,125.54471588134766,125.94025420166052,125.14037917718463,125.66777254571545,1585100
2019-12-10,125.5798568725586,126.21272348790215,124.59540365409936,125.42164692480729,1888900
2019-12-11,126.57315063476562,127.11811407476974,125.9490687823628,126.37098894124371,2265700
2019-12-12,129.01669311523438,129.561656464685,125.69414953613406,126.1687928707892,3714100
2019-12-13,127.91799926757812,130.44066838307165,127.58398246878049,129.0343079802639,3311700
2019-12-16,127.76850128173828,130.352703979357,127.6542296185124,129.83410912838374,2414800
2019-12-17,128.6563262939453,129.20130313276675,127.8564645132057,127.8916178194974,2850800
2019-12-18,129.31556701660156,129.47379043217404,127.97952672510063,128.77060356644128,2629500
2019-12-19,127.4697036743164,129.19249723811748,126.83683690046263,129.19249723811748,3576800
2019-12-20,129.71109008789062,129.8868834123007,127.66306499869431,129.5440817354412,6805400
2019-12-23,130.52850341796875,130.55487173962524,129.0166570528815,129.8077335269112,2346500
2019-12-24,129.6320037841797,130.79226415443625,129.4649953903845,130.70436076438375,966200
2019-12-26,130.28240966796875,130.29119463911505,129.20126808150712,130.00112964525078,1576900
2019-12-27,130.33518981933594,130.9065216144339,130.0802914493224,130.65162324442036,1544500
2019-12-30,129.66712951660156,130.5021578094464,129.21884114608412,130.45820612831352,1789200
2019-12-31,129.8077392578125,130.2911808631376,129.0254477190749,129.58799429286185,1952500
2020-01-02,132.31288146972656,132.33046482820976,130.07147939525132,130.96804290747596,3311900
2020-01-03,130.47579956054688,131.81185297959118,129.6056044907179,130.7658645838232,3100600
2020-01-06,130.38790893554688,130.58128563663163,128.80574202311345,129.44740717315491,2549600
2020-01-07,128.66510009765625,129.7110884712908,127.90037835713821,129.5177117931985,2841900
2020-01-08,129.8077392578125,130.59004420871838,128.7353961680481,129.06061442428123,2153200
2020-01-09,129.48255920410156,130.06268930165322,128.77937242635764,129.92204926366998,2272500
2020-01-10,128.4453887939453,129.8429641787206,128.1816920353412,129.60563575475945,2393700
2020-01-13,129.05186462402344,129.06064959663502,127.93555614244413,128.7969528843964,3355200
2020-01-14,128.92881774902344,130.07149476635692,128.60359934560194,129.60563630279526,2742200
2020-01-15,127.95316314697266,128.9815684438089,127.62793132983084,128.524494952268,2640500
2020-01-16,129.9747772216797,130.02751387934904,128.54204884370012,128.70904378892936,3070900
2020-01-17,130.8068389892578,131.24056527277125,129.7623734781981,130.3023129306322,3331500
2020-01-21,129.09848022460938,130.8864644606221,128.9568536991087,130.29341857961802,2476700
2020-01-22,126.24838256835938,129.72699998291063,126.1510159648188,129.45260687463895,3602400
2020-01-23,126.35454559326172,126.76171854808159,123.7433685431976,125.52250649455458,3182700
2020-01-24,124.2567367553711,126.31026741017692,123.26536455412932,126.17750098004372,2526200
2020-01-27,120.14083862304688,121.98194355332339,119.99922555629743,121.1764576139049,2920500
2020-01-28,121.03482055664062,121.79604635283022,120.04344824837584,121.28266025714416,2763800
2020-01-29,120.18510437011719,121.9376893996212,120.0877377847973,121.78721622344574,2620000
2020-01-30,119.82213592529297,120.35322860080956,117.64468566942008,119.2821966574753,3862600
2020-01-31,116.26388549804688,119.48581509519913,115.54690618266011,118.45019631464132,6785700
2020-02-03,114.8653564453125,117.86599970200687,114.44933690328916,116.3435480814642,4385300
2020-02-04,118.17578125,119.2999199157478,117.44110879955065,117.72436186749484,3501600
2020-02-05,121.65441131591797,121.68096460295762,119.88412014660892,119.98148670117091,4448100
2020-02-06,121.48625183105469,122.4422108432624,120.49489293228461,122.32713757599373,2283800
2020-02-07,118.05187225341797,120.81353589455773,117.7243726814923,120.4152095428903,3812300
2020-02-10,118.89275360107422,118.90160019408953,117.52962192678096,117.75975490141865,2331600
2020-02-11,120.54801940917969,121.46856518048983,119.5478002440148,119.92841999519649,2381900
2020-02-12,123.55747985839844,123.86728624295314,122.22976136387986,122.50415435841354,3222000
2020-02-13,123.67252349853516,124.36293586983943,122.53067830320659,123.92036314432399,3318800
2020-02-14,122.1412582397461,123.58403652564026,121.16759258131944,123.46897677055445,2813400
2020-02-18,120.8932113647461,122.65465631625281,119.56549270450306,121.67214396742285,3869700
2020-02-19,121.14104461669922,121.45085102334114,120.4329253345548,121.07907793287006,2134900
2020-02-20,121.20301055908203,122.93790230773786,120.55685789271553,120.60996448087533,2678200
2020-02-21,121.45082092285156,121.65440060765268,119.59200995619344,120.8223616703152,2855600
2020-02-24,116.98968505859375,118.48558319060133,116.88347191519648,117.3083379950347,4964800
2020-02-25,114.18377685546875,117.848278921278,113.51991768770439,117.69780579733467,4840200
2020-02-26,113.51992797851562,115.94523188685653,112.90032873368418,114.75912646817854,3902500
2020-02-27,109.11188507080078,113.76775238799056,109.06763184675987,111.17427574921486,7369000
2020-02-28,109.97050476074219,109.97050476074219,105.35889626932298,105.8368757789244,8300700
2020-03-02,112.944580078125,113.19241977192004,108.88176491243102,110.68746279267008,6100200
2020-03-03,110.09440612792969,114.67946055737212,109.56332012419358,112.41349000643143,6358100
2020-03-04,112.76754760742188,112.80295424079742,110.03244426900339,111.59030237190316,5074700
2020-03-05,107.96121978759766,110.51043691764683,107.31506046911915,109.0056919612594,6015300
2020-03-06,107.46554565429688,107.85500518095576,105.18186806431005,105.33234121672658,5767900
2020-03-09,92.11710357666016,100.01260081545969,92.08169694180286,100.01260081545969,8636200
2020-03-10,94.25914764404297,96.53397143537671,87.72677592202957,96.16221192546021,8293200
2020-03-11,89.12529754638672,92.71898591339058,88.57650493610889,91.87810043690531,6543600
2020-03-12,81.66353607177734,83.45152723703164,77.45024106686486,82.76111474002131,10285900
2020-03-13,88.1958999633789,88.43489303794253,79.78701743844441,87.08946805220332,8718600
2020-03-16,82.68146514892578,93.69267334053178,78.33539641159557,78.77796927267804,9899000
2020-03-17,88.69157409667969,88.90401387341507,82.29197607953665,84.98281914006827,7206100
2020-03-18,88.62078094482422,91.12573788989391,82.4159083250136,83.19483403104454,6995100
2020-03-19,91.1788558959961,92.40920781732375,86.08041502764794,87.83300639752949,6870800
2020-03-20,84.53140258789062,92.04628664435799,83.34531075642955,91.27621431451009,7650300
2020-03-23,81.30061340332031,85.18640163574123,80.2295881510684,83.1151643924915,6737500
2020-03-24,89.70064544677734,90.31139802809406,84.23929910614308,85.02707809354821,7417100
2020-03-25,92.64818572998047,96.03829490354687,87.18683915206789,89.55017621696283,6578100
2020-03-26,97.80860137939453,98.22462094539979,91.07264195681694,92.80752674556955,6059600
2020-03-27,93.32975769042969,97.04736664721833,91.52405978900728,92.4357587103596,5746500
2020-03-30,98.8796157836914,99.87982789693389,92.87832959798634,94.1175348088897,5725600
2020-03-31,102.71228790283203,103.4823669434918,97.59614783032951,98.01216730908395,8970800
2020-04-01,98.56095886230469,103.34074633910676,96.92344089192454,99.21596469983179,6847000
2020-04-02,103.3319091796875,104.90746747648393,98.36624116380048,98.45476113805944,8106500
2020-04-03,101.4996566772461,103.42042124212992,99.24253917457472,102.23432923535862,5036400
2020-04-06,106.59808349609375,107.74877546242517,104.56224594123813,106.2528772568193,5785600
2020-04-07,107.91693878173828,114.0067442025659,106.66888712630659,108.77553100553224,8489900
2020-04-08,112.76754760742188,113.4579533223081,107.13802121008219,108.86405238010977,4686100
2020-04-09,110.66975402832031,114.71487593039825,109.00568272030607,113.8739767997693,4752100
2020-04-13,101.030517578125,106.2617312811599,100.5348382063907,106.1732113192431,10519600
2020-04-14,103.10177612304688,104.30556808570567,101.35803797945613,103.11947606601758,7166300
2020-04-15,98.72030639648438,100.1099849817244,97.18900800003027,99.9860651144897,5652800
2020-04-16,100.21620178222656,100.43748821726835,96.35696581484764,99.00354968707217,5926400
2020-04-17,103.88752746582031,104.10191081930138,101.69900716339738,102.23496895466204,4132300
2020-04-20,102.36897277832031,104.57535577213575,100.15366197113799,102.22605279807857,4083800
2020-04-21,98.12593841552734,99.18893439096439,97.00934829515238,99.18893439096439,5743300
2020-04-22,98.83161163330078,100.1357879103939,97.55423242527218,100.07325914420191,3794000
2020-04-23,100.85934448242188,102.93173524347111,99.10852537047343,99.44797309111371,3545400
2020-04-24,101.8687515258789,102.17246076988306,99.34078983672532,101.82408519464285,3045300
2020-04-27,102.9049301147461,103.73567333476375,98.01873807348574,99.01919833664718,5344800
2020-04-28,103.1371841430664,105.4060958373809,101.27024893720645,105.2810383027838,5604600
2020-04-29,107.2462387084961,107.9251273656557,104.0929895045686,104.47709675353886,4261100
2020-04-30,103.9590072631836,105.62942858731182,103.02107562273093,105.40611055647184,4040500
2020-05-01,99.04598999023438,102.36002806100218,98.76907787041083,101.83300088906394,3960400
2020-05-04,96.22325134277344,98.51002525408035,95.20492190944934,98.27777264898704,4500700
2020-05-05,97.2862777709961,99.2336046084166,97.13441631875261,97.58105241506946,3477400
2020-05-06,96.1785888671875,98.47429749764039,95.31211398845397,98.28671120664511,4465300
2020-05-07,95.83916473388672,98.30459764602112,95.38359405319198,97.38452165536793,4377900
2020-05-08,100.14474487304688,100.2251360981695,96.74138004033745,97.33987076667005,3911300
2020-05-11,97.01829528808594,98.94775971811421,96.6341879651224,98.40286993984725,4207300
2020-05-12,93.79356384277344,97.66143339687204,93.79356384277344,97.46491245840055,3874100
2020-05-13,93.32907104492188,94.0526192576258,91.60505563708243,93.91862708098151,5376100
2020-05-14,94.85655975341797,94.93695096545717,89.52372460415732,91.56038375731471,5542400
2020-05-15,96.40191650390625,96.4644452738306,93.15040683759,93.95435303313518,6583100
2020-05-18,102.74415588378906,103.31585630850154,100.05541171889917,100.24299804562692,5603500
2020-05-19,100.1179428100586,103.11933773737142,100.05541403303648,102.68162948309103,3404900
2020-05-20,103.34264373779297,104.94160149559364,100.98440611453242,101.2166519363556,3735700
2020-05-21,101.88660430908203,103.33370743334642,101.67222093275109,102.68161586080377,2342300
2020-05-22,100.46631622314453,101.9759482837242,99.57304410495547,101.94914439547317,2735100
2020-05-26,104.87906646728516,105.90632379242295,103.60168726298514,103.60168726298514,4185100
2020-05-27,109.35436248779297,109.41689125855213,106.7728068141115,106.94253068408273,4462700
2020-05-28,107.85367584228516,111.50716242408011,107.44277147735018,111.43569901753692,3743700
2020-05-29,107.30876922607422,107.8268686522155,105.02199495224367,106.86213319977139,4219000
2020-06-01,107.63927459716797,108.26456226296897,105.05771909602261,107.06758106982865,2131300
2020-06-02,110.15831756591797,110.60495362591847,108.33604162330089,108.83627182966131,2977500
2020-06-03,113.52594757080078,113.75820022432609,111.6679467879741,112.06098187648779,3712600
2020-06-04,115.19635772705078,115.25887967639576,111.4267421578939,112.02523954938368,3076700
2020-06-05,120.69890594482422,124.49531187142755,119.15354923117063,123.13754827145675,5591900
2020-06-08,123.02141571044922,125.00448055672493,120.87756845351527,120.87756845351527,4139200
2020-06-09,119.8681640625,120.95795692202057,118.99276137592135,120.60958140989501,3819600
2020-06-10,118.30496978759766,120.9311921795816,116.6256137262742,119.44835708842373,4018700
2020-06-11,108.57720947265625,113.30261214412151,108.55040558914979,112.9185117438103,5969300
2020-06-12,110.00645446777344,111.81086101253376,106.61201794717988,111.12304453176804,4492700
2020-06-15,110.4173583984375,111.10517487674223,105.41503629266485,105.86167231666464,4093100
2020-06-16,116.22362518310547,118.30495066322314,112.90065211779525,117.34914304190426,6892400
2020-06-17,114.54425048828125,116.54518442615088,114.12441842523474,116.26827232145297,3228100
2020-06-18,113.97257232666016,115.2142198736291,113.1775607840721,113.57060264876716,2467700
2020-06-19,113.8564453125,116.125356950737,112.31108860954828,116.125356950737,6488000
2020-06-22,112.36470031738281,112.98106025841614,111.30170431823848,112.87386515102435,2806300
2020-06-23,112.77558898925781,113.95470774608508,112.40041638825015,113.79391851492116,2357100
2020-06-24,109.03278350830078,111.51607870016666,108.82733475465352,111.47141918704219,3766500
2020-06-25,111.39994049072266,111.50713557472636,107.90725082220331,108.63079889763753,2903400
2020-06-26,109.32755279541016,111.15876300857697,108.48787498633135,111.06050254942417,3645800
2020-06-29,111.88232421875,112.58800995578905,110.12257719051814,110.51561907320442,2798700
2020-06-30,112.99890899658203,113.49913914015391,110.77466360520039,110.77466360520039,2778800
2020-07-01,112.60588073730469,115.58940633282701,112.44509148385511,115.57155070429151,2807800
2020-07-02,114.08871459960938,116.42908315833377,113.61528147330635,114.56214772591238,2527500
2020-07-06,115.6162109375,116.5720187061942,114.49069290515838,116.24151236349702,2491900
2020-07-07,113.62419891357422,115.00877327910065,113.26689555548649,114.1065666251423,2018100
2020-07-08,114.45494079589844,115.5268644237164,112.97210606845522,115.5268644237164,2279500
2020-07-09,112.31108856201172,114.65146359301151,111.76619211134047,113.92790865803248,2663500
2020-07-10,114.34774780273438,114.54426874001096,112.39148668876456,112.52547885646449,2691400
2020-07-13,116.634521484375,117.99228499304138,115.09809268697812,115.60725059516605,3708400
2020-07-14,122.27108764648438,122.65518810142524,115.4375480018763,116.41122493582593,6540800
2020-07-15,123.59312438964844,125.2099446586381,122.47653429998707,125.2099446586381,4915200
2020-07-16,123.77178955078125,125.94244800909406,122.91425590151691,123.53954369374124,3621500
2020-07-17,123.20480346679688,124.58174435293195,122.87182189098155,124.07776778445526,2458200
2020-07-20,121.16188049316406,123.24978505516239,120.82888523705957,122.17882814835889,2478000
2020-07-21,122.27780151367188,123.45674923730257,120.9818543653879,121.28785180430212,3221100
2020-07-22,123.27676391601562,124.0777293713024,121.66583833105092,121.71983384205248,2156800
2020-07-23,122.934814453125,123.76277784363027,122.13384882398064,123.2047920667341,1613700
2020-07-24,123.81678009033203,124.81573851192591,123.1598116409888,123.47479011808137,2036300
2020-07-27,125.89569091796875,126.30067109494429,123.34879666266639,123.42978995159527,2506900
2020-07-28,124.22175598144531,125.98568757519479,124.12275961038289,125.04072471184081,2029900
2020-07-29,126.47163391113281,126.96661566034042,124.01474197893745,124.71671110242184,2338300
2020-07-30,123.05180358886719,125.18472292186696,122.36783739486431,125.16671983635011,3063500
2020-07-31,119.58697509765625,121.62987929448657,117.18407780079025,119.18198114357453,6780900
2020-08-03,118.59696960449219,119.6949241425818,117.98500214776175,119.0649536040864,2851100
2020-08-04,118.36299133300781,119.19095462193586,117.59801823541729,118.22798881043552,2301800
2020-08-05,121.46784210205078,122.34080612405221,119.34393175970608,119.4969236138687,2767800
2020-08-06,120.9459228515625,121.68389846747962,120.32494671922584,121.06292233514296,2446400
2020-08-07,121.42288208007812,121.5938770723024,119.26297858288993,120.59491861507827,2223700
2020-08-10,127.81259155273438,127.93858566812983,122.10682272955209,122.15182357054947,5181600
2020-08-11,128.27162170410156,131.57448159895534,128.05562581488726,129.6125704348465,4206000
2020-08-12,128.30758666992188,129.74751760514292,127.19162886595323,129.54952487004638,2541200
2020-08-13,126.59765625,128.46058423093092,125.78769592144873,127.43462807301164,2939900
2020-08-14,125.95870208740234,126.79566025239927,124.88774498672996,125.49971262578165,2038500
2020-08-17,124.84273529052734,126.53466832011581,124.46475288159755,126.12967441624087,2284000
2020-08-18,124.52770233154297,126.09364071236372,124.26671946756939,125.04968179181655,1563200
2020-08-19,124.21273040771484,125.92265232000831,123.70875400124213,124.64470822293045,1849500
2020-08-20,123.72674560546875,124.176726509784,122.07981384779566,122.41280905497158,2279700
2020-08-21,124.58169555664062,125.09468033369826,123.11476727632079,123.11476727632079,2524600
2020-08-24,127.50659942626953,128.0195843169839,125.16670665178897,125.77867417159291,2921700
2020-08-25,127.02967834472656,130.4315348791993,126.48070076999232,128.39762494169864,2467500
2020-08-26,127.64157104492188,128.19054823760627,125.8236445447058,126.4266172428467,2379900
2020-08-27,129.0275421142578,129.90050631609694,127.14662490919403,127.91159806992472,3010300
2020-08-28,129.2615509033203,131.2594677106718,128.41558439703064,129.8465207305219,3698700
2020-08-31,128.07354736328125,129.23450564668693,128.03755493749517,129.1445039837331,2886500
2020-09-01,131.43943786621094,131.50242805822012,126.8136342627106,127.49760036111952,2673900
2020-09-02,134.3373565673828,134.58934487565793,131.7544558090636,132.17743912631101,4515500
2020-09-03,132.0784149169922,136.07424829555774,130.76447811952187,133.72534698422962,4479100
2020-09-04,133.3563690185547,135.69627582466154,131.43045079469664,133.82435312624224,5129400
2020-09-08,133.66233825683594,135.67824401892966,131.14244232189068,132.29439239518084,4775200
2020-09-09,137.41519165039062,139.92607943601604,134.28332792522087,134.8143021772868,5345100
2020-09-10,134.86830139160156,137.919171921018,133.86934305547425,136.80321413442942,4387000
2020-09-11,138.44114685058594,138.95411801547277,135.21028678238662,135.42626885925293,3237100
2020-09-14,138.15318298339844,139.31414183255535,136.98324318882567,138.59416937504963,2569300
2020-09-15,133.734375,139.01714818981583,133.51837915002338,138.77415457513362,4092400
2020-09-16,135.9932403564453,136.7762027983931,133.52733985942476,134.9942821194681,3302000
2020-09-17,138.47714233398438,140.61905619225024,134.2293207859425,134.85930514354754,4487000
2020-09-18,137.1452178955078,140.58307955927,136.84822876756516,138.30616291170975,5113500
2020-09-21,130.79147338867188,134.54431311668927,129.47752288390254,133.69834667650855,4278200
2020-09-22,132.4293975830078,132.74438976351416,130.04450387001896,130.50347952827443,2579500
2020-09-23,129.93650817871094,134.01333463340882,129.23453897010927,132.72638192941957,2420100
2020-09-24,130.62049865722656,132.69041423389135,128.45158670025904,129.61254549947614,2138800
2020-09-25,131.31344604492188,132.02440991409344,128.70354825736072,129.4955191352867,1848900
2020-09-28,132.90635681152344,135.27326082497717,132.663377004062,133.1943511893962,2212700
2020-09-29,132.6634063720703,134.06734494417387,131.5834546806315,133.52736223228905,1605600
2020-09-30,134.2293243408203,135.84925865752268,132.960388380706,133.19437355276798,3642800
2020-10-01,132.033447265625,135.2733026238281,131.07947589339432,134.9223179500478,2157400
2020-10-02,134.94032287597656,136.11927105955058,129.3695551392423,129.83753928810336,3220500
2020-10-05,138.13516235351562,138.99911812105327,136.4522241969997,136.94720600773968,2597700
2020-10-06,136.3712158203125,139.89906456722022,136.1462253614613,138.59412265234872,2559800
2020-10-07,139.28713989257812,140.44808497460937,137.87419278548975,137.94619140231578,2334200
2020-10-08,140.98805236816406,141.05104256831393,138.81014594279452,140.16908363990194,1842900
2020-10-09,143.03994750976562,143.44492762092327,141.6539984846835,142.07698167900986,4084200
2020-10-12,146.34283447265625,146.87380880443976,143.56195493941888,143.96693512921425,4279800
2020-10-13,145.90184020996094,146.85579776655413,145.0018781781061,145.54186089015133,3319000
2020-10-14,147.2427978515625,148.33175802089403,146.24383938401536,146.38783661393768,4087100
2020-10-15,148.5297088623047,149.195685625074,144.1288956338279,144.236900401941,2958500
2020-10-16,151.86856079101562,153.45248868881276,149.95163767379745,150.51861802842882,5569000
2020-10-19,150.7706298828125,153.01154016366664,150.1136614804082,151.85958992424676,2757700
2020-10-20,152.08457946777344,154.12748326870098,151.11261888453632,151.37360181569417,3007100
2020-10-21,150.6536407470703,153.4615316637221,150.0596762343085,152.82255256994088,2502000
2020-10-22,152.6875457763672,152.85854074184894,150.19464736175652,151.17560257892842,2356800
2020-10-23,152.6513214111328,154.51656464177384,151.7186997958123,153.35757828843947,2857300
2020-10-26,147.77090454101562,150.88568568008094,145.62497115392335,150.88568568008094,4506600
2020-10-27,142.98101806640625,146.54852833929445,142.1660967675287,145.74267047177958,4857900
2020-10-28,136.86917114257812,140.73547071210956,136.28967799709804,139.2595820947093,5645100
2020-10-29,140.04736328125,140.80794564163116,135.48385530275297,136.36215177231574,3867200
2020-10-30,142.20230102539062,142.41960228542627,138.57140255531397,139.404436772798,4373500
2020-11-02,147.83424377441406,148.35941147110046,142.7455565557233,144.1490202845676,4072400
2020-11-03,151.83639526367188,153.02254413483422,147.65317983927812,149.40070877069613,4843600
2020-11-04,140.5543975830078,147.02843776333722,140.5543975830078,144.13095789219813,9081700
2020-11-05,147.67132568359375,149.36454364584333,142.70036391951044,142.7637388739615,4821600
2020-11-06,146.04148864746094,149.88968972990884,145.56159644129946,148.44096349447742,2983000
2020-11-09,154.67050170898438,159.69578773878723,154.0366694023364,157.5770171495097,5969600
2020-11-10,156.01055908203125,158.4462455439157,154.62520817822872,155.6483672605175,3499100
2020-11-11,153.43907165527344,156.40897574937352,151.63720346595156,156.08300999191343,2345500
2020-11-12,153.14027404785156,154.92402925451705,151.80018487681912,152.86863360419866,2185500
2020-11-13,155.47634887695312,155.93812792750248,153.1945886526382,154.19964855247406,2120200
2020-11-16,156.8164520263672,158.4553306643595,155.58502718969868,158.4553306643595,3902400
2020-11-17,155.65745544433594,156.17355987478336,154.10006490467876,155.89286980360225,2110800
2020-11-18,156.40902709960938,158.79943883370427,155.77519460697383,155.77519460697383,3165100
2020-11-19,156.55384826660156,156.87076442829314,154.5709047547671,156.19167020998884,2012100
2020-11-20,155.9471893310547,156.75304723481725,155.11416876439506,156.14639140310447,2449800
2020-11-23,158.256103515625,158.90803502100766,156.86170290568248,157.3325315802985,2403500
2020-11-24,160.17567443847656,161.46143823919294,158.6997858213834,159.58713167791998,3447000
2020-11-25,158.12030029296875,159.7953910547408,156.44519571498964,159.7772918234748,2506400
2020-11-27,158.52777099609375,159.2883532767541,157.4412229071206,157.92111509488547,976900
2020-11-30,157.17861938476562,158.3466691938727,156.12828366301858,157.19673243271504,2382600
2020-12-01,156.8798370361328,159.87691823111138,156.5900973116202,158.8084693199611,2710200
2020-12-02,157.43215942382812,157.93016466084194,155.99248286099512,156.87982885481435,1971000
2020-12-03,158.12030029296875,158.52775405576696,156.897925188367,157.4321426510626,2903900
2020-12-04,164.98370361328125,166.43242983897565,159.0167178275772,159.2883583124602,6086200
2020-12-07,161.81459045410156,163.3357550032848,159.867845236358,163.3357550032848,4587400
2020-12-08,161.93231201171875,163.65269269644858,160.719000059554,160.86387684028688,2001600
2020-12-09,163.0460205078125,163.4172482242382,160.266254545775,162.6385528754917,2915500
2020-12-10,161.9413604736328,162.55706601050815,160.39301938214624,162.2944889588899,3109400
2020-12-11,162.3397216796875,162.78340151883404,159.5690196293514,160.25717724241184,2673400
2020-12-14,161.21697998046875,165.99780246240582,160.97250217849242,163.52590322618119,2533600
2020-12-15,164.55812072753906,165.48167894355822,162.09527118573934,162.91922836086925,2360300
2020-12-16,162.52987670898438,164.13254287153285,161.49765408921903,163.7522517817463,2031800
2020-12-17,162.23110961914062,163.64362364224831,161.69689205177215,163.58929830539182,2296500
2020-12-18,163.8518829345703,164.15973570914676,160.69182573800353,163.04602489746767,5262700
2020-12-21,163.12747192382812,163.78845302467215,159.65051320899767,160.21189328235513,2071000
2020-12-22,159.8859405517578,163.12748520007443,159.79538913168923,162.33972653085723,2493300
2020-12-23,161.552001953125,162.3397469049997,160.27530137744563,160.67370556981723,1862500
2020-12-24,162.58421325683594,162.84680409975738,161.488615621248,162.4846122157636,585700
2020-12-28,161.5067138671875,163.99672606258486,161.45238853897206,163.4172328679407,1508800
2020-12-29,159.94931030273438,162.42122306508608,158.55490966589016,162.231070615595,1490300
2020-12-30,163.01881408691406,165.0017712861965,161.79645286306223,162.77435013186752,2720600
2020-12-31,164.81166076660156,164.88409914881782,161.85080579347755,163.2089943735627,1717800
2021-01-04,164.92935180664062,168.39726144474403,163.20898522808434,165.6989974853783,4078300
2021-01-05,166.27845764160156,168.23425201444778,164.07819933430346,164.07819933430346,2933700
2021-01-06,175.53228759765625,178.62895581330008,168.5511924175393,169.45665144490445,8034700
2021-01-07,175.86727905273438,178.7104194586033,174.02919858293856,178.239590776199,5297500
2021-01-08,175.8944549560547,176.79991392820486,173.23241718354748,175.5232272777908,3186600
2021-01-11,175.53228759765625,176.9810275679238,172.3179052872683,173.44972907147476,2540800
2021-01-12,178.86434936523438,179.28086654846783,175.03426199387314,176.2747362957749,2466100
2021-01-13,177.37034606933594,181.24570911505322,177.28885808298458,179.9961713928393,3154700
2021-01-14,178.73760986328125,179.19940281836384,176.89047949157654,177.5605241583621,2486600
2021-01-15,176.22042846679688,177.20738929004122,172.83402060481768,177.16211357620668,3317100
2021-01-19,176.64825439453125,178.51432398719493,176.0838874123497,176.85761409925715,2361200
2021-01-20,175.08255004882812,176.50257893428534,173.33482112136426,175.37384514826286,2501100
2021-01-21,174.94601440429688,176.33873611240463,172.99802356559152,175.09166195422426,1951200
2021-01-22,174.71847534179688,175.5195231143438,172.32444367866424,173.72627728062133,2027000
2021-01-25,170.53118896484375,174.19960199353218,170.19439111879612,173.46228028206767,3837100
2021-01-26,170.41287231445312,172.41547786750988,170.06696279438899,170.76787959935993,2506000
2021-01-27,164.4232635498047,168.90182266915966,163.24899898007942,167.67294372683662,4095300
2021-01-28,167.80039978027344,170.77700841162212,165.04226255232317,165.90702261998032,3445400
2021-01-29,166.43495178222656,171.87841524810528,164.51426781330244,167.03573760523798,4541400
2021-02-01,168.14625549316406,170.03963204686437,165.68851202364417,169.2750032145187,2738200
2021-02-02,175.228271484375,175.4831478589928,168.98377252679754,169.76661107447242,5265400
2021-02-03,174.27244567871094,174.34526947071365,172.09688524285855,173.78090244484036,2979000
2021-02-04,174.45449829101562,175.32836990571636,173.1346000484635,174.77310064495356,2253800
2021-02-05,175.683349609375,176.89401891852677,172.96161810476622,175.24642081552912,2240000
2021-02-08,179.73411560058594,179.81603716274378,177.20354771154916,177.50394066251351,2725700
2021-02-09,179.57931518554688,180.83550097904651,177.4037552892439,179.81598203357254,2331600
2021-02-10,179.97987365722656,181.79132892237732,178.65086383384912,180.68988822775017,2816400
2021-02-11,180.55331420898438,180.61702632893795,176.94861385870857,179.8614953141406,2178200
2021-02-12,180.22564697265625,180.92654986826045,179.10599689111658,180.2165353183517,1804200
2021-02-16,184.22177124023438,186.77053444918093,181.36350345044337,181.82773948713339,3722700
2021-02-17,184.14894104003906,184.6950986130661,181.8641381069331,184.23086259253552,2290400
2021-02-18,181.9824676513672,184.6768920760761,180.7627005322866,183.4662227212693,2345800
2021-02-19,191.0761260986328,192.4870573234623,184.5130270180931,185.01368182557658,4937300
2021-02-22,198.494873046875,199.2321947214666,190.5572615883269,190.8212495272028,4578300
2021-02-23,200.42466735839844,200.93443385114998,194.14376524430742,199.83299320624374,4125100
2021-02-24,202.5092315673828,206.33239041984353,200.15161856216585,200.63406403768226,4925000
2021-02-25,201.91751098632812,204.26601179711653,200.00592505414392,203.55599733995444,4313000
2021-02-26,196.51048278808594,202.44547519067174,196.45586842390819,200.94352461691875,4461300
2021-03-01,200.0423126220703,202.6092984286264,199.25947445656533,199.63269106924287,2871200
2021-03-02,196.45590209960938,199.6600657248231,195.7185663876699,199.0683914918534,2854300
2021-03-03,195.62753295898438,198.03066244951353,192.9877226805546,193.1060630745049,2664000
2021-03-04,193.6795196533203,197.22959216990833,189.76532823136688,195.23608456839506,3568400
2021-03-05,200.40647888183594,200.9708458708108,192.52348100684162,195.10866295018624,3602300
2021-03-08,201.69906616210938,204.17501932413668,198.63143883793484,201.14379694805803,3048700
2021-03-09,197.3479766845703,202.38180535062364,196.7471907736467,201.51704532777734,2902400
2021-03-10,201.22572326660156,202.1269020126433,197.70295761431362,198.19450081869815,2435800
2021-03-11,200.0423126220703,203.5377841341588,199.48704352921544,202.99161280391294,2960000
2021-03-12,208.4533233642578,208.47153278380353,198.5495103684429,199.3505581518448,4756500
2021-03-15,210.03721618652344,211.00210710734876,205.56775499165647,208.33498959269738,4215300
2021-03-16,206.14126586914062,210.46508015797266,204.6028960366536,207.2882095012474,3539200
2021-03-17,212.66787719726562,213.27776071110247,206.7510806690303,207.66135705798956,3518500
2021-03-18,209.98257446289062,216.44554311060455,209.12692622795464,213.0046990827528,4336200
2021-03-19,205.076171875,209.04497768613055,203.94743798531925,208.22573445073542,7485100
2021-03-22,205.74069213867188,206.7966022902541,203.51051755969368,206.28684968816958,2211600
2021-03-23,198.6678466796875,205.03068443275092,197.2113987197342,202.13599793201595,4017600
2021-03-24,201.38043212890625,206.7328614878942,200.72503204863366,200.72503204863366,4258000
2021-03-25,204.12953186035156,204.78493213736832,196.65615470506927,199.55993934273988,2901800
2021-03-26,208.90847778320312,209.217968490831,205.0033973165096,206.04111207539952,3040100
2021-03-29,209.56385803222656,211.04761317966089,207.27906900562945,207.63407628688904,3003200
2021-03-30,212.167236328125,213.66008914839284,210.40129779530602,210.45591215987298,3139100
2021-03-31,211.06582641601562,215.74464748730458,208.3168011416769,213.32332233775227,4512300
2021-04-01,211.85775756835938,213.91497745765398,207.16982526045712,210.54695718626414,3787100
2021-04-05,212.74072265625,214.51575901767728,211.52094161454897,213.9149732062044,2323400
2021-04-06,209.9461669921875,215.4442308251648,209.5729503014989,211.63928180219372,2614500
2021-04-07,209.73683166503906,213.17767605142288,208.7719407055382,211.1477631523002,2449600
2021-04-08,209.80052185058594,210.31938611775263,206.7875088863803,209.48193341242333,2158900
2021-04-09,210.04632568359375,211.3662239771179,207.124331682868,210.54698059209426,2482900
2021-04-12,210.21011352539062,210.5469252242019,208.38956080211992,209.63664886256655,1688200
2021-04-13,208.77191162109375,212.5495533735595,207.58854944535332,212.4676318257055,2286400
2021-04-14,211.71209716796875,213.20494998163787,208.95396065179784,208.99947725197455,2491000
2021-04-15,211.65750122070312,212.4949539559027,210.03721011938174,212.23096598573696,1860200
2021-04-16,212.422119140625,214.77063411708158,211.42992111463658,213.56906250087354,2128400
2021-04-19,211.53915405273438,212.1854564754621,209.2816722349459,212.0033900647442,1712600
2021-04-20,207.20626831054688,210.5469817884787,205.3584079111693,210.18286281217354,2815800
2021-04-21,211.60289001464844,211.73942593938375,205.74070689090658,206.9240691675773,1977700
2021-04-22,208.35317993164062,212.48582897946466,208.2439512003332,212.32198588250353,2410700
2021-04-23,210.41058349609375,211.8187399649817,208.3714947951215,209.7247900181767,3458300
2021-04-26,210.82203674316406,212.91600044333708,210.2734103845072,210.8311895849351,1864800
2021-04-27,210.62086486816406,211.0963521970785,208.5543457868282,210.57514251783533,1959300
2021-04-28,212.41307067871094,213.71150446029213,209.74305014795917,210.35569055495512,2965300
2021-04-29,207.99656677246094,215.06480682110777,204.09211245316857,214.8819313721426,5442400
2021-04-30,208.58177185058594,208.83780026383164,205.62829225689316,206.21350205181218,3953500
2021-05-03,208.63665771484375,211.1603726372202,207.75884989510573,210.30999543981753,3182900
2021-05-04,213.4280548095703,213.96754227268286,206.05806391924497,207.56680382862825,4040700
2021-05-05,217.515380859375,218.84124529509,212.00160309689988,214.534456648765,3690600
2021-05-06,216.7747344970703,220.34999358438802,215.79632918871673,217.62511163946857,4527000
2021-05-07,220.359130859375,221.18207732307664,213.19944639616406,215.467132568199,3327900
2021-05-10,221.84043884277344,224.7390571320461,221.8221471129589,222.65424641324745,3752900
2021-05-11,218.81381225585938,222.18791794386848,216.2900836684043,218.33832493536025,3163100
2021-05-12,217.00331115722656,222.40735216869183,216.19864249250688,220.6151533549999,3668500
2021-05-13,219.51791381835938,220.3591520930383,214.48876194946126,215.83290424902745,2228100
2021-05-14,221.49298095703125,222.51710860948305,219.52704541819986,221.28267488347086,2041600
2021-05-17,223.8338165283203,224.43731807113022,220.47800248633547,221.95932572346004,1998400
2021-05-18,218.96926879882812,224.5196163054323,218.91440755747004,223.83382288345055,2436200
2021-05-19,216.5918426513672,216.7838709456353,212.08390065822056,215.88777146155695,3143100
2021-05-20,214.87283325195312,217.2593952878942,212.6782855904815,217.14965883569232,3339200
2021-05-21,216.9302215576172,218.90529638498504,214.89111868230546,216.34501161756273,2479100
2021-05-24,218.58522033691406,219.18872188079027,215.99749155256836,217.34164774006422,2372700
2021-05-25,216.86618041992188,221.18210842183592,216.47299886270488,219.00585268839092,2265700
2021-05-26,217.3599395751953,218.99669369376366,216.36324255740527,217.08561942307423,2070000
2021-05-27,220.6243133544922,222.53538766356618,218.47548839763675,220.82548053992133,3594700
2021-05-28,220.44143676757812,221.52041170887884,218.34747306250742,221.20038315370616,2290700
2021-06-01,221.97760009765625,223.96182730419142,221.10893125829787,223.1205890843126,2476000
2021-06-02,222.61769104003906,224.11729207249815,220.09396236047192,222.2610790247745,2348500
2021-06-03,222.9651336669922,225.34255622732576,220.24939084747712,221.67583880267662,1923200
2021-06-04,223.12977600097656,225.57119917501515,221.5753135322353,224.13559809133648,1837900
2021-06-07,219.23440551757812,223.41317954948823,218.192000219755,223.15715115721596,2330700
2021-06-08,219.6001739501953,220.5602874132958,215.85116479047008,218.90522777185535,2212300
2021-06-09,214.5618896484375,218.7132335127302,214.37901419881064,218.53949695220882,2919600
2021-06-10,206.40554809570312,216.3906996038164,206.2683949791442,215.92436505501175,6281800
2021-06-11,201.80613708496094,208.40804273174942,201.193496649082,206.92673343760939,8734900
2021-06-14,200.26080322265625,202.96740719933,197.14273996638073,201.23006957378055,7213300
2021-06-15,200.67233276367188,201.8793220961049,197.7462692677638,201.06551434883795,5055900
2021-06-16,198.56919860839844,200.60828710098556,198.14857251249353,200.2608139762164,4156900
2021-06-17,191.51925659179688,199.5841946222615,190.08366949412593,198.39548313184667,7995300
2021-06-18,190.97975158691406,193.67720290698998,187.90739651642855,188.5291758514957,7156400
2021-06-21,194.95736694335938,196.804427245217,193.30230704045223,193.43947410113694,5633900
2021-06-22,194.88421630859375,196.43867868083152,193.10114216580268,195.21339772468556,3776400
2021-06-23,195.4876708984375,198.21256647476767,194.38126545950914,195.3139483061893,3283400
2021-06-24,200.5625762939453,202.9308463167049,196.89587235192172,198.00227796683876,6827600
2021-06-25,197.7919921875,202.76628340165965,196.84103131538353,202.24507363100096,11274200
2021-06-28,197.7554168701172,198.22175142557293,195.27741022641055,197.92000061233531,3172000
2021-06-29,196.685546875,199.9773467259925,196.2191984472121,199.37384520326816,3443400
2021-06-30,198.99899291992188,199.29159089508235,195.73460912036805,196.24666604127734,3249500
2021-07-01,198.15774536132812,200.9740582956411,197.64567451167628,200.3980012626018,2426300
2021-07-02,199.11782836914062,199.67560757515196,197.12446219347896,199.02639761803394,2433600
2021-07-06,195.24082946777344,198.93496408956887,193.24744922763108,198.79781097895287,4348100
2021-07-07,196.3106231689453,196.64894340369574,193.08282377321652,194.48184100921225,2707700
2021-07-08,193.9515380859375,195.58829236442492,191.9581578080968,192.02217189593063,3723800
2021-07-09,198.80690002441406,199.87673587650303,196.04543515216295,197.41702172445653,3163800
2021-07-12,199.8676300048828,200.20595028380203,196.4569547384063,197.52679076722055,2509000
2021-07-13,196.76780700683594,200.29735692331374,196.31975038144762,200.2150650796199,2373300
2021-07-14,193.5217742919922,197.17933949422414,193.1377316200583,196.83186633521083,3185200
2021-07-15,193.3114471435547,195.1219378147548,192.1318746809149,192.2781806216691,2737500
2021-07-16,190.14767456054688,194.49103338438664,189.28814447669157,194.27158839446915,4368800
2021-07-19,186.69110107421875,187.30702925400166,183.15179699638176,185.9464716930988,5391100
2021-07-20,191.17727661132812,191.79320477606308,185.983232909356,186.65431672654802,3934300
2021-07-21,193.72373962402344,193.93518834669936,190.82795539874974,191.87595496886,3407300
2021-07-22,192.28042602539062,194.32126926989193,191.71045156973167,193.9719314448795,1931500
2021-07-23,192.6205596923828,193.39276684976687,191.08533331018668,192.59298186728896,2302600
2021-07-26,193.99951171875,194.95558976957338,192.59298649564985,192.9055445391436,2157600
2021-07-27,192.96072387695312,194.02711336170427,190.29476419245526,190.78199121046777,2472000
2021-07-28,194.3764190673828,195.52554184939547,191.30596636041568,193.05262737812382,3246900
2021-07-29,195.40606689453125,197.1986959803841,192.76768495861913,196.7298588432781,3419700
2021-07-30,190.06488037109375,191.82993102305656,186.7554016315537,191.12206756510966,5834900
2021-08-02,188.6032257080078,193.87998850003115,188.4101669102466,191.21402927967895,3977100
2021-08-03,191.67367553710938,192.3999149462351,187.0128269096126,188.74111202192142,3580500
2021-08-04,188.01487731933594,192.67571203612908,187.87697416885518,191.41627795386225,2948700
2021-08-05,190.4694366455078,190.90150801321457,188.18037859280903,188.6859955153787,2685800
2021-08-06,191.53579711914062,193.41115938806715,190.8922771184729,192.14252330688328,2677100
2021-08-09,192.0322265625,192.94233695417452,189.4857662743936,190.56134363143843,2747200
2021-08-10,196.7942352294922,197.5572406349733,192.0966193667837,193.05268362794075,4193600
2021-08-11,203.77163696289062,204.60820166922764,197.25381626468663,198.32019148753858,7794100
2021-08-12,202.46624755859375,205.70216723381253,200.83908576114743,204.3048440216226,4444500
2021-08-13,200.93099975585938,202.75120613237567,200.15877866297632,202.135278066266,2049400
2021-08-16,200.1404266357422,200.40701695413946,197.04238201852218,199.81866663977289,3132500
2021-08-17,196.21502685546875,198.92695397223213,193.58583321721977,198.77067494813429,4022800
2021-08-18,192.87796020507812,196.31614064962923,192.7952267306,195.3508746985842,2947700
2021-08-19,187.9505157470703,192.09655964106034,186.81059494711494,191.37030620169128,4788100
2021-08-20,188.40101623535156,190.5337812279248,187.15995778509128,188.84227553943907,2765500
2021-08-23,192.26202392578125,192.82279638578134,189.2191491449557,190.52455089846572,2827400
2021-08-24,195.43362426757812,196.05875441233133,192.62057368463624,192.82282043493473,2485900
2021-08-25,197.4285125732422,198.29265528403064,195.0291432703129,195.96683153386846,2599800
2021-08-26,194.1925811767578,197.19867656812124,193.49390547959666,197.19867656812124,2513900
2021-08-27,195.65423583984375,196.75739086450443,195.0934633817628,195.13022913738803,2511400
2021-08-30,194.38563537597656,196.4908364752701,193.78809705305312,196.0127974005035,1922100
2021-08-31,193.8524169921875,195.16702078055675,193.43873558622275,194.22933264029277,2857900
2021-09-01,191.17727661132812,193.96274927943898,189.93621832152968,193.85242394714626,4122900
2021-09-02,194.68899536132812,195.76457270290672,192.05980162834297,192.05980162834297,2921600
2021-09-03,193.3927764892578,195.6266786248532,193.0526406112278,194.10982803219494,2512000
2021-09-07,191.42550659179688,193.3652268243903,191.07618272986159,193.08943449216085,2641100
2021-09-08,190.0832977294922,191.32434191563107,188.24470128124702,190.4050436915085,2603100
2021-09-09,188.84222412109375,191.35190414068737,188.36418515585515,189.8350678054924,2777900
2021-09-10,188.46536254882812,191.1037585320507,188.29070763340454,190.3867068922931,2551200
2021-09-13,189.5592803955078,191.08531872868173,187.4724696159207,190.44181281330023,2699100
2021-09-14,186.0016326904297,189.4673913202999,185.36731459869603,189.41222163753145,3757600
2021-09-15,189.127197265625,189.91779420559638,185.57870598073615,185.8544982207031,3342700
2021-09-16,187.1691131591797,189.73394888330066,186.45206170824795,188.86980635849142,3120100
2021-09-17,183.62979125976562,186.86572442514978,183.3539990306213,186.27737421575043,6351100
2021-09-20,175.42050170898438,178.3346755265554,173.26933310748157,177.47972084563207,9151100
2021-09-21,174.51959228515625,177.1579880412229,171.89039848994844,176.50528005231584,5699900
2021-09-22,175.9077606201172,178.80354507072153,175.7330916736106,176.505298990121,3924400
2021-09-23,180.75242614746094,181.65334857564224,177.28668167745258,177.3418373307333,3367800
2021-09-24,180.9363250732422,181.82803165179268,179.19883756131688,179.86073355803674,2199500
2021-09-27,183.85964965820312,185.68905822215834,181.6533394732559,181.6533394732559,3033100
2021-09-28,184.3652801513672,185.5971365287179,182.71054037644433,184.04352012968974,3247500
2021-09-29,181.9015655517578,184.9260650704722,181.74528651079572,184.30093487924384,2954700
2021-09-30,176.47772216796875,182.82087577572696,176.1651640657921,182.59105116635337,4978100
2021-10-01,178.64723205566406,180.06294520010746,175.8066038066806,177.3326282532583,3695500
2021-10-04,177.54409790039062,180.09974623547942,176.88220195473224,179.02416883062952,2864600
2021-10-05,176.96493530273438,178.71159658567956,175.33777326864808,177.20394782783197,3074600
2021-10-06,176.3765411376953,176.86376802814775,172.64419294560625,174.66664604166604,3777700
2021-10-07,179.95262145996094,180.54097174297505,177.9853238860659,178.09563518057567,3510500
2021-10-08,179.41021728515625,180.71561888002446,179.02411377349458,179.99856749731342,2713200
2021-10-11,177.32345581054688,181.25805157399407,177.1303969875691,180.49503227036294,2015200
2021-10-12,174.5931396484375,177.95777495095058,174.28058157833635,176.79946408843372,4706700
2021-10-13,173.69223022460938,175.81580714099042,172.57068513006865,175.12633338749635,3253200
2021-10-14,178.64723205566406,179.07930335886095,177.06603793064104,177.9301805370348,5212900
2021-10-15,182.958740234375,183.35403174569083,179.53894964850795,180.14568985540842,4736300
2021-10-18,182.1865234375,182.64617257003266,179.76877853899552,181.4510960473504,2809400
2021-10-19,184.90762329101562,185.22018128523743,182.44391106261864,182.57261223832032,2626900
2021-10-20,187.71148681640625,188.62158298471195,184.34685230465934,184.9260146134911,2936000
2021-10-21,185.82696533203125,185.97405643256343,183.62065493356624,185.3305504019594,3071300
2021-10-22,185.4757080078125,187.04715568940932,184.13536801895043,185.46646934203642,2632400
2021-10-25,186.917724609375,187.93452782860626,185.34627708948997,186.0580492163341,3294700
2021-10-26,184.54208374023438,187.45385712835025,184.38494180262114,187.41688836266636,2933600
2021-10-27,181.29750061035156,185.27229804119878,181.10337583908944,185.10591746997102,3406700
2021-10-28,188.655517578125,189.03451436616996,182.14792974445646,182.43448347523136,4462700
2021-10-29,188.58157348632812,193.88748641641632,187.86981551527165,192.26059291921908,4292200
2021-11-01,189.84799194335938,191.2345533473165,188.39671757023152,188.84041327014486,3215200
2021-11-02,191.45640563964844,192.09422618053574,187.64798793500663,190.19001732821485,3429600
2021-11-03,188.15638732910156,190.95724026634826,186.55722377563427,190.66143372672101,3137000
2021-11-04,188.19338989257812,189.39507949217395,187.28750688573464,188.57238680022908,2543500
2021-11-05,190.31016540527344,193.08328801395413,189.70931371049403,189.94040726121742,2591300
2021-11-08,198.04721069335938,200.0993229430495,195.27408755646286,199.56318411066945,5944700
2021-11-09,193.9429473876953,199.2673517722635,193.15723778568844,198.90683229596343,3310300
2021-11-10,191.0404052734375,194.0723513790402,190.81855039808963,193.44378372280002,3261800
2021-11-11,192.759765625,194.52532386796895,192.158927990715,192.158927990715,4819800
2021-11-12,193.4438018798828,194.75641161302744,192.5471577353324,193.51775351194004,2018000
2021-11-15,192.0017852783203,194.75641664568366,191.12361844046802,194.11859614443597,2392600
2021-11-16,189.8941650390625,192.436193820038,189.73702313427265,192.26981325196502,2138000
2021-11-17,187.6294708251953,189.67234400960325,185.6605633740634,189.49671065514994,3135700
2021-11-18,186.1874542236328,188.30427909209368,185.4849348921956,187.8975521773764,2119900
2021-11-19,185.28160095214844,187.57404544005573,184.56059007204183,185.72529670032938,2980100
2021-11-22,187.0748748779297,189.0622739760077,184.9580498375374,186.25218231718821,2596500
2021-11-23,189.8017578125,190.023612700149,186.34459319699965,187.6941857467433,3127100
2021-11-24,191.41017150878906,192.51016495381452,187.72191338953502,188.2580521157184,3880500
2021-11-26,183.70089721679688,186.21519639365087,181.74122825139065,185.79923078748115,3496000
2021-11-29,181.10340881347656,186.26141903312765,178.66306125733507,186.0118340260131,4559900
2021-11-30,178.72775268554688,181.89834934093082,177.06387634671935,179.18068700498426,6358000
2021-12-01,176.9899444580078,183.42358154584886,176.88826272305013,182.6378718710233,3425300
2021-12-02,181.90762329101562,182.67485569899085,177.30424294799755,177.7664301259465,3445700
2021-12-03,182.84124755859375,184.3109993763298,180.93703867199235,182.72107438065945,3250900
2021-12-06,186.05804443359375,187.88830146502752,183.34038193262248,184.4866110589352,2838400
2021-12-07,189.02528381347656,190.61520855390012,187.7126741519326,187.9160234979581,2818000
2021-12-08,188.74794006347656,190.60592683152635,188.2118014203712,188.95130348344165,2341200
2021-12-09,188.69248962402344,189.4689604831832,185.6882737977899,187.74038542901886,1646600
2021-12-10,188.07322692871094,190.32868868019347,186.82531581161996,189.86650146717227,3315200
2021-12-13,186.0303192138672,188.80344198475714,185.29081698733017,188.40596782458218,1868500
2021-12-14,186.3908233642578,188.55385572593698,184.68997812797153,184.87485015716234,2248800
2021-12-15,187.23199462890625,187.27821615927945,183.61768816811593,185.7992118163217,2193700
2021-12-16,190.57826232910156,192.4824712761147,189.17320933617754,189.49674600788052,2856800
2021-12-17,186.14125061035156,189.72782745284832,186.01183877092294,189.45051233840624,6079600
2021-12-20,180.67819213867188,182.61013088284326,178.4596855368285,182.61013088284326,3605100
2021-12-21,183.31263732910156,183.96894918852715,181.86137723307618,182.1017094368275,2303400
2021-12-22,186.86224365234375,188.01771143180378,185.6420770117462,185.7807275033489,3558700
2021-12-23,190.60595703125,191.62277429218062,187.9160247267407,188.0361978861682,2669600
2021-12-27,190.77236938476562,191.2530338573174,189.62614019402906,190.3656424427355,1711200
2021-12-28,190.9941864013672,192.51015947525576,190.55049074932995,190.587459509987,1393000
2021-12-29,191.65049743652344,192.7782350468836,190.49502972958317,190.67066307781093,1334900
2021-12-30,190.4950714111328,193.1110525646188,190.356406793061,191.65053937089695,1465900
2021-12-31,191.10516357421875,192.02953795022958,190.11607622156703,190.60599351246606,1374500
2022-01-03,191.34547424316406,192.82447871982663,190.23622793808312,191.6505194454069,2055600
2022-01-04,201.58755493164062,202.36402598118732,192.21439981973307,192.52868370576397,5242300
2022-01-05,203.13125610351562,206.4682479511387,201.67998165591482,201.67998165591482,5378200
2022-01-06,205.2018280029297,205.86737853672238,201.5690301639086,204.739640915842,3913200
2022-01-07,207.23550415039062,208.88088949495378,205.4237240751726,205.67330911873773,3673400
2022-01-10,204.87831115722656,208.67748994364973,203.92620679439736,207.93798771203035,3734900
2022-01-11,203.31614685058594,205.2943075062022,200.21024829641115,205.21111719520215,2944300
2022-01-12,205.58082580566406,206.77327647670518,203.42704623377512,205.32200214625684,2506900
2022-01-13,209.8329620361328,210.6464159179249,205.80268960199442,206.0337831725188,5002300
2022-01-14,211.62623596191406,212.27329509427008,206.67158958371036,207.72537562921335,3970600
2022-01-18,212.48590087890625,213.00354819371617,209.7035395093872,210.48926325104392,5411900
2022-01-19,205.8909912109375,213.46119013716398,205.2129136006931,213.321866887536,4991700
2022-01-20,201.21885681152344,206.0860719751609,200.67081888365814,205.35227913787406,3545600
2022-01-21,198.8595733642578,202.03627189485908,197.3083793380249,202.03627189485908,3754700
2022-01-24,199.08248901367188,199.67695861834662,191.95813725162802,196.13800564573037,5107300
2022-01-25,199.06387329101562,201.40460315383424,192.36680436379226,196.99252061496992,4554300
2022-01-26,199.0453338623047,203.30881054958536,197.14118286389444,199.70483046893096,3558500
2022-01-27,197.07611083984375,202.3984716017698,195.19981075344097,199.8998515483488,3678100
2022-01-28,186.84938049316406,193.20277607401286,182.7995525046818,190.96422127657024,10747300
2022-01-31,187.2209014892578,187.25806380290277,180.8303441762364,185.26100755594862,6179000
2022-02-01,190.74131774902344,191.1500040529468,186.2734913262923,186.51500388460175,4026400
2022-02-02,190.36048889160156,191.15930871537122,187.07231796711628,188.74426808352635,3492300
2022-02-03,186.3199005126953,191.22427692839952,185.85547082050158,190.41617379942866,2748200
2022-02-04,184.29501342773438,186.7100395796258,182.51160492112703,185.96696333182592,3930800
2022-02-07,185.60472106933594,187.19306295411903,183.94205454689464,184.69442851055737,2402000
2022-02-08,187.1652069091797,187.91758090744335,185.05669167672374,186.0134159181297,2407100
2022-02-09,189.11581420898438,189.5802439941997,187.71322718673989,188.22410278513118,2743700
2022-02-10,188.62350463867188,192.0417007804697,187.2209177289464,188.15907489071427,3538500
2022-02-11,186.92369079589844,190.09109091774695,185.89265618444458,188.94859770179144,3826700
2022-02-14,185.6697540283203,187.35098771946096,184.01638499269123,186.65434298512488,2730500
2022-02-15,188.9393310546875,189.9053387841289,185.7811999706122,186.42211535018203,2752600
2022-02-16,189.1529541015625,190.80632293091978,188.55848456935843,188.66065968457812,2253900
2022-02-17,180.88609313964844,187.40667622862722,180.60743247192883,186.70074815390518,4699600
2022-02-18,178.2946014404297,181.70351454916835,177.57937556364644,179.6042969078025,4385200
2022-02-22,177.6072540283203,181.03473411771256,176.99420327804606,178.29460107565237,3488000
2022-02-23,173.39024353027344,178.63830949154536,173.1115827775314,178.0809879860613,3550400
2022-02-24,171.55108642578125,172.0898267091268,166.88820713930795,169.08031642145363,5919500
2022-02-25,173.75244140625,174.5605445688489,171.02159243478746,171.78326396485033,3594600
2022-02-28,174.23548889160156,175.34083410503942,170.60364438266953,171.22597862610237,5168500
2022-03-01,169.8234100341797,174.82996293723156,167.78920515063734,174.41197893301938,5110600
2022-03-02,178.90762329101562,179.79003695388434,171.83900214919103,172.02477120875224,5849900
2022-03-03,180.98828125,182.5952042342918,178.65683480826962,179.56712733311264,4429700
2022-03-04,181.7406768798828,182.06576924332882,176.77127223730932,177.5050792750672,4334700
2022-03-07,182.70663452148438,189.02288104714856,179.8457459724109,180.93250973021892,6912300
2022-03-08,195.06053161621094,199.6026548569146,188.55851389567056,189.36661727691867,9318600
2022-03-09,194.8561553955078,198.40440568205233,192.6919109417672,197.44768147877397,4798300
2022-03-10,196.72314453125,202.04551959694146,193.36996121598054,194.4938874315798,4886300
2022-03-11,199.546875,202.27772401864104,197.1968617529698,197.1968617529698,4045500
2022-03-14,200.113525390625,202.93725249217533,197.7820785967515,200.9123452570625,3530700
2022-03-15,201.0609588623047,201.91550800885545,195.53423280445372,200.7451358209468,4364200
2022-03-16,200.7079620361328,203.87537632601627,197.21545542589993,202.02694082254956,4378700
2022-03-17,205.92813110351562,206.0024415580972,199.09172518798346,200.00201762665486,3600400
2022-03-18,205.19436645507812,205.9281592628485,202.49138176479764,203.8660899293636,4105100
2022-03-21,207.79519653320312,210.89758433268972,205.26869717571364,205.27798066974563,2902200
2022-03-22,206.86631774902344,209.78293618505668,205.59377052073322,208.49182197042063,2461500
2022-03-23,206.36471557617188,208.78903946350096,205.9188669800169,205.9188669800169,2001700
2022-03-24,206.40185546875,208.99336698310177,205.75164254396452,206.70836660118113,2110900
2022-03-25,207.4700469970703,207.87874742215953,205.40797788740767,206.29039152888467,1581100
2022-03-28,206.06747436523438,206.83841523518427,203.45736740881705,206.52260642420836,3072500
2022-03-29,205.31512451171875,205.6773791971933,201.1352562147326,205.0922072734409,3667800
2022-03-30,207.20999145507812,209.81080104655518,204.9993011763318,206.20682143379673,2507400
2022-03-31,206.96849060058594,209.1698831865817,206.60622177172905,207.33074525617096,3152100
2022-04-01,204.13546752929688,209.4764099485283,202.649286578115,208.38964597445124,2618300
2022-04-04,205.1015167236328,205.60310891978241,201.19102515904265,203.56890382342263,2181300
2022-04-05,200.65225219726562,206.55050207795426,199.83485122426032,204.34910938952342,3582100
2022-04-06,200.82872009277344,201.6832691377744,198.3579504044376,199.81625245922325,2783300
2022-04-07,200.540771484375,200.92160730204648,198.36724353561465,200.13208518729436,2253600
2022-04-08,201.5903778076172,202.37991405841333,198.80379928471973,200.43858691577526,2450200
2022-04-11,200.68011474609375,203.19731626650162,200.4014540379219,201.59039316440095,2494700
2022-04-12,201.28387451171875,203.86610309185284,199.68623484977311,200.12280000002994,2508200
2022-04-13,202.74217224121094,204.0518533981657,201.00519529377004,201.49748970755357,1898900
2022-04-14,211.60348510742188,212.91318043297417,203.0579803530707,204.2655005644323,5337900
2022-04-18,213.56338500976562,217.70610481911368,211.77997638312144,211.77997638312144,3644000
2022-04-19,215.64402770996094,216.36853699546748,211.3805659514175,213.8699026404356,2689400
2022-04-20,218.3562774658203,219.55449989955287,216.03412888060436,216.93512366552974,2907700
2022-04-21,216.02488708496094,220.9756963517504,215.17032376817906,220.36265977861268,3571400
2022-04-22,201.87582397460938,214.46622090272334,201.2225070133873,213.16891499356743,5053700
2022-04-25,202.2491455078125,202.52914256236826,195.5946262219505,200.9518395882378,4145500
2022-04-26,196.27598571777344,203.64916244956476,195.38934004616485,201.71720939595406,4176700
2022-04-27,199.69187927246094,201.17584518565292,193.47600431678916,197.03192854853842,3358300
2022-04-28,198.2732391357422,198.75856642947394,188.52943817145064,193.59732662907504,6092800
2022-04-29,196.49993896484375,202.7251563736011,196.14528930060442,198.5159007835159,3404000
2022-05-02,197.92791748046875,198.5812344674222,193.81199910079852,195.99595056057538,2639500
2022-05-03,199.3745574951172,200.99852918863,196.73327683004004,197.76925607152793,2121100
2022-05-04,207.7463836669922,208.399700693668,199.5705572162143,200.61586445889554,3023700
2022-05-05,201.53050231933594,208.2690311115787,199.51455473127348,207.56904555206242,3005600
2022-05-06,200.33583068847656,202.53845214733437,196.32259215621676,202.53845214733437,2268400
2022-05-09,192.53334045410156,197.90923825485336,191.7400320920056,197.89056798714478,2929900
2022-05-10,189.4534149169922,195.54795422761478,187.96010681316403,194.35331344104887,3040400
2022-05-11,191.52536010742188,195.7252728421119,190.0133818388899,191.85201144204234,2552400
2022-05-12,189.49075317382812,191.64670638192257,186.00949570450774,190.03207703960928,3282000
2022-05-13,190.70407104492188,192.69203462764509,189.38809475097148,191.46938119859803,2323800
2022-05-16,193.37335205078125,195.25865053391215,190.09741042178382,191.34806214813895,2540800
2022-05-17,198.8798828125,199.51454375699814,195.1932952500765,198.60922801052115,2275900
2022-05-18,194.07333374023438,203.36913408175806,193.68134353221762,199.57988116302,4723300
2022-05-19,192.97203063964844,195.32398631094395,188.258805523547,192.13205359195058,2887700
2022-05-20,184.62818908691406,192.85068344987005,181.10024893558702,192.68267951826306,5404500
2022-05-23,190.53604125976562,191.78669280278248,185.8788136643301,186.597455167464,3246600
2022-05-24,191.93600463867188,191.9826731835733,187.86675532085144,188.5387424919587,2467800
2022-05-25,195.3519744873047,196.07995835530255,191.16140323918103,191.32939294352985,3080200
2022-05-26,198.78656005859375,199.39320848062667,196.36926590141627,197.4425855789447,2016000
2022-05-27,202.65982055664062,203.11714958673883,199.87854856115302,200.662528977399,2020400
2022-05-31,201.4558563232422,203.54647081507272,199.25323445417567,200.46653140408026,3773500
2022-06-01,203.06117248535156,204.39580492371377,200.0092311366135,203.89182153388492,2314000
2022-06-02,205.3291015625,206.11308198693123,202.76248779296876,204.94643936441705,1784100
2022-06-03,208.0356903076172,209.15567852970412,203.69578579137666,203.69578579137666,2222500
2022-06-06,208.71702575683594,209.77166095029241,207.42904780941572,208.03569624599476,1565400
2022-06-07,211.95559692382812,212.1142585812758,206.86902466694798,207.19569023543687,1799000
2022-06-08,214.47560119628906,216.8555552011415,209.6410263433101,210.26634513433117,4171300
2022-06-09,208.75439453125,212.9916491595887,208.7077259709609,212.26365094981756,3045700
2022-06-10,200.8305206298828,205.53443165557383,200.67185894228413,204.8624443661894,2604100
2022-06-13,193.0840301513672,195.87463026225456,191.23605793577883,195.60397543297282,3559400
2022-06-14,192.9066925048828,195.74396108651715,191.58138819940783,194.18532825737597,2359000
2022-06-15,192.26272583007812,194.73600277168566,189.5841186244981,193.6440268630564,2343100
2022-06-16,181.8002471923828,187.829462541861,180.36294974516593,187.661472839732,4789900
2022-06-17,179.79364013671875,184.55354807367772,178.1416700774809,182.6309089315523,7226100
2022-06-21,183.2748565673828,185.18815302109712,180.94157168266798,183.95618600741287,2755400
2022-06-22,175.3043975830078,179.9336277676054,175.19240444279384,177.32968756892473,4008700
2022-06-23,166.75523376464844,174.74440043245346,164.2819570186259,174.1377519449365,6667900
2022-06-24,173.1204071044922,173.22307220709527,167.4085161324914,169.24714572559387,4868900
2022-06-27,175.08038330078125,177.40434046627408,173.4284276474869,175.5377123227837,3061100
2022-06-28,174.94039916992188,180.2229604538301,174.93105691442022,177.30168273044663,3327200
2022-06-29,171.2444610595703,175.06172641770155,169.98449561361593,174.8283979009053,2436900
2022-06-30,166.83921813964844,169.99382425558824,165.30858363345874,168.2391892455991,4197100
2022-07-01,166.40057373046875,169.22852871019498,162.13533546546546,167.35255815212182,3423100
2022-07-05,162.1726531982422,162.78864392331454,159.22339145996577,162.1819954536555,3724900
2022-07-06,160.81932067871094,163.0219421187642,158.0007086281895,161.91129626568255,3190600
2022-07-07,168.2578582763672,170.3298166372263,164.57127057274147,170.3298166372263,4677600
2022-07-08,167.1565399169922,169.1538312693518,164.62725275895582,168.21117503288764,2491100
2022-07-11,163.34860229492188,167.78184330714922,162.97526819125352,165.5792219398456,2773300
2022-07-12,162.85398864746094,165.4206025203573,161.09002550082917,163.08731718136062,2718400
2022-07-13,162.27532958984375,163.5633076969522,160.3993732418221,160.76336519714704,2389000
2022-07-14,158.60739135742188,159.31670490598898,155.9381126145026,158.43005940996954,2531200
2022-07-15,161.81800842285156,161.81800842285156,157.9167479538542,160.7633588987129,2282100
2022-07-18,161.92063903808594,164.9165687819093,161.19265531110602,164.38458724661186,2476400
2022-07-19,168.68731689453125,168.88466991722785,162.47514221345196,163.43374271884198,2671400
2022-07-20,169.13844299316406,169.91849087022055,166.41298625585188,168.0200612699196,2175900
2022-07-21,170.09701538085938,170.17220225457834,165.8584432100866,167.68168546158896,2214500
2022-07-22,167.86964416503906,171.7980758287114,166.66668287578767,170.56692125458923,1961500
2022-07-25,170.86769104003906,171.6101526086291,167.07084634564154,168.38658105646425,1845600
2022-07-26,170.32261657714844,172.59696646383244,169.71174274931457,170.2568370042043,1767700
2022-07-27,174.10061645507812,174.97463695792413,169.46733837695376,171.91084719662695,1856500
2022-07-28,176.5347442626953,178.11364000838716,173.1138202108653,175.60433712760582,2229200
2022-07-29,186.3182373046875,187.4836125265511,177.737725746812,177.80351964969654,5188100
2022-08-01,183.1322784423828,185.32204823997822,181.76014277978305,183.33903880716406,3185100
2022-08-02,172.46536254882812,178.06666356495487,172.1364360612722,176.685135032097,8193100
2022-08-03,171.8638916015625,174.27922201102473,170.6703373826705,172.28681964461865,4155900
2022-08-04,172.5875244140625,174.7396931871624,170.2191879931171,171.85447029288923,2478900
2022-08-05,174.23220825195312,174.8994828516514,172.202205505739,172.53114631440158,1908500
2022-08-08,174.626953125,176.685149447609,173.07626473038306,175.52918147452306,2655000
2022-08-09,174.83372497558594,176.5723878817172,174.01609078730152,174.75853807981676,2460000
2022-08-10,179.241455078125,179.99330968249905,176.1682570907292,177.3712187215542,2304300
2022-08-11,182.32403564453125,183.80894445980775,180.3598265372812,181.2244542638157,2538900
2022-08-12,184.99310302734375,185.11528351468183,182.1360729437898,183.16046741943637,1864800
2022-08-15,184.15667724609375,184.67357817012737,181.45002081372098,181.7601470277077,1752400
2022-08-16,185.63218688964844,186.45921399988654,183.2168564441354,183.56459760340374,1959300
2022-08-17,184.1378936767578,185.04951511462374,182.20187762205194,183.26387285883973,1576200
2022-08-18,185.47239685058594,185.73554376269797,183.49878066931458,185.19044963319988,1750900
2022-08-19,183.8277587890625,185.3502539953469,182.1454824661665,183.5176182210353,2003600
2022-08-22,180.21884155273438,182.2582375027845,180.02148851845067,181.48759699200318,2008900
2022-08-23,185.34083557128906,186.21485622813412,180.89550238016255,181.1492563265246,2444900
2022-08-24,182.4744110107422,186.72236279014234,181.80713631727826,185.66977499920188,2503200
2022-08-25,186.9103240966797,186.9385173862172,182.8597256415593,183.72435331505136,1888700
2022-08-26,180.36923217773438,188.31066337823373,180.19066509355707,187.39904198880626,2560400
2022-08-29,180.23764038085938,181.54398208341297,177.62495697575224,178.56477156292553,1996600
2022-08-30,175.68894958496094,180.40682305250365,173.4803794637836,179.9745020120314,2691200
2022-08-31,173.5931854248047,176.74155617215064,173.39581802133057,175.39762798905255,2656600
2022-09-01,171.45977783203125,172.1834390889876,169.26061511084376,171.3000110709637,2686200
2022-09-02,169.94667053222656,174.56116351584177,169.02565626830662,173.72472912157693,2185400
2022-09-06,169.78695678710938,172.60640137936122,168.7813479991299,171.89213290477787,2141700
2022-09-07,169.97486877441406,170.89588306516822,167.46556551850978,168.330193227851,2166900
2022-09-08,172.1270294189453,172.24920989961254,167.36217709853915,168.86587177709836,2245700
2022-09-09,178.08544921875,178.3391888007335,175.95206635490143,176.2622068510898,2279600
2022-09-12,180.82032775878906,181.1022750138221,179.13806589313273,179.36362656524577,1937200
2022-09-13,173.2172393798828,178.61178074346324,172.45599179232616,176.54419133938043,2207500
2022-09-14,173.5367431640625,173.99725743553256,170.9240599790866,172.85068258855102,2295000
2022-09-15,171.50674438476562,175.31298144028554,170.74548263323118,173.55553300524645,1933100
2022-09-16,168.66854858398438,169.4861827996922,167.07086643149694,169.1666492372816,5088300
2022-09-19,171.14964294433594,171.7323234263426,166.15922955054808,166.58214326621203,2923700
2022-09-20,167.27760314941406,169.84329295118448,165.69870718956358,169.7211124661941,2512400
2022-09-21,161.6011199951172,169.62714482861955,161.53534042916806,168.48996283598822,4061900
2022-09-22,160.285400390625,164.11043877304056,160.04103939008002,162.305996264967,2508400
2022-09-23,154.3551788330078,159.24221263739005,151.99623464591832,158.50915828375446,4047200
2022-09-26,152.83265686035156,155.86826856586734,152.45673672898286,154.12960569231103,3213400
2022-09-27,152.66348266601562,154.66529231030609,150.93422728056078,154.56191213289125,2753500
2022-09-28,157.6632843017578,158.33995192737999,153.6972657395292,154.59949402050276,3694800
2022-09-29,155.91522216796875,156.56369647722897,153.69725934086281,155.727262133217,3518100
2022-09-30,154.20480346679688,157.68211511882203,154.02623637264588,155.90586584297674,2963000
2022-10-03,160.9244384765625,162.9356410036439,156.05620607883935,157.3531403829365,3444700
2022-10-04,168.81887817382812,169.3451719836154,163.72508545705745,163.8096653178238,4008200
2022-10-05,167.6440887451172,169.41092997587472,166.05580019532874,166.48810676672824,3067400
2022-10-06,168.0482177734375,170.08761338801094,166.24377576893608,166.73248329320634,2415000
2022-10-07,166.8640899658203,168.18923203218102,164.59913327204347,166.08404210421295,2759200
2022-10-10,167.91668701171875,170.25683072548168,165.47317745006046,168.9880751723888,2633900
2022-10-11,168.93165588378906,172.06123988054077,166.0370255113542,166.17800629020297,2542400
2022-10-12,168.6967315673828,170.21922672852293,168.0200638645575,168.67793125885052,2260800
2022-10-13,172.11764526367188,173.81870739513633,162.31538586946178,163.29278674363326,3745900
2022-10-14,167.46556091308594,173.23602181271804,166.84527985373649,172.6909276399957,2830200
2022-10-17,169.91847229003906,173.21721617433676,168.4147632846455,171.32819410493357,2940000
2022-10-18,172.5029754638672,174.36380438638113,170.0218654537043,173.77171658994956,2674000
2022-10-19,173.3112030029297,174.52355745141733,171.04624651669184,171.9296744799834,2088700
2022-10-20,169.6741180419922,174.56116533260152,169.5989454951379,173.43337636373323,2953900
2022-10-21,179.96774291992188,180.14750482881539,169.55115240241352,170.04311564777754,3483800
2022-10-24,180.98953247070312,181.78425563874612,178.2931327635145,178.48235050308833,2919500
2022-10-25,184.33872985839844,185.123997186424,178.73780107714902,180.03395774190585,2545000
2022-10-26,186.344482421875,188.82326805051994,184.08329647512778,187.61225717573245,3546000
2022-10-27,200.70626831054688,205.42732697116531,196.19335344250945,198.82351834543144,7872200
2022-10-28,207.51824951171875,207.66962947173866,199.82644116169584,201.04690780293606,5161000
2022-10-31,204.79351806640625,207.07361595195988,203.42165678992714,203.7338725981775,3786100
2022-11-01,206.7235565185547,207.64127780995557,205.03003808261096,206.8465545585537,2717500
2022-11-02,202.97694396972656,209.75104533836378,202.39982052615633,205.8720314574575,3150000
2022-11-03,207.44256591796875,209.83620566847193,199.96835700763367,200.13864864060795,3570400
2022-11-04,215.5696258544922,217.34829010292296,211.54868714332375,211.94604876594306,4973800
2022-11-07,216.2886199951172,216.78059762593765,210.6687655382286,215.71149655407405,3405600
2022-11-08,217.42396545410156,220.0919833016929,214.4532021014465,216.28864454643255,3676600
2022-11-09,213.3841094970703,216.79008679355863,212.92998400300158,213.88555747483286,6248300
2022-11-10,219.9216766357422,220.05413050067523,214.13152991668625,219.70407695114977,4590800
2022-11-11,223.74392700195312,225.55097294876137,219.49591889181798,220.44202199048962,3585400
2022-11-14,223.75338745117188,226.92283867165273,221.86118121479834,223.28033589207848,3217700
2022-11-15,221.94631958007812,226.49707311596796,220.2054933657862,224.32104756629678,3371000
2022-11-16,219.8932647705078,222.0125407574118,218.3984202489041,221.38810929211155,3062000
2022-11-17,218.01998901367188,218.10513482338507,213.35569347320626,215.47496950096266,3256900
2022-11-18,218.95663452148438,219.34454025902082,215.36145427388016,218.4079074249544,2868700
2022-11-21,219.65673828125,221.07589282326845,215.9669422465566,219.07015902352606,2522600
2022-11-22,224.47244262695312,224.68058648826778,220.78264587890158,221.38815135643796,2523300
2022-11-23,224.1507568359375,226.71470272754027,222.91136401776507,224.82249642525846,2311300
2022-11-25,222.99647521972656,224.69000768175042,222.51396788464666,224.22641201255792,1034800
2022-11-28,219.77976989746094,222.29640780148435,219.089118623604,221.33137852317674,2862100
2022-11-29,222.44775390625,223.02487736861872,219.07017338179415,220.72585378933206,2277900
2022-11-30,223.66824340820312,223.99937084036048,218.35113402510294,223.18572157481483,3850000
2022-12-01,222.98704528808594,224.22643805782403,219.43915860995583,224.13182197185208,2504700
2022-12-02,223.40333557128906,225.6172134195058,221.00022554892348,221.28405937375874,2218300
2022-12-05,220.0352325439453,223.1952138302647,219.74192841952598,222.14503867985442,2064500
2022-12-06,215.98587036132812,220.4893303569152,213.40301294034518,220.05411657887572,3633800
2022-12-07,216.63865661621094,217.4523057575856,213.61112996332358,214.76537675542215,3044000
2022-12-08,218.47415161132812,219.968996416114,217.16852456134274,218.46469577632436,2189400
2022-12-09,215.03977966308594,220.26227311881397,214.94517800945636,219.4959318733885,2257000
2022-12-12,220.49880981445312,220.82048143820444,214.78435282985308,215.28578637169758,2709200
2022-12-13,222.79783630371094,225.09686003197547,219.6189291377879,225.00225837867555,2945200
2022-12-14,221.84225463867188,225.38068549026835,220.5555538232175,223.3370992945959,3513800
2022-12-15,218.22817993164062,220.3758239230285,215.44663405634216,219.64733481198556,2953200
2022-12-16,220.17709350585938,220.65014501056663,215.7587941842599,216.30753566208668,7610700
2022-12-19,219.77027893066406,224.16019666097733,218.4835781595522,221.29350547266864,2622400
2022-12-20,222.4666748046875,223.01541631642644,219.36345789694036,219.9121994086793,2649900
2022-12-21,228.7014923095703,228.87179837001554,224.85086030070278,224.85086030070278,4143600
2022-12-22,224.7373046875,227.82160976744066,220.479841103776,227.20663414351534,3129900
2022-12-23,226.94174194335938,227.5756292767252,223.75337917267805,224.17912267283273,1959900
2022-12-27,230.0355224609375,231.84258296689526,226.799851376033,227.7175725990005,3381500
2022-12-28,226.47817993164062,230.67888028802167,225.43746067708184,230.0355226298248,2270000
2022-12-29,227.25396728515625,228.58797615348277,225.42799518700886,228.2095406787916,1652500
2022-12-30,226.64842224121094,227.2160897903962,224.88867016239922,226.48758647076508,1521100
2023-01-03,226.005126953125,227.70810108804073,223.46956298331898,227.70810108804073,2651900
2023-01-04,228.35142517089844,229.07992853748567,225.69287799817315,227.06472448801094,2387900
2023-01-05,227.3296661376953,228.52175092223638,224.75626438749586,227.56619192770344,2355900
2023-01-06,235.44723510742188,236.44064632169656,229.18403675114251,229.7989980361566,3945100
2023-01-09,233.3279266357422,237.44348062601713,232.74134737176604,235.58911231933763,3417100
2023-01-10,237.00827026367188,237.32048600307215,233.16709418392557,233.64014570973444,3011900
2023-01-11,237.21641540527344,238.3138984159683,233.8104530623959,237.93546296777757,2402400
2023-01-12,241.32252502441406,243.50802087901488,237.48133430583258,238.41798157339906,3881500
2023-01-13,244.52980041503906,244.64332816798623,241.4738914283136,242.95926579612728,3067800
2023-01-17,242.4484100341797,246.4598782762392,242.14565008725276,244.9082552028221,4100100
2023-01-18,239.1937713623047,244.95553526327086,238.48419410051912,243.41338272801323,3361400
2023-01-19,233.61367797851562,238.84206141241933,232.23528888335193,238.11008367020662,4885200
2023-01-20,237.37811279296875,237.57773384926952,232.67255624971958,234.67835477364974,2964100
2023-01-23,240.220458984375,241.15205782218732,236.95985579941345,238.36676223889853,2610200
2023-01-24,244.88795471191406,246.25684284788787,237.41613356265646,240.39156362195408,3505100
2023-01-25,245.67701721191406,246.3899786775088,241.76048686925645,241.9601079566896,2424900
2023-01-26,249.17523193359375,249.3083319761255,244.2035333963405,247.1599325101861,2677200
2023-01-27,251.4757080078125,252.9016305519545,249.17520687199064,249.49841250073996,2783000
2023-01-30,248.5858917236328,251.91304515014414,248.40527250249843,250.335020329456,3426900
2023-01-31,239.83070373535156,244.6788615891577,234.24109619238916,244.30810773410576,10992100
2023-02-01,237.21649169921875,240.22043897280363,233.19539378551104,239.31735750590394,6022000
2023-02-02,232.80563354492188,237.2069861252525,229.8587354208857,237.01686600519136,6130300
2023-02-03,235.52439880371094,238.55686338173967,231.12306062626982,231.95009114564647,4134700
2023-02-06,239.003662109375,239.68810618591834,235.75255999841235,235.85712824636303,3528800
2023-02-07,237.33056640625,239.55500223142826,233.23341769685962,238.17661325455634,3467900
2023-02-08,236.57958984375,239.13674694083963,234.87799509241424,235.84762661550747,2300300
2023-02-09,234.1174774169922,239.52647946620993,233.35698246274592,237.65376662478783,2464900
2023-02-10,235.43885803222656,236.35145498012972,232.55849521997317,234.11750352266225,2820300
2023-02-13,235.89512634277344,236.11377825498238,230.66674340182334,231.47477202206417,3068100
2023-02-14,232.29229736328125,235.09660889794418,229.71612416037672,234.81142147801148,2512900
2023-02-15,236.41798400878906,236.48453403155037,231.21811799755875,232.14021584998622,2398200
2023-02-16,234.3456573486328,236.25638863132016,232.4444269958244,234.32664098363853,1934900
2023-02-17,235.55291748046875,238.47131290199445,233.49959981667368,235.61946750230794,3759300
2023-02-21,228.82257080078125,235.75254860945722,227.90997390773134,232.42539570569474,3105900
2023-02-22,226.14181518554688,230.26748104904394,224.74440989222776,229.2788477726966,3145200
2023-02-23,226.1988525390625,228.93662857669273,223.96491583230946,228.78452668454997,3219000
2023-02-24,224.50677490234375,225.0010988344722,221.51234302638684,223.6131943537701,2105500
2023-02-27,228.1286163330078,229.33590161749655,226.93084648323244,227.29208487667847,1720900
2023-02-28,227.7198486328125,229.193304929327,226.92133543523494,229.04120303305456,2647700
2023-03-01,236.3894805908203,237.36861308866892,229.64012135833173,230.05837986290143,4117700
2023-03-02,239.7261199951172,240.0208228740862,233.97490997945638,234.3361338705311,2676500
2023-03-03,242.70155334472656,242.78710522757586,237.5682373004615,239.9257588276938,2314700
2023-03-06,241.43724060058594,243.07229987904066,239.1557699589097,243.0247662187481,2317100
2023-03-07,233.98440551757812,242.16920229711292,233.80378632358457,241.50377461284904,3018400
2023-03-08,236.43699645996094,238.7089660420461,234.56428349212771,235.7430514760399,2068600
2023-03-09,229.06021118164062,237.77734953899522,228.7274901086314,236.6556162257585,2518800
2023-03-10,215.7991180419922,226.36996729894543,214.64888195035462,224.63984093931262,5767500
2023-03-13,213.6032257080078,217.05396341533037,210.599278290816,211.58792619013204,4885100
2023-03-14,214.52529907226562,218.25170837070579,211.22666365022263,217.6813480372545,3754900
2023-03-15,206.5306396484375,210.25704924856066,202.07226683586512,208.56495546343422,5471700
2023-03-16,207.90904235839844,208.9547103027523,202.78522736588076,205.01916422784294,3555000
2023-03-17,204.3917236328125,206.6636928770891,200.98852023040214,206.6636928770891,7203000
2023-03-20,209.4300537109375,210.91301125306325,205.78919538367325,206.61624055542669,3464200
2023-03-21,213.8123321533203,214.8389981328132,212.56702877701628,212.99480264216308,3074600
2023-03-22,209.0878143310547,215.3998987993615,209.0022624426781,214.0500269302169,2930200
2023-03-23,208.6029815673828,214.17358667905756,206.8538532503635,209.62013218996208,2957400
2023-03-24,206.29298400878906,206.69224062250797,202.614108099694,206.14089661206452,2976800
2023-03-27,207.234130859375,208.14672790968433,203.35561877972694,204.3157349898044,3209500
2023-03-28,209.2874298095703,209.66767005821788,206.95842564982362,207.37668412124168,1802000
2023-03-29,211.98716735839844,212.1963038408749,210.56124470800563,211.74001265421506,1857300
2023-03-30,213.4511260986328,215.1622363233894,212.92829935391086,213.93594912370182,1921100
2023-03-31,217.53878784179688,217.747924354825,213.7933614787773,215.20028247646417,2746700
2023-04-03,218.51788330078125,222.30134175434281,217.55776729405017,218.65096883146907,2242500
2023-04-04,206.71127319335938,218.15668837159973,205.5705378496917,217.59581437730145,4282100
2023-04-05,202.9848175048828,207.1199985104327,201.10260388753355,205.52295778568669,4265300
2023-04-06,198.8401641845703,202.48102185814076,198.62152676703457,202.16731712590126,4180100
2023-04-10,204.8860626220703,205.41840473457472,198.98275122526314,199.83829897675457,3839000
2023-04-11,209.70570373535156,211.89210693282428,205.49447116160297,205.49447116160297,3882000
2023-04-12,209.61061096191406,212.19628496503756,209.0307352221275,211.17911993572594,2385100
2023-04-13,210.72286987304688,211.20767840369,205.9602929377412,209.0783096367207,2909100
2023-04-14,212.63357543945312,214.67740657716243,210.5042069305092,211.97766321461708,2246900
2023-04-17,214.11656188964844,215.71358838123672,213.22298132663477,213.89790996109073,1751800
2023-04-18,214.0785369873047,216.2649548161638,212.99483625546833,214.420759034476,2567100
2023-04-19,213.55569458007812,214.03100217051252,211.42632585828343,213.69829556035035,2078400
2023-04-20,211.29322814941406,213.14692474434702,210.01939285640245,211.43581461624132,2826800
2023-04-21,210.52862548828125,211.2167848581654,207.88112387314294,210.91092976756204,2712500
2023-04-24,213.54884338378906,213.79735426656154,210.77710117050017,210.77710117050017,2790700
2023-04-25,208.96116638183594,213.35772417716257,208.61708667750827,212.5262043016933,2505600
2023-04-26,206.62901306152344,210.64326540657305,206.56210180685375,208.10090024058593,3254700
2023-04-27,204.85133361816406,206.52394048966667,195.01639704670305,201.17159266726853,7711100
2023-04-28,209.1235809326172,210.8057397468664,203.580082803338,203.80947406235958,4669500
2023-05-01,207.6613006591797,212.14388908798009,206.9540216966742,209.6397479193098,2876400
2023-05-02,205.63502502441406,207.50835080218758,201.27669251837716,207.50835080218758,2858000
2023-05-03,206.10333251953125,209.47721730093645,205.35782914247102,206.10333251953125,2635100
2023-05-04,201.0760040283203,207.33632031920578,200.07243708771392,206.49524800682713,3211000
2023-05-05,205.5776824951172,206.14158635810122,203.0066448958521,204.14401970747988,2716600
2023-05-08,205.29092407226562,208.46410435449417,204.18223605758,206.86796171276006,2414100
2023-05-09,204.04844665527344,205.86441364790414,202.57654472383985,204.28739044819704,4111900
2023-05-10,203.7425994873047,206.43789257612957,200.8943934489077,205.90264620872398,2446100
2023-05-11,200.7415008544922,200.98044469825405,199.20270191730683,199.75705338491133,3263300
2023-05-12,200.27313232421875,203.15002505784136,198.7343336432495,202.3471773766328,2172600
2023-05-15,201.9457550048828,203.87642517799785,199.90039646361342,201.00909930235068,1925600
2023-05-16,198.03662109375,200.97085799614345,197.89326064547802,200.76058628269632,2771500
2023-05-17,202.7198944091797,204.38293366629952,199.42245881184917,200.02460176161733,2897400
2023-05-18,205.2240447998047,206.1224757892345,200.93260905445308,201.66856001574772,2643600
2023-05-19,205.28138732910156,210.16539897128172,203.53231703936882,209.75442265352677,4402100
2023-05-22,204.7843780517578,207.5561347325792,202.51919561685648,204.77482555050324,2540600
2023-05-23,203.3029327392578,205.74014763463987,202.00307798920093,203.7712532155767,2298300
2023-05-24,200.426025390625,203.08307886718174,199.96725744939857,202.44271133272798,2964000
2023-05-25,200.6936798095703,202.42363065189656,199.37471990205773,200.4165114083023,2243600
2023-05-26,202.43316650390625,203.84770955027614,200.9134876145242,202.37582233207607,1973900
2023-05-30,200.61720275878906,203.47497577315042,199.0401795586597,201.84059381216778,2885900
2023-05-31,196.65072631835938,201.45827389225582,196.50736588731698,199.88125081490702,5937000
2023-06-01,199.82391357421875,201.25757627025772,196.9279015109666,198.49537214194368,2989100
2023-06-02,216.60733032226562,217.70646592848504,204.54543782222763,205.44386881081056,8358200
2023-06-05,212.63131713867188,216.95142527303707,210.987382572072,216.95142527303707,3438400
2023-06-06,216.6551055908203,218.17479917428525,211.65640560316774,212.04827691769518,3230100
2023-06-07,225.1328582763672,225.90703387900143,216.27281781338877,217.73515274813622,5586400
2023-06-08,224.08148193359375,225.83055221545197,221.49133943333453,224.1674981972987,3546800
2023-06-09,224.63584899902344,225.38135250459973,221.195052370231,225.27621664694294,2488500
2023-06-12,227.37890625,228.32512891495344,223.00146882184026,224.82698830582194,3644200
2023-06-13,234.58544921875,235.7706010410458,229.0801751601902,229.46249396090744,4335100
2023-06-14,232.55921936035156,237.33809516916392,230.88661282726724,235.88531283977292,3122400
2023-06-15,236.71685791015625,237.39546476461712,232.71215722013162,233.20916444097733,2743900
2023-06-16,234.42298889160156,239.79444088319443,234.1362534129674,238.37033057582715,5261200
2023-06-20,230.4851531982422,232.46361460118482,229.91169690438176,231.61297536891712,2979800
2023-06-21,230.8005828857422,234.413411844682,227.5031614814999,228.2773370321339,2892500
2023-06-22,226.8436737060547,230.3226947163193,225.51514681272766,229.60586334400676,2421600
2023-06-23,224.0719451904297,225.42914425445014,221.05169199129958,224.0719451904297,3354000
2023-06-26,226.470947265625,229.02286548595148,224.73144385822965,225.04685144734503,1748300
2023-06-27,230.0455322265625,230.18889267110728,224.91302413625172,226.9774874575564,2283000
2023-06-28,231.17333984375,231.34538696109846,227.3406865935971,228.70743811088343,2200100
2023-06-29,233.4385528564453,235.94267935043328,230.69546796542525,231.24026685950702,2070000
2023-06-30,235.16848754882812,236.00955979582469,233.10400964589007,235.66549472930697,2377900
2023-07-03,236.39187622070312,237.40499557464426,234.42298168999156,235.07290180988898,1045700
2023-07-05,234.00247192382812,236.55439026264526,233.32386503380292,234.16495197716398,1820600
2023-07-06,229.94041442871094,233.08490862574857,228.2773602215398,232.01444499849714,3079700
2023-07-07,234.33694458007812,236.84108539342068,229.4911721469697,229.56763590914525,2903900
2023-07-10,237.80642700195312,238.33210628277823,233.29516685664512,233.69659069364639,2771900
2023-07-11,241.6677703857422,243.2161215763932,238.79087763771471,238.79087763771471,3293300
2023-07-12,242.38458251953125,246.24592227098424,240.3201047069111,244.19099695958104,2986200
2023-07-13,244.54464721679688,245.11810359570313,241.5626332113616,243.30213651987472,1949400
2023-07-14,244.31524658203125,245.1372284032782,241.72510401404054,245.1372284032782,1936800
2023-07-17,246.07383728027344,247.4023786061846,240.86486615182636,243.02492710799737,2674500
2023-07-18,252.1430206298828,252.4775477402882,245.5672834358616,246.23633765667236,3832400
2023-07-19,252.37359619140625,252.5368955259758,249.44405713279002,249.86668319737876,2771900
2023-07-20,250.77914428710938,254.9189333053944,250.15481966556686,253.7375266878701,2102300
2023-07-21,247.47499084472656,251.42269572996676,247.34053490712327,251.41308126571258,2249900
2023-07-24,249.12705993652344,252.07582777036887,247.9072248164865,248.0993089097606,2195300
2023-07-25,251.71084594726562,253.45897838822276,249.19431845940468,249.8282575636768,2016600
2023-07-26,248.11854553222656,252.1718922933658,247.0907944735919,250.24126096241162,2622800
2023-07-27,248.0993194580078,250.78876068970249,246.67778572025819,248.74287301319364,2284400
2023-07-28,250.14520263671875,252.5945167132783,248.76206815669218,249.66494842316482,2101200
2023-07-31,254.697998046875,254.73639727384148,251.32660454399198,252.37355507037503,3568700
2023-08-01,277.250732421875,277.3756031987339,259.8175115396412,261.97865535096906,11823200
2023-08-02,276.2134704589844,282.2742774967707,274.7919071511314,276.38635497534034,6288300
2023-08-03,270.3351135253906,276.56880395244195,269.95088669754114,274.2635895473024,4743500
2023-08-04,265.52288818359375,272.3040737058456,264.48552291644603,272.0159329718512,3888200
2023-08-07,270.52716064453125,270.824915876736,264.9946526909957,266.1760591567152,2438200
2023-08-08,271.71820068359375,272.7363371127216,263.92846331086656,267.0213011368172,2519500
2023-08-09,273.2934265136719,275.7811395030816,272.6691019786657,273.41829728315054,3088600
2023-08-10,272.6115417480469,276.29989103620466,270.0853995896141,273.2550660570076,2647100
2023-08-11,273.95623779296875,274.7438618044132,271.4492953449305,272.7267880753649,1874100
2023-08-14,273.30303955078125,274.32117600252855,270.1621586537458,272.8419850148932,2194000
2023-08-15,266.4161682128906,271.47806544272447,266.1087985383791,271.36277983049354,2593600
2023-08-16,263.66912841796875,270.58477021297756,263.2560875941045,266.0607845744326,2831300
2023-08-17,264.3031005859375,268.51010261641994,263.81323193817076,266.0800176172694,2534700
2023-08-18,262.9872131347656,264.8025882528694,260.40344294874916,262.2284325317295,2533000
2023-08-21,261.9786376953125,265.33080226789366,258.184618201718,263.8996542870288,2207400
2023-08-22,259.5293884277344,263.3041795069053,259.0203201344548,263.12168056097573,1668800
2023-08-23,262.24761962890625,262.9488013463858,258.48241362614874,259.62542102096484,1677800
2023-08-24,258.6649475097656,263.84210279870973,258.5689201021868,260.8741348195938,1433600
2023-08-25,261.796142578125,262.8142790415377,258.2134360300564,260.79720572844917,1291700
2023-08-28,263.9381103515625,266.06082569931164,262.2572206585163,262.69904631321924,1550700
2023-08-29,268.97119140625,269.06724811777286,262.6318295068478,264.1398348718175,2065800
2023-08-30,271.1803283691406,272.6018913782108,268.7598577116986,268.9711707358524,1431000
2023-08-31,270.0277404785156,273.56240447723366,269.74918482545627,272.4386260254826,2579000
2023-09-01,274.9455261230469,275.73315003634673,272.4481984512417,273.5527772351969,2336600
2023-09-05,270.5079345703125,277.98068734615,270.2678075154175,275.0319200770669,2515600
2023-09-06,271.7278137207031,273.23581890606755,268.02026545911565,269.34577170804033,1688900
2023-09-07,270.31585693359375,272.28491663144706,266.68513655614373,269.8356027603205,1593200
2023-09-08,271.13232421875,272.19850384118615,268.09711399786096,270.4503714264047,1240100
2023-09-11,270.91131591796875,273.744826726583,268.8942722235739,273.3222007894531,1515300
2023-09-12,270.6808166503906,273.466284600364,268.769414690086,269.1920406480003,1587300
2023-09-13,265.02349853515625,271.5741437412457,262.24761510636193,269.1440585892147,2119300
2023-09-14,271.4012451171875,271.99675562194807,266.8580299338662,267.9818376343001,2660500
2023-09-15,268.1259460449219,270.73853037768316,266.37781351300504,270.73853037768316,4940900
2023-09-18,269.84521484375,271.5837325906745,267.8377559346601,268.0394544781871,1363200
2023-09-19,268.6253967285156,272.304130997628,266.6851510034529,269.0191793770304,2313500
2023-09-20,267.6071472167969,275.2816268551886,267.09807909715624,270.38302969102773,2380300
2023-09-21,261.287109375,265.30202761329934,260.87409778138357,265.30202761329934,2277600
2023-09-22,262.27642822265625,264.23587361740323,260.8836792812526,261.26790610121975,1707800
2023-09-25,263.4386291503906,263.976511511104,259.4045114450404,260.05765012413656,1257400
2023-09-26,258.8761901855469,262.62219605931494,258.5208067994193,260.4418234270388,1756400
2023-09-27,261.9402160644531,263.40020747259115,258.56885178949733,260.29775504268554,1991600
2023-09-28,265.3308410644531,267.26147240138795,261.46960770297477,262.68944286461914,1994700
2023-09-29,262.21875,268.51006725856234,260.6435024135715,268.05862721244057,2257800
2023-10-02,260.9893493652344,265.8783337113609,259.56778634948336,261.8730300101371,1778200
2023-10-03,258.3479919433594,262.7759223930723,256.9744717195235,260.49952176600556,2187900
2023-10-04,254.56353759765625,257.24336421499873,252.40239371872616,256.93599449502176,2970100
2023-10-05,250.50059509277344,255.43762265598517,250.14521165191815,253.47817718659758,2639300
2023-10-06,255.53366088867188,257.819675552272,248.07049192075502,251.24018720270095,2293400
2023-10-09,260.58587646484375,260.8836316773127,254.19850246568373,255.53362300294842,1640800
2023-10-10,262.42047119140625,264.2358459950879,261.0949650132999,261.8825888745497,2009000
2023-10-11,262.05548095703125,263.5731005691616,259.24119851872945,262.7278485288442,1538200
2023-10-12,258.962646484375,262.98717888286046,255.67772428763018,262.98717888286046,1910500
2023-10-13,257.3586120605469,263.121662214661,255.59128019743855,259.80789665108983,1918300
2023-10-16,260.0960388183594,263.15044803709867,258.9338027238217,261.37350190123567,1678600
2023-10-17,261.8825988769531,264.67768172615354,257.97332281102626,257.97332281102626,2110100
2023-10-18,248.98300170898438,258.3767731822987,248.53156156475757,257.89651895705276,4257100
2023-10-19,242.9029541015625,249.73216900166346,241.81757498476546,247.7247100837136,3850000
2023-10-20,240.59548950195312,244.73737039470214,239.59140564633478,242.63263491091712,3103500
2023-10-23,238.78042602539062,242.92229240972236,238.04665823368305,239.079719842776,3193200
2023-10-24,240.93341064453125,243.02848198711882,238.7128232953982,241.60923773376504,2304600
2023-10-25,236.4825897216797,242.11129029058637,236.0577799078866,241.24235710821165,2542400
2023-10-26,234.05923461914062,238.21076476623927,232.10899291323332,237.05220198219257,3859200
2023-10-27,230.32289123535156,235.49781934665907,229.64706409490458,234.65786381009832,3229900
2023-10-30,233.798583984375,235.18886531342795,230.9214682826692,232.62070756570105,4478300
2023-10-31,218.24484252929688,222.57980027506113,216.0339044734244,219.78958813974356,12093300
2023-11-01,223.8252716064453,224.6169506182657,216.18838809656282,217.33730160023518,4932800
2023-11-02,230.86355590820312,231.31732872230654,224.8390227710463,227.65819797301043,7749900
2023-11-03,232.43727111816406,235.80677206528122,229.95600221185003,233.17102417832498,3929500
2023-11-06,230.05255126953125,234.53233850700894,228.19884772973975,233.1710201360613,2891500
2023-11-07,226.8085479736328,228.95189574007225,225.5051703742088,226.4802912210601,4074000
2023-11-08,226.71200561523438,229.57944217546304,226.35477117259904,227.8512548180005,2532500
2023-11-09,226.0651092529297,231.01798196072812,225.74651667357557,229.24151822383763,2708800
2023-11-10,231.40420532226562,231.85797811223904,226.51892182026347,227.21406248865145,2525200
2023-11-13,233.32550048828125,234.9088731919244,230.63184142932434,230.63184142932434,3035700
2023-11-14,239.3017578125,240.93340694483297,236.24121503745354,238.23008389748352,3441800
2023-11-15,242.42027282714844,244.19673712575852,240.0162578494198,240.9044899987248,3739900
2023-11-16,239.63970947265625,244.18707240478318,238.08529962583563,241.85063292835648,2625000
2023-11-17,244.3318634033203,245.4807620374537,241.36785902319153,241.45474791677788,2792500
2023-11-20,241.80233764648438,244.1677399085341,240.0741501191039,243.88775965162398,2661400
2023-11-21,240.7982177734375,241.22302753307378,239.74585751647194,240.82718073596507,1765500
2023-11-22,237.515625,239.079698759393,233.46064787535266,233.48961084016318,3593700
2023-11-24,238.81903076171875,240.30585038925074,238.18181603623677,238.23009255760832,982200
2023-11-27,238.8479766845703,239.64931973999293,237.81492991417966,238.43283104063596,1743300
2023-11-28,238.95420837402344,240.27689968191766,237.51565046254078,239.1859268492737,2149900
2023-11-29,240.83685302734375,242.8933119537228,239.7362161509561,241.0589073384598,2224700
2023-11-30,242.0630340576172,242.81610070630325,239.282471212052,242.37197730049826,3210500
2023-12-01,247.89447021484375,248.55098375940483,242.34299439270967,243.21192757641953,3731500
2023-12-04,245.95384216308594,246.7069086857575,243.70429200569663,244.81459296845316,3028700
2023-12-05,246.378662109375,248.31926915566856,245.01734382685493,245.01734382685493,2682200
2023-12-06,247.13174438476562,251.99772906062898,246.7455616722992,247.93307277653713,3632600
2023-12-07,248.5220184326172,250.42399843618583,246.97725816420055,248.32891235012082,2162500
2023-12-08,250.53985595703125,252.60597912375752,248.12617719058585,248.4930610773019,3258200
2023-12-11,251.91085815429688,253.18525825008217,250.53987554368058,250.86813234591727,2898300
2023-12-12,252.40322875976562,253.42662628018073,250.17299176113892,251.0129473237575,2375700
2023-12-13,258.71734619140625,258.96837815856645,250.32739821291676,252.37419266064958,3708300
2023-12-14,275.32354736328125,275.60351291150295,261.2083279125313,263.0427475118034,6464100
2023-12-15,275.87384033203125,276.94552910894396,270.31274405674924,270.42859593233885,7321200
2023-12-18,275.8448486328125,278.9054061921895,274.74422646549095,276.8392830798549,2691700
2023-12-19,282.844482421875,282.91207248864845,276.2792889351315,276.89717528661606,3659600
2023-12-20,279.70672607421875,287.9711593452018,279.52328414125355,281.85007387594595,3818400
2023-12-21,280.0542907714844,280.6915054190919,276.7041038983065,279.89014767249597,3209300
2023-12-22,280.3342590332031,282.7189745482509,278.9343431941374,280.2859972491779,2833800
2023-12-26,285.4223327636719,286.8319128470217,280.95219518449284,281.5218198108887,2019000
2023-12-27,287.8263854980469,288.82082005650676,284.5534521314089,285.4223706690386,1876500
2023-12-28,286.629150390625,288.86905108216314,285.8181579603471,286.84155527454413,2267400
2023-12-29,285.4609680175781,287.9422073509191,283.0762522620223,286.60021730287804,2300600
2024-01-02,282.6031494140625,286.39747473310143,281.2901223404119,283.2982900600691,2433100
2024-01-03,274.4835205078125,278.95365802019325,273.5373773469226,278.43232465295404,3043400
2024-01-04,276.221435546875,278.2682306609234,273.9911984684679,274.589786156857,2995400
2024-01-05,278.9537048339844,280.95223813534454,275.6131813177185,276.3662479939601,2684800
2024-01-08,282.1590270996094,282.57417274566035,275.3910629065298,277.63096370880703,2369100
2024-01-09,282.19769287109375,282.26525348832723,278.0558115943406,279.2433522300122,1974500
2024-01-10,283.2210693359375,284.379617453201,281.39631406525865,282.0624917548222,2048000
2024-01-11,281.9755859375,285.39336307925953,279.4170925185508,284.4278916408749,1941400
2024-01-12,280.3825378417969,285.6153760506931,278.95362963909173,285.07471445266356,1955600
2024-01-16,277.3124084472656,280.18949485643685,275.7386850808203,278.90543063803926,3140100
2024-01-17,269.00933837890625,272.2822715597423,267.3776891284508,269.20241500749944,3789200
2024-01-18,272.1664123535156,272.7746641180873,268.0728225859063,270.3513212033184,2479300
2024-01-19,276.70574951171875,277.4816932259674,270.5660142117585,273.8347222485726,3116000
2024-01-22,279.99383544921875,281.85611193796177,277.5010714821684,277.5010714821684,2072200
2024-01-23,280.1490478515625,284.0773407097461,278.8784229656797,281.7688681383389,1866300
2024-01-24,281.9434509277344,283.81543664737745,279.6737844240648,282.09864559469764,2765900
2024-01-25,291.7301940917969,294.1938613886401,284.3198335679198,285.1636805395819,4647100
2024-01-26,290.430419921875,293.87374000964877,289.68357345343156,291.95323960462804,2920500
2024-01-29,294.13568115234375,294.5721680345928,288.51001467201354,290.03280510042117,2101400
2024-01-30,295.6002502441406,296.54109744977455,291.4779867473526,291.4779867473526,2150200
2024-01-31,291.28399658203125,296.5604964169715,290.91541297880065,296.38591353134234,2813000
2024-02-01,298.44219970703125,298.8107833211432,292.8650193154057,294.12593521597927,3196300
2024-02-02,305.6197509765625,307.83122283302964,296.8029606961599,297.77290501216044,4661500
2024-02-05,311.7401428222656,324.8052958530729,306.41515722096494,324.8052958530729,6557500
2024-02-06,313.0205078125,317.58893837609816,309.48021610864396,313.4763829371297,2825700
2024-02-07,313.86431884765625,317.9671944988419,311.44916665601255,313.2338608795979,3203000
2024-02-08,312.3221435546875,316.61899078584145,311.7595887426287,314.9119085145316,1986100
2024-02-09,307.6275634765625,312.64215935089356,306.0853554625815,312.3220907292706,2823000
2024-02-12,311.9632568359375,313.3793675294804,306.9971456911646,307.67608908653244,2483600
2024-02-13,303.4374084472656,306.50243636293754,301.44903422872386,306.29875632307414,2923200
2024-02-14,307.1911315917969,308.2968825921862,304.5334929843723,306.5121881638086,1887100
2024-02-15,313.3598937988281,313.49567060071365,305.97860271485524,306.4538955223277,2362900
2024-02-16,312.23486328125,318.43279375489396,311.7789881446628,313.9904606029167,2513200
2024-02-20,304.3103942871094,309.41231210299134,303.3404497350624,307.72461805454435,2701600
2024-02-21,307.6081848144531,308.2677399100662,303.4956003822119,303.4956003822119,1779700
2024-02-22,312.4093933105469,313.65092097866756,310.71199058301875,311.3521574494433,1875800
2024-02-23,314.1456604003906,315.30957615504803,312.3706452140071,313.2921044200925,1575000
2024-02-26,315.60052490234375,317.4046073427359,312.56459408564126,313.92251037416577,1650000
2024-02-27,317.7828674316406,318.0932567231395,314.0388669037711,317.1524095335255,1640900
2024-02-28,319.6549072265625,321.7111848316285,317.1621427561153,317.5501442366129,1471000
2024-02-29,323.9226379394531,324.82470876783367,320.17866659714355,321.0516106758891,2699800
2024-03-01,326.580322265625,327.61814037569553,323.5734884206383,323.9614602973302,1815500
2024-03-04,328.4716796875,330.0333056328464,324.72770834585447,325.51336097662164,1551000
2024-03-05,323.50555419921875,328.80144232941024,321.76934543699144,325.33876332141233,2030000
2024-03-06,325.54248046875,327.5793698588291,324.1166608557304,326.1438413285999,1542300
2024-03-07,329.9944763183594,332.0507536565043,328.2582675996847,328.3358797258524,1732500
2024-03-08,328.9954833984375,334.14588642051905,327.93824742595683,331.7889283460799,2307400
2024-03-11,324.9023132324219,328.04492396819734,321.5657017547819,326.87129940088175,1868000
2024-03-12,327.10406494140625,328.21952476679724,322.73931480838274,325.2029820604558,1645900
2024-03-13,331.2554016113281,332.7879303431325,327.2495560941996,327.97701439591134,1818800
2024-03-14,331.6434631347656,336.41557388233656,328.7530176361888,334.1943925106102,2110200
2024-03-15,336.5416564941406,336.85204584942767,330.89657219633494,332.66187835412705,4406000
2024-03-18,341.3234558105469,342.7201782265779,337.4048718322178,337.6182608013435,2528200
2024-03-19,343.26336669921875,343.3603670732659,339.11200525308175,341.0325060979256,2207600
2024-03-20,345.7366943359375,347.4146792091263,337.676458713953,340.5668740910547,2563900
2024-03-21,353.6029357910156,354.2237144286948,345.99857508157334,346.92003412176757,2616300
2024-03-22,347.3467712402344,354.53406272104917,347.1042851427724,353.6417304585873,2052000
2024-03-25,345.251708984375,348.0839299574431,344.3593471433277,346.23133266598376,1774800
2024-03-26,345.67852783203125,348.78233241137895,345.3002352762261,345.7464014494382,1637200
2024-03-27,353.69024658203125,353.8454412499394,347.12373314810264,347.9384829543535,2262800
2024-03-28,355.4167175292969,356.1829818893889,352.60388470407713,353.66112054250596,2028600
2024-04-01,352.8075866699219,356.87165630532576,351.7406714494635,356.4351990606898,1953800
2024-04-02,353.8648376464844,354.0200323179727,350.61554726337977,351.42058817134625,1968900
2024-04-03,364.4953918457031,364.7669750769106,353.64171231221127,354.50494738269686,2623700
2024-04-04,358.6757507324219,369.57791640045343,357.79309776956694,366.02791631701143,2492200
2024-04-05,367.89990234375,369.54881967852026,360.615639963367,361.3042922053774,2068300
2024-04-08,362.24517822265625,370.5285126464834,361.682623429633,367.71564988029485,2690000
2024-04-09,360.7222900390625,365.8242066817721,354.52436116886616,363.7582205249227,2042700
2024-04-10,360.8872375488281,361.42069515460906,353.4380712989327,355.19366838021483,2148500
2024-04-11,360.7999267578125,362.1481340748638,355.87259265433715,361.4303846945784,2535700
2024-04-12,354.6407470703125,361.63403734149523,351.7793994812288,357.5602889506686,2072900
2024-04-15,352.97247314453125,363.2053748110279,351.2265554495368,361.76016711490513,2171000
2024-04-16,349.0635986328125,352.5359865927357,346.44473688847705,352.1092086847647,2513900
2024-04-17,347.5505065917969,352.0025481185904,342.2740063525551,351.7503530864553,2313800
2024-04-18,347.1722106933594,352.5554201636161,345.46512858562346,350.295433013651,2380700
2024-04-19,345.25445556640625,351.3776537090252,342.801296411258,348.78819308001897,2929600
2024-04-22,348.1262512207031,352.3998436956506,343.8721473636655,346.65631627320204,2085400
2024-04-23,353.6166687011719,355.8264579730312,349.5183255391481,350.4528581759721,1810700
2024-04-24,353.8794860839844,358.4061924540831,349.3820126377048,354.29810511806585,3032700
2024-04-25,329.03631591796875,332.8718303795904,321.55999492295086,321.6768077965826,6459600
2024-04-26,334.2735900878906,336.3373630761661,329.3574979256455,329.46459618128455,3324600
2024-04-29,340.52337646484375,341.6429025087536,334.8577440397297,334.8577440397297,2171400
2024-04-30,325.6972351074219,338.5471542442478,324.2856771184703,337.8170441896013,4201700
2024-05-01,322.29010009765625,329.5230509244502,321.9688349918881,324.53883700499995,3520600
2024-05-02,326.5441589355469,327.24506577830823,320.5183148909295,324.6750641187652,2492000
2024-05-03,327.8194274902344,332.55052657133353,326.09637838815297,329.1238872744254,1977100
2024-05-06,333.02752685546875,333.4655750475038,330.6911807065226,331.8301357140668,1653900
2024-05-07,335.8506774902344,339.29680580366403,334.2931031892076,335.33473415952176,1965600
2024-05-08,335.3638916015625,337.0869406689559,329.75663676654654,330.98323118877,2260300
2024-05-09,342.45086669921875,343.52170087066264,336.26926143103935,336.746286935017,3208900
2024-05-10,345.3810119628906,348.0288790152904,344.14467322631026,345.58543446496697,2210600
2024-05-13,347.22088623046875,349.0412893233518,344.9721495029949,345.3907388296272,2051200
2024-05-14,348.68109130859375,351.0466407959719,347.5615951473792,348.23329878575885,1563400
2024-05-15,350.4917907714844,353.6750600693517,348.62269586919393,351.8838602132951,1913900
2024-05-16,341.41888427734375,349.255385877354,340.3383061002992,347.2889671019778,2821700
2024-05-17,346.82177734375,346.95807883060746,342.23669395728103,343.60930459313,2104300
2024-05-20,353.12994384765625,354.76538345968413,345.36156112813666,346.9483386132889,2247900
2024-05-21,349.54754638671875,353.60694222872104,348.0191753259347,352.65295063551855,1841100
2024-05-22,346.5005187988281,349.6740735196529,343.2101512160783,348.99262554741557,2104200
2024-05-23,341.3995056152344,351.75731911848834,339.54015493582096,350.8422453870858,2749200
2024-05-24,339.6472473144531,344.52439278788614,337.48612000910197,343.28808358708625,2635200
2024-05-28,337.28167724609375,339.96849203434607,335.26656615490447,338.7711007247429,2264900
2024-05-29,329.1433410644531,336.15240964035746,328.7636992752297,335.85063318719745,3040000
2024-05-30,330.2530822753906,335.4125142714109,329.493769081481,329.493769081481,2745800
2024-05-31,329.5424499511719,331.8496225834391,326.17421735658047,330.34071070790975,8319400
2024-06-03,322.5724182128906,332.34616875122873,317.1112079853719,331.8302253801356,3878600
2024-06-04,318.88287353515625,321.56965832569256,315.8942825914442,319.9926253662301,3706600
2024-06-05,320.71307373046875,322.4847851711989,318.03600309735384,320.7422769490451,2616300
2024-06-06,319.58380126953125,322.2511273280492,318.4156132263048,321.462610796761,2452100
2024-06-07,320.2165222167969,324.05203589694753,315.1349552913551,317.54919645146725,2499100
2024-06-10,320.8687744140625,323.1077965591226,319.72981928784924,319.99264823045473,2640500
2024-06-11,318.6297912597656,319.92453651921335,315.14474533161746,319.0678692184599,3247000
2024-06-12,320.01214599609375,326.28136064829727,317.3545344451846,324.314911697653,4817300
2024-06-13,317.7049560546875,319.1944091504842,312.9251948335543,318.8147376456916,3183900
2024-06-14,312.9446716308594,314.1225743189724,307.4737178254129,312.86680628884454,4195300
2024-06-17,313.8499755859375,315.2517892944829,310.4233363585236,312.94464623074293,3198900
2024-06-18,316.5173645019531,316.9651570728312,312.48714223927715,314.4827647534523,3275300
2024-06-20,320.40155029296875,322.31930751907475,315.9721974569073,316.43947865854653,4463300
2024-06-21,319.14569091796875,321.7838134929254,317.5297104958477,321.7643545872082,8265100
2024-06-24,321.2484436035156,324.8211287600722,317.42267381421885,320.62540205898836,2447300
2024-06-25,318.7173767089844,320.73248763275546,315.76773321365107,319.31121501438406,2990400
2024-06-26,318.0652160644531,319.01920770602584,315.1934374139715,317.59793484465064,2198600
2024-06-27,318.7757873535156,320.4988661552896,316.0597992463471,317.38371793121354,1995100
2024-06-28,324.2662353515625,325.32732512207707,319.6130015456586,319.79796514593926,8891500
2024-07-01,320.35284423828125,326.39817753990326,316.7412410924515,326.2229285294051,2950200
2024-07-02,319.06787109375,321.3360668258084,316.9456617377716,319.30149682868966,2119800
2024-07-03,321.8422546386719,322.62105657517367,319.5546000776044,319.5546000776044,1352200
2024-07-05,319.6422424316406,324.5972532833818,317.96785523215516,322.77684998969164,2280900
2024-07-08,320.3333435058594,324.42197160719576,318.4642784428082,321.59885569004496,1913400
2024-07-09,317.4129333496094,321.3652603572605,317.1890222215357,319.8271748015011,1896100
2024-07-10,319.76873779296875,319.76873779296875,313.11013781025366,317.4518505186629,2904400
2024-07-11,322.3485107421875,325.56098359226144,320.5670252988715,321.24847333773994,3016400
2024-07-12,326.6902160644531,329.2602180470003,324.587495271894,326.06720418606045,2451300
2024-07-15,336.6002502441406,338.6737678985244,328.88055910866547,330.1071537117115,3394300
2024-07-16,351.0174865722656,352.6724148386038,336.10379209872434,337.6321334741914,4637000
2024-07-17,348.3111572265625,353.07148902969726,346.75361288088015,349.4501419803031,3061000
2024-07-18,346.588134765625,359.43808456031763,346.3155615134106,347.0456716220123,3876300
2024-07-19,338.410888671875,347.035908015222,337.49581500998767,345.9261561601541,3462700
2024-07-22,340.0237121582031,340.86433018345605,333.6801050568799,340.1507847527731,2659600
2024-07-23,336.4071350097656,340.7958518997833,333.68005611087426,337.93194626244303,2027800
2024-07-24,328.46051025390625,337.0424731325645,327.8838214869031,335.21465640019585,2835800
2024-07-25,336.5341796875,340.3462376703105,326.4176514647527,327.94246272617954,3291300
2024-07-26,342.5748291015625,344.9793347107214,339.0560222166684,340.77633443355995,1894900
2024-07-29,336.7590637207031,343.45456672501115,335.39064693416725,342.28162100555255,2190300
2024-07-30,334.01239013671875,337.92216877353894,330.98230572733434,335.90863516191604,1970800
2024-07-31,338.391357421875,343.07329592430494,333.1620224601497,337.5605234847187,2568100
2024-08-01,324.04241943359375,341.9394274733269,320.68000766081593,338.48904926704074,3747900
2024-08-02,313.6326599121094,316.10559368217247,310.4950709394053,315.4702606258467,4246700
2024-08-05,309.65447998046875,313.34921988397815,300.1243938183992,302.03042298251154,4681300
2024-08-06,319.07708740234375,324.6778569239319,303.49661468407425,306.96653184135545,5071700
2024-08-07,318.45147705078125,327.6199132742145,317.1319505454657,325.9875973002595,3011700
2024-08-08,328.5777893066406,328.84168861733485,320.2206198504117,322.55672682637254,2268300
2024-08-09,330.6304626464844,330.8650398354256,324.9808333219326,328.4214280198021,1668100
2024-08-12,328.45074462890625,332.1845905792245,326.075561143198,330.63045707020876,2127600
2024-08-13,331.15826416015625,331.862025562258,326.202642025821,329.5748084627388,1503800
2024-08-14,329.9755859375,334.0808660227922,327.0530355354206,331.94025952779316,1610900
2024-08-15,337.8440246582031,339.7989141984193,333.1034115573294,336.72972330224127,3232600
2024-08-16,335.73272705078125,338.03948229864784,333.0740761884332,337.46279348668116,2483800
2024-08-19,336.8763122558594,338.2936190125146,335.5567559357399,335.9281896970286,2252600
2024-08-20,335.55670166015625,338.3619925716806,334.1101028186943,337.218369324757,1479500
2024-08-21,335.2342224121094,337.8049068413354,334.1394890800997,336.8078941195618,1433200
2024-08-22,334.6379699707031,337.35529500917113,334.06128114826635,335.2635489281409,2021400
2024-08-23,340.551513671875,341.6560309625772,335.3319625201963,337.1891014961558,2183900
2024-08-26,343.2394714355469,346.4161665902687,341.06954309053634,341.91991517465976,1718100
2024-08-27,343.20037841796875,343.7868512040342,339.27106146104694,342.4477567372192,1210800
2024-08-28,340.34625244140625,346.43571375957964,338.0394674655152,342.68232973553563,1514500
2024-08-29,343.7087097167969,348.4199710638072,339.65228986345136,343.2981697688486,1664500
2024-08-30,348.06805419921875,348.20488094230177,341.9394570056571,344.6372138498754,2974100
2024-09-03,332.5657958984375,344.6763508038515,330.7673011179172,344.2658108794108,3107200
2024-09-04,329.1545104980469,333.1620398285345,327.72744955453516,330.9530052090093,2782500
2024-09-05,326.03643798828125,328.9003436794176,323.1041040120135,328.44094349663254,2525500
2024-09-06,321.9311828613281,330.98233063197506,320.71916093807374,326.66204161758674,2676600
2024-09-09,326.505615234375,328.77326412434263,325.4597423126817,326.37854265875427,2355800
2024-09-10,326.6228942871094,328.1770276366914,321.96049423836325,327.5514487685807,1869200
2024-09-11,327.4439697265625,327.913153914251,318.7544721521993,325.4890803550606,1934700
2024-09-12,331.9206237792969,333.3477143707868,326.1537066114667,327.7176239356008,1747000
2024-09-13,337.52142333984375,339.3883462762701,332.673306032185,334.6966236984384,2518600
2024-09-16,340.11163330078125,343.5326895882436,336.52442812659,340.4928510337068,1648200
2024-09-17,345.7124328613281,346.5823431696873,341.3627918317934,342.10565938037814,2088400
2024-09-18,347.1101379394531,353.4733121307222,344.37330486215643,346.9928493546038,1990700
2024-09-19,364.889892578125,366.2387710885852,353.1214495861671,354.81243972060935,4066600
2024-09-20,360.50115966796875,363.07184398920424,357.5883637375403,362.0455091616253,5440500
2024-09-23,362.7981262207031,364.55751457343797,358.7026309500478,360.66727431711195,2442700
2024-09-24,377.22515869140625,380.6462145317827,370.9401975493893,371.42891981230025,4024300
2024-09-25,369.71844482421875,379.87410921951596,369.3959012093849,378.2710856496303,2661500
2024-09-26,382.1417541503906,388.26056723899126,377.4891378742388,381.21319962524024,3906800
2024-09-27,382.2590637207031,386.6380267561225,380.3628484279015,382.18088126884084,2683700
2024-09-30,382.29815673828125,383.90118032426176,378.0951565650057,380.5974125481386,2251300
2024-10-01,383.53955078125,386.56960557183527,377.90945960784757,382.4447876303417,2091400
2024-10-02,385.16204833984375,386.735749720958,379.87409908883154,383.1387606059013,1767900
2024-10-03,382.2688293457031,385.11319689210586,379.9522902690565,383.4906351734065,1866100
2024-10-04,388.13348388671875,388.4951336265245,383.01168357959205,387.77183414691297,1675100
2024-10-07,389.26739501953125,392.1215469854728,387.20500079145313,387.5080062957751,2224500
2024-10-08,379.20941162109375,386.0906301924072,376.16957312926104,385.36733070905007,2438800
2024-10-09,387.2537841796875,387.6545400511153,378.7597880939004,379.41468911043904,1757900
2024-10-10,387.6936950683594,388.0064547141874,381.6921700610136,386.2666042743007,1331700
2024-10-11,392.95233154296875,394.4967109676215,387.69370379252535,387.69370379252535,2110400
2024-10-14,385.0643615722656,387.3515786506034,378.1440362108117,384.5169949122829,3006100
2024-10-15,379.2388000488281,383.6177635103193,378.84782809298474,381.8192686500412,2715100
2024-10-16,384.7417907714844,385.69969734770734,378.20268312578173,378.66208334315195,1551600
2024-10-17,385.5921630859375,388.1628475058077,384.2921747162187,386.2372801890766,1561500
2024-10-18,384.97637939453125,387.5079875762127,380.9297735936743,387.31248669224027,3024100
2024-10-21,383.04388427734375,385.6630212269588,381.82747792606125,384.8194130518513,2375900
2024-10-22,381.0623474121094,383.8384710263657,378.3843553699575,382.30818130616,1523900
2024-10-23,378.3843688964844,382.6024699541248,375.40225269616894,379.581137047265,1500900
2024-10-24,379.6889953613281,380.96422675234675,374.9411698079835,379.58110452295,1844100
2024-10-25,378.6197509765625,384.5643444923714,376.99135972548015,382.190416781744,1606800
2024-10-28,383.1714172363281,384.1131570628449,379.99312764698243,380.9937224706043,3213900
2024-10-29,380.1304626464844,382.1806581377759,378.2077663535196,382.0825565005566,2186400
2024-10-30,372.0179443359375,380.86619138343855,360.20724928551795,366.8777417055982,4037500
2024-10-31,369.03582763671875,371.69421122805903,365.65151591724464,370.1639215644051,2394500
2024-11-01,372.4005126953125,375.97117870985284,369.76173737342884,370.87022298387865,1633300
2024-11-04,369.3497619628906,374.2251173792941,368.1529937338212,370.89969012888207,1793600
2024-11-05,376.06927490234375,378.7178693303332,368.49628980102517,369.9481161451964,1724100
2024-11-06,408.94110107421875,410.33404237143714,396.31619723523045,397.4541102300417,4720000
2024-11-07,400.4362487792969,410.530299654798,399.7790246816385,407.0184885191412,3211100
2024-11-08,385.8788757324219,395.3843471571561,384.92734667542686,393.32433240179984,3345900
2024-11-11,388.98846435546875,394.4229413287433,387.487602241181,390.33236985132214,1858900
2024-11-12,385.5257263183594,391.13679873473006,383.70113164876875,390.21469722342175,1737100
2024-11-13,379.6988220214844,383.7501769683257,378.3254889724912,381.5430249457389,2001900
2024-11-14,379.9833068847656,382.74961148260206,378.8552128631623,381.1016116978381,1372500
2024-11-15,376.7559509277344,381.09176167224405,374.9215671561022,378.6393705472994,2165500
2024-11-18,377.13848876953125,378.9434449512842,375.6278374693203,378.64917000615577,1626200
2024-11-19,375.0491027832031,375.95159597688064,370.83100161308516,370.83100161308516,1793200
2024-11-20,374.23492431640625,378.84543208202757,371.2626271634601,376.6971348397932,1859600
2024-11-21,382.1708679199219,384.55458520905097,371.78254139777385,376.60886091195397,1833500
2024-11-22,389.9203796386719,390.57763364889524,380.5032214285152,382.9261551826231,1893000
2024-11-25,397.92498779296875,399.39642250434645,392.3825897007291,392.3825897007291,4398000
2024-11-26,400.0634765625,400.63244809737614,394.1090933541233,395.96308557376005,1796600
2024-11-27,396.01214599609375,404.2717828568214,395.5608844576038,400.62262352570093,1371900
2024-11-29,398.376220703125,403.3594963731564,397.2873733825931,399.57298880311686,1962100
2024-12-02,394.84478759765625,400.3773663712873,393.1575413176154,399.70050403045366,1548500
2024-12-03,391.6567077636719,397.8072943356921,389.0473598413677,395.8355621608629,1716200
2024-12-04,391.9019470214844,393.8246134093459,388.58630920982245,390.9798455021553,1193800
2024-12-05,387.45819091796875,393.7853420834388,386.7028352892001,392.8730597660999,1291400
2024-12-06,387.50726318359375,392.12756013323167,385.26086431097167,390.5678428174028,1331000
2024-12-09,391.6567077636719,401.9076853837056,390.8523162366213,394.87424393545723,1739800
2024-12-10,380.99365234375,387.93881015156296,378.26656494322094,383.2792674744142,2251000
2024-12-11,381.4645690917969,383.89735211471304,380.051989263835,383.04392470540654,1651600
2024-12-12,373.5285949707031,382.44548548823553,372.9105876188043,381.64109401635403,1804600
2024-12-13,373.2637634277344,375.5984446627488,371.6746187044499,373.35204591942613,2034800
2024-12-16,371.7040710449219,375.03931734510746,370.56615784859156,374.49977327793056,1311100
2024-12-17,368.6434020996094,371.67458371105397,366.7109167996352,368.8690328480782,2138700
2024-12-18,356.96026611328125,373.9013736620817,356.1166279777125,371.48822911539924,2820700
2024-12-19,353.5072937011719,362.5321055928161,353.15416372607075,361.4236199436092,2616700
2024-12-20,359.0693359375,364.4155310539371,350.4369005281392,351.67291533323174,5142000
2024-12-23,358.4317321777344,359.3734420940564,354.6157967861289,357.9216156067286,1804900
2024-12-24,360.5701904296875,360.5701904296875,355.75369038838886,357.50961091795466,886000
2024-12-26,360.1287536621094,360.49170278551867,356.94064496476574,358.0981664762919,1097900
2024-12-27,357.9117736816406,360.40341157008584,354.8610133407139,356.46979636777166,1245800
2024-12-30,356.0970153808594,357.87254418481166,351.9083121225723,353.56613094073566,1422200
2024-12-31,355.8517761230469,358.80443472012604,354.9100363642802,356.57767432606596,1168100
2025-01-02,352.9187316894531,361.82583404074023,351.27073184930595,358.54944271458385,1802600
2025-01-03,356.8621826171875,357.53904501436085,352.6440515977751,354.70406628758883,1390800
2025-01-06,357.2643127441406,363.7778473065584,355.6751383190079,360.01097853496526,1590700
2025-01-07,356.0871887207031,359.11834053645174,354.21355832266795,357.19567429084464,1607400
2025-01-08,354.1939697265625,355.96949859207155,350.8881511199122,355.54769448289903,1828800
2025-01-10,344.315673828125,352.9971433862874,343.13851425072914,351.0155924288848,2773900
2025-01-13,355.5967102050781,356.28339168900555,345.1004643017002,346.23837736672624,2746000
2025-01-14,364.4939880371094,364.9157921174519,358.22566207722576,358.52975617574384,2331700
2025-01-15,367.75079345703125,372.70461176439306,367.20143028030446,371.91985854578286,1984500
2025-01-16,373.302978515625,374.1564358044468,367.584015378207,369.14373259750283,1974700
2025-01-17,378.66876220703125,379.48297274785034,374.7253284284269,377.3739225672765,2605900
2025-01-21,392.2063903808594,396.36120388381227,384.76317453896854,384.96009709303127,3144500
2025-01-22,391.4679260253906,394.29361709018616,389.00654464383865,392.5214044677731,1994800
2025-01-23,400.1222229003906,403.2629485083695,391.13325168073834,391.23171296283294,2587400
2025-01-24,401.33319091796875,403.07583824578484,399.0194862423972,399.4625469416502,1938200
2025-01-27,388.87860107421875,393.3681585762797,383.89676726670234,391.0544539314068,2964400
2025-01-28,384.2610778808594,390.74927650390276,380.50993453479504,387.9531504692033,1788900
2025-01-29,387.1556396484375,393.1909220025184,385.0782179851304,385.88555834892406,2675800
2025-01-30,369.1875915527344,374.9275207178599,367.39569838256443,367.73044270344815,4234600
2025-01-31,365.7022399902344,372.1609029929804,365.5447079601476,371.6292361472078,2858000
2025-02-03,355.96502685546875,362.85689595273755,354.1337732032107,358.51504486208324,3079300
2025-02-04,356.35888671875,363.9497801539771,353.85811427283903,363.9497801539771,2709800
2025-02-05,353.3067626953125,357.39265062574003,351.6822566562468,357.2646539600027,2134200
2025-02-06,359.80474853515625,361.8624597998316,356.9199866714965,358.27867402476534,3007000
2025-02-07,358.2590637207031,363.82178081485637,356.97912710284396,363.5461072434378,1804800
2025-02-10,357.6092224121094,360.58256066232343,355.9650062309994,359.6866141260495,1944400
2025-02-11,356.6345520019531,358.79072491939695,355.4038610694471,356.15210072501833,1516900
2025-02-12,346.6019287109375,353.3854809509633,346.01119110251506,351.4853015179816,2833100
2025-02-13,348.2362976074219,352.0661919380141,345.00696599408104,347.12374826309616,3547200
2025-02-14,347.8622131347656,353.3363244663142,347.35022643357684,351.09154521557963,2045300
2025-02-18,348.53167724609375,351.41640962351977,345.6863053458517,349.9789710059962,3120200
2025-02-19,347.5470886230469,348.3839643924199,344.18976045035555,346.4345393110035,2211000
2025-02-20,343.7565612792969,351.3376289131758,342.08283975553985,349.51620045088924,2174100
2025-02-21,334.787353515625,346.5625969772665,332.3850422010664,345.1153031119067,3225200
2025-02-24,333.68463134765625,340.1137596051851,331.0361820456904,338.0855833432867,2513300
2025-02-25,337.07147216796875,338.9126110880298,331.1838658284972,335.73249482192375,3323500
2025-02-26,337.28802490234375,343.39226319309654,334.866033858845,340.1137161736142,2397800
2025-02-27,334.7478942871094,341.5610117087935,333.2316748235895,338.34150537831215,1971000
2025-02-28,338.63690185546875,339.57220886148275,333.50736082682283,336.6973318995042,3210300
2025-03-03,326.910888671875,342.77201833166924,324.93192811950314,342.26006174154617,2569700
2025-03-04,321.70257568359375,326.7927260616226,313.7572286537953,322.3327037964555,3500200
2025-03-05,333.26123046875,334.2654934422316,323.5732356033692,324.0359765695788,3189100
2025-03-06,335.74237060546875,336.62846214437633,327.3834966366094,330.0910169225963,2234100
2025-03-07,344.8888244628906,346.68071772134726,334.15720524332914,334.15720524332914,3063800
2025-03-10,339.8774108886719,346.9662019661777,336.56932841661074,339.6706632457086,2809100
2025-03-11,334.5214538574219,339.8183520925572,331.17398074874615,338.60737152356427,3190900
2025-03-12,332.9068298339844,339.58209635070847,330.26823564598305,337.7311323529218,1816700
2025-03-13,328.1612548828125,335.38786802589414,326.5466040943191,330.8392394029492,2490300
2025-03-14,334.39349365234375,336.70716846181153,331.7450444840493,332.5031392468886,1936100
2025-03-17,337.34716796875,339.04056985085,333.7633815441694,334.4919409628558,1683800
2025-03-18,331.50872802734375,336.7170201733604,330.1697507903334,336.7170201733604,3310000
2025-03-19,333.38922119140625,336.7170140322101,331.46936150751696,331.7253247710043,2407200
2025-03-20,331.05584716796875,334.53131701594504,328.4566136037328,329.40180583408994,2782900
2025-03-21,330.5931091308594,330.7604963125648,324.1245905882954,326.093696016449,6766100
2025-03-24,336.39208984375,337.8492084179442,334.0488499195447,335.2893657264722,2277200
2025-03-25,337.3274230957031,339.4835957962491,335.5650654447106,338.2725852238639,1678000
2025-03-26,335.84075927734375,341.90560755465776,333.55661983344856,338.0560028668717,1703200
2025-03-27,334.0587158203125,336.717020102747,331.4299769629058,335.8112184073048,1481100
2025-03-28,324.59716796875,333.024936311021,322.9824871887203,331.79424548947253,1965200
2025-03-31,324.7054748535156,326.8518226169843,317.0259756603336,320.5999068392945,2837500
2025-04-01,325.46356201171875,327.0782126607375,318.8867578180472,321.9585571398262,1955300
2025-04-02,329.49041748046875,331.1543139839905,321.06264858562196,321.0921839654291,1747600
2025-04-03,301.0368347167969,319.6842647350646,300.288565071028,314.7319659949201,4638700
2025-04-04,283.62994384765625,289.7440380766747,277.15159995360074,280.59753458890305,7216800
2025-04-07,275.7337951660156,289.80306004995083,263.1708945386417,271.73651406569854,7824700
2025-04-08,269.7083435058594,287.2727584053308,264.12591700508824,285.4119696025145,4989000
2025-04-09,296.3602294921875,297.19707528315416,264.9726833749045,266.5775091463791,6457300
2025-04-10,284.69329833984375,293.6625601489376,275.47786827845556,292.09712476351234,4116800
2025-04-11,288.9169921875,290.8467070021474,279.7508092602211,284.48650518541905,3197900
2025-04-14,293.5148620605469,297.80752768973275,291.14208631911634,294.05638410266107,2758400
2025-04-15,288.8973388671875,297.06914564331134,287.87342552472313,292.2448125862232,3611300
2025-04-16,285.6581115722656,291.16175711220467,283.1671645994962,288.188388970435,3017200
2025-04-17,289.7046203613281,293.10133905862614,287.39091559984706,287.65676404773467,2717600
2025-04-21,281.69134521484375,287.88433050814757,279.4357578535473,286.23219752676295,2978300
2025-04-22,288.052490234375,290.0904316406488,283.9271246514669,284.42177121009314,2231200
2025-04-23,292.603271484375,302.0905907061378,292.0195920542668,298.11364246789964,2458300
2025-04-24,303.5744934082031,304.91004525118194,293.8893348277405,294.245465884091,2874400
2025-04-25,303.1689147949219,304.69240459345525,300.65610160040467,301.83336292980124,2162400
2025-04-28,303.7723693847656,308.09557586396386,300.5967466472976,303.1689150207735,2189600
2025-04-29,304.1087646484375,305.36518650398864,299.6668472425473,301.73446668644914,2651000
2025-04-30,305.9587097167969,312.6661166818595,298.94462426234975,311.8351139824786,5124800
2025-05-01,310.5985107421875,315.4757495734319,307.68998607429256,308.04614735548125,2961000
2025-05-02,320.21441650390625,321.1938373040389,315.07010996597603,315.07010996597603,3765200
2025-05-05,319.6505432128906,322.9745843953571,315.9604985313184,315.9604985313184,1829100
2025-05-06,317.4543151855469,320.6299379615928,316.4254417854911,318.1072221414319,1724200
2025-05-07,316.8607482910156,319.34385385632555,314.70406602834447,319.284498675694,1555500
2025-05-08,320.7783203125,325.3488500689946,319.44276845344876,321.4015798594461,2553400
2025-05-09,322.1336669921875,324.23096387611923,319.8484019732964,322.1633445824003,1646200
2025-05-12,338.88238525390625,347.24192515812035,336.09260127886597,339.43638704971806,4592000
2025-05-13,348.7654724121094,351.5255790131789,344.34333010305403,345.19410785915363,4132500
2025-05-14,345.916259765625,348.6565910278965,345.04567692958483,347.9542013177954,2052200
2025-05-15,346.064697265625,347.5783148525136,344.7687254189155,345.69866356415025,1580400
2025-05-16,349.7943115234375,350.4274737266646,344.5114889274579,347.77617493003106,2561700
2025-05-19,348.7951354980469,349.1809441741663,344.80828482702765,345.95586864328686,2277700
2025-05-20,345.74810791015625,348.6863102370965,343.7695212978284,347.0836599116447,2266000
2025-05-21,338.8428649902344,344.68959213944163,337.9920570350564,342.92865123593697,2093400
2025-05-22,341.494140625,343.65079267204493,336.9433856202792,338.33829273075344,2174100
2025-05-23,339.71343994140625,341.2468324762931,332.63996871116973,334.0151008863819,1936600
2025-05-27,347.74652099609375,349.55691457321905,342.9088619412409,346.20322575928077,2240100
2025-05-28,345.74810791015625,349.0226663382919,345.1248482967393,348.715987828648,1924400
2025-05-29,348.0234375,349.3095064883955,345.0060753490254,348.4290513048522,2290300
2025-05-30,344.3037414550781,349.45795102673617,343.3045455741754,348.06304386921414,4867100
2025-06-02,340.979736328125,342.760452198753,335.86507666316015,342.760452198753,2552700
2025-06-03,345.6590270996094,347.0836116777792,341.2270130260426,342.2954363642541,2614300
2025-06-04,345.5898132324219,347.96414129153777,345.5898132324219,346.54942893557785,1616300
2025-06-05,345.2237854003906,347.7465014582875,342.14709769436064,347.24195220854097,1753300
2025-06-06,349.5667724609375,353.61297819043347,348.4884464520254,349.7844181814137,1608000
2025-06-09,354.23626708984375,356.60066243042587,350.14057824475185,351.4167750836939,2147100
2025-06-10,354.73089599609375,356.50170921661737,352.277437811386,355.5915763127079,1894300
2025-06-11,359.251953125,360.3896342857881,353.9196481965603,357.07549597240563,2551700
2025-06-12,357.09527587890625,358.1241492916305,354.0383634208363,355.9971748851093,1571800
2025-06-13,353.2271728515625,356.52153656086733,351.8916510032441,353.40526859673,1609600
2025-06-16,358.5594482421875,360.7061976895981,356.3434410214193,357.1348635457411,1579800
2025-06-17,353.85040283203125,358.5099957824339,353.20736825693876,356.85786276901604,1560100
2025-06-18,355.9477233886719,360.3303157281208,353.13813399122586,353.3063271390877,2000500
2025-06-20,356.65997314453125,360.3500476445672,355.29477389055603,359.0639785625257,6268300
2025-06-23,362.30889892578125,363.1695792728945,353.8999058108393,356.0664605698383,2927400
2025-06-24,369.026123046875,370.10444896654127,363.980752092121,365.92966082163963,3841800
2025-06-25,367.6015625,370.1836335111342,365.5537484735256,369.0063721605564,1737700
2025-06-26,377.79132080078125,378.2364846601638,369.04597187005993,369.99568496091086,2575100
2025-06-27,380.5909729003906,383.34120674815915,378.6519667104468,378.91906500180426,4455000
2025-06-30,384.0534973144531,384.98343531979157,380.6899065374658,382.17384630885715,2791400
2025-07-01,386.7345275878906,389.6727297253374,380.13592837737315,382.4508709415988,2393600
2025-07-02,394.16412353515625,394.3718968662231,385.2506114033869,388.4954922301423,2713700
2025-07-03,393.6001892089844,398.11139410432855,393.3330909061186,394.64886780625375,1737800
2025-07-07,387.3182067871094,393.79806544504976,383.9348106159338,393.79806544504976,3012900
2025-07-08,390.06842041015625,391.7106507287577,387.3280589512205,388.22831937718564,2003600
2025-07-09,397.87396240234375,399.4370626849238,392.6307201171103,395.4403093973896,3101000
2025-07-10,403.9580993652344,407.5888188755932,399.12047107344466,400.3274100457096,3382800
2025-07-11,401.57391357421875,402.5236266035374,397.39909501532196,401.1089445573215,2072600
2025-07-14,401.42547607421875,402.4345744230945,397.92340001291876,399.6744380435687,2497500
2025-07-15,400.3076171875,404.37359777073266,398.70493683420096,401.9102673499664,2167000
2025-07-16,408.45941162109375,408.6473797583384,399.001770341055,400.6637757948481,3242100
2025-07-17,413.5938415527344,415.40423493937664,408.4594071044277,410.4181884422973,2444700
2025-07-18,409.2804870605469,415.404214469726,407.7470946553672,414.21708072757065,2526600
2025-07-21,407.16558837890625,414.47344487317486,406.93720650042405,414.2649407328225,1833300
2025-07-22,414.23516845703125,415.5557351258968,407.4734041065726,407.4734041065726,2185000
2025-07-23,424.5614929199219,425.1274630376006,416.47916207836687,417.02525445767975,3254900
2025-07-24,426.4778137207031,427.1132953164297,421.49337994762305,424.0153982908385,2511400
2025-07-25,430.6778564453125,431.78991891516733,425.5841861133617,426.64661484137395,2218400
2025-07-28,429.8736267089844,433.30911214989794,428.06650991523253,428.1955940149908,2550300
2025-07-29,427.0040588378906,432.12751557520323,421.79124318266,431.47218654237406,2383700
2025-07-30,431.04522705078125,433.7360242847223,423.4096910569088,426.95441287333983,3172600
2025-07-31,434.9176330566406,438.02546911260214,430.6083755293752,431.0552004433919,4116400
2025-08-01,425.6537170410156,427.80833059944524,418.3061351282559,423.945898083872,4027300
2025-08-04,430.62823486328125,433.79564339887656,426.94448995108075,427.8083231332557,4059500
2025-08-05,431.15447998046875,436.62543357024634,423.54873000458963,424.6210673308223,4329900
2025-08-06,424.6905822753906,431.6310643998266,422.52602986682575,430.2707725678517,2630800
2025-08-07,414.1656188964844,424.30329505543295,407.05632808632913,423.8167753223855,4261100
2025-08-08,413.5699157714844,418.9118158601303,412.81531920494956,417.5415850952143,2965200
2025-08-11,405.64642333984375,415.32736656410714,403.9187267133106,414.02664738578204,3416000
2025-08-12,409.7868957519531,415.22809353555084,406.73866263021955,408.0890156311732,2765100
2025-08-13,410.7698974609375,412.5968616493398,407.63227516951906,412.2393956660485,4403000
2025-08-14,414.54296875,416.2706351388714,404.1173372005988,406.4010348479905,3676000
2025-08-15,404.9017639160156,413.6096379363489,404.21664853854804,412.77559102061275,3107400
2025-08-18,409.7174072265625,410.21386587415105,402.5882380181033,404.1173391370768,3185200
2025-08-19,413.1429443359375,418.8919438289143,411.12732348453875,416.3401391658903,3543600
2025-08-20,417.611083984375,418.93168096348427,409.13156174957726,411.8620843272812,4060200
2025-08-21,414.93023681640625,417.6011565518838,411.226644273792,416.9557663488554,2504300
2025-08-22,432.5842590332031,434.73887243410996,417.07486658699673,418.62381502774093,3785100
2025-08-25,429.2381286621094,433.80555421719157,429.1090748687191,431.9190174426706,1857900
2025-08-26,428.2055358886719,429.1289417298995,424.2139888435439,428.3445285576261,2792200
2025-08-27,429.60552978515625,431.97858631057096,425.9118763180238,426.68635057880493,1970900
2025-08-28,431.82965087890625,432.89207962362246,429.56580072927153,431.82965087890625,1651700
2025-08-29,416.0720520019531,425.0678798428946,411.43511512210426,422.39693002220184,3673800
2025-09-02,413.1032409667969,414.2550287000276,407.61240937132345,410.9784136479329,2329500
2025-09-03,412.1798095703125,415.1685002298647,408.4563698322379,415.1685002298647,1496700
2025-09-04,417.24371337890625,417.80968351816506,411.355721000711,412.8649444039695,1634600
2025-09-05,420.0834045410156,421.8905211556343,414.9500394770874,417.8592796623642,1843200
2025-09-08,419.7855529785156,420.90755431720123,413.8280494893642,419.65646888802195,1876700
2025-09-09,415.1287841796875,420.5501040730873,413.49047671920977,420.1628820885599,1710700
2025-09-10,419.9146423339844,423.47921166351506,416.52879083902593,416.84653163477435,2221000
2025-09-11,428.32464599609375,432.7034146827129,420.3217354255125,420.9174918327981,2737900
2025-09-12,428.4636535644531,429.5459297629949,424.7203663290511,426.0210855411519,2341800
2025-09-15,432.85235595703125,435.64245105419843,427.5600899532015,430.7572847661579,2255800
2025-09-16,437.5488586425781,437.67791243209905,431.2041028594808,433.04100583542566,2366300
2025-09-17,447.4681091308594,449.1362029041625,439.86235906037064,441.8481936385213,4512200
2025-09-18,463.65264892578125,464.3973368927541,445.6907787985681,447.76597229702736,4331900
2025-09-19,463.2356262207031,468.77609118997424,459.4327361522109,466.9292796340272,5069300
2025-09-22,468.7562561035156,469.8881660511759,456.35469861432335,464.00017382604767,3180000
2025-09-23,467.9222106933594,481.9024727714083,464.8739473478069,469.90804526873984,3856600
2025-09-24,466.462646484375,473.1449608017113,465.31085873172555,469.3520395851586,2776700
2025-09-25,460.43560791015625,464.6852927083376,456.3249157761264,461.418586332889,2979200
2025-09-26,462.461181640625,465.13213166120516,459.10511624367706,462.18316600249256,2329000
2025-09-29,468.2696838378906,469.143455855129,464.14908336250573,464.76468720153383,2892100
2025-09-30,473.7704772949219,474.0584317924693,466.9094152075619,468.2796459114551,2315300
2025-10-01,477.41448974609375,480.50244791571475,467.80305783049585,470.65272555141894,2964700
2025-10-02,487.095458984375,492.4671453442399,480.7606416080199,483.41171389471896,2648600
2025-10-03,494.3238525390625,500.9068986691116,489.0415255654699,489.7564271882225,2996500
2025-10-06,491.8713684082031,502.0090453813247,489.54794560259205,496.875679997982,2629200
2025-10-07,483.2627258300781,494.85008298027765,480.1251038165696,494.4032581160981,2135400
2025-10-08,498.5636291503906,505.8715162252059,485.8741472856886,487.51245476817644,3959400
2025-10-09,496.8160400390625,502.94235254984625,493.6188757161714,500.4898458321095,3113900
2025-10-10,487.8202209472656,507.8771610303251,487.8202209472656,499.5565098293416,3889100
2025-10-13,501.1849365234375,502.7934576706514,491.94087906016154,498.59340666292456,2618400
2025-10-14,523.7340698242188,527.7951283293116,495.47568167566504,497.0345388393733,5459800
2025-10-15,530.2674560546875,534.6363162849174,523.475935863802,530.4164178863688,3447100
2025-10-16,537.1285400390625,541.1299650629068,530.9128683267998,534.2490557586478,3463100
2025-10-17,523.3468627929688,538.3697062564357,523.2375958327661,533.5738987713356,2814700
2025-10-20,528.9330444335938,531.9402889588746,524.7109898118837,527.319902069204,2170800
2025-10-21,522.4307250976562,531.123777254608,519.8317193549713,522.8489314563171,2259100
2025-10-22,511.73614501953125,523.5758651619266,508.0518141729861,523.5061539671825,4149000
2025-10-23,518.2982788085938,520.6781836666389,510.83997132200443,516.1374749519597,2619400
2025-10-24,520.5188598632812,524.9998250975391,518.8161319715309,520.6483148322071,2392000
2025-10-27,524.8405151367188,527.2303267340226,519.2243576010392,524.8205802875564,2493800
2025-10-28,522.25146484375,528.0468535604762,519.4633209878451,523.7352132024248,2775400
2025-10-29,583.0133666992188,593.6880526871995,555.639659164687,555.8188904711803,6948500
2025-10-30,580.6832885742188,591.2583609074264,573.334501254264,575.4455287512561,2574800
2025-10-31,574.8181762695312,584.5667422886486,568.9331417766034,581.5595583407443,2974800
2025-11-03,568.1763916015625,573.7825203975904,562.9983758056021,573.4937689973461,2439400
2025-11-04,545.2637329101562,564.1036835771206,542.8937955380007,562.6100286338449,3440700
2025-11-05,566.7424926757812,571.5819200576002,548.0319363743565,549.6052699165808,2701300
2025-11-06,567.369873046875,581.5197261806529,561.8433007959958,570.7753895089952,2245800
2025-11-07,560.7180786132812,563.1876296117598,548.0021366805005,561.1661872814028,2320100
2025-11-10,568.4352416992188,571.7511725922435,559.1347845640804,567.58886156732,1829900
2025-11-11,565.5276489257812,568.0370087749421,557.8901100417276,566.3142853462349,1517400
2025-11-12,570.5961303710938,578.8112326626548,568.08677058613,568.08677058613,2645100
2025-11-13,551.20849609375,574.3800844827823,542.3262443124925,570.3472279571033,3458700
2025-11-14,551.6865234375,555.9483877514742,538.7116101964168,546.6379618675601,2764500
2025-11-17,549.7147827148438,559.2144668309496,545.2537528363878,550.2525373792113,1941100
2025-11-18,544.5667114257812,549.2368752337318,535.7740451634994,541.0516140949732,1918600
2025-11-19,550.7703247070312,558.537318475393,545.3234920334479,547.6734946239051,1880900
2025-11-20,543.8198852539062,566.463685758122,538.7115801950738,563.556054320649,3195000
2025-11-21,548.1016845703125,552.6423934284032,534.8081791200474,543.5111993666397,2921600
2025-11-24,557.23291015625,563.3469530086793,548.3406906718061,549.7945368623165,4653500
2025-11-25,564.2131958007812,564.7409830463101,545.2338230179016,562.2017818336255,3105100
2025-11-26,571.3031005859375,572.4482603925884,563.625752810959,564.2132230737277,1995100
2025-11-28,573.3245849609375,574.917792761404,569.9788121137689,571.3628863199191,1019500
2025-12-01,565.6571044921875,573.1552817747241,564.601590721917,567.9971396843886,1764500
2025-12-02,580.006103515625,583.0830594555778,566.6528549997921,568.9132722735536,2749500
2025-12-03,588.9879760742188,590.7305735401902,559.8318626475932,578.9406910055246,2545700
2025-12-04,596.6156005859375,600.1704458876488,584.5169711650028,587.6835123697294,2313600
2025-12-05,600.6185302734375,604.4323461140822,595.2115068592616,601.4450363309812,2177300
2025-12-08,593.976806640625,602.2914618527999,589.4261304348183,602.1022631211982,1822500
2025-12-09,591.8458251953125,597.4520149924787,589.7248302955759,590.5413689647821,1755300
2025-12-10,612.7470092773438,614.6190616297847,596.157508791491,597.5914199385314,2797900
2025-12-11,622.963623046875,624.158559140762,601.7039589519935,607.867777365794,2779500
2025-12-12,595.3609008789062,624.8456340606156,593.2598409030406,623.3519791584787,4581100
2025-12-15,587.2653198242188,601.5944645862521,585.4032348025482,599.9813220624196,3968600
2025-12-16,586.4388427734375,596.127665820769,583.800088631783,588.2013751941017,2319400
2025-12-17,559.5132446289062,588.5000960242694,555.1019906270719,585.1045469159837,3753300
2025-12-18,563.4365234375,572.2291282680936,559.5330615044821,566.0952121657389,2193000
2025-12-19,573.7825927734375,579.2692955089734,567.9175533312607,570.2675560780841,5355600
2025-12-22,579.9463500976562,583.3120573923233,573.2548052036037,582.0175686121378,2387700
2025-12-23,579.9563598632812,586.2197922061376,578.0444984363945,578.0444984363945,1731000
2025-12-24,581.2907104492188,584.6464505189552,578.5423754987806,580.195326972621,947000
2025-12-26,580.533935546875,581.3604417007998,576.2023601670514,580.74306913579,954400
2025-12-29,576.1624755859375,581.4997882964747,572.2092977870332,577.6362565410699,2585700
2025-12-30,574.9476318359375,578.5224119575116,573.0755794488327,577.556544269184,1216700
2025-12-31,570.44677734375,576.4911087733359,569.6302386185839,574.8580313230038,1163900
2026-01-02,595.878662109375,597.0735981908765,572.8764008426111,575.1467854751612,2761600
2026-01-05,613.493896484375,619.1200215133827,603.6556836406288,605.3086959398505,3444800
2026-01-06,620.454345703125,624.1187719488267,606.3243672074964,613.3943097788975,2706800
2026-01-07,593.9967651367188,622.3562764954288,593.259905029665,620.3647364106434,3312400
2026-01-08,605.5576171875,607.0014958482016,591.656646056704,593.99674203149,2075400
2026-01-09,615.0075073242188,616.5310647081172,605.6273702586875,607.3898419586903,1822000
2026-01-12,627.1060791015625,628.3109218788456,610.3671881862361,612.0500418817664,1856800
2026-01-13,633.8374633789062,641.8633665920232,630.3223663493819,630.521532490985,1959100
2026-01-14,636.048095703125,637.0239308670776,620.4344291949926,631.4177408326162,2105700
2026-01-15,644.4423828125,649.6004638111567,641.3156506127934,642.211867870051,2052800
2026-01-16,644.1536865234375,652.9064831697896,638.298553910055,649.212154494662,2554900
2026-01-20,627.8047485351562,642.8760305313668,623.9321165959363,640.7800454047223,2659000
2026-01-21,644.1536865234375,645.9702355620277,626.128005656419,632.4659153407424,2490700
2026-01-22,647.1778564453125,654.533907925249,639.6821782128686,647.8765384804376,1565700
2026-01-23,625.4293212890625,645.2715511220819,622.3851289393759,642.8960686125528,2267800
2026-01-26,634.7116088867188,637.7857733335521,618.0832929936029,626.8066755140387,2532900
2026-01-27,637.6959228515625,642.9060355381346,632.0267232406292,638.7838784489842,1827500
2026-01-28,642.0576782226562,646.0500774825832,627.7848021330749,636.7577097226922,2720700
2026-01-29,663.9758911132812,678.6978629395247,641.5086552096884,653.9250189697414,4441900
2026-01-30,656.1109008789062,676.5420364273238,649.0743091405816,654.4041891286149,3300100
2026-02-02,689.5971069335938,690.0662455181919,656.1807450791478,658.5662182249329,4450000
2026-02-03,701.5543823242188,708.680829509524,690.0862253810304,693.0405617977318,3524700
2026-02-04,690.5054321289062,721.7858467057549,673.7173856675988,705.656580247396,7146700
2026-02-05,677.0210571289062,685.1954967372362,663.806225831836,680.2448999136648,2792800
2026-02-06,724.820068359375,726.0178002725005,689.2078757187766,691.2539680724791,3359700
2026-02-09,740.7098388671875,742.0872215022189,720.2388016648257,723.123324785955,2496800
2026-02-10,740.9593505859375,750.5710566234125,736.2682692982056,741.3386333870208,4008700
2026-02-11,773.52734375,774.0662957102252,754.663233192813,757.2383477300212,3926300
2026-02-12,756.8490600585938,788.3091846105693,754.5734242387266,775.2141203737337,4893400
2026-02-13,772.7288818359375,782.510247748964,745.999739795348,763.5463514387212,3232800
2026-02-17,763.3068237304688,772.9484411321599,748.5748607243452,763.5463579388321,3450300
2026-02-18,750.5410766601562,771.2317269197716,748.9541320943854,763.6561226404459,2563700
2026-02-19,759.0848999023438,760.5520774246734,742.7360196636963,750.5710790332733,2908000
2026-02-20,758.2963256835938,770.5030666368694,750.6808194025572,753.5653424199725,2095100
2026-02-23,755.0325317382812,766.5206702635879,751.3496019329682,757.5078606846106,2289600
2026-02-24,766.7702026367188,772.4693745205891,750.2616536005371,753.5653615568204,2615300
2026-02-25,765.1532592773438,776.1223661347269,755.3020193022942,771.0320816140714,2606500
2026-02-26,751.499267578125,769.1456645551114,727.0159114072754,769.1456645551114,3350900
2026-02-27,741.4185180664062,750.0620358397822,729.6508820143395,743.803930375333,3441900
2026-03-02,750.8904418945312,754.2939353765836,723.6822318513574,732.0962057771593,2473100
2026-03-03,720.8077392578125,730.2796970464432,705.2573266044255,726.8861941225689,3332700
2026-03-04,730.5791015625,744.592462130189,729.4513048029638,735.689428725424,2823700
2026-03-05,704.7383422851562,726.6865477144968,692.2620944586389,718.6318748073958,3713200
2026-03-06,679.606201171875,695.0068742964228,673.7872620837095,681.1731643019936,3564400
2026-03-09,703.480712890625,707.2834707164229,661.5904323360513,663.9559240037976,3584400
2026-03-10,715.3181762695312,729.4013501993434,708.9303739321189,711.4256234981032,3089100
2026-03-11,706.2454833984375,719.0510603171668,702.2929861525735,712.1442265716278,1947500
2026-03-12,699.3585815429688,702.4327461172825,678.4683591358591,691.6831913122745,3231800
2026-03-13,692.6712646484375,705.5866783889378,685.8742075041827,703.0016340433469,2042200
2026-03-16,698.4503173828125,708.6508682450784,693.28010673519,704.0296612307346,2145500
2026-03-17,700.6660766601562,707.6527754302717,693.5895221014149,706.0158770978132,1824900
2026-03-18,692.302001953125,710.4874126057266,691.3837671632582,699.9773921129927,1796200
2026-03-19,687.3414306640625,692.1721994339167,667.7287458248552,675.2045033516707,2240200
2026-03-20,679.586181640625,692.7411294028627,669.166017522727,685.3252553634701,5131100
2026-03-23,700.3666381835938,710.647053886031,693.2401910282354,697.6717565538422,2981000
2026-03-24,715.2682495117188,719.7796800070197,691.7131190945474,692.4816144993522,2098300
2026-03-25,717.6736450195312,727.9640513308992,715.6375433960025,725.8680661572424,1591500
2026-03-26,701.8538208007812,716.6057045872205,695.1066562134266,708.720752494015,2428700
2026-03-27,694.07861328125,707.0139474772166,691.014439637954,693.1503268744318,2059800
2026-03-30,666.1617431640625,701.6541696664626,663.3071923525498,700.8756834993125,2610000
2026-03-31,707.1138305664062,707.5430061848704,670.7230886755175,678.7078873502261,3002200
2026-04-01,728.9322509765625,738.6038404452144,718.3723380680742,720.6280533561188,2435800
2026-04-02,715.8571166992188,734.0125546852682,704.109523357077,704.2292904607782,1764300
2026-04-06,719.8695068359375,721.1969966583447,702.9317820751278,715.3780576309246,1246500
2026-04-07,723.0634155273438,724.3509423277178,707.582878011192,718.2226559053267,1549100
2026-04-08,770.1138916015625,772.928540460653,751.6689651333924,763.1670947842849,3014000
2026-04-09,785.5744018554688,794.0083571878253,771.5211398831668,771.5311306280439,2801900
2026-04-10,789.1575927734375,796.3339330605637,784.7460085375411,789.1675835189072,1872000
2026-04-13,790.2255249023438,797.0225820153474,783.8377228167669,786.9218170439946,1820100
2026-04-14,792.7407836914062,796.4836580242269,780.553962932838,794.4874583800558,1866300
2026-04-15,768.7064819335938,788.4688451733938,755.2122144835043,785.6043037102696,2764700
2026-04-16,771.1917724609375,771.3415118001224,753.0164139074433,766.5406541503489,2005100
2026-04-17,793.1400146484375,800.2464802094331,774.5254293813317,779.0268691367888,2818800
2026-04-20,798.4000244140625,799.6300048828125,786.8300170898438,790.9000244140625,1454100
2026-04-21,800.4500122070312,820.2000122070312,797.7899780273438,804.8800048828125,2293500
2026-04-22,808.8699951171875,817.8499755859375,805.47998046875,812.5,1628400
2026-04-23,835.239990234375,845.27001953125,815.4600219726562,817.1099853515625,2601800
2026-04-24,830.7899780273438,839.5,826.6500244140625,839.260009765625,2253900
2026-04-27,828.7899780273438,836.02001953125,816.719970703125,829.760009765625,1986700
2026-04-28,817.8699951171875,825.0,805.0,814.3499755859375,1875600
2026-04-29,810.0499877929688,823.2100219726562,809.0999755859375,822.9299926757812,2566300
2026-04-30,890.1099853515625,896.97998046875,850.7999877929688,856.6300048828125,5203300
2026-05-01,889.6699829101562,905.0,879.5800170898438,896.8400268554688,2376500
2026-05-04,874.780029296875,892.8400268554688,869.5900268554688,887.280029296875,2669900
2026-05-05,904.5900268554688,908.9000244140625,888.0999755859375,888.0999755859375,2581100
2026-05-06,926.9299926757812,930.5399780273438,905.3499755859375,913.5,3010600
2026-05-07,895.6900024414062,931.3499755859375,886.8800048828125,929.9600219726562,2957300
2026-05-08,897.4500122070312,914.77001953125,893.8499755859375,911.0,2030300
2026-05-11,926.7899780273438,929.0,895.0599975585938,903.6099853515625,2811700
2026-05-12,912.1400146484375,915.0900268554688,894.510009765625,912.0,2348900
2026-05-13,902.2999877929688,922.989990234375,897.3800048828125,912.5,1957100
2026-05-14,920.219970703125,920.3499755859375,902.5,910.0,2095600
2026-05-15,888.3099975585938,899.72998046875,880.2000122070312,898.75,2907900
2026-05-18,863.9500122070312,893.3200073242188,850.8300170898438,893.3200073242188,2720500
2026-05-19,860.1500244140625,869.8599853515625,845.5499877929688,861.5900268554688,3239700
2026-05-20,872.5599975585938,877.760009765625,857.0599975585938,871.219970703125,2415600
2026-05-21,865.9500122070312,872.6699829101562,858.5999755859375,864.9000244140625,1859500
