Price,Close,High,Low,Open,Volume
Ticker,JPM,JPM,JPM,JPM,JPM
Date,,,,,
2006-05-30,25.375484466552734,25.704339187289072,25.375484466552734,25.65052680397424,8680900
2006-05-31,25.495067596435547,25.692380427348233,25.21404712120678,25.507026157175307,11348000
2006-06-01,26.057104110717773,26.116894623375106,25.554856049465872,25.560834188386867,9034900
2006-06-02,26.194629669189453,26.42781591120767,26.02721209269605,26.188649248138436,9637700
2006-06-05,25.6923828125,26.26638009612208,25.6565071269502,26.10494293244166,7867200
2006-06-06,25.339611053466797,25.817942082236776,25.118381099460095,25.692380614846332,12679200
2006-06-07,25.26187515258789,25.572790812784685,25.190126086653766,25.33362421852202,9958000
2006-06-08,25.32168197631836,25.411370077171284,24.66397683960742,25.11241278214574,14402700
2006-06-09,25.172199249267578,25.465178354490675,25.12436727586423,25.321677872555064,8106100
2006-06-12,24.873241424560547,25.24992818513121,24.867263283347622,25.172198664186816,9059600
2006-06-13,24.233476638793945,25.040662671701238,24.11987369232391,24.72376640062072,16522300
2006-06-14,23.89863395690918,24.42479686909914,23.51596919136669,24.299235420567122,16879100
2006-06-15,24.27531623840332,24.40685809569692,23.91656862142661,23.976359130635487,18481200
2006-06-16,24.012237548828125,24.335111809522694,23.922549493903414,24.275319012618894,15754500
2006-06-19,23.886682510375977,24.191617873445843,23.767099165321337,24.018222137159743,9087100
2006-06-20,24.209552764892578,24.38294619100215,23.940490854222954,24.000281376210776,11176100
2006-06-21,24.640050888061523,24.78952948206461,23.976365565749855,23.99430454801661,15242300
2006-06-22,24.55634117126465,24.91508885429939,24.514487350939334,24.58623643137385,10466300
2006-06-23,24.436765670776367,24.69386909555148,23.826892589742105,24.412850823552514,9954700
2006-06-26,24.813447952270508,24.813447952270508,24.281304493653785,24.31717789841112,11183300
2006-06-27,24.418827056884766,24.855304346475187,24.329138973999836,24.329138973999836,14116000
2006-06-28,24.675922393798828,24.699839512196824,24.478609588308295,24.61612959780384,8540100
2006-06-29,25.518991470336914,25.626616264610444,24.879223127079168,24.92107696031189,17320000
2006-06-30,25.112403869628906,25.70434010727816,25.112403869628906,25.66846442349682,16247700
2006-07-03,25.841781616210938,25.841781616210938,25.31735140944036,25.347490653603828,6828300
2006-07-05,25.564502716064453,25.841787504715683,25.341469499060413,25.841787504715683,10451000
2006-07-06,25.58861541748047,25.721228583886862,25.48011227257138,25.55847616600072,10831500
2006-07-07,25.564502716064453,25.769452842345242,25.492168053694012,25.588615036680416,6736400
2006-07-10,25.66698455810547,25.733290005124985,25.576564485703823,25.642872232201302,5332100
2006-07-11,25.841781616210938,25.914118561575588,25.407771441407704,25.534357646580442,8814500
2006-07-12,25.468053817749023,26.058791831548888,25.449970728385722,25.847814790719397,7025300
2006-07-13,24.94964027404785,25.293232628527036,24.84113718321481,25.287205701025798,11099000
2006-07-14,24.648250579833984,25.021982280993996,24.47946896630566,24.865256825500126,10439300
2006-07-17,24.551809310913086,24.678395550426604,24.35288840588864,24.600033954238747,10806600
2006-07-18,24.539743423461914,24.780861945564894,24.425213390175156,24.68441499661903,10760800
2006-07-19,25.950294494628906,25.956323725415338,25.160635422963058,25.257082420245826,27046400
2006-07-20,25.908090591430664,26.143179926591895,25.769448221963195,25.95028599520437,16362600
2006-07-21,26.010570526123047,26.20346448524774,25.79356424723843,26.02262438652564,15203300
2006-07-24,26.643505096435547,26.733922850130984,26.13112862758483,26.161270178294117,12629200
2006-07-25,26.902698516845703,27.04134086942716,26.528964558259062,26.613357655004823,12536000
2006-07-26,26.914770126342773,27.0293002313245,26.745986135422548,26.82435004908272,14170000
2006-07-27,26.944910049438477,27.107664812829466,26.6435128504503,26.932853885541572,13841100
2006-07-28,27.415088653564453,27.45125714487196,27.00518828332517,27.05341293840185,14184400
2006-07-31,27.499465942382812,27.553717502857314,27.149846563362548,27.186012737360898,14621600
2006-08-01,27.433156967163086,27.601940869504382,27.2764315215714,27.601940869504382,13402300
2006-08-02,27.421112060546875,27.674284547487574,27.246301172243463,27.668257616622252,11051900
2006-08-03,27.52358055114746,27.60797136347723,27.18601500235121,27.216156549163706,9045400
2006-08-04,27.198074340820312,27.78881239566716,26.59528012573445,27.70442157347153,14113100
2006-08-07,27.288494110107422,27.32466259044967,27.029292416348184,27.12573939778343,5925500
2006-08-08,27.119712829589844,27.55975233198125,27.089571279163447,27.4150807081579,11025900
2006-08-09,26.733922958374023,27.354802573755123,26.72186909741447,27.198074787551164,10452800
2006-08-10,26.553083419799805,26.733921215611687,26.324020985383516,26.673642716833502,10392300
2006-08-11,26.480754852294922,26.61337033948304,26.221553108869706,26.553089527362143,6868600
2006-08-14,26.45663833618164,26.824343183694754,26.348135191030966,26.70378387802984,6985600
2006-08-15,27.149852752685547,27.192048164954183,26.613366254289296,26.613366254289296,11078300
2006-08-16,27.40904998779297,27.51755311578793,27.198070661368487,27.390964600142386,8814800
2006-08-17,27.403024673461914,27.535640137617932,27.276438439209784,27.294521529966527,6163700
2006-08-18,27.55371856689453,27.55371856689453,27.28848998293077,27.535635479197044,9213600
2006-08-21,27.403024673461914,27.487415496296666,27.32466308053105,27.372885422374853,5649000
2006-08-22,27.336711883544922,27.48138348126411,27.192042585302765,27.288489550623215,6252400
2006-08-23,27.43919563293457,27.51153030197273,27.222189326342416,27.246301649181028,8730200
2006-08-24,27.535640716552734,27.710451595801512,27.505501464831998,27.547696877136527,8682800
2006-08-25,27.43919563293457,27.541669555782157,27.306580156799882,27.53564262481134,4450900
2006-08-28,27.740596771240234,27.752652934398498,27.31261332677282,27.36686491124601,7324900
2006-08-29,27.7104434967041,27.74058273961586,27.378904926244246,27.6561919396722,8050800
2006-08-30,27.565765380859375,27.770715403372233,27.54768229929175,27.66221231501388,8596400
2006-08-31,27.52358055114746,27.650166769642116,27.475358215306382,27.54769286880659,6245400
2006-09-01,27.565765380859375,27.668241541853952,27.318619968371195,27.63810000660618,6703300
2006-09-05,27.60796546936035,27.692356263673247,27.39095925571194,27.5115185187918,6134000
2006-09-06,27.65619468688965,27.758668582864203,27.41507612069049,27.517552316142105,7126400
2006-09-07,27.24629020690918,27.67427340991043,27.2040948094007,27.662217253554193,7278400
2006-09-08,27.2824649810791,27.390968123029182,26.932845534389056,27.125739497971995,7728200
2006-09-11,27.360820770263672,27.48138003667226,27.198066105533584,27.48138003667226,7173200
2006-09-12,27.734561920166016,27.740591150262468,27.300551631800438,27.360830135899743,11555700
2006-09-13,27.96964454650879,28.168565385195016,27.56577134151575,27.73455293791337,11745700
2006-09-14,28.02992820739746,28.066096684509127,27.788809625607456,27.97567664146857,7622400
2006-09-15,28.301189422607422,28.542305733764053,28.186657047791343,28.246937850188615,15421000
2006-09-18,28.078153610229492,28.301186809815054,28.01184588345283,28.15048826695073,11125300
2006-09-19,28.210763931274414,28.240903176925123,27.861144542667464,28.168568527468004,6768700
2006-09-20,28.46394920349121,28.626703949701067,28.30119445728136,28.30119445728136,9084200
2006-09-21,28.216796875,28.542303990150508,28.132403756799285,28.37955158231393,7782700
2006-09-22,28.22282600402832,28.295160668644463,28.035958962669298,28.150491339412177,6046700
2006-09-25,28.277080535888672,28.512169945095835,28.18063353981707,28.397639855847615,15329800
2006-09-26,28.271055221557617,28.301194478401662,27.96362882310584,28.277082153135268,12381400
2006-09-27,28.23487091064453,28.457904045674645,28.102255495475838,28.20473167069072,8884200
2006-09-28,28.42174530029297,28.52421920279386,28.271046761690094,28.331325257340357,6165100
2006-09-29,28.30722427368164,28.60862147156874,28.234889590042613,28.421756680544743,10115300
2006-10-02,28.25295639038086,28.530243400107146,28.17459481975175,28.307207946688525,7382800
2006-10-03,28.783424377441406,28.88589829241818,28.295160225111655,28.30118945509705,11801200
2006-10-04,28.832006454467773,28.862361861389182,28.504162501390752,28.564873315233566,20650500
2006-10-05,28.78341293334961,28.813768315996686,28.53449509009597,28.71055955180317,12915100
2006-10-06,28.449495315551758,28.65591513250326,28.400924856990493,28.59520205930168,10748900
2006-10-09,28.601274490356445,28.66198524751839,28.346284215149016,28.449495281484644,7252800
2006-10-10,28.856273651123047,28.935199518844836,28.589142973561085,28.710566850986645,14164900
2006-10-11,28.92305564880371,28.9594835052465,28.637709896587854,28.7166357608967,10288100
2006-10-12,29.299467086791992,29.48767420136928,28.86841454782253,28.9594830294494,14979300
2006-10-13,29.238767623901367,29.42090234166616,28.983779482224367,29.153771576675698,7298000
2006-10-16,28.977706909179688,29.202339649755743,28.838070215526002,29.12948622610351,7330200
2006-10-17,29.135555267333984,29.269119475651774,28.53450822401485,28.564863620633968,8880100
2006-10-18,28.66200065612793,29.14162376983889,28.297731285392214,29.044485116578155,21532700
2006-10-19,28.455581665039062,28.66200159950825,28.152023074111924,28.66200159950825,11986700
2006-10-20,28.607364654541016,28.613437124085912,28.255237847899267,28.46165780902324,10979200
2006-10-23,28.771284103393555,28.81985459167613,28.42522748026945,28.43129994928895,8838300
2006-10-24,28.61951446533203,28.6620124989453,28.38273904492409,28.577016431718768,13431500
2006-10-25,28.69843292236328,28.838069613099965,28.485940493527742,28.71664569890373,9021700
2006-10-26,29.001995086669922,29.11127639117656,28.722721671139098,28.74700460416483,7644300
2006-10-27,28.710567474365234,28.96555553812429,28.63164160492977,28.88055951687127,7112500
2006-10-30,28.807706832885742,28.941271019910204,28.583074154554108,28.74092358138954,10222600
2006-10-31,28.801626205444336,29.190182984437868,28.795556055195238,29.00804605342294,12564200
2006-11-01,28.492006301879883,29.032340161961613,28.35843979589366,28.989842149323813,11490200
2006-11-02,28.473791122436523,28.58307237882885,28.34629477933361,28.492003893179312,7059000
2006-11-03,28.46771812438965,28.686280633101454,28.23094284527445,28.625569854444954,7984100
2006-11-06,28.92913055419922,28.971628565646796,28.5648589069755,28.643784777935828,8633700
2006-11-07,28.832006454467773,29.141635310616675,28.819863828505394,28.838076609464416,8535500
2006-11-08,28.92305564880371,29.0809073774214,28.655924982793117,28.831989481648336,7511200
2006-11-09,28.680204391479492,28.989833002427467,28.64377654244027,28.929122236662693,6836700
2006-11-10,28.904829025268555,28.904829025268555,28.72269446228221,28.807690437278062,5849900
2006-11-13,28.935197830200195,29.074834470501713,28.753063182675067,28.77734841993647,7664600
2006-11-14,28.989835739135742,29.026263591613837,28.570925857491286,28.831986343665616,8276800
2006-11-15,28.807706832885742,28.941271019910204,28.528433522963393,28.880560236350718,11340700
2006-11-16,29.050554275512695,29.12948015232748,28.759138325698206,28.838064202512996,8192500
2006-11-17,28.935197830200195,29.135547563655223,28.89269982297659,29.135547563655223,12991600
2006-11-20,29.08091926574707,29.17198547013046,28.868426823581817,28.935210096377507,8614500
2006-11-21,28.989835739135742,29.105187131365163,28.77734572293221,29.00804850739105,7423800
2006-11-22,28.892696380615234,29.074831006440306,28.76520237413443,28.898766531223522,5916100
2006-11-24,28.69843292236328,28.856282389640413,28.643792276773404,28.668077522806357,2926400
2006-11-27,28.309856414794922,28.692338322953685,28.200575207901917,28.61948495701393,11109800
2006-11-28,28.048805236816406,28.28558049097401,27.793814898207643,28.20665463426564,13415600
2006-11-29,28.33415985107422,28.455583759576403,28.054886482697082,28.054886482697082,9414400
2006-11-30,28.097375869750977,28.376651468283065,27.957739228468785,28.364508849567084,13058500
2006-12-01,27.933456420898438,28.23701496730057,27.6298978744963,28.23094481539841,14731400
2006-12-04,28.437360763549805,28.613425251802273,28.024521012597344,28.097374405127898,13148100
2006-12-05,28.655929565429688,28.686284959335897,28.394869009093735,28.47379488602435,10747700
2006-12-06,28.431304931640625,28.686293091903657,28.388804588961364,28.57701179008557,14162400
2006-12-07,28.309856414794922,28.583059432027426,28.267358424999504,28.583059432027426,7394600
2006-12-08,28.388782501220703,28.61948754955658,28.13986468874174,28.32807174343245,9120100
2006-12-11,28.868423461914062,29.044488012242407,28.352374749261646,28.352374749261646,11221600
2006-12-12,28.91698455810547,29.123404439307595,28.746990216195233,28.87448655161982,15958400
2006-12-13,28.898759841918945,29.08089674155152,28.83804908601934,29.008041055311736,11353700
2006-12-14,29.111263275146484,29.16590390278156,28.71663626267451,28.904843383632613,10052600
2006-12-15,29.323759078979492,29.536251479735597,29.14162438973728,29.263048287888164,16172100
2006-12-18,29.281253814697266,29.50588646529883,29.15982994659968,29.323751821136273,8538200
2006-12-19,29.305543899536133,29.433037939944537,29.111266604827698,29.15983477052079,9291400
2006-12-20,29.275178909301758,29.366245058610417,29.226608443563318,29.341962141708475,6036400
2006-12-21,29.536243438720703,29.730520696484337,29.341966180957066,29.396604488483465,10782200
2006-12-22,29.0748348236084,29.627311240192668,28.910912944054683,29.53017260593503,8342000
2006-12-26,29.329822540283203,29.36624807736418,29.11126005392727,29.12947282246776,4101200
2006-12-27,29.718385696411133,29.748741091474102,29.03234265134074,29.46946775134569,7716200
2006-12-28,29.700172424316406,29.74874291216433,29.530180348785333,29.62731900851285,6525200
2006-12-29,29.323759078979492,29.694100926153986,29.305546304845738,29.596962270826925,9601100
2007-01-03,29.391023635864258,29.574449571440812,29.09754167246431,29.34822432864264,14244700
2007-01-04,29.464385986328125,29.68449798551862,29.195361505310142,29.378787393839982,9471500
2007-01-05,29.21980857849121,29.501061663594314,29.12198131704727,29.452146866679396,10760500
2007-01-08,29.317638397216797,29.38489508264844,28.932442501263058,29.085297756376402,8239200
2007-01-09,29.195350646972656,29.41546256429911,28.95689684733095,29.287064723320626,9276700
2007-01-10,29.409358978271484,29.421587682237412,29.005821076943064,29.02416529908535,15597000
2007-01-11,29.537748336791992,29.605002685281544,29.31152089523153,29.34820699363251,8049200
2007-01-12,29.34210205078125,29.507183708983767,29.287074053918214,29.409356418159103,10646700
2007-01-16,29.586671829223633,29.629471127116435,29.409359119446716,29.446045231520607,8696500
2007-01-17,29.61113166809082,29.892384886585337,29.42159023872956,29.745645091017327,16291400
2007-01-18,29.439924240112305,29.702835475967536,29.299295347308277,29.37878073620051,12654200
2007-01-19,29.812894821166992,29.855696448285894,29.433814353944054,29.531641646530186,14649200
2007-01-22,30.363162994384766,30.48544764566932,29.776199467081764,29.880139904622915,18325500
2007-01-23,30.467119216918945,30.485461106375396,30.13083569430564,30.308148400340517,12845300
2007-01-24,30.791168212890625,30.815625617651236,30.271458857466822,30.375401661506178,13857500
2007-01-25,30.699451446533203,30.986820096560702,30.528254292841734,30.71779566470464,14855900
2007-01-26,30.387624740600586,30.723905830476856,30.26534007181302,30.57105057758891,13990300
2007-01-29,30.246992111206055,30.357048057766008,30.026880218086145,30.30813326712354,12085000
2007-01-30,30.68111801147461,30.723917311686005,30.18586596738814,30.387636096144938,12325700
2007-01-31,31.139678955078125,31.28030553788076,30.47934300203628,30.613856399667743,18460500
2007-02-01,31.31087303161621,31.329217250088465,31.096876585992607,31.158017761203258,13420400
2007-02-02,31.139678955078125,31.384248344883225,31.01739426017557,31.316991646067493,15443400
2007-02-05,31.158021926879883,31.274193440652546,30.90122615779921,31.06631015180249,8079900
2007-02-06,31.182472229003906,31.378126770124414,31.035730156970473,31.090758142434748,9849200
2007-02-07,31.31087303161621,31.31698854856907,31.06019048143442,31.084647884473213,7537400
2007-02-08,31.139678955078125,31.219164356622766,30.888996380101844,31.219164356622766,10312300
2007-02-09,30.827844619750977,31.298639053133083,30.619963726129043,31.194698606322117,9489000
2007-02-12,30.84006690979004,30.9684670612171,30.723897787664594,30.931780970468587,7889000
2007-02-13,31.151897430419922,31.194696709726525,30.772817099824657,30.785043466153006,8374100
2007-02-14,31.439260482788086,31.518745850136543,31.182464833119234,31.23749280553192,10745900
2007-02-15,31.31087303161621,31.46984381898202,31.11521847207854,31.21304575184737,13339600
2007-02-16,31.335330963134766,31.396472139376577,31.188588874813497,31.280302971562584,11291900
2007-02-20,31.567684173583984,31.641054080702677,31.25585798665177,31.274202212721914,9171500
2007-02-21,31.579906463623047,31.702188839845896,31.34756575050335,31.457621755013374,9337100
2007-02-22,31.573780059814453,31.763321409431377,31.414811626099567,31.671607326497313,9111600
2007-02-23,31.200820922851562,31.641044902643362,31.011281856741906,31.51876020465824,10042600
2007-02-26,31.066307067871094,31.439271981313812,30.833966395776713,31.286416705638686,13342800
2007-02-27,30.094146728515625,30.94402166852339,29.10364288562398,30.94402166852339,21228500
2007-02-28,30.198087692260742,30.503798241617318,29.892377142904166,30.002433127263444,19180400
2007-03-01,30.08191680908203,30.228656558275507,29.531636918640856,29.94740342866613,22648000
2007-03-02,29.464385986328125,29.95963798450674,29.41547350450064,29.929067391816222,16922400
2007-03-05,29.06696319580078,29.4460436709264,28.859079903173185,29.103646973543682,20199600
2007-03-06,29.666154861450195,29.763982153419573,28.999705706037982,29.32987369107962,17751900
2007-03-07,29.56832504272461,29.88014878035934,29.50718153272712,29.77009279475028,13664500
2007-03-08,29.800661087036133,30.173625944349684,29.72728888643597,29.83123167109317,11979500
2007-03-09,29.849580764770508,30.17363323234004,29.672268069071972,30.033006645802573,9452900
2007-03-12,29.86178970336914,29.94738823570371,29.715047696234823,29.739505086154722,10445700
2007-03-13,28.553377151489258,29.653935101136444,28.467778536750423,29.623364500499335,25294400
2007-03-14,28.92021942138672,29.0730747062063,28.070344410971718,28.565596373446308,25043400
2007-03-15,29.164791107177734,29.46438618288484,28.822394402554316,28.822394402554316,15828300
2007-03-16,28.755136489868164,29.244275285162658,28.724565898258913,29.115875068585204,24746900
2007-03-19,29.09142303466797,29.22593411828186,28.83462490706531,28.859082315863066,14448200
2007-03-20,29.195350646972656,29.274836024315174,28.938554965015694,29.04860859129307,14507400
2007-03-21,29.990205764770508,30.357059839814,29.232044874642988,29.232044874642988,20747600
2007-03-22,29.635574340820312,30.020767861925613,29.568317662802798,29.996312796416746,18906700
2007-03-23,29.666154861450195,29.89238003680689,29.611126863943255,29.708954155912636,11748200
2007-03-26,29.77620506286621,29.82511753314062,29.311523767135384,29.68449097407071,11851000
2007-03-27,29.69671630859375,29.849571551002565,29.562202948910507,29.708945007872764,11183500
2007-03-28,29.34210205078125,29.641697108512655,29.219817354153772,29.525527929529176,13176700
2007-03-29,29.653928756713867,29.739527353138985,29.360446855090544,29.494960267979625,10837100
2007-03-30,29.58055877685547,29.971867977861752,29.31764747010685,29.721185375192928,12674800
2007-04-02,29.494943618774414,29.64779883536088,29.16477579117512,29.580542166881155,13834500
2007-04-03,29.901348114013672,29.91982018809489,29.61193975905458,29.71046140238983,13572200
2007-04-04,29.901348114013672,29.99371083336101,29.722776901424393,29.901348114013675,9163600
2007-04-05,30.030656814575195,30.104547458571968,29.765879462233777,29.772036037174665,7991000
2007-04-09,30.172304153442383,30.252353781349427,29.962945214338326,30.036835913744763,7509000
2007-04-10,30.32008934020996,30.38166453448056,30.159990076797452,30.17846216529001,8200100
2007-04-11,30.264650344848633,30.381644074753627,30.15996976635131,30.23386041950491,11971300
2007-04-12,30.29544448852539,30.49248783894328,30.006036039936987,30.49248783894328,9472400
2007-04-13,30.22770881652832,30.449383161398043,29.96293138781636,30.449383161398043,11266300
2007-04-16,30.769575119018555,30.941987431653025,30.36932956589815,30.461694647061808,15765000
2007-04-17,30.89888572692871,31.046667044629437,30.609477318764053,30.76957648670515,12238500
2007-04-18,32.062679290771484,32.43213499969112,31.668592574872633,31.754798750357743,39198500
2007-04-19,32.07498550415039,32.161191654666986,31.619321402780823,32.03803900438266,20708700
2007-04-20,32.35209274291992,32.45677101532208,32.08115632222262,32.419826848094246,21166800
2007-04-23,32.191986083984375,32.45060693953845,32.05036132813364,32.235089168419734,12675600
2007-04-24,32.11809539794922,32.19198606422993,31.804058304549763,32.05652023420562,10315700
2007-04-25,32.52448654174805,32.59837718293812,32.13039999014613,32.16734648521174,18088100
2007-04-26,32.598388671875,32.635335179961984,32.364401167483294,32.49371042237481,14440500
2007-04-27,32.35823440551758,32.51217462852094,32.10577253374973,32.49370255342178,14428600
2007-04-30,32.08114242553711,32.67227468348711,32.01341069864481,32.302816728650676,29900000
2007-05-01,32.17966842651367,32.3274520982113,31.773266265522402,32.265876938553326,13859000
2007-05-02,32.35823440551758,32.49370255342178,32.01956638469847,32.01956638469847,12968600
2007-05-03,32.45062255859375,32.58608845390331,32.247420192214825,32.530672189192394,9700300
2007-05-04,32.40749740600586,32.66611586115289,32.382866405818106,32.51217563339162,11974600
2007-05-07,32.469093322753906,32.604561561482186,32.35825609996586,32.51835535463436,7375400
2007-05-08,32.29666519165039,32.419817862475405,32.16119701884869,32.315137270144504,9028200
2007-05-09,32.75849151611328,32.7892791018195,32.28435517962235,32.35824585510573,12561700
2007-05-10,32.019569396972656,32.65380242375138,31.98878181926389,32.50602111117265,13478400
2007-05-11,32.111942291259766,32.253567062327974,31.847164830454197,32.09346786098674,12419400
2007-05-14,31.914892196655273,32.1180920952678,31.742477527806994,32.019570434043786,9328300
2007-05-15,32.03804397583008,32.456761642405695,32.019571897550556,32.074990481330914,11105000
2007-05-16,32.62300491333008,32.678423475909234,32.1427122702713,32.2473904723981,12924700
2007-05-17,32.36438751220703,32.635321410372505,32.327441019708615,32.49985328681928,9049900
2007-05-18,32.35209274291992,32.59223922567074,32.2966741431357,32.40135241553786,11115100
2007-05-21,32.36438751220703,32.51832770753897,32.21044731687508,32.25355038365275,10408300
2007-05-22,32.19813919067383,32.438285574539144,32.07498653642605,32.36439492156709,9665800
2007-05-23,32.0134162902832,32.41365954175453,31.976469783663845,32.222775129909174,11246900
2007-05-24,31.767108917236328,32.16735449211309,31.680902756233138,32.0195708240064,13105800
2007-05-25,31.79789924621582,31.927208498903337,31.56390939687038,31.730165157015147,10761300
2007-05-29,31.908742904663086,31.970318080664242,31.680911934727938,31.804064635672646,9552300
2007-05-30,32.05651092529297,32.05651092529297,31.619318933478937,31.668580929322136,10243400
2007-05-31,31.914892196655273,32.21045718032729,31.816368186489576,32.17351067651515,10976300
2007-06-01,31.95799446105957,32.06883162072571,31.810210798524178,31.97030761307436,12104800
2007-06-04,31.754791259765625,31.896415993075234,31.736319183359626,31.748634683944143,11095500
2007-06-05,31.53927993774414,31.705535693655477,31.520805510014977,31.5515954399163,13615700
2007-06-06,31.13286018371582,31.545418703307536,30.9481301043769,31.545418703307536,13877400
2007-06-07,30.677217483520508,31.188300318505554,30.627957817501244,30.972782526462566,17409400
2007-06-08,31.040504455566406,31.08360752729139,30.50479317202643,30.683364382853505,13508100
2007-06-11,31.052837371826172,31.305299368794575,30.806531953296854,31.04052186600545,11252000
2007-06-12,30.3878231048584,31.034374431766945,30.381666524605293,30.923537195665094,15388300
2007-06-13,30.966625213623047,31.02820038192029,30.492488901119547,30.560222995611774,14507600
2007-06-14,30.985084533691406,31.299123869925538,30.744938187713032,30.744938187713032,12440700
2007-06-15,31.13286018371582,31.39763745856504,31.04665171718541,31.18211981564981,18351900
2007-06-18,31.052837371826172,31.311455947233657,30.991262191665122,31.29914279035549,9290300
2007-06-19,31.311464309692383,31.329938747828773,30.96663945038886,31.059002245298082,12251900
2007-06-20,30.455554962158203,31.39767139879724,30.430923945095326,31.34840936467148,14920700
2007-06-21,30.689531326293945,30.714162332441585,29.975248590606558,30.597166227711302,19429500
2007-06-22,29.9998836517334,30.63411687763905,29.913677467506496,30.517123106037157,25110400
2007-06-25,29.778194427490234,30.30159019891274,29.593466646337653,29.999868704449803,17240200
2007-06-26,29.925989151000977,30.203082121628107,29.741261286896965,29.833626393420086,18963800
2007-06-27,30.32008934020996,30.35703351719508,29.605806281532775,29.716641161431234,16354200
2007-06-28,30.147645950317383,30.46784182425142,29.90134305809642,30.326217132712667,14430900
2007-06-29,29.8336238861084,30.357019848572286,29.618106105314652,30.31391676220194,21764700
2007-07-02,30.264650344848633,30.32622549765305,29.90750788154678,30.11071011389608,15717900
2007-07-03,30.618383407592773,30.767318620139115,30.43221616734352,30.525298603845698,7444000
2007-07-05,30.277069091796875,30.62458055838069,30.19019122515092,30.469440834443105,11613000
2007-07-06,30.388774871826172,30.5066802291692,30.066083908985313,30.171577802306224,10792400
2007-07-09,30.277069091796875,30.58114162505771,30.11572245324497,30.537702691734733,10577700
2007-07-10,29.482744216918945,30.140537322842032,29.45171675387168,29.97298618169435,21881800
2007-07-11,29.86749839782715,30.059870128123304,29.240732627700254,29.488957116962343,27232500
2007-07-12,30.736286163330078,30.798343482971966,29.86750499354591,30.2150165145617,19172800
2007-07-13,31.058969497680664,31.164465731546542,30.574934359544812,30.829363389493672,16393800
2007-07-16,30.922454833984375,31.313405283482663,30.860397516190865,30.972098320974556,12263900
2007-07-17,30.97829818725586,31.325812012644455,30.922450160549175,30.99691656340235,18302200
2007-07-18,30.332914352416992,30.587343361915686,29.681328095627066,30.28947542644726,35535600
2007-07-19,30.171567916870117,30.83556563740992,29.687532814820823,30.717660318697487,26199400
2007-07-20,29.51378631591797,30.28948505077157,29.402085508719473,30.28948505077157,30677800
2007-07-23,29.259361267089844,29.706162190354508,29.203510855776138,29.63169576435123,20520200
2007-07-24,28.13614273071289,29.135243013397847,27.999619004956333,28.936664339885315,35706200
2007-07-25,28.092702865600586,28.67602740386397,27.484555402157206,28.340925015667278,40175100
2007-07-26,27.354228973388672,27.645889956300103,26.99430378662343,27.490750279365486,51202000
2007-07-27,27.447322845458984,28.074088728222527,27.118427350238164,27.360444968777603,40020600
2007-07-30,27.770000457763672,28.01201796008914,27.062563953352782,27.770000457763672,32316300
2007-07-31,27.31079864501953,28.527095999357158,27.26735970742653,27.968591991383523,34080900
2007-08-01,27.5403995513916,27.577631563469378,26.808139995439202,27.118419388054832,44504500
2007-08-02,27.67071533203125,27.776209185445808,27.304585567235385,27.559014565331236,28297400
2007-08-03,27.08739471435547,27.894120744863002,26.926048087907475,27.676923727297496,36628500
2007-08-06,27.993410110473633,27.993410110473636,26.8577862783632,27.15565424238131,34200000
2007-08-07,28.13614273071289,28.576739014616034,27.397678436540954,27.918948046322473,30556500
2007-08-08,28.862194061279297,29.30899723707452,28.092702333236847,28.390570328018864,27447200
2007-08-09,27.410079956054688,28.508469271897262,27.410079956054688,27.949967794731727,39278200
2007-08-10,27.45973777770996,27.801044779464156,26.37996399638853,26.907440605685824,32549000
2007-08-13,27.199094772338867,28.191987957718187,27.106010000540273,28.06787571773475,21357600
2007-08-14,26.870197296142578,27.31700041842064,26.764703429629208,27.26735457494792,25217200
2007-08-15,26.68402099609375,27.565213111315874,26.566115709016273,26.76469428053797,27726700
2007-08-16,28.216819763183594,28.483660334626872,26.162768528113087,26.52889844935539,51414800
2007-08-17,29.172449111938477,29.96676546738789,28.638770880638408,29.836448772555634,57869900
2007-08-20,28.849796295166016,29.48276455310972,27.96860105989471,29.27177434471338,32691300
2007-08-21,28.669811248779297,29.215903545423295,28.390559371674787,28.62016541851917,23582300
2007-08-22,28.54570960998535,29.06077463705151,27.943766715039203,28.96148293976654,30844900
2007-08-23,28.340923309326172,28.905634170571282,28.018234770392244,28.824960852215654,21476600
2007-08-24,28.51467514038086,28.545702604545742,27.94375985732318,28.235423228409374,13248000
2007-08-27,27.869298934936523,28.48365326174621,27.856887473387978,28.39056848375424,13527200
2007-08-28,27.056360244750977,27.602452601355616,26.969482399500095,27.602452601355616,23516300
2007-08-29,27.38526725769043,27.447322206090284,26.777119767842606,27.230127519446256,21605200
2007-08-30,27.285980224609375,27.527997857953142,26.89502738838382,27.081194616552505,15581500
2007-08-31,27.627277374267578,28.005818611629948,27.472137678118667,27.92514530680422,16937800
2007-09-04,28.111305236816406,28.30988380742116,27.465923698729327,27.552803894706784,15416800
2007-09-05,27.410079956054688,27.906528869860313,27.348025025450912,27.819651020117487,15556800
2007-09-06,27.434906005859375,27.645896108130216,27.19909534886101,27.453524380960186,18994400
2007-09-07,27.00672149658203,27.298384914253674,26.808142853516614,26.851581783734414,21526200
2007-09-10,27.261157989501953,27.5838489645812,26.901232620944207,27.14945717631126,17181500
2007-09-11,27.63968849182129,27.82585565144627,27.09980065149183,27.279763264934985,15148000
2007-09-12,27.596261978149414,27.763813207340693,27.39768326960677,27.614877992311243,13896800
2007-09-13,28.2974796295166,28.4091804001188,27.54039952206646,27.565220074343916,20262100
2007-09-14,28.260251998901367,28.322306940081752,27.931354182361385,28.06787789365135,12482300
2007-09-17,28.10511016845703,28.31610026677029,27.856885687884688,28.16716510497807,17958300
2007-09-18,29.675119400024414,29.699942318300437,27.999610292293127,28.347124046426153,27267800
2007-09-19,29.519977569580078,29.824052378287092,29.271753139319507,29.768201999840645,31807800
2007-09-20,29.141443252563477,29.6316853159822,28.99871500003223,29.551012002031786,19553500
2007-09-21,29.246936798095703,29.501365810460044,28.936657399249242,29.47654289041378,20535000
2007-09-24,28.756694793701172,29.290375738734475,28.651198567075447,29.290375738734475,17346800
2007-09-25,28.60776138305664,28.70084615532289,28.32851180074607,28.70084615532289,16405200
2007-09-26,28.626384735107422,28.97389622853563,28.384367125828632,28.70705569337068,17485400
2007-09-27,28.676013946533203,28.71945286159059,28.347118627600604,28.669809401772145,12840300
2007-09-28,28.434001922607422,28.67601945793997,28.285069147284524,28.576730151976776,15587900
2007-10-01,29.048364639282227,29.19109291045807,28.185785729967275,28.216815570555287,17276200
2007-10-02,29.26555061340332,29.38345592392961,29.05456054329475,29.16005676197092,16003200
2007-10-03,29.403179168701172,29.690954392066875,29.184220278417033,29.221754724481215,12675700
2007-10-04,29.559589385986328,29.67219753646989,29.390677160260985,29.528309874512843,11132400
2007-10-05,29.766040802001953,29.953720272099943,29.578358945430026,29.684712156585714,13435600
2007-10-08,29.678436279296875,29.766022204662647,29.434452881959057,29.5971100711659,8305500
2007-10-09,29.759767532348633,29.84109613421716,29.396921069309908,29.77227980851861,12967500
2007-10-10,29.34688377380371,29.697220488120465,29.12166748506248,29.697220488120465,18858500
2007-10-11,29.19048500061035,29.79106020351518,29.109156362777288,29.409443964229702,27920400
2007-10-12,29.290576934814453,29.465744082189634,29.115409787439273,29.196736027878664,12507000
2007-10-15,28.946487426757812,29.290566653963182,28.646199971025528,29.259287158121342,16575300
2007-10-16,28.220809936523438,29.02783432496214,27.901752672966712,28.777593427524472,22510200
2007-10-17,29.009052276611328,29.478251968408134,28.62118119960509,29.428205242249124,34659600
2007-10-18,28.71503448486328,28.858922166067284,28.433514070997155,28.840152547493496,19397900
2007-10-19,28.16450309753418,29.152949534080637,28.126966250649946,28.64621522674958,29500400
2007-10-22,28.38346290588379,28.733799661013823,27.939287610495395,28.08943261597224,18094100
2007-10-23,28.740047454833984,28.771329346940323,28.233313258748275,28.72753517528611,13519100
2007-10-24,28.946487426757812,29.05283818991458,27.989321012456628,28.608663144131782,27352800
2007-10-25,28.808868408203125,29.121668287524493,28.24583005730888,28.840147918840525,20076400
2007-10-26,29.603378295898438,29.68470692698689,28.73379507467683,29.37816201686796,18851700
2007-10-29,29.19674301147461,29.715992017498404,29.096647133821996,29.647175654148363,18861900
2007-10-30,29.12790298461914,29.334349503563825,28.80884601924303,29.027807196485266,13131400
2007-10-31,29.403179168701172,29.747258447636067,28.80260416694503,29.37189966815671,23899100
2007-11-01,27.726581573486328,28.977781111591213,27.65151026941268,28.558630411833466,31730100
2007-11-02,26.99462127685547,27.826667429368467,26.312717678470243,27.807900206720713,39570300
2007-11-05,26.75689697265625,27.025905009613396,26.068735934625302,26.706847855792947,28852800
2007-11-06,27.59520149230957,27.739089128295248,26.70684873067074,26.70684873067074,28756400
2007-11-07,26.425331115722656,27.407522406885963,26.369027049953335,26.856994028971876,28980700
2007-11-08,26.65679931640625,26.85073366490757,25.449391898459037,26.594237924572692,37342800
2007-11-09,26.4691162109375,27.08220344629963,25.755930762644986,25.89982075049604,43587300
2007-11-12,26.5191650390625,27.326189046422247,26.1875980350274,26.343997925454964,27691800
2007-11-13,28.183259963989258,28.40222124391852,26.66931016015317,27.088460723761806,35927500
2007-11-14,28.245832443237305,28.79010361101849,27.801654763361224,28.715032301852712,25367400
2007-11-15,27.23235321044922,28.27084858011871,26.95083526462323,27.901744674764732,23434200
2007-11-16,26.957094192504883,27.59520624446509,26.575477950859433,27.363734997711223,29021800
2007-11-19,25.881046295166016,26.800678169210997,25.768438213182044,26.713094635772865,29656500
2007-11-20,26.043720245361328,26.49415047688405,25.199159086617772,25.881062961540863,33277800
2007-11-21,25.449390411376953,26.275181643541863,25.117823406689315,25.53071902277177,26759300
2007-11-23,26.243911743164062,26.400311691113227,25.624566899236907,25.96239135956081,10808400
2007-11-26,25.31175994873047,26.58172879492847,25.230433716724384,26.19385531385712,27132300
2007-11-27,26.494157791137695,26.575486455500364,25.38059060752748,25.59954964257179,28501100
2007-11-28,27.501365661621094,27.607718864822292,26.62552740451252,26.73187822123996,32246500
2007-11-29,27.307430267333984,27.58269330047397,26.907044419393543,27.13851804706388,23553600
2007-11-30,28.53985023498535,28.83388278130688,28.158234135241965,28.38970768239727,40113500
2007-12-03,28.283367156982422,28.727542454348406,28.120712254592735,28.71503255810405,21417200
2007-12-04,27.620216369628906,28.208278987059117,27.52637549856752,27.726567129457486,19315200
2007-12-05,28.089418411254883,28.27084045193281,27.482586134599973,27.86420221016759,20627900
2007-12-06,28.90894889831543,28.93397344810501,27.85794167187728,28.076902902827474,19130200
2007-12-07,28.827640533447266,29.28432811063802,28.68375047633578,28.908966790889885,15286600
2007-12-10,29.665935516357422,29.9474558480983,29.121664465973968,29.27806438511075,23388400
2007-12-11,28.740047454833984,30.041295890133203,28.464784464200676,29.47200029630812,38455700
2007-12-12,28.871435165405273,29.89741857784325,28.26460252341305,29.42196133675425,44364000
2007-12-13,28.627450942993164,28.940250899210838,27.983083796856516,28.67124513241997,41261000
2007-12-14,28.277095794677734,28.64619956795204,27.95178379226034,28.30212034558812,27651800
2007-12-17,27.85795021057129,28.464782603369475,27.7515994210768,28.039374672445224,19965700
2007-12-18,27.463829040527344,28.120708278272147,26.982116963121534,28.00810013620463,25224900
2007-12-19,27.513877868652344,28.214548949726478,27.313686131202594,27.463831127526785,21293700
2007-12-20,27.107234954833984,27.86420998580263,26.93206542373273,27.732834627331716,27147500
2007-12-21,27.59520149230957,27.638993277762893,27.10723451927349,27.476336029101986,26363000
2007-12-24,28.045629501342773,28.22079661497757,27.613964276352835,27.613964276352835,7679700
2007-12-26,28.11444091796875,28.14572280242185,27.676523173298037,27.97681064956055,14578700
2007-12-27,27.301183700561523,27.96432056169379,27.219855032103176,27.901759129620206,16530000
2007-12-28,27.06343650817871,27.69529341403976,26.788173554881343,27.645244302636794,16852200
2007-12-31,27.307430267333984,27.613972810937245,26.76941409606039,26.944581263833683,16361200
2008-01-02,26.613224029541016,27.63559770502789,26.505939240563126,27.484134135811843,22122300
2008-01-03,26.43021583557129,26.91615847580863,26.354482826685594,26.720518480669206,17150700
2008-01-04,25.830657958984375,26.379708647150515,25.641330384523364,26.133582559608133,25873800
2008-01-07,26.089414596557617,26.240878149297785,25.34472381106742,25.937951043817453,25644100
2008-01-08,25.054428100585938,26.240885296679714,24.87772017301953,26.165152295966045,33646000
2008-01-09,25.407838821411133,25.4583274879188,24.32235897324958,24.98500707285395,33546300
2008-01-10,26.083106994628906,26.594291413941328,24.801984988514246,25.098599834487818,41863600
2008-01-11,25.786489486694336,26.56904434229842,25.48987467134056,25.799111649840395,37520500
2008-01-14,26.102041244506836,26.34816745349408,25.62240858461669,26.045242703399634,22817000
2008-01-15,24.719934463500977,25.704441318579132,24.517984709756377,25.704441318579132,45240000
2008-01-16,26.14621353149414,26.916148655564186,25.3762784074241,25.534051840557694,63183100
2008-01-17,25.26899528503418,26.303988689053174,25.11753172002647,26.234567988734295,39647200
2008-01-18,24.985002517700195,25.666582539266262,24.309732374581138,25.395214432274585,51919100
2008-01-22,25.786489486694336,26.505935933999577,23.76698912452236,23.76698912452236,57178600
2008-01-23,28.85359001159668,29.124960356722244,25.243735119176748,25.496173433340587,77137000
2008-01-24,28.373971939086914,29.036619837109402,27.932205871261463,28.923025186887635,52062600
2008-01-25,27.54094123840332,28.9293484928482,27.269570631094126,28.82206126307287,38410900
2008-01-28,28.75895118713379,28.784195522986227,27.38947846747617,27.63560472345649,29739100
2008-01-29,29.945409774780273,30.16629170438163,28.241455550577378,28.992456518654468,56112700
2008-01-30,29.882295608520508,31.10661933193176,29.232269653056402,29.72452213137429,68343800
2008-01-31,29.913841247558594,30.41240342265389,28.935644122434034,29.28905744816771,55500600
2008-02-01,30.45028305053711,30.73427580917885,29.59830718204425,29.82549898152528,48834500
2008-02-04,29.169157028198242,30.38085600276973,29.049247662063536,30.18521846001413,28310200
2008-02-05,27.69869613647461,28.702134999448653,27.67345181613329,28.43076457435668,39045100
2008-02-06,27.591428756713867,28.235144886092087,27.30743599265989,27.938529953920995,27274800
2008-02-07,28.468643188476562,28.765258060329952,27.294808274045277,27.383161025465796,36818000
2008-02-08,27.654537200927734,28.373983931863958,27.301123715804497,28.373983931863958,26058300
2008-02-11,27.35791015625,27.76812201259035,27.02343127511274,27.69870132236986,25874000
2008-02-12,27.332666397094727,28.052112761032458,26.97925309225199,27.55354820797695,27193400
2008-02-13,27.83123779296875,27.875414169828066,27.143345400889693,27.484136657317553,26533400
2008-02-14,26.890897750854492,27.831225834160932,26.802545035100163,27.799671636738804,31180000
2008-02-15,27.2948055267334,27.2948055267334,26.512248193402204,26.76468666413657,29031400
2008-02-19,27.029743194580078,27.799675839282468,26.613219058889666,27.477819125031427,25811900
2008-02-20,27.231693267822266,27.351600200403563,26.411269557490066,26.739438560136676,30149700
2008-02-21,27.181196212768555,27.572473499480306,26.644767713364228,27.22537256413453,32878200
2008-02-22,27.72395133972168,27.780749879070203,26.449141551235122,27.174900397640503,30452700
2008-02-25,27.787057876586914,28.05842838983089,26.98556850112583,27.40840257818827,27917200
2008-02-26,27.591428756713867,28.10892561235338,27.39578876204726,27.59773863705622,24989300
2008-02-27,28.026872634887695,28.07736128918248,26.897214273073025,27.181206934902345,38566000
2008-02-28,26.783611297607422,27.780740332994444,26.75205709935248,27.768118172206265,36606500
2008-02-29,25.653959274291992,26.487002746419297,25.483563690343495,26.43020421843646,36856600
2008-03-03,25.130155563354492,25.641342421047508,24.884029360275882,25.590853760194534,31481900
2008-03-04,24.732563018798828,24.978691601779683,24.120403722733908,24.846160085580273,56449300
2008-03-05,24.448572158813477,24.978690988296503,24.050982434843323,24.839849597322143,36325600
2008-03-06,23.58397674560547,24.126717847437092,23.445137734215802,24.095163636095442,44356900
2008-03-07,23.703882217407227,24.663145010375494,23.104342670873105,23.28104815124592,43258700
2008-03-10,23.022294998168945,24.14564087282849,22.915010238198587,23.811162024178426,41281300
2008-03-11,24.511680603027344,24.77673881442279,23.451442942582496,24.284486474727515,58401200
2008-03-12,24.366531372070312,25.388902627508923,24.234002255286587,24.517992531985506,44572400
2008-03-13,24.05097007751465,24.58108863462408,23.116952125927615,23.88057456907623,45537900
2008-03-14,23.06016731262207,24.486438196995653,22.72568597197068,24.486438196995653,77776000
2008-03-17,25.439388275146484,25.931640597762904,23.35046723178946,23.35046723178946,125296300
2008-03-18,26.954004287719727,27.061291440476626,26.032608304893547,26.625835360802707,76994300
2008-03-19,26.802555084228516,28.329800960437016,26.783620632731356,27.301117368259185,70593300
2008-03-20,29.011367797851562,29.314292376769064,27.042354423741976,27.08022089889312,72777200
2008-03-24,29.37740707397461,30.393468171608088,28.41183462072516,28.66427062035211,66011200
2008-03-25,29.06817054748535,29.44051584811776,28.342411982842737,29.042926227035142,54485500
2008-03-26,27.837549209594727,28.6327263756421,27.74919645863745,28.56961795565316,41122700
2008-03-27,27.048673629760742,28.07735693073489,27.048673629760746,27.9069613600878,32154500
2008-03-28,26.954004287719727,27.667140655970762,26.916140216395583,27.263241178974674,29011900
2008-03-31,27.105478286743164,27.92589971787228,26.89090630560801,26.954014720528818,28920400
2008-04-01,29.66140365600586,29.66140365600586,28.184644313856396,28.4812591207945,54562600
2008-04-02,29.41964340209961,30.259477288409634,29.2287700785295,29.95408336857464,36597900
2008-04-03,29.44508934020996,29.92226776690941,28.834301536527857,28.866112946230157,30314400
2008-04-04,28.993362426757812,29.546888749161806,28.707054871357435,29.17150827142689,29875900
2008-04-07,28.97426986694336,29.737755708993284,28.929733415303787,29.54052111812189,24069200
2008-04-08,28.541624069213867,29.01880235188582,28.26804165965094,28.783395078676183,29187700
2008-04-09,28.185327529907227,28.74521734387242,28.04535689670645,28.74521734387242,28476400
2008-04-10,27.905378341674805,28.509804478149785,27.72723261064984,28.12169919808521,30230100
2008-04-11,27.059192657470703,27.930840184511617,26.99556984876249,27.561821098251155,41959900
2008-04-14,26.403865814208984,27.230974378399846,26.19390619817016,26.9764807424473,33774900
2008-04-15,26.798336029052734,27.167355125924157,26.263896168550616,26.836511171608116,37271800
2008-04-16,28.60525131225586,28.60525131225586,27.42184859909987,27.69543105115441,52568400
2008-04-17,28.707050323486328,28.834298375400206,28.102623897186454,28.2107855907824,30302500
2008-04-18,29.11423683166504,29.814099775868012,28.89791591102838,29.476894562866914,31398100
2008-04-21,28.777034759521484,28.936094205966143,28.376204274905664,28.815209900407837,23513400
2008-04-22,29.04426383972168,29.1396980774718,28.471648705000153,28.605258094083442,23703800
2008-04-23,28.72614097595215,29.29239229536569,28.433469709411263,28.891561755253623,23260300
2008-04-24,29.884078979492188,30.119486197193055,28.847011076782792,28.866097426931766,37769300
2008-04-25,30.405803680419922,30.456701440068144,29.610506466098755,30.087684794691455,24266600
2008-04-28,30.119495391845703,30.596673707668952,29.78229015865469,30.329452588739635,27175000
2008-04-29,29.954076766967773,30.373993617576918,29.661405534621412,30.11949752694215,20738700
2008-04-30,30.31673812866211,30.9466123159176,29.731397974983548,30.062241987574897,36280800
2008-05-01,31.334707260131836,31.481041642384422,30.335814248237153,30.335814248237153,31723700
2008-05-02,30.959333419799805,31.780080821791053,30.558502898144,31.748269414973397,27942900
2008-05-05,30.53942108154297,30.94661297430139,30.443984419841097,30.743017027922182,19276100
2008-05-06,30.666662216186523,30.98478111380868,30.062235825293516,30.119497323947687,25441400
2008-05-07,29.62959861755371,30.813001492242734,29.51507560212865,30.67939211659848,27636400
2008-05-08,29.298748016357422,29.903174366625635,28.827933438671664,29.890449320329477,26106000
2008-05-09,29.62959861755371,29.858644648403843,28.96154931227748,29.107883737086183,21730400
2008-05-12,30.055864334106445,30.087675727681937,29.591408765099988,29.78864328855405,20295600
2008-05-13,28.936107635498047,30.055888017320083,28.770686802326164,29.92863991569635,27485300
2008-05-14,29.209688186645508,29.502357101222863,28.821582595679427,29.266949707067642,24138200
2008-05-15,29.915904998779297,29.92863004745146,28.99972333787747,29.29875348698123,27289500
2008-05-16,29.604148864746094,30.106777390860803,29.298754962399876,30.106777390860803,20871400
2008-05-19,29.260578155517578,30.043150376072816,29.184227870301466,29.616869778307482,19402200
2008-05-20,27.80359649658203,29.050622188274087,27.676348432172546,29.050622188274087,48996100
2008-05-21,26.989200592041016,28.02626866586307,26.931941532146542,27.867209249567534,40611900
2008-05-22,27.39004135131836,27.822683321301017,26.78561485557303,26.976488168901554,28883300
2008-05-23,26.925579071044922,27.29459809930649,26.798331046573548,27.180075119987674,21440900
2008-05-27,27.364585876464844,27.61272064963156,26.912857634719337,26.97648286901382,28457800
2008-05-28,27.269149780273438,27.63180509598796,26.65836213560206,27.60635500402973,31688700
2008-05-29,27.720884323120117,28.03264195318791,26.906500610860448,27.160994307414143,22789000
2008-05-30,27.358226776123047,27.988103297709955,27.275515178387355,27.96901451235266,21391600
2008-06-02,26.817424774169922,27.21189153843984,26.50566717806563,27.12281863299708,30620500
2008-06-03,26.65199851989746,27.160988226097494,26.206631616827043,27.059190284857486,28503100
2008-06-04,26.486581802368164,26.944671394065846,26.187549242676475,26.55656835268364,30800100
2008-06-05,26.78561782836914,26.92559095979695,26.340253186653882,26.65837217476779,27755300
2008-06-06,25.506772994995117,26.58837771903042,25.417700093084186,26.58837771903042,39887900
2008-06-09,23.86528778076172,25.659481284067034,23.17178822100165,25.65311754452441,74856700
2008-06-10,24.36155128479004,24.959614074151762,23.642601733613784,23.687138195212256,54412400
2008-06-11,23.623510360717773,24.65421492443499,23.585335218708018,24.4951554733096,50965800
2008-06-12,24.18339729309082,24.654214324876335,23.941628680739054,23.99252644179301,53247700
2008-06-13,25.182294845581055,25.188656156070245,24.04978984118032,24.425170263465922,40465600
2008-06-16,25.411346435546875,25.863077288361282,24.87690638503949,25.11867751973594,34860200
2008-06-17,24.838727951049805,25.926694166718292,24.781466443538047,25.678561776518986,32510200
2008-06-18,24.647855758666992,24.97233599928866,24.13250221844512,24.514243963535883,35513700
2008-06-19,24.590593338012695,24.83236196827022,23.426276932872238,24.67966624674491,59944400
2008-06-20,24.08796501159668,24.9341600767587,23.50898867425801,23.979803316724315,55374100
2008-06-23,23.458080291748047,24.170668171255116,23.22903436098177,24.170668171255116,37741100
2008-06-24,23.998889923095703,24.342456480948808,23.06361960653199,23.41991363833115,43526200
2008-06-25,24.119779586791992,25.01687496199316,23.85892213519605,24.138865947842525,42317900
2008-06-26,23.108163833618164,23.909825068182318,23.031815953630502,23.642603847642487,45708400
2008-06-27,22.300138473510742,23.470816336196826,21.75933721565705,23.19087252685745,69316700
2008-06-30,21.829322814941406,22.586445028057646,21.60663809786844,22.179253167993284,50792600
2008-07-01,21.88722038269043,22.093096448203916,20.799937258307565,21.674909309621736,74620100
2008-07-02,22.260374069213867,23.00024300780293,22.02233028331241,22.105968217799802,51750200
2008-07-03,22.7171573638916,23.2189799162502,22.189599692377165,22.594916775019396,33028500
2008-07-07,21.90009117126465,23.128915192134354,21.59127702748048,22.83940116538774,48883600
2008-07-08,23.013107299804688,23.193248252259576,21.501201956352965,22.067362390943707,62285100
2008-07-09,22.054492950439453,23.63716852015301,21.93225480800763,22.993805225643236,50971000
2008-07-10,22.202476501464844,23.032416124962094,21.58484804156624,21.874362149092878,47807900
2008-07-11,21.333927154541016,22.16386640929947,20.645528612629004,21.475467867387458,71316700
2008-07-14,20.388181686401367,22.099526601942888,20.381747906662888,21.996588580363216,50370200
2008-07-15,19.95713233947754,21.115185932477573,18.81194508146593,19.77055637028537,88717800
2008-07-16,23.122482299804688,23.122482299804688,20.265949367693207,20.78063965443804,79957800
2008-07-17,26.249229431152344,26.371470062775238,24.31913899571119,24.479979865331284,132114600
2008-07-18,25.747398376464844,26.58377013715544,25.219840691064494,26.506567231891903,65409900
2008-07-21,24.865995407104492,26.345730677665802,24.672984431357644,25.953278626527418,41354400
2008-07-22,26.287824630737305,26.403630220195407,24.196893921640548,24.55074324310199,50104200
2008-07-23,26.99552345275879,27.664621873125494,25.32921240920806,26.31999247926227,59345600
2008-07-24,25.181238174438477,27.201398463946312,25.116902828674785,27.059860212418968,47454600
2008-07-25,25.425718307495117,26.01761137470331,24.756619876031397,25.20053967643754,35188000
2008-07-28,24.229068756103516,26.15272665684605,24.068227884792623,25.35495485527977,41673200
2008-07-29,26.217063903808594,26.217063903808594,23.920256293114516,24.40921149710036,50527400
2008-07-30,26.744613647460938,27.066295315055353,25.715233292853345,26.641675612000178,47954900
2008-07-31,26.13985824584961,26.995530377301435,25.92754712456318,26.13985824584961,37394100
2008-08-01,26.22348976135254,26.860420574602372,25.586561402339186,26.448668412364146,30773300
2008-08-04,25.82459259033203,26.30711488074701,25.033256328559702,25.824592590332035,27748000
2008-08-05,26.950485229492188,27.02125557725322,25.869634810063182,26.551600715299752,35763100
2008-08-06,26.628808975219727,27.194969417026606,25.95327794066734,26.60307385190204,33009400
2008-08-07,25.612300872802734,26.7317519470948,25.399989747608473,26.172026409948767,42712200
2008-08-08,26.422935485839844,26.796087447795138,25.348519751547215,25.41928766624941,37174200
2008-08-11,26.950485229492188,27.568113339384205,25.972572828378517,26.242786660353744,34643900
2008-08-12,24.396331787109375,26.384324207596602,23.81730636965543,26.371459103102055,65248300
2008-08-13,23.746543884277344,24.222633897953752,23.257588761847813,24.2161988893405,48575900
2008-08-14,24.3255672454834,24.7244518041162,23.431290197330895,23.540663234484082,41142300
2008-08-15,24.49284553527832,24.904597736985398,24.04249064432244,24.479977972195385,36656900
2008-08-18,23.63717269897461,24.467109630397463,23.579269894062634,24.396339262812084,32193100
2008-08-19,22.890867233276367,23.41842493927865,22.517715343830933,23.16751119246041,41424300
2008-08-20,23.804443359375,23.849478596418695,22.53058425248978,22.852265919508362,39065000
2008-08-21,23.328340530395508,23.54708404134726,23.025961599252646,23.276872768295977,30564500
2008-08-22,24.235496520996094,24.60864844671839,23.714373771659265,23.945984973247388,36022700
2008-08-25,23.244714736938477,24.09395402428831,23.212547065524745,24.061786352874574,27081000
2008-08-26,23.553537368774414,23.88165166333818,23.096749887509148,23.27045586718373,28810800
2008-08-27,23.894512176513672,23.945982417700925,23.077440504437394,23.514927737584316,23812300
2008-08-28,25.01396942138672,25.013969421386722,23.952418840632657,24.229065296120403,34724300
2008-08-29,24.763050079345703,25.052561549310333,24.505703823559607,24.7759151833228,23327100
2008-09-02,25.084733963012695,25.74739731896631,24.76948489359402,25.4514508157478,33267600
2008-09-03,25.547964096069336,25.573699225187035,24.730892153359953,25.033273784900395,28787600
2008-09-04,24.38990592956543,25.59299477737957,24.33843813475238,25.284180645791604,41510300
2008-09-05,25.477190017700195,25.573695510756192,24.029622347280032,24.126127840336032,42100300
2008-09-08,26.731748580932617,28.08924573754442,25.734535809174425,27.27217393109474,85629900
2008-09-09,25.393550872802734,26.982656594750395,25.380683311971882,26.25565781457946,56435300
2008-09-10,25.348520278930664,26.01761638500835,24.956068191549388,25.728104803124733,46100400
2008-09-11,26.79608726501465,26.82181993644143,24.396339562986658,24.608650668355086,57012300
2008-09-12,26.487266540527344,26.995524149161806,25.856770785383294,26.274957922459503,51417100
2008-09-15,23.804443359375,26.924754547760696,23.804443359375,24.69871800100884,92112900
2008-09-16,26.210630416870117,26.345736164641924,22.53059036279377,22.890874811088935,90368100
2008-09-17,23.013107299804688,26.172021246812893,22.839398900979013,25.142640869590092,104396300
2008-09-18,25.927547454833984,26.41007005928215,21.90009319623753,23.502066868632784,132982000
2008-09-19,30.27024269104004,30.88143831520913,27.375107848989185,30.238075016975607,88523900
2008-09-22,26.249229431152344,29.53038464394445,26.217061748075707,29.395276448243525,44934200
2008-09-23,26.094823837280273,27.137071995880007,25.77314209475371,26.088388828057063,32404400
2008-09-24,26.056217193603516,27.34294396859628,25.876076230460228,26.699580581099898,27186400
2008-09-25,27.9605712890625,28.95135146142583,26.57090651708352,27.182102205449805,36831300
2008-09-26,31.035850524902344,31.524805613741197,26.043349322721077,26.088384562973214,148081400
2008-09-29,26.37789535522461,30.559756813979728,26.377895355224606,29.96786375477393,79528000
2008-09-30,30.045080184936523,30.48900017911818,28.160024667319572,28.713317748154214,66987800
2008-10-01,31.930126190185547,32.16816996070854,29.78772489276879,30.18017695896729,59424300
2008-10-02,32.3191032409668,32.3191032409668,30.28984130568965,31.930107990754124,53944700
2008-10-03,29.758235931396484,32.824824987039676,29.323855181049492,32.617360366124906,68639000
2008-10-06,28.526409149169922,29.271986741201545,27.035256438279745,28.195763222227967,63065300
2008-10-07,25.49223518371582,29.654498706532728,25.485752997399825,29.45351630631542,62396200
2008-10-08,25.479265213012695,28.234656542720092,24.96060381029054,25.239384777973573,75686800
2008-10-09,23.78065299987793,27.67710020339834,23.780652999877933,26.600876647708038,88790300
2008-10-10,26.99635887145996,27.229757185904013,22.704431169408384,22.71091335673257,112976400
2008-10-13,27.2232608795166,28.57826485945946,25.712657279586736,28.46804794672448,81628900
2008-10-14,26.39339828491211,28.234647531833687,25.71265525652027,28.092017237337444,95288900
2008-10-15,24.954116821289062,27.093596241417107,24.63643538211342,25.498711807610036,84755700
2008-10-16,26.250778198242188,26.58142409266219,23.540769397770607,25.29773610399241,75112400
2008-10-17,25.498729705810547,26.834283189048282,25.323680929496355,25.693227521768343,60991200
2008-10-20,26.36099624633789,26.386929940091544,25.155106691697753,25.939582378947076,44732100
2008-10-21,25.7645206451416,26.75646033994024,25.67375277155328,25.88121725055467,41780700
2008-10-22,24.098323822021484,25.965507081804194,23.34626427578811,25.38201401342806,60825200
2008-10-23,24.5391845703125,25.122680064300578,23.223081089971952,24.221505613830622,63917000
2008-10-24,22.970239639282227,24.461392142538884,22.373777154075928,22.76925725791993,61968800
2008-10-27,22.043127059936523,23.274949855495993,21.60874897852516,22.756286063783218,62712700
2008-10-28,24.37710952758789,24.454910597155884,21.083607584232592,22.659043381979036,73082500
2008-10-29,23.151775360107422,24.88281114059313,23.0221093602716,24.05943488578491,61823300
2008-10-30,24.39008331298828,24.636448490380666,23.359242343016465,23.91680446771705,47372000
2008-10-31,26.743505477905273,26.743505477905273,24.16964488655583,24.176129545587838,86948900
2008-11-03,26.406383514404297,26.743514171652013,26.062770669190133,26.743514171652013,45059900
2008-11-04,27.3399600982666,27.50204191760137,26.50361979011012,26.743500190237338,48917100
2008-11-05,25.427385330200195,27.553897065231517,25.03838765243539,27.054684986327956,53524900
2008-11-06,24.805004119873047,25.777495176122486,24.545674655443452,25.258833774090647,56467100
2008-11-07,24.474365234375,24.973577749181466,23.644506754267297,24.785562164415392,50210800
2008-11-10,23.605606079101562,24.947643914439645,23.11287822757518,24.817977909351647,41558500
2008-11-11,23.56670570373535,24.279867500219975,22.866513228342715,23.223092889998348,61577400
2008-11-12,22.412687301635742,23.534293871332096,22.244123196026383,22.96376483057757,56726100
2008-11-13,24.111305236816406,24.312287705524643,21.718977016935348,22.46455482917429,74523600
2008-11-14,22.347850799560547,23.929769085889887,22.14686837447709,23.553740403714738,55941000
2008-11-17,21.245691299438477,22.60717798504206,21.07064258731693,21.92643464224027,57560400
2008-11-18,20.83724021911621,21.459633869183644,19.683218350469613,21.239202475638198,67807700
2008-11-19,18.4578800201416,20.759442955695796,18.334698708572652,20.545494970261,90226200
2008-11-20,15.157891273498535,18.613475628987572,14.470664702435036,17.984598612094064,160729900
2008-11-21,14.729998588562012,15.832155701037527,12.765567290531399,15.391292856047322,194075000
2008-11-24,17.880861282348633,18.373590024363917,14.587359679687145,15.507984206713056,137382200
2008-11-25,19.300708770751953,19.910135692486698,18.47733260020756,19.20994208552124,105430800
2008-11-26,19.851787567138672,19.936069593680557,18.263384779674233,18.645898083813236,55644900
2008-11-28,20.52604866027832,20.70109738299041,19.534107134829704,19.683223400428844,22787500
2008-12-01,16.93430519104004,19.903643398965407,16.869472230679442,19.884193139881468,70984500
2008-12-02,18.496782302856445,18.73666276309651,15.955338689350699,17.206610846031474,81316000
2008-12-03,19.611902236938477,19.929582488419193,17.53077204767105,17.790102739024054,64914200
2008-12-04,20.1500186920166,21.329975783178334,19.287743164705017,19.346092738752056,80719600
2008-12-05,21.621715545654297,22.04312930097128,19.27477129492154,19.715634078794764,73599200
2008-12-08,23.657470703125,24.441946356043704,21.783802218777083,22.023685165740762,84589300
2008-12-09,22.01719856262207,23.145289360233882,21.822700831495297,23.12583785590022,65827700
2008-12-10,21.731935501098633,22.66552609924739,21.446672325513056,22.302464325442628,47919600
2008-12-11,19.41092872619629,21.239211127141903,19.281262711321425,21.135478809876716,70746400
2008-12-12,20.059253692626953,20.240784605703677,18.159653872765944,18.43843490251846,59939000
2008-12-15,18.56161117553711,19.307188604819405,18.263381193093203,19.021924229352777,51629100
2008-12-16,20.9733943939209,21.23272639256503,18.697765874852898,18.80798160330067,75822100
2008-12-17,20.65571403503418,21.32349055210926,20.130567882675095,20.422315745096807,46719900
2008-12-18,19.585969924926758,21.128989810861068,19.52762159728784,20.850208834359453,57491500
2008-12-19,19.657285690307617,20.260230343174296,19.307189553002452,19.52113753596292,55696800
2008-12-22,19.333120346069336,20.221329312205324,19.13213922455304,19.864748546807657,36378400
2008-12-23,18.872812271118164,19.70915402999219,18.872812271118164,19.598938315162197,26931700
2008-12-24,19.352569580078125,19.372018607087874,18.574576348448254,18.574576348448254,12339700
2008-12-26,19.32015609741211,19.61838734554916,18.963576520716945,19.48223794801653,12630500
2008-12-29,19.307191848754883,19.462790287901782,18.671830009838615,19.44334001928849,22318000
2008-12-30,20.104629516601562,20.13056196531259,19.372018982575778,19.37850240390008,29842400
2008-12-31,20.4417667388916,20.707580917808805,19.735089657403456,19.90365495759744,25891700
2009-01-02,20.573007583618164,20.763315453535412,19.99551895753739,20.46800987918009,32494900
2009-01-05,19.194913864135742,20.192393449100546,19.083353630926894,20.166143393441267,44069400
2009-01-06,19.608339309692383,19.96270749833369,19.365532589331213,19.549279196590188,44216300
2009-01-07,18.433677673339844,19.293346871497697,18.374616306506645,19.12928779733246,42156500
2009-01-08,17.862749099731445,18.34180248199876,17.626504916403523,18.308989920653747,52075800
2009-01-09,17.04246711730957,18.079321081770996,16.937469342554405,18.079321081770996,42597500
2009-01-12,16.346853256225586,17.160586472620118,16.077796356114167,17.009652358249703,59360000
2009-01-13,17.291824340820312,17.449320880627987,15.926853077482571,16.543714212144817,73422800
2009-01-14,17.003087997436523,17.245896058635303,16.248416255790733,16.7930925129791,73907300
2009-01-15,15.97279167175293,17.751191447248438,15.592174667113987,17.416512035098663,136759300
2009-01-16,14.975314140319824,16.40590966322007,13.472533466038085,16.294349427443308,156843400
2009-01-20,11.871316909790039,13.958148920710187,11.61538510713171,13.780964787329049,142090400
2009-01-21,14.850629806518555,14.988440107189994,12.389743202908178,12.658801289774168,136421400
2009-01-22,15.159064292907715,15.63811666571333,13.918776383742118,14.673449404515079,110240800
2009-01-23,15.933411598205566,16.130281910728353,14.312507768529013,14.384694133900464,74369200
2009-01-26,16.07779312133789,16.898088688753088,15.579053266148845,16.40591134830397,74278400
2009-01-27,16.44527816772461,16.51746454738952,15.789041993814294,16.484653239362473,50766500
2009-01-28,18.15150260925293,18.223689029239573,17.285270576100675,17.84307188583413,91373900
2009-01-29,16.688091278076172,17.836504938562417,16.569968529872995,17.54776058202927,58624200
2009-01-30,16.740585327148438,17.705252074120835,16.143410495450595,16.93745568312772,74937200
2009-02-02,16.53715705871582,16.852150216563167,15.979355892733095,16.405909283776985,51532900
2009-02-03,15.78248405456543,16.70121596556285,15.552802328487608,16.42559664259793,66166300
2009-02-04,15.775922775268555,16.73402726492881,15.579051115266473,15.913731810765633,55330300
2009-02-05,16.104032516479492,16.615895810529466,14.75874792574026,15.57904294996996,79815500
2009-02-06,18.131813049316406,18.2433732988769,16.602782129853015,16.74059243892032,76845200
2009-02-09,17.902128219604492,18.35493040346742,17.259015640268792,17.48869861491215,54360000
2009-02-10,16.156539916992188,18.118686505423106,15.946543228008805,17.626509229846643,91948700
2009-02-11,17.12120246887207,17.46900810366042,16.497777581453818,16.569963963612263,64712000
2009-02-12,17.186832427978516,17.206518719780945,15.861234540843025,16.63559372742062,80536400
2009-02-13,16.202478408813477,16.98996140305203,16.182790864580625,16.569970472791468,58580600
2009-02-17,14.207518577575684,15.224685803556076,14.207518577575684,14.962190228031028,91424800
2009-02-18,14.115638732910156,14.634064603674906,13.780958170009404,14.555316972210631,82868300
2009-02-19,13.518470764160156,14.634071948764143,13.479096928665623,14.483137869642045,66502700
2009-02-20,13.059103012084961,13.780963241748967,12.304431465847292,12.934417756096355,135941600
2009-02-23,12.803169250488281,14.148453047902274,12.7834817125976,13.715337227677706,101615400
2009-02-24,13.794086456298828,13.846585306920453,12.44223886236715,13.210035335003,186379900
2009-02-25,14.26002025604248,15.237812587622853,13.203480237603939,13.669407597918541,135790100
2009-02-26,15.126250267028809,15.867798185643865,14.962191148073304,15.303434415901972,125043400
2009-02-27,14.995002746582031,15.487180071404167,14.141894632554001,14.19439349713483,109872500
2009-03-02,13.885958671569824,14.719378992767885,13.826897310119802,14.24032684026996,94984900
2009-03-03,13.787528991699219,14.37157907516871,13.518472127291579,14.227207496016641,85590100
2009-03-04,12.66535758972168,14.266574196176753,12.337239504478413,14.266574196176753,145009700
2009-03-05,10.893524169921875,12.468491233262872,10.526032147199007,12.140373042913849,153808900
2009-03-06,10.453847885131836,11.595699271131089,9.817298290292106,11.280706044304775,155154800
2009-03-09,10.434155464172363,11.346324645067558,9.856668151463316,10.086350448922783,132882900
2009-03-10,12.796603202819824,12.796603202819824,11.241323185895734,11.385695920535419,149090800
2009-03-11,13.38721752166748,13.721898116168061,12.54723603116044,13.354406214071231,155421000
2009-03-12,15.224682807922363,15.309992977012067,13.124726126942928,13.223161322560715,151894700
2009-03-13,15.585615158081055,15.96623223608522,15.034376458672034,15.480617429781399,120464600
2009-03-16,15.152494430541992,16.583089591410957,15.067183020946363,15.953102168900847,125001900
2009-03-17,16.49777603149414,16.550274872221344,14.61437902519356,15.2903014430974,99884700
2009-03-18,17.790565490722656,17.934937017983067,15.867793039837377,16.287783847628635,142105800
2009-03-19,16.373098373413086,17.987439286316192,16.136852873311526,17.882441564420297,124920200
2009-03-20,15.191874504089355,16.26154068449469,15.191874504089355,16.182791754902485,108922700
2009-03-23,18.93898582458496,19.14241878948261,16.49122272391362,16.602782979181065,146776000
2009-03-24,17.324636459350586,19.227721302125648,17.19338996255272,18.40742600337163,133143000
2009-03-25,18.74210548400879,18.84054066347747,17.016204832199524,17.84306259274463,149452500
2009-03-26,19.096479415893555,19.424597614614502,18.144936138934163,19.063666845018503,133663400
2009-03-27,17.980878829956055,19.162105213970865,17.9021311553581,18.55180510331397,108610200
2009-03-30,16.307472229003906,17.304951700736144,16.261535888486346,16.845585792217733,104860500
2009-03-31,17.442760467529297,17.784003637349166,16.30747199082579,16.884959372952856,84307400
2009-04-01,18.46649169921875,18.55836564537908,16.596218980431715,16.596218980431715,106016900
2009-04-02,18.512508392333984,19.505189218366382,18.019455076656268,19.4460227201731,131840800
2009-04-03,19.24880599975586,19.24880599975586,18.078625429633853,18.394179318015173,80949500
2009-04-06,18.538806915283203,18.998989300872783,18.196956283314115,18.584825028452208,72188000
2009-04-07,17.91427230834961,18.44019539749363,17.756495381606403,17.93399489440484,73652600
2009-04-08,18.032602310180664,18.295563810907275,17.42779023155979,18.04575069869183,66538300
2009-04-09,21.52999496459961,21.75351256988756,19.853614178839415,20.01139109070748,147913000
2009-04-13,22.154531478881836,22.450363996459306,20.91203615895601,21.043516302624134,110196200
2009-04-14,20.182323455810547,21.85870482830073,20.14945247064611,21.720650452309716,109541400
2009-04-15,21.405094146728516,21.674629925716523,19.899637048278684,20.129728903339103,108069400
2009-04-16,21.852130889892578,22.35833024547098,21.2736141163463,22.35833024547098,132956000
2009-04-17,21.865270614624023,22.33860261486472,21.38536567340173,21.92443711465411,104962100
2009-04-20,19.518335342407227,21.313047648343126,19.48546437283742,20.892310522943124,109372200
2009-04-21,21.3853702545166,21.63518469791363,18.97927083809611,19.110751002184262,115629300
2009-04-22,20.971193313598633,22.443778541946042,20.589898935311346,20.800268074518264,124080300
2009-04-23,21.832395553588867,22.187394466931362,20.813419420370938,21.188139659633027,89366500
2009-04-24,21.944164276123047,22.68045665970353,21.201296442766342,22.128236745068342,117098100
2009-04-27,21.549720764160156,22.200552384705656,21.299908835934065,21.38536962347486,67832500
2009-04-28,21.55628776550293,22.16767396985285,21.22101016554412,21.26702826627597,65809900
2009-04-29,22.667299270629883,22.719892816766496,21.85869230726679,21.983598217643777,84731300
2009-04-30,21.69434356689453,23.14720657965429,21.52999247926654,23.015725207992187,94556900
2009-05-01,21.35907554626465,22.20055259193215,21.07639138102333,21.595739084509074,68254100
2009-05-04,23.528507232666016,23.65341318260634,21.628608663167984,21.7337932809596,100918400
2009-05-05,22.890825271606445,23.63369308417565,22.654159242271177,23.304990822943164,63488200
2009-05-06,24.468595504760742,24.554056281394057,23.37730417020543,23.548228231271125,102644800
2009-05-07,23.166933059692383,25.45470015965856,22.831655398296274,25.31007038354268,113228400
2009-05-08,25.59932518005371,25.59932518005371,23.79803861659764,24.192480234169416,110026400
2009-05-11,23.55479621887207,25.099695251631996,23.554796218872074,24.55404850330169,86808000
2009-05-12,23.245820999145508,23.837483480272404,22.391195743429634,23.824337598561943,94148900
2009-05-13,22.38461685180664,23.186650933923506,22.14137795279358,22.81193066783905,82160700
2009-05-14,23.36416244506836,23.416753514322984,22.23342561639635,22.430646514750823,68764300
2009-05-15,22.949989318847656,23.456191047819996,22.614714151761543,23.304988324796927,68301000
2009-05-18,24.494888305664062,24.554054805514898,23.14063676565438,23.4759119262765,71730900
2009-05-19,23.541650772094727,24.770996209413138,23.515353996116072,24.521181853213083,59860600
2009-05-20,22.713319778442383,24.166182789271293,22.52267191517563,24.067573641504698,77073900
2009-05-21,22.943410873413086,23.245816246909246,22.134801384588883,22.47665191854912,65068100
2009-05-22,22.62128448486328,23.20637397843694,22.62128448486328,23.180077201517104,39227200
2009-05-26,24.021556854248047,24.034705242897292,22.43063693687168,22.43063693687168,65462400
2009-05-27,22.7856388092041,24.13989291898241,22.7856388092041,23.99526313321801,76374100
2009-05-28,24.093881607055664,24.107027493290904,22.746200058167354,23.10119917371256,66107300
2009-05-29,24.25823402404785,24.369991617419302,23.45619950107677,23.89665943890524,61932300
2009-06-01,23.73887825012207,24.803872898677014,23.51536060706246,24.58693070535994,90184500
2009-06-02,22.680456161499023,23.3510090793836,22.64758643673786,23.055176540934635,159381700
2009-06-03,22.338603973388672,22.9894355133,22.121661798617616,22.61471515958711,72136300
2009-06-04,23.239242553710938,23.29840904497379,22.50295039072763,22.614710433245712,70954200
2009-06-05,22.713319778442383,23.508778439633026,22.680450062520183,23.482484171574413,61583800
2009-06-08,23.265544891357422,23.48906252203067,22.713325010152875,22.713325010152875,61615100
2009-06-09,23.180082321166992,23.52193297323141,23.068324756272457,23.48249030693886,58992300
2009-06-10,22.903966903686523,23.449611192249016,22.594986066817125,23.383871762522904,60176100
2009-06-11,22.969711303710938,23.581097662092795,22.706751020107376,23.055174587086636,66560900
2009-06-12,23.094615936279297,23.29840968348202,22.877671293103806,22.917116457626246,41157300
2009-06-15,22.35175323486328,23.035454523919135,22.30573512000367,22.930269903125865,55388500
2009-06-16,22.02304458618164,22.608134026178718,21.944156770444557,22.52924621044163,56344000
2009-06-17,21.516855239868164,22.03620554773571,21.155283161304634,21.97703902522169,65456600
2009-06-18,22.46350860595703,22.555547334496953,21.58916200111866,21.595734942114902,63861500
2009-06-19,23.009153366088867,23.088041189731822,22.213694665875767,22.779062835547457,77009100
2009-06-22,21.608882904052734,23.009155041626855,21.602309963186634,22.80535876559342,70388300
2009-06-23,22.069072723388672,22.410923424100808,21.648334171065915,21.76666720238164,59046500
2009-06-24,21.996755599975586,22.30573654039332,21.74036822720314,22.20712485495807,50429500
2009-06-25,22.44379234313965,22.470089128660486,21.56944554086746,22.009905413243782,57205700
2009-06-26,22.64757537841797,22.83822319986247,22.009892496661276,22.272855181950106,46722500
2009-06-29,22.746187210083008,22.81192914312386,22.37804241624754,22.713317497461745,34914800
2009-06-30,22.424068450927734,22.87110372260949,22.26629026359332,22.74619525952831,39470600
2009-07-01,22.233139038085938,22.75983415288688,22.1541353987359,22.56232379877158,36463700
2009-07-02,21.245588302612305,22.233142749524358,21.245588302612305,21.963211301160964,38352200
2009-07-06,21.462846755981445,21.462846755981445,20.797894602193036,21.087576305871455,60664000
2009-07-07,21.601102828979492,21.989540909800162,21.15341139645804,21.482596125577924,56704900
2009-07-08,21.535268783569336,22.04879877389938,20.9295699635399,21.680110897698412,71784600
2009-07-09,22.134374618530273,22.219963328640038,21.640597655671606,21.65376534272538,41655600
2009-07-10,21.291671752929688,22.167301965134985,21.206083006585224,21.930291032265078,51037400
2009-07-13,22.852008819580078,22.852008819580078,21.350926895425495,21.640608622978604,70454200
2009-07-14,22.84542465209961,23.102188383358484,22.42406852783062,22.733500518882817,52924000
2009-07-15,23.872480392456055,24.208250292093428,23.049518399298734,23.115356865639733,84050100
2009-07-16,23.78689193725586,23.971234602874436,23.187775762515034,23.372118428133607,71465100
2009-07-17,24.28725242614746,24.491347891860155,23.819810645929927,23.977817932336723,61742300
2009-07-20,24.34650421142578,24.649353583681027,24.08974050401458,24.372839594616767,43554400
2009-07-21,24.320173263549805,24.563771835271407,24.096327488563983,24.491350774028813,43509400
2009-07-22,24.24774932861328,24.576934070985025,23.83955843980652,23.964650249255158,40137700
2009-07-23,25.11679458618164,25.327472601412875,24.076569688432382,24.32675077332449,56528800
2009-07-24,24.96537208557129,25.182635242191036,24.62302213029011,25.050960830131842,35328600
2009-07-27,25.10363006591797,25.985845307893644,24.734942236972188,24.99829104500208,30479300
2009-07-28,25.070720672607422,25.149724337461258,24.787621486109842,24.846874862620524,29035900
2009-07-29,24.866619110107422,25.176053613545662,24.64935594518765,24.879786802964436,29931400
2009-07-30,25.327472686767578,25.86075031584629,24.952202313904763,25.103626980895015,38531000
2009-07-31,25.44598388671875,25.44598388671875,24.971957011243408,25.268223808415495,39085700
2009-08-03,26.071435928344727,26.170192375864833,25.669832570082235,25.755418812353486,42957800
2009-08-04,26.473047256469727,26.66397508825223,25.788342108238105,25.854180590653435,43363800
2009-08-05,27.506685256958008,27.783201836874216,26.505963011775574,26.55863379327622,63334100
2009-08-06,26.828554153442383,27.954365270991133,26.47961916076448,27.835858573198628,54175600
2009-08-07,27.888526916503906,28.395471632808153,27.11165085894465,27.177486791356177,65696000
2009-08-10,28.105798721313477,28.454736334519524,27.65810717007166,27.67127486410593,43700600
2009-08-11,27.15115737915039,27.98728437535498,26.953644533830726,27.83585970236202,50698800
2009-08-12,27.789772033691406,27.94778179623483,27.012895933436194,27.118234937971817,43077100
2009-08-13,28.244054794311523,28.309890744940102,27.526431881945683,28.132130664466303,40385300
2009-08-14,27.947786331176758,28.211132629507663,27.51984514310351,28.066293044443796,38413900
2009-08-17,26.81538963317871,27.37500521923149,26.80222194170308,27.131406694152826,39162800
2009-08-18,27.45400619506836,27.57251289538003,27.032650154618022,27.058983023536086,29053600
2009-08-19,27.263090133666992,27.585692403044284,26.993158647649743,27.091915110709227,29394100
2009-08-20,27.928037643432617,28.06629717022206,27.30917111432649,27.342089092521785,29634300
2009-08-21,28.744413375854492,28.84316980924756,28.000455109006566,28.217718257879138,42863600
2009-08-24,28.316476821899414,29.12627368092489,28.27697625125094,28.876092517067583,40385200
2009-08-25,28.691747665405273,29.06043302495855,28.507402474147984,28.566655837144854,34835700
2009-08-26,28.50740623474121,28.82342337525213,28.257225056698033,28.56665960555457,31908400
2009-08-27,28.606155395507812,28.724662106915954,28.007039248491246,28.342806589827422,28975700
2009-08-28,28.257232666015625,28.87610193038241,27.98730112883915,28.843183940284142,27263600
2009-08-31,28.612743377685547,28.704914723599693,27.691027407063284,27.941206056978587,32251100
2009-09-01,27.43425941467285,28.84975502769791,27.36184086993167,28.362562940992067,51475400
2009-09-02,26.900968551635742,27.72393013233199,26.82854753069776,27.32890706671013,35898500
2009-09-03,27.72394371032715,27.81611505066998,27.065574123329043,27.144577770554232,35019600
2009-09-04,27.875354766845703,27.974111161138893,27.51325217356973,27.868772179249895,21880200
2009-09-08,28.007036209106445,28.336220924742918,27.552759694180864,28.17162856692468,28089300
2009-09-09,28.217716217041016,28.35597320460757,27.908281758837564,28.046538746404117,29031600
2009-09-10,28.323049545288086,28.408638263418926,27.783186882886923,28.132121832334573,25112100
2009-09-11,27.980695724487305,28.56664400958689,27.967528036886467,28.395469093735176,27289900
2009-09-14,28.80365562438965,28.869491546939326,27.658091987077245,27.704180146637373,28945000
2009-09-15,28.434978485107422,29.09993310253743,28.013622396805044,28.7114949877311,49985400
2009-09-16,29.39619255065918,29.415942827531726,28.448139077100777,28.540310384479007,38721900
2009-09-17,29.600284576416016,29.699040980849432,29.099924988936607,29.15917832930072,35705700
2009-09-18,29.59369659423828,29.850460185190425,29.42910429116852,29.784624268554214,39492000
2009-09-21,29.33036231994629,29.494954703909492,29.113101679084707,29.323779729639167,24070000
2009-09-22,30.594423294067383,30.607590981926712,29.28426723408016,29.50153031653961,41148100
2009-09-23,29.66612434387207,30.61417532063647,29.613453589423035,30.54833938905498,34427200
2009-09-24,29.211849212646484,30.153317643893498,29.139428177707494,29.764879602249767,42231400
2009-09-25,28.737834930419922,29.152605982938894,28.533739443995735,29.06701974056686,31056100
2009-09-28,29.501537322998047,29.514705013984635,28.764161696630747,28.9485068589627,25826100
2009-09-29,29.547630310058594,29.758308395106923,29.251363468121603,29.554212901443467,23930600
2009-09-30,28.849742889404297,29.55419784838199,28.592979260998547,29.494944510174538,40904000
2009-10-01,27.236743927001953,28.678574655455723,27.23016133743631,28.57323564204414,50562700
2009-10-02,27.592697143554688,27.94864748999839,26.71600490300106,26.907163701778547,43061100
2009-10-05,28.87147331237793,28.957165605392717,27.91568200965316,28.001374302667948,34430200
2009-10-06,29.603147506713867,29.66247255239942,29.04944791848832,29.240606678421663,41695700
2009-10-07,30.12389373779297,30.202992972199915,29.30652660052345,29.39880945975144,36148700
2009-10-08,29.860240936279297,30.61169031851824,29.695449316857754,30.348025236156108,36627700
2009-10-09,30.222766876220703,30.28209193011407,29.715211155101027,29.96569248085587,26034200
2009-10-12,30.374361038208008,30.598474994553353,29.893167795119606,30.565517207709505,24220600
2009-10-13,30.09752082824707,30.34141155527391,29.352662510305848,30.090930274335577,45701900
2009-10-14,31.086275100708008,31.29061750959058,30.73691785071713,31.10604928028658,70368700
2009-10-15,31.086275100708008,31.191741582659176,30.558942690952172,30.558942690952172,36096800
2009-10-16,30.361207962036133,30.90172425645815,30.321657069327028,30.78307409285132,37459000
2009-10-19,30.30846405029297,30.60508936742953,29.959106740398635,30.598496296759993,30415400
2009-10-20,30.34141731262207,30.71055126468088,30.170035218695784,30.1964024683827,30614800
2009-10-21,29.43177032470703,30.598492226027446,29.43177032470703,30.334827268276367,32991600
2009-10-22,30.130495071411133,30.235961593188307,29.550430458896795,29.609753020033743,32388900
2009-10-23,29.814077377319336,30.453469191222222,29.63610225856744,30.1238861967599,27638200
2009-10-26,28.88465690612793,29.80089733856373,28.706681765979255,29.741572291847504,42085500
2009-10-27,28.93739891052246,29.4383641459922,28.78578846270908,28.996723972639106,38075200
2009-10-28,28.133211135864258,28.878069580234577,28.014561029167417,28.825335081916304,45679500
2009-10-29,29.23401641845703,29.26697673607494,28.18594218699507,28.489160513253147,35898600
2009-10-30,27.533369064331055,28.983535027557977,27.507001816113302,28.9703514034491,58853300
2009-11-02,28.067291259765625,28.245263878230308,27.368574350406263,27.803623837304272,44598100
2009-11-03,28.146394729614258,28.317776819922376,27.671794303346744,27.74430298119531,29387800
2009-11-04,27.82339859008789,28.798964050167157,27.7640735445315,28.482564645372715,42548800
2009-11-05,28.917631149291992,28.957182041097905,27.948658187991143,28.080489464970004,32893300
2009-11-06,28.660537719726562,28.798961977891285,28.284813296411585,28.43642117647563,27140000
2009-11-09,29.23401641845703,29.260383666743678,28.541892495307252,28.957167855004798,38845500
2009-11-10,29.1153621673584,29.214238077085998,28.706679935220755,29.095587991220416,30980200
2009-11-11,29.214237213134766,29.655879745133493,28.858286966064522,29.22742083500982,32669300
2009-11-12,28.541900634765625,29.431776659317155,28.34415124526081,29.056052064902037,34649600
2009-11-13,28.27823257446289,28.535307004582066,27.92228220298112,28.449614689702457,36650700
2009-11-16,28.370506286621094,28.746230719274358,28.185938089962082,28.50893054822623,43516700
2009-11-17,28.449607849121094,28.46938202683114,28.040925584492836,28.291406883883585,25859700
2009-11-18,28.594633102416992,28.673732349660874,28.304598338323192,28.43643209340949,20422300
2009-11-19,28.047521591186523,28.462797005458267,27.856362787765615,28.410062501954762,26878000
2009-11-20,27.988201141357422,28.172769419496547,27.783861192927596,27.99479421264093,25328200
2009-11-23,28.528715133666992,28.7660153912996,28.146400007663157,28.311191573850273,29810700
2009-11-24,28.001373291015625,28.52870562413365,27.84317484833967,28.515522001490833,31881800
2009-11-25,27.790443420410156,28.1266170340337,27.64542606987649,28.1266170340337,26123800
2009-11-27,27.24333381652832,27.619058260599054,26.861016303884327,27.01262419232349,26230100
2009-11-30,28.007972717285156,28.113439207849197,27.348806522630024,27.394947955094324,38240600
2009-12-01,27.829988479614258,28.152978401676474,27.43448738291204,28.087062809485438,39211100
2009-12-02,27.638839721679688,27.783857094284784,27.335623864886816,27.783857094284784,32519700
2009-12-03,27.289485931396484,28.403476077479578,27.230160863586146,27.882734094979952,53314400
2009-12-04,27.513595581054688,28.021151292223433,27.17082888911529,27.849769203513357,61485000
2009-12-07,27.19060707092285,27.658614492174024,27.065366392065663,27.441090943156844,32949600
2009-12-08,27.16423225402832,27.289475412530024,26.781917253464655,27.032398541430222,41878900
2009-12-09,27.151058197021484,27.361991205685573,26.762149990824604,27.19060907909093,42492800
2009-12-10,27.203777313232422,27.394936029954835,26.80168570720197,27.26310234550771,36380900
2009-12-11,26.999452590942383,27.190611432376013,26.861028263498728,27.019229290948637,46616100
2009-12-14,27.533369064331055,27.638835542682873,26.828061518880904,27.032401406270512,35340800
2009-12-15,26.93352508544922,27.48722466556561,26.775324127765,27.35539095324858,40244400
2009-12-16,27.26311683654785,27.487233464876137,26.946717334411403,27.137873638219865,43562800
2009-12-17,26.54462242126465,27.10491266953172,26.491887919794163,27.065364307948286,44272800
2009-12-18,26.992856979370117,27.151055462676332,26.39301582491832,26.716005861804913,48126800
2009-12-21,27.619064331054688,27.843180935945345,27.35539684958822,27.388354656141665,35991900
2009-12-22,27.64542007446289,27.75088652983709,27.480628580783293,27.684970938172707,24754800
2009-12-23,27.394948959350586,27.64543031204777,27.322440272957348,27.579514695973682,24503600
2009-12-24,27.61246681213379,27.61246681213379,27.361982996550346,27.47404253820046,7956500
2009-12-28,27.50041961669922,27.77067770674502,27.394953106303785,27.586109427663043,13039900
2009-12-29,27.348804473876953,27.55314436962007,27.329027779645564,27.507002940612313,15593000
2009-12-30,27.375171661376953,27.434496720347862,27.17742230298042,27.203789554638497,15501800
2009-12-31,27.46745491027832,27.770673279530936,27.322440053177903,27.434497102506388,20143100
2010-01-04,28.279207229614258,28.37160349027908,27.500456369652685,27.579653164508247,35460500
2010-01-05,28.826969146728516,28.932562338866923,28.233005867487293,28.239606858112353,41208300
2010-01-06,28.985340118408203,29.09753423321052,28.582768048045942,28.675161720507404,27729000
2010-01-07,29.559524536132812,29.777309404674998,28.780773760055116,28.89956642200191,44864700
2010-01-08,29.4869327545166,29.500132220700774,29.09095883915448,29.28234480497308,33110100
2010-01-11,29.387939453125,29.823511788326513,29.242750353085082,29.7773149131946,31878700
2010-01-12,28.701583862304688,29.137156183263833,28.3386048302214,29.031562969623458,47109600
2010-01-13,29.203157424926758,29.387944960081423,28.292414183373396,28.74118606949874,39622000
2010-01-14,29.4935302734375,29.559527602220466,29.104154845010346,29.170152173793316,37938300
2010-01-15,28.826969146728516,29.321937706916106,28.602583298741862,29.23614245157231,69738500
2010-01-19,28.5629825592041,28.873163637031897,28.312200321957025,28.642179334951674,41731500
2010-01-20,28.642179489135742,28.826966931794654,28.186806837526156,28.384793742880714,39934400
2010-01-21,26.75470542907715,28.477196695053465,26.609513822737174,28.404600891883476,137547700
2010-01-22,25.843957901000977,27.190272966994936,25.61957205666865,26.827296532276822,106634900
2010-01-25,25.876949310302734,26.325720895074138,25.632765586028185,26.239925660989694,56572200
2010-01-26,25.368789672851562,26.292732064124586,25.263196472495256,25.738367132868866,52975300
2010-01-27,25.956157684326172,26.061750897536186,25.124608927449117,25.309396421181447,66314300
2010-01-28,26.055139541625977,26.42471689962442,25.553572607772168,26.187131635021117,65047400
2010-01-29,25.698760986328125,26.299322604227065,25.606367278580553,26.16733303175323,53649000
2010-02-01,26.154130935668945,26.352117791969967,25.705359385365576,25.804351554746354,37408200
2010-02-02,26.761295318603516,26.84709056005906,26.200332048213927,26.266326838539804,45968500
2010-02-03,26.58971405029297,27.124278532175193,26.51051726090704,26.781102514998203,37373300
2010-02-04,25.309389114379883,26.345523006603578,25.309389114379883,26.25973027644803,57211800
2010-02-05,25.276397705078125,25.659174656604165,24.4382505172055,25.500783586221505,75224100
2010-02-08,24.88042640686035,25.26980187315822,24.629641568175053,25.26980187315822,58321000
2010-02-09,25.335786819458008,25.540374702560666,24.972810428664214,25.203794718022102,45173500
2010-02-10,25.652570724487305,26.06834503373411,25.4215863957615,25.50078066310458,39331800
2010-02-11,25.75156021118164,25.982544492945216,25.315988053041853,25.632767575548982,33830600
2010-02-12,25.705371856689453,25.857161937414652,25.315996426119355,25.520581852620815,38051100
2010-02-16,26.444517135620117,26.49071399470086,25.57337276789752,25.956149620326542,46425300
2010-02-17,26.424726486206055,26.69530924293746,26.23993648139729,26.56991557582781,34644100
2010-02-18,26.668899536132812,26.734894321338754,26.246526868719563,26.358718507077597,31809500
2010-02-19,26.41811752319336,26.860290685431792,26.332324797157494,26.470915370790756,40290200
2010-02-22,26.95928382873535,27.256265438145146,26.56331002788231,26.662304736865583,43898900
2010-02-23,26.319122314453125,27.223263951695298,26.239925552146918,26.992279688817987,52233100
2010-02-24,26.95928382873535,27.03848060293798,26.398320524603534,26.431317921751283,44645000
2010-02-25,26.820693969726562,26.853691367759552,26.200334327070006,26.503914417037677,46718100
2010-02-26,27.698442459106445,27.92282831539986,26.794298043063364,26.853694373186336,67699100
2010-03-01,27.606056213378906,27.83704060563898,27.328872425125766,27.738045856075484,34606800
2010-03-02,27.467458724975586,27.982227816896312,27.29587070602912,27.705044072394283,33891600
2010-03-03,27.408063888549805,27.757843454749313,27.282672733899147,27.487260687052036,27562500
2010-03-04,27.665428161621094,27.77102382032898,27.493840251298916,27.658829691721387,25450700
2010-03-05,28.252805709838867,28.292401582570406,27.843629896317935,27.929425149803322,34790800
2010-03-08,28.107620239257812,28.398000945081304,28.02842595904064,28.279208265985154,28524900
2010-03-09,27.995418548583984,28.259402768773086,27.75123478131013,27.975620613208836,37107100
2010-03-10,28.332008361816406,28.701585894495736,28.252814075364043,28.29240995981974,40903700
2010-03-11,28.496980667114258,28.510180126451832,28.246195974779166,28.318791742366123,30119600
2010-03-12,28.4771785736084,28.73456169921399,28.279189230029555,28.602569642674457,31367300
2010-03-15,28.42439079284668,28.51678450982656,28.114209727951383,28.32539608605968,29142000
2010-03-16,28.536596298217773,28.6289900519022,28.17361724082758,28.60918959215484,28553800
2010-03-17,28.899559020996094,29.110745362031178,28.556380587429135,28.582779509443462,32918800
2010-03-18,28.80057144165039,28.89956616490551,28.477193378425714,28.873167236365425,26012000
2010-03-19,28.67518424987793,28.96556495112144,28.463997827602515,28.67518424987793,37014400
2010-03-22,28.866565704345703,28.89956310275426,28.404594574005493,28.424392509542606,23257200
2010-03-23,29.420923233032227,29.526516392176724,28.892954919770244,28.939151769549742,33735700
2010-03-24,29.658517837524414,29.678318293606726,29.17015022486288,29.32853876827832,35849200
2010-03-25,29.658517837524414,30.391071774057227,29.62552043410791,29.684916767273826,45019400
2010-03-26,29.711313247680664,30.285476075924663,29.559523190445596,29.724512711467227,39727000
2010-03-29,29.6057186126709,29.948897101782617,29.341734384880287,29.863101850119644,30628400
2010-03-30,29.420923233032227,29.73110172190322,29.27573169513123,29.63210955132122,30296300
2010-03-31,29.53311538696289,29.698104858398438,29.203136444091797,29.242734823550563,39043000
2010-04-01,29.850250244140625,29.936141443543757,29.724718891440382,29.751144820186582,23894600
2010-04-05,29.955961227416992,29.995603900682287,29.59257887706307,29.916318554151697,21342400
2010-04-06,30.286306381225586,30.352374976662,29.830427023861457,29.883281396139516,28192100
2010-04-07,29.94275665283203,30.42506465806261,29.744548263338924,30.279713183291086,28890100
2010-04-08,30.23345947265625,30.37220760146041,29.605800047670833,29.83704272841744,28869900
2010-04-09,30.378816604614258,30.537384830963305,30.028648360220533,30.312747980510085,22881200
2010-04-12,30.484525680541992,30.702556660743294,30.325959986174016,30.411848687141557,24645900
2010-04-13,30.30613136291504,30.643087807124246,30.292917137617057,30.418451017770032,27988900
2010-04-14,31.535030364990234,31.6671701134253,30.90736845019073,31.317001922375038,72533100
2010-04-15,31.587881088256836,31.845552161062738,31.376458540295296,31.482169814276066,45412100
2010-04-16,30.094724655151367,31.548257439141338,29.8238391947081,31.49540051010017,121203900
2010-04-19,29.988996505737305,30.193813210416934,29.46044011341727,29.883285227273298,72136600
2010-04-20,30.312747955322266,30.491136264683043,30.10132533393685,30.240070956654193,39310700
2010-04-21,29.962587356567383,30.64971236937593,29.73134457358244,30.41846958639099,46320600
2010-04-22,29.559551239013672,29.810613998550828,29.090454987549677,29.67186839138195,63176900
2010-04-23,29.691694259643555,29.777585494308845,29.23581466707852,29.552948625431153,32483800
2010-04-26,28.997962951660156,29.605804915846047,28.892251634456954,29.585982311125278,42889300
2010-04-27,28.020122528076172,29.31508632669529,27.947445551153194,28.727067179381287,66296100
2010-04-28,28.713869094848633,28.87904321875415,28.26459527619707,28.304237973262953,48578900
2010-04-29,29.070636749267578,29.288667734658123,28.806357225222612,28.997959754137394,36520300
2010-04-30,28.13245391845703,29.103675912500023,27.90120866627022,29.083855827016517,54121100
2010-05-03,28.76009178161621,28.892231465968045,28.33724680797423,28.3901036898569,31230900
2010-05-04,28.059764862060547,28.647784002232804,27.914410909979974,28.390112920166818,48982200
2010-05-05,28.165483474731445,28.654397316653117,27.49817881217727,27.82192110238729,43062100
2010-05-06,26.9630126953125,28.26458248900117,25.9587541738613,28.16547957170734,78226200
2010-05-07,26.929977416992188,27.643530560227912,26.282495409439097,27.10836570280112,72976300
2010-05-10,27.716203689575195,28.608142474053402,27.36603302011189,27.96066055666787,66578300
2010-05-11,27.45193099975586,28.112627305503807,27.187653989670515,27.39246823142429,50771200
2010-05-12,27.54442596435547,27.610497102070948,26.963015074596445,27.57746279339131,47700000
2010-05-13,26.9630126953125,27.484960775247686,26.943190095568955,27.379249484587348,35320800
2010-05-14,26.355173110961914,26.493918719111928,25.905899457599432,26.493918719111928,60719400
2010-05-17,26.322145462036133,26.454285250049377,25.61520049457564,26.381608240624253,56506200
2010-05-18,25.78036117553711,26.8374738884854,25.46983321345301,26.8374738884854,61735000
2010-05-19,26.018213272094727,26.203207374636047,25.4500142195971,25.46322844411514,64600500
2010-05-20,24.994150161743164,25.932337995371135,24.650587674393474,25.469849934694356,76564100
2010-05-21,26.460878372192383,26.533555346645013,24.458969990314706,24.458969990314706,89588800
2010-05-24,25.516082763671875,26.593018116059056,25.436799937099966,26.53355536604122,49141600
2010-05-25,25.727508544921875,25.773757076258413,24.67700150961669,24.888424087256833,66813700
2010-05-26,25.621803283691406,26.097505455469754,25.41698903111969,25.892688682541515,50719600
2010-05-27,26.705341339111328,26.751592395553562,26.031433378898598,26.150358906078772,44843000
2010-05-28,26.150360107421875,26.65909402773953,26.005006118556082,26.645882319984736,41252400
2010-06-01,25.463239669799805,26.40142734098805,25.436811209112513,25.97858205141832,37848600
2010-06-02,26.130537033081055,26.176785570456364,25.549123608476272,25.879471744217767,39618500
2010-06-03,25.83323097229004,26.388216107978067,25.516096969090736,26.335361700956692,30950400
2010-06-04,24.855392456054688,25.568945622622444,24.776109610999228,25.430200013686335,52868900
2010-06-07,24.260774612426758,25.19235651232971,24.221131917833688,24.96771961701624,44528300
2010-06-08,24.961097717285156,24.974311941656783,24.148441821097,24.353258518323837,51017900
2010-06-09,24.525047302246094,25.212172097009454,24.45237030198275,25.205566242602107,42586000
2010-06-10,25.298063278198242,25.350917674425734,24.716649797556787,24.895038110493022,44302600
2010-06-11,25.165925979614258,25.21878038103463,24.7893292332009,24.967717563663555,31147600
2010-06-14,24.663793563842773,25.284847165296373,24.597722423035165,25.08663878358619,48662200
2010-06-15,25.27163314819336,25.291453230423016,24.617542710695098,24.80914524010287,45355600
2010-06-16,25.45001983642578,25.687870889533077,25.099851630660137,25.119671711633686,37217100
2010-06-17,25.39716148376465,25.70108365677693,25.0535991510574,25.502872776877954,34755100
2010-06-18,25.88607406616211,25.945536817507424,25.35751767662357,25.502869108524376,37270800
2010-06-21,25.681264877319336,26.2824984189169,25.542519257032918,26.130538569980857,33665100
2010-06-22,25.324485778808594,26.150356003470666,25.251808795781386,25.720902478504023,42245700
2010-06-23,25.6944637298584,25.83981763766498,25.11965898953539,25.298047189019407,45046000
2010-06-24,25.12627601623535,25.56894378675322,24.72325092557694,25.46983834728259,73843400
2010-06-25,26.057859420776367,26.163570720887492,25.291451864881655,25.621799992773447,70734200
2010-06-28,25.463239669799805,26.190004696203186,25.41699112377541,26.130541919835146,39962900
2010-06-29,24.485410690307617,25.04700164966439,24.36648513085564,25.04700164966439,56694200
2010-06-30,24.188091278076172,24.769504711714774,24.122020137687525,24.458976652778876,35332500
2010-07-01,23.870527267456055,24.27410111459466,23.2618540046473,24.17486263695868,56642900
2010-07-02,23.705120086669922,24.27409374766112,23.38093510098405,24.02268766157294,36796000
2010-07-06,24.03592300415039,24.39980240541782,23.724970276836725,24.274096822646904,35953600
2010-07-07,25.240034103393555,25.29957818805337,24.088849307904816,24.241016963412562,44602900
2010-07-08,25.24664306640625,25.683298743505947,24.578428516527328,25.65683415124477,41498200
2010-07-09,25.703157424926758,25.729622029027716,24.929086683500355,24.975398478775258,30422300
2010-07-12,25.928096771240234,26.027337756570898,25.537752765437702,25.709770136837108,24998900
2010-07-13,26.78155517578125,26.920490505110983,26.291972818009093,26.338284594452336,48564800
2010-07-14,26.695556640625,26.715406355064268,26.358141780799286,26.563238671315144,37320600
2010-07-15,26.768321990966797,27.019730571747598,26.00748388621264,26.94033931816509,81876200
2010-07-16,25.802391052246094,26.695549732995016,25.709767488174688,26.649237950959314,58507400
2010-07-19,25.828855514526367,26.04056723810422,25.22018241638792,25.82223810352547,35404900
2010-07-20,26.219205856323242,26.225820745130495,25.326044439138364,25.352509041974233,43538200
2010-07-21,25.418663024902344,26.62939186653285,25.36573635344577,26.62939186653285,41115600
2010-07-22,26.033946990966797,26.199346914731017,25.62375588669625,25.775923513703027,35494400
2010-07-23,26.351516723632812,26.43752286573645,25.782540589457888,25.914858507710417,28241000
2010-07-26,26.682321548461914,26.702168735144763,26.133192494741902,26.331671932979347,27209400
2010-07-27,26.920494079589844,27.28437597682057,26.86756740968538,26.953576087558357,44872200
2010-07-28,26.675703048706055,27.05943213427216,26.563232297021226,26.755094316001394,23945400
2010-07-29,26.602935791015625,27.0131296142715,26.40445629281645,26.93373579594883,28994300
2010-07-30,26.64924430847168,26.920500178164936,26.27874996379998,26.27874996379998,26406500
2010-08-02,27.549013137817383,27.58871003131667,26.94695746732666,27.11235740453623,35566700
2010-08-03,27.178529739379883,27.55564154480114,27.03959181859014,27.456400533351857,29967900
2010-08-04,27.317455291748047,27.390231670743326,27.032967186840786,27.271143509442478,23078100
2010-08-05,27.304222106933594,27.41007796645283,27.085892977036117,27.105742685810377,19830500
2010-08-06,26.755098342895508,27.092515696340243,26.444148114269943,26.95358032671159,34906600
2010-08-09,26.344905853271484,26.834490853268477,26.2390499781104,26.82787344143164,37790900
2010-08-10,25.914873123168945,26.285370065115263,25.908258233046663,26.245673152969747,34166500
2010-08-11,24.988616943359375,25.656831422161197,24.97538464863629,25.570825292164375,46201600
2010-08-12,25.015090942382812,25.134179115884162,24.62474693452907,24.717370508629433,35387300
2010-08-13,24.80998992919922,25.16725438989233,24.80998992919922,25.008469343872274,24564100
2010-08-16,24.93570327758789,25.021711984895028,24.664447376514982,24.690911982425444,28334100
2010-08-17,24.7967529296875,25.187096798174295,24.743826273585366,25.120937847096076,33883800
2010-08-18,25.06800651550293,25.26648587550351,24.737206740901303,24.737206740901303,27041700
2010-08-19,24.525503158569336,25.120943958336653,24.479191376787746,24.915847122016174,35384700
2010-08-20,24.57181167602539,24.717364413032694,24.353485094316923,24.551964493270752,30862000
2010-08-23,24.39979362487793,24.750440600521898,24.3733290355231,24.618120177549898,29282800
2010-08-24,23.95652961730957,24.280714649607873,23.764665057863702,24.20793826334888,48709200
2010-08-25,23.969758987426758,24.10869433122994,23.599262213482135,23.784511862355842,36058000
2010-08-26,23.572795867919922,24.22777809785872,23.566178458193967,24.055763302018914,31873200
2010-08-27,24.214548110961914,24.274092185161106,23.519868927839724,23.731580630814054,38448800
2010-08-30,23.718345642089844,24.214545362834837,23.705115870482658,24.082227456344672,27306500
2010-08-31,24.055767059326172,24.24101417974959,23.638958514570756,23.77789385488832,34784400
2010-09-01,24.968782424926758,25.008476805423008,24.254253290353002,24.30718249608592,36770500
2010-09-02,25.24664306640625,25.273107658667424,24.80337250314247,25.034931375921694,31282900
2010-09-03,25.914873123168945,25.914873123168945,25.451755100490974,25.451755100490974,34135600
2010-09-07,25.32602310180664,25.69651965795288,25.286328754799005,25.623743323370466,31885500
2010-09-08,25.881790161132812,26.08688706073016,25.36574299132455,25.36574299132455,30781000
2010-09-09,26.530153274536133,26.67570605079386,25.881785717083876,26.417682510193828,33438800
2010-09-10,26.305212020874023,26.629397095994424,26.245667926415315,26.411067908378012,21928600
2010-09-13,27.204986572265625,27.436548046363388,26.887418930231775,26.887418930231775,41643200
2010-09-14,26.940345764160156,27.277760565470633,26.768328395803405,27.10574572091693,42754100
2010-09-15,27.112356185913086,27.218212040017182,26.688932769496706,26.801403510318654,25399500
2010-09-16,27.11897850036621,27.19175236263285,26.827872956087273,26.940346241050435,25207500
2010-09-17,26.503690719604492,27.17852286487864,26.457378932323206,27.14544085356076,45938300
2010-09-20,27.251296997070312,27.330690796453702,26.48384126965289,26.622779156672248,33337500
2010-09-21,26.85433578491211,27.45639149752007,26.774944516162414,27.330688445016143,33548900
2010-09-22,26.424291610717773,27.019732361534714,26.298588573902027,26.74847658034091,34546000
2010-09-23,25.868549346923828,26.265510713222547,25.79577549404836,26.219198932391443,33471100
2010-09-24,26.298601150512695,26.331680647199118,26.00088063272726,26.139816033092522,28855100
2010-09-27,25.855323791503906,26.245665286827013,25.80900947931313,26.159659121994725,25684900
2010-09-28,25.769315719604492,26.06703616908092,25.54437166042266,26.040571568282296,31442600
2010-09-29,25.41205596923828,25.723008777714348,25.18049697812018,25.663464676597734,40207000
2010-09-30,25.18048858642578,25.76931198801124,25.11432709400991,25.46497669430685,54885200
2010-10-01,25.67669677734375,25.861943968779823,25.332664476245547,25.365743971315748,38973800
2010-10-04,25.80255889892578,26.19340648273403,25.64356898048725,25.822431691083466,38886100
2010-10-05,26.2596492767334,26.378891076844408,25.882051085401493,26.07416315525355,42379500
2010-10-06,26.431880950927734,26.544496770266083,26.11390122407771,26.206646785192888,31559900
2010-10-07,26.18015480041504,26.710116936646354,25.96816994592251,26.571002349709158,26923900
2010-10-08,26.04103660583496,26.35238789626666,25.921794825819944,26.279517638806546,28178500
2010-10-11,26.319271087646484,26.438512891884216,26.10066279791662,26.18015649172212,24601000
2010-10-12,26.763118743896484,26.822739651809954,26.147036871143687,26.147036871143687,38798100
2010-10-13,26.392141342163086,26.975100992815676,26.219904584523825,26.93535288241017,69607700
2010-10-14,25.650196075439453,26.087415211859028,25.239473154061113,26.00129556356239,76504900
2010-10-15,24.61014747619629,25.795937269575035,24.206050454265778,25.749565728736396,142280400
2010-10-18,25.30571746826172,25.345463050362124,24.517396395818604,24.610141983856938,55058700
2010-10-19,24.967866897583008,25.603824060786053,24.84200166555215,25.106984027475008,70595100
2010-10-20,25.239471435546875,25.371962609968488,24.81550169904489,25.17322711186555,43497200
2010-10-21,24.9744930267334,25.438210899915116,23.98743637486004,25.299093769019226,38250300
2010-10-22,24.9744930267334,25.034113932243322,24.722760033796046,24.842001844815893,24876900
2010-10-25,24.557140350341797,25.219593561901185,24.51076882769732,25.153349251568628,37893500
2010-10-26,24.643268585205078,24.683014174467413,24.36503682507204,24.497528019084946,39188100
2010-10-27,24.868501663208008,24.928122571299014,24.510776214661973,24.550524329075717,30777500
2010-10-28,24.84861946105957,25.146723918959527,24.729380204958105,24.97448719164984,30614600
2010-10-29,24.928123474121094,25.00099375632249,24.722761999468002,24.8088816536205,19803300
2010-11-01,24.788999557495117,25.173223657893203,24.57701471833018,24.9148672931021,36941900
2010-11-02,24.48427391052246,24.888370836913026,24.398156799073764,24.86187209782473,39913100
2010-11-03,24.987743377685547,25.060613656951208,24.484277372064202,24.497526743481522,35299600
2010-11-04,26.365636825561523,26.398758980113378,25.080478528717425,25.265964615854525,77569400
2010-11-05,27.120832443237305,27.385814727660826,26.35238685087912,26.425257105448505,75684800
2010-11-08,26.835987091064453,27.293081570886695,26.63725156930052,27.067847305671766,32967000
2010-11-09,26.431880950927734,26.948593584707258,26.319262604531236,26.782980301874524,32800100
2010-11-10,26.908855438232422,26.92210480900576,26.226529269289575,26.412015405998137,35587900
2010-11-11,26.51137924194336,26.78960839262971,26.398760875909414,26.676992553654355,25499700
2010-11-12,26.239776611328125,26.670369756404305,26.087412649803422,26.405389942601783,33504800
2010-11-15,26.551130294799805,26.922102536908636,26.30602074676776,26.378891016341672,28772500
2010-11-16,26.239776611328125,26.478260212691616,25.86217841818889,26.325896251166917,46023000
2010-11-17,25.95492172241211,26.286148388061005,25.82243055074077,26.21990406575479,32027500
2010-11-18,26.272891998291016,26.498126171833935,26.07415655741391,26.21327111332206,30987600
2010-11-19,26.107282638549805,26.259646583719807,26.00791363962829,26.107282638549805,26542000
2010-11-22,25.511079788208008,25.901927402431568,25.31234426998874,25.875431186512426,33249500
2010-11-23,24.928123474121094,25.31897110197097,24.90824815266479,25.179853960014075,35340400
2010-11-24,25.279211044311523,25.332208507080118,24.901612966788687,25.060602828036355,24248300
2010-11-26,24.841997146606445,25.15997440683597,24.841997146606445,24.98111172413337,12819100
2010-11-29,25.113605499267578,25.232847300167794,24.58364334363267,24.8221269454331,30911400
2010-11-30,24.775753021240234,25.034109389211988,24.669760600352884,24.835373915930536,33716700
2010-12-01,25.272598266601562,25.299094482084584,24.94137156600159,25.140107080949736,33157200
2010-12-02,26.04103660583496,26.08740812838986,25.391832763007894,25.458077073212483,41526000
2010-12-03,26.239776611328125,26.279522193516115,25.636944186574357,25.882051209282885,30070200
2010-12-06,26.431880950927734,26.531247404392484,26.03440755589428,26.153649321698502,25364500
2010-12-07,26.00128936767578,26.802857172261675,25.99466594725856,26.729986912379587,40908200
2010-12-08,26.670372009277344,26.716746070845407,25.875429973661333,26.074165482565338,38115900
2010-12-09,27.034713745117188,27.22682323651716,26.875723878482585,26.94196818212972,43001900
2010-12-10,27.44544219970703,27.49181373154733,27.008223094456344,27.0877167880313,28449000
2010-12-13,27.498430252075195,27.816410000692848,27.266572651060574,27.53817835241698,35730400
2010-12-14,27.021469116210938,27.491810324914194,26.809484274906414,27.452062219522603,34010800
2010-12-15,26.63725471496582,27.160593588158786,26.537888205879025,26.981730839331078,30264000
2010-12-16,26.504756927490234,26.94860197778671,26.37889170307786,26.77636269484458,37123200
2010-12-17,26.279521942138672,26.544504280465386,26.186778881841978,26.53788085918371,52004800
2010-12-20,26.465015411376953,26.677000309835705,26.292776101967135,26.38552170621975,22978200
2010-12-21,27.160585403442383,27.319575307953773,26.484882731621884,26.604124528240725,30757800
2010-12-22,27.92902946472168,28.18076241221759,27.266576201775663,27.27319962249932,47280400
2010-12-23,27.876028060913086,28.00189324197793,27.70378883728955,27.922399576413717,18927900
2010-12-27,28.266876220703125,28.273502167712774,27.69054265672307,27.703792023684013,17203200
2010-12-28,28.227127075195312,28.564977045245694,28.134384045262188,28.286747955446327,20386600
2010-12-29,28.061511993408203,28.33311764661112,28.021763900113434,28.207252475097825,13637400
2010-12-30,27.975406646728516,28.134396573884228,27.85616483312652,28.028404131466807,12901900
2010-12-31,28.10126495361328,28.121140269019172,27.849534544351712,27.895906068534554,12199700
2011-01-03,28.869714736938477,29.174442634827532,28.45899188980939,28.485490627119397,43278500
2011-01-04,29.287534713745117,29.38038428345525,28.743699351190603,29.03551264598831,40036800
2011-01-05,29.64567756652832,29.81148112950671,29.115106670989793,29.12836872966186,50032500
2011-01-06,29.49978256225586,29.712011013570006,29.347243520996486,29.446726714408676,31606200
2011-01-07,28.942663192749023,29.57271709969599,28.28608264432172,29.539556900374787,69579400
2011-01-10,28.78348731994629,29.028875780542275,28.51820071987027,28.697268795427505,30098100
2011-01-11,28.916139602661133,29.19469089663909,28.796760838093654,28.982462544066134,28067100
2011-01-12,29.652318954467773,29.778331325527347,29.34724089920377,29.473250740300866,44296900
2011-01-13,29.479875564575195,29.824747297427365,29.294173843832194,29.804849148442422,42133000
2011-01-14,29.784942626953125,30.468052282963445,29.479864773779664,29.51965599726093,86983800
2011-01-18,29.678836822509766,30.123189142677546,29.51303326484211,29.85790496838621,46237700
2011-01-19,28.98908805847168,29.82473925147349,28.916134101785374,29.54618801048587,44989200
2011-01-20,29.678836822509766,29.838009351053774,28.92277300433911,29.06868094467433,46977700
2011-01-21,30.036972045898438,30.202775597668737,29.7451561756074,29.877799523015923,44767400
2011-01-24,29.85791015625,30.162988148175547,29.751795962103635,29.983919971185692,27826800
2011-01-25,29.758420944213867,30.1298218132228,29.353859870641614,29.725260739650547,36022400
2011-01-26,29.83137321472168,30.162980301408176,29.758419250856846,29.977281142451353,25639400
2011-01-27,29.910959243774414,30.096660939128476,29.63904152446597,29.831374248600603,26740900
2011-01-28,29.539560317993164,30.42826742441109,29.446710737167034,29.87779843813998,38593900
2011-01-31,29.804834365844727,29.910948497940943,29.446700751245295,29.4533317776436,23574500
2011-02-01,30.461429595947266,30.507854389360244,29.950754338443033,29.977283514668017,28255500
2011-02-02,30.143089294433594,30.494592050475642,30.07013531941467,30.368582249054942,24104900
2011-02-03,30.14971923828125,30.342051978230213,29.738527111118522,30.162983826894447,23322400
2011-02-04,29.572715759277344,29.957378607897837,29.380383069986635,29.84463342932386,38172900
2011-02-07,30.176254272460938,30.34205786736457,29.612523061773423,29.678843487750044,36790900
2011-02-08,30.335418701171875,30.388474521731847,30.05023639202299,30.16961515073468,28649500
2011-02-09,29.917585372924805,30.176238440478038,29.61250752555231,30.083388880839518,33491000
2011-02-10,30.196136474609375,30.202770032236224,29.811473620963632,29.910954215717776,22688600
2011-02-11,30.885889053344727,31.098117422170404,30.109929554193652,30.109929554193652,40812800
2011-02-14,30.86598014831543,31.104737592963126,30.81955537074067,30.90577136911629,28699200
2011-02-15,31.051700592041016,31.396572412362424,30.86600135416117,30.879265946861498,35972900
2011-02-16,31.79448890686035,32.07304019581144,31.237388858919648,31.27055159400444,44327800
2011-02-17,31.71490478515625,31.827652521645582,31.502676430547382,31.681744579116405,22932600
2011-02-18,31.83428192138672,31.92050047664634,31.535835022381434,31.714903161784605,23844300
2011-02-22,30.514488220214844,31.350139638299247,30.408374035533207,31.303714840623638,44561900
2011-02-23,30.4813289642334,30.839465297459242,30.036976592608664,30.534387323212844,36264800
2011-02-24,30.44816780090332,30.547650955892045,29.983917294225474,30.26246861021687,31926900
2011-02-25,30.958843231201172,31.07822200568862,30.587442318355603,30.67366088436581,26782100
2011-02-28,30.965490341186523,31.2904666249307,30.786422086465816,31.045077918815537,25985300
2011-03-01,30.24256706237793,30.965470654827598,30.235936033439394,30.81956524852682,33682600
2011-03-02,29.98390769958496,30.487951812960052,29.89105813395295,30.10328643538638,28600000
2011-03-03,30.5609130859375,30.72671664426842,30.315521998035436,30.322155557147124,23043600
2011-03-04,30.189498901367188,30.53437045432187,29.910947730535923,30.494576707071573,27716900
2011-03-07,29.970643997192383,30.275724403203938,29.685461734374375,30.255826260010387,28110800
2011-03-08,30.77313804626465,30.965468229958354,30.043600952044194,30.096659299243314,32941500
2011-03-09,30.879249572753906,31.23738326590841,30.521113349638373,30.726710632529368,25174700
2011-03-10,30.196136474609375,30.673651425304318,30.01706836809877,30.56090624525743,33783700
2011-03-11,30.335418701171875,30.40173910936219,30.01044262913196,30.030338245596774,20337600
2011-03-14,30.043621063232422,30.20279368141863,29.599268492815938,30.123206107344057,24508900
2011-03-15,29.585983276367188,29.838005358690367,29.081939111720835,29.546189517065265,35606000
2011-03-16,29.055410385131836,29.698726336297174,28.955927258991952,29.605876767879145,41962900
2011-03-17,29.552827835083008,29.58598804152819,28.783499407731554,29.486504892231068,46741800
2011-03-18,30.335418701171875,30.627232039155228,29.678835528257572,30.003811600297485,77421000
2011-03-21,30.262470245361328,30.72008721711967,30.056872894591244,30.693558037027685,28985300
2011-03-22,30.156352996826172,30.315523001313064,30.076765464621122,30.28236279454176,19756600
2011-03-23,30.24256706237793,30.302256442670526,29.69210058186751,30.03697227578456,26688900
2011-03-24,30.32879066467285,30.401744644942575,29.904333903061946,30.308895044585423,21748100
2011-03-25,30.415000915527344,30.759872572493407,30.288988609543658,30.30888675415018,20710400
2011-03-28,30.4813289642334,30.839465297459242,30.47469793434187,30.574178562485624,19039400
2011-03-29,30.521116256713867,30.53438084364391,30.18950917334665,30.39510647582038,17913300
2011-03-30,30.806303024291992,31.0715872115318,30.653764047387735,30.8593588497553,26829100
2011-03-31,30.574167251586914,30.733339739677657,30.48131768768434,30.541007054473262,23340500
2011-04-01,30.739980697631836,31.09148598448036,30.62723548503103,30.872624058897596,25387300
2011-04-04,30.899999618530273,31.020025715702317,30.706623957121955,30.75330049005772,15708000
2011-04-05,31.06005096435547,31.186744111559346,30.706639480165197,30.786656070837036,21058400
2011-04-06,31.766862869262695,31.826875936897064,31.09338514908241,31.213411284351142,31203300
2011-04-07,31.606834411621094,31.873557217852294,31.313436017980884,31.766867586623523,29972000
2011-04-08,31.233423233032227,31.780207977608857,31.09339355193665,31.686854856878472,23808000
2011-04-11,31.246761322021484,31.520153708007097,31.173411711006484,31.340114447428977,25641600
2011-04-12,31.100061416625977,31.41346336819205,30.840005560510228,31.04004833108528,27231300
2011-04-13,30.83999252319336,31.586819738010888,30.593273295238426,31.50013618507152,55383900
2011-04-14,29.986482620239258,30.50659423252059,29.946473056340174,30.459917679812335,45214600
2011-04-15,29.933135986328125,30.253204860609475,29.89312896684377,30.166521289272502,32475000
2011-04-18,29.3129940032959,29.573049735965185,29.02626523556293,29.519706209518457,50958800
2011-04-19,29.773099899291992,29.813106914850326,29.17963621713923,29.51304157975759,26705000
2011-04-20,29.713090896606445,29.986483229602484,29.299666358958657,29.9398066759457,35542800
2011-04-21,29.793106079101562,29.899795702960784,29.419691123753655,29.793106079101566,24368100
2011-04-25,29.746423721313477,30.01981598806822,29.59305757593211,29.773096757992178,17358900
2011-04-26,30.086505889892578,30.293218176332903,29.746433463742743,29.906466648866804,25900000
2011-04-27,30.33989715576172,30.42658328843766,30.03983173010024,30.2065344617253,20857200
2011-04-28,30.573265075683594,30.626611144795362,30.279869326610594,30.413231955709442,19859000
2011-04-29,30.42658042907715,30.686636258984215,30.27321423563661,30.54660658806219,23363000
2011-05-02,30.126510620117188,30.666628256459163,30.079834069978137,30.633285683204523,25904000
2011-05-03,30.61995506286621,30.719977714541308,29.913137142458748,29.973150224727465,30025500
2011-05-04,30.33989715576172,30.699975666555492,30.193197937953478,30.659966095240023,22727400
2011-05-05,30.119850158691406,30.47992869135829,29.99982652481775,30.166529266569235,26154500
2011-05-06,30.033157348632812,30.479919338468683,29.846448605459756,30.319886179955997,26332300
2011-05-09,29.979822158813477,30.0798448269846,29.553063522823297,29.839792458319597,22469500
2011-05-10,30.11317253112793,30.33988828157264,29.993146395970083,30.04649247545405,20534200
2011-05-11,29.493038177490234,30.033155782589436,29.41302160240626,30.019819262795263,31519600
2011-05-12,29.39968490600586,29.55972059889352,29.039606504769413,29.406351894022368,29567900
2011-05-13,28.772884368896484,29.406352535199645,28.659525220695823,29.379682038871046,32872500
2011-05-16,28.592851638793945,28.992937154808633,28.486161998277918,28.652864720564317,34951100
2011-05-17,29.212976455688477,29.35300608632336,28.43947617792515,28.459479684107038,36277100
2011-05-18,29.393030166625977,29.499719825117015,28.946265472913293,29.152977799100608,24372100
2011-05-19,29.339677810668945,29.573060593963007,29.1729750958356,29.553057082161104,19518000
2011-05-20,28.759553909301758,29.399691742342117,28.732880863671337,29.226322033107635,29946700
2011-05-23,28.372798919677734,28.60618422496867,28.206096220333354,28.2727788262799,32299500
2011-05-24,28.232765197753906,28.61951408183442,27.79933722439101,28.519494002837494,39341400
2011-05-25,28.186092376708984,28.506161250419304,28.072733219782517,28.079402752138876,26505300
2011-05-26,28.306121826171875,28.399474940606638,28.072736496403383,28.08607301899143,21648100
2011-05-27,28.532835006713867,28.772887303925902,28.366132305170105,28.472821932410856,24747300
2011-05-31,28.832908630371094,28.926261762964778,28.519506647793357,28.832908630371094,28746300
2011-06-01,27.84600830078125,28.666187540814903,27.82600479764693,28.586168440916694,38628700
2011-06-02,27.74599266052246,28.139411061466635,27.225881146748446,27.959371873541585,45964000
2011-06-03,27.719322204589844,28.172753710405654,27.352576807036762,27.39925335525182,31833100
2011-06-06,27.02583885192871,27.49927641707293,26.919149233800677,27.4059207754899,40895900
2011-06-07,27.15254020690918,27.545958733062864,27.105863648186006,27.285900349728728,36312000
2011-06-08,26.932483673095703,27.38591515102587,26.805790556257932,27.059179333614424,38890700
2011-06-09,27.32590675354004,27.49927898901389,27.032510912167627,27.065850944010638,30082300
2011-06-10,27.372575759887695,27.6726410511057,26.73910515480095,27.065843481611815,48545700
2011-06-13,27.786006927490234,27.886029572567086,27.152538654275286,27.532620635676867,31767100
2011-06-14,27.74599266052246,28.29944419939055,27.659306560333167,28.092734517598757,32103500
2011-06-15,27.12586784362793,27.60597250964385,26.839138950721953,27.352583653281922,37336400
2011-06-16,26.9124755859375,27.145858272940814,26.472380702102306,27.092514748917417,50316600
2011-06-17,27.20587158203125,27.379243760011946,27.03250194773109,27.23921160281814,31999600
2011-06-20,26.992496490478516,27.212545239671336,26.75244423451577,27.005833009552102,21565400
2011-06-21,27.279239654541016,27.492618984705988,26.83914446811548,27.125873419965085,34241100
2011-06-22,27.132532119750977,27.69265332618735,26.992502454062254,27.119195597730887,27306300
2011-06-23,26.719106674194336,26.839132813251197,26.419041326552193,26.75244670311432,48307500
2011-06-24,26.332361221313477,26.792459785720947,26.299018644329674,26.705773664189746,36136800
2011-06-27,26.592418670654297,26.745784868181744,26.225673194507657,26.272349752725503,30632700
2011-06-28,26.36570930480957,26.719118344346487,26.165666500235506,26.719118344346487,41558700
2011-06-29,26.972488403320312,27.04583797392858,26.619077067087797,26.69909616794072,44775900
2011-06-30,27.299226760864258,27.385912856532983,26.919144898514656,27.152530149364186,28000100
2011-07-01,27.896347045898438,27.990273726703194,27.352910816415054,27.379747742162156,32136800
2011-07-05,27.52734375,27.84937915804513,27.487090923563063,27.84937915804513,23805800
2011-07-06,27.212018966674805,27.27240076589333,26.9570733078288,27.23214537997767,23865700
2011-07-07,27.72190284729004,28.037230249871598,27.574302350880036,27.634684139474174,28550800
2011-07-08,27.332782745361328,27.487091220090747,27.212019146127883,27.305945821240574,20680000
2011-07-11,26.453895568847656,26.98391336131293,26.359968883460944,26.963784386365614,38328000
2011-07-12,26.42706298828125,26.916825470713928,26.326428334234087,26.326428334234087,33808300
2011-07-13,26.581363677978516,27.084544477976973,26.440473668213322,26.6149085527831,34020600
2011-07-14,27.071128845214844,27.668238940099954,27.030876014966747,27.627983550541696,65327400
2011-07-15,26.822885513305664,27.339484671891665,26.500850172753886,27.245558017477734,46544900
2011-07-18,26.722253799438477,26.836306875189393,26.11843587102285,26.69541687832897,47603200
2011-07-19,27.09795570373535,27.165047994738618,26.64173836214999,26.782628334293033,34837400
2011-07-20,27.480388641357422,27.748752841405835,27.252279839109473,27.299243190221343,31250900
2011-07-21,28.37268829345703,28.547123175792898,27.66152518388188,27.88963391266562,45552200
2011-07-22,28.305591583251953,28.392810290510376,28.017101101735935,28.359265421352358,19986100
2011-07-25,27.970129013061523,28.117729462301046,27.70176758453626,27.856075981782737,22522300
2011-07-26,27.802417755126953,28.03723701602111,27.70178312272383,27.84267314367426,24350600
2011-07-27,27.285823822021484,27.77558885481128,27.232152519372978,27.6414067592241,32361100
2011-07-28,27.29253578186035,27.66824515756779,27.252280383256103,27.299243735305687,23370200
2011-07-29,27.138208389282227,27.339480123730105,26.769209782909627,26.99731843109961,37793400
2011-08-01,27.131498336791992,27.755442515574128,26.809463044405888,27.614552555025647,34039300
2011-08-02,26.72896957397461,27.091260437071185,26.72896957397461,26.903404493626436,42119000
2011-08-03,26.76921272277832,26.84972091353731,26.40021151657203,26.675283514365383,41110100
2011-08-04,25.440824508666992,26.561241951876966,25.373734747219356,26.373388572375312,59931100
2011-08-05,25.226131439208984,25.99767640794293,24.635734437035076,25.695767395859644,85507800
2011-08-08,22.85111427307129,25.306636039967696,22.602876612983394,24.306982568185617,107650300
2011-08-09,24.421045303344727,24.5485168658702,22.60288319349503,23.736719030150223,78985700
2011-08-10,23.059101104736328,24.052044373283575,22.80415797530963,23.83064612306457,83975700
2011-08-11,24.615610122680664,25.02486435437967,23.2335414758014,23.2335414758014,69583500
2011-08-12,24.092287063598633,25.39384662963211,23.870888930090313,24.91079499320083,44072800
2011-08-15,24.74307632446289,24.917511197771237,24.41433043025789,24.508257097370826,34827900
2011-08-16,24.172805786132812,24.535096590951742,23.99837089454037,24.333824774711225,42266600
2011-08-17,24.535099029541016,24.998024508836227,24.367372072784892,24.46129875907868,30131400
2011-08-18,23.60923957824707,23.797095462933605,23.146314215292676,23.662913419388826,57130300
2011-08-19,23.045684814453125,23.817229905539875,22.985303002461027,23.320756944792574,52960800
2011-08-22,22.415027618408203,23.602534632073784,22.37477223242787,23.56227924609345,50971400
2011-08-23,23.334171295166016,23.347589757610503,21.677030852577374,22.334520156497042,55807900
2011-08-24,24.03862190246582,24.15938292276344,23.267077094898948,23.36100375474684,41959800
2011-08-25,23.964820861816406,25.876906543638164,23.76354652957458,25.353599422152094,55387600
2011-08-26,24.293561935424805,24.474707282265964,23.361000844112677,23.669617704963887,35114200
2011-08-29,25.252958297729492,25.252958297729492,24.46799773853986,24.702814343602817,27943900
2011-08-30,24.863834381103516,25.306633255618262,24.65585212212342,25.09194304732682,28818700
2011-08-31,25.19930076599121,25.514625727656394,24.971191985578926,25.10537151344814,30051100
2011-09-01,24.35394287109375,25.37372262565141,24.347234921877657,25.239540607547404,36862300
2011-09-02,23.233531951904297,23.649493966047984,23.153021193572357,23.52202243765333,41677300
2011-09-06,22.435157775878906,22.475413168577344,21.99235869343756,22.213759514313413,57071200
2011-09-07,23.361007690429688,23.468352828241894,22.723644814971607,22.87795329061978,36145900
2011-09-08,22.482112884521484,23.421384562225104,22.435149556567247,23.10605716655285,44815300
2011-09-09,21.52271842956543,22.27413427359555,21.42208125932775,22.19362607299114,67187400
2011-09-12,21.750829696655273,21.750829696655273,20.93903187105627,21.032959833433857,53377600
2011-09-13,21.79779052734375,22.4150243327055,21.58309772622927,22.012480769148667,50137600
2011-09-14,22.005767822265625,22.267421365529486,21.375115626724288,21.958804497028996,44442500
2011-09-15,22.683391571044922,22.690099522336812,22.227174103898722,22.388190528003314,35847800
2011-09-16,22.428447723388672,22.992010371847254,22.153375630647588,22.844409838416873,52683800
2011-09-19,21.79779052734375,22.066152049945117,21.556263365485826,21.93197000898965,33154800
2011-09-20,21.636768341064453,22.00576697920527,21.6300603917059,21.985640571820426,34085100
2011-09-21,20.355337142944336,21.770952620186215,20.301664584926645,21.62335212589652,57389200
2011-09-22,19.637466430664062,19.878992304758388,19.140994943244678,19.691138989313327,86285600
2011-09-23,19.8521671295166,19.993057190364812,19.362404613726998,19.429494387661148,51731300
2011-09-26,21.234228134155273,21.341573262190906,20.10039377966721,20.1674848046032,58696100
2011-09-27,21.18055534362793,22.227172250264864,20.965865089852617,21.885007898785037,58242900
2011-09-28,20.442556381225586,21.469045583880618,20.409011509362706,21.214101230620162,38725900
2011-09-29,21.059791564941406,21.542845911209138,20.422430039784025,21.18726438183482,51014100
2011-09-30,20.207738876342773,20.764592171771273,20.20102964631896,20.623700900580804,42420600
2011-10-03,19.22149658203125,20.596857507513963,19.21478735453278,20.147349502351016,51002700
2011-10-04,20.48038101196289,20.595439383021315,18.849260234023745,19.11998543330252,69800000
2011-10-05,20.87293243408203,21.096280880148452,19.898320446283304,20.460075707051548,51117200
2011-10-06,21.915224075317383,21.969367818251975,20.588668809514605,20.78494407314066,53214000
2011-10-07,20.778179168701172,22.07089311187571,20.744337712305242,22.050589528957715,49320600
2011-10-10,21.8610782623291,21.874614843839367,21.373772946234666,21.387309527744936,37324800
2011-10-11,21.8610782623291,22.118268147346317,21.258714585236326,21.644498121842688,38161700
2011-10-12,22.470211029052734,22.923674881441727,22.12503466269678,22.172411406025812,55462500
2011-10-13,21.387310028076172,21.98967501018004,20.92707657331618,21.96260184652616,78830000
2011-10-14,21.583589553833008,21.87461966586084,21.251950979242142,21.570054260258498,51899600
2011-10-17,21.00829315185547,21.718946860965318,20.960915119118006,21.4143802479643,40865400
2011-10-18,22.246862411499023,22.61910937684487,21.075975187929497,21.224875006803437,64392400
2011-10-19,21.827234268188477,23.01842483177681,21.678334479550504,22.17917758016283,50119300
2011-10-20,22.42283821105957,22.463445379970924,21.434689555094025,21.87461819420239,41657100
2011-10-21,22.619108200073242,23.038734471097783,22.341614740506103,22.65971794360948,48445300
2011-10-24,23.397451400756836,23.478668328778298,22.720637642952266,22.74771081290595,45697200
2011-10-25,22.66649627685547,23.180873651059215,22.57850975614067,23.133496889560444,38679100
2011-10-26,23.133495330810547,23.289162191223273,22.67326175139915,23.086118572504052,36350900
2011-10-27,25.055644989013672,25.40758844397705,24.16225105789107,24.74431128795206,76438300
2011-10-28,24.832294464111328,25.028571062606336,24.493887604019022,24.778150709053072,39891200
2011-10-31,23.526039123535156,24.365289106547593,23.505735542134826,24.317912362054198,46429800
2011-11-01,22.138578414916992,22.76801544513092,21.5497511414987,21.976144551413874,74052400
2011-11-02,22.768009185791016,22.835692095176476,22.375458638711343,22.815385931441337,34325900
2011-11-03,23.26885414123535,23.363607639675834,22.226560494711645,23.092881145412285,40084700
2011-11-04,22.991361618041992,23.052274952733484,22.63941819336217,23.004898201511136,30858700
2011-11-07,23.174100875854492,23.241781209181436,22.81538788007187,23.031968044925158,25925900
2011-11-08,23.702014923095703,23.81030500651899,23.025201256240333,23.370375090327304,30193100
2011-11-09,22.023515701293945,23.004895961619848,21.915225625923856,22.9033728864058,52990400
2011-11-10,22.15887451171875,22.490511671695455,21.8475383481523,22.280698563050013,30427400
2011-11-11,22.52435874938965,22.910142345669414,22.34838832621475,22.52435874938965,29983400
2011-11-14,22.03028106689453,22.32131110695325,21.80693393256974,22.301007526152503,27596300
2011-11-15,22.131805419921875,22.409298894949757,21.712181707356567,21.718948707403538,31260500
2011-11-16,21.299327850341797,21.98967946320096,21.25195109527297,21.88815636985947,40761800
2011-11-17,20.636051177978516,21.319633223548706,20.53452937319319,21.251951590051895,55130100
2011-11-18,20.72403907775879,20.879705941590647,20.52776245655524,20.757879251315323,39029900
2011-11-21,20.243499755859375,20.43300807617584,20.033687848633168,20.317949683647957,39658100
2011-11-22,19.905086517333984,20.372088230992002,19.88478164598558,20.236725003841464,36466200
2011-11-23,19.20797348022461,19.72912037274925,19.174133309403953,19.702048494276678,44468500
2011-11-25,19.275650024414062,19.742651745795026,19.140288085944405,19.140288085944405,21423200
2011-11-28,19.735885620117188,20.351785928650397,19.505768879465265,20.108132605390818,45280100
2011-11-29,19.329795837402344,19.715579378521547,19.27565080164736,19.614057597845886,45104700
2011-11-30,20.96091651916504,20.981221391694465,20.169044563390113,20.40592957922217,61412600
2011-12-01,20.61574363708496,20.960918761494018,20.32471484521344,20.88647013609415,33189700
2011-12-02,21.881380081176758,22.517583794813618,20.852622036277356,20.89999877123763,90515100
2011-12-05,22.680015563964844,23.079335567357273,22.483741643052575,22.7680020275837,52207600
2011-12-06,22.490516662597656,22.727402982701616,22.118269681678985,22.51082024535204,38782900
2011-12-07,23.01166534423828,23.140259015229223,22.145344651584953,22.21302498750875,44722800
2011-12-08,21.806936264038086,22.808620139444496,21.71218276771897,22.707097060908797,47788900
2011-12-09,22.456676483154297,22.544662978099353,21.901689512280754,21.901689512280754,39104600
2011-12-12,21.685108184814453,22.06412214531195,21.49559991364622,22.03028198195881,35977900
2011-12-13,21.17749786376953,22.084428178201023,20.89323610415788,21.908455198862956,49475100
2011-12-14,21.326400756835938,21.61743086686859,20.866167214544273,20.90000738462818,41291500
2011-12-15,21.4955997467041,21.847541831969682,21.367004803305818,21.72571517937336,33457300
2011-12-16,21.583589553833008,22.06412668510148,21.529444506775718,21.766329571746265,52596800
2011-12-19,20.778179168701172,21.59035475841002,20.588670885642657,21.570051175492026,47388000
2011-12-20,21.800161361694336,21.955828150778007,21.143652757133264,21.25194280961923,49091600
2011-12-21,21.874618530273438,21.935531866415634,21.590356725249748,21.658038353287708,30893000
2011-12-22,22.63941764831543,22.707097982192433,22.023517315413446,22.125037816228946,35543200
2011-12-23,22.720638275146484,22.808624789024357,22.42284114288862,22.754478447610385,21958800
2011-12-27,22.355148315429688,22.801845106902373,22.355148315429688,22.4837445284151,16891600
2011-12-28,22.097965240478516,22.39576229727702,22.043818912784783,22.328081969498864,19242700
2011-12-29,22.619108200073242,22.68679110596697,22.138571186502638,22.138571186502638,19792000
2011-12-30,22.50404930114746,22.619106359043705,22.375455663174247,22.40929582244734,18196900
2012-01-03,23.674942016601562,23.817072268559585,23.018431926358403,23.052274675543977,44102800
2012-01-04,23.824913024902344,23.961250669478286,23.40226866709877,23.477251901212473,36571200
2012-01-05,24.32254409790039,24.486147196975743,23.449987301700173,23.661308188041204,38381400
2012-01-06,24.10440444946289,24.38389545556164,23.954432777752814,24.329359356603675,33160600
2012-01-09,24.06349754333496,24.3225387605216,23.85217670336653,24.158933096923775,23001800
2012-01-10,24.574766159057617,24.779271325623043,24.37707670452718,24.588400183551883,35972800
2012-01-11,24.990598678588867,25.045134785019897,24.3089129507491,24.40434853657872,29852900
2012-01-12,25.12010955810547,25.25644717777381,24.656563211487388,25.09965982530355,39420700
2012-01-13,24.486146926879883,24.486146926879883,23.947617247904056,24.036234508748883,61571500
2012-01-17,23.797639846801758,24.322537975012168,23.518148905850627,23.756737782117302,55115100
2012-01-18,24.90878677368164,25.004222319872788,23.538597573584113,23.545415884268394,55502100
2012-01-19,25.17464828491211,25.32461994230948,25.024676627514744,25.11329647965174,37000400
2012-01-20,25.467775344848633,25.495043393927745,24.963326838582244,25.072396434474395,34716500
2012-01-23,25.672273635864258,25.863144727445295,25.406416729612495,25.433684771387956,27499200
2012-01-24,25.672273635864258,25.829060975437766,25.086023739809814,25.345064935829505,25403800
2012-01-25,25.63138198852539,25.781353678807896,25.304173155529174,25.467778872239606,29860700
2012-01-26,25.556381225585938,25.97220704468909,25.392775621022814,25.822238057631,33284600
2012-01-27,25.365509033203125,25.67226793398612,25.3246095800474,25.379143051062705,27674600
2012-01-30,25.229177474975586,25.33824704345434,24.786083490715978,24.990588606560692,24423600
2012-01-31,25.426864624023438,25.590470262434557,25.174641756878717,25.583651952271417,29649500
2012-02-01,25.63138198852539,25.924507055664122,25.56321445681042,25.829071471093304,41957800
2012-02-02,25.597280502319336,26.013108919017256,25.508660692099408,25.69271602082256,26784200
2012-02-03,26.09491729736328,26.244888923346508,25.938129961300607,26.08810158728383,41074400
2012-02-06,25.999481201171875,26.122184783382554,25.774526367401286,25.94494772042462,23106200
2012-02-07,25.815433502197266,25.985854905883006,25.6995481958946,25.808617790236504,21091900
2012-02-08,26.108558654785156,26.142642415607444,25.88360375301864,25.93813725024945,23258700
2012-02-09,25.808622360229492,26.36760445526505,25.794988333469515,26.313068348225134,28608400
2012-02-10,25.638185501098633,25.747255049131827,25.297342838442017,25.372328640294175,22618800
2012-02-13,26.108558654785156,26.13582670361269,25.754081821299977,25.958589587082233,24828000
2012-02-14,25.849515914916992,26.08128911586067,25.522307148953704,26.060839380620504,27031900
2012-02-15,25.49504280090332,26.176728409479086,25.433690992114535,25.95858922276878,26534900
2012-02-16,25.9040470123291,25.985848537933634,25.25644531693615,25.324615421959606,22139600
2012-02-17,26.224441528320312,26.340326812956818,26.060835867183393,26.31305876936337,28009300
2012-02-21,26.21762466430664,26.565285738253035,26.183540908145442,26.34714657831267,22804200
2012-02-22,25.951766967773438,26.169906121343374,25.83588168012483,26.10855432187534,23416900
2012-02-23,26.238075256347656,26.258524988601902,25.733626857211895,25.944950292059424,31361400
2012-02-24,26.09491729736328,26.367592508164865,26.0335655049541,26.353958487582435,17586400
2012-02-27,26.62664222717285,26.74252753860749,25.760901146059062,25.951772294504053,34030400
2012-02-28,26.728883743286133,26.960656881858334,26.48347658474811,26.674350263846247,37900900
2012-02-29,26.749347686767578,27.22652559062281,26.599376002456196,26.810699503038187,41187700
2012-03-01,27.5196475982666,27.57418369576702,26.90613210393243,26.933397552258384,44376700
2012-03-02,27.696895599365234,27.867317054393823,27.42422023114948,27.560557915257355,34897900
2012-03-05,27.54010009765625,27.75142097565751,27.267424809392615,27.74460526364184,30806900
2012-03-06,26.803876876831055,27.17880342685497,26.66753924034305,26.892496730611875,33927500
2012-03-07,27.233346939086914,27.3083327896002,26.844786259540648,26.899319768734507,22875100
2012-03-08,27.567365646362305,27.778689125556085,27.41739657765395,27.587817983332208,22052300
2012-03-09,27.969554901123047,28.24904584879111,27.608262422543888,27.778683795522554,33494200
2012-03-12,27.63553810119629,27.93547886435086,27.403764865896328,27.853677310840432,30763800
2012-03-13,29.578340530395508,29.81011376005889,27.826408582808096,27.962746235626163,77277600
2012-03-14,29.707860946655273,29.99416766250277,29.360199819784107,29.73512639548053,68028700
2012-03-15,30.471324920654297,30.62129387648625,29.264741964554208,29.74873776829188,57117700
2012-03-16,30.382719039916992,30.621307897364435,30.144130182469553,30.587224146361017,48844500
2012-03-19,30.67584228515625,30.914431129427008,30.13731020760412,30.29409753389967,41509300
2012-03-20,30.934879302978516,31.084848299046726,30.24637570128969,30.355445244077035,34796200
2012-03-21,30.75765037536621,31.132576896658126,30.580413281811026,31.03714133855734,27267900
2012-03-22,30.437259674072266,30.744016079405174,30.273654004193997,30.48497745269845,27457200
2012-03-23,30.78491973876953,30.846271543093195,30.2941053041802,30.300923616007296,30639300
2012-03-26,31.473417282104492,31.473417282104492,30.948521752233123,31.003055238271926,33529400
2012-03-27,31.282546997070312,31.691559854946792,31.24164753157932,31.302996729815806,33026400
2012-03-28,31.541589736938477,31.568857782198542,30.92125600960364,31.193928660932492,29755800
2012-03-29,31.13258171081543,31.371173243385698,30.859909016994976,31.303003119612338,32262300
2012-03-30,31.343902587890625,31.446156464836935,31.016693822256176,31.412072705996202,25945800
2012-04-02,31.446144104003906,31.596113104038224,30.989413593712293,31.18710295787468,27669300
2012-04-03,31.164838790893555,31.555945532430727,30.856074305782887,31.384408544059593,31036400
2012-04-04,30.471826553344727,30.780593615814393,30.163059490875057,30.657086790826526,41342900
2012-04-05,30.423782348632812,30.691379473259143,30.060124986186274,30.279691991902503,28832300
2012-04-09,30.11503028869629,30.382627545364418,29.55238923174113,29.634726245151374,29376400
2012-04-10,29.47692108154297,30.197376046768998,29.271077179685133,30.108178680347176,38841000
2012-04-11,30.19737434387207,30.334604476520987,29.895470146002108,29.909193421011707,32142200
2012-04-12,30.766870498657227,30.86979372581183,30.190506184973515,30.27284319622936,33631100
2012-04-13,29.648460388183594,30.842359298908956,29.54553973804442,30.842359298908956,58183900
2012-04-16,29.730791091918945,30.05327883946594,29.394577454218496,29.76509796496267,40387600
2012-04-17,30.12189292907715,30.190506669984902,29.614142347041877,29.977799885256562,26887000
2012-04-18,29.70333480834961,30.128745653004657,29.689611540141925,29.929762190161927,20242900
2012-04-19,29.655315399169922,29.97780315757422,29.346548296487747,29.806266169133757,25961800
2012-04-20,29.312238693237305,29.902326297325157,29.305375748568483,29.854293536982826,26178100
2012-04-23,29.40143394470215,29.476910626015954,28.680979235023035,28.7633162430716,25536300
2012-04-24,29.696475982666016,29.717062196554515,29.373988296135746,29.490632165903982,21420400
2012-04-25,29.6141357421875,30.115023267950956,29.49062894214217,29.950349279521085,31694000
2012-04-26,30.05327033996582,30.115023740958428,29.545522480645186,29.655306013804722,28100300
2012-04-27,29.737648010253906,30.183645161030583,29.662171327742808,30.149335674473658,26242900
2012-04-30,29.490629196166992,29.758226392754935,29.188725136481136,29.73078247274413,23518000
2012-05-01,30.046415328979492,30.3551823885582,29.476911350484716,29.504357892990903,26359700
2012-05-02,29.641578674316406,29.868006035230216,29.394565104268228,29.81997590965924,22462200
2012-05-03,29.511226654052734,29.771963647486103,29.277936210969635,29.76510331862209,19536400
2012-05-04,28.646678924560547,29.284796772275854,28.619232376445574,29.044646019887036,31279900
2012-05-07,28.667245864868164,29.092659261049686,28.3859254538167,28.427095252060344,25910100
2012-05-08,28.39279556274414,28.708422909949437,28.097751811133875,28.4751325625703,28049700
2012-05-09,27.885046005249023,28.14578290056345,27.52824883730458,27.939939085292533,38769900
2012-05-10,27.953664779663086,28.40652225951288,27.81643468509877,28.28987576302699,35827100
2012-05-11,25.360021591186523,26.0667555919902,25.12673123879964,25.48352840229994,217294200
2012-05-14,24.557233810424805,25.023814588804083,24.536647593694262,24.7699379828839,96488500
2012-05-15,24.865995407104492,25.572726746207536,24.783655793220817,24.83168592593,89903700
2012-05-16,24.33080291748047,25.373747997208973,24.33080291748047,25.243380843785314,68729600
2012-05-17,23.28099822998047,24.08379000879873,23.246691358803417,24.042622810364865,95429200
2012-05-18,22.979095458984375,23.32216942594926,22.6222982192473,23.32216942594926,82650100
2012-05-21,22.306657791137695,23.130035451857676,22.135120887547924,22.999668347409806,99554800
2012-05-22,23.335886001586914,23.72699266360271,22.636017534685855,22.862444952225328,84721000
2012-05-23,23.507427215576172,23.61721078101142,22.786972403816954,23.06829295383519,52512900
2012-05-24,23.308448791503906,23.65838312574128,23.06829541697709,23.63093657709017,37843800
2012-05-25,22.985944747924805,23.418218471591384,22.841854379184408,23.329018550132638,28796400
2012-05-29,23.075157165527344,23.329031183759625,22.889896897915637,23.31530791014615,35855200
2012-05-30,22.615436553955078,22.944787266785863,22.608576225904073,22.848726969391066,34203600
2012-05-31,22.745807647705078,22.965374802177568,22.581130973127234,22.61543785024226,42124900
2012-06-01,21.908706665039062,22.40273408101431,21.798923085649786,22.238057403206895,50472200
2012-06-04,21.27057647705078,22.073367945778543,21.153931327892238,22.066507621171635,60492400
2012-06-05,21.949871063232422,22.04593265872344,21.174524515628466,21.19510811495113,46502800
2012-06-06,22.690906524658203,22.855583140990422,22.141988832627504,22.443892908882884,47980500
2012-06-07,22.51250457763672,23.21237547106768,22.505641635599236,23.17120567117922,53888800
2012-06-08,23.109458923339844,23.109458923339844,22.334111149280407,22.48506450815381,34238200
2012-06-11,22.519376754760742,23.63093576233673,22.491930207055937,23.582905612576752,46404900
2012-06-12,23.171213150024414,23.17807347683069,22.30666539543976,22.560541983859398,43334400
2012-06-13,23.534875869750977,24.063210143692856,23.075157966257528,23.116325171079687,72456600
2012-06-14,23.775026321411133,23.93970035537738,23.377059274007312,23.61034966999831,44428000
2012-06-15,24.0357608795166,24.063207424594562,23.610349900594578,23.93970058919033,40917100
2012-06-18,23.75442886352539,24.221009434722255,23.672091885503985,23.81618225140278,31084400
2012-06-19,24.275915145874023,24.44745213296411,23.829917932461118,24.00831786480496,32489000
2012-06-20,25.010089874267578,25.346300857931954,24.58467893643973,24.721906413680337,61149700
2012-06-21,24.3651123046875,25.40805749215968,24.310221830318795,25.03753959219256,95637000
2012-06-22,24.694461822509766,25.03753574124877,24.673875607521957,24.715045420051297,44193500
2012-06-25,24.234739303588867,24.337662517241913,23.768158605268226,24.19356949463844,33115800
2012-06-26,24.502344131469727,24.783664703093873,24.413146777197657,24.742497498798105,35053600
2012-06-27,25.236520767211914,25.263967313403253,24.358252228662796,24.454312522885765,34156800
2012-06-28,24.618989944458008,24.653296819535502,23.91225575411704,24.234746138228424,69904800
2012-06-29,24.51605987548828,25.25023779099751,24.186709255045024,25.18162405994744,56063200
2012-07-02,24.893455505371094,24.94834861696746,24.420014196366722,24.88659517514536,34274900
2012-07-03,24.824262619018555,25.00414741339165,24.589027032979274,24.879610771413734,26705900
2012-07-05,23.78645896911621,24.672050519388176,23.675760025332217,24.63745759431899,58519800
2012-07-06,23.454360961914062,23.60657035244188,23.33674185545029,23.468196019831332,32057200
2012-07-09,23.495864868164062,23.606563775557163,23.205281225983477,23.392086127072485,30545000
2012-07-10,23.696510314941406,23.834884625656468,23.392088942784632,23.675755092078806,33175500
2012-07-11,23.93174171447754,24.077033527941158,23.606562536398965,23.668830833493374,35144300
2012-07-12,23.55121421813965,23.917903831854655,23.482025755656643,23.751856800435398,39301500
2012-07-13,24.95571517944336,25.045658890459602,24.118554304063043,24.256928635025528,83001000
2012-07-16,24.277679443359375,24.80349863821377,24.028606220802427,24.74123033257453,52368300
2012-07-17,24.208494186401367,24.547508472408502,23.710347729428772,24.519833082738817,43998300
2012-07-18,24.187732696533203,24.374537589878578,23.973255056939276,24.042440881465698,28944900
2012-07-19,23.841800689697266,24.333026955268817,23.73802194248555,24.2292482080571,34384700
2012-07-20,23.454360961914062,23.613490520671387,23.454360961914062,23.55813973191882,36301200
2012-07-23,23.827964782714844,23.86947786827531,22.900860319361737,22.997724185669487,41248300
2012-07-24,24.028606414794922,24.13930533246169,23.675754439504104,23.92482766407192,29920400
2012-07-25,24.333030700683594,24.52675580931742,24.07012238919669,24.201576544940142,32127700
2012-07-26,24.77582550048828,24.865766554459547,24.450646282878914,24.755067639420027,28900500
2012-07-27,25.52305030822754,25.737530676268598,24.568270225016253,24.914204770021822,63636200
2012-07-30,25.004135131835938,25.267045984571503,24.865760859908285,25.253208293451767,30698200
2012-07-31,24.90727996826172,25.13559796815389,24.84501166277025,24.983385968225775,19681600
2012-08-01,24.90727996826172,25.184028579172768,24.782743357278783,25.038734106845773,22180200
2012-08-02,24.333030700683594,24.796584288579123,24.049364525142998,24.64437226878198,36675000
2012-08-03,24.96953773498535,25.10791198203795,24.56133515777827,24.78273289735473,24516300
2012-08-06,25.114835739135742,25.460770122978577,24.98338162341263,25.073325302207337,18979200
2012-08-07,25.606060028076172,26.20106754635622,25.30163874305206,25.30163874305206,37225800
2012-08-08,25.709854125976562,25.931252013707194,25.42618791736725,25.495373767556444,18672400
2012-08-09,25.543800354003906,25.779035902453664,25.315484973042114,25.405428675491592,23406700
2012-08-10,25.57839584350586,25.599151067372276,25.18403075442042,25.433101358629184,15492700
2012-08-13,25.592227935791016,25.661413759711323,25.356992439483957,25.509201779962638,14453500
2012-08-14,25.6683292388916,26.04193899250729,25.585305728955827,25.889727024900203,18065100
2012-08-15,25.647581100463867,25.882816642936383,25.564557567611956,25.647581100463867,17521300
2012-08-16,25.6683292388916,25.841296424165186,25.460769144417263,25.72368000502865,15894100
2012-08-17,25.585311889648438,25.737523893906683,25.46077527512268,25.737523893906683,17079800
2012-08-20,25.855140686035156,25.94508438422955,25.460775614536505,25.543799145570308,17922100
2012-08-21,26.318702697753906,26.886035180953673,25.98660582753487,26.035036456154025,36880600
2012-08-22,26.173418045043945,26.415571255059888,25.986613009057912,26.208010983721646,16899400
2012-08-23,25.75827980041504,26.21491318604229,25.737524577199867,26.159565044378333,16429500
2012-08-24,25.716764450073242,25.903569360371073,25.370830017507693,25.557634927805523,20019300
2012-08-27,25.75827980041504,25.903571641462232,25.529964427236663,25.813630581349493,17618200
2012-08-28,25.689090728759766,25.938163933060636,25.52996121251647,25.668332868887916,18050500
2012-08-29,25.80670928955078,25.938166068906536,25.640662232524043,25.82054698418141,13681900
2012-08-30,25.529964447021484,25.68909398342561,25.39850766183553,25.64066336970568,13700700
2012-08-31,25.69600486755371,25.875892219948625,25.502282462762103,25.696004867553714,16771600
2012-09-04,25.606060028076172,25.765192155376862,25.44693054004518,25.585304811154213,13631400
2012-09-05,25.675249099731445,25.799785682792745,25.557630042720326,25.65449388231115,13537500
2012-09-06,26.768409729003906,26.892946355814868,25.945086597772058,26.000437382697235,41346800
2012-09-07,27.190446853637695,27.349576381651538,26.98288671445748,27.010562103486937,28082400
2012-09-10,26.816850662231445,27.52255760587855,26.79609542953561,27.142030050581937,20853500
2012-09-11,27.398012161254883,27.41877002657798,26.79608685230229,26.84451747260475,22378900
2012-09-12,27.619396209716797,27.84771413907286,27.529455182336715,27.591723468591137,29882200
2012-09-13,28.643373489379883,28.767910102407043,27.391089831393607,27.564057056234617,47018600
2012-09-14,28.760986328125,29.120758427382963,28.525750826274415,29.030814742750955,43471600
2012-09-17,28.498083114624023,28.671050364349455,28.33203603287925,28.36662895497018,19740100
2012-09-18,28.546510696411133,28.59494394931067,28.131390396942063,28.401218855524007,25186600
2012-09-19,28.601863861083984,28.892447567076697,28.394303694050514,28.594946332533514,22887200
2012-09-20,28.53959083557129,28.560346057067033,28.055282099598447,28.338948230211496,20997400
2012-09-21,28.283597946166992,28.850930164327746,28.207491954099314,28.733311093149496,28287400
2012-09-24,28.5257511138916,28.691800791865685,28.08295549165416,28.096793184757843,20499500
2012-09-25,28.055282592773438,28.74715147367671,28.041444898442936,28.74715147367671,21988200
2012-09-26,27.840805053710938,28.11063349619032,27.467195222922406,27.778536748579516,23782700
2012-09-27,28.145227432250977,28.359707744201113,27.8200482004199,27.95150498227694,20843400
2012-09-28,28.00684356689453,28.110624923554443,27.78544580267161,27.965330496376655,21380700
2012-10-01,28.345870971679688,28.712560660854148,28.22825188088925,28.28360266226605,21956400
2012-10-02,28.3112735748291,28.532674046685518,28.06220299262254,28.463485574458407,26946100
2012-10-03,28.478551864624023,28.57612846324279,28.17187951609316,28.457643353137975,22419100
2012-10-04,29.14765739440918,29.266145190003236,28.513406701561482,28.687651426615943,24326500
2012-10-05,29.070972442626953,29.57976642587551,28.89672781855161,29.300976622612144,22774400
2012-10-08,29.036136627197266,29.16159302357663,28.652798819932816,28.80613500634384,18631300
2012-10-09,28.84097671508789,29.238254325085336,28.785217147976848,29.112797957847985,19947500
2012-10-10,29.112791061401367,29.27309579072774,28.806121491224207,28.959454946931853,25797600
2012-10-11,29.342802047729492,29.719171181796128,29.168557373672282,29.53098661476281,27755000
2012-10-12,29.008258819580078,29.572812641868634,28.68068056999237,28.9943189236116,44564000
2012-10-15,29.537939071655273,29.55884756841701,29.084902144236718,29.21035844232921,26268000
2012-10-16,29.85160255432129,30.046755762771657,29.461293478657495,29.823722764896075,28588100
2012-10-17,30.193111419677734,30.346447555779974,29.809773738184376,29.92129020295994,26177500
2012-10-18,29.977062225341797,30.21403516485596,29.795848875719717,30.032821815233877,23630400
2012-10-19,29.496137619018555,29.844626960130554,29.31492433149589,29.830687067434553,29747500
2012-10-22,29.335830688476562,29.635531712541646,28.9246131897893,29.447347163098748,27993000
2012-10-23,28.806129455566406,29.091890601418605,28.610973621713306,28.903706043111654,22896400
2012-10-24,29.070972442626953,29.189460169554405,28.813091143448798,29.05006393854174,18918900
2012-10-25,29.0430965423584,29.46825390726899,28.854914662942473,29.44037678435402,17311700
2012-10-26,28.68765640258789,29.03614591314351,28.48553184836228,28.868869778220667,21892700
2012-10-31,29.050079345703125,29.12674744636031,28.680681397551286,28.889774525585093,19423500
2012-11-01,29.858558654785156,29.900378321391045,28.98036692615704,29.064003600606874,23325400
2012-11-02,29.565837860107422,30.018875119713602,29.50311232382898,29.99796660762079,17029200
2012-11-05,29.46129035949707,29.52401854968104,29.17552919505074,29.503110039207307,13252500
2012-11-06,29.88644027709961,30.00492535165289,29.558859515373538,29.670375974443377,17190900
2012-11-07,28.21369171142578,29.280068054461555,28.09520663276056,29.280068054461555,47631200
2012-11-08,28.157947540283203,28.92462323728417,28.157947540283203,28.771287034378616,27830900
2012-11-09,28.31127166748047,28.736429064110432,27.78156906990442,28.095209990267712,27553200
2012-11-12,28.28339958190918,28.51340119198135,28.088243719598527,28.471581508894143,12816000
2012-11-13,27.907028198242188,28.241577660131384,27.879148411727392,28.00460479228119,19793500
2012-11-14,27.384300231933594,28.13703602324625,27.272783719933077,28.02551951124573,30986600
2012-11-15,27.45399284362793,27.683997109902187,27.161263041565743,27.223991236116635,24858700
2012-11-16,27.551565170288086,27.649141755838592,27.063682242535553,27.481868368827023,32458000
2012-11-19,28.290369033813477,28.367037125685655,27.941879640767613,27.941879640767613,26781200
2012-11-20,28.367029190063477,28.701578594746376,28.05338829231003,28.10914785580501,19375900
2012-11-21,28.387943267822266,28.56218794979424,28.12309060677127,28.534308162575638,13030200
2012-11-23,28.638851165771484,28.729459129444344,28.555214477099366,28.64581978200983,8316700
2012-11-26,28.492488861083984,28.492488861083984,27.941875071999103,28.429760674241876,20376600
2012-11-27,28.401887893676758,28.71552890523689,28.325219795432805,28.48552461050503,19875000
2012-11-28,28.4576358795166,28.492484275762337,27.79550571579881,28.220663062778517,26106900
2012-11-29,28.72947120666504,28.820076549663945,28.513406789774205,28.680682896199936,18915000
2012-11-30,28.631895065307617,28.813108413104192,28.471587575364595,28.569166856692735,20066600
2012-12-03,28.443700790405273,28.83400714825859,28.401881112594136,28.764310344002684,18955500
2012-12-04,28.276416778564453,28.520358183557175,28.018535484891878,28.422781621560087,24031100
2012-12-05,28.71551513671875,28.917639542672124,28.22762964808585,28.360054607799086,25515600
2012-12-06,28.903705596923828,28.959462506619275,28.65279285638791,28.750369442426866,20541700
2012-12-07,29.663419723510742,29.670388341898903,29.084926023054507,29.161594119140343,34552900
2012-12-10,29.489173889160156,29.74008402298236,29.280078122830318,29.64947869358675,22394500
2012-12-11,29.719181060791016,30.032822110104405,29.565844845845888,29.691301265571244,21955000
2012-12-12,29.80977439880371,30.234931761045726,29.760986110555834,29.97007915429848,23110600
2012-12-13,29.81674575805664,29.91432234352982,29.62159258711028,29.72614044798157,18457000
2012-12-14,29.837656021118164,30.04674907776065,29.76795656306236,29.809776237895843,16208600
2012-12-17,30.304636001586914,30.325544513469502,29.83766151112276,29.970086517650742,23879800
2012-12-18,30.576461791992188,30.625250099408543,30.18615533266137,30.54858465829952,33858600
2012-12-19,30.339473724365234,30.938875669056046,30.262805662775197,30.660085859992844,34348500
2012-12-20,31.036455154418945,31.043426429089397,30.255839893351393,30.450993043927713,25014900
2012-12-21,30.667057037353516,30.806453282912116,30.207051288143703,30.541600682227,38973500
2012-12-24,30.611299514770508,30.680998971573896,30.464934643627014,30.471905918688563,8621200
2012-12-26,30.63918113708496,30.792517292496388,30.471907748238475,30.632212520367432,11498900
2012-12-27,30.409175872802734,30.680997090766716,29.90038183375897,30.639177419248313,19567000
2012-12-28,30.137361526489258,30.450999828722377,30.032813653236307,30.03978227069717,15401200
2012-12-31,30.646156311035156,30.667064822610076,30.0049344821875,30.039782887733338,24209600
2013-01-02,31.340892791748047,31.579493516509416,31.032116485538506,31.565457864814412,31413000
2013-01-03,31.277746200561523,31.404064439284006,31.018093232977716,31.397047949145158,24227700
2013-01-04,31.83213233947754,31.881255785672096,31.186505697020902,31.19352486192129,24487700
2013-01-07,31.867225646972656,31.92336826778211,31.593537063095315,31.64266051778984,24456900
2013-01-08,31.930383682250977,31.930383682250973,31.551429035623393,31.86020808562842,19624200
2013-01-09,31.909326553344727,32.421615824329066,31.677742302022313,31.972485651248384,25920600
2013-01-10,32.386539459228516,32.39355594945939,31.951442108132024,32.20407858889052,23413600
2013-01-11,32.3795166015625,32.38653576802132,31.909334175872043,32.260217542039,19723900
2013-01-14,32.19705581665039,32.40758528386315,31.91634807568177,32.20407230551227,19079500
2013-01-15,32.52689743041992,32.611111392835085,31.82513047246455,31.92338009528224,29898000
2013-01-16,32.856727600097656,32.86374676856595,31.97951893354864,32.21811979793111,43453600
2013-01-17,32.59004592895508,32.891805836568075,32.48478252582836,32.56197729433786,41086800
2013-01-18,32.60408401489258,32.702330935944644,32.407590172788446,32.54794406444618,28679100
2013-01-22,32.66022872924805,32.667245219616746,32.372504437627576,32.45671570719191,24257300
2013-01-23,32.442684173583984,32.590054583312494,32.225135466107375,32.442684173583984,19105100
2013-01-24,32.540924072265625,32.84268399471744,32.33741374540211,32.44969632047527,20008200
2013-01-25,33.095314025878906,33.095314025878906,32.709342916391904,32.80057332747956,26009100
2013-01-28,32.73039627075195,32.98303269418069,32.61811371334222,32.87075013677096,19706800
2013-01-29,33.06724548339844,33.09531679331539,32.45670921635576,32.47776136027974,19907400
2013-01-30,33.07426452636719,33.22865137628124,32.954962798177625,33.0111054178027,18631300
2013-01-31,33.01813507080078,33.13743684655498,32.898835972075105,32.99006374979644,19536000
2013-02-01,33.579551696777344,33.684817823286636,33.13042122079146,33.26375867130707,24520000
2013-02-04,33.460235595703125,33.55146601388659,33.24970612661066,33.36198868859514,20822600
2013-02-05,34.239200592041016,34.2462170816933,33.63568075489066,33.64269724454295,28067500
2013-02-06,34.112884521484375,34.267274073885105,33.90937150732485,33.97954711640087,28282600
2013-02-07,33.8462028503418,34.211121804162794,33.61462126402927,34.140946214862545,21429600
2013-02-08,34.126922607421875,34.16902690505278,33.867266945900255,33.916393088183106,15218300
2013-02-11,34.14796447753906,34.316389648450155,33.95147067566552,34.04269841109122,13935900
2013-02-12,34.48481750488281,34.60411924387749,34.105862819174114,34.24621670392115,16388000
2013-02-13,34.162010192871094,34.702370984196754,34.035691946741565,34.63219269355364,21635600
2013-02-14,34.540950775146484,34.59007421995009,33.94444759577461,33.96550241285256,18017800
2013-02-15,34.302364349365234,34.70938772997599,34.084815662313986,34.63219294821496,20016200
2013-02-19,34.70235824584961,34.86376423953866,34.4707739872781,34.4707739872781,20445900
2013-02-20,34.112884521484375,34.76552785859741,33.93744282176642,34.632190453513914,24786700
2013-02-21,33.860233306884766,34.0005871409715,33.56549266462668,33.97251583874881,24437700
2013-02-22,34.32341384887695,34.32341384887695,33.972530451249085,34.12692000285426,23584100
2013-02-25,33.474266052246094,34.526915911266244,33.439178259017496,34.45673764778202,32775500
2013-02-26,33.40409851074219,33.86726449029605,32.877773412293344,33.83919585291998,39401400
2013-02-27,34.58306884765625,34.66728279550029,33.51638293488399,33.57954205725301,31921200
2013-02-28,34.330421447753906,34.77253516383047,34.21112240843088,34.49884661288737,24711500
2013-03-01,34.32341384887695,34.68131373656511,33.94445913695216,34.10586517861764,25923400
2013-03-04,34.45674514770508,34.48481645920882,33.91638712490979,34.19709220886443,17695200
2013-03-05,34.73042297363281,35.165517425386035,34.60410479779695,34.73042297363281,25561100
2013-03-06,35.10939407348633,35.221676660565144,34.82166977678261,35.004130653928215,19607900
2013-03-07,35.530452728271484,35.69185876600705,35.0953553983466,35.123426711960036,24245400
2013-03-08,35.228694915771484,35.684841742766615,34.81465238469802,35.50238354737416,32711900
2013-03-11,35.42518615722656,35.6286991626046,35.02517931329196,35.249744465078834,19473000
2013-03-12,35.284820556640625,35.558509077226084,35.12341457468066,35.3339439999751,18003400
2013-03-13,35.200618743896484,35.39009608048597,35.16553094312679,35.29184916751978,16680200
2013-03-14,35.79011154174805,35.79011154174805,35.22167939470776,35.26378637201646,26378700
2013-03-15,35.10235595703125,35.29183320793581,34.49181993324527,35.06726817212886,60880800
2013-03-18,34.744468688964844,34.849734766441756,34.351481044043126,34.51990355557313,28011400
2013-03-19,34.52692413330078,35.08132050022517,34.16200510736426,34.842719701613895,24411500
2013-03-20,34.47077941894531,34.835698422754305,34.41463947522028,34.78657496810958,19385300
2013-03-21,33.930423736572266,34.54797927063847,33.930423736572266,34.23920284211932,23535900
2013-03-22,34.232177734375,34.38656726035599,33.923401359440454,34.12691433877404,22791500
2013-03-25,34.04971694946289,34.61112971378077,33.79708053626304,34.41463591552632,23581400
2013-03-26,34.133941650390625,34.36552601278969,33.909376456140286,34.204119946736526,16417500
2013-03-27,33.523399353027344,33.902354056162196,33.37602897192862,33.82515928215015,26530100
2013-03-28,33.30583953857422,33.635670670930764,33.179521346481366,33.57251157488434,27506700
2013-04-01,33.56550979614258,33.67779238531458,33.32690895952356,33.3690132573205,17442200
2013-04-02,33.88128662109375,33.951464879086444,33.60058162020344,33.691809340053716,17273700
2013-04-03,33.08332824707031,33.944837364699055,32.85735908404718,33.916590545879934,33467400
2013-04-04,33.5352783203125,33.570585506485735,33.11864705843084,33.161014604332465,21514000
2013-04-05,33.83186721801758,33.92366807146535,33.01272797912052,33.04097480999154,22961500
2013-04-08,34.30499267578125,34.31205303671247,33.60589841788222,33.81068390384686,18672300
2013-04-09,34.37559127807617,34.57331361856774,34.220236471252875,34.417961505509304,20066700
2013-04-10,34.778106689453125,34.997015538878344,34.51683029700496,34.559197840027906,20388900
2013-04-11,34.82048034667969,35.0252631101926,34.4815265003732,34.74986327842893,22584700
2013-04-12,34.608619689941406,35.01113010329708,34.213175021579694,34.53094498277376,37805900
2013-04-15,33.84598922729492,34.84166707712052,33.82480545190478,34.17081968751809,31527300
2013-04-16,34.2414436340332,34.262627413674934,33.605903307116456,34.19907338098326,23865500
2013-04-17,33.040977478027344,34.0225320330435,32.751454172635775,33.97310142191076,43466300
2013-04-18,32.9350471496582,33.42229550382816,32.51841586539407,33.04803176774174,26106800
2013-04-19,33.35167694091797,33.443477780803136,32.97741591535131,33.295185981287936,19746100
2013-04-22,33.43642044067383,33.5352843510096,33.0974665436781,33.47173032696252,15230100
2013-04-23,34.015472412109375,34.064905721999224,33.46467257886884,33.66945809924626,20568500
2013-04-24,34.40385437011719,34.54508314083545,34.00840680831412,34.121391441148404,16459300
2013-04-25,34.60157012939453,35.04644821388398,34.523892704224004,34.61569354249514,19058800
2013-04-26,34.51682662963867,34.665118401994086,34.326164624996636,34.50270321887646,13929000
2013-04-29,34.54507064819336,34.67217865088623,34.3544113379192,34.65805793393383,13496300
2013-04-30,34.608619689941406,34.77809790049983,34.403836998296136,34.57331251508979,13802600
2013-05-01,33.902488708496094,34.53802906749364,33.78950405509282,34.432104776405176,17686400
2013-05-02,33.95191192626953,34.071956906299675,33.69063280426423,34.071956906299675,15529300
2013-05-03,33.59177017211914,34.38972553091445,33.17513889916574,34.340294930205204,43257900
2013-05-06,34.022525787353516,34.17081759352903,33.591771089044435,33.69063229316144,20829500
2013-05-07,34.700443267822266,34.87698195167872,34.079026346392915,34.29793528413087,24291600
2013-05-08,35.13825225830078,35.30067018934583,34.67925337740783,34.75693081562084,23559300
2013-05-09,34.62982940673828,35.17356888466768,34.545088897666226,35.095891431568255,18103100
2013-05-10,34.57333755493164,34.76399966973568,34.347368239704636,34.63689159319965,16199600
2013-05-13,35.074684143066406,35.09587060464504,34.326162280157575,34.48857745218053,23979500
2013-05-14,35.47014236450195,35.60431075788927,35.0676344905742,35.1453119212911,24188400
2013-05-15,36.07743453979492,36.31752718438045,35.41365026065409,35.44895744790608,27467000
2013-05-16,35.992698669433594,36.47994434451064,35.90089782267443,35.92208159740122,21389500
2013-05-17,36.931884765625,36.95307123522778,36.190422979911716,36.19748334060198,26080300
2013-05-20,36.92481994628906,37.164912587256886,36.656480478438986,36.91775689268566,22020000
2013-05-21,37.44032287597656,37.8993218191145,37.03781490862135,37.09430588440407,37112600
2013-05-22,37.871070861816406,38.81025505201574,37.63097819697886,37.72983940712974,46968300
2013-05-23,37.67334747314453,37.98405722643854,37.186101760614484,37.29908639078519,25294200
2013-05-24,37.89225387573242,37.89225387573242,37.22846955393999,37.355577591227075,18342300
2013-05-28,38.5560417175293,38.591351604039495,38.153533793961536,38.52779757959373,27162300
2013-05-29,38.6054801940918,38.81026572501612,38.068803751213125,38.19591182600983,20482600
2013-05-30,39.27631378173828,39.474038879771506,38.5066052445696,38.55603584563647,24890800
2013-05-31,38.548973083496094,39.42460582196643,38.548973083496094,39.33986534504747,24990100
2013-06-03,38.47835159301758,38.739627947423145,37.454427250057314,38.55602630850513,28279600
2013-06-04,38.16059112548828,39.113898655432564,38.04054345564373,38.51366838750701,22022600
2013-06-05,37.44738006591797,38.323013013396945,37.21435043318187,37.9769960511328,24326000
2013-06-06,37.77926254272461,37.79338595477748,36.91069290471382,37.313200720041614,23940900
2013-06-07,38.32300567626953,38.47129747723461,37.715712365156556,37.969928420391355,21691000
2013-06-10,38.38656997680664,38.725523910029764,38.14647727071946,38.584292431078524,16007000
2013-06-11,37.7722053527832,38.16765014838088,37.50386588879505,37.75101888604359,17600800
2013-06-12,37.55329895019531,38.20295983913429,37.40500714212435,38.06173108502812,18479100
2013-06-13,38.252376556396484,38.30180983490858,37.40499356429216,37.42617733096532,17090200
2013-06-14,37.51799011230469,38.22414462685486,37.36263525709863,38.160590612794714,17185300
2013-06-17,38.026432037353516,38.31595537578842,37.80752578985797,37.92051044159435,16856600
2013-06-18,38.21002197265625,38.32300658947898,37.9346221375112,38.15352831736201,13259100
2013-06-19,37.8145751953125,38.49248290930736,37.79339142105197,38.12528491788449,20840000
2013-06-20,37.05898666381836,37.553295336926446,36.9106948700156,37.48268096666767,31857100
2013-06-21,36.69179916381836,37.412077312446186,36.50113706326101,37.39795389457899,44412200
2013-06-24,35.95738220214844,36.331645880971585,35.38539883913792,35.929138072273304,30736500
2013-06-25,36.77653884887695,37.11549278881271,36.374028183076376,36.374028183076376,20951400
2013-06-26,37.073123931884766,37.28496981559937,36.63530874637238,37.17904822062535,19332000
2013-06-27,37.5321159362793,37.772208594396496,37.341453881853944,37.447375449579674,17093600
2013-06-28,37.27791213989258,37.518004877075946,37.129620279982284,37.51094182064207,18256000
2013-07-01,37.0660514831543,37.87106719502859,37.023681242720926,37.581543953148085,23511100
2013-07-02,37.556854248046875,38.07610589208226,37.07316726472987,37.393254638014604,23935300
2013-07-03,37.53550720214844,37.56396000942235,37.13717604054077,37.208308058725564,10442300
2013-07-05,38.40331268310547,38.41042453078483,37.777364264330465,37.95519030382484,17070200
2013-07-08,38.9083251953125,39.05769836817205,38.44597655923203,38.794516675980105,21786900
2013-07-09,39.04347229003906,39.24263652218121,38.545558996274536,39.17150721453306,20508700
2013-07-10,39.00079345703125,39.228410483975864,38.72338266162157,38.958114246950764,16915000
2013-07-11,39.22129821777344,39.74054976042515,38.80162879105368,39.71921151084234,21322600
2013-07-12,39.10037612915039,39.726321605540576,38.94388840334833,39.484478171759676,32569200
2013-07-15,39.04347229003906,39.47736812155659,38.8371934990866,39.47025627615544,28292000
2013-07-16,39.128822326660156,39.41334494280396,38.96522277207054,39.050581184958936,19222700
2013-07-17,39.31378936767578,39.53429467964094,39.00792829863824,39.157301551867576,19166600
2013-07-18,40.09620666503906,40.210015199184376,39.470261083944585,39.48448477647945,24563100
2013-07-19,39.94683837890625,40.23136110591863,39.76901235287597,40.195793729984715,17762600
2013-07-22,40.231361389160156,40.30960256190008,39.797465448445934,39.953950507335605,15999700
2013-07-23,40.30959701538086,40.46608476614797,40.16733838385744,40.34516438667118,10577100
2013-07-24,40.28114700317383,40.494537664324284,40.103320999980205,40.48742310468723,16665000
2013-07-25,40.188682556152344,40.188682556152344,39.75478661122353,40.153117893032416,13870200
2013-07-26,39.86857223510742,39.98949527627107,39.54848502427223,39.87568679168615,16762300
2013-07-29,39.612518310546875,39.833023524743375,39.39201580975977,39.81879711930398,10049100
2013-07-30,39.3564567565918,39.82591734929782,39.178630733393916,39.74055890450779,14207400
2013-07-31,39.64097213745117,40.02507695393147,39.48448438701636,39.53427816403517,19404900
2013-08-01,40.21712112426758,40.38783253212915,39.97527770195625,40.08908621166694,15979400
2013-08-02,40.181556701660156,40.20289494941166,39.84012845718257,40.02506898239201,11007300
2013-08-05,39.904151916503906,40.24558021234149,39.84013445021053,40.06775421857202,9370200
2013-08-06,39.47026062011719,39.90415378597835,39.3422256815321,39.8259126243181,10588600
2013-08-07,39.33510971069336,39.45603279875617,38.96523131398559,39.16439827431092,12828400
2013-08-08,39.00079345703125,39.6409653277846,38.502880193061536,39.420460145815575,18587100
2013-08-09,38.780303955078125,39.228426345180814,38.645157138626246,38.90122436241769,12652500
2013-08-12,38.47444152832031,38.6380411569827,38.18280693576388,38.43887686355196,15133000
2013-08-13,38.616695404052734,38.908329939993465,38.12589389993604,38.56690434036111,15078100
2013-08-14,38.51710510253906,39.015015633788366,38.41040843818056,38.645140014405705,15785800
2013-08-15,37.905399322509766,38.18280751065359,37.62087657325916,38.06899895363536,16933200
2013-08-16,37.905399322509766,38.25393684126123,37.74891153908093,37.74891153908093,17139000
2013-08-19,36.866878509521484,37.66353803284509,36.84553754967823,37.62085882656733,22793300
2013-08-20,37.07317352294922,37.24388772198876,36.03467005957157,36.831329990465775,18701500
2013-08-21,36.72462844848633,37.14429794180581,36.47567040573873,36.93090455847657,17136200
2013-08-22,37.13718795776367,37.457275358787776,36.938023669753086,36.987814741755734,14658500
2013-08-23,37.215431213378906,37.286560539770406,36.91668478644275,37.17986655018315,11126800
2013-08-26,36.845558166503906,37.37192448482137,36.83844631818258,37.10162812063617,16548400
2013-08-27,35.991981506347656,36.66772085262887,35.95641684884011,36.29073059891184,23596800
2013-08-28,35.97776412963867,36.312075224986216,35.65767672906343,35.79993809747575,18748100
2013-08-29,36.063106536865234,36.4045320668224,35.885280570424484,35.98486267748588,13576000
2013-08-30,35.94219970703125,36.15559313389625,35.77148822163142,36.14847857251534,15863100
2013-09-03,36.36896896362305,36.78863837081543,36.155578337496706,36.454324671391774,15277200
2013-09-04,36.89534378051758,37.058943401780624,36.22671888751949,36.390318508782535,19923800
2013-09-05,37.06605529785156,37.3576898562528,36.92379394202932,37.0091496701588,13913200
2013-09-06,37.386138916015625,37.492832887111504,36.475667958222935,37.279442231510345,22339900
2013-09-09,37.59952926635742,37.83425817159018,37.35768580173039,37.542623644840766,19936400
2013-09-10,38.17568588256836,38.360626449368574,37.91250415194755,38.2894971319282,20233200
2013-09-11,37.884056091308594,38.23970814993804,37.74179743858471,37.962299978352654,16028600
2013-09-12,37.15851974487305,38.20413471196629,37.044711220787754,38.00497047316934,21976700
2013-09-13,37.40747833251953,37.55685152475127,37.15140845245969,37.19408767027283,11942900
2013-09-16,37.79869842529297,38.047656481656524,37.684889880884114,38.01920366720188,17055300
2013-09-17,37.76314163208008,37.92674127916655,37.613768395185076,37.834270969627134,13207000
2013-09-18,37.99075698852539,38.317956267369645,37.38614950746927,37.478617099266444,20844500
2013-09-19,37.52128219604492,38.23258612393203,37.36479446361883,38.147230412340136,22452200
2013-09-20,37.556854248046875,38.03342938458408,37.556854248046875,37.66355094361168,30792200
2013-09-23,36.60371017456055,37.25811139042521,36.55391910213073,37.044720692381716,28189500
2013-09-24,35.792823791503906,36.468563261215856,35.7785973832204,36.2836226669402,34906900
2013-09-25,36.774417877197266,36.916679221946914,35.60787973438717,35.721688267504994,39175500
2013-09-26,36.909576416015625,37.38615166567868,36.66062101848215,36.93802923670811,22298700
2013-09-27,37.15851974487305,37.27232826895834,36.553909756024915,36.632153625097786,23026000
2013-09-30,36.767303466796875,37.05182615745085,36.58947746349051,36.79575627854417,21350600
2013-10-01,36.95935821533203,37.05182850265893,36.59659433952595,36.73174113376554,19188000
2013-10-02,37.32479476928711,37.58275116895747,36.751559844130604,36.77305529963655,23841200
2013-10-03,37.21730422973633,37.40360724976557,36.90202577028574,37.26029786514288,18614500
2013-10-04,37.740379333496094,37.747546305749864,37.26746030051103,37.31045393383659,17407200
2013-10-07,37.13848876953125,37.51825633691321,37.13848876953125,37.46809845946274,16159300
2013-10-08,36.450618743896484,37.231652375251,36.42912328311622,37.13850355626956,19536000
2013-10-09,36.364627838134766,36.7873891381013,36.00635564268516,36.66557517028047,24721200
2013-10-10,37.632911682128906,37.66157411373828,36.81605151506128,37.14566127836929,24328700
2013-10-11,37.62574005126953,38.22763737358078,37.37495063922301,37.948185533471914,32498800
2013-10-14,37.76905059814453,37.86220212545889,37.08833294481591,37.21731114158974,18881600
2013-10-15,37.482425689697266,38.005502594248014,37.38927418430085,37.912351088851594,17566500
2013-10-16,38.69340133666992,38.729228013449756,37.675909502441456,37.69740496182931,24864000
2013-10-17,38.843875885009766,38.90120075585544,38.41395028726832,38.542928513270816,17791000
2013-10-18,38.90835189819336,39.108986145202614,38.5500797762332,38.8796894724207,24796600
2013-10-21,38.886863708496094,39.30245802622311,38.61457607959916,38.886863708496094,19471700
2013-10-22,38.421104431152344,39.18064236982547,38.421104431152344,39.15914691560816,24820900
2013-10-23,37.79771041870117,38.23480286278267,37.7762149651888,38.19897619579556,21034400
2013-10-24,37.604251861572266,37.89803497246736,37.339131184276724,37.862208297167975,17759000
2013-10-25,37.81205368041992,37.91236947330777,37.310471982580324,37.37496109706542,20889600
2013-10-28,37.74755859375,38.0413416836126,37.61858038518594,37.898032259274764,14836800
2013-10-29,37.78339385986328,37.96969697389484,37.439452803267166,37.85504995502947,23363100
2013-10-30,37.69023895263672,38.14882972073551,37.61858559724019,37.97685784102343,16157200
2013-10-31,36.930694580078125,37.769050114983685,36.930694580078125,37.72605920554215,23738000
2013-11-01,37.62574005126953,37.769049458181655,36.7587221028806,36.866204841414586,25794400
2013-11-04,37.2889518737793,37.80486171523719,37.26028945664315,37.79053324006766,18891300
2013-11-05,37.22447967529297,37.353457877471214,37.016681156961376,37.15282359997184,14532200
2013-11-06,37.331947326660156,37.503919117087044,37.138482820853376,37.44659427581179,14013000
2013-11-07,37.0095100402832,37.50392456784469,36.95935216357693,37.35345093772589,17348900
2013-11-08,38.66471862792969,38.67188559956777,37.11698349535826,37.13848167687372,31183100
2013-11-11,38.765045166015625,38.80087456739273,38.47842908879565,38.628902734341104,12062800
2013-11-12,38.67190933227539,38.75072966827306,38.40678588693768,38.6432468949307,15964800
2013-11-13,38.793704986572266,38.83669862529562,38.084327714732936,38.349448320028486,22121900
2013-11-14,38.98000717163086,39.051660501209135,38.47842566438501,38.87968868346224,17634000
2013-11-15,39.31679153442383,39.3812806415178,38.82954111046938,38.88686597606404,20530100
2013-11-18,39.940181732177734,40.126482053300776,39.62490048095459,39.76104565158264,22318800
2013-11-19,40.23397445678711,40.585079728363944,39.968851025791984,40.104996229113894,22979900
2013-11-20,40.19813537597656,40.44176055482368,39.96167717105418,40.43459631429862,17682800
2013-11-21,41.00065994262695,41.12963811712253,40.327106646172425,40.327106646172425,22843600
2013-11-22,41.17263412475586,41.21562776605164,40.88601804964924,41.02216048031992,16730600
2013-11-25,41.308780670166016,41.659885852257275,41.13680883263178,41.20129793003216,18649600
2013-11-26,40.96482849121094,41.53089903605934,40.96482849121094,41.29444088361069,16263300
2013-11-27,41.186973571777344,41.43776576270335,41.07949354715198,41.25862965492767,11238900
2013-11-29,41.00065994262695,41.45208081996229,40.98632873063864,41.25861629161812,7128800
2013-12-02,40.82869338989258,41.380432822196475,40.771371267956866,40.91467793949592,12465300
2013-12-03,40.74272155761719,41.00067802034462,40.226808632162324,40.76421701837767,20426800
2013-12-04,40.97916793823242,41.17980220292827,40.276954845295954,40.44175970791782,20287200
2013-12-05,39.99751281738281,40.656735163028465,39.94735492225111,40.63523696982896,21324900
2013-12-06,40.16947937011719,40.67105825493249,39.85419809006195,40.53491580525404,18661200
2013-12-09,40.49192428588867,40.506255502407946,40.1909769391841,40.32711939601711,12714000
2013-12-10,40.6280632019043,40.89318383306797,40.37727105164708,40.47758955178975,14543700
2013-12-11,40.1766357421875,40.6782172621615,40.097815437611665,40.51341241322993,17836100
2013-12-12,40.34860610961914,40.55640185653728,40.06198732756758,40.16230308126584,15325300
2013-12-13,40.248291015625,40.52774558171417,40.15514222699479,40.391600418732374,11461300
2013-12-16,40.427433013916016,40.80003642326915,40.362946643131735,40.3701108843078,26379200
2013-12-17,39.92584228515625,40.5993928252862,39.88284865065468,40.5993928252862,18338500
2013-12-18,41.01500701904297,41.03650247864018,39.69656507354207,40.01184365903567,27685900
2013-12-19,41.0078239440918,41.22995362852352,40.71404093353328,40.91467243340763,16790000
2013-12-20,41.3446159362793,41.55957872784674,40.98634370586683,40.99350794777899,22001700
2013-12-23,41.731536865234375,41.83901685894104,41.416255656869865,41.53806959648323,13990600
2013-12-24,41.73870849609375,41.76737092618426,41.5882348382182,41.6097302940862,4532600
2013-12-26,41.702880859375,41.88918118384924,41.502246586787685,41.810360869625626,6677000
2013-12-27,41.659889221191406,41.81036288282753,41.60256709297758,41.68138467759661,8943700
2013-12-30,41.523738861083984,41.7530327970386,41.35176704241836,41.65988128136975,8815800
2013-12-31,41.903507232666016,41.95366511127941,41.59539298781264,41.702875718212425,11017400
2014-01-02,41.98283767700195,42.19199523677271,41.80974385264298,42.0549623965488,15627600
2014-01-03,42.30740737915039,42.51656501477018,41.98285290168481,42.04055269824657,14214100
2014-01-06,42.5526123046875,42.89159162209953,42.43000440340552,42.668009109361,17550700
2014-01-07,42.06218338012695,42.862750071981786,41.91072556039155,42.76177819215818,17851200
2014-01-08,42.458858489990234,42.48770838369943,42.04775713410467,42.22085374508257,14687400
2014-01-09,42.3795280456543,42.55262467863804,42.069401278324406,42.53819972994959,13242500
2014-01-10,42.184791564941406,42.37952146379835,41.96120902191095,42.31461058042029,12694900
2014-01-13,41.61502456665039,42.314616687045095,41.49241387978521,42.199219850083665,20711600
2014-01-14,41.64386749267578,42.24970147312825,41.51404572891617,42.04775497879266,30272400
2014-01-15,42.90603256225586,43.0214294099501,41.63666448634139,41.63666448634139,35186600
2014-01-16,42.545413970947266,43.14403421499249,42.365106237601,42.40116723401472,21689400
2014-01-17,41.91071701049805,42.71849463557556,41.853017233068385,42.704069691218145,20997900
2014-01-21,41.95399475097656,42.148727399151646,41.52847121578462,41.89629771704165,19548300
2014-01-22,41.53568649291992,42.069398554729155,41.41307581264481,42.069398554729155,15433500
2014-01-23,40.727909088134766,41.182282566235116,40.54038751671265,41.17507146792388,26234600
2014-01-24,39.73260498046875,40.64856842889085,39.73260498046875,40.388924900043364,26833100
2014-01-27,39.73260498046875,40.24467818943064,39.44411155924329,39.725393883012835,23935000
2014-01-28,40.2014045715332,40.63414193561841,39.84078918436984,39.94897214975261,18041000
2014-01-29,40.049949645996094,40.295168253777746,39.55951243043279,39.63884826696177,25459000
2014-01-30,40.38893508911133,40.67021473256318,40.1220803954875,40.43942103787049,17031100
2014-01-31,39.92734146118164,40.46826461446439,39.797519684291586,40.02831334292336,18174000
2014-02-03,39.1700553894043,40.33123495242961,39.090719541652724,40.02831926240853,28549900
2014-02-04,39.631629943847656,39.92012059076005,39.37919753261274,39.465747202835715,20709300
2014-02-05,39.819156646728516,39.99225327032609,39.3647831684302,39.73982080888286,19491600
2014-02-06,40.735111236572266,40.7855971674912,39.81193678402392,39.92011974258868,20881600
2014-02-07,40.83607482910156,41.05965730023629,40.57643137908094,40.857713617454166,23388500
2014-02-10,40.92264175415039,41.05246078268334,40.67020929284008,40.94427780035963,14715200
2014-02-11,41.42028045654297,41.521252317106594,40.80723544524847,40.82887148643301,18774100
2014-02-12,41.485206604003906,41.62223950074887,41.22556300909523,41.35538480654957,13437900
2014-02-13,41.85302734375,41.90351328555873,41.08131051749945,41.16064635499245,16605500
2014-02-14,41.93959045410156,41.99728751265929,41.651096907477815,41.75206882341262,13067300
2014-02-18,42.184791564941406,42.30018838524936,41.75926527419133,41.84581220160299,14983800
2014-02-19,41.29767990112305,42.2208573190221,41.26883275624927,42.09103553761876,18669900
2014-02-20,41.528472900390625,41.809752486516814,41.30489035053984,41.49240915753153,12457000
2014-02-21,41.55010986328125,41.71599262924509,41.37701324807525,41.5356849160743,16790100
2014-02-24,41.85302734375,41.997274070893866,41.528475646773174,41.557322791179956,16151400
2014-02-25,41.13179397583008,41.81696382493574,41.05245814312726,41.75926678832835,17991800
2014-02-26,40.929847717285156,41.38422388961438,40.54759627540025,41.377010040931374,23661700
2014-02-27,40.886573791503906,41.03082050433463,40.48989739467732,40.951484674713875,16277500
2014-02-28,40.98033905029297,41.43471528246604,40.67020954672949,40.80003132735036,18599000
2014-03-03,40.54037857055664,40.69183636316748,40.16533826175106,40.6052894461437,19151000
2014-03-04,41.29767990112305,41.36980464150131,40.85051751588794,41.074100084144256,17157000
2014-03-05,41.94678497314453,42.040545751425405,41.36980085925699,41.4563477885208,17761500
2014-03-06,42.480499267578125,42.6175321421733,42.119883833222715,42.199216917707865,19420600
2014-03-07,42.84112548828125,43.12961625763405,42.603117921069035,42.8050617347438,18602200
2014-03-10,42.69686508178711,42.89880883091942,42.45885759064354,42.65359024213994,16945200
2014-03-11,41.968421936035156,42.87717434266185,41.92514984609496,42.85553554641442,19420000
2014-03-12,41.773681640625,41.80253152949583,41.41306628357012,41.6150127543891,17932100
2014-03-13,41.41307830810547,42.07661218841145,41.24719552584838,41.83139356436236,17192500
2014-03-14,40.965911865234375,41.492410057322424,40.836090091702815,41.189494419933695,18635800
2014-03-17,41.528472900390625,41.615019830442385,41.146218686047206,41.26161550987532,13581400
2014-03-18,41.874656677246094,41.94677864887932,41.557313398995454,41.70156009353876,12554800
2014-03-19,42.047752380371094,42.502128525450686,41.75204788147609,41.82417260759498,21450700
2014-03-20,43.353187561035156,43.627256058990824,41.92515078423045,42.09103355236016,33736500
2014-03-21,43.39646911621094,44.139338937053864,43.27386116352771,43.96624228183744,35144100
2014-03-24,44.045570373535156,44.132117310255175,43.526283250660015,43.54070819865961,25810500
2014-03-25,43.9445915222168,44.34126789984851,43.677736904723034,44.07441328235475,24053500
2014-03-26,43.201725006103516,44.283571180700996,43.19451115755769,44.16817436546168,22745200
2014-03-27,43.216148376464844,43.67052455251603,42.56704230481175,43.230573322671866,24632600
2014-03-28,43.30270004272461,43.69937645216818,43.04305650162633,43.4253079642003,14708700
2014-03-31,43.785919189453125,44.009501717607236,43.70658336490563,43.872468862383315,15216700
2014-04-01,43.757076263427734,44.20424139091263,43.540707549216236,43.959022781132276,14584400
2014-04-02,43.89497375488281,44.105449658856244,43.69175716821514,43.81513787622956,14012200
2014-04-03,44.025604248046875,44.127212519381104,43.749808391127004,44.01834770093061,11925200
2014-04-04,43.40871047973633,44.31593146040498,43.4014511614645,44.28689972455509,16966900
2014-04-07,42.82081604003906,43.54659258309057,42.70469190389553,43.321600858042196,18685700
2014-04-08,42.711952209472656,42.83533567232951,42.276487352771156,42.67566393285054,16956500
2014-04-09,43.01678466796875,43.14742469341354,42.4579362854812,42.89340119121829,15308400
2014-04-10,41.65958023071289,43.10387419344523,41.64506436568315,43.07484246338574,29977200
2014-04-11,40.13544464111328,40.679777080464596,39.591112201761966,40.0483522260301,47241300
2014-04-14,39.888668060302734,40.599928560497275,39.5402957399187,40.5346085773867,31081500
2014-04-15,39.77256393432617,40.38221649342788,39.445963854696956,39.983039848822614,26691400
2014-04-16,40.10641098022461,40.17173098054329,39.692718567745565,39.91771029520277,27049400
2014-04-17,40.077396392822266,40.33141716924657,39.924981158348864,40.164488834936485,17955400
2014-04-21,39.93947982788086,40.215275672533345,39.91045087208925,40.106408090307525,12384800
2014-04-22,40.50559997558594,40.70156002336035,39.87417223210665,39.94675156570004,16257600
2014-04-23,40.67977523803711,40.73057937525282,40.3241462775271,40.49833109980445,11379000
2014-04-24,40.78138732910156,40.832191471071916,40.360438328687465,40.69429490981211,15360600
2014-04-25,40.42577362060547,40.89752694136348,40.38222601018601,40.86849796970298,15937700
2014-04-28,40.273353576660156,40.425766031587585,39.68547340514471,40.374961879945104,21394100
2014-04-29,40.716064453125,40.86847963691311,40.33140375713793,40.44752789754636,13453400
2014-04-30,40.628971099853516,40.89750764921845,40.440270414287895,40.81767455403696,14388100
2014-05-01,40.44028091430664,40.78139410008328,40.280609145250416,40.58543404768297,12744600
2014-05-02,40.338661193847656,40.91202255305332,40.237050153183766,40.52010532782081,15153800
2014-05-05,39.35162353515625,39.72902784705825,38.97421922325425,39.104859283859525,25232300
2014-05-06,38.712921142578125,39.23548114257632,38.698405279398415,39.22096527939661,25327400
2014-05-07,39.22821807861328,39.27902221057926,38.640340903401906,38.86532983964624,18502600
2014-05-08,39.453216552734375,39.57659724621602,39.235484125719815,39.33709240708541,16090800
2014-05-09,39.19920349121094,39.41693874466956,38.95969858847271,39.351618722355724,12366500
2014-05-12,39.66370391845703,39.69999220536548,39.213720301212035,39.38790795443894,12825500
2014-05-13,39.64192199707031,39.79433720598371,39.55482956956148,39.72901719319749,12310700
2014-05-14,39.453216552734375,39.699980708315685,39.40966895988425,39.65643311546556,10325800
2014-05-15,38.83629608154297,39.33708359699795,38.72017196190161,39.33708359699795,19763000
2014-05-16,38.691165924072266,38.836319083130775,38.444401677606145,38.77099905410683,19992400
2014-05-19,39.06855773925781,39.12661843059673,38.509709395952726,38.52422526094199,12068900
2014-05-20,38.988731384277344,39.220979743567106,38.76373957494465,38.988731384277344,16888200
2014-05-21,39.279029846191406,39.627402291087215,39.17742156250739,39.2282257043494,13210200
2014-05-22,39.59111022949219,39.627398503250944,39.20644954413725,39.315314365413535,11800900
2014-05-23,39.57661056518555,39.62015817269102,39.30807390711583,39.59112643435404,10876500
2014-05-27,40.01933670043945,40.229812660003994,39.69273655087707,39.736284160358416,14503700
2014-05-28,40.24432373046875,40.35318858826074,39.91772361985527,39.98304364197797,11374900
2014-05-29,40.44028091430664,40.58543404768297,40.2007732607223,40.462053330589384,11741000
2014-05-30,40.3314208984375,40.55641272737318,40.1427201283056,40.33868021764589,11991900
2014-06-02,40.17173385620117,40.38946905192837,39.93222901696648,40.38946905192837,9440000
2014-06-03,40.353179931640625,40.39672752658678,39.98303506476184,39.98303506476184,9131500
2014-06-04,40.4112548828125,40.4475431712774,40.09917061850027,40.29513069855346,9727800
2014-06-05,41.100730895996094,41.122503308707266,40.273345989554315,40.57817084198314,16803400
2014-06-06,41.34748458862305,41.46360870804206,41.11523634978502,41.19506943238396,15399800
2014-06-09,41.67410659790039,41.85555081562434,41.296705061419324,41.303961611935904,11999700
2014-06-10,42.022483825683594,42.051512797676885,41.652336054422655,41.710399535647575,11609200
2014-06-11,41.56523132324219,41.94263553386515,41.35475541890313,41.7176437635077,14232200
2014-06-12,41.398292541503906,41.67408562021129,41.274909095877845,41.420064950713005,11670200
2014-06-13,41.398292541503906,41.85552974660082,41.282168411359315,41.391033226022444,12040800
2014-06-16,41.27491760253906,41.332981063886926,40.88300031291388,41.260401737202095,11199100
2014-06-17,41.67410659790039,41.79749010563458,41.137033263864154,41.21686916264174,11200500
2014-06-18,41.93536376953125,41.95713894640482,41.33297073596806,41.57973484780079,13729400
2014-06-19,41.58699417114258,41.870046571840845,41.52167417339547,41.870046571840845,11624400
2014-06-20,41.76845169067383,41.92812346270941,41.62329578597044,41.870059993380615,17124800
2014-06-23,42.23295211791992,42.25472730515951,41.54346635448726,41.761198846551196,16007700
2014-06-24,41.67410659790039,42.18215096125127,41.58701414860622,42.00796606266294,12322900
2014-06-25,41.75393295288086,41.906348165081546,41.274920438323434,41.528943946245626,14836600
2014-06-26,41.65232467651367,41.72490400821877,41.07896041482624,41.61603639497033,11854400
2014-06-27,41.75393295288086,41.877316432413,41.543459812579904,41.608779826774935,10178600
2014-06-30,41.819252014160156,41.93537617356988,41.64506715935475,41.68861198874693,11549000
2014-07-01,42.07504653930664,42.38200507851177,41.716931496201695,41.76809078807383,14472200
2014-07-02,41.63652801513672,42.00926031191036,41.526899393041816,41.85578247135484,19189900
2014-07-03,41.695003509521484,42.133515303957246,41.65846155697824,41.82655676905498,12599800
2014-07-07,41.41727828979492,41.651152911919496,41.21995119495624,41.57806622126426,13916100
2014-07-08,40.752201080322266,41.27110677948924,40.65719257295772,41.183402758576214,18343400
2014-07-09,40.942237854003906,41.01532177544353,40.642589315344786,40.83991924879926,10914300
2014-07-10,40.606040954589844,40.78875351736396,40.16752913114849,40.24061582904161,12436600
2014-07-11,40.78145980834961,40.86185381428656,40.33564053031638,40.40872725751978,10230000
2014-07-14,41.13955307006836,41.54152007013121,41.07377644911467,41.31495553396362,14004400
2014-07-15,42.58665084838867,42.89360666162573,42.21391560320325,42.35277895602533,36178000
2014-07-16,42.90821838378906,43.105548289871635,42.615879950608324,42.76204777321244,20507500
2014-07-17,42.28699493408203,43.017845167196555,42.21390823798715,42.798590654856675,17013500
2014-07-18,42.557411193847656,42.74012376266272,42.3162320527575,42.63049789415721,12803300
2014-07-21,42.564720153808594,42.688963359153355,42.31623095514659,42.47701611571202,9141400
2014-07-22,42.87898635864258,42.97399767959524,42.65973182319023,42.6962737811035,10375200
2014-07-23,43.12016677856445,43.25902732892699,42.76935897661759,42.94476148360473,11122100
2014-07-24,43.244415283203125,43.37596857353617,43.11286478084301,43.17133136100607,9844100
2014-07-25,43.127464294433594,43.31748688663327,43.00322111243315,43.06168767220632,10500600
2014-07-28,43.259029388427734,43.31018868773232,42.87898688789887,43.076316808633436,12382800
2014-07-29,42.857059478759766,43.21517733853673,42.710888866851356,43.21517733853673,13498800
2014-07-30,43.054386138916016,43.324799938366276,42.83513163157871,43.1347801087999,11815700
2014-07-31,42.148128509521484,42.88628875201056,42.14082123443494,42.86436413877875,15955900
2014-08-01,41.27842712402344,42.016587533255034,40.90569467502546,41.94350082601919,23915400
2014-08-04,41.40267562866211,41.643854807149985,41.17611100452976,41.59269550298671,13543900
2014-08-05,40.97146987915039,41.36612693247734,40.63527661361398,41.241883716497476,16863300
2014-08-06,41.095699310302734,41.4318896750973,40.803360953600766,40.847210173721585,12190600
2014-08-07,40.86183547973633,41.431897756270196,40.69374026455255,41.388048527596716,11743800
2014-08-08,41.176109313964844,41.190726655693204,40.664513505363665,40.84722609500888,12213200
2014-08-11,41.16149139404297,41.35151404586956,41.05186272660664,41.322279362823494,9066800
2014-08-12,41.183406829833984,41.32957742450038,41.02262168487593,41.095705588223026,11289600
2014-08-13,41.45381546020508,41.54151668500613,41.300334831838654,41.431888063026065,7012600
2014-08-14,41.64385223388672,41.65846957531199,41.43921502987859,41.49037433088063,8275900
2014-08-15,41.47574234008789,42.02387990405381,41.212635863308755,41.833860108586556,12727400
2014-08-18,41.82655715942383,41.9727277589333,41.48305666877242,41.5561433625133,8881400
2014-08-19,42.06773376464844,42.1846696719231,41.906945846656285,42.096965650488144,9040500
2014-08-20,42.12620544433594,42.279683318542965,41.94349289276406,41.96541750680156,8121400
2014-08-21,42.754730224609375,42.95206008327958,42.096964029042034,42.14081603807047,12745500
2014-08-22,42.7474365234375,43.17863832456268,42.63050058353777,42.710891776991,10228600
2014-08-25,43.368656158447266,43.72677402592021,43.01784835511174,43.10554960895247,13996800
2014-08-26,43.66099166870117,43.8144695398091,43.40519242888239,43.536745686395534,10281100
2014-08-27,43.55136489868164,43.814471425028714,43.50751288163301,43.74138472994766,11410900
2014-08-28,43.237098693847656,43.39057657018946,42.981302233277994,43.302875324847335,9096100
2014-08-29,43.449058532714844,43.59522917601215,43.2882705462905,43.36866453950267,8897900
2014-09-02,43.60983657836914,43.639071259828214,43.22979687129188,43.45635868266801,8671100
2014-09-03,43.631771087646484,44.121439535937554,43.45636575830493,43.86564300145313,11791800
2014-09-04,43.639076232910156,43.953342124477054,43.43443901532166,43.58060965130187,9811900
2014-09-05,43.785240173339844,43.785240173339844,43.28095448369412,43.57329292297774,9600900
2014-09-08,43.77061080932617,44.01179267375538,43.66098497019891,43.734068862950416,8090000
2014-09-09,43.16401290893555,43.61713924278461,42.95937296141322,43.58059729114669,14868700
2014-09-10,43.28095245361328,43.52944164873396,43.06169514946907,43.22979315943895,9153800
2014-09-11,43.67561340332031,43.734082766487,43.09824377589906,43.25172167225258,11467000
2014-09-12,43.872947692871094,44.1506716196356,43.668310477346175,43.70485243897949,14359100
2014-09-15,43.807159423828125,43.84370416373835,43.44904439167458,43.69022350484318,10685600
2014-09-16,43.843711853027344,43.99718975086717,43.573295227721694,43.63907186793487,10947900
2014-09-17,44.07758331298828,44.28222050816266,43.719465433460435,43.814476754636836,15091800
2014-09-18,44.815731048583984,44.87420039890662,44.245668822798564,44.245668822798564,16973700
2014-09-19,44.66225814819336,45.20308575890669,44.56724683734877,45.122694575239215,18739300
2014-09-22,44.5161018371582,44.91076175848466,44.435707839705785,44.53802645901858,13225200
2014-09-23,44.53800964355469,44.874202850331585,44.413766449289916,44.450308401251775,14328800
2014-09-24,45.04230880737305,45.049616084320135,44.59648963833273,44.71342558529635,13728200
2014-09-25,43.96063995361328,44.94728659290275,43.96063995361328,44.9399793177255,16340100
2014-09-26,44.260276794433594,44.494148570290264,44.08487156855534,44.092181629784825,11948900
2014-09-29,44.09219741821289,44.216440623887934,43.65368559048175,43.87294011036108,10686500
2014-09-30,44.026424407958984,44.39184956716591,43.946030426857824,44.14336034738629,14384800
2014-10-01,43.682926177978516,44.14336268357922,43.653691494581324,44.02642673796333,18995800
2014-10-02,43.292964935302734,43.77121940836176,43.12373716352587,43.52105600513583,24559100
2014-10-03,44.367183685302734,44.43340347555305,43.447465935579395,43.5946213368863,18321100
2014-10-06,44.278907775878906,44.73508716083826,44.14646814689766,44.72037133464514,11578000
2014-10-07,43.609352111816406,44.08760382161679,43.55048880840644,44.08760382161679,14542000
2014-10-08,44.440765380859375,44.462837709978,43.543119906622096,43.67555949484583,15834100
2014-10-09,43.46954345703125,44.38926125725527,43.32974455507337,44.38926125725527,19189500
2014-10-10,43.05752182006836,44.0140280585843,43.05016250367017,43.43276556042791,16689400
2014-10-13,42.79263687133789,43.5210547262174,42.75584871451208,43.04280026721246,17169300
2014-10-14,42.66754150390625,43.05750088066319,41.24749725937888,41.711032923795656,29096800
2014-10-15,40.8575553894043,42.21873984190786,39.923121476414664,41.9538605838312,37866900
2014-10-16,40.526451110839844,41.188646318348106,39.93782940626855,40.28364423669074,31965100
2014-10-17,41.35050964355469,41.77725721015696,40.88697112239994,41.004694879402884,20183500
2014-10-20,41.666908264160156,41.75520041306239,41.254873558021714,41.27694589355807,10807600
2014-10-21,42.623409271240234,42.68226976104045,41.998002182485976,42.10836665339507,14020400
2014-10-22,42.27023696899414,42.86621239617206,42.26287765371053,42.704343947765864,13750700
2014-10-23,42.71905517578125,43.11637114890374,42.63076024241528,42.76319983570814,12641900
2014-10-24,43.21938705444336,43.24881589564927,42.67491279416566,42.67491279416566,13758000
2014-10-27,43.14579772949219,43.256164979868196,42.85884624662148,43.006001644870906,11087100
2014-10-28,43.87422561645508,43.918370281473145,43.270890869319224,43.31503553433729,13625000
2014-10-29,43.62404251098633,43.984570210586625,43.2340803700804,43.86684647913987,16712100
2014-10-30,43.6976432800293,43.911018539969184,43.35182839714444,43.366544222666846,14709800
2014-10-31,44.49962615966797,44.543773624957744,44.05080341953456,44.2347469814413,18347600
2014-11-03,44.793949127197266,44.99260856473331,44.411346077878584,44.72772931468525,11841200
2014-11-04,44.33041000366211,44.4187021505576,43.719715871306185,44.323053494236134,15295800
2014-11-05,44.992591857910156,45.051452332310774,44.43340191394775,44.73506921298472,14063800
2014-11-06,45.05145263671875,45.11031591827283,44.60998925208612,44.94108819393847,10421600
2014-11-07,45.2280387878418,45.286899261486056,44.779216098437075,44.933727999353415,12384600
2014-11-10,45.566497802734375,45.566497802734375,45.02938295737035,45.066171107127026,10801000
2014-11-11,45.15447235107422,45.53707536070922,45.095611860922325,45.40463574942185,12539800
2014-11-12,44.55847930908203,44.764495153384345,44.31567251536398,44.4554685801755,17219600
2014-11-13,44.31569290161133,44.610003791794796,44.139108612906576,44.51435233147167,12240400
2014-11-14,44.35246658325195,44.60262991622027,44.27889028810188,44.33039425605808,6803400
2014-11-17,44.426048278808594,44.53641272797694,44.06551767531116,44.14645328875483,9017600
2014-11-18,44.53642272949219,44.74979797526013,44.29361864139076,44.40398311534358,8897800
2014-11-19,44.58792495727539,44.727723881573034,44.2568287416906,44.47756048766593,9210100
2014-11-20,44.2347412109375,44.33039263654278,43.96250556072085,44.29360449031172,10917300
2014-11-21,44.477561950683594,44.933741281605435,44.36719467068736,44.933741281605435,12340500
2014-11-24,44.85280227661133,45.110324974979115,44.66150218666513,44.66150218666513,8335000
2014-11-25,44.367183685302734,44.999949946193325,44.10966383808253,44.999949946193325,14802600
2014-11-26,44.3966178894043,44.56584562831019,44.29360994457079,44.56584562831019,7626600
2014-11-28,44.264190673828125,44.558501575693725,44.16853920970829,44.44077777629884,6759600
2014-12-01,44.146453857421875,44.300965772301424,43.81535489214002,44.131738035992015,12771600
2014-12-02,44.94109344482422,45.022026256283596,44.1464558915337,44.15381239920961,12546600
2014-12-03,45.27956008911133,45.33842058528906,44.742445080239534,44.85280956310656,12115500
2014-12-04,45.16182327270508,45.30161936674499,44.76450451268939,44.955804578573265,11515200
2014-12-05,46.13304901123047,46.397928207392106,45.52971431186505,45.62536294966859,20071100
2014-12-08,46.11098098754883,46.47151168389159,45.80931359132596,46.059477003322236,15528200
2014-12-09,45.9491081237793,46.24341617591397,45.29426940984092,45.50764183544274,19676400
2014-12-10,44.64677429199219,45.7945829416006,44.418683301980266,45.73571966414376,29620600
2014-12-11,44.98523712158203,45.66215088997657,44.96316479228043,45.00730945088363,16886200
2014-12-12,44.17589569091797,45.04410970827011,44.11703239161977,44.536423575471304,17405400
2014-12-15,43.528419494628906,44.742448547544406,43.256183714351955,44.69094455686382,19209900
2014-12-16,42.99129867553711,44.043456298416245,42.755851090659206,42.98393935970908,20709700
2014-12-17,43.97723388671875,44.02138135880398,42.92507632611719,43.094304092309244,17856400
2014-12-18,45.23542022705078,45.23542022705078,44.470214000624615,44.617369475976915,18173400
2014-12-19,45.566497802734375,45.87552162879755,45.15446322789423,45.176538363152964,22756400
2014-12-22,45.57386016845703,45.86081450966098,45.331056103446016,45.73573141630189,17073400
2014-12-23,45.97118377685547,46.33171446470442,45.56650842171324,45.654800563056355,13552600
2014-12-24,45.97118377685547,46.25813534128802,45.816671827815874,46.162486690981545,7412500
2014-12-26,46.02267837524414,46.2728417303352,45.91967043022241,46.11097049858334,6086500
2014-12-29,46.3243522644043,46.60394730246333,45.80195315108177,45.92703344296615,10601200
2014-12-30,46.46415710449219,46.55980576102451,46.037406581169165,46.1477738700994,7518100
2014-12-31,46.044761657714844,46.714316225574485,46.044761657714844,46.5745172982342,18529400
2015-01-02,46.27431869506836,46.62235532760481,45.96330405077952,46.04476033439831,12600000
2015-01-05,44.837730407714844,46.11880809652817,44.600768223935034,45.95589836068709,20100600
2015-01-06,43.67514419555664,44.98584317519414,43.20862354945891,44.904386875499476,29074100
2015-01-07,43.741783142089844,44.34899914027655,43.44557897598362,44.34899914027655,23843200
2015-01-08,44.7192497253418,45.096910151257575,44.408237915587236,44.408237915587236,16971100
2015-01-09,43.94171142578125,45.01544777442313,43.90468661889257,44.96361247981664,15396200
2015-01-12,43.564064025878906,43.986153137338796,43.1493787475971,43.89729019032761,15455200
2015-01-13,43.57146453857422,44.20830148622737,43.22342508466792,43.8824763549748,21644700
2015-01-14,42.0682373046875,43.5714668120157,40.927854935425685,43.5714668120157,49602300
2015-01-15,40.720489501953125,41.92011029637875,40.35763975481883,41.26846321214297,42458100
2015-01-16,41.416587829589844,41.46842313252052,40.46133240447508,40.476142894571296,29368900
2015-01-20,41.25368118286133,41.757226619138116,41.03893328287011,41.4980500672953,23477700
2015-01-21,41.386966705322266,41.7794348046632,40.868610853007816,41.06114439877622,21842400
2015-01-22,42.64582824707031,42.749498848039636,41.43880019690179,41.74981482462176,31423500
2015-01-23,41.971961975097656,42.85316481281336,41.95715148730264,42.7420903915683,15458300
2015-01-26,42.03860855102539,42.20152109503299,41.61651952774369,41.77202541530816,12577700
2015-01-27,41.616512298583984,41.92012018934216,41.29068726716752,41.505435069726325,15220500
2015-01-28,40.54278564453125,41.971965346204705,40.54278564453125,41.927533879251,24354400
2015-01-29,41.22404098510742,41.386953498801354,40.49094032310722,40.92783975316811,20393300
2015-01-30,40.26881408691406,41.098182014088565,40.2614074271784,40.7205242871471,26943700
2015-02-02,41.07596206665039,41.209253675532246,40.18735228237558,40.379883036975684,20308900
2015-02-03,42.00157928466797,42.04600791936345,41.372146319971165,41.40176729297579,18812500
2015-02-04,41.74980163574219,42.260750646885896,41.675749212148894,41.70537018158621,14934100
2015-02-05,42.03860855102539,42.23854590281332,41.80905022308849,42.1052543349547,11293900
2015-02-06,42.867977142333984,43.49000353239012,42.608800656815525,42.764306548126605,25214000
2015-02-09,42.81613540649414,43.02347656372872,42.379235950313124,42.51993133203496,14372400
2015-02-10,43.29007339477539,43.4752002938206,42.98646539333375,43.26045241297321,16367300
2015-02-11,43.22343063354492,43.43817852947325,42.830962483947474,42.993875070487924,13061900
2015-02-12,44.112030029296875,44.215700623755374,43.35671206634115,43.638105697594106,23211300
2015-02-13,44.18608856201172,44.59337001500488,43.941722515028225,44.03058263894837,16479100
2015-02-17,44.5045051574707,44.5341261391111,43.92691013954427,43.95653112118467,15308800
2015-02-18,43.96392822265625,44.50449834316898,43.77880135296784,44.50449834316898,14278100
2015-02-19,43.860260009765625,44.04538688950876,43.54184155062248,43.80102087715007,11256500
2015-02-20,44.28234100341797,44.34898678097822,43.20860473153006,43.66031468779274,15379000
2015-02-23,43.94911575317383,44.08240731932655,43.541837223179066,44.060192999905006,16814000
2015-02-24,45.03767013549805,45.35608861625839,44.489696116151556,44.61558104701335,22937700
2015-02-25,45.274627685546875,45.37089445061716,44.98583021514793,44.99323404716323,18307900
2015-02-26,45.6004524230957,45.68931253062292,45.104310937710665,45.193171045237875,15444800
2015-02-27,45.37830352783203,45.852227926324446,45.267229085892254,45.267229085892254,15225900
2015-03-02,45.741146087646484,45.785577552124785,45.19316932499456,45.37829618976981,13047300
2015-03-03,45.889259338378906,45.90406983015112,45.541219843763,45.65229711964839,13706900
2015-03-04,46.00773239135742,46.03735054490297,45.43013461263369,45.64488246850774,16625500
2015-03-05,45.91146469116211,46.08178107603899,45.615260563229846,46.05956675512824,10931300
2015-03-06,45.08949661254883,46.55570097364939,45.022850831371,46.02994138036411,22719200
2015-03-09,45.54121398925781,45.6374807609955,45.02285814311684,45.05247912285338,13001500
2015-03-10,44.40083694458008,45.178369393354444,44.40083694458008,44.993242485321865,16357700
2015-03-11,44.60816955566406,44.91177749393697,44.400825551001105,44.526713285062016,13015600
2015-03-12,45.4449462890625,45.50418824732523,44.9117827887581,44.9117827887581,18159600
2015-03-13,45.17097091674805,45.80780800787225,44.74888174236346,45.46717513465183,16506200
2015-03-16,45.80039978027344,45.8522350929095,45.356096293446384,45.541223217093105,15182900
2015-03-17,45.62267303466797,45.65969784917532,45.11172099010476,45.422735646553534,11718300
2015-03-18,45.72633361816406,45.948485281306176,45.237598829326764,45.45975049246887,15697900
2015-03-19,45.31906509399414,45.65229407461124,44.993239946363076,45.59305211147385,11523800
2015-03-20,45.72633361816406,45.985510087694585,45.28203029187984,45.40791519856277,18368300
2015-03-23,45.274627685546875,45.97070653708475,45.259817196704375,45.726337708401395,15112900
2015-03-24,44.771080017089844,45.34867775241991,44.763676185462685,45.14874040074548,12128700
2015-03-25,44.141658782958984,44.90438071211615,44.12684829188253,44.82292442360182,14950900
2015-03-26,44.089820861816406,44.274947752074475,43.59367932702246,44.030578901023986,14039600
2015-03-27,44.097225189208984,44.26754159117962,43.68994659103466,44.05279654292842,11755800
2015-03-30,45.1413459777832,45.51159980534011,44.88216942841838,45.082106834276615,20656500
2015-03-31,44.859947204589844,45.126527540653726,44.74146328881208,44.963617806083356,17346700
2015-04-01,44.68849563598633,45.1506610940221,44.5245002487272,45.03139249699391,18100600
2015-04-02,45.113399505615234,45.247577060425314,44.72577577434036,44.777955618590035,12697800
2015-04-06,45.07611846923828,45.28483779935311,44.46486656511262,44.66613000853044,12025200
2015-04-07,45.35939407348633,45.8439244941937,45.35939407348633,45.583025248328816,11505500
2015-04-08,45.50847244262695,45.88864309704746,45.42647473898378,45.51592833036979,11734000
2015-04-09,45.82154846191406,45.903546155064696,45.3444740765878,45.672462005602696,11728500
2015-04-10,45.99298858642578,46.05262145202979,45.62027393474256,45.73208662409525,9869700
2015-04-13,46.268795013427734,46.41788143760161,45.843900552863765,45.94826019670937,15468700
2015-04-14,46.991878509521484,47.4167731164479,46.76825021802147,46.93224278187454,33775400
2015-04-15,47.8640251159668,48.065294255707585,46.96950919203802,47.021691870526055,28732200
2015-04-16,47.56585693359375,47.90875097404779,47.45404137229894,47.767123237771685,16640500
2015-04-17,46.84278869628906,47.26023022930953,46.58188951539365,47.14841466973275,20221200
2015-04-20,47.140953063964844,47.34967237077181,47.066408423257144,47.1260441358233,12755300
2015-04-21,46.44771194458008,47.40931381311065,46.313534410629245,47.2080503557722,14985100
2015-04-22,46.917327880859375,47.073870224222325,46.23898720491204,46.701155504611975,14484700
2015-04-23,46.81296920776367,47.11859517058636,46.663882748038226,46.80551616439187,12851300
2015-04-24,46.663883209228516,46.842787531384744,46.470072800181356,46.68624802674037,9597500
2015-04-27,46.47007369995117,47.0738725998832,46.44771172559406,46.73842876658763,11146400
2015-04-28,46.78314971923828,46.79805864905083,46.045176176836755,46.58188627573794,12307800
2015-04-29,47.409305572509766,47.62548076669845,46.559516567588496,46.63406120881941,17601200
2015-04-30,47.15586853027344,47.6180368638486,46.90242238861823,47.394408584408794,16840900
2015-05-01,47.41676712036133,47.61057752352958,47.208047787166656,47.483855883686424,11640100
2015-05-04,48.24419021606445,48.356005760111245,47.43912512353734,47.468942981094806,14972500
2015-05-05,48.005653381347656,48.691447048481585,47.92365569428002,48.08765106841528,17692400
2015-05-06,47.647857666015625,48.50510282544055,47.27514287384621,48.10257016743642,18087900
2015-05-07,48.0801887512207,48.15473054208235,47.14840214751487,47.46148108143825,15039900
2015-05-08,48.818172454833984,48.937443895131004,48.15474070791388,48.430551648219264,16802600
2015-05-11,48.78836441040039,48.92999785245425,48.51255910178155,48.64673665552298,13798800
2015-05-12,48.72126770019531,48.85544522425729,48.274011182380455,48.683993954054415,12762200
2015-05-13,48.840538024902344,48.92253572435135,48.49764113955911,48.76599621281481,11874100
2015-05-14,49.235626220703125,49.33253001908735,48.98217720520966,49.071630802532596,11855500
2015-05-15,49.1088981628418,49.31762322025907,48.780913018395836,49.295255555867854,11152100
2015-05-18,49.51143264770508,49.60088624705362,49.04926993567888,49.04926993567888,10510900
2015-05-19,49.951229095458984,50.08540662410327,49.62323831717841,49.77232193248301,14282700
2015-05-20,49.55615234375,49.96613512898939,49.496516622821424,49.90649940806082,12446000
2015-05-21,49.68287658691406,49.70523856163938,49.20580216885486,49.302705955056496,12934500
2015-05-22,49.54869842529297,49.817053492957314,49.43688286590356,49.6679641847129,9296900
2015-05-26,48.9970817565918,49.41452044152403,48.68399705571708,49.34742883163104,15571300
2015-05-27,49.54869842529297,49.68287595912514,49.064168126055925,49.16107191103309,10963700
2015-05-28,49.3474235534668,49.49651284440722,49.004526715066234,49.46669498621913,11797400
2015-05-29,49.03434371948242,49.36233446666553,48.72126474472119,49.33251660899663,14310700
2015-06-01,49.25797653198242,49.690326952547515,49.17597884231749,49.1908849280861,11899300
2015-06-02,49.21324920654297,49.48906014717499,48.88526411968834,49.071621479991656,12784200
2015-06-03,49.72014236450195,50.04067725758012,49.399607471423785,49.518878914046084,12927300
2015-06-04,49.44434356689453,49.98105375447606,49.205806337655645,49.42943179103052,13863300
2015-06-05,50.256866455078125,50.569945548245244,49.95124325094175,50.21959838427841,20801100
2015-06-08,49.86178207397461,50.35376830612302,49.80214634513671,50.28667668938636,14558700
2015-06-09,50.07795715332031,50.14504308265001,49.54870285785138,49.90650585529534,13263500
2015-06-10,50.882999420166016,51.061900837992724,50.29410966234732,50.38355752767391,17478900
2015-06-11,51.076812744140625,51.196084161074715,50.801007545035375,50.95754701438072,13739900
2015-06-12,50.875572204589844,51.091747479568724,50.592310992812386,50.920296162455564,11804700
2015-06-15,50.681739807128906,50.84573517373074,50.16739742399314,50.37611673160471,14082300
2015-06-16,50.96501541137695,51.07682528323367,50.40594330339106,50.517753175247776,11692800
2015-06-17,50.79356002807617,51.19609259578589,50.719018223798464,50.99482915551859,14521900
2015-06-18,51.2706413269043,51.3004591900789,50.61466539859075,50.9501064067472,16759600
2015-06-19,50.74882125854492,51.18862175633441,50.629549856801255,51.03208230692594,21606400
2015-06-22,51.40480422973633,51.650797265496685,51.24826475802727,51.33771832207856,14306700
2015-06-23,51.99369812011719,52.04587794809125,51.5762594963247,51.69552523719054,15736900
2015-06-24,51.44953536987305,52.00860742730817,51.36754336698362,51.8147998754967,16995000
2015-06-25,51.1737174987793,51.784969236569886,51.16626161411119,51.67315371524292,13314300
2015-06-26,51.39735794067383,51.65080690922015,51.26318041313173,51.38990774099256,14489200
2015-06-29,50.092864990234375,50.8830242042555,50.06305281205363,50.45067368734269,19934400
2015-06-30,50.51029586791992,50.77119501083368,50.06303938189994,50.60719963895224,20677400
2015-07-01,51.07304382324219,51.31314017274201,50.855455612078515,51.110561203368114,13964400
2015-07-02,50.66035079956055,51.11803513671653,50.412755674425995,50.98298064830418,12822900
2015-07-06,50.517799377441406,50.61533650783189,49.92506052888552,50.18016028114337,13527100
2015-07-07,50.12014389038086,50.43526915534417,48.99469160892931,50.33772629403673,22421500
2015-07-08,49.092220306396484,49.63994284125574,48.92715308426505,49.51989187085276,17707200
2015-07-09,49.6024284362793,50.04510353622937,49.512390203114315,49.887540921449904,14984700
2015-07-10,50.30772399902344,50.57032841117494,50.142656733000535,50.43527389573319,12356100
2015-07-13,51.0880241394043,51.12554150249197,50.780403514599826,50.93796613574542,16175600
2015-07-14,51.80081558227539,51.84583183990702,50.840430590493284,51.00549783427073,20185100
2015-07-15,51.91337203979492,52.09344282966337,51.65826650682969,51.943384792164196,16891600
2015-07-16,52.19096755981445,52.48358467033611,52.07842692064908,52.243488432873576,18035700
2015-07-17,51.92837905883789,52.13846261525571,51.710790882734415,52.033420837046805,14040700
2015-07-20,51.965885162353516,52.34853481811788,51.90585966658197,52.14595592532183,11512900
2015-07-21,51.845829010009766,52.17596347954494,51.673262882276944,51.89085098953006,11659900
2015-07-22,52.581146240234375,52.73870891549788,51.92087705892308,51.980902570741904,15493000
2015-07-23,52.251014709472656,52.97880834093985,52.11596016214526,52.66368297195866,14331800
2015-07-24,51.70327377319336,52.19096511835164,51.530701927302864,52.10093261123101,12413900
2015-07-27,51.02800369262695,51.18556631167311,50.6978692197612,51.13304543865772,16801600
2015-07-28,51.058013916015625,51.47067626237013,50.847924709984795,51.43316462598092,14932400
2015-07-29,51.725799560546875,51.845844852476255,51.14056516706578,51.26061045899516,13059200
2015-07-30,51.80081558227539,52.108436216668366,51.425664837088874,51.71828196038667,10197200
2015-07-31,51.41816711425781,51.800822528476914,51.32062996819472,51.778314396642884,11911800
2015-08-03,51.41816711425781,51.650758775671946,51.020508186931636,51.46318337792587,9980600
2015-08-04,51.36562728881836,51.73327332999997,51.253080946807124,51.37313190477771,10964000
2015-08-05,51.56821823120117,52.08592230957042,51.440662641485424,51.80831445251102,11302900
2015-08-06,51.208091735839844,51.72580174781765,51.02051630823604,51.583242591047465,10803400
2015-08-07,51.058013916015625,51.575718003212764,50.68286320605032,51.268097397700906,11453300
2015-08-10,51.688262939453125,51.77830116813281,51.18556237576868,51.18556237576868,12661400
2015-08-11,51.193084716796875,51.320634624994746,50.90796642276941,51.193084716796875,14800300
2015-08-12,50.45027542114258,50.682872797895605,49.572423967531385,50.57783103717358,21069000
2015-08-13,50.6828727722168,50.870448162603466,50.24769649267653,50.45778001401414,11930600
2015-08-14,50.93797302246094,50.95298225946359,50.5703268567495,50.585330369405476,11248800
2015-08-17,51.07304382324219,51.200593756712735,50.570342985906386,50.73541029950286,10326500
2015-08-18,51.17806625366211,51.290612627106185,50.900452629079574,51.005500108814694,10617500
2015-08-19,50.720401763916016,51.25311536790007,50.54033093037107,50.96800273775819,15198200
2015-08-20,49.47489929199219,50.30023007321024,49.47489929199219,50.127658151769666,20972300
2015-08-21,47.719173431396484,49.09973114422513,47.69666530268041,48.83712104428141,28235500
2015-08-24,45.205657958984375,47.20896126149817,37.567589713040256,44.4853693240697,36339100
2015-08-25,44.95056915283203,47.50909751775684,44.815514634622346,47.34403024835089,31772500
2015-08-26,47.20146560668945,47.25398648088653,45.43075367040803,46.36863051274582,33576800
2015-08-27,48.37944412231445,48.56701950074034,47.3740371172917,48.00429050328957,29045700
2015-08-28,48.116844177246094,48.36444510291459,47.719185206877135,48.23689519248445,16687300
2015-08-31,48.09432601928711,48.28190139824248,47.621638125084246,47.72667987935155,14223400
2015-09-01,46.10602951049805,47.156449933361564,45.76089149422174,47.156449933361564,23637300
2015-09-02,46.94636917114258,47.201471820327285,46.17355946721833,46.98388367733993,17757900
2015-09-03,47.02889633178711,47.7641914283512,46.85632733728285,47.17895719810432,17065400
2015-09-04,46.14353561401367,46.458660824851854,45.58080956994033,46.368625459208474,20189000
2015-09-08,47.38905715942383,47.41906991555008,46.766308211760844,47.096439942627754,13385100
2015-09-09,46.653751373291016,48.274399771216245,46.518696863101695,47.974280863597,13889500
2015-09-10,47.01388931274414,47.268991923325196,46.10602523415416,46.413648717898404,15751100
2015-09-11,46.938873291015625,47.01390231280316,46.5112015700445,46.80381876205909,12766700
2015-09-14,46.80381774902344,47.036409428834745,46.60873771712027,46.99889491875295,10202800
2015-09-15,47.70417022705078,47.93676185774029,46.901344997548776,47.08892037051672,14023500
2015-09-16,48.124332427978516,48.236878785396556,47.42655188120128,47.936757073730284,12235900
2015-09-17,47.00640106201172,48.499499791758076,46.81132102378409,48.12434895443052,21249200
2015-09-18,45.7233772277832,46.39114803781402,45.60332908954112,46.39114803781402,31008000
2015-09-21,46.10602951049805,46.45116752677435,45.82841874629086,46.15855038853256,13136400
2015-09-22,45.700870513916016,45.83592503139938,45.33322146917276,45.468275986656124,14811900
2015-09-23,45.49829864501953,45.88095414860406,45.2582023088063,45.618346813126145,11712200
2015-09-24,45.18315505981445,45.303203179519286,44.6129243445868,45.02558957718635,17293400
2015-09-25,46.121036529541016,46.413653671875096,45.67085388872663,45.970975649269555,18384300
2015-09-28,45.003074645996094,45.7758841208835,44.78548656749513,45.708356884871904,17452200
2015-09-29,44.89805221557617,45.11564038761344,44.065216900806696,45.0030939918221,19334900
2015-09-30,45.74589157104492,45.76839970418422,45.1006317074316,45.54330978627049,18743800
2015-10-01,46.0835075378418,46.42114371773736,45.42324441068216,45.858417705302266,16863200
2015-10-02,45.955047607421875,45.992832795179844,44.23201479397309,45.033074035437224,20435100
2015-10-05,46.869468688964844,47.03572699675543,46.26489695539738,46.28001160908974,13471100
2015-10-06,46.89213943481445,47.126412243840754,46.5671815860596,46.937483396091444,12134800
2015-10-07,46.95259094238281,47.63273296162831,46.672974214406615,47.269989974799046,12773100
2015-10-08,46.95259094238281,47.04327596838388,46.42358967219744,46.74098870461366,13964600
2015-10-09,46.80145263671875,47.26999535434241,46.53695341293733,47.149081011638714,12112000
2015-10-12,46.64275360107422,46.86190886762508,46.4009249130816,46.73343863836511,10857400
2015-10-13,46.51428985595703,46.97527678615863,46.332919744851246,46.393375487611195,15621900
2015-10-14,45.335357666015625,46.07595824139056,44.995285237826934,45.9172558530193,28989400
2015-10-15,46.771217346191406,46.82411718417942,45.41848632832661,45.69810305234891,18147900
2015-10-16,47.17930221557617,47.34556048930051,46.92235892110439,47.17930221557617,17456600
2015-10-19,47.02061080932617,47.43625368241961,46.78633800897426,46.85435250695867,14510400
2015-10-20,47.247318267822266,47.47403226861756,46.91480459217749,47.12640394187644,11545100
2015-10-21,46.899696350097656,47.579838445427484,46.89213758210409,47.51938271560554,12113400
2015-10-22,47.753631591796875,48.04836287435261,47.17173067417256,47.17173067417256,15295700
2015-10-23,48.26754379272461,48.509375382954104,47.98792989031864,48.08617370358447,16985200
2015-10-26,48.290218353271484,48.358232859007245,47.91991651474886,48.24487438850576,13880200
2015-10-27,48.093719482421875,48.259977764882,47.84433494155667,48.01059034119181,8831900
2015-10-28,49.49934387207031,49.68071389935719,48.131498370002355,48.13905713612033,17962000
2015-10-29,49.280181884765625,49.7487273310098,49.03079451342685,49.317969946719536,12753700
2015-10-30,48.554710388183594,49.37843733776274,48.4640224721357,49.348213798063895,15731400
2015-11-02,49.52959442138672,49.68829398405836,48.66052044572152,48.705861530584365,15253300
2015-11-03,49.7109489440918,49.95277759697615,49.24996217364821,49.34065008059854,11519500
2015-11-04,49.76384735107422,49.99056422910724,49.597589075936625,49.884764556865086,11388400
2015-11-05,50.209716796875,50.3835280539473,49.688271494359945,49.718500792470145,12715900
2015-11-06,51.73625946044922,52.16701687351046,51.464201540026416,51.66824786316809,23262700
2015-11-09,50.92766571044922,51.932768682102356,50.69339575677501,51.917651143745054,17143800
2015-11-10,51.146812438964844,51.275282657977954,50.58002595615967,50.77651355124753,13239700
2015-11-11,50.897430419921875,51.517116809784376,50.821860033968086,51.46421696305163,8513900
2015-11-12,49.877220153808594,50.55736521812717,49.83943207470425,50.52713590797397,13576900
2015-11-13,49.54468536376953,50.00567208489569,49.29530373622281,49.75628469169972,11837000
2015-11-16,50.26262664794922,50.31552648877637,49.249965139136314,49.46912326989172,11041100
2015-11-17,49.97544860839844,50.43643538323367,49.7940785584198,50.383535545087824,12354800
2015-11-18,50.972999572753906,51.04857572253025,50.15683135228618,50.23996050451959,12911400
2015-11-19,51.13170623779297,51.25261770248698,50.66316061868283,51.07124762262052,12839500
2015-11-20,51.041011810302734,51.47176929862108,50.92009459536768,51.3810813874198,11209600
2015-11-23,50.542240142822266,51.07124434313542,50.466669761534824,50.867197971443744,11339000
2015-11-24,50.46664810180664,50.73870597019762,49.90742060151319,50.00566147845792,10910000
2015-11-25,50.52711868286133,50.7236062490472,50.292848816102776,50.58001851618259,7772000
2015-11-27,50.76139831542969,50.88231553808366,50.3608701052768,50.63292809059772,4052500
2015-11-30,50.39109802246094,51.02589612695149,50.39109802246094,50.844526063618524,15147500
2015-12-01,51.093910217285156,51.26016850033238,50.625364671029345,50.889863864218114,12708800
2015-12-02,50.375972747802734,51.29794035254185,50.23994379535781,51.26015805587031,13440900
2015-12-03,49.726078033447266,50.65560479168015,49.55981971489473,50.504464010623956,14626900
2015-12-04,51.305511474609375,51.388640619216005,49.89988054936116,49.952780389960814,17786000
2015-12-07,50.632930755615234,51.19971729392436,50.179502678098096,51.13170567683966,11686000
2015-12-08,49.84697723388672,50.602692484428935,49.650489654363795,50.06613534842194,13084500
2015-12-09,49.469120025634766,50.31552318901107,49.15172100148735,49.58247846730166,16770200
2015-12-10,49.58247756958008,50.255063674802905,49.18194941317207,49.529577733179956,12839000
2015-12-11,48.41868209838867,49.24241482555187,47.99548046584318,48.97035683911729,17889300
2015-12-14,48.56982421875,48.940128900752306,48.06349630538035,48.53960067776883,17638200
2015-12-15,49.952781677246094,50.368427410990456,49.174395817370616,49.174395817370616,18126600
2015-12-16,51.0334587097168,51.192158247703446,49.80920348363382,50.56491886394214,21720000
2015-12-17,50.08881378173828,51.388645140140056,49.937673014056976,51.3130747562994,18122100
2015-12-18,48.668060302734375,49.854532942681054,48.668060302734375,49.854532942681054,23819600
2015-12-21,49.52959442138672,49.544706194457106,48.993037109786876,49.136619133736446,18869300
2015-12-22,49.635398864746094,49.87722761650305,49.10640027204408,49.81676898715075,12149500
2015-12-23,50.42888259887695,50.51956474143162,49.91499598368399,49.96789582205753,12524500
2015-12-24,50.33064270019531,50.549800850293586,50.11904331821097,50.34576023642318,4468200
2015-12-28,50.16438293457031,50.21728277852571,49.6580550330472,50.096371320477914,6610600
2015-12-29,50.68583297729492,50.859650060742034,50.43644550499514,50.5120158938478,9820800
2015-12-30,50.32307434082031,50.6707084199957,50.2172746699929,50.663149653322414,7190700
2015-12-31,49.89988327026367,50.4666697785868,49.87721273243483,50.02080049288485,14654300
2016-01-04,48.40113067626953,48.73587496086976,47.93705145982942,48.65219106634259,25393200
2016-01-05,48.48481750488281,48.789129699584144,47.95987701006242,48.46199488837527,16566700
2016-01-06,47.78489303588867,48.02834393310828,47.4273232609008,47.716422289660436,22961500
2016-01-07,45.85250473022461,47.16866221473081,45.707956648861725,46.75783768601864,27630900
2016-01-08,44.82545471191406,46.61330135896034,44.77219998944795,46.50679191402812,22373300
2016-01-11,44.756980895996094,45.0536865680794,44.155960076965414,44.756980895996094,20925500
2016-01-12,44.85588073730469,45.31235345655943,44.20160520455459,45.22866664625451,22971600
2016-01-13,43.62340545654297,45.40364220493975,43.2962677235607,45.23626860141468,28808100
2016-01-14,44.27766799926758,45.17539413443419,43.58535407152009,44.24723591620626,31296300
2016-01-15,43.39517593383789,43.79839104434197,42.771332482725605,42.94631267977765,38131700
2016-01-19,43.372352600097656,44.10270842303735,42.99196009109003,43.92011874176129,22818900
2016-01-20,42.23116683959961,42.740894211417896,41.58450086122778,42.32246311352059,34646100
2016-01-21,42.03337097167969,42.99956826354183,41.888822867416,42.40615689616368,31301100
2016-01-22,43.32670974731445,43.48647391339449,42.83219829744993,42.938707741503286,22732200
2016-01-25,42.34528350830078,43.25061641093505,42.29963537373627,42.96912683653008,21114400
2016-01-26,43.42561340332031,43.47886812631041,42.459416011384,42.48984520868924,17535700
2016-01-27,43.39517593383789,44.330941110506316,43.02999949188175,43.425608029542,20560000
2016-01-28,43.5777587890625,44.10270223522636,43.083250338033096,43.76034844472039,15497900
2016-01-29,45.26670455932617,45.29713665386867,43.75274123072584,43.99619508490158,26992200
2016-02-01,44.77980041503906,45.38082119244611,44.46026924265699,45.008035308361045,16807900
2016-02-02,43.3875617980957,44.11030803152604,43.174542955378406,44.03423070260246,22448200
2016-02-03,43.676658630371094,43.97336426097554,41.85838328207085,43.64622653949783,31543200
2016-02-04,44.42983627319336,44.521129642325135,43.41038446103627,43.41038446103627,21651300
2016-02-05,43.935325622558594,44.99281611259083,43.684265225962434,44.566778448787296,22001300
2016-02-08,43.0147819519043,43.30387814457181,42.25399699867853,43.12889795358959,28267600
2016-02-09,42.75611877441406,43.128901809612074,41.942079033854846,42.0638045211675,26300000
2016-02-10,42.238773345947266,43.67665618429613,42.20073468556798,43.03759682256732,22389600
2016-02-11,40.37485122680664,41.01391060849604,39.94120410017781,41.006304037048096,44334700
2016-02-12,43.737518310546875,43.798379583865476,41.972494949689406,42.33767419825552,37011400
2016-02-16,44.39179229736328,44.5819884989838,43.8516357812803,44.30049893319127,23730700
2016-02-17,44.71133041381836,45.07650682974903,44.42223132956168,44.77219169872472,21580100
2016-02-18,43.98097610473633,44.77979966913927,43.55493551604486,44.76458362288271,17037800
2016-02-19,43.988582611083984,44.25485616476592,43.425603411252446,43.74513167567077,15658200
2016-02-22,44.55916213989258,44.79500645486676,44.445043267642355,44.513514010559796,14882800
2016-02-23,42.695247650146484,44.19399482744238,42.57352218259013,44.04944674164548,31772500
2016-02-24,42.71046447753906,42.763719189183746,41.33344564477782,41.995327705336095,25560100
2016-02-25,43.372352600097656,43.3875686487177,42.634393106094734,42.702863873802684,14473300
2016-02-26,43.77556610107422,44.20921328427467,43.47125096450776,43.85164343413371,20947500
2016-02-29,42.832183837890625,43.828812974818824,42.824577266810984,43.67665543375261,19554100
2016-03-01,45.0384521484375,45.0384521484375,43.11366499815825,43.18213573318262,23958100
2016-03-02,45.464500427246094,45.57101274188077,44.85587314015278,45.03846277736269,20943100
2016-03-03,45.616661071777344,45.616661071777344,44.96238560541751,45.327564904631764,15790600
2016-03-04,45.68513107299805,46.06552350974601,45.289522590520484,45.723169736240045,18459000
2016-03-07,45.60143280029297,45.685119579670086,45.12974710999671,45.297120668750935,12832400
2016-03-08,44.71894073486328,45.266706855760056,44.642863396811805,45.04607851238059,14132900
2016-03-09,44.977596282958984,45.297127406091825,44.64285201782504,45.00042180028798,13238800
2016-03-10,44.58960723876953,45.396037443846204,43.98097984753308,45.335176155804724,21139200
2016-03-11,45.14497756958008,45.274309613802714,44.620037016062746,45.18301623540061,21055000
2016-03-14,44.977596282958984,45.12214725144247,44.581987841165954,45.00042180028798,13436100
2016-03-15,45.0384521484375,45.04605871803437,44.452647615931916,44.536334392313165,10910500
2016-03-16,44.82545471191406,45.4569077099618,44.48310375382185,44.871102860669886,17423900
2016-03-17,44.696109771728516,44.98520882626217,44.11791456482507,44.71132581693175,19405700
2016-03-18,46.01226806640625,46.385053925421644,45.38842471226941,45.685130343851085,29570200
2016-03-21,45.99705505371094,46.27093808620279,45.61666259795316,45.81446830015911,12684400
2016-03-22,45.829689025878906,46.08835603829076,45.35800024302148,45.6394927785809,12042700
2016-03-23,45.60143280029297,46.03507983691689,45.54057153484986,45.905747833998255,11658700
2016-03-24,45.251487731933594,45.27431035136488,44.78740845573597,45.114546211017434,12921200
2016-03-28,45.19062042236328,45.456893954116,45.02324682973938,45.2895203614921,11159700
2016-03-29,44.90913391113281,45.13737171400848,44.52874144255899,45.13737171400848,15933400
2016-03-30,45.42647171020508,45.82208025895881,45.175414169017095,45.23627545996757,13307100
2016-03-31,45.05368423461914,45.59384083541835,44.96999742843478,45.22866441929364,14904700
2016-04-01,45.548194885253906,45.6927458854918,44.55156844191756,44.90152882809423,15417500
2016-04-04,45.371910095214844,45.655483711033284,45.18796863511755,45.55584863166182,12305000
2016-04-05,44.72813034057617,45.08834753797131,44.61316653436253,44.904406032759674,12886600
2016-04-06,45.07301330566406,45.126662295674755,44.4138938013605,44.59016947191716,12167900
2016-04-07,43.93105697631836,44.78178098742658,43.7394525746688,44.651488474006285,19226800
2016-04-08,44.25294494628906,44.896735722644536,44.21462173478472,44.229950434656345,13547700
2016-04-11,44.60548400878906,45.12664796653603,44.38322230723379,44.38322230723379,17627800
2016-04-12,45.433231353759766,45.51753775190535,44.60550192141867,44.71279991045817,17779200
2016-04-13,47.35694122314453,47.6405148986628,46.27629259214964,46.352933177862376,37516800
2016-04-14,47.970069885253906,48.21532324340305,47.21898111046582,47.280292988177784,24249900
2016-04-15,47.41825866699219,48.20767082592011,47.09636466087401,48.19234212225001,19290700
2016-04-18,47.72481155395508,47.96240199900118,47.15766139505324,47.24196777631638,13813100
2016-04-19,48.5295524597168,48.65217913416335,47.939410675302,47.939410675302,19255600
2016-04-20,49.23467254638672,49.28832155273205,48.399280040823264,48.652196367358165,14594400
2016-04-21,48.7441520690918,49.556558599232694,48.544884804522916,49.24999042827206,15395800
2016-04-22,49.02772521972656,49.34195333367907,48.77480605783479,48.77480605783479,12444700
2016-04-25,48.7441520690918,49.012399949595036,48.399266531324535,48.7441520690918,10687200
2016-04-26,48.99707794189453,49.10437593929289,48.537228546286926,48.90510864750324,12048000
2016-04-27,49.13502502441406,49.54122535253348,48.744150473055186,48.943420654750085,15284100
2016-04-28,48.7441520690918,49.372614188275406,48.5525476931541,48.774809470918015,12852500
2016-04-29,48.43757629394531,48.75180728523947,48.05436762535975,48.353269919072474,16376400
2016-05-02,48.88977813720703,49.050725127354916,48.39160554067192,48.81313462500491,10247300
2016-05-03,47.94707489013672,48.21531981791389,47.36459601317711,48.207656930113295,19120300
2016-05-04,47.188331604003906,47.717158697796926,46.958406907730904,47.326287006497935,17030200
2016-05-05,46.935401916503906,47.51787784235895,46.797446553392135,47.21130971907716,14033900
2016-05-06,47.21131896972656,47.27263377585715,46.437238546058616,46.521544942662736,11057900
2016-05-09,46.912418365478516,47.43358254260969,46.78979167225065,47.03504505870638,11197100
2016-05-10,47.54853820800781,47.71714805505432,47.01970830851288,47.17299237972374,11897200
2016-05-11,47.37226104736328,47.97772857779039,47.37226104736328,47.49488771571375,11254000
2016-05-12,47.34162139892578,47.94709208000944,47.035053151284274,47.724830246651926,11071700
2016-05-13,46.904754638671875,47.82445628328327,46.76679924579762,47.28796341362238,15122300
2016-05-16,47.25730514526367,47.51022433545568,46.75146968853053,46.9124166693886,10951300
2016-05-17,47.25730514526367,47.64051391320245,46.86643348837251,47.08102946284994,12180900
2016-05-18,49.08137512207031,49.18100728741432,47.28029232653194,47.287958138420315,24007100
2016-05-19,48.58320236206055,49.21933025774239,48.20765944359224,48.69050033876577,16076200
2016-05-20,48.6751708984375,49.19633792128782,48.56787292336411,48.94341875977151,11862000
2016-05-23,48.6368522644043,48.95108331222494,48.406927606622226,48.62918937606017,9347500
2016-05-24,49.46457290649414,49.64084560980458,48.90508863214594,49.0047207754388,13839400
2016-05-25,50.21567916870117,50.73684337671155,49.75582977276316,49.7711613994324,18935200
2016-05-26,49.840126037597656,50.26165797570681,49.74815968550193,50.25399216393179,9428400
2016-05-27,50.14668655395508,50.16967813847877,49.855450071154586,49.97807380438102,10116000
2016-05-31,50.02406692504883,50.44559888284213,49.78647937463882,50.37662411554944,15139400
2016-06-01,50.34596633911133,50.522239085746556,49.24998910431801,49.63319784589188,14031000
2016-06-02,50.43793869018555,50.43793869018555,49.93977194476538,50.21567689197711,10637600
2016-06-03,49.54122543334961,49.70983821449718,48.70583026330588,49.24232308397032,20261700
2016-06-06,50.0317268371582,50.399609761240555,49.510562772300275,49.541220169915526,13193500
2016-06-07,49.863121032714844,50.38428517030532,49.84779525541874,50.16202339205187,9924100
2016-06-08,50.008750915527344,50.185029545207456,49.75583169145253,49.76349750508276,9428000
2016-06-09,49.62554168701172,49.74050550130699,49.257658650727336,49.65619909397729,10817800
2016-06-10,48.92808532714844,49.10436097252511,48.72881809609446,48.99706300783064,16678400
2016-06-13,48.49123764038086,49.31130124275274,48.48357182781007,48.652184620557094,14314900
2016-06-14,47.57919692993164,48.64451672281033,47.27262877898572,48.03904623269995,19509300
2016-06-15,47.494903564453125,48.26898411853666,47.44891745210754,47.83212628403334,16982100
2016-06-16,47.68649673461914,47.747808612969514,46.67482589080712,47.09635492178702,16791200
2016-06-17,47.73248291015625,48.06204268248219,47.46423794368205,47.747811611619184,15751500
2016-06-20,47.80146408081055,48.935761758690724,47.77847248876974,48.62919647809263,12213200
2016-06-21,48.24598693847656,48.28430723250231,47.625187650115734,48.07737413638203,11611600
2016-06-22,48.06203842163086,48.828455884927095,48.03904683330017,48.245979899228224,12643500
2016-06-23,49.08903884887695,49.165679422601706,48.6904985098267,48.82079099353936,16583600
2016-06-24,45.67848587036133,47.28796451689464,45.47921858914439,46.35293414863199,44108700
2016-06-27,44.15331268310547,45.02702816611924,43.724117830199255,44.99637076441506,37300700
2016-06-28,45.61716842651367,45.64016001517716,44.651480771538274,45.36424925661276,29088700
2016-06-29,46.904754638671875,46.912417527764475,45.98505299406048,46.26096377980899,21483000
2016-06-30,47.625179290771484,47.66349957807112,46.766792575927546,47.23430768247441,21343600
2016-07-01,47.31622314453125,47.895510907030655,47.238985954761965,47.62517779642823,14217800
2016-07-05,45.995452880859375,46.80645524948914,45.64787959532941,46.69059945191932,23357700
2016-07-06,46.489768981933594,46.56700911170438,45.38526017069371,45.57835607550614,20429800
2016-07-07,46.7910041809082,47.223537150757444,46.4666015071114,46.744660099962985,13771400
2016-07-08,47.75648498535156,48.01909261149905,47.37029314020297,47.37029314020297,16998800
2016-07-11,48.096336364746094,48.621557549352445,47.99592565246278,48.21219215915592,13151400
2016-07-12,48.81464385986328,49.092702425868076,48.57520388437924,48.6833371164012,16588100
2016-07-13,48.78376007080078,48.99230404772242,48.38212014633063,48.72197089971863,18526900
2016-07-14,49.525238037109375,50.18948839761004,49.4711714213858,50.004112092712774,28985900
2016-07-15,49.571590423583984,50.050470480750064,49.131331911913094,50.011848935254875,17607100
2016-07-18,49.401668548583984,49.74151931597082,49.355327404966104,49.53297238404856,10824400
2016-07-19,49.324424743652344,49.50979518613584,49.01547007763309,49.13132881399282,9737400
2016-07-20,49.37849044799805,49.61020791639909,49.20856509021328,49.51751975047467,10411100
2016-07-21,49.193119049072266,49.57158837585529,49.146777910648716,49.432559067764394,9808700
2016-07-22,49.46345520019531,49.50207085133409,49.123604470380634,49.35532194849433,8195700
2016-07-25,49.3321533203125,49.56386787497268,49.185401456523486,49.417116011183666,8168300
2016-07-26,49.53296661376953,49.63338027033858,49.20856686059312,49.41711082181086,8067800
2016-07-27,49.687442779541016,49.9655013714624,49.47889588919011,49.494346862530044,11806800
2016-07-28,49.509788513183594,49.57930610275787,49.21628486107493,49.432551330293876,10013400
2016-07-29,49.40938186645508,49.65654439290508,49.239456524617054,49.27807511692304,13210400
2016-08-01,49.278072357177734,49.6719866908938,49.1313205360697,49.54840838099935,11422600
2016-08-02,49.16222381591797,49.44028242009215,48.95367986278733,49.115879733085606,13550000
2016-08-03,49.94233322143555,49.9500528156594,49.162224028965106,49.19311713791056,13122300
2016-08-04,49.865089416503906,50.06591082700423,49.641097438026605,49.81102279361766,9873000
2016-08-05,51.20904541015625,51.26311203739535,50.25901079687448,50.31307742411358,20752700
2016-08-08,51.0545539855957,51.355783113474594,50.853732602736734,51.03138342080796,11359200
2016-08-09,50.87691116333008,51.19358538321742,50.73788187603776,51.116348199792654,10097000
2016-08-10,50.42121505737305,51.031398985102506,50.32853276995449,50.9155402330084,11556100
2016-08-11,50.56022644042969,50.73787724964548,50.220375792965825,50.41347168033051,9604500
2016-08-12,50.45209884643555,50.47526941265461,50.09680308116439,50.18176575251396,7685400
2016-08-15,50.76106643676758,50.84602912980511,50.560244990240605,50.63748219495991,8371600
2016-08-16,50.75333023071289,50.94642614814499,50.390308963089396,50.48299712487191,10128900
2016-08-17,50.892356872558594,50.96187446347455,50.622023780817514,50.822845174462074,11868100
2016-08-18,50.93870544433594,50.96960150116442,50.61430568686732,50.68382328793648,9313600
2016-08-19,50.86918258666992,50.9078041224456,50.374857571400085,50.761049357880836,9084900
2016-08-22,50.82285690307617,50.884643129147506,50.52162768950306,50.784235355563396,9055600
2016-08-23,50.7996711730957,51.239929627463255,50.79195157925783,51.03138863026587,8949600
2016-08-24,50.93870544433594,51.15497784213531,50.79967613501791,50.96960150116442,10167200
2016-08-25,51.031394958496094,51.085461586164456,50.815128447822644,50.907816620748605,9978700
2016-08-26,51.147254943847656,51.65702517527194,50.861470823332745,51.2322176312218,14038600
2016-08-29,51.711090087890625,51.82694882981173,51.33262369758072,51.35579426740086,14583100
2016-08-30,52.13590621948242,52.213143420502696,51.71109277463984,51.71109277463984,13791200
2016-08-31,52.13590621948242,52.34444725151924,51.6415810615678,52.10501016051017,14952300
2016-09-01,51.91190719604492,52.30582452868028,51.479374214528384,52.24403241908652,12226500
2016-09-02,52.12818145751953,52.197699064380444,51.73426995898393,52.05866974347941,13720700
2016-09-06,52.08954620361328,52.17450886179692,51.52570364410532,52.13588732887033,16649400
2016-09-07,51.873294830322266,52.205414181564414,51.7188145465605,51.873294830322266,10070400
2016-09-08,51.942813873291016,52.274939164253155,51.74971791093677,51.919643300659885,12253000
2016-09-09,51.47937774658203,52.081836124406756,51.471652259147774,51.77288144806014,19686900
2016-09-12,51.79607009887695,51.9814465050896,50.7919744162591,51.085478220195576,16453000
2016-09-13,51.38669967651367,51.64158777656252,50.838307817294975,51.06229985435413,18876100
2016-09-14,51.28628921508789,51.94281431409964,51.13953439675049,51.185875542406016,12648600
2016-09-15,51.47164535522461,51.69563731821122,51.04683199562594,51.20131225948888,12531300
2016-09-16,50.83831024169922,51.17816105797133,50.544806468532606,51.046851310797805,25161500
2016-09-19,51.12407684326172,51.471647136547816,50.86146333201601,51.09318078941989,13466900
2016-09-20,51.33262634277344,51.63385555159854,51.16270096490887,51.55661835061121,10092200
2016-09-21,51.626129150390625,51.850121154265985,51.2167666888607,51.626129150390625,14116800
2016-09-22,52.050941467285156,52.07411203739071,51.626128039281596,51.74198678262988,12781700
2016-09-23,51.942813873291016,52.44486455397627,51.88874723954468,52.050947140783705,13967400
2016-09-26,50.8073844909668,51.59521894239677,50.622014105320225,51.4407387103427,16408100
2016-09-27,51.25538635253906,51.29400789734135,50.28990666068566,50.52162414385863,13711400
2016-09-28,51.525718688964844,51.57205982775293,50.96960145222671,51.42531092398391,11278000
2016-09-29,50.70699691772461,51.91191374265552,50.47527942393606,51.51799636034324,18727200
2016-09-30,51.43305969238281,51.79608119965629,51.039148003609306,51.039148003609306,21680100
2016-10-03,51.37124252319336,51.687916782006354,51.178146594486385,51.247658300267254,14901700
2016-10-04,51.814701080322266,52.26594165375585,51.42570181405009,51.51128212748259,17226900
2016-10-05,52.66271209716797,52.95834934392073,51.970294015719645,52.04031102061244,16280000
2016-10-06,52.80276107788086,52.88055974184857,52.16480253629352,52.693841761194555,17485000
2016-10-07,52.98947525024414,53.04393490467334,52.43709705941732,52.74051598204533,18497000
2016-10-10,53.40181350708008,53.72857143381041,53.08283722688823,53.16841159618289,13027500
2016-10-11,53.14508056640625,53.54186150020381,52.84944324581363,53.292902194531585,15657100
2016-10-12,53.00505065917969,53.36292935811691,52.94281527267783,53.10619429160618,11899800
2016-10-13,52.70160675048828,52.80275033516047,51.98584969055402,52.48376816143493,17890000
2016-10-14,52.530460357666016,53.70523984968175,52.35930565977307,53.526303504175225,24163800
2016-10-17,52.25815963745117,52.7405208610595,51.92362003339297,52.452659269213896,14963400
2016-10-18,52.670494079589844,53.067274961536434,52.54601741084926,52.787195037298524,11870300
2016-10-19,53.17619705200195,53.29289801581043,52.756077143686,52.756077143686,12705800
2016-10-20,53.106178283691406,53.43293622305272,52.85721900575077,52.96613831887121,14122000
2016-10-21,53.28511428833008,53.31623493984115,52.670494776215484,52.75607508395659,12175700
2016-10-24,53.58076477050781,53.72080475345557,53.29290315676572,53.6585634419992,10197100
2016-10-25,53.52629470825195,53.627432367976745,53.19953085441607,53.58853007195959,9945100
2016-10-26,53.78303527832031,53.876397237084134,53.19176067978898,53.19176067978898,9801300
2016-10-27,53.86082458496094,54.28093844096501,53.75968100777157,54.063099868027805,14210700
2016-10-28,53.767478942871094,54.10980019586177,53.26956035797068,54.09423690127616,12766500
2016-10-31,53.88418197631836,54.13314127831721,53.86084296920253,54.01644030708007,14336300
2016-11-01,53.658565521240234,54.28874250109507,53.1606468816115,54.05534647757695,15564500
2016-11-02,53.43293380737305,53.565192119374615,52.91167627019715,53.40959480356773,12449800
2016-11-03,53.19952392578125,53.82970661237437,53.075047278920636,53.57296573767555,10369700
2016-11-04,52.71717834472656,53.33957356352985,52.623816390860284,53.28511390768884,13571300
2016-11-07,54.366539001464844,54.436561960680905,53.681902383268785,53.74414369464792,16515100
2016-11-08,54.48322677612305,54.887789266411396,53.86860733039566,54.226485880631216,17531700
2016-11-09,56.9883918762207,57.68859173486894,55.48685448765301,55.59577380614744,50948400
2016-11-10,59.63359069824219,60.10038864622692,57.74305396359475,57.74305396359475,56192300
2016-11-11,59.66470718383789,59.68804618925764,58.9489440489062,59.361288242066074,27574300
2016-11-14,61.85866928100586,62.58220820395213,60.10039081334948,60.10039081334948,46130700
2016-11-15,61.74195861816406,61.780860915652326,60.512719619684546,60.971741800285706,28126300
2016-11-16,60.21708679199219,60.95618301365441,59.81252423657005,60.85504534262771,26054900
2016-11-17,60.699459075927734,61.04178042089822,60.37270102972464,60.6294420384525,19306700
2016-11-18,60.458274841308594,61.01065317475143,60.3337981428997,60.65277450529517,19770000
2016-11-21,60.72278594970703,60.816141971886225,60.13150542138931,60.68388365002732,11983500
2016-11-22,61.09619903564453,61.11953803245134,60.49714302020034,60.956159119148374,14410100
2016-11-23,61.35295867919922,61.648595955470064,60.59829922761458,61.36074032573868,13373700
2016-11-25,61.32960510253906,61.81196023154316,61.049525250240535,61.53966202393508,6185700
2016-11-28,60.932838439941406,61.360739962219476,60.69943653039752,60.82391913166283,13007200
2016-11-29,61.399627685546875,61.58635156117614,60.987289514264106,60.987289514264106,14144100
2016-11-30,62.37214279174805,62.652222746678895,62.006482520829564,62.17764315280485,25351900
2016-12-01,63.632511138916016,64.01372882048277,62.74559314101696,62.74559314101696,23823600
2016-12-02,63.484683990478516,63.663626278526586,62.94008734973779,63.64028727044601,16931500
2016-12-05,64.77616882324219,64.79950783287909,64.02150918813662,64.02929083656845,18529800
2016-12-06,65.11071014404297,65.20406618497947,64.13043016459841,65.04068717768183,16130000
2016-12-07,65.40633392333984,65.42189128171376,64.45717479977792,65.0017773133853,18996900
2016-12-08,66.22322845458984,66.51886572095759,65.30519007037141,65.53081032720085,20844900
2016-12-09,66.51109313964844,66.51887478698782,65.46079630382755,66.14543287824864,14567200
2016-12-12,65.9197998046875,66.74447611871528,65.57747864686944,66.40993660602656,14511300
2016-12-13,65.9431381225586,66.65111349495001,65.21181781502054,66.1142986996978,16669000
2016-12-14,65.9197998046875,67.00121698707883,65.16514048985555,65.25849648878332,22622600
2016-12-15,66.90787506103516,67.28909268718941,66.05207784622326,66.44107711983392,19438900
2016-12-16,66.08321380615234,67.13351090103251,66.04431149551783,67.13351090103251,23008500
2016-12-19,66.46439361572266,66.47217526054351,65.49967740589209,65.97425683381445,21685100
2016-12-20,67.32020568847656,67.32798733504836,66.55777052284077,66.74448849096382,14587300
2016-12-21,67.4913558959961,67.53803389691761,66.9311961423128,67.24239666498755,11400500
2016-12-22,67.60030364990234,67.818142326793,67.07126431931414,67.25020662427933,13924200
2016-12-23,67.72476196289062,67.80256061445962,67.21906182420723,67.68585966927782,10759400
2016-12-27,67.78699493408203,67.81033987082108,67.49135769427484,67.72475957641386,6946400
2016-12-28,67.296875,67.9892932390202,67.18017402963143,67.81035689535858,9455600
2016-12-29,66.8222885131836,67.42912637370858,66.16099099685911,67.35910936010522,14689000
2016-12-30,67.13349914550781,67.23463682552473,66.64336216989913,66.98567751377232,13617800
2017-01-03,67.86481475830078,68.27715303177224,66.8923165904312,67.95038913626816,20550700
2017-01-04,67.989990234375,68.20120952274102,67.59101383579343,68.02910182262735,15266600
2017-01-05,67.36412811279297,68.14643130214743,66.69917159554161,67.91173795794123,14300800
2017-01-06,67.3719482421875,67.76309981031062,67.2311334389232,67.58316746283431,12893300
2017-01-09,67.41886901855469,67.88042489793295,66.90254620247266,67.06683507558813,12806600
2017-01-10,67.61447143554688,67.98215492507245,67.05903683359344,67.33284178265497,13989000
2017-01-11,68.1229476928711,68.1229476928711,67.20765460160025,67.61444954155452,14713100
2017-01-12,67.46582794189453,68.27159930258236,67.29372027873792,67.87262895817376,21337400
2017-01-13,67.8257064819336,68.97569350422859,67.35632560733403,68.14645376015264,28296000
2017-01-17,65.36143493652344,66.6678798518637,65.15020972955239,66.44101120698728,30024600
2017-01-18,65.6665267944336,65.89339541887972,64.95462807960271,65.4240087649916,21270100
2017-01-19,65.16584777832031,66.23759915878799,65.02503298771524,65.76039381109847,16555600
2017-01-20,65.4552993774414,65.58047073914872,65.15802634613506,65.26754830337946,18436800
2017-01-23,65.48660278320312,65.71347143652542,65.09545116750952,65.16586156195437,12179200
2017-01-24,66.27672576904297,66.49576970251486,65.3692512235171,65.65088084326653,15175300
2017-01-25,67.30154418945312,67.4110661613538,66.62876295149196,67.15290466965943,17551000
2017-01-26,67.86481475830078,68.02127303893111,67.2389696987778,67.2389696987778,15962800
2017-01-27,68.0056381225586,68.04475568186986,67.48931498845755,67.79441882038189,12535400
2017-01-30,67.30154418945312,67.66922765304815,66.74610962667121,67.42671556791093,13661900
2017-01-31,66.2063217163086,67.3954259953903,65.78387724625325,66.9651568216765,15655100
2017-02-01,66.45663452148438,67.35628412536897,66.24541534697134,66.9181963746765,15430900
2017-02-02,66.17504119873047,66.42538401443981,65.8386564692488,65.97946535033346,11081400
2017-02-03,68.20117950439453,68.30287675129063,67.17636442833096,67.42670116326629,17885200
2017-02-06,67.88044738769531,68.41241381301371,67.75528197682621,67.89609679436637,11828400
2017-02-07,67.84135437011719,68.37332094098717,67.65360321819294,68.16992037811002,9392800
2017-02-08,67.24679565429688,67.52060063474374,66.78523953990086,67.41890334729231,13970900
2017-02-09,68.21685028076172,68.31855353691954,67.24679579014702,67.24679579014702,13749100
2017-02-10,68.06037139892578,68.43587952243878,67.97431757829779,68.43587952243878,10992500
2017-02-13,68.96004486083984,69.42160099497926,68.39678546639762,68.40461017145965,18739100
2017-02-14,70.06306457519531,70.17258653304272,68.92872745384754,69.07736695456862,17932100
2017-02-15,70.86886596679688,71.08791594416282,69.89881136961128,70.46989550858038,17381800
2017-02-16,70.82189178466797,71.22086799795744,70.22733981544228,70.72019454024056,17672700
2017-02-17,70.58724212646484,70.77499328117466,70.16479755199157,70.26649485068822,15776600
2017-02-21,71.19741821289062,71.30694018696364,70.76714905153239,70.8062666002013,14068300
2017-02-22,71.23653411865234,71.42429120146407,70.73586050148832,70.81408963507639,11839000
2017-02-23,71.29130554199219,71.45558853711889,70.81409999821891,71.33042309876096,11067000
2017-02-24,70.66546630859375,70.82974930347726,70.19608547056929,70.54811960696235,15062300
2017-02-27,70.7436752319336,70.97836856811098,70.42292807039112,70.65762140656851,12361000
2017-02-28,70.89232635498047,71.0487846257271,70.08654895198401,70.28994947875499,15183500
2017-03-01,73.22359466552734,73.52087376770251,72.44911599588889,72.58993084205053,24451400
2017-03-02,72.0814208984375,73.47391972694973,71.9953670635519,73.43480814559273,16862500
2017-03-03,72.59774017333984,72.84025225817896,72.08141719058578,72.08141719058578,12817500
2017-03-06,71.9093246459961,72.22224718903676,71.2678361185882,72.16748619164223,15059200
2017-03-07,71.5103530883789,72.04231364405696,71.35388883509037,71.69027951903449,11156800
2017-03-08,71.35389709472656,72.63687427769982,71.26784323758187,72.5038841233859,17378400
2017-03-09,71.6355209350586,72.08143362707169,71.30695494483867,71.658989081717,13726200
2017-03-10,71.40863800048828,71.9718972820031,70.8219105769937,71.93277973303678,13729900
2017-03-13,71.47124481201172,71.79981083382374,71.13485408439415,71.43212725148572,10004300
2017-03-14,71.58856964111328,71.69809161490409,71.00966095850484,71.20523676434554,10237700
2017-03-15,71.76067352294922,72.40216189355606,71.29128683887136,71.81543450695835,16601400
2017-03-16,71.69026947021484,72.60556284177747,71.63550848136495,71.99536726073572,14492000
2017-03-17,70.93927764892578,72.00321082686746,70.9158095001994,71.8389278172811,21734700
2017-03-20,70.43077087402344,71.32259623109896,70.24301973792885,70.61852201011801,14623600
2017-03-21,68.36548614501953,70.90797191596728,68.10732461891392,70.6889279429688,33089200
2017-03-22,68.47502136230469,68.89746594978416,67.28592272119718,67.97434762199607,21741000
2017-03-23,68.36548614501953,69.23384330119251,68.13079276337795,68.22467130973472,16090100
2017-03-24,68.28726196289062,68.91310107851741,67.88046086765722,68.67841364834527,16093200
2017-03-27,68.24813842773438,68.37330982099412,66.67571308728748,66.91040049689869,16689300
2017-03-28,69.31208801269531,69.6406540460188,68.0447601788756,68.07604706619044,16264400
2017-03-29,69.05392456054688,69.48419385576088,68.90529096006533,69.31208613767527,10207600
2017-03-30,69.64845275878906,69.98484337264881,68.93655995227176,68.9991396720482,11631000
2017-03-31,68.71752166748047,69.42159585843841,68.64711723263504,69.39812771348994,16987600
2017-04-03,68.46717834472656,68.97567665486928,67.7474607815862,68.83486183003745,19831800
2017-04-04,68.69535064697266,68.97859848631234,68.2311425786512,68.36489683534104,14280800
2017-04-05,67.81414794921875,69.66312276869186,67.76693596893456,69.56870481091818,17635500
2017-04-06,68.04230499267578,68.38062842903084,67.07454065056466,67.64890592727657,14379600
2017-04-07,67.80625915527344,68.30193978745143,67.43646309515,67.60955963416889,13097100
2017-04-10,67.57022094726562,68.20753151167206,67.19256120808501,67.72758417425199,15081600
2017-04-11,67.45223236083984,67.49943834596618,66.72050957740319,67.30273873754554,14690500
2017-04-12,67.19256591796875,67.62530131622898,66.90144842973301,67.60956799382417,14730600
2017-04-13,66.40574645996094,68.44355021632055,66.40574645996094,67.27122298197773,30529800
2017-04-17,67.55449676513672,67.72759333684259,66.38216907875717,66.43724471495503,19071700
2017-04-18,67.00373077392578,67.37352084794293,66.67327100143552,67.16108799679294,14127000
2017-04-19,66.45297241210938,67.60169701468877,66.37429379603012,67.27124322547968,17588500
2017-04-20,67.31057739257812,67.49153758739091,66.5237793213746,66.86210273210384,15635800
2017-04-21,66.50018310546875,67.4128719246491,66.49231944525772,67.2712480045278,19820600
2017-04-24,68.84484100341797,69.27758240512838,67.99509752521956,68.09738513078408,25468300
2017-04-25,69.44280242919922,70.12731293877262,69.44280242919922,69.67097459998807,18253800
2017-04-26,69.57657623291016,70.0643933562089,69.34840399795404,69.51363092613711,12832200
2017-04-27,68.931396484375,69.5293648466225,68.4593187258825,69.5293648466225,13329000
2017-04-28,68.4514389038086,69.12021612932159,68.41209659527522,68.92351659224168,10755600
2017-05-01,68.4986343383789,69.03365723707441,68.10523532471434,68.73467614769467,15712300
2017-05-02,68.05804443359375,68.35702558917484,67.68037865562312,68.22327133558282,14414200
2017-05-03,68.4514389038086,68.53011751808187,67.68037407722622,67.71184672349422,11540500
2017-05-04,68.53012084960938,69.02580754893593,68.11311877117475,68.9943349011379,11540100
2017-05-05,68.4514389038086,68.7189473928964,67.99509453711276,68.6481384408885,9436000
2017-05-08,68.53012084960938,68.70321741110158,68.17606406677079,68.48291487930923,8162200
2017-05-09,68.2547607421875,69.11236811109337,68.05806114350685,68.65602960427874,10273900
2017-05-10,68.78974914550781,68.82909144649058,68.03442378841889,68.08162974736435,8334900
2017-05-11,68.57735443115234,68.82912969007607,67.94004361731753,68.52227277805447,10907400
2017-05-12,68.38851928710938,68.49080692658171,67.93217474908322,68.19968934140039,8738800
2017-05-15,68.7189712524414,68.83699221622548,68.34131137168708,68.53014131206425,8835600
2017-05-16,68.931396484375,69.30905629005125,68.71895759123703,68.7346969181036,9795000
2017-05-17,66.30347442626953,68.93138324851049,66.0674385937429,68.93138324851049,24679700
2017-05-18,66.0595932006836,66.72050698070863,65.58751535940596,66.14614150524396,23350100
2017-05-19,66.70476531982422,67.1453704892453,66.20908450422552,66.25629048586485,13412900
2017-05-22,66.64181518554688,67.10602931498283,66.25628569020822,67.01948101971163,11636000
2017-05-23,67.47581481933594,67.71972033865823,66.4923170765282,66.681146962365,11753000
2017-05-24,67.43649291992188,67.64106219312639,67.06669669625066,67.57024721275744,9833800
2017-05-25,67.15321350097656,67.72757872840484,66.94078066511796,67.65676378125673,12238500
2017-05-26,67.16107940673828,67.3184366094791,66.8935649587279,66.96437990191602,8113500
2017-05-30,66.01237487792969,66.99587269791435,65.9179569262052,66.98013337122978,12603200
2017-05-31,64.63548278808594,65.94943453367411,64.2342139665896,65.87862556665434,28327900
2017-06-01,65.3514633178711,65.36720264506056,64.2420808627933,64.87938554969342,17123500
2017-06-02,65.02101135253906,65.29638955833863,64.50172759343054,64.7456331467395,14998500
2017-06-05,65.13904571533203,65.70554157125464,64.97381875782058,65.02102474488217,9080200
2017-06-06,65.27276611328125,65.47733528896126,64.61972228505189,64.74561285556045,12196800
2017-06-07,66.020263671875,66.17762096755203,65.3829528179521,65.5481797792518,13711100
2017-06-08,66.8384780883789,67.45218548248135,66.00447424919138,66.02021356849198,17951000
2017-06-09,68.41997528076172,68.49079024490217,67.18470226510392,67.27912021635976,19120200
2017-06-12,68.43574523925781,69.03370785647716,68.36493024342052,68.42000590560643,16053400
2017-06-13,68.66387939453125,69.12022381194919,68.43571318861643,68.8841879428943,12557200
2017-06-14,68.52227020263672,68.69536681216512,67.52303886962567,68.27049495317598,16175700
2017-06-15,68.11312103271484,68.51438980197055,67.85347618185561,67.86134584476486,12509700
2017-06-16,67.80625915527344,68.41996070067276,67.68036858042588,68.33341243116332,16936600
2017-06-19,69.29331970214844,69.41921029997378,68.33342490350952,68.42784285187852,15972300
2017-06-20,68.86058044433594,69.17530094601712,68.74256550865049,69.04154668371076,11197800
2017-06-21,68.54586029052734,68.88418375143449,68.2626124626612,68.8291081183935,10005900
2017-06-22,68.46717834472656,68.73469286051667,68.17606684561835,68.39636938639019,12180600
2017-06-23,68.34130096435547,69.23825054804982,68.14460138893487,68.97074200681925,18812000
2017-06-26,68.6402816772461,68.97860518471175,68.15247057540813,68.45932143069156,10082400
2017-06-27,69.277587890625,69.9778378486259,68.84484645464951,69.01007336580535,15415200
2017-06-28,70.67022705078125,70.86692663687258,69.71033211020836,69.71033211020836,17466200
2017-06-29,71.71666717529297,72.89686464059304,71.05575347327166,72.6529530825306,27697800
2017-06-30,71.91336059570312,72.38543834084545,71.72453069820504,72.35396569079674,16892700
2017-07-03,73.3769302368164,73.95445482327848,72.31682438449306,72.43548844571443,13208100
2017-07-05,74.11268615722656,74.19971050271685,73.26618155312214,73.66965751532146,17535400
2017-07-06,73.87535095214844,74.76932728274164,73.47978791335511,74.00193402175253,16596100
2017-07-07,74.2471923828125,74.50035252442515,73.75669800358331,74.3342167473494,12817800
2017-07-10,73.72503662109375,74.11268668552401,73.6459191894931,73.97028375878048,13987200
2017-07-11,73.44021606445312,73.835779000012,73.00509442101382,73.835779000012,13262300
2017-07-12,73.18706512451172,73.44022519330554,72.83896776649067,73.26617651429501,13540100
2017-07-13,73.65380096435547,73.87531519312667,73.0525437463979,73.32944256817194,12820100
2017-07-14,72.98138427734375,73.26619016226674,71.66020511083688,71.8421607376518,22235200
2017-07-17,72.30098724365234,72.77566152216595,72.19023011319287,72.64117158315243,14374200
2017-07-18,72.04784393310547,72.45131987951828,71.45449943842112,71.55734364460731,14719400
2017-07-19,72.15068054199219,72.48295801124473,71.99245777439512,72.26143768647248,11651200
2017-07-20,72.15068054199219,72.56206939504328,71.91334639059657,72.11112786799876,11561700
2017-07-21,71.90544128417969,72.27727146798108,71.61272249280549,72.03993125488715,10971300
2017-07-24,72.21398162841797,72.41967608218866,71.92126886601112,71.96082154524346,10725100
2017-07-25,73.4164810180664,73.98608655784162,72.99717924906275,73.07629666241404,16447700
2017-07-26,72.72821807861328,73.72503859247254,72.53043656594826,73.6538341092905,11815500
2017-07-27,72.42759704589844,72.83106701209661,72.1190583490113,72.64911138870838,12332400
2017-07-28,72.21398162841797,72.5858118209145,71.92126886601112,72.34847160227045,9351900
2017-07-31,72.6253662109375,73.0683948211563,72.38802600642764,72.39593895612786,11520300
2017-08-01,73.59845733642578,73.6854816870027,73.00511278384471,73.17124853426986,12523700
2017-08-02,73.66175079345703,73.74086219537034,73.1870763461641,73.47188222170249,10165600
2017-08-03,73.17914581298828,73.6775529575251,72.97345138878397,73.33736857879983,11078800
2017-08-04,74.09687805175781,74.68230971229995,73.94656215190791,73.9702949706603,14324000
2017-08-07,74.38168334960938,74.51617939205998,74.13643615682325,74.27883911556027,7978300
2017-08-08,74.11268615722656,75.33102095827816,74.04939462672225,74.32628752791294,13745400
2017-08-09,73.9940185546875,74.11268866945257,73.44023273353423,73.5589028482993,11214400
2017-08-10,72.93392181396484,73.6301106541602,72.83898450292358,73.49562065704522,13252300
2017-08-11,72.32474517822266,73.3136527835992,72.18234224161591,72.88644397377897,10679500
2017-08-14,73.17124938964844,73.49561397937481,73.04467235557416,73.07631812304598,10994800
2017-08-15,73.3611068725586,74.01773677795417,73.29781535238672,73.81995530427575,8812700
2017-08-16,72.85478973388672,73.75667891805816,72.6886539998008,73.60636304806086,11085400
2017-08-17,71.71556854248047,72.75194160505556,71.59689844287132,72.59371882945136,13837500
2017-08-18,71.78678131103516,72.41968461141785,71.35166557335859,71.44659684334675,13040700
2017-08-21,71.69973754882812,71.94499068014383,71.32791344899691,71.87378621111296,11502100
2017-08-22,72.43547821044922,72.55414829071415,71.9924496823252,72.0478282483407,9211800
2017-08-23,72.52252960205078,73.05258265115313,71.86589347720343,71.88963233076556,8811300
2017-08-24,72.40386199951172,72.87854251427659,72.31684367667253,72.72822661554682,8623200
2017-08-25,72.69657897949219,73.1633465308128,72.6253805255931,72.6886660282323,11794600
2017-08-28,72.46715545654297,72.93392303219211,72.09532519352085,72.91019021298877,7292900
2017-08-29,72.07157897949219,72.23771471885217,71.44658870143556,71.55734586100888,10886100
2017-08-30,72.23771667480469,72.68865827550964,72.14278541306429,72.19025104393448,9165300
2017-08-31,71.90544128417969,72.66492151594296,71.83424284173891,72.63327575180962,13217400
2017-09-01,72.54625701904297,73.06840311389968,71.95291247624007,72.19025270768635,9815800
2017-09-05,70.81369018554688,72.07949058259433,70.42603409847266,72.00828610373507,16897300
2017-09-06,71.28836822509766,71.6127267641392,70.91653801911849,71.20134387749349,11845700
2017-09-07,70.03840637207031,71.30420717259389,69.68240197173424,71.28838730325612,14592300
2017-09-08,69.95136260986328,70.74248864535816,69.80895968204169,69.86433826309383,14242200
2017-09-11,71.03520965576172,71.399126919085,70.37066062670102,70.71875802458105,13219000
2017-09-12,71.90544128417969,72.19024712556745,71.28045102312386,71.33582960140413,14003800
2017-09-13,72.11113739013672,72.38803028790062,71.45450134985913,71.6839286182385,12485400
2017-09-14,71.96871948242188,72.41174802660643,71.78675788131109,72.15067504772144,10562800
2017-09-15,72.48296356201172,72.5541620021393,71.80259474478042,72.05575481380983,18171800
2017-09-18,73.51143646240234,73.68548517178742,72.66493176878572,72.7282233059827,11318700
2017-09-19,74.3183822631836,74.6506537519882,73.19497869713854,73.34529457646987,12626100
2017-09-20,74.84053039550781,75.38640935451399,74.13642862545134,74.44496733206874,15311600
2017-09-21,75.18070983886719,75.44969584262265,74.51616683396477,74.72976821816543,10851500
2017-09-22,75.02246856689453,75.14113865592697,74.70601700807855,74.91961833968774,8358300
2017-09-25,74.46076202392578,75.06201328254899,73.93070315387709,74.76930060121714,10463400
2017-09-26,74.12850952148438,74.38958257028028,73.84370365658208,74.19180105497662,9358100
2017-09-27,75.29939270019531,75.72660157670703,74.82471818267584,75.1332569208542,15090200
2017-09-28,75.45760345458984,75.85316649520361,75.08577926649582,75.62373920735007,10270400
2017-09-29,75.56045532226562,75.56836223746146,75.17279918839728,75.39431956595624,11438400
2017-10-02,76.6126480102539,76.64429377829681,75.52089617393273,75.76614333149885,13797200
2017-10-03,77.01612854003906,77.07942007984924,76.55727393013538,76.60474560289975,9633500
2017-10-04,76.23289489746094,77.0873123482119,76.16960337463232,76.97655520116771,12166600
2017-10-05,77.25941467285156,77.50610146111931,76.03396422095666,76.39204952466568,14236200
2017-10-06,77.12413787841797,77.69707921629687,76.76605257779094,77.6254645846093,10231900
2017-10-09,76.71830749511719,77.2434996604534,76.50345146345214,77.1559666210483,7765100
2017-10-10,77.29124450683594,77.33103446059675,76.58302704177439,76.75809312457064,10631500
2017-10-11,77.06047821044922,77.19576041422901,76.50345526933731,77.05252507635814,14283600
2017-10-12,76.38409423828125,77.58567927881356,76.08967041780087,77.42653159591038,18251600
2017-10-13,76.2806625366211,76.95704941694908,75.56448569288133,75.97827945641811,13190600
2017-10-16,77.85624694824219,77.94378001247506,76.66262087717153,76.66262087717153,12434000
2017-10-17,77.68118286132812,78.12680129532824,77.44245523105901,78.03926823563596,10335700
2017-10-18,77.9756088256836,78.4212333427862,77.68913809008048,78.1029318508832,10158600
2017-10-19,78.07109832763672,78.14271297345137,77.25942924849592,77.33900917197325,9133900
2017-10-20,79.18513488769531,79.48751789566332,78.56445046175887,79.00210959925771,15326600
2017-10-23,79.04986572265625,79.5671048532626,78.97029187281579,79.18514794559017,9238600
2017-10-24,80.3071517944336,80.52200786346926,79.38408422437455,79.4795704140833,13000800
2017-10-25,80.38672637939453,80.72889939487537,79.7262579671743,80.56975169650566,14632700
2017-10-26,80.95965576171875,81.50076635520048,80.62544200221096,80.64931354630514,13054400
2017-10-27,80.98352813720703,81.34957872072452,80.41059285978093,80.71297587323593,10400400
2017-10-30,80.69707489013672,81.11086254946828,80.26736881827574,80.47425961239375,8839500
2017-10-31,80.06047058105469,80.92783584508165,80.0286398276369,80.66524275380188,8690200
2017-11-01,80.3071517944336,80.92783631192243,80.15596330369624,80.45038715009221,8418200
2017-11-02,80.84029388427734,80.98352922332856,79.70237644821377,80.26735859916725,8731800
2017-11-03,80.69707489013672,80.79256108093101,80.15596421495204,80.45038806469518,7103500
2017-11-06,80.19573974609375,80.91987566332406,80.10025356525101,80.6413581129463,8121500
2017-11-07,78.58033752441406,80.17183803123764,78.18246239770816,80.02064354033975,18822600
2017-11-08,77.69709014892578,78.27799077353907,77.30717404454164,78.19841085456254,18524700
2017-11-09,77.68910217285156,78.15859802234775,77.03658714811436,77.28327387761638,13697800
2017-11-10,77.59366607666016,78.25413465955698,77.58570686835621,77.83238768590454,9314000
2017-11-13,77.87213897705078,78.0233335042415,76.88541012587098,76.94111241413692,9303100
2017-11-14,77.40264892578125,77.80848338311039,77.06843517084882,77.45835121827,11043800
2017-11-15,78.13475036621094,78.57240953680275,76.35226471924543,76.7023969125949,15384100
2017-11-16,78.35755920410156,78.8270491239082,78.23023619941806,78.40530229531036,9808000
2017-11-17,78.094970703125,78.30982678503547,77.64139306154227,77.84033073015041,9017900
2017-11-20,78.78726196289062,78.89866655180982,77.79257379675862,78.34163753611904,9483200
2017-11-21,78.7236099243164,79.21697749960565,78.70769758302762,79.17718753974044,13389400
2017-11-22,78.49280548095703,79.19306352702067,78.45301553935762,78.80314759793579,7342200
2017-11-24,78.23817443847656,78.69971110012773,78.19043136006209,78.64400881827972,3680000
2017-11-27,77.92787170410156,78.88277018195838,77.92787170410156,78.23025480550038,13076200
2017-11-28,80.65729522705078,80.92784756363551,77.95970071300268,78.15067919006816,16773000
2017-11-29,82.5431900024414,82.93310599068971,81.13470842296877,81.4927997384199,21105500
2017-11-30,83.1718521118164,84.87476402362901,82.78989521411849,83.34691821955106,23945900
2017-12-01,83.3866958618164,83.80844265664646,81.32569890395777,83.4742289027541,19683500
2017-12-04,85.10551452636719,86.25935640730788,84.96227919187436,85.72620502323248,23576600
2017-12-05,84.12675476074219,85.47157522320542,82.85355500955274,84.01535016195656,17193900
2017-12-06,83.49810791015625,84.15858234314463,83.17980646657551,83.99147545126114,15476200
2017-12-07,83.25138092041016,83.70495825239774,82.54316378925571,82.71822371842092,13371800
2017-12-08,84.29386138916016,84.30182059507517,83.02861477686498,83.35487543733255,13506900
2017-12-11,84.04716491699219,84.39729098749133,83.80047814855412,84.12673874796498,10591200
2017-12-12,85.02593994140625,85.43973360234155,83.98350872632899,85.07368909988003,15508800
2017-12-13,83.95964813232422,85.23284788760442,83.93577658552135,84.90658722504449,15020300
2017-12-14,83.28327178955078,84.70766021047763,83.26735337561975,84.44506709157649,13034200
2017-12-15,84.46094512939453,84.76332808921,83.71293782694816,84.18243370968374,29350600
2017-12-18,85.11347198486328,85.64662335799856,84.73151514811643,85.29649726949637,12713100
2017-12-19,84.75540161132812,85.53523383176805,84.69969930986812,85.42382922884806,12149900
2017-12-20,84.46094512939453,85.72619139478586,84.42115518182429,85.6227399595407,13091500
2017-12-21,85.8057861328125,85.99676457129203,84.7951795007058,84.81905104662886,12323700
2017-12-22,85.5033950805664,86.30710484454089,84.99411520882485,86.1002079994287,14573400
2017-12-26,85.16121673583984,85.93309570034624,84.66785530614307,85.30445207019253,7403700
2017-12-27,85.32038116455078,85.37608346426919,84.88271590169512,84.88271590169512,9496500
2017-12-28,85.77394104003906,85.81372491956068,85.27262044618911,85.46359885273755,7440600
2017-12-29,85.0975570678711,86.1638597818332,85.0975570678711,86.01266525002588,8925700
2018-01-02,85.9012680053711,85.95697030009438,84.9941128792519,85.64662807647966,13578800
2018-01-03,85.98878479003906,86.33095769894888,85.52725418007414,85.82963714123649,11901000
2018-01-04,87.22063446044922,88.0125295546116,86.54871884818996,86.67670509918044,12953700
2018-01-05,86.66071319580078,87.62859254174796,86.21277347403554,87.39662201362782,14155000
2018-01-08,86.78870391845703,86.93268542252277,86.148784766449,86.508741577974,12466500
2018-01-09,87.22865295410156,87.69258795195748,86.7807070868067,86.96468583452591,13292300
2018-01-10,88.18851470947266,88.54846538964748,87.50060381172985,87.56459694238518,15834500
2018-01-11,88.66046905517578,88.73246286805902,88.02855659024338,88.5244882008345,13676800
2018-01-12,90.124267578125,90.26824908102235,88.66045664912217,89.30837646352086,18884200
2018-01-16,89.8043212890625,90.73220357892977,88.84444852957141,89.19640472265515,22703300
2018-01-17,90.38023376464844,90.62820563727752,89.03640844225541,89.50034951726852,14940300
2018-01-18,90.59619903564453,90.9641503673333,89.80429780826161,90.1962511399758,14572900
2018-01-19,90.39624786376953,91.46010489622687,90.22827043759204,91.14015138125383,18785500
2018-01-22,91.45208740234375,91.50007919701328,89.98827663771728,90.1162628937968,12475700
2018-01-23,91.35610961914062,91.70006509879042,90.66819865984102,90.92416510264636,12320800
2018-01-24,92.52396392822266,92.7879310588191,91.71607340520474,91.87605015559672,15904500
2018-01-25,92.54794311523438,92.9238951237481,92.05201161695733,92.81991086504631,13510000
2018-01-26,93.04386901855469,93.04386901855469,91.9560103615164,92.54793147990723,13883900
2018-01-29,92.94790649414062,93.86778805268423,92.80392497973621,92.80392497973621,11679900
2018-01-30,92.07600402832031,93.2678470356975,91.97201977355603,92.41195879237769,14279100
2018-01-31,92.52396392822266,93.31586532001197,92.11602138390654,92.5079686942722,13141400
2018-02-01,93.48384094238281,93.57982454968487,92.3719860711746,92.60395052396906,13800600
2018-02-02,91.41210174560547,93.52382641652486,91.26011957294824,93.17987093816261,16477300
2018-02-05,87.0286865234375,91.66007895485085,83.1731880793394,90.3882472546452,30097600
2018-02-06,89.67633056640625,89.97229424879254,85.27690308063302,85.46887638943203,33114800
2018-02-07,90.28425598144531,91.54808691509172,88.90843400288988,89.22839359602025,21878300
2018-02-08,86.29277038574219,90.4762287680813,86.26077381634377,90.4762287680813,27425800
2018-02-09,88.02052307128906,88.828419432562,84.97292242409173,87.26861916459625,28188000
2018-02-12,89.38036346435547,90.1722647754562,88.04453881625479,88.92442305920105,18043300
2018-02-13,89.93231201171875,90.42824975344595,88.62848366363788,89.04442691919563,16358200
2018-02-14,92.01202392578125,92.20399723202867,90.01228418609993,90.09227255514291,15186900
2018-02-15,92.39598846435547,92.77993512598165,91.3641218943116,92.57996112642405,12130200
2018-02-16,91.73204803466797,92.84390267750088,91.58806655056699,91.6280637805419,13214300
2018-02-20,91.75606536865234,92.29999486869937,91.16414406359942,91.70807356364645,13461500
2018-02-21,92.14002227783203,93.94778284553898,91.72407293992408,91.9880400848208,14212500
2018-02-22,91.97205352783203,93.13190039724753,91.79607541463018,92.38799680226326,17070400
2018-02-23,93.83576965332031,93.89976277877359,92.23597813331024,92.23597813331024,12162500
2018-02-26,95.00363159179688,95.10762196260552,93.84378499944562,94.49969938114408,16511200
2018-02-27,93.87577056884766,95.45156625437328,93.86776990217173,95.11561148663132,17563300
2018-02-28,92.38800048828125,94.77968814280852,92.26001418167444,94.2437592150192,17735600
2018-03-01,90.73221588134766,93.29988165872324,90.10829789280893,92.37200534576701,18690000
2018-03-02,90.64420318603516,90.83617649336242,88.88443464630554,89.90029975458043,18353700
2018-03-05,92.0360336303711,92.73194536113715,89.50036472479259,89.62835101663465,13933000
2018-03-06,92.11601257324219,92.64394068121823,91.44409685987483,92.49995917854817,10674400
2018-03-07,91.77205657958984,92.06801414810019,90.47622306291251,90.98815593556303,13006500
2018-03-08,91.7800521850586,92.17200556287683,90.55621245679167,92.076015859646,11173700
2018-03-09,94.41970825195312,94.4517048187492,92.52395286265299,93.2278651267245,15366600
2018-03-12,94.11576843261719,94.98765216316608,93.78780813584187,94.38773014950397,12339300
2018-03-13,92.9879150390625,94.76368523172795,92.65196016551026,94.54770988249972,13312300
2018-03-14,91.947998046875,93.25982636074757,91.66803580355814,93.23583046885173,12905100
2018-03-15,92.17998504638672,92.78790752861173,91.8520309604329,92.68392327749862,8748000
2018-03-16,92.33998107910156,93.2678571138157,92.25998661001694,92.25998661001694,19888900
2018-03-19,91.61206817626953,92.34797087315052,90.62819972565536,92.06800855398066,13214900
2018-03-20,91.7000732421875,92.34798702310599,91.54809105546462,91.88405199994266,9921200
2018-03-21,91.7800521850586,93.2918549202967,91.35610834221802,91.83604465292959,13633000
2018-03-22,87.94853973388672,90.86816059007121,87.620585633161,90.54820105329253,22550400
2018-03-23,85.59687042236328,88.72446052686747,85.39689642761138,88.20452691996815,23081500
2018-03-26,88.23650360107422,88.9164199121407,86.90867974865677,87.34062421227804,20217500
2018-03-27,86.52473449707031,89.34037136735616,85.82882899829396,88.84443373267415,18039900
2018-03-28,86.38874053955078,87.32461709740973,85.30888250335045,86.61271037192178,19189300
2018-03-29,87.96456146240234,88.61247525012996,86.21278732198682,86.7887134011767,13274600
2018-04-02,86.268798828125,88.57250365310918,84.8529853233729,87.95658019814809,18822500
2018-04-03,87.45262908935547,87.58860994150635,85.79684465237834,86.676729011155,14050700
2018-04-04,88.78043365478516,88.95641170825425,85.60484633369464,85.66883946272353,15302600
2018-04-05,89.94617462158203,90.7099329316387,89.55223974045234,89.74518656109379,16627000
2018-04-06,87.70316314697266,89.68089142098127,86.68214631204704,88.8769390322093,18906000
2018-04-09,88.7563247680664,90.83052293160192,88.34630742558414,88.44278389842366,15974300
2018-04-10,90.45267486572266,90.74209818401718,89.57636367042278,90.14716906659551,13951400
2018-04-11,88.93319702148438,89.88989599493883,88.85279689233522,89.76930806855245,14503300
2018-04-12,91.1440658569336,91.96409442672471,89.64067298970305,89.68890816037643,16435500
2018-04-13,88.67591857910156,92.57508501519057,87.6709784598174,92.47056731723768,39152800
2018-04-16,88.60356140136719,89.61654277847236,88.26590298688807,89.1904491411057,16580500
2018-04-17,88.60356140136719,89.9783187748903,88.42669095559208,89.53614879412036,15501400
2018-04-18,87.8880615234375,89.29497798973253,87.54236180351539,88.86084302980693,16081400
2018-04-19,89.81754302978516,89.93813708955918,88.03276811940208,88.05688570462314,17911000
2018-04-20,89.6165542602539,90.6375708730407,89.14221926456939,90.28383606983738,15584400
2018-04-23,89.18243408203125,90.00246277700926,88.94124592450675,89.69696309332522,11285800
2018-04-24,88.76435852050781,90.76619762714655,88.10511187887968,89.84165144150707,16453100
2018-04-25,88.42669677734375,88.86083168182813,87.30920376037533,88.65180240181678,13548200
2018-04-26,88.51514434814453,89.0939909681684,87.904138901045,88.41063276040043,10299500
2018-04-27,87.95238494873047,88.56339042876046,87.73531438768785,88.07297902334643,9384000
2018-04-30,87.45391082763672,88.67592148762144,87.4297932453697,88.2337453671662,13744900
2018-05-01,87.45391082763672,87.60666369355178,86.45701191403607,87.18860515536358,10503400
2018-05-02,86.76251983642578,88.02472454339886,86.60977308952371,86.91527271699637,12162100
2018-05-03,86.21582794189453,86.64192160541101,84.55968845466647,86.49720997122917,15379100
2018-05-04,87.17253875732422,87.42176198074148,85.20285828766758,85.56463433028415,11967900
2018-05-07,87.92826843261719,88.17749169183796,87.11627486288342,87.43785702122378,9356700
2018-05-08,89.23065185546875,89.51203389525018,87.85589434653507,88.05688239404587,12543200
2018-05-09,91.17622375488281,91.36112932969652,89.26281355537739,89.59243690807723,11368100
2018-05-10,91.88371276855469,92.0043068450994,90.6456254411234,90.99936643000935,9159700
2018-05-11,91.53800201416016,92.2374426670852,91.38524912665878,92.04448971434594,10253000
2018-05-14,91.57014465332031,92.2133026477577,91.44150937423221,91.73897385687266,8710700
2018-05-15,90.8707275390625,91.5782094890114,90.50091021689343,91.5782094890114,11536200
2018-05-16,91.11994171142578,91.40132989548668,90.54913637101052,90.75816566573131,7571100
2018-05-17,90.81444549560547,91.17622768859222,90.20344006769614,91.00739231833039,8617200
2018-05-18,89.34320068359375,90.68580544262745,89.11005382284739,90.64560538145223,11806300
2018-05-21,90.16323852539062,90.47677938598093,89.97832682453738,90.08284453384641,9441900
2018-05-22,90.85464477539062,91.88370266591045,90.275798178556,90.3240333504026,11507600
2018-05-23,90.43657684326172,90.66168246687963,89.3351663086072,90.45265932133056,11453900
2018-05-24,89.42359924316406,90.16323373998424,88.53121187694937,90.15519250115608,14084800
2018-05-25,88.96533966064453,89.30299806043242,88.59551630811391,88.80454556526871,8283500
2018-05-29,85.16265106201172,87.79157188033638,84.38281649908829,87.77549553623207,30643800
2018-05-30,87.10823059082031,87.30921866608001,85.74151413252207,86.53742519312308,17490800
2018-05-31,86.03092956542969,86.97959343904148,85.55659456178942,86.78664048823762,19808200
2018-06-01,87.14842987060547,87.5825648452776,86.66605972108172,87.10018856208463,13594200
2018-06-04,87.1885986328125,87.83980397364539,87.04388701636825,87.62273348214528,9415400
2018-06-05,86.69819641113281,87.07605490083748,86.07915595802193,87.01977849600921,10415200
2018-06-06,88.72416687011719,89.02966650346241,87.21273891519587,87.35745055913175,15453600
2018-06-07,89.07791900634766,89.64068317370135,88.4588722885892,89.38341867810118,13444400
2018-06-08,89.32711791992188,89.35123550142656,88.48296576525156,88.93318311012067,10383200
2018-06-11,89.10202026367188,89.97029007731066,89.05377896269087,89.33516712846387,12642900
2018-06-12,88.58748626708984,89.66477916617984,88.04883368387692,89.35123832936004,15294100
2018-06-13,88.41063690185547,89.6004828910462,88.09709599026674,88.80457181806476,14979700
2018-06-14,86.85093688964844,88.72414659314126,86.64994888198613,88.65982895860918,20487300
2018-06-15,86.7464370727539,87.13233066483298,85.43599115991245,86.66604308554311,26028600
2018-06-18,86.97157287597656,87.1484433894283,85.7736854898764,86.23193812306036,9786800
2018-06-19,86.46507263183594,86.73037223020879,85.70131426386635,85.94250240820818,12707200
2018-06-20,86.45701599121094,87.34136214015786,86.37662200197362,86.97154488273162,8876900
2018-06-21,86.43290710449219,86.9956712194457,85.64503120988846,86.10328374168455,11048700
2018-06-22,85.01793670654297,87.12429346947327,84.82498991513243,86.95546426028058,19478900
2018-06-25,84.24615478515625,84.97774812379714,83.5788729632259,84.94559543227624,16907600
2018-06-26,84.30242156982422,84.58380359101828,82.89550533018586,84.18182752255018,17086800
2018-06-27,83.00001525878906,85.15460718852418,82.99198015381955,84.15770827586104,16276800
2018-06-28,84.35872650146484,84.78482029674532,83.21711555303973,83.35378599045609,14491300
2018-06-29,83.77181243896484,85.94248694651286,83.73161851125192,85.76561649030506,18972400
2018-07-02,84.47928619384766,84.48732129842176,83.11256397513353,83.3859108723434,11130000
2018-07-03,83.29747772216797,85.04205231023924,83.22511884353003,84.74459395824925,8311700
2018-07-05,83.83905792236328,84.37254659344002,83.68547495376544,84.17046633665338,10723400
2018-07-06,84.11388397216797,84.46954719696362,82.6104063708046,83.35406640146822,12173700
2018-07-09,86.7166748046875,86.86217282954098,84.63929010744582,84.63929010744582,13900800
2018-07-10,86.18321990966797,87.62203084835932,86.11046778524985,87.31486480504174,14575900
2018-07-11,85.9972915649414,86.53886528628098,85.85179350295452,85.93262438916916,10186500
2018-07-12,86.36911010742188,86.94301736038118,85.65778974466967,86.82985289737516,12456800
2018-07-13,85.97303771972656,87.13702214527261,84.9868849333057,86.73286157162478,21289100
2018-07-16,89.38414001464844,89.5377168151341,86.47418557139402,86.53076779620451,24662600
2018-07-17,89.3194808959961,89.66705921313113,88.71324007543504,89.47306387731173,14821900
2018-07-18,90.15204620361328,90.62895883251291,89.07697772126349,89.25480933993792,14244900
2018-07-19,88.826416015625,89.79639898708803,88.69708783069721,89.77215033785164,16775300
2018-07-20,89.949951171875,90.32177805578327,88.73746978943528,88.91530137891297,13578100
2018-07-23,91.62321472167969,92.34262015862409,89.66707872834775,89.77215827332775,18140000
2018-07-24,92.26985931396484,92.77909941176618,91.679782168607,91.78486786363013,14000400
2018-07-25,93.10243225097656,93.37725848756426,91.64745168374434,92.05161226719761,13329100
2018-07-26,92.83567810058594,93.43383399426241,92.61743411471772,93.29642088586388,11897800
2018-07-27,93.78948974609375,94.007739881488,92.80333708572007,93.10241809211215,12802700
2018-07-30,94.35531616210938,95.06663644549998,93.81373638728924,93.9915679998869,13411600
2018-07-31,92.91648864746094,94.63821617914584,92.81140914644233,94.63821617914584,15843800
2018-08-01,93.49043273925781,94.3230025866416,93.18326673707645,93.5631786869315,13531600
2018-08-02,93.8864974975586,93.96732837458822,92.4153533344171,92.60934867268834,11058100
2018-08-03,94.64631652832031,94.67865011300587,93.71675217836334,93.76524947189132,11016100
2018-08-06,94.67057037353516,95.00197882092041,93.91074655869971,94.40382292785881,9857400
2018-08-07,95.01812744140625,95.61628320066269,94.8402958507356,95.17170422398605,10562100
2018-08-08,95.21212768554688,95.60011829717561,94.79988226456669,94.8403007798195,8997100
2018-08-09,94.4765625,95.15555539168697,94.33106446370995,94.98580871051529,9694200
2018-08-10,93.5469970703125,93.72482251958826,92.69825750790478,93.3610805168422,12630600
2018-08-13,92.05970001220703,93.66825745663009,92.00311777547861,93.4095949220143,10336300
2018-08-14,92.67401123046875,92.98925595210093,91.86569016638616,92.36684527923717,10597600
2018-08-15,91.9061050415039,92.415351272731,91.31603410205089,92.00310579197584,10152100
2018-08-16,92.7710189819336,93.20751315854709,92.39111320816,92.43152556690127,10118600
2018-08-17,92.7710189819336,93.01351780238592,92.39111320816,92.66593944880488,8505100
2018-08-20,92.64977264404297,92.9973509860143,92.2375271298442,92.62551782920694,8618700
2018-08-21,93.2155990600586,94.08050248367172,92.85993576425464,93.25601758621858,10976700
2018-08-22,92.93267059326172,93.28833382291535,92.77908762282036,93.20749678563037,8314700
2018-08-23,92.73869323730469,93.07818665847084,92.49619441247098,92.92460365827607,9265400
2018-08-24,92.69825744628906,93.13475154949433,92.51234089294233,92.9407562259587,8845700
2018-08-27,94.33917236328125,94.79991522917845,93.09435689803227,93.13477542733975,13768000
2018-08-28,93.87841796875,94.59782329966474,93.74100485318223,94.57357465185878,8302600
2018-08-29,93.57127380371094,94.06435028158162,93.2479440558774,94.04818040233886,7221700
2018-08-30,93.11051177978516,93.79758349833737,92.94076508463702,93.43383529416217,8991800
2018-08-31,92.61743927001953,92.82759832973854,92.00311346645393,92.81951955844234,13065700
2018-09-04,93.07816314697266,93.15090907584641,91.84951178977387,92.42341895211025,10174200
2018-09-05,92.62549591064453,93.52273267022835,92.3506697442132,92.95691046463473,11462400
2018-09-06,92.22943115234375,92.71442255199757,91.74443975268993,92.5527608077797,9877600
2018-09-07,92.40726470947266,92.77100672509263,91.84952119632169,92.55276274912072,10955600
2018-09-10,91.91419982910156,92.93268623370128,91.87378747065782,92.83568547283426,8276900
2018-09-11,92.4961929321289,92.61744234260524,91.4857914564948,91.77678757483751,9333800
2018-09-12,91.40495300292969,92.85992730716092,91.21903643332757,92.35068722573008,10800800
2018-09-13,91.7605972290039,92.25367353248471,91.07352561223553,91.63935401257406,12470800
2018-09-14,91.74443817138672,92.5446742753727,91.52619420375423,91.99501572070554,10337900
2018-09-17,92.019287109375,92.49619984837527,91.58279906622447,91.9788747475286,9561300
2018-09-18,92.39112854003906,92.68212470607085,91.79296632819471,92.41537719270801,7944200
2018-09-19,95.07472229003906,95.4303793516292,92.50426115386458,92.50426115386458,16052800
2018-09-20,95.8911361694336,96.3842125661708,95.4465632354417,95.7860566396539,15590000
2018-09-21,95.26063537597656,96.37612238200768,95.17171956630742,96.2952853426719,24788200
2018-09-24,94.34724426269531,95.7537213167798,94.11283039251443,95.1878989866886,12492500
2018-09-25,94.08051300048828,95.3576620990951,94.02393075773998,94.60592306429508,9308300
2018-09-26,92.97308349609375,94.46848235673014,92.68209359474304,94.37148161161313,14023600
2018-09-27,92.56892395019531,93.57124649262684,92.27793404577993,93.29641412873426,13283000
2018-09-28,91.21094512939453,92.34259584281386,90.95228263778442,91.86568937925158,15815100
2018-10-01,91.74443817138672,92.64167502043166,91.37261123249425,91.63935865615629,10146300
2018-10-02,92.12435150146484,92.24560089295221,91.1866961187628,91.6312751652164,13753100
2018-10-03,92.98927307128906,93.49043444340344,92.53661516550926,92.90844218340001,17142000
2018-10-04,93.82765197753906,95.08118432902008,92.9648335085428,93.24159046909168,16357400
2018-10-05,93.29856872558594,94.50325795774961,92.81017482100376,94.2834856688368,13777600
2018-10-08,93.86837005615234,94.24280089556474,92.26482510223805,92.99740987943082,14370900
2018-10-09,93.21715545654297,93.63228774618439,92.52527244726446,93.33925391940053,14069500
2018-10-10,90.73451232910156,93.5671642694244,90.73451232910156,93.36366890893397,23086400
2018-10-11,88.01582336425781,90.73452498903934,87.40533719760708,90.3275342112722,33705600
2018-10-12,87.05533599853516,90.21358881188178,85.95646200025914,89.83915799373818,32075700
2018-10-15,86.55878448486328,88.60187966493248,86.54250758833128,87.2588090292665,18903200
2018-10-16,88.4146728515625,88.54490666239231,86.87624831188279,87.22626060563027,19302800
2018-10-17,89.39959716796875,90.18916028312456,88.09722790027247,88.21932016741077,18794500
2018-10-18,87.98326873779297,89.4077365470972,87.75535488193418,88.74027187914497,17582500
2018-10-19,87.83675384521484,88.90306771035314,87.315799929145,87.62511689901646,15234500
2018-10-22,86.57508087158203,88.18676091345294,86.37158547769626,88.03210863702662,16199100
2018-10-23,85.67155456542969,86.41228072593462,84.40988073146055,84.81687148949109,21407500
2018-10-24,84.07616424560547,85.49249055874908,83.76685345842311,85.27271824868029,23168900
2018-10-25,85.35411071777344,86.20065232347454,84.42617219444826,84.80060298366836,17464700
2018-10-26,84.1819839477539,85.10992256715964,83.62034081086352,84.65409481311819,19174900
2018-10-29,85.34597778320312,86.79486417788911,84.40989761051208,85.02852542527474,18445200
2018-10-30,86.85183715820312,87.07975723042877,85.35411394469934,86.04599708594156,18019700
2018-10-31,88.74027252197266,89.92869113930824,87.73907861788516,87.97513403035938,20860000
2018-11-01,88.70773315429688,89.71706877755705,88.17050222260474,89.22868097341102,13065000
2018-11-02,88.21929931640625,90.19727430896882,87.49485638840702,89.4565544859271,19009200
2018-11-05,88.7972412109375,88.96004124137009,88.25187508190722,88.40653355827163,10276400
2018-11-06,89.21240234375,89.26938082026041,87.71467884108331,88.45539903571854,10825000
2018-11-07,90.74266815185547,90.94616354434599,89.00888343331684,89.83914811238263,12679600
2018-11-08,91.47525787353516,91.92295027627944,90.35196540417768,90.3601069597332,11662500
2018-11-09,90.58799743652344,91.45895735039197,90.21356671011306,91.35314199624959,10432200
2018-11-12,88.68330383300781,91.11711359014438,88.39841147971738,90.69383962795213,13279700
2018-11-13,89.20423889160156,90.4496359328222,88.80538965392749,88.80538965392749,13746100
2018-11-14,87.3646469116211,90.11590249318647,86.26577298997087,89.72519480157992,18361400
2018-11-15,89.59496307373047,89.60310462936518,86.9413810638671,88.1053751121352,19100000
2018-11-16,89.5298080444336,90.15657716931536,88.35767910900013,89.09025736482668,13798600
2018-11-19,90.21357727050781,90.51474647147008,89.15539876447095,89.50541108168132,13987000
2018-11-20,88.27630615234375,89.93682943899813,87.89373999906117,89.35890322127123,18936200
2018-11-21,87.61697387695312,89.22051853015489,87.61697387695312,88.74840773892248,10619600
2018-11-23,86.81114959716797,87.41349431666329,86.33089716459313,86.88440496932026,6488400
2018-11-26,88.9356460571289,89.5217138996438,87.46233489464345,87.68211344068044,13948300
2018-11-27,89.31005859375,89.56239089245491,88.42281545573873,88.52863703404971,9238200
2018-11-28,90.30311584472656,90.67754661540859,88.61817427156419,89.3751773673436,13977300
2018-11-29,89.58682250976562,90.18917342965409,89.24495169157213,89.75775791886237,11144300
2018-11-30,90.506591796875,90.61240714080411,89.19608127583606,89.41585351636115,18652700
2018-12-03,91.36128234863281,91.89037156872477,90.95429159628301,91.47523926247588,16034500
2018-12-04,87.28325653076172,90.84035242659981,86.87626569891299,90.84035242659981,23555900
2018-12-06,85.62271118164062,85.76108653845384,83.74240979891762,85.47619427143086,27213900
2018-12-07,84.07616424560547,87.07975848106373,83.76685345842311,85.59831214634897,19248600
2018-12-10,82.50518035888672,84.23895903389628,80.81209704017515,83.73429438652886,23636400
2018-12-11,81.69933319091797,84.3773333268226,81.56909315759401,83.94591787407691,16860700
2018-12-12,82.2284164428711,83.75870578711597,81.44699487163794,82.74937036721315,22621500
2018-12-13,82.30982971191406,83.0017128978316,81.94353422982546,82.6598420826988,17250900
2018-12-14,81.63422393798828,82.97729496034347,81.28421156501314,81.390026948401,19879500
2018-12-17,80.59231567382812,81.8539833606969,80.12834643488141,81.21093718563277,25113500
2018-12-18,80.2097396850586,82.12259501404445,79.86786893727786,80.92604118662575,20837200
2018-12-19,79.1922607421875,81.87026061774198,78.63061152090695,80.1039222562654,28767900
2018-12-20,78.50852966308594,79.99811761106645,77.8899080646246,78.63876971130136,31825200
2018-12-21,76.65264892578125,80.12021242287003,76.26194121945935,78.69574456443958,41313900
2018-12-24,75.0002670288086,76.69335031275571,75.0002670288086,75.61075325242719,17009300
2018-12-26,78.10966491699219,78.10966491699219,74.16185583741894,75.44794811304804,22542900
2018-12-27,78.98876953125,79.07830799762863,76.1479756903079,77.1817295155161,20304700
2018-12-28,78.8178482055664,80.03067917977322,78.50039584460077,79.72950372005747,17963300
2018-12-31,79.46089172363281,80.42952567414004,78.76900234588695,79.4364670573251,13237200
2019-01-02,80.83650207519531,81.21907437996549,78.0933883506864,78.10152369448305,15670900
2019-01-03,79.68769073486328,81.14834351358361,79.34304359259403,80.9431955107157,16286400
2019-01-04,82.6253890991211,82.82232937517735,80.64775988585366,81.32885257212888,16935200
2019-01-07,82.68280792236328,83.26542718280292,81.821184274033,82.41201120310328,15430700
2019-01-08,82.52694702148438,83.5526871436867,81.68994583644047,83.39677264171327,13578800
2019-01-09,82.38744354248047,83.28188587698907,82.00176427507931,82.72388302937857,14230300
2019-01-10,82.37922668457031,82.65823120757986,81.46016143196572,82.07560540436401,14376100
2019-01-11,81.98534393310547,82.19869333038655,81.19757015941336,81.9689285883179,15439900
2019-01-14,82.8305435180664,83.17519059324879,80.9595950977975,81.13191863538869,21258500
2019-01-15,83.43778228759766,84.08605062157619,80.91035780437937,81.1483301999375,26504900
2019-01-16,84.11067199707031,84.89023181864901,83.53626015597227,83.90552401658965,18533000
2019-01-17,84.45532989501953,84.93127477310854,83.63473786822622,83.79065235671546,14247600
2019-01-18,85.8257064819336,86.08009423605688,84.38146920071674,85.15282135345633,16428700
2019-01-22,84.47173309326172,85.0051128254735,83.80704938992832,84.58661545964144,17083700
2019-01-23,84.2583999633789,85.09540117936412,83.67578030370488,84.88205173370619,12146700
2019-01-24,84.30760192871094,84.59480781391044,83.65113222834336,83.80704041709808,11296800
2019-01-25,84.84098815917969,85.59593113450357,84.30760222160261,84.93946143185536,14369400
2019-01-28,85.24307250976562,85.53848605369262,84.18450835413033,84.43068839427565,12283100
2019-01-29,85.48104858398438,86.25240689996124,85.11999243957247,85.24307620436133,9743300
2019-01-30,85.67799377441406,86.35908021774732,85.16101692799865,85.45643048005927,12526300
2019-01-31,84.93128204345703,85.17746217681685,84.29942888341077,84.85743175982161,17520600
2019-02-01,85.24307250976562,86.03904754420121,84.94765896583864,85.34154577794746,13000800
2019-02-04,85.54671478271484,85.54671478271484,84.52918247016743,85.16924321936048,9871500
2019-02-05,85.16922760009766,85.79287914982503,84.7589316811805,85.76825613577013,12763000
2019-02-06,85.12820434570312,85.8503292447961,84.9066472811484,85.10358758971033,8745000
2019-02-07,84.01219940185547,84.9312646157719,83.24084724614127,84.7261166336082,13177500
2019-02-08,83.17520141601562,83.97937802941406,82.1084293656971,83.7660286278462,12892600
2019-02-11,82.78131103515625,83.70858391602637,82.69104542267121,83.50343593503663,10978500
2019-02-12,84.19273376464844,84.45532294117655,83.61011422487107,83.6593477390264,12852300
2019-02-13,84.59481811523438,85.21846972805314,84.43890990749432,84.43890990749432,10754100
2019-02-14,84.0450439453125,84.60304684077293,83.16701062193133,84.08607605581354,11518500
2019-02-15,86.61348724365234,86.73657103393329,85.06256887991195,85.25950920498151,14716900
2019-02-19,86.30986022949219,86.46577470100249,85.18564702138767,86.08830316105826,12764900
2019-02-20,86.72835540771484,86.8186210128739,86.06367174603278,86.33446856150995,10030300
2019-02-21,86.54783630371094,86.97454137455297,86.129332644944,86.53142095832091,8400100
2019-02-22,86.16215515136719,87.05659737593628,85.98162391982707,86.73656701479507,10647300
2019-02-25,87.06481170654297,88.02490286338751,86.7283722352695,86.77760575286557,11230700
2019-02-26,86.40011596679688,86.54782274907456,85.29231823002375,85.751847659057,15465400
2019-02-27,86.2934341430664,86.47395907481216,85.7600482367046,86.30984322390933,9968800
2019-02-28,85.63697814941406,86.33448006901565,85.4892713449768,86.1703641799164,15156900
2019-03-01,85.69442749023438,86.90890647123044,85.5056885652544,86.2442226577101,13813300
2019-03-04,85.49747467041016,86.91709519473416,84.74252534132816,86.09650326972205,12466300
2019-03-05,85.43182373046875,85.79288617206726,84.73432186334206,85.44823281389624,10856600
2019-03-06,85.11178588867188,85.80928769433761,84.9722867796625,85.22666824439946,9070800
2019-03-07,84.49634552001953,84.90664145339004,83.83166811135744,84.72611024100796,12705700
2019-03-08,84.52919006347656,84.70972131882415,83.69218265425059,83.69218265425059,10582400
2019-03-11,85.6287612915039,85.79288342361788,85.06255715241348,85.32514630317664,9763200
2019-03-12,85.37438201904297,85.98982594398363,85.13640961679158,85.82570380762785,10219100
2019-03-13,85.66158294677734,86.14573539507725,85.30052052842615,85.4974670805917,13022200
2019-03-14,86.44114685058594,86.87606581202667,85.71902823984651,85.75185266678275,10926500
2019-03-15,87.4340591430664,87.63920709388485,86.35087821316979,86.49858498818382,24811700
2019-03-18,87.95925903320312,88.45161298415665,87.39304854626549,87.43408065077001,12935500
2019-03-19,87.63922119140625,88.95216703571916,87.434073207588,88.78804489229279,12889300
2019-03-20,85.76826477050781,87.51612956785763,85.67800541902854,87.33559834366005,14920700
2019-03-21,84.41431427001953,84.92307738142989,83.93016166007297,84.92307738142989,19751000
2019-03-22,81.86226654052734,83.96298023336107,81.6653199363587,83.55268419894068,31115200
2019-03-25,81.18113708496094,82.52690697134126,80.49183680183418,81.72272435112968,21032300
2019-03-26,81.9935531616211,82.3874400860178,81.09090319146145,81.91149521171936,15987100
2019-03-27,81.71453857421875,82.4284494825898,81.30424264596172,81.96071237480155,12753200
2019-03-28,82.64181518554688,82.7156717171521,81.8458399860648,82.05919564772242,12454100
2019-03-29,83.06851959228516,83.69216491963469,82.54333502409824,83.32290107421406,14523400
2019-04-01,85.86675262451172,85.89957705817356,83.79886338878043,83.82348014887167,17499300
2019-04-02,86.27703094482422,86.52321101644593,85.6123535163126,85.83391057227671,10295400
2019-04-03,86.44934844970703,87.27814795492378,85.98981902611858,86.8268199420288,11499200
2019-04-04,87.28450012207031,87.42507298555215,86.36667281389943,86.44936496013288,11952100
2019-04-05,87.07776641845703,87.73926561596922,86.81316800115694,87.48293767348208,9933700
2019-04-08,87.3589096069336,87.3589096069336,86.74702692300829,86.91239857535865,8056300
2019-04-09,86.71395874023438,86.9868213590752,86.20129648050445,86.8876008825966,9092200
2019-04-10,87.10256958007812,87.41678453068222,86.38319600058718,86.928927464045,10882300
2019-04-11,87.8385009765625,88.2519364383003,87.28449266335524,87.40852456358148,11183800
2019-04-12,91.956298828125,92.48549562345657,90.02968839371795,90.49274032102564,25834100
2019-04-15,90.90619659423828,91.78267780499951,90.22816265018199,91.71652661325625,15163800
2019-04-16,91.86536407470703,92.10515741451633,90.84004583193872,90.87312142796672,11583200
2019-04-17,94.5113525390625,94.80902658710086,91.79094634414366,92.36148301244658,17791900
2019-04-18,93.81678009033203,95.04881607700833,93.70928913462366,94.701531781466,12501900
2019-04-22,93.93254089355469,94.20540982759393,93.1552864718556,93.29585302265465,7975900
2019-04-23,94.04830169677734,94.56923444165184,93.31238704336002,93.43641894968846,9193100
2019-04-24,93.89122772216797,94.38734918278105,93.27933848916943,93.65143431602422,9245700
2019-04-25,93.94081115722656,94.38732223686529,93.0229838782789,93.44468983824738,9311800
2019-04-26,94.65191650390625,94.74287281102029,93.93253652269281,94.22194008690815,7889300
2019-04-29,96.01626586914062,96.87621249373164,94.63538646039359,94.7594183760748,14242200
2019-04-30,95.95835876464844,96.5123606860326,95.30513007629791,96.27256739725657,11389100
2019-05-01,95.22247314453125,96.74391284841408,95.18112706862173,95.6855189137955,10412900
2019-05-02,95.4291763305664,95.73511453487414,94.74287194986205,95.23072276674438,8613300
2019-05-03,96.01626586914062,96.47931162525684,95.64417012209701,95.91703907489061,8185400
2019-05-06,95.16456604003906,95.47878101020709,94.03175697797815,94.41211682371257,9387000
2019-05-07,93.61004638671875,94.28808021845047,92.84932673326828,94.28808021845047,15017700
2019-05-08,93.11392211914062,93.99040315619254,92.98989023633504,93.15526818291703,9575800
2019-05-09,93.03954315185547,93.22145582229395,91.43541733945337,91.89846318527749,12205900
2019-05-10,93.03125762939453,93.30412026389773,91.4023207561062,92.40283390535143,13189000
2019-05-13,90.50101470947266,91.32788558414494,90.11239069753694,91.02194739797164,13783700
2019-05-14,91.22041320800781,92.3780339298696,90.54237920511419,90.58372528067281,10503600
2019-05-15,90.87310791015625,91.69997876228047,89.80644375389313,90.30256500346287,10142000
2019-05-16,92.03901672363281,92.7501263480564,91.44366854425255,91.46847997549807,9672700
2019-05-17,91.59248352050781,92.4028197490916,90.81522919228051,90.95579572617518,9570100
2019-05-20,92.07207489013672,92.45243475304954,91.26174492826463,91.43538706295152,8518200
2019-05-21,92.38629913330078,92.54340033270033,91.9645931590703,92.14650578750404,7967900
2019-05-22,91.63385772705078,92.43592372684998,91.57597700070063,92.11344449310972,7918900
2019-05-23,89.83126831054688,90.78217125798015,88.88863583981137,90.65813934161488,14558000
2019-05-24,90.71601867675781,90.92273643136947,90.28604852291666,90.55891116452487,8537300
2019-05-28,89.7320556640625,90.81526117535097,89.66591076562705,90.29432830618492,11665500
2019-05-29,89.48397064208984,89.6328076578192,88.52479736105079,88.847276510377,9966400
2019-05-30,88.5248031616211,90.27777187190486,88.09483303718724,89.83953127146512,10367800
2019-05-31,87.61524963378906,88.13617608814674,86.68915185085038,87.28449997498774,10952800
2019-06-03,88.0286865234375,88.35943618747376,87.06951943710996,87.48295494002402,11680700
2019-06-04,90.74081420898438,90.873116586047,88.58268057421567,89.17802865394836,12858600
2019-06-05,91.06330871582031,91.2700264834288,89.83127258726091,90.84005630255442,8340500
2019-06-06,91.26173400878906,91.67516941577338,90.07103801794662,91.07982142035218,8726700
2019-06-07,90.26124572753906,90.97234901788336,90.09586773447322,90.70775053750339,10618900
2019-06-10,91.23694610595703,91.95632617063337,91.13772562015706,91.57596625517442,11380600
2019-06-11,91.51808166503906,92.25399634338291,91.26175367619626,91.63384309926,9847700
2019-06-12,90.3521957397461,91.69999957202491,90.03798701570324,91.53462157895598,9670500
2019-06-13,90.57545471191406,91.08811702910364,90.1702896676576,90.50930351449757,8406900
2019-06-14,90.8069839477539,91.20388485149695,89.82300532004628,90.60026617275824,9077400
2019-06-17,90.31082916259766,91.26173183774513,90.17852680741868,90.70772361108756,8128600
2019-06-18,91.54288482666016,92.12169829390479,90.11240157359929,90.13720669346944,11057300
2019-06-19,90.88138580322266,92.27052289199612,90.7077373586015,91.63383505964163,13126500
2019-06-20,91.1129379272461,91.85711694719743,90.1537643242021,91.68347475530702,13638000
2019-06-21,90.4927749633789,92.33669397872735,90.2033650323237,91.11292828673864,27089500
2019-06-24,89.84780883789062,90.76562987418058,89.74858204356387,90.36046483726561,13039600
2019-06-25,89.1036376953125,90.11242151678964,89.02921601070656,89.86435764613823,18660100
2019-06-26,89.69896697998047,90.38526510114964,89.43436851785471,89.55012995075192,10324600
2019-06-27,89.99662780761719,90.58371171168537,89.66588448679359,89.99662780761719,10906600
2019-06-28,92.44416046142578,92.96508680843372,91.69997545961178,91.81573687005799,21634700
2019-07-01,93.99871063232422,94.69327935580792,93.50258921433212,93.62662114596168,12724500
2019-07-02,94.09791564941406,94.42865897913568,93.61832898938324,93.85812231939866,10174900
2019-07-03,93.9480209350586,94.82238460245136,93.48169703414867,94.38103507830543,6849400
2019-07-05,94.50595092773438,95.15547535937995,94.03129796974821,94.52260898418977,7929400
2019-07-08,93.9896469116211,94.49760952868192,93.68153646011649,94.06458909126,6917200
2019-07-09,94.38937377929688,94.50595476647189,93.3901063597432,93.4983583183522,8947300
2019-07-10,94.11456298828125,94.78907446014506,93.88140103877242,94.4060217783539,9242300
2019-07-11,95.01392364501953,95.23043392941665,94.19785668205668,94.40603793734952,11595200
2019-07-12,96.01319885253906,96.05483129227913,94.87236327010584,95.03890573544174,10783400
2019-07-15,94.84737396240234,96.23802311713915,94.53926344087432,96.21304238491554,12946600
2019-07-16,95.86329650878906,96.17972969596612,94.03129784552509,94.49762812785454,16945000
2019-07-17,94.92231750488281,95.71341003790747,94.70581358708381,95.28871852452318,13120900
2019-07-18,95.48855590820312,95.82164711494562,94.55590815314773,94.87234130530062,9397200
2019-07-19,94.5475845336914,95.86329138132629,94.4310035576414,95.67176186170887,10402800
2019-07-22,95.15548706054688,95.30537782114214,93.90639950664888,94.02298685661216,9061100
2019-07-23,96.89585876464844,96.97080094752782,95.61346180327294,95.66342325852585,12752200
2019-07-24,97.2872543334961,97.3288867677573,96.19638036358627,96.24634817916147,10011000
2019-07-25,96.3545913696289,97.6286593701615,96.02982918726516,97.33720694408973,10138400
2019-07-26,96.77928161621094,97.02077258143198,96.20469944540268,96.40455162748047,12800400
2019-07-29,96.47118377685547,97.57870948041335,96.42122231308771,96.97914650245158,8500400
2019-07-30,96.25468444824219,96.66272429266384,95.56352749257334,95.9215995143628,7121100
2019-07-31,96.5960922241211,96.74598296618255,95.64678630879418,96.67936344678034,13648000
2019-08-01,94.0479736328125,97.2622929862526,93.76484379874971,96.038186088286,15664500
2019-08-02,94.03963470458984,94.4559972054774,92.76556646838395,93.59829147015905,11025500
2019-08-05,91.24166107177734,92.41580615351933,90.15911623129975,92.25758639984693,15855300
2019-08-06,91.95783233642578,92.01612283884775,90.21743358721862,91.64139908801914,10203500
2019-08-07,89.95926666259766,90.1674478800352,88.21887473434941,89.934285933015,17320900
2019-08-08,91.483154296875,91.66635478392459,90.5338484577876,90.808649188362,10903300
2019-08-09,91.38323974609375,91.9744737338729,90.17579103703862,91.05847750425995,9980800
2019-08-12,89.66783905029297,90.35900240827527,89.27645723665991,90.30071190538449,9393700
2019-08-13,91.05013275146484,91.87453493361518,89.12654036615365,89.89264570929555,12124700
2019-08-14,87.26957702636719,89.02662717358727,86.97811821223556,88.51866444743244,19491800
2019-08-15,87.6026382446289,88.58525367106968,86.88649447519653,87.28620513730186,13365600
2019-08-16,89.70114135742188,89.9176516443783,88.16060132068209,88.57696383618949,11830600
2019-08-19,90.50887298583984,91.39155936214922,90.28403370115058,91.29163008526656,8265400
2019-08-20,89.35971069335938,90.30069393543869,89.30142020206848,89.80938292039791,8374000
2019-08-21,89.60955047607422,90.29238481885785,89.47631140763426,90.10918427634714,8189300
2019-08-22,90.53388214111328,90.99187717594876,89.87602848976412,90.24242960018363,9343400
2019-08-23,88.28547668457031,90.58379881212034,87.52770045298097,89.93427451270497,14762300
2019-08-26,88.99333190917969,89.09325485310129,88.27718782952996,88.78515063842542,8209500
2019-08-27,88.0523452758789,89.56790461736027,87.30289145796219,89.39303311871103,14331800
2019-08-28,88.93501281738281,89.27642668800695,87.46941536352861,87.50272511852371,10585500
2019-08-29,90.95021057128906,91.50813470484422,89.95093692358027,90.0508661943071,10002200
2019-08-30,91.483154296875,92.06605916186321,91.15839210735491,91.46649624176874,10170300
2019-09-03,90.40061950683594,90.75869149329705,89.36804233667327,90.75036881800271,9868800
2019-09-04,91.49149322509766,91.78294568913103,90.40061921230529,91.14174391507038,6929200
2019-09-05,93.57330322265625,94.6974806141434,92.59901022039278,92.64064900841296,13224700
2019-09-06,93.77313232421875,94.08124276136914,93.23185997925098,93.81477110197993,7836600
2019-09-09,96.09647369384766,96.64606893264498,94.5975660367858,94.68916630211669,13985100
2019-09-10,97.32057189941406,97.65365681297006,96.37126591876701,96.84591890909053,14333100
2019-09-11,97.58704376220703,97.59536643782492,96.079807207806,97.33722372354525,9919200
2019-09-12,98.18661499023438,98.65293899136563,96.52948754457947,97.05410839904016,12283500
2019-09-13,100.11852264404297,100.26008435951984,98.88608693359457,99.09426816924424,16257200
2019-09-16,99.22749328613281,99.81872715003436,98.57796258536986,99.01098305254517,11993900
2019-09-17,98.73619842529297,98.76950818613354,97.62867270179623,98.61128841043764,10735400
2019-09-18,99.72712707519531,99.99359876574736,98.05334839378504,98.52800129111796,10665600
2019-09-19,99.41069793701172,100.21011309199562,99.16920694959154,99.67716965533968,9382600
2019-09-20,99.01097869873047,100.21009807491771,98.98599797156618,99.7104644720742,21862800
2019-09-23,98.99433898925781,99.19419754997867,97.99507159840206,98.07834282210885,9135100
2019-09-24,97.70362091064453,99.3107803347605,97.46212991028452,98.88608882701101,11696500
2019-09-25,98.26152801513672,98.56130945631915,97.52873246623864,97.65363610574288,9389400
2019-09-26,97.45378112792969,98.3031639712588,97.38716161998506,98.16159592857997,9899200
2019-09-27,98.02837371826172,98.7944790817539,97.66197273868431,98.22822591021911,10207800
2019-09-30,98.00338745117188,98.90272544076036,97.61200576386139,98.56131156350601,9755000
2019-10-01,96.22137451171875,99.0942731673112,96.10479352212985,98.59463944718914,11250300
2019-10-02,94.30608367919922,95.68008087099032,94.03961199710288,95.60513233527064,12548700
2019-10-03,94.17179870605469,94.77616459025707,92.77000312305395,94.23894549001457,12735200
2019-10-04,96.21154022216797,96.48014659777355,94.23895514685069,94.29771259138687,9453100
2019-10-07,96.00167846679688,96.95019320305482,95.74985722152046,95.85058700044708,6771600
2019-10-08,93.86122131347656,94.90207012618585,93.72692133961759,94.90207012618585,10806300
2019-10-09,94.54113006591797,94.98601514131332,94.07107054967305,94.5747066605184,7273700
2019-10-10,95.86736297607422,96.86624570882277,94.85169515047463,94.96921001267097,10994100
2019-10-11,97.48741912841797,99.04029994106978,97.26078510013997,97.39508508620959,15076500
2019-10-14,97.74761962890625,98.10017066449198,97.08450270949044,97.243983526173,8779000
2019-10-15,100.69390106201172,102.0621136613753,98.939567233455,99.7621713813637,23379000
2019-10-16,100.45887756347656,101.24791157024299,100.20705629201636,100.69390733466291,11087700
2019-10-17,101.02125549316406,102.04531911245131,100.6267385509062,101.35701500172905,10818500
2019-10-18,101.19754028320312,101.58366152427676,100.60996587376081,100.72748075564928,10417400
2019-10-21,103.70732879638672,103.89199044870072,102.39786730744612,102.44823539815012,12714600
2019-10-22,104.7481689453125,105.00837951027749,103.34637994735056,103.62337560511861,12549100
2019-10-23,105.0251693725586,105.05035021341108,104.22773978911233,104.25292062996482,8828300
2019-10-24,104.94966125488281,105.47848473473269,104.1438420138681,105.1679059672666,8020500
2019-10-25,105.78900909423828,106.30943658635846,104.71458392709391,104.92443279267927,9055700
2019-10-28,106.19194030761719,106.7795146723951,106.09960627828347,106.24230199486092,9522200
2019-10-29,106.12479400634766,106.95579392017875,105.71349192432146,105.814215305343,9797300
2019-10-30,105.53722381591797,105.98210251073534,104.85730894648071,105.80583018283116,8513700
2019-10-31,104.8572998046875,105.5372146148476,103.96754249262462,105.33575505416589,11589100
2019-11-01,107.2747802734375,107.4342611124434,105.7806504470059,105.93174193938296,11682600
2019-11-04,108.13094329833984,108.63457295461959,107.91269225327468,108.34918153524508,9159900
2019-11-05,108.36599731445312,109.37326966087188,108.14774622048448,108.60941644830723,13747600
2019-11-06,108.53385925292969,108.98712726477348,107.9294933650306,108.02182739813077,11231100
2019-11-07,109.12142181396484,110.20423644099009,109.05426863279247,109.4823557535867,13528900
2019-11-08,109.44039154052734,109.45717022898287,108.49187050826582,109.02069378227488,9293400
2019-11-11,109.05426788330078,109.20536574194008,108.5758190819554,108.78566796861696,8679000
2019-11-12,108.41632843017578,109.64183871672772,108.29041141728838,108.8108453492031,9099000
2019-11-13,107.84554290771484,108.13094714540334,106.95578562262106,107.55176213313956,8023300
2019-11-14,107.94629669189453,108.14774347115944,107.09849880194648,107.20762434615662,8483400
2019-11-15,108.72689819335938,108.72689819335938,107.77837717884988,108.47507698148902,10163600
2019-11-18,109.6418685913086,109.66704943911537,108.27366223054402,108.75211114703542,8749300
2019-11-19,109.60829162597656,110.17068520585752,109.27252566235683,109.9524469356261,8824500
2019-11-20,108.81087493896484,109.6418685324678,108.23168982339449,109.37326855328546,11782800
2019-11-21,109.06266784667969,109.72579756566499,108.60939984294865,109.12143168858304,7705500
2019-11-22,109.7845458984375,110.14549267000164,109.2053736879638,109.2473332218215,8167900
2019-11-25,110.37212371826172,110.85897466646793,109.8516897760223,110.1706641785407,10068500
2019-11-26,110.52320861816406,110.64912563338,109.42360251600579,110.64912563338,10490700
2019-11-27,110.85057830810547,111.16115057426966,110.50642304615266,111.04363570532969,6607900
2019-11-29,110.59877014160156,111.14438501828018,110.33855953021155,110.69110417869108,5712000
2019-12-02,110.3553466796875,111.4213827371211,110.25462330071022,111.06043594885068,8615600
2019-12-03,108.93678283691406,109.08788073691139,107.93789981368852,108.92839349008874,10361300
2019-12-04,111.08560180664062,111.19472732458425,109.11302998821597,109.44039373388743,10318200
2019-12-05,111.6899642944336,111.89981317152615,110.95129214845694,111.37098990264204,9587400
2019-12-06,113.35197448730469,113.97313183292056,113.02461072054395,113.05819371660978,10170600
2019-12-09,112.82317352294922,113.7045415259284,112.82317352294922,113.00784159245576,8498200
2019-12-10,112.89871215820312,113.125352564434,111.53889533713958,111.84946762141685,7532900
2019-12-11,112.63009643554688,113.3351984798555,112.48740071929028,112.72243046467298,9011900
2019-12-12,115.85338592529297,116.23111138896554,112.6552906936856,112.89032044033345,13717400
2019-12-13,114.83771514892578,116.53329792343122,114.34247479662203,115.7946256636148,10592100
2019-12-16,115.28260040283203,116.5416939314121,115.26582171099406,116.15557908855143,11372000
2019-12-17,115.98767852783203,116.39898698513771,115.1902552648733,115.60995306728952,11546800
2019-12-18,115.87017059326172,116.69278755712763,115.60157064387623,115.96250462764824,10381500
2019-12-19,115.29102325439453,116.02129353346011,115.08117429529163,115.63516581311863,9350400
2019-12-20,115.19867706298828,116.57528557734031,114.91327277447326,115.85340472175555,29992600
2019-12-23,115.16508483886719,115.76106140779909,114.89648488126751,115.50085079606883,9738400
2019-12-24,115.48404693603516,115.52601927721331,115.04755764247082,115.27419803830465,3324300
2019-12-26,116.70957946777344,116.75995397164019,115.65194543350027,115.74427947834526,6770900
2019-12-27,116.79349517822266,117.32231846818806,116.3989782489087,116.9278015388741,7868200
2019-12-30,116.36540985107422,117.58253084380333,116.23110348835881,117.43143298370856,6963000
2019-12-31,117.01176452636719,117.07891772455169,116.08003471482193,116.26470280778858,7201600
2020-01-02,118.43033599853516,118.43873815274173,116.8942403336752,117.33911902911879,10803700
2020-01-03,116.86749267578125,117.61935041688703,115.80306877309792,116.15787674065903,10386800
2020-01-06,116.77454376220703,116.80834235675412,115.31307036252512,115.36375536395883,10259000
2020-01-07,114.789306640625,116.46197611772448,114.7386216398624,115.97199962637478,10531300
2020-01-08,115.68479919433594,116.22546079471569,114.55279098266419,114.63726170405485,9695300
2020-01-09,116.1071548461914,116.7745287633272,115.76923339605881,116.6224737785565,9469000
2020-01-10,114.94982147216797,115.94666089392479,114.73016927454297,115.91287518911405,10190900
2020-01-13,115.90441131591797,115.90441131591797,114.6879197781839,115.05118375505081,12355200
2020-01-14,117.25607299804688,118.91184314270954,116.31836183281926,116.52955792507424,24906000
2020-01-15,115.4989013671875,117.08709985015321,115.01736816699216,116.45351167540214,16293400
2020-01-16,115.94667053222656,116.49577529116013,115.60030579978502,116.11562485109933,10783800
2020-01-17,116.74923706054688,116.82526458600991,116.00583532759018,116.1916760930362,14697700
2020-01-21,115.60030364990234,116.63939782790237,115.47359113570137,115.89598337022196,8474200
2020-01-22,115.46513366699219,116.07337950869403,115.2117086416063,115.93822379195085,7549100
2020-01-23,115.34688568115234,115.51585291649505,113.8093843845777,114.64572579411917,9345700
2020-01-24,112.48302459716797,115.25391607506891,111.78186497040858,115.2032310794367,15166400
2020-01-27,111.53687286376953,112.30562968952641,109.57697994216662,110.05005709943677,12860500
2020-01-28,113.56438446044922,114.02057535049367,111.91705711393233,112.22118007716543,13062800
2020-01-29,113.39539337158203,114.50205874594496,112.93921551977509,113.88536981412163,9326000
2020-01-30,114.79774475097656,115.00049763541861,112.0944374103468,112.0944374103468,9048900
2020-01-31,111.81565856933594,113.90227697282953,111.06380100344782,113.61505338370068,12785200
2020-02-03,112.66890716552734,113.40387846246576,112.06911737570073,112.06911737570073,10021100
2020-02-04,114.29086303710938,115.39754130541041,114.11346555154266,114.5105152064203,9157100
2020-02-05,116.23387908935547,116.35214838626727,114.89911822970134,115.37220830773515,10150700
2020-02-06,116.25081634521484,116.8252637205344,115.8284240196949,116.78303480029503,8992300
2020-02-07,115.87908172607422,116.30147395204536,115.14412337780853,115.50737450475758,6379800
2020-02-10,116.3606185913086,116.45354539946503,115.5242773179007,115.69323163535199,5960700
2020-02-11,116.58026885986328,117.2729983839537,116.39441522610191,116.79990820413155,6578600
2020-02-12,116.58026885986328,117.6700352665646,116.41131452655004,117.08714475019234,7958000
2020-02-13,116.47886657714844,116.86746014710235,115.22857649806303,116.36904049023784,7447500
2020-02-14,116.12406921386719,116.74075821612388,115.68477771686867,116.44507852017765,6627600
2020-02-18,114.58655548095703,116.3352653760463,114.08813577873441,116.02268638263615,8996400
2020-02-19,116.14945220947266,116.90975327785632,115.17794207721414,115.65947554014419,7071200
2020-02-20,116.14945220947266,116.88441076826963,115.33845323152416,115.879114920026,7422800
2020-02-21,114.73016357421875,115.66787474337015,113.97830599826035,115.35530865044852,9772800
2020-02-24,111.64673614501953,112.52530645972928,110.49782857015904,111.03849020007046,13618400
2020-02-25,106.66246032714844,111.70581684395908,106.09644998598533,110.66673583436396,20797200
2020-02-26,106.98350524902344,108.9349553210869,106.73006732879965,107.2284935198547,24825600
2020-02-27,102.53148651123047,106.1218202659605,102.47235186013677,103.83245528048528,23005500
2020-02-28,98.08792877197266,100.09851356091063,95.17342482619856,99.27907156500238,45931400
2020-03-02,102.658203125,102.70889457453276,96.69402699388195,98.52720769633696,27355400
2020-03-03,98.80597686767578,103.86623332285569,98.19773110404414,102.19356391806178,32547700
2020-03-04,101.24742889404297,101.53465899783667,96.89678709233927,99.96335919026838,25795900
2020-03-05,96.28007507324219,98.35824383691954,95.10582532195937,97.71620591511243,25025600
2020-03-06,91.30429077148438,93.1966058419524,88.71924637184546,89.76678356825545,38159400
2020-03-09,78.93666076660156,83.82796348669613,78.56495354757038,81.58083376465324,40352000
2020-03-10,85.06978607177734,85.55976256814627,79.89970969484305,83.63365517711637,31102700
2020-03-11,81.06550598144531,84.52067734698714,79.87436339167475,82.53542895538097,38127000
2020-03-12,74.38325500488281,81.91027924137647,72.92177543193547,75.68421706437178,49725200
2020-03-13,87.78157043457031,87.84914830387943,77.72018280589604,81.09087153814934,38543300
2020-03-16,74.64514923095703,79.392839823977,71.42652276687465,71.97562746432985,38589700
2020-03-17,79.20700073242188,82.31580811538095,73.9186476768307,76.78246676835178,35239800
2020-03-18,70.86896514892578,76.69797899113337,67.8868771493327,74.06224925551773,41525600
2020-03-19,72.06011962890625,74.43396198511736,64.97237826812727,68.90062099340632,32175100
2020-03-20,70.53950500488281,75.5744197982751,69.67782765987027,72.90490415797451,30150800
2020-03-23,66.76329040527344,70.75067262820723,65.96919124107464,69.8467538446754,32536600
2020-03-24,74.70427703857422,76.11506529410134,70.03262082002966,71.72218944562655,34363200
2020-03-25,77.49207305908203,80.38123405625979,71.41807137921273,75.38855533824461,38111700
2020-03-26,82.89027404785156,83.27042457084765,79.02115871673719,79.47734321144982,29826300
2020-03-27,76.98519897460938,80.11934828133542,76.49522892781172,78.72545919699249,30041500
2020-03-30,78.98734283447266,79.48576254583149,75.43925086811389,76.57970853978681,21656900
2020-03-31,76.055908203125,79.5533137102825,75.47300513686845,77.76237562064472,23379300
2020-04-01,71.2660140991211,73.12453724275669,70.32830287845948,71.89115276449763,28029600
2020-04-02,73.92708587646484,74.26500093111576,70.08331421454855,70.54794822034278,24018000
2020-04-03,71.74197387695312,74.66969527323113,70.6494077496429,73.40641914811846,21199400
2020-04-06,76.3597640991211,77.66571477042321,74.85749102387094,75.958588347875,26820800
2020-04-07,77.36693572998047,80.66168883180872,77.14500756693045,80.61900808470259,22563800
2020-04-08,80.49097442626953,80.96896750907784,77.29011393496243,78.61313236406896,22903300
2020-04-09,87.71211242675781,89.1034174031587,82.70169660201884,82.72730244327666,42055900
2020-04-13,83.81137084960938,88.01090013837725,83.05170013928158,88.01090013837725,26911900
2020-04-14,81.51527404785156,87.06343406157967,79.92764619987273,86.22693937877071,46151300
2020-04-15,77.49497985839844,78.55339607723606,76.93162519394345,77.80226303679781,30118600
2020-04-16,74.5416488647461,77.30719080932158,74.30265229711424,77.01698255210235,32449600
2020-04-17,81.24212646484375,81.68597635874839,77.64008956891074,78.52779586888889,30191900
2020-04-20,78.2802505493164,80.84093917642718,77.21329695468691,78.92896015825816,23679400
2020-04-21,76.0097885131836,77.99858537377659,75.39522210510532,75.64275615903512,23035000
2020-04-22,76.25730895996094,78.41682864080556,76.12074227763246,77.40962412398073,16662400
2020-04-23,76.29997253417969,77.91320558602476,76.18901172275744,76.59871818967565,16638800
2020-04-24,77.42670440673828,77.7595934792318,75.53179337120943,77.36695525301302,15809200
2020-04-27,80.76411437988281,81.62620811804958,78.13513939623397,78.47656581824259,22870200
2020-04-28,81.33599090576172,83.95642814849266,81.11406277915097,83.48696605607888,20238900
2020-04-29,83.5296630859375,84.88682492513158,83.02605760566651,84.57101083061536,20462600
2020-04-30,81.73719787597656,82.65904100250887,80.70438738734904,81.60062466483451,19127600
2020-05-01,79.59473419189453,80.01297815673456,78.39120747130265,79.8081249001838,18547700
2020-05-04,78.64728546142578,79.09967275864398,77.50351429579248,78.54485556855504,15725900
2020-05-05,78.52777862548828,80.4141516566622,78.4424236468071,79.93615856631368,18064100
2020-05-06,77.0511245727539,79.17650100540455,76.76091629581471,78.66436453822635,20978000
2020-05-07,77.85345458984375,79.30451511518146,77.31571242283333,77.96441539860778,16771900
2020-05-08,79.1252670288086,80.30318783191893,78.62166811490917,79.21062851646434,20487800
2020-05-11,76.79505157470703,77.76811271436878,76.24877186514843,77.76811271436878,31907600
2020-05-12,74.28557586669922,77.49497409567338,74.17461503748294,76.94869437740135,27962900
2020-05-13,71.72490692138672,74.14049207988324,71.1871645077421,73.73077892269947,35451600
2020-05-14,74.70382690429688,75.2074324337243,70.3335887455238,70.60672863044712,35152500
2020-05-15,73.32106018066406,74.49897473095109,72.80892370280748,74.13194239458961,26099000
2020-05-18,77.20476531982422,77.80226328513837,75.0111088244629,75.70249923415257,30504400
2020-05-19,75.68540954589844,77.84492232040947,75.61712296111405,76.8633303408442,19597300
2020-05-20,77.95589447021484,78.86066898198237,77.13647493862335,77.42668317365536,20552400
2020-05-21,76.96576690673828,78.32293533539423,76.53898544688656,77.05112189627496,14621400
2020-05-22,76.3682632446289,77.12793360060185,75.7280911573146,76.82918792895528,13557900
2020-05-26,81.78839874267578,83.22238470891614,79.04846255064243,79.28745912632111,41233900
2020-05-27,86.52568054199219,87.55849095338101,84.33202397138629,87.12317201563245,39402000
2020-05-28,85.23680877685547,87.87431553996544,84.84417054572111,87.86578459801883,24713900
2020-05-29,83.06021881103516,84.6563840685136,82.6078314337621,84.21253414519927,26526400
2020-06-01,84.16130828857422,84.93805372402795,83.11996041395957,83.435781060051,15176800
2020-06-02,84.44298553466797,85.71479254638183,83.58942255807662,85.59529425063253,21195000
2020-06-03,89.0009765625,89.55579359935453,86.26104117858728,86.70489741293744,25941100
2020-06-04,90.8532485961914,90.99835274453628,87.73774231658845,88.61691117230833,26784700
2020-06-05,94.9417953491211,98.81696482183277,93.49073464758878,98.09997517875863,42231000
2020-06-08,96.83670043945312,97.46834162228868,95.54782525516906,96.80256365696737,24881800
2020-06-09,94.35284423828125,95.28322467828036,93.04689403643462,94.44673667874312,17031100
2020-06-10,90.52886199951172,94.32722009473522,90.34961460581131,94.2845393529255,24913300
2020-06-11,82.97483825683594,86.7049100035138,82.40295274892327,85.3818850706008,36259200
2020-06-12,85.2453384399414,86.32082312216619,83.07728765665152,85.96232822809127,24856800
2020-06-15,86.42324829101562,86.57688988179751,81.8310819854638,82.30053769850898,22153600
2020-06-16,87.11463165283203,90.20453184286178,84.76733356566766,89.93992941511169,22193600
2020-06-17,84.91243743896484,87.52433774545361,84.68197181652883,87.51580029331984,15639800
2020-06-18,84.4515380859375,85.80016288080836,83.76014752301822,84.22107239424112,16591900
2020-06-19,83.48698425292969,85.8684254993703,82.56514128024949,85.80867635750984,40371200
2020-06-22,82.58222961425781,83.60650272553579,82.40298214539264,83.0090111626519,16216900
2020-06-23,83.58943176269531,85.33070120814529,83.521145154128,84.47713813756212,15381400
2020-06-24,80.79827880859375,82.65903994533741,80.4995265410837,82.58222239917932,22919800
2020-06-25,83.61502075195312,83.82841147656882,80.4568406325081,80.53365816752907,25743600
2020-06-26,79.03138732910156,81.40429770767952,78.52778833410405,81.18236952593689,41896300
2020-06-29,79.38134765625,80.65315452109901,78.68142635675687,79.72277410989327,18499700
2020-06-30,80.28611755371094,80.79826046047415,79.01431076282879,79.23623892161501,19137000
2020-07-01,79.60328674316406,81.69451347620564,79.40696438894483,80.99459208073914,18755700
2020-07-02,79.86186218261719,81.84418368253029,79.23268643061883,81.65456889218483,27845600
2020-07-06,81.8786392211914,82.05101267351205,80.56858388692766,81.38736764888928,18625300
2020-07-07,79.56879425048828,81.10294023298587,79.29299279942833,80.86161478526158,25757200
2020-07-08,80.4134521484375,80.44792158140113,79.12063141663386,79.54295101451434,18762200
2020-07-09,78.67245483398438,81.12019899297371,78.24151456291686,80.60306540719134,25600800
2020-07-10,82.97323608398438,83.46450772515624,79.18096699629886,79.29300909845152,28954200
2020-07-13,84.16263580322266,85.55887806559187,82.93876701810528,85.09346836188656,32079200
2020-07-14,84.64527130126953,86.14494132077255,83.29211936816543,84.78317531832177,42731700
2020-07-15,85.9553451538086,87.29987662953829,85.02451263570664,86.95512311443092,22508400
2020-07-16,86.19667053222656,87.23954514677276,84.93832579296522,85.1365546253524,16886900
2020-07-17,84.6021957397461,86.25700477447484,84.58495444684438,86.18805275412116,16137700
2020-07-20,83.86096954345703,84.80041606789035,83.82649353674032,83.97301163356693,14458100
2020-07-21,85.67953491210938,86.23113784973216,84.15400290053877,84.21433426635295,17798100
2020-07-22,85.0589828491211,86.30008621306567,84.05919838099464,85.88638728362612,14271200
2020-07-23,85.30892181396484,85.62781334208364,84.43842080012963,84.89521634358388,12870200
2020-07-24,84.70561981201172,86.01568193670552,84.41258357989379,85.84330188049486,12744200
2020-07-27,83.51622772216797,84.14539684969456,82.88705201901455,84.04197539071859,11959100
2020-07-28,83.87820434570312,84.36947593457877,83.17146264634471,83.17146264634471,11754300
2020-07-29,85.91224670410156,85.93810206645996,83.60240674944244,83.6627381201541,12743500
2020-07-30,83.61962890625,84.24018381214987,82.78361048785047,84.06781037190001,14834800
2020-07-31,83.2921371459961,83.54208329853255,82.09412368855965,83.15423967513655,14535000
2020-08-03,82.82672119140625,84.09368667726932,82.61125104960986,83.6196497350665,12962800
2020-08-04,82.3526840209961,82.69743095888643,81.90450248073653,82.66296152559846,13366200
2020-08-05,83.78339385986328,84.86936501754565,82.49919389024825,82.62847726686233,15260900
2020-08-06,83.80924987792969,84.55046756233465,83.20593621649576,84.10229263893027,10482100
2020-08-07,85.65367889404297,85.74848627196205,83.22317622733591,83.54207436902972,14743700
2020-08-10,86.73966217041016,87.94629631318904,86.21391448373956,86.28286650918453,14989900
2020-08-11,89.48043060302734,91.497234332761,89.21324976012238,89.51490661108382,31518600
2020-08-12,88.72196197509766,91.7299224415721,87.66184629144765,91.497217649155,19240800
2020-08-13,88.230712890625,89.08397278060286,87.60153720569076,87.91181472488756,13598600
2020-08-14,88.26517486572266,89.04086196474253,87.41190853579982,87.48086054590733,12134400
2020-08-17,85.93810272216797,87.91180982997491,85.78296397120766,87.48086958571032,14988000
2020-08-18,84.74009704589844,86.11049056613153,84.56772356282754,86.11049056613153,13246500
2020-08-19,84.93831634521484,86.69654658077009,84.75731567403574,85.25720788592186,13533000
2020-08-20,83.92129516601562,84.49013279883377,83.43002361128045,83.82648779794168,13672600
2020-08-21,83.87820434570312,84.95555489811692,83.55069214499467,83.8351076933562,12228300
2020-08-24,86.23977661132812,86.36906002526764,83.96441219825185,84.85214822467427,17898300
2020-08-25,86.61897277832031,87.89455855430094,86.01565918026363,87.28261773618267,13648900
2020-08-26,85.40374755859375,86.42076695416074,85.36927812031384,86.13635134677406,12052400
2020-08-27,88.21346282958984,88.47202959509588,85.32616463436042,85.32616463436042,22163900
2020-08-28,88.57545471191406,88.98916023874504,87.74805023387836,88.89435285917183,13756700
2020-08-31,86.35179138183594,88.06693137779533,86.20526672993236,88.01522066278525,14219400
2020-09-01,86.30870819091797,86.93788381600275,85.36064100605651,85.8002018790438,11595600
2020-09-02,87.61016082763672,87.86010698079092,85.80882702581052,86.1449599204183,14475700
2020-09-03,87.33434295654297,90.48882181734118,86.73964337330308,89.04948312013441,23281200
2020-09-04,89.22185516357422,90.67843512824653,87.36881758382903,89.67865729422999,26325500
2020-09-08,86.11909484863281,89.26495987430405,85.73987191385578,88.75645355410538,22108600
2020-09-09,86.93788146972656,87.64462316034533,85.80881363333344,86.8775501025625,13434000
2020-09-10,86.04154968261719,88.27381748284766,85.87779024955877,87.39470208436232,15922800
2020-09-11,87.11026763916016,87.36021378978315,85.83468152143364,86.16220034151809,13784300
2020-09-14,88.31689453125,89.17015437197527,87.3688273109301,87.48949005302757,19017400
2020-09-15,85.56749725341797,88.64441045685847,85.44683450627336,88.54098900252112,23683000
2020-09-16,85.92947387695312,87.16196312097415,85.11931076646512,85.69676906052986,19270600
2020-09-17,84.94692993164062,85.61919559005145,84.21433290838846,85.0675926613233,18290100
2020-09-18,84.76593780517578,85.74848095576165,83.98163004402863,84.3694736019241,20121600
2020-09-21,82.14582824707031,82.78362455071593,80.86162814486731,82.05102086613992,28378800
2020-09-22,81.24948120117188,82.44750128375279,80.73235415672725,81.84418091887811,19257000
2020-09-23,79.93079376220703,82.18030233791022,79.86184832137941,81.68903072802253,19952700
2020-09-24,79.86186218261719,81.27534588712126,78.75864945475517,79.56881934963947,18366500
2020-09-25,80.55996704101562,80.77543715439134,79.1809596305362,79.33609837519175,13293100
2020-09-28,82.87842559814453,83.54207063831569,81.31841754290303,81.93035186129163,20894100
2020-09-29,82.1802978515625,82.76637680817272,81.30118270446009,82.76637680817272,12848200
2020-09-30,82.97323608398438,83.77478524333074,82.10274147941993,82.18030757115025,16400600
2020-10-01,83.57654571533203,84.26604610872715,82.76637601307631,83.70582909397667,15778700
2020-10-02,84.36946105957031,84.97277463230267,81.95619361739134,82.09409762008717,15149600
2020-10-05,86.15271759033203,86.33539117324356,84.83919995704345,85.52640437083966,13871900
2020-10-06,85.26545715332031,87.73591466077771,84.8218240553781,87.04871009516987,19220400
2020-10-07,86.7529525756836,87.29227279214865,85.83087720510122,86.08314267010483,16358500
2020-10-08,88.53619384765625,88.6579762533266,86.90082537390921,87.43145155717716,15659000
2020-10-09,88.03165435791016,88.82324655418478,87.08349048674275,88.72755943954405,13689100
2020-10-12,89.11032104492188,89.59745069194823,87.72721131619534,87.94468085670977,16058000
2020-10-13,87.66630554199219,89.78881002842279,87.21397189301388,89.59743580270953,21697300
2020-10-14,87.17918395996094,88.66667470971969,87.07479619910933,87.88378309494055,15204100
2020-10-15,88.48400115966797,88.536191721804,86.15272759237254,86.20491815450858,17171200
2020-10-16,88.30133056640625,89.01463036537436,87.61412604939594,88.2143440809991,13275000
2020-10-19,86.81383514404297,88.6144825063631,86.60505962620653,88.37961170795786,11725700
2020-10-20,87.30968475341797,88.52750902774203,87.09221518491088,87.25748754405797,11257100
2020-10-21,86.43978881835938,87.84898708691107,86.40499289811025,87.30096627543465,10730500
2020-10-22,89.49307250976562,89.80622921258312,86.38760740402924,86.39630804484206,14837200
2020-10-23,90.30203247070312,90.85875385616163,89.5365422248583,90.03237241617735,15087600
2020-10-26,88.06645202636719,89.33647318445006,87.20527461412362,89.29298326388508,12410700
2020-10-27,86.40499877929688,87.78810186096393,86.25712108565517,87.43145526826079,10391700
2020-10-28,83.97802734375,85.5090145627241,83.5691836003328,84.81310947137875,16389500
2020-10-29,84.52604675292969,85.23065247156903,82.84718188617504,83.61267880157158,14208800
2020-10-30,85.2828598022461,85.6134111301312,83.70838237884257,85.16977802506952,15194500
2020-11-02,87.20529174804688,87.75331263866813,85.1262833285761,86.45719594625928,15011600
2020-11-03,89.95410919189453,91.11104217133472,89.32779581667165,89.61485058311207,17482600
2020-11-04,87.20529174804688,88.7884698464858,86.05705276057077,87.8577004144911,18886500
2020-11-05,90.77178192138672,91.42419052164102,87.85769150091285,87.90988206520728,17837400
2020-11-06,89.56265258789062,91.42419127842744,89.06682231305874,91.36330007403207,12552800
2020-11-09,101.68876647949219,103.42852294060704,95.99106141468334,98.43542375546778,47792400
2020-11-10,101.35819244384766,102.16717933554487,99.76632057801515,102.0801928536013,20539300
2020-11-11,99.84461212158203,101.74094673745647,99.13131231028854,101.68005553295495,14443400
2020-11-12,98.61808776855469,99.13131268893582,97.47854288475442,97.887386675102,22063000
2020-11-13,99.23570251464844,99.91420642051902,98.7920627928701,99.77502272872827,11847900
2020-11-16,102.0367202758789,103.1762586473258,100.67101170361819,102.46295875550767,19858600
2020-11-17,101.0015640258789,101.28862544085366,99.67065136672512,100.37525062471374,14553200
2020-11-18,100.2534408569336,103.17623150742506,100.20994430168788,102.07148271595247,12571200
2020-11-19,100.52312469482422,100.74929488964413,98.78336825975066,99.32269514381534,10202500
2020-11-20,99.66194152832031,100.60141154336574,99.24439708719666,99.5401591156267,12718900
2020-11-23,102.53253173828125,102.79349118044682,100.53180949846319,100.9493538972284,13209200
2020-11-24,107.27336883544922,107.42994716155528,104.1331083105646,104.44626496277671,20121600
2020-11-25,106.1512222290039,106.45567823308399,104.79421453273666,105.57710614083051,11715600
2020-11-27,105.44664001464844,106.42960002453792,105.3248575934814,106.12514397162032,5983600
2020-11-30,102.54122924804688,105.01168653223473,102.44554212498701,104.38537323098589,14411800
2020-12-01,104.1592025756836,105.75978174210854,104.06351545307238,104.6811281120627,12668900
2020-12-02,106.15994262695312,106.3948068347733,103.75037615338016,104.12442406705259,10811300
2020-12-03,105.46401977539062,106.02944187195281,104.69852943085066,105.99464595129508,12904400
2020-12-04,106.4208984375,107.2472867299486,105.85548290281493,106.54268749422808,13583700
2020-12-07,106.020751953125,106.27301742591932,104.56805696115035,105.38574458768063,9724300
2020-12-08,106.12512969970703,106.41219106955802,105.04648269872425,105.29004750830326,9592100
2020-12-09,105.29873657226562,107.25596210976764,104.768110451167,107.1428737201496,13073900
2020-12-10,104.62022399902344,105.06386363668604,104.00261141625205,104.37665922121415,13668400
2020-12-11,104.00261688232422,104.40275998641874,102.96746652223028,103.46329674215642,9981600
2020-12-14,102.90658569335938,105.62060121835684,102.74130672451636,105.55100937498679,12112400
2020-12-15,104.66374206542969,105.16827300124214,103.18495181813806,103.76776860434703,12590200
2020-12-16,104.96820831298828,105.32486158610038,104.2636090442915,104.646357603408,11169400
2020-12-17,104.09831237792969,105.64669436000332,104.02002653320709,105.48142203115228,11618000
2020-12-18,103.58509063720703,104.28098916811587,102.8804848299833,103.63728120194823,28954800
2020-12-21,107.47344970703125,108.73477038888484,105.33354358553154,107.14289175759707,28323600
2020-12-22,105.83807373046875,107.44734699299813,105.78588316479392,107.33426522182144,11788200
2020-12-23,108.79566192626953,110.05698261196557,106.42959225353646,106.80364013027946,14973200
2020-12-24,108.31722259521484,109.21320265024592,107.49084102051494,108.81305286736348,4164900
2020-12-28,109.03050231933594,110.1700469807404,108.55207341455164,109.44804666791205,8072600
2020-12-29,108.74346160888672,109.84820386021639,108.63907384916423,109.7786120204014,8389200
2020-12-30,109.04791259765625,109.47415098279683,108.6477694920855,109.16099435467315,7398000
2020-12-31,110.53540802001953,110.7615781804298,108.57818232833509,108.81304649121425,8580200
2021-01-04,109.4915542602539,111.22260974864848,108.54338371982595,110.90945311480465,16819900
2021-01-05,110.08734130859375,110.65683545074702,108.44018860916958,109.50908386702426,13731200
2021-01-06,115.2565689086914,116.32546401702017,112.04112028551481,113.7934122794916,24909100
2021-01-07,119.0415267944336,121.07418465837969,118.209193746425,118.88382749578908,21940400
2021-01-08,119.17294311523438,119.46207183310611,117.50826383374968,119.12913330303363,12035100
2021-01-11,120.95152282714844,121.08293890678272,117.49951786737961,117.91130607540558,15937900
2021-01-12,122.85274505615234,124.11439283303311,121.6349070932507,122.1693547384883,18033500
2021-01-13,122.96662902832031,123.35212057309587,120.99530802168168,121.42460937371334,14816800
2021-01-14,123.68506622314453,125.06937332551352,122.65998084463673,123.08929559038866,18565600
2021-01-15,121.46841430664062,124.10559882356698,120.04029753443224,120.40827583663994,27881000
2021-01-19,120.9427490234375,123.27329213380317,120.75000990235321,122.53733537333353,19843800
2021-01-20,119.1291275024414,121.05663882552155,118.66477292725455,120.74999689280257,16028800
2021-01-21,118.1303482055664,119.29561986085719,117.68352014165416,118.8838316304582,13411700
2021-01-22,117.21915435791016,117.75360206918477,115.82609033584154,116.25540517567849,12933200
2021-01-25,115.75597381591797,116.67592636101233,113.95112192168405,115.77350041389536,14212800
2021-01-26,115.28288269042969,116.67594667240628,115.07260358472624,116.30796826408489,11307800
2021-01-27,112.02361297607422,113.76714186800528,111.5767783002309,113.53933619605681,17603900
2021-01-28,113.99494934082031,115.79980151384709,113.0136736045446,113.810953455829,13761800
2021-01-29,112.7332992553711,115.40553762994654,112.31275442935103,114.94118298751462,14808100
2021-02-01,113.56562805175781,113.95990301586545,112.56682577170064,113.37287556184515,11080700
2021-02-02,117.06144714355469,117.74483749949802,114.96746625929157,115.59829018306681,12253600
2021-02-03,118.4019546508789,118.94515898771883,116.97383740145513,117.09649687651188,10600800
2021-02-04,121.12676239013672,121.4859842068413,118.69108606764296,118.69108606764296,12419500
2021-02-05,120.89019012451172,122.21317442157415,120.36451242094672,122.12555478654033,10051300
2021-02-08,122.78266143798828,122.92284750591448,121.06541552809058,121.08294212880118,10136400
2021-02-09,122.29199981689453,122.64245154976406,121.38080392123108,122.16057039041095,8614800
2021-02-10,122.36212921142578,123.42225470826592,121.81891148445781,122.66001460980394,10323200
2021-02-11,122.02041625976562,123.14187801800786,121.10046361009915,122.36211143034133,9201000
2021-02-12,123.75516510009766,124.07057702909019,121.7838438861138,121.82765369797785,8324600
2021-02-16,126.73405456542969,127.32108202407461,124.76273320487519,125.77030547715242,12130600
2021-02-17,127.12833404541016,127.3736529761438,125.39356156094915,126.12076173736641,10810100
2021-02-18,127.55760192871094,127.73282778043516,125.63884743547312,126.16453835952134,10587800
2021-02-19,129.68666076660156,130.4050909094959,127.79418911346629,127.79418911346629,11969800
2021-02-22,130.90451049804688,131.5879008727894,128.60900706882103,128.67910010326634,11488400
2021-02-23,131.95584106445312,133.44528085067728,131.06217184516845,132.744364078079,16234400
2021-02-24,134.27761840820312,134.7156897354281,131.51777439423617,131.51777439423617,15061400
2021-02-25,132.4552459716797,135.71449786065082,131.938324991102,135.16253705464266,18127700
2021-02-26,128.9419403076172,132.1836661455895,128.3636828240177,131.68427167802906,19829200
2021-03-01,131.85948181152344,132.63049169749863,130.08966974093366,131.00086567324564,14845500
2021-03-02,131.43020629882812,132.9809831483583,131.28126359345467,131.49154272574253,14221700
2021-03-03,133.97100830078125,135.78461707416818,132.1398729268598,132.4990813401028,14324100
2021-03-04,131.9120635986328,135.25893565808195,130.21234435326892,133.7081590909672,20093900
2021-03-05,132.21871948242188,134.47916961883655,129.64285738816145,134.24260730823255,18465100
2021-03-08,133.97100830078125,136.20517527372152,132.0785365094286,133.58550330229693,17133300
2021-03-09,133.0247344970703,135.1449980156439,131.26369265825153,132.7356058306,16238800
2021-03-10,135.91603088378906,136.8184568587185,132.7443849959897,133.09485012195302,14342200
2021-03-11,135.20632934570312,136.80965850229222,134.3652265867037,135.02233352162128,11771500
2021-03-12,136.80966186523438,138.10636254093606,135.86343962030364,137.43172899455243,12849500
2021-03-15,136.1262969970703,137.48432095536938,134.89094585988298,136.98492653158675,12101100
2021-03-16,134.49667358398438,135.45167937622847,133.34017206414595,135.00483800155266,12805600
2021-03-17,135.88101196289062,137.4493153883178,134.0936861606944,136.10004770854061,13952400
2021-03-18,138.12393188476562,141.6635569191888,137.65082057008323,138.08013543200065,21898500
2021-03-19,135.92477416992188,136.6256909842395,132.46401327476923,136.2489426818823,54418800
2021-03-22,132.2712860107422,134.89971453842116,131.95587405266556,133.87462901689184,19944800
2021-03-23,130.94830322265625,133.2788328115755,130.51023184121524,131.71054314832278,17076300
2021-03-24,131.96461486816406,134.20753813755087,131.29875120033898,131.42141064885618,13079800
2021-03-25,133.6555633544922,134.0235416616391,130.83438296415676,131.42139693285844,15608300
2021-03-26,135.88101196289062,136.19642397138182,133.65561466939445,135.1888648889443,16754400
2021-03-29,133.76947021484375,134.6894227868607,132.33259662282177,133.2788324081354,17570300
2021-03-30,135.34652709960938,136.5643649767628,134.82084947550763,135.32901387035344,13184300
2021-03-31,133.375244140625,135.35533586177257,133.27886787659673,134.29519695746177,16736700
2021-04-01,134.6719207763672,134.74200043841145,132.7794490480837,133.0860910183831,16561500
2021-04-05,135.38575744628906,136.54908381723237,134.48683810250495,136.07317268453153,13508000
2021-04-06,134.43394470214844,135.9674166606182,133.8346651571286,134.65427043739672,13071600
2021-04-07,136.54026794433594,136.80466153503886,134.53089817118018,134.92749528104292,16903500
2021-04-08,136.7076873779297,137.05139493540713,134.23122863718018,135.72063253545366,12335500
2021-04-09,137.73001098632812,138.39979632414276,136.5755063821146,137.31579756300678,12122400
2021-04-12,137.43914794921875,138.58484410350772,137.1042620808166,137.11307026632852,12273400
2021-04-13,135.79994201660156,136.7781886393972,134.33697617573364,136.38160507828832,16113600
2021-04-14,133.26181030273438,135.57081947407457,133.01503313211947,133.49094420334512,19939600
2021-04-15,134.10791015625,134.13434817719468,131.59620403316532,133.2971128028331,17694100
2021-04-16,135.103759765625,136.17012892160042,134.5661643691657,135.60609550954618,13773400
2021-04-19,134.53091430664062,135.61492681377607,134.1519604243546,135.2095214663922,11900200
2021-04-20,131.55209350585938,133.73772102984506,131.0056765391512,133.72891284159428,13716700
2021-04-21,132.67132568359375,132.73302333820973,129.3664399821055,130.2477428358357,12236700
2021-04-22,129.87762451171875,132.4598494079052,129.78068063955575,132.39815174033916,15256100
2021-04-23,132.3628692626953,133.19129604367902,129.27830947250442,129.7101392366585,14041900
2021-04-26,132.68896484375,134.3634484522448,132.5303367737703,132.8828525610243,10799100
2021-04-27,133.2970733642578,133.57909676771888,132.29238852275583,132.63609614096399,12821200
2021-04-28,134.1607666015625,134.74242987262318,133.42928341782584,134.33702453132142,8943700
2021-04-29,136.76937866210938,136.8486926837701,135.01558131335943,135.31522102693089,12976900
2021-04-30,135.55319213867188,136.152485082393,134.84814715390007,135.80877750136375,11705100
2021-05-03,135.1566162109375,137.02497409619062,134.95392030487702,136.46976240153663,11801100
2021-05-04,137.0249786376953,137.1659903368525,134.08143001777225,134.72477740470512,12977700
2021-05-05,138.82286071777344,139.4926461971229,136.27589543170305,137.48327631145713,10506700
2021-05-06,141.6165771484375,141.73115083837945,138.50557872372548,139.3075676580866,13542400
2021-05-07,142.1012725830078,142.33040647675196,138.38217357944703,138.55843145522053,14257800
2021-05-10,142.0836944580078,144.2957605161909,141.9955587642461,142.33045826339801,14014300
2021-05-11,139.7217559814453,143.11477752870647,139.28110453102778,141.9602728802309,15451700
2021-05-12,138.7611846923828,141.6959259312591,138.39103896598664,140.66480281180844,14381700
2021-05-13,142.33041381835938,143.16764885717976,138.9638303926924,139.40448182866254,15395000
2021-05-14,144.54248046875,144.93025588746397,142.76225833391183,143.11477410677102,10584000
2021-05-17,145.1241455078125,145.28278702101846,143.678809303874,143.97844905951146,9886800
2021-05-18,143.07952880859375,145.85562751826401,142.98258495330543,145.1329526974574,11098100
2021-05-19,141.98672485351562,142.04840906987988,139.8099053985892,141.88978098698632,13278900
2021-05-20,141.73995971679688,142.6477007092968,140.58545496600274,141.73995971679688,10426000
2021-05-21,143.35275268554688,143.84628022590252,141.83691041295918,142.18942624246552,10249000
2021-05-24,144.12826538085938,144.73636651251616,142.8768169197114,143.9696373191826,9440300
2021-05-25,142.63888549804688,146.03189373135058,142.38330011607223,144.40149136914977,12609100
2021-05-26,142.62127685546875,144.30456893979465,142.16299549558775,144.1547490322142,13058300
2021-05-27,144.84213256835938,145.19464833854215,143.27341453010115,144.48960335056196,15707500
2021-05-28,144.74520874023438,145.36211814721233,143.88152212284876,145.1329707620373,10291300
2021-06-01,146.3403778076172,147.0982989875066,145.83802860167782,146.18173626188243,9445400
2021-06-02,146.34915161132812,147.56535386827346,145.88206216868394,147.4067123598128,10498600
2021-06-03,146.44610595703125,147.3979147331475,145.11534337666578,145.77632057277856,13354400
2021-06-04,146.68408203125,146.8867779677455,145.44144150130873,146.48138609475447,8510800
2021-06-07,145.9966278076172,147.26570601498497,145.5383465777091,147.17757035429017,7267200
2021-06-08,145.4149932861328,146.08477871709673,143.79339901267298,144.96553360257215,10370700
2021-06-09,143.59951782226562,144.72758462456125,143.01785459518965,144.65707876846565,12377400
2021-06-10,141.3610076904297,145.6265247887754,141.281693641198,144.85097378041843,12119400
2021-06-11,141.26406860351562,142.06605765547218,140.1800695510798,141.3874505001537,13683800
2021-06-14,138.86691284179688,141.29930415238428,138.0649239266613,141.14066262798954,19917900
2021-06-15,136.76060485839844,138.2940770515518,135.83524738683082,138.10018929905132,24485500
2021-06-16,137.72122192382812,138.9109728909911,134.93630124979595,136.3640077894381,25321200
2021-06-17,133.74652099609375,138.7699581990475,133.2970613658527,138.45268862252004,29722400
2021-06-18,130.36228942871094,131.93100710665752,130.04501992937278,131.57849141744248,43595700
2021-06-21,132.57440185546875,133.25300892066804,131.33177486421295,131.38465089180474,18664800
2021-06-22,132.38055419921875,133.0503397628061,131.014531605311,132.72426189532027,14251200
2021-06-23,133.18247985839844,133.9932768512802,132.27473901595397,132.37168286551668,12733300
2021-06-24,134.40753173828125,134.94512717037946,133.2706566494798,133.88756613362082,13733200
2021-06-25,135.76470947265625,136.1612930736391,133.6672043440781,134.47800136873164,15484900
2021-06-28,136.01148986816406,136.14367993548683,134.06380437470588,135.456264690176,14125800
2021-06-29,135.84405517578125,137.7564812310609,135.3769656227581,136.60197635669732,14528700
2021-06-30,137.0778350830078,137.553746137781,135.46506275187056,135.50030894781747,12531000
2021-07-01,138.43507385253906,138.4879498797741,136.97210767682716,137.7123989533502,10479400
2021-07-02,138.3021240234375,138.5591822690405,137.49551349774717,138.23121187034394,11424000
2021-07-06,135.97979736328125,138.0805173169613,135.0402350806245,138.0805173169613,15083400
2021-07-07,136.1393280029297,136.75093338695987,134.33111573828694,134.73884364423506,12271800
2021-07-08,133.79046630859375,135.19981007455746,132.99271460183346,134.38434047050717,17834600
2021-07-09,138.07167053222656,138.40848635513726,135.24411096359202,135.6607114124253,13694500
2021-07-12,140.04830932617188,141.07651534953,136.44960176952983,136.81302151444098,19940400
2021-07-13,137.96530151367188,139.50761048838007,136.059586333379,138.31986229670815,22671700
2021-07-14,137.4954833984375,139.4100705375085,135.57203731408546,138.23118160998163,14622800
2021-07-15,137.7969207763672,138.74534227066655,136.236880150061,136.4141538052923,11539300
2021-07-16,134.65020751953125,138.52369007633146,133.8613285805578,138.24005504917056,14002700
2021-07-19,130.271484375,132.7976769483079,129.15464860343752,131.6719687060685,22172900
2021-07-20,132.70018005371094,133.94996768715788,129.70420626159904,129.87262091028344,15385200
2021-07-21,135.49227905273438,136.19251449920242,134.16270677897018,134.77431218891908,12356700
2021-07-22,133.78160095214844,136.00642796563787,132.93068198313597,135.51005631286174,9913300
2021-07-23,133.52450561523438,135.47454216634478,133.1788173790153,134.26906281245886,9666100
2021-07-26,134.4197235107422,134.69451308459358,133.10788292716342,133.12561434082286,8208000
2021-07-27,134.24249267578125,135.16433712799432,132.77996842337348,133.31178927647173,11218700
2021-07-28,134.46409606933594,135.41253094430652,133.7372701360457,134.9870580064133,9217300
2021-07-29,135.6163787841797,136.3875264139371,134.65022612906373,135.74047166167065,9063500
2021-07-30,134.5349884033203,136.2102489647489,134.02088548961353,135.24409633688512,9805200
2021-08-02,133.9943084716797,136.90163911627397,133.9056784243494,134.75659720929346,10203200
2021-08-03,135.51889038085938,135.900041524692,132.53178853840174,134.6856894630543,10394800
2021-08-04,134.05633544921875,135.944318741803,133.76382794752652,134.06519439468545,10155000
2021-08-05,135.7493133544922,136.22796691048418,134.73883904475167,134.97816582274766,9151500
2021-08-06,139.60507202148438,139.888720564627,137.48662099340075,137.5575331291864,13328800
2021-08-09,139.45445251464844,140.53583941047427,138.18691948670602,139.6228672234413,9516900
2021-08-10,141.1651153564453,141.8033111299167,138.55029258950182,138.93144367440405,8667000
2021-08-11,142.8492889404297,143.15065549544573,141.005613240447,141.82108284378526,9156500
2021-08-12,143.4076385498047,143.92174137691225,142.30853428677375,143.48742315365905,8844200
2021-08-13,141.8032989501953,143.73561752198822,141.43989283896403,143.40764719219374,8980900
2021-08-16,140.8726348876953,140.96127846635474,138.96691967251823,140.88150736062795,8755800
2021-08-17,139.17074584960938,140.81055693336424,137.6284507909438,139.6671308200395,9347200
2021-08-18,137.90325927734375,140.05716020333935,137.69052281145957,138.5503140973809,8065500
2021-08-19,136.75096130371094,137.8855287455141,135.62525280946016,135.75821817341085,9517700
2021-08-20,137.14097595214844,137.3005181640546,135.75822268184993,136.81301905537822,6974100
2021-08-23,138.89599609375,139.24168438191933,137.60188651244337,137.6816576116109,7934600
2021-08-24,139.75576782226562,140.53578786103688,139.04665992566524,139.1618938473314,7670900
2021-08-25,142.6365203857422,143.3988090756872,139.87101421994598,140.50033755954504,11335000
2021-08-26,143.3721923828125,145.2158673298207,142.84035812930955,143.8242420307152,11027500
2021-08-27,144.5244903564453,144.62199285170692,142.93786007219813,143.37219182838285,8780200
2021-08-30,142.2110595703125,144.91452603181153,141.71468806100958,144.6663402771601,7937600
2021-08-31,141.7767333984375,143.03539364017527,141.24491255656636,142.2110652489756,12340800
2021-09-01,141.5728302001953,142.4946608524727,140.9080441881828,142.01602087487032,8729900
2021-09-02,142.22877502441406,143.24810829338364,141.31578967750363,141.838765017992,8813300
2021-09-03,141.36898803710938,142.60991670716706,141.06760805285984,142.16672596427387,7959700
2021-09-07,141.12081909179688,143.0442655217667,140.89922369398778,141.8121956509525,9285600
2021-09-08,140.49142456054688,141.4487179092716,140.08368324484582,140.83711269827214,7852700
2021-09-09,141.10311889648438,142.55678448677733,140.11923457149194,140.2876492751115,7904300
2021-09-10,139.48101806640625,142.45926097450112,139.35692517544857,142.317436663375,8311600
2021-09-13,141.6969451904297,141.86535983714055,140.11032827820648,140.51805618856187,10052800
2021-09-14,139.22393798828125,143.00877696408253,138.50595766741557,142.21989803076553,11685600
2021-09-15,140.1901397705078,140.65992101246178,138.69215246026852,138.9137478961001,11691500
2021-09-16,140.12806701660156,142.57448894311835,139.3569193354744,141.29809724669397,10880900
2021-09-17,139.76463317871094,140.94352223679576,139.16190023027534,139.49872953975924,25581600
2021-09-20,135.5809326171875,136.9991350321023,133.3915690295213,136.4052609956861,15819900
2021-09-21,135.59860229492188,136.99022737468732,135.24405519853954,136.08611469627616,8999900
2021-09-22,138.1957550048828,139.38350307279964,137.47778809106907,137.5664181337603,11236200
2021-09-23,142.86697387695312,143.33676854859056,139.7557794588898,140.04828699778437,12336100
2021-09-24,144.5156707763672,145.0031834310956,142.54791578611096,143.09746812865293,10102400
2021-09-27,148.00794982910156,148.38022836250747,145.90723041734478,146.25291859301495,13220900
2021-09-28,147.21026611328125,150.06441610941982,146.83798744314717,148.6462000588142,13387900
2021-09-29,147.09498596191406,147.93704556019853,146.2883756674588,147.32545377467633,7777100
2021-09-30,145.09178161621094,148.0168431042506,144.29403019668692,147.954789910741,13161200
2021-10-01,148.14096069335938,149.17802553924722,145.01203473671805,145.36658196561464,11285000
2021-10-04,147.9813995361328,151.07487606627808,146.90001294508417,147.99913095445916,14120000
2021-10-05,150.39794921875,151.71769496428143,148.62341620198617,149.10495406486655,12292900
2021-10-06,150.71897888183594,150.79031833267277,148.0259724408329,149.80050556305105,8692600
2021-10-07,151.6731414794922,152.9393863370158,151.18269117389224,152.6629544211171,10195400
2021-10-08,151.78907775878906,152.7878030831522,150.9686942985462,151.6107358946688,8190100
2021-10-11,148.5967254638672,152.74323211878422,148.43622184932963,152.30629654146736,12154700
2021-10-12,147.45530700683594,148.64130015871032,146.92919373388324,147.80307841177563,13032600
2021-10-13,143.5673828125,147.49988395512474,143.21069910529977,146.30497856873163,22753500
2021-10-14,145.7698974609375,146.25142168777654,142.72912006780592,144.23613346936529,15176800
2021-10-15,148.56991577148438,149.06927829358824,146.3673596705841,147.4463500967507,14267400
2021-10-18,148.5164337158203,150.35338049012066,147.94573167325507,148.45400658921304,12672900
2021-10-19,150.3177490234375,150.3890748879013,148.54321539776493,149.27442116472795,8053900
2021-10-20,152.34194946289062,152.36870006355534,149.32793506622872,150.07697909806566,8185600
2021-10-21,151.14698791503906,152.77884198372888,150.41576881696275,152.27055354629422,8415200
2021-10-22,153.18014526367188,153.45657716141443,151.32536016125133,151.6196303252835,8817900
2021-10-25,152.43113708496094,154.23242141729997,152.02093850382118,154.0094906595664,10159200
2021-10-26,152.84129333496094,153.81328159703315,152.07441112821843,152.48460963226674,8015100
2021-10-27,149.65785217285156,152.21709247731883,149.22090306446952,151.87824703634362,9847000
2021-10-28,151.91390991210938,152.04766290105195,149.77378044936046,150.0769629620378,7212900
2021-10-29,151.4947967529297,153.59035092503674,151.04893532112914,152.64511326006627,8140100
2021-11-01,151.41456604003906,153.67062411049915,150.71009726001904,153.4120168243505,7435500
2021-11-02,152.01199340820312,153.09989635999239,150.62982028683703,151.4145407390419,7173800
2021-11-03,152.06549072265625,152.60052985489583,150.8349088824714,151.70880703890342,8402700
2021-11-04,150.06805419921875,151.77124835526578,148.4629637217719,151.59290648072866,9574200
2021-11-05,149.85401916503906,151.6731276889618,149.28331711767015,150.611975380586,7975600
2021-11-08,150.75465393066406,152.41325887786448,150.4693097109725,150.7457416010709,6413700
2021-11-09,149.61322021484375,150.2285110001935,148.56099405357293,149.22978601910833,7990300
2021-11-10,149.47055053710938,150.6565433285071,148.9979386075474,149.31895931504312,6999200
2021-11-11,149.46165466308594,150.41579095562895,148.82852550677035,149.38140287902908,5815300
2021-11-12,148.79287719726562,149.57759766941209,147.77631367953546,149.49733227086182,8113400
2021-11-15,148.52532958984375,149.62214469253712,148.0259670587511,149.1049575043401,6492500
2021-11-16,147.45530700683594,148.9801592325637,147.2412886012529,148.97123329486502,9706100
2021-11-17,146.66168212890625,147.63365692821856,145.69861966116645,147.3215620438242,9909600
2021-11-18,145.39541625976562,147.00052014250582,144.95846715633294,146.59032163656786,8122500
2021-11-19,143.4960479736328,144.55720040567232,142.18521421718538,143.83490703102,12193600
2021-11-22,146.5546417236328,148.00814057663277,145.34189822018288,146.38521222139497,14549900
2021-11-23,150.0591278076172,150.30880912989716,147.4642109154094,147.58013924597208,12354400
2021-11-24,148.88201904296875,151.09348739638543,148.41831945694972,150.2196030126866,9629800
2021-11-26,144.3966522216797,145.03869366284258,141.62340764972922,144.58391997810585,13619300
2021-11-29,143.77247619628906,146.93809514301478,142.51515727595626,145.62726142030473,12104400
2021-11-30,141.63229370117188,143.23739700628133,141.15075590633592,141.92656377432579,18922600
2021-12-01,140.79412841796875,145.59160198366732,140.71387662239525,143.56738718677275,12253400
2021-12-02,143.75465393066406,145.57376265007133,141.60559848751728,142.52407198109907,12969900
2021-12-03,141.1508026123047,144.30750909132325,140.1699156504948,144.01323892079705,12681800
2021-12-06,142.81834411621094,145.00306251804062,142.194140802347,143.57630042354154,11186500
2021-12-07,144.96737670898438,145.69858230221814,143.71004434239103,144.3520858229234,9851600
2021-12-08,143.30877685546875,145.5915850413227,142.82723892484046,145.04763359027078,11705700
2021-12-09,143.0858154296875,143.50491253667502,141.47178608232974,142.36350868885336,11189600
2021-12-10,142.51516723632812,144.19159711614117,141.8998762287949,143.85275165040477,10405400
2021-12-13,140.82089233398438,142.48840996389734,140.25019016713733,142.2298162848346,12069000
2021-12-14,141.8998565673828,143.4692838307284,140.2680021755229,140.40175515575305,12563600
2021-12-15,140.83868408203125,142.54187768849673,140.3125709595969,142.54187768849673,14014200
2021-12-16,143.04122924804688,144.29856141230027,141.51637757552146,143.02339098573344,19542800
2021-12-17,139.78643798828125,142.1227605883317,138.37751456574014,142.06925940628457,28082000
2021-12-20,137.2718048095703,137.94950921352105,135.3991815578562,137.78007971088095,15148000
2021-12-21,139.18896484375,140.16093912470296,138.29724232399002,138.58260006148402,11291300
2021-12-22,139.73297119140625,140.0539919692928,138.4310634191967,138.88583718511464,7273000
2021-12-23,140.23233032226562,141.89093536551516,140.18775506510846,140.5444387620308,8055200
2021-12-27,141.0348663330078,141.07052925431128,139.41192447822218,140.53550379510722,6188100
2021-12-28,141.46287536621094,142.80937161902253,140.96351287792604,141.07051523781357,6342300
2021-12-29,141.39154052734375,142.34569028942937,141.02593097701518,141.65014771430114,6398900
2021-12-30,141.3202362060547,142.8896771608027,141.22214614638295,141.88202596659391,6948200
2021-12-31,141.2042999267578,142.04250786452585,140.85652860585765,141.29346403591148,5805900
2022-01-03,144.19158935546875,145.0298110535667,142.2387140389664,142.55082249476428,13120900
2022-01-04,149.65785217285156,150.32664433101783,146.44764437100898,146.51898383400675,20195800
2022-01-05,146.92176818847656,151.03034049486538,146.8769120593165,150.54592988917568,17539400
2022-01-06,148.48269653320312,150.14226409057565,147.00252614681173,149.72962048334253,14047500
2022-01-07,149.953857421875,150.28576812918556,148.07000955795544,148.61722146599544,13913300
2022-01-10,150.09739685058594,151.88255308333098,148.49163775919132,151.66726556317536,12922500
2022-01-11,150.2499237060547,151.17390264766982,149.19137635202188,150.94065620808104,11854100
2022-01-12,151.10214233398438,152.1337651012082,149.97182784699717,151.12008752741153,12568000
2022-01-13,150.9136962890625,152.33106490657187,150.60869655430105,151.01237428421084,13623400
2022-01-14,141.63804626464844,144.45483884518694,140.7499441404792,144.21262668620088,40158400
2022-01-18,135.69947814941406,139.7452498407538,135.04460866379125,139.7452498407538,32324800
2022-01-19,133.60031127929688,136.5606379872775,133.25943479672728,135.9685835962169,22380000
2022-01-20,132.46107482910156,135.10742290451475,132.1919516698012,133.65417700773426,14860800
2022-01-21,130.14662170410156,132.32649028369337,129.41999884423763,132.3175245318056,20705400
2022-01-24,130.02999877929688,130.5054437056573,125.2037824359175,127.63482895550824,28471400
2022-01-25,131.4473876953125,131.73445605784812,126.29821186975613,128.86382718518345,18915900
2022-01-26,132.69427490234375,135.07151292084316,130.93602957942716,133.41193192091282,20709100
2022-01-27,130.3529510498047,134.9010924554884,129.29441736258735,134.0399011384233,17536800
2022-01-28,131.5191192626953,131.65367396618265,127.53613578143928,129.34821668802778,14117000
2022-01-31,133.30429077148438,133.47472216848456,129.77880692944967,130.64896385719052,13985700
2022-02-01,135.591796875,135.8788651505945,133.0351617753094,133.3850176810847,14584900
2022-02-02,134.50637817382812,135.4034461742531,132.82886539324826,135.00873406395868,12441100
2022-02-03,133.39398193359375,136.04032926173085,133.0261808426821,134.56017283580445,12474900
2022-02-04,136.85670471191406,137.6999509010247,133.4568226961766,133.75285680649242,16654400
2022-02-07,137.31419372558594,137.80757013335244,135.32270183883776,137.49360457278922,12572300
2022-02-08,139.89773559570312,142.16731627675307,138.866112990924,139.04552383242864,20411400
2022-02-09,140.48085021972656,141.2254045926412,139.78113829498025,140.4718707795561,9131100
2022-02-10,139.89773559570312,142.66070635701823,139.24287986453473,140.53465982443993,16455600
2022-02-11,138.07667541503906,141.90715878928052,137.22446373476254,139.59272220121784,16830000
2022-02-14,136.79393005371094,137.86142967702918,134.8472937690615,137.00921765389492,17026500
2022-02-15,138.79437255859375,139.8887966964702,138.01392771974687,138.60598224154154,9500000
2022-02-16,139.04554748535156,140.03232781374226,137.91524667224485,137.91524667224485,9076500
2022-02-17,135.843017578125,137.90627697257418,135.16125074100685,137.25142108375195,11367500
2022-02-18,136.4799041748047,138.27403990140297,135.5738705606135,136.47093842391266,11733300
2022-02-22,136.23768615722656,137.46667838502256,134.9279747985366,135.09841987533693,11333500
2022-02-23,133.385009765625,137.52049275933598,132.7391198720352,137.35901344185453,11799000
2022-02-24,129.67115783691406,130.06586987305138,125.39214044612532,128.22687808004906,25655100
2022-02-25,132.73912048339844,134.6767901730923,129.99409526708283,130.29909502708057,18367700
2022-02-28,127.2042236328125,130.12865989067305,126.37892285491631,128.77409236741448,31315300
2022-03-01,122.40491485595703,126.02009747583323,119.83033430767308,125.62538540121754,36840400
2022-03-02,124.9436264038086,125.62539313674434,122.54845655427278,123.15845620666198,19405600
2022-03-03,124.05548858642578,126.46860293575445,122.95209912697763,125.44594628569266,16640800
2022-03-04,120.56590270996094,121.48091566726798,118.77176717149028,121.05032697072203,21016000
2022-03-07,115.91014099121094,119.03193322454091,115.67689459366662,118.56545411762116,27560100
2022-03-08,115.09381103515625,118.22456915671027,114.16982537539673,116.29587870181693,19207800
2022-03-09,119.7047348022461,121.3194596524537,118.80766696192731,119.22031050309934,17536200
2022-03-10,118.2873764038086,119.71371111054437,116.90589783067844,118.2873764038086,15604200
2022-03-11,115.62308502197266,120.27886977167104,115.20146199955721,118.8525350472462,20061800
2022-03-14,116.77133178710938,119.23826861534666,115.92808573571372,116.13442121683083,15786900
2022-03-15,118.8435287475586,119.80339778663537,117.63249552791567,118.23352926296818,15096600
2022-03-16,124.15419006347656,124.23493657630115,120.59282945766564,120.98754151798268,20354900
2022-03-17,125.72406005859375,125.759950439783,121.92946669393392,122.77271270567384,17050500
2022-03-18,125.67924499511719,126.3520460632106,124.20805387374652,125.75997783812693,23656500
2022-03-21,125.2755355834961,126.27128157015811,124.45023469994652,125.90349410826214,12676100
2022-03-22,127.93983459472656,129.11499149210456,127.13247886485249,127.62586900562953,13548600
2022-03-23,125.39213562011719,127.01582614323432,124.8718346550674,126.46861423931716,12093200
2022-03-24,126.2084732055664,126.2264183945711,124.79110441390361,125.85861730490188,10017600
2022-03-25,127.31190490722656,128.4422058014456,126.30719300125408,126.56733673113155,8383500
2022-03-28,126.36995697021484,126.45966923993925,123.70566407981248,125.5895122386606,10818100
2022-03-29,126.64800262451172,128.8189183551203,125.8047705424383,128.59465144551052,11316500
2022-03-30,126.07391357421875,127.49128246429648,125.50877011893141,127.29392643604707,8771000
2022-03-31,122.28829956054688,125.90348200973193,122.23446398986555,125.43700288101368,17353900
2022-04-01,121.38224029541016,123.26608812689341,120.02767286225253,123.25710868857904,15721300
2022-04-04,121.92049407958984,122.84447286473839,119.21134535543628,120.31473497192229,17416400
2022-04-05,120.50166320800781,122.36331866647915,120.20343483995678,121.16138677504424,12110300
2022-04-06,118.82978820800781,119.79675851151022,118.35081916045061,118.91111945239349,12914700
2022-04-07,118.46831512451172,119.21840224955717,116.33554142848898,118.34179523532535,12994200
2022-04-08,120.63724517822266,121.0077588458853,118.82981031098234,118.99247283000979,13126900
2022-04-11,120.19438934326172,121.91144653231332,119.80579756064816,120.19438934326172,10466400
2022-04-12,118.87499237060547,121.62230125785824,118.11587298977292,119.41722837956272,12989900
2022-04-13,115.043212890625,116.80545883465285,113.87741676810822,114.71787411714051,30838000
2022-04-14,113.97683715820312,115.94694130010609,112.98274253559714,114.32024727658388,18835200
2022-04-18,116.0915298461914,116.79642823350373,113.45267010329815,113.57015086957827,11834400
2022-04-19,118.49539947509766,118.67615395385494,115.88365721677071,116.0824761116992,15015400
2022-04-20,118.91114807128906,120.6553161945043,118.69425091109447,119.76064471167481,13430200
2022-04-21,117.98931884765625,120.02268260662909,117.44709678570847,119.48949275267643,12174200
2022-04-22,114.60038757324219,117.95318479344604,114.4919459109022,117.73628767913453,14318800
2022-04-25,114.56425476074219,114.88056137486855,111.25665257553551,113.87743448304614,17149000
2022-04-26,111.1753158569336,114.23892430583341,111.03976375749203,112.63934058425428,17209500
2022-04-27,109.7293701171875,111.663324890853,109.54862938677306,110.55175629865208,17215200
2022-04-28,111.4645004272461,111.74465750876819,109.47632491193721,110.98553131004637,13015600
2022-04-29,107.86770629882812,111.7085051378511,107.45199713421772,111.2024256148152,14874800
2022-05-02,108.85274505615234,109.08771348260495,106.83745935622471,108.33762647553962,18545000
2022-05-03,111.1843490600586,112.21458633002966,109.15098493856574,109.82877297906336,15720900
2022-05-04,114.86245727539062,115.13357519929866,110.9222496448677,110.97647736653843,17128500
2022-05-05,111.98863983154297,113.95874370998351,110.398102437709,113.1905854273637,15055400
2022-05-06,111.80790710449219,112.32302569727985,109.51246430133546,111.88020614431191,14417900
2022-05-09,110.12698364257812,111.45544909125786,108.89792764208636,110.3529129530389,14312300
2022-05-10,107.44294738769531,111.8621243567012,106.24100174472149,111.25663543092608,16382400
2022-05-11,106.76515197753906,111.05780877890473,106.58441129119713,107.81346726380494,14630300
2022-05-12,106.67481231689453,106.92785210848034,104.26188829665058,105.73494530899208,16318800
2022-05-13,107.62370300292969,108.67201850760863,106.60250481218553,107.91289919303422,10443200
2022-05-16,106.87361145019531,107.958069468724,105.94278372024193,107.12665119486428,10269000
2022-05-17,110.41617584228516,111.13011330984578,109.17808070565741,109.38593871056871,11160200
2022-05-18,108.52739715576172,110.2263899344582,108.021317721162,109.62090105451709,12664900
2022-05-19,106.9188003540039,108.12978522094872,106.30427226364752,106.81035868176338,12765800
2022-05-20,106.04218292236328,108.14784585136711,103.94555909675869,107.95806604887714,13150100
2022-05-23,112.6031723022461,114.3834964563956,108.85274419152519,108.8617832949212,24376700
2022-05-24,114.19374084472656,115.21493911070293,111.25665904706347,112.3863058923185,19324900
2022-05-25,114.98899841308594,115.54930567526587,113.11830369743468,114.12143054877978,12780400
2022-05-26,116.97716522216797,117.65495317227513,115.86559684508896,116.01018112765881,15990900
2022-05-27,118.63098907470703,118.63098907470705,116.70606656569625,117.62786219123241,11177800
2022-05-31,119.49853515625,120.32995342054403,117.22117748043095,117.64591192652784,17015000
2022-06-01,117.40192413330078,120.07691976449294,116.28130965612804,120.07691976449294,10768000
2022-06-02,119.2906723022461,119.29970451012328,116.28129232350196,117.39286063613095,8374800
2022-06-03,117.62784576416016,119.08283115250005,117.47421547963128,118.57675167649165,8596000
2022-06-06,117.23924255371094,119.6431339034861,116.99524880898599,118.46829864467907,11323500
2022-06-07,117.5465087890625,117.77243810052948,116.23610775084937,116.42589443991919,6722200
2022-06-08,115.67581176757812,116.98619906483145,114.68172413916363,116.57952904701233,8422100
2022-06-09,113.24481201171875,115.76619098655297,113.20866249254672,115.10647432759116,13560100
2022-06-10,108.0394058227539,111.51871604395458,107.83154781032387,110.7867003434973,12945200
2022-06-13,104.82218170166016,106.59346701894229,103.98172422457466,105.60841833984232,16805600
2022-06-14,103.07798767089844,106.02410784622846,102.31886848788942,104.42453134213635,13357900
2022-06-15,104.29803466796875,105.68975347958727,102.27370260688963,104.48781450591673,14083500
2022-06-16,102.50865936279297,103.25874641860864,101.09886250208206,102.89725809937562,16724900
2022-06-17,102.14715576171875,103.59310192751218,101.36092619693915,102.60805347215813,30919900
2022-06-21,104.67757415771484,105.76203213537997,103.96363667940597,104.7137236762791,11680500
2022-06-22,104.09016418457031,105.01195284374018,103.3762266538764,103.81904622285296,9842700
2022-06-23,102.95147705078125,104.09016282234957,100.74641144394799,103.93653253030116,11851500
2022-06-24,106.02411651611328,106.47597517956328,101.96642764888085,102.32791595860405,14841100
2022-06-27,105.17461395263672,107.09049705722877,104.50586509987413,106.69285925000018,11280500
2022-06-28,104.66854858398438,107.80444905292455,104.46972965358916,106.3404243885005,11590900
2022-06-29,104.19859313964844,105.57224021330386,103.68347462517579,104.83119240485523,9338400
2022-06-30,101.76760864257812,103.09607421510097,100.24936325895432,102.27368813884739,15172600
2022-07-01,103.06896209716797,103.40333308961966,100.45721961946425,101.80375648256306,10573600
2022-07-05,102.67693328857422,102.7589839701268,99.65005192762612,100.99026175029019,12514200
2022-07-06,102.01139068603516,103.01427186138345,101.00850951068688,101.86552047519844,10656200
2022-07-07,104.59151458740234,104.75562288886854,103.38805602858515,103.47922576144309,10347400
2022-07-08,104.26332092285156,105.43942951614083,103.57953734227452,104.99269285778959,8807800
2022-07-11,102.89573669433594,104.14478366510028,102.31224202549255,103.52481970997854,7939500
2022-07-12,102.99601745605469,105.01089841403149,102.34870332568424,102.64045063734142,11250900
2022-07-13,102.02960968017578,102.54928481624609,100.63468561996145,101.8837325408835,12979900
2022-07-14,98.46482849121094,98.67452516799676,96.69610619801097,98.45570942983613,26204800
2022-07-15,102.977783203125,103.82567494631041,98.16394890212585,99.52240367673575,18863900
2022-07-18,101.92020416259766,105.61263064908424,101.46434852556438,104.6370998640652,13977900
2022-07-19,104.44563293457031,104.79208764257848,102.7224993215758,103.14188563923433,11862300
2022-07-20,104.42739868164062,104.60973813407874,103.46098706327098,104.02624353931168,11667500
2022-07-21,105.1385498046875,105.33000834839368,103.36071550184063,104.33624634213706,11595900
2022-07-22,104.62799072265625,105.9864386118624,103.63422178876073,105.06560825135108,7645500
2022-07-25,105.04737091064453,106.17789090842075,104.63709667633044,105.61262743163024,9394000
2022-07-26,103.40628814697266,105.3755877827379,103.05072131648251,104.46387653413653,10675100
2022-07-27,105.06560516357422,105.52146080012055,103.29689002372183,103.94420419292103,9337400
2022-07-28,104.67356872558594,105.7402761983333,103.50657941243819,105.07472391040734,10384800
2022-07-29,105.17501831054688,106.21436865768555,104.65534313697755,105.38470801865441,12944500
2022-08-01,104.12654113769531,104.94708265472225,103.0871908680628,104.39093823517094,14740400
2022-08-02,102.50370025634766,104.2997726043284,102.35782311166867,103.86214812609651,14942900
2022-08-03,103.57951354980469,104.02625010553943,101.84726081908431,103.4336364140029,14394500
2022-08-04,102.43985748291016,103.31509928482274,101.21816101895891,102.88659396438769,18033900
2022-08-05,105.53970336914062,105.9317395113263,102.15725523809935,102.59487277237781,14174600
2022-08-08,104.25418853759766,106.39670875843993,104.0991992818673,105.98644144484655,10332500
2022-08-09,105.1932373046875,105.7493817013612,104.27241398727425,104.61886174429863,10233800
2022-08-10,107.9375,108.83098013248042,107.12607750134782,107.54546386367775,12847300
2022-08-11,109.53299713134766,110.49940890206962,108.77627506840615,109.31418836276644,11684900
2022-08-12,111.34730529785156,111.4567131645571,108.89480648250156,110.01620755405946,9906700
2022-08-15,111.64815521240234,111.88520207732508,109.95237178604083,110.44469667973978,8456200
2022-08-16,112.71485137939453,113.27099575911315,111.11024470080724,111.49316172939255,9555000
2022-08-17,111.76667785644531,112.28635994213667,110.94614330300683,111.50228771728254,8149300
2022-08-18,110.90055084228516,111.65727281471146,109.90678896383491,111.44757617620851,9531800
2022-08-19,108.15631866455078,110.30795808098316,107.68223180680734,109.97062932160222,13464500
2022-08-22,106.36936950683594,106.81611310999664,105.30266881678664,106.44230808969557,8967600
2022-08-23,105.32089233398438,106.9346253224517,105.19325330115488,106.38759990235309,7607000
2022-08-24,105.57618713378906,106.13233166654368,104.3453711298135,105.11121235352732,9771300
2022-08-25,108.0833740234375,108.25659443508277,105.46676017002672,105.90438464092031,10758900
2022-08-26,104.5459213256836,109.39622461711923,104.48210182010435,108.91301879547576,11276200
2022-08-29,104.29065704345703,104.71916247557431,103.44276524002221,103.93509018612681,8117300
2022-08-30,104.30889892578125,105.37559953623044,103.35159922565161,104.8468052836673,10745400
2022-08-31,103.68893432617188,104.87415490117446,103.333360502285,104.37271783491376,10738300
2022-09-01,104.40006256103516,104.5094634649535,102.0296145801338,103.2877736658309,9979800
2022-09-02,103.67068481445312,107.08048292247653,103.19659802769777,105.6399844420633,10666600
2022-09-06,103.69803619384766,104.61886650900324,102.17548006742352,104.23594945130463,9751900
2022-09-07,105.6673355102539,105.8587940384996,102.80456273510525,103.1418914466694,10647900
2022-09-08,108.12895965576172,108.30218703000823,104.50946465281362,105.10207839372593,11435000
2022-09-09,108.64862060546875,109.4509309026302,108.19276501146497,108.62127038275723,9299700
2022-09-12,109.93414306640625,110.81850408276097,109.21389035159987,109.97061235072863,8614600
2022-09-13,106.11407470703125,108.42070311911871,105.55793027299376,107.64574992677623,12904600
2022-09-14,105.86791229248047,107.43604979128575,104.73738534029823,106.3966995282637,9345700
2022-09-15,107.4634017944336,108.84008070012916,105.53969060334953,105.86790719226084,10821400
2022-09-16,106.7431640625,107.0349114095308,105.1841385246974,107.02579234861582,14844100
2022-09-19,107.7278060913086,108.24748123258331,105.31176985507157,105.75850642596968,8201300
2022-09-20,105.60350799560547,107.29929135243893,104.51856946198505,107.04401333412926,9619000
2022-09-21,102.55838775634766,106.30552122847853,102.49456825256118,106.25082078403418,12606300
2022-09-22,101.39140319824219,103.5703924416045,101.26376418484223,103.36981486174612,11684500
2022-09-23,99.50415802001953,100.59820865799999,97.69897377177135,100.3338185358681,18138600
2022-09-26,97.36164093017578,99.93266626360436,96.6960886864614,98.46481065934786,15753600
2022-09-27,96.504638671875,98.61980858680523,95.41058790600958,98.23689151433285,12793600
2022-09-28,98.4556884765625,99.13035975859935,96.31316859263455,96.59579683285273,12762600
2022-09-29,96.7872543334961,97.80836632030918,95.18264083961361,97.50749998599301,12713900
2022-09-30,95.2738265991211,98.11836823229466,95.1826568643499,96.69609393780543,15973400
2022-10-03,98.2186508178711,98.79302637084183,95.23735129311696,96.29493962585546,12248100
2022-10-04,102.81366729736328,103.01424487104165,100.16059136537436,100.84437475429372,16013600
2022-10-05,101.54427337646484,102.05939744109392,100.10928090040441,100.9555581545919,10943500
2022-10-06,99.47455596923828,101.36028876432013,99.29058511910067,100.68878182704552,11521400
2022-10-07,97.48765563964844,99.07902403370649,96.83454290299183,98.9042467927951,11681100
2022-10-10,96.57697296142578,98.71106718331806,96.14463372809632,98.17754889137375,8931700
2022-10-11,93.78977966308594,96.16304177997259,93.68859357932449,96.00666583890084,12739700
2022-10-12,95.30754852294922,96.33780347408216,93.16425384807573,93.64258926104512,13181000
2022-10-13,100.60600280761719,101.0935319046176,93.60580418327433,93.80817634083039,22398700
2022-10-14,102.28015899658203,106.00562141801723,101.84781977069312,102.98845450292639,33387100
2022-10-17,106.57595825195312,107.63380836386486,105.15936000910324,106.16202026026733,22276300
2022-10-18,109.31715393066406,110.51298562116061,107.58780391825927,110.07145273282006,21539700
2022-10-19,107.17385864257812,109.30795283865571,106.40116561366753,108.5352598097451,17072000
2022-10-20,106.82429504394531,109.19755676213065,106.3827622235615,107.77176521617909,12207400
2022-10-21,112.43549346923828,112.58266873224537,107.00826967137668,107.12785001119728,20593300
2022-10-24,112.573486328125,113.23579266407968,111.60762876988987,112.28832938493728,12624200
2022-10-25,112.86784362792969,113.39216830619782,111.20288416182254,112.0859569347984,11289100
2022-10-26,114.16484069824219,115.16749364856834,113.03339974576414,113.14378645416406,11667000
2022-10-27,114.61558532714844,116.08737315924878,114.25683726238766,115.16750488693133,10727600
2022-10-28,115.97701263427734,116.16098351194422,114.1096808556059,115.25031573682665,11859500
2022-10-31,115.79302978515625,117.21882858921845,115.5262671113235,115.62745319512348,13295200
2022-11-01,117.88111114501953,118.00069850959324,116.2069582213661,116.70368792073003,13386900
2022-11-02,116.79566192626953,119.91401444132865,116.49210374776786,117.42117255861976,16546100
2022-11-03,117.00724792480469,117.90871495160084,115.82062396353767,116.18856567845296,12474400
2022-11-04,120.2083740234375,120.34636268011572,118.16627945813835,119.11374261581228,14953200
2022-11-07,120.84309387207031,121.68937102228881,120.02441164791836,120.50274709319883,12011200
2022-11-08,120.91669464111328,121.47781490923938,119.71166932007465,120.72353014327824,9884100
2022-11-09,119.3437271118164,120.89829286335986,118.86539163037673,120.79712081751882,9494000
2022-11-10,124.25579833984375,124.41217424976585,121.9101316188624,122.00212405344004,16351600
2022-11-11,124.45818328857422,125.25846421475916,123.05997954818707,124.35699721454469,10704700
2022-11-14,123.17957305908203,124.85372614294145,123.17957305908203,123.99825532210671,11085600
2022-11-15,122.28729248046875,124.835331568913,121.05467234292503,123.88785431886616,14038300
2022-11-16,122.452880859375,122.85762521418002,121.45022763974877,122.34250113936575,7893400
2022-11-17,121.9193344116211,122.24129392076719,120.76030544363178,121.42261172136165,8820200
2022-11-18,123.11517333984375,123.8786657344842,121.68018099756117,123.78668732356263,9468500
2022-11-21,122.3884506225586,123.77744636777727,122.11248739185957,123.02316184234445,7800500
2022-11-22,124.2190170288086,124.43059685736328,122.97720316575173,123.2623601112816,9185700
2022-11-23,125.54361724853516,125.56201854399083,124.05343514637053,124.12702629211735,7316200
2022-11-25,125.78280639648438,126.15074813131035,125.15728860398723,125.54363163637775,3220500
2022-11-28,123.58428955078125,125.75517891080843,123.4371072805246,125.16646386585566,9906900
2022-11-29,125.6172103881836,125.69080153509853,123.63949919562073,123.86946626620134,7925300
2022-11-30,127.10739135742188,127.10739135742188,122.51725765348817,125.18487003351966,14761200
2022-12-01,125.32284545898438,127.5489247624895,124.57774044548115,127.10737793165623,8858500
2022-12-02,124.32940673828125,124.50418396659444,122.65523964188837,123.71309664207149,8931900
2022-12-05,120.84309387207031,123.78668365587976,120.13480538826083,123.48312543307155,10154500
2022-12-06,121.04547119140625,124.28341167026855,119.46329652764835,122.70123700651065,13966700
2022-12-07,120.96268463134766,122.41607826790143,119.88644037637134,120.78790740397876,11739400
2022-12-08,122.23212432861328,122.3241027521174,120.89830384505628,121.72619387306531,8907300
2022-12-09,121.5698013305664,123.04158223049309,121.42261902975072,121.60658988773196,7957800
2022-12-12,123.45553588867188,123.86026616731614,121.05467896369105,121.79056240564566,8841600
2022-12-13,123.33594512939453,126.10474369939061,122.41607681611092,125.9207728439492,10025400
2022-12-14,122.71964263916016,124.83534269787218,122.12171977687336,123.05998944459526,9966100
2022-12-15,119.67488098144531,121.49621643048803,118.70901638225929,120.64073154455386,12087800
2022-12-16,118.92977905273438,119.490899337199,118.13869166867077,118.80099803840206,21133700
2022-12-19,119.6380615234375,120.80629812297502,118.74578820421029,119.26091217488259,9017200
2022-12-20,120.21758270263672,121.46860407226198,119.76684221140744,120.47514468731762,8549900
2022-12-21,121.5698013305664,122.32408605911253,121.21105324487613,121.58818859111081,8051700
2022-12-22,120.19000244140625,120.77871762622489,118.12029864595483,120.59474676273354,8648200
2022-12-23,120.76033020019531,120.90751252232536,119.25174648855914,120.11642508597477,5091900
2022-12-27,121.1834487915039,121.62498162316444,120.08880332386423,121.02707287270906,5411000
2022-12-28,121.84575653076172,122.71962857510283,120.51193631794675,121.28463632779308,8827700
2022-12-29,122.54484558105469,122.59084179934095,121.70776213090038,122.27807593663951,6585200
2022-12-30,123.35433959960938,123.56590536985559,121.82735491540012,122.16770168093653,9292500
2023-01-03,124.2925796508789,125.78277559498537,123.16114575907925,124.40297337315563,11054800
2023-01-04,125.45165252685547,126.64747017646476,124.70656139450348,125.0929044247572,11687600
2023-01-05,125.42383575439453,125.7574349814953,123.89483340528501,125.71109900611238,8381300
2023-01-06,127.82389831542969,128.23163230363767,124.62691374753412,126.14664052373767,10029100
2023-01-09,127.29569244384766,128.6949626305302,126.84163662094194,128.43549812036827,8482300
2023-01-10,128.43551635742188,128.54671140906447,127.24011299323453,127.68490733956229,9048700
2023-01-11,129.3899383544922,129.50113337184368,127.97214532424903,128.71346429292947,8703700
2023-01-12,129.26023864746094,130.5297625475241,129.01003565570718,129.73283172987885,11001700
2023-01-13,132.52207946777344,132.9668879183642,124.91418364348826,125.65551692138334,20200000
2023-01-17,130.47413635253906,131.15985783440507,129.01926884362786,130.81699709347208,14292900
2023-01-18,126.55438995361328,130.40929781304155,126.40612045985449,128.73203981669712,13392600
2023-01-19,124.86783599853516,125.93349276488416,123.79290355298434,125.39604068186362,13303400
2023-01-20,125.17362976074219,125.55356495400356,123.75583661491721,125.24776449160447,13092500
2023-01-23,127.20301818847656,127.84241784151425,124.93269694808096,125.21068450178996,10487100
2023-01-24,128.29649353027344,130.00155011000138,125.09950890834466,126.41536871268397,6945000
2023-01-25,128.9173583984375,128.9173583984375,127.18450302762814,127.92583629217025,8967000
2023-01-26,129.7143096923828,129.788444444534,128.21311984565625,129.19538056708268,7487600
2023-01-27,130.0293426513672,130.90039388480972,129.50113802048105,130.29806866619722,7489900
2023-01-30,128.92665100097656,129.81623972338787,128.72278397297444,129.01930883385893,6729300
2023-01-31,129.6957550048828,129.79768849678175,128.11115511077284,129.6216202707968,9188700
2023-02-01,129.3528594970703,130.54826245171603,127.99066402210332,128.07407442201645,8841800
2023-02-02,128.7505645751953,130.1590963500424,127.87949905837876,129.7328251316886,11822100
2023-02-03,130.7428741455078,131.89194131072503,127.99995969141533,128.04628152779324,11501200
2023-02-06,131.5120086669922,131.8085476082206,129.76061619715742,129.94594596554768,8406200
2023-02-07,133.11514282226562,133.75454259559032,130.82628393444696,131.01162785812542,10447900
2023-02-08,132.17921447753906,133.4765370679939,131.84561522002844,132.18847601755812,6958000
2023-02-09,130.12200927734375,132.82786338490604,129.61234182871374,132.62399640545402,6443100
2023-02-10,130.696533203125,130.91893739625775,128.4262118564423,129.52894300362496,6582900
2023-02-13,132.11434936523438,132.26260469752583,130.41855439555908,130.9374834079669,7134600
2023-02-14,132.6981658935547,133.26343100467656,131.21551327437598,132.0495044889291,9249400
2023-02-15,133.254150390625,133.3375466721923,130.93749274871482,131.2247560339507,6728300
2023-02-16,131.4193572998047,132.8742108997828,131.28961090183597,132.4294166058746,8165300
2023-02-17,131.8085479736328,132.35527574081405,129.797690994526,130.64094356400273,7948800
2023-02-21,129.3899383544922,130.97452391076257,128.57447052124013,130.37219871377147,9996300
2023-02-22,128.3984375,129.20462987621065,127.36057934765923,128.73203678321767,11107500
2023-02-23,129.42701721191406,129.89034870367567,127.82389420955033,128.55595174504145,8068000
2023-02-24,130.5946044921875,130.99307691865604,128.74127856755442,128.90808525344383,9126900
2023-02-27,131.73443603515625,132.80009299558597,131.3267019891547,131.6881000499729,10014700
2023-02-28,132.83714294433594,133.21706401736367,131.49347032058068,132.45720773155335,11019800
2023-03-01,132.09580993652344,132.9390766374571,131.400812705156,131.67881442565394,7139200
2023-03-02,130.72438049316406,131.98462883322537,129.3065728310793,131.80857470789886,11106800
2023-03-03,133.12442016601562,133.19855490846228,130.7336277461975,131.13208607962235,9513100
2023-03-06,132.3460235595703,133.4765394717512,132.1977540780608,132.92055012572462,9261300
2023-03-07,128.4540252685547,131.87341412691322,127.70343047325758,131.59541238871836,11747600
2023-03-08,127.69416809082031,128.42622566147344,126.85090134176944,127.87949786847567,10002500
2023-03-09,120.78123474121094,127.2771504910106,119.74337685446257,126.73040865304195,25888100
2023-03-10,123.84850311279297,125.34043109415272,118.44606324743009,119.50246556164122,37599700
2023-03-13,121.62451171875,124.06163979257856,119.91945529086249,121.5874514223848,42901100
2023-03-14,124.74734497070312,125.59061153495267,121.66155606683311,125.35894582871396,29648100
2023-03-15,118.85379028320312,121.38359043240389,117.43600410626735,121.37431475303909,34280600
2023-03-16,121.16119384765625,122.27318668025714,116.77807450823371,118.62213199908345,24558500
2023-03-17,116.58346557617188,119.05765400044798,116.2498663425754,118.96499618763241,38396000
2023-03-20,117.81593322753906,119.97505971381725,116.76880658293382,117.67693236359524,22875500
2023-03-21,120.9758529663086,122.06930847844701,120.64225373315954,121.01291326343416,17807800
2023-03-22,117.8530044555664,121.077794911188,117.76033956652832,120.98512295227205,17250200
2023-03-23,117.5379409790039,120.03066691183282,116.77807754068986,118.52020864551586,16677600
2023-03-24,115.74949645996094,116.46302396854938,114.081499976421,116.4166879834982,22311100
2023-03-27,119.06693267822266,119.89166217375193,117.028269858248,117.49160135325894,18853900
2023-03-28,119.4283447265625,119.85460183384843,118.37194228939033,119.27081369649973,10820500
2023-03-29,119.66926574707031,120.67006353813926,118.39973482303591,120.55886849682805,14595300
2023-03-30,119.307861328125,120.57738511423462,118.28853344143305,120.4198541009021,12134700
2023-03-31,120.75346374511719,120.7812625063488,119.40054356599062,120.15113839875701,13105200
2023-04-03,120.61446380615234,121.800591357579,119.91946653118723,120.38279804783063,11775400
2023-04-04,119.00206756591797,121.0129246940969,118.06614297272823,120.92952841287085,11579900
2023-04-05,119.17950439453125,119.68382327165587,118.1054771924964,118.42301895348227,9614700
2023-04-06,119.04877471923828,119.61847601793527,118.47907342054128,118.60982383741961,8760200
2023-04-10,119.44100189208984,119.75853651896533,117.88133142990569,118.18019048329045,9477300
2023-04-11,120.0293960571289,120.4216472622933,119.11413611971616,119.82392910432019,10516300
2023-04-12,120.01071166992188,121.81320034337125,119.59977777008011,120.64578096915022,11821000
2023-04-13,120.46833801269531,120.515023384301,118.45103403413674,119.97335336759399,12450200
2023-04-14,129.5648651123047,129.92909937936918,125.98789051486388,126.22137438479558,43931300
2023-04-17,130.59219360351562,130.80699476339154,128.56555541938278,130.70426129549892,16050500
2023-04-18,132.05845642089844,132.41335642388827,129.84503414076758,131.00311913687133,13760100
2023-04-19,131.890380859375,132.1518816759903,131.1245468601976,131.89971508470921,9158100
2023-04-20,131.50746154785156,132.0864970243593,130.6015429309586,130.6669252593258,10586200
2023-04-21,131.2552947998047,131.78764489908252,129.61157337617786,130.5081577667996,11842500
2023-04-24,131.4327392578125,131.77830508418094,130.78832148106375,131.18058693269546,7567500
2023-04-25,128.57489013671875,130.71361027176334,128.53753898948895,130.37739294379983,10629300
2023-04-26,126.29609680175781,128.70565216150288,125.14736009851921,128.52820213199345,14416100
2023-04-27,127.995849609375,128.79903462459137,126.6976799714847,127.01521458778058,9041100
2023-04-28,129.1072235107422,129.18194004628052,126.70700290276079,127.53820476588172,9887300
2023-05-01,131.87168884277344,133.8983271537462,131.52613727038226,132.86165818584794,20415800
2023-05-02,129.7423553466797,133.0017963114376,129.28472168951103,132.05851206408272,14113400
2023-05-03,126.9965591430664,129.50884819203463,126.79109217061149,129.29404699382314,12930900
2023-05-04,125.2593994140625,126.75370161270251,123.10201112468339,126.04391590624556,17089200
2023-05-05,127.70635223388672,128.77103819082956,126.93118401732013,127.42616871874901,11261400
2023-05-08,128.0145263671875,128.8550624891364,127.46349367539342,128.4067775074785,7484900
2023-05-09,127.39814758300781,127.9024664930123,126.27742781021169,126.9498482733093,7343600
2023-05-10,127.46353149414062,128.9391515077541,125.959894551531,128.83641801785927,8133400
2023-05-11,127.06192016601562,127.77170597408696,125.9878858536316,126.08128509843854,7057300
2023-05-12,125.24077606201172,127.93984951394664,124.3348573436473,127.78108216391836,9988600
2023-05-15,126.29609680175781,126.70703071204808,125.11000894791336,125.39952667996555,7639500
2023-05-16,125.44621276855469,126.95918359250788,125.10999544648469,126.51089857998909,6477200
2023-05-17,129.30335998535156,129.43411037810316,126.51090211500139,126.92182174170358,12711500
2023-05-18,130.2839813232422,130.498782463537,128.65892868400402,129.13524483295998,10999600
2023-05-19,129.98512268066406,131.2085900304391,129.0045019071009,130.55482384709921,13492200
2023-05-22,128.91110229492188,132.2826096634749,128.56555075668965,131.68489157670174,11402500
2023-05-23,127.5662612915039,129.84506645540733,127.44485935294365,128.45349726906264,9514900
2023-05-24,126.3988265991211,127.34211057047519,126.15600850043995,126.454860448761,8578000
2023-05-25,126.70702362060547,127.2673906034073,125.68903737754901,125.91318702081462,8472500
2023-05-26,127.89315032958984,128.50955127943172,126.6696969068815,127.11798202916329,8579900
2023-05-30,128.37879943847656,128.6216175747922,127.03392983577807,127.76239849545193,7399900
2023-05-31,126.7444076538086,127.79974520053621,125.52094003650785,127.69701171360947,14219900
2023-06-01,128.4908447265625,129.09789708675177,126.50155759891467,127.50087540035871,12248100
2023-06-02,131.18994140625,132.13321127897007,130.13458956545355,130.34005654774538,12922500
2023-06-05,129.90109252929688,130.85371078269984,129.0045223796328,130.85371078269984,8511900
2023-06-06,130.13455200195312,130.8443520088864,129.07921471650812,129.5181512330025,9329500
2023-06-07,131.3953857421875,131.93707003389363,129.65826516903496,130.33069985868914,9281400
2023-06-08,131.4327392578125,131.58217235836509,130.2653198798546,131.3767054077865,7368100
2023-06-09,131.69424438476562,132.43206143627933,130.94710735890789,131.0778577635055,7249100
2023-06-12,131.68490600585938,131.98377220735534,130.52682085114972,131.75028833145842,7596600
2023-06-13,132.6375274658203,133.4313641129227,130.8817241157406,131.19925877458158,7701600
2023-06-14,132.14254760742188,134.1224864357795,131.40473053409755,133.55278517375058,9068700
2023-06-15,133.63685607910156,133.92637386638867,130.77901511323446,131.30201682584703,9343100
2023-06-16,133.7956085205078,134.45870906481903,133.08582259691903,133.59949002550854,13813500
2023-06-20,133.11383056640625,133.55278140759413,131.72226149001006,133.1885471192388,8428600
2023-06-21,132.917724609375,134.50541231717898,132.3293406070789,133.45939472968294,9926500
2023-06-22,130.35873413085938,133.17922366276454,129.77035013643084,132.90837435550557,10075200
2023-06-23,129.67697143554688,129.9851576611485,128.52822031903222,129.3874394118001,9919500
2023-06-26,129.99449157714844,130.76031131831627,128.59358825115126,129.69562536058743,8429700
2023-06-27,130.0038299560547,130.6015481575484,129.3874290527476,129.81704569009904,8154000
2023-06-28,129.43411254882812,130.01316222705987,128.8457428969404,129.96646260371023,7558600
2023-06-29,133.95437622070312,134.075792408893,130.61089931451409,130.8163662865002,15423200
2023-06-30,135.83157348632812,136.35457505574118,134.1691695332407,135.04707113220857,14212800
2023-07-03,136.92428588867188,137.73680522331213,136.35458465672096,136.53203468399295,8021600
2023-07-05,136.01214599609375,136.75501575980255,135.74884929387335,136.29425370521392,8934900
2023-07-06,134.66744995117188,134.8367059634684,133.00302742062036,134.4887812613519,9709500
2023-07-07,135.7300567626953,137.14058115170417,134.46999175217712,135.32571332517222,8981500
2023-07-10,136.4917449951172,137.28164960047815,135.88052346636812,135.88052346636812,9100100
2023-07-11,138.62632751464844,139.0024759399404,137.01833783588555,137.61074828925305,11260900
2023-07-12,139.31277465820312,140.93017696899278,138.23137845732865,138.65453286860148,11323200
2023-07-13,139.9898223876953,140.4599971273314,138.9366355624607,139.82996469805036,11234900
2023-07-14,140.83615112304688,143.7700370233772,139.5572752064884,142.5099721147579,27028400
2023-07-17,144.23080444335938,144.57872915123014,141.38154673382755,141.38154673382755,17262400
2023-07-18,144.4940948486328,145.18994423405886,143.70420478207672,144.2307981597808,13491700
2023-07-19,145.0488739013672,145.95161550774765,143.139966044264,143.63835000605405,12510000
2023-07-20,146.83555603027344,147.24931207038827,145.1993572243928,145.3121945631174,9935900
2023-07-21,145.70713806152344,146.82615615405976,145.4626523806658,146.50644079864747,10636400
2023-07-24,148.57521057128906,149.3180803107643,145.50026390451757,145.72595293417018,14381400
2023-07-25,147.46560668945312,148.31191544958145,146.656905593702,147.91697040494864,9944700
2023-07-26,148.3495330810547,148.81030950504785,146.95781982809268,147.36217757743256,8728600
2023-07-27,146.71334838867188,149.3087081152689,146.27138292944974,148.35896018619374,10778400
2023-07-28,147.55023193359375,148.19907533355618,147.10826655531773,147.89815662979652,9103800
2023-07-31,148.53758239746094,149.87287668752785,147.77588740827963,147.8040967395169,8892700
2023-08-01,147.80410766601562,148.57520103974898,146.83554895902367,148.03919500943294,6853900
2023-08-02,146.1302947998047,146.40300416806969,144.75739267551066,146.28075415135822,8299400
2023-08-03,147.02362060546875,147.55961225180343,145.14292198230237,145.75414329539473,6084000
2023-08-04,146.71334838867188,148.38716952626356,146.41242962979885,147.07067147908836,6209400
2023-08-07,147.40919494628906,148.29312584697047,147.25874991847195,147.25874991847195,7251800
2023-08-08,146.5816650390625,146.67569136732507,143.4879075627913,145.11472231111318,8623400
2023-08-09,144.6163330078125,146.2431478581163,144.31542865047933,146.05508084120885,6277800
2023-08-10,144.40005493164062,146.16791643636807,143.95808955545877,145.1711483449259,5995100
2023-08-11,145.23695373535156,145.30278507694817,143.52552538554008,143.90165938480195,5180700
2023-08-14,145.53787231445312,145.67891897693212,143.79822028471983,144.44706362930785,5044300
2023-08-15,141.83290100097656,144.12735582105773,141.26868562441484,143.73241079690175,10300300
2023-08-16,141.23109436035156,141.95516749633964,140.7515069300112,141.61664110081486,6978200
2023-08-17,139.76412963867188,142.23723869259535,139.54783895539543,141.87991569368114,9953900
2023-08-18,140.08384704589844,140.5822310649973,138.64511365512735,138.84257898796662,8517500
2023-08-21,140.56344604492188,141.14647252018165,139.19054374369367,140.72330374582677,8327000
2023-08-22,137.64834594726562,140.71387974078053,137.14996192697072,140.35654238713786,9673300
2023-08-23,138.5792694091797,138.78614739957334,136.78321318144037,137.62012347036332,7858000
2023-08-24,138.4476318359375,140.49760089579777,138.22195717332013,138.70153017997455,6534000
2023-08-25,138.27838134765625,139.75472243593128,137.14996494383848,138.49465769081132,6695500
2023-08-28,138.75796508789062,139.74533489819532,138.35362170430923,138.76737776566313,5094100
2023-08-29,139.8863525390625,139.9709948784729,138.40059896745205,138.8989972823225,6337000
2023-08-30,139.32217407226562,140.25311081871706,138.41003398330267,139.7547267719963,6277300
2023-08-31,137.60133361816406,139.50084348167059,137.2534089211085,139.41620112815974,10933900
2023-09-01,138.06210327148438,139.24693832833148,137.00890220569406,137.3756378910462,7903500
2023-09-05,136.53872680664062,139.36918761732844,136.36005812905785,138.38181790077672,7854700
2023-09-06,136.3130645751953,136.85845463739395,135.51376179159,136.06856453152616,8629200
2023-09-07,135.14703369140625,136.60457831204684,134.83671662905607,135.5325804369257,8373700
2023-09-08,135.25048828125,135.52318335910877,134.1408682625153,134.81792114038134,7107900
2023-09-11,135.8428955078125,136.3976982708832,135.11882237294367,136.11559055028286,6854200
2023-09-12,137.61074829101562,138.5323011715463,135.45735415699824,135.88050858043627,8363200
2023-09-13,137.6765594482422,138.8896038639501,137.1217567444918,138.55107750514435,8325900
2023-09-14,140.34716796875,140.95838942649576,138.7203672923135,139.0212716819653,10034900
2023-09-15,139.93338012695312,140.79849978022395,139.46320546657168,140.03681912618072,19863400
2023-09-18,140.22488403320312,140.2436950369441,138.93661007448483,139.32215673392037,6512400
2023-09-19,140.04624938964844,140.78913355766784,138.4288613898162,140.58225551203677,7943400
2023-09-20,139.45384216308594,141.28752092938885,139.30338279031352,140.72330545579,7332000
2023-09-21,138.363037109375,139.9710412101602,137.88346398739847,138.77679322179205,8052400
2023-09-22,137.03709411621094,138.71091465691347,136.52931182743455,138.50403667111058,7071700
2023-09-25,137.7141571044922,137.77998844520116,135.12819643580607,136.67978144617302,7044700
2023-09-26,136.2848358154297,137.1405572392171,135.6265940850523,135.97453313071816,7468400
2023-09-27,137.08413696289062,137.37564298659942,135.88988918481877,136.52933425011622,6717800
2023-09-28,138.7861785888672,139.9898247951475,137.30042466423484,137.55432304561114,8868100
2023-09-29,136.3694305419922,139.88632699398866,136.21897124228417,139.7358820428692,11917800
2023-10-02,135.19403076171875,136.93366845900138,134.12203307115462,136.19079878206526,9170600
2023-10-03,134.19725036621094,135.02474796511103,133.85872405574554,134.65801232448945,9431100
2023-10-04,134.79908752441406,134.9119248569258,133.46377879625967,134.64862818200334,8128700
2023-10-05,135.3674774169922,135.55694661975534,133.40659836773634,134.55280899031126,8576200
2023-10-06,137.45150756835938,138.1903911218125,134.64752846347048,135.37694433963748,10270600
2023-10-09,137.138916015625,137.73569774934012,135.93585596091424,136.08742554116313,6964900
2023-10-10,137.97247314453125,139.0334453930495,137.62198125638162,137.75460098063817,11288800
2023-10-11,138.4461669921875,139.46924000004523,137.3757411371047,138.78719132814007,8698200
2023-10-12,138.12408447265625,139.2134745307247,137.47993546118224,138.58826087525622,10484400
2023-10-13,140.19863891601562,145.03928168920007,140.04706935081757,140.67228296640758,29427000
2023-10-16,140.05654907226562,141.63851843881218,138.98610891137227,141.57220133475337,12663500
2023-10-17,139.75340270996094,141.4395742566608,139.0524043601375,139.7913023258802,11482700
2023-10-18,138.2187957763672,139.70603042248965,137.70725216102403,138.86294467928195,9620300
2023-10-19,137.63148498535156,139.2703038448197,137.24310784044647,137.8114720413774,11143600
2023-10-20,135.4148406982422,137.48940409847202,134.6285897844194,136.94945735914212,13332900
2023-10-23,133.56761169433594,136.1063366664098,133.31183988001058,135.40535277788072,10133400
2023-10-24,133.72866821289062,134.25914727136302,132.96136711370946,133.74761802339899,8881400
2023-10-25,132.99923706054688,133.7381205866468,132.15615127028062,133.16028874973279,8242600
2023-10-26,133.34027099609375,134.2023066571367,132.08037605790858,132.39298287304953,9109400
2023-10-27,128.5375213623047,131.76777717096823,128.0638773242415,131.6256752868679,17434700
2023-10-30,130.17633056640625,130.76364457019,128.8690683469191,129.24799226425498,9855500
2023-10-31,131.72987365722656,131.9003930222097,130.2236891298068,130.45104346496146,9672500
2023-11-01,131.61619567871094,133.12238011414377,131.1709691669338,131.9098526429751,9432000
2023-11-02,133.96548461914062,134.02231959380507,131.8909213170707,132.70558968102353,10186200
2023-11-03,135.4622039794922,136.19161989432564,134.3728284006059,134.6949028990368,9538700
2023-11-06,136.48529052734375,136.58949281129168,135.2632806106388,135.62325476509008,7625100
2023-11-07,136.4189453125,136.65576732228422,135.2916846876805,135.94530129293153,6297900
2023-11-08,137.09153747558594,137.20520742421806,136.049514764893,136.51369114592342,7618200
2023-11-09,136.68417358398438,137.9724857896062,136.12527715585688,137.7735634122232,7992500
2023-11-10,138.71139526367188,138.7587625615186,136.48527680957466,137.2999451873407,7983300
2023-11-13,138.0956573486328,138.5408839096916,137.50834335509538,138.01987256648778,6676300
2023-11-14,140.61546325683594,141.38276438904606,138.79667164043798,138.94822676761797,9927700
2023-11-15,141.84689331054688,142.24475248829165,140.63436597233436,140.63436597233436,8365300
2023-11-16,143.46678161621094,143.54256639967807,142.1784692062087,142.1784692062087,8126200
2023-11-17,144.76458740234375,144.8024725697852,143.5520452271586,144.1772588984719,7812400
2023-11-20,145.20977783203125,145.64553669201902,143.91199783783145,144.06356739386794,7019000
2023-11-21,144.9066619873047,145.53187560312782,144.52775252863756,145.12453420331482,7083500
2023-11-22,145.24769592285156,145.7687073039535,144.84035449600086,145.32348071050913,5174500
2023-11-24,145.44662475585938,146.29919281374606,145.2003350259655,145.49399205704268,3496900
2023-11-27,145.11505126953125,145.4371257209846,144.6603570760402,145.3423911390429,6259100
2023-11-28,145.44662475585938,145.75923159830407,144.6698559434427,145.14350004633388,6582700
2023-11-29,146.1855010986328,147.4264461508105,145.88236197975067,146.04339921623102,9126100
2023-11-30,147.85272216796875,147.90008946187166,146.24233535655063,146.74439687209036,9869800
2023-12-01,148.57266235351562,149.5389002641886,147.60643889731196,147.60643889731196,8916000
2023-12-04,149.6620635986328,149.7188985762758,147.66328497618852,147.79590474217898,9607500
2023-12-05,149.6431121826172,150.1451737523716,148.69582402014166,148.97053122729264,9135600
2023-12-06,148.07058715820312,150.82719874806344,147.77693018657288,150.4672246773074,9366000
2023-12-07,148.52528381347656,149.017877636161,147.91902005266044,148.43056368318955,8130900
2023-12-08,150.16409301757812,150.41038268611402,148.70526144960743,148.97050092478986,7369400
2023-12-11,150.7135467529297,150.90300148739232,149.81361146891027,150.16411790485932,8093900
2023-12-12,152.05870056152344,152.18183819415106,150.50514854635935,150.83669073201253,10223000
2023-12-13,152.57022094726562,153.48909157190943,151.34822564322266,152.05869172694915,12379100
2023-12-14,155.34576416015625,156.1509502866284,153.1859486787862,153.2996186132369,13643000
2023-12-15,156.52041625976562,156.5677835579425,153.83012139517064,154.48375252838963,20309300
2023-12-18,157.4676971435547,158.32026510801109,156.89933295505307,157.17404014465845,8469600
2023-12-19,159.5706787109375,159.58962852032627,156.82354898280948,157.249825740006,10345700
2023-12-20,157.77084350585938,160.48008817985806,157.67610890953222,159.13494074793843,10734700
2023-12-21,158.67076110839844,159.22965763367768,156.94668978089607,158.04554747615234,7601700
2023-12-22,158.57601928710938,159.3622701304102,158.41498204756135,158.67075387718188,6576300
2023-12-26,159.51385498046875,159.87382911188115,158.36762993040162,158.63288391713263,4683600
2023-12-27,160.47059631347656,160.53691341777682,158.74653950976872,158.99282920902155,6428600
2023-12-28,161.3231658935547,161.6641901868301,160.09168847592298,160.4232450918324,6320100
2023-12-29,161.1337127685547,161.69260928256372,160.68848620194564,161.03897817607512,6435100
2024-01-02,163.00933837890625,163.0945908390409,160.00643682914077,160.1769417494101,9977400
2024-01-03,162.2988739013672,162.9714403661268,161.38947095422876,162.80093544417744,9852300
2024-01-04,163.3759002685547,165.2249734767481,162.54666787031996,162.64198661978116,11972500
2024-01-05,164.19558715820312,165.25356125376524,163.43308081610093,163.43308081610093,10066000
2024-01-08,163.95733642578125,164.2813969569435,161.545920016577,163.95733642578125,11229900
2024-01-09,162.66107177734375,163.7380981420264,162.1273216242973,163.57606788439452,9923600
2024-01-10,163.00421142578125,163.0613968688974,161.03122637666203,162.03201526200067,9670200
2024-01-11,162.3179473876953,162.37513282741753,160.73574901857515,162.34654010755642,11919500
2024-01-12,161.12652587890625,168.04623999703182,160.98354774460927,165.6538904699053,19436500
2024-01-16,160.1162109375,160.21151515002774,156.59916117294043,157.14243736078933,17206400
2024-01-17,159.2583770751953,161.14558362965596,158.68650820042498,159.49665940891614,11107500
2024-01-18,159.57293701171875,159.67778183706136,157.49512171042235,159.2869952568206,9382300
2024-01-19,162.3274688720703,162.5752918286845,159.24886492376933,159.6968369137711,13115700
2024-01-22,162.13687133789062,163.9192189754784,161.7556253282643,162.47047250401593,12837500
2024-01-23,161.0693359375,161.79370901610295,160.54511188027425,161.71745692199738,8360800
2024-01-24,162.50857543945312,162.99466623586284,160.94544368265935,161.42200842001844,9967100
2024-01-25,164.83419799804688,164.8818573759675,162.8993465119901,164.2337218321671,8873500
2024-01-26,164.2051239013672,164.94856363380785,163.72855922448986,164.51965833333819,7443000
2024-01-29,164.634033203125,164.73887801633018,163.27106517505794,164.16700911633845,6971200
2024-01-30,168.0081024169922,168.47512645673154,164.72933536370982,164.72933536370982,10822100
2024-01-31,166.18763732910156,169.94296936922615,166.16857066951718,167.94139187726532,11521800
2024-02-01,165.587158203125,166.6451323652847,163.3949577854356,165.5013800519336,9354800
2024-02-02,166.54029846191406,167.57922057647215,165.1391970596281,165.1773303806104,8607600
2024-02-05,166.32107543945312,166.88341827855515,164.81512928623064,165.71107322302376,7820200
2024-02-06,166.89295959472656,167.626858743029,165.61575517744677,166.42592096467948,6764800
2024-02-07,167.20748901367188,167.62686829007302,165.8064021309331,167.45531197350942,7225500
2024-02-08,166.60704040527344,167.09313121719248,165.43469518617331,166.79766339757882,6060300
2024-02-09,166.80715942382812,166.8929521169806,165.52996960737374,166.79763336618873,6296700
2024-02-12,167.5506134033203,168.52280947847834,165.55857641715193,166.58795793021326,8539300
2024-02-13,166.0923309326172,167.96999709238426,164.52919923319496,167.10266035536173,8397600
2024-02-14,167.77938842773438,167.84611447513728,166.24484931709256,166.86439223193935,7056700
2024-02-15,171.4393768310547,171.7634518732101,167.8937343759437,167.8937343759437,8723400
2024-02-16,170.63873291015625,171.54420281252945,169.80951509500167,171.19154963479215,8152600
2024-02-20,171.305908203125,172.001702995224,170.04778521328117,170.7912248308247,9668000
2024-02-21,172.42111206054688,172.50690476436938,170.15267385428854,171.51564198980836,7024000
2024-02-22,174.48939514160156,174.82298168422557,172.74516670530045,173.297983467374,9296500
2024-02-23,175.3662872314453,176.5195656852943,174.60378078668188,175.19471637316317,7105800
2024-02-26,174.76580810546875,175.81425626734668,173.92704957596644,175.1375279912981,7145400
2024-02-27,174.8516082763672,174.9373864430662,173.69832969669645,174.71817072474573,5717100
2024-02-28,175.73800659179688,176.51956515120406,174.38456456464726,174.83252201060458,6131600
2024-02-29,177.3392333984375,177.6918865818416,175.23282581162007,176.9579874998168,9643000
2024-03-01,176.6053466796875,177.70145425651842,176.4242643035929,176.9961332386516,6311800
2024-03-04,177.93017578125,178.7975269592732,175.6331451563437,176.05252438719444,7063600
2024-03-05,179.71253967285156,180.4273866766866,177.62518409467728,177.62518409467728,6617800
2024-03-06,180.64662170410156,181.1613197464156,178.83568158449552,180.37974662423542,7572900
2024-03-07,179.06443786621094,181.57117315213273,177.88256657197127,181.00883022706049,7618300
2024-03-08,179.39804077148438,181.53305614809034,179.11209900460642,179.60773043095472,6172200
2024-03-11,179.46473693847656,179.6077150814977,177.49176654847534,178.50208143397947,5762600
2024-03-12,180.94207763671875,181.24708601861974,179.1025449180289,180.09379307200683,5708400
2024-03-13,182.409912109375,182.74349867848787,180.94208466575625,181.437716033799,7795500
2024-03-14,179.1597442626953,182.64820154761136,178.33052629337638,182.07631805894928,10310900
2024-03-15,181.38052368164062,181.99052590228584,177.73956247395188,177.73956247395188,17214200
2024-03-18,183.62989807128906,183.66801684486174,180.98972578570599,181.69504671739367,9013800
2024-03-19,184.70693969726562,184.84037723128353,183.36303829879972,183.6775727454706,8478700
2024-03-20,187.1278839111328,187.34709958577037,184.5353709588645,185.08818771788046,9367000
2024-03-21,189.7299346923828,190.08258791393138,187.12789552103195,187.30899243272455,11203800
2024-03-22,187.404296875,191.08337691916773,187.32804477821512,189.68227554589657,8108800
2024-03-25,185.6886749267578,187.70930458163005,185.25022900773442,187.38524407916947,8620000
2024-03-26,186.55601501464844,187.44243292704115,184.96429064801697,185.46944807092873,5961500
2024-03-27,190.16836547851562,190.244617569139,187.17554000364467,187.28991086778012,8725800
2024-03-28,190.91180419921875,191.31211676523003,189.23428730134387,190.13977178308275,8628300
2024-04-01,189.61553955078125,191.52179809329462,189.26288637436778,190.61632819432046,7309000
2024-04-02,189.53932189941406,190.41619924304973,188.79588209625334,189.09134989704782,7014700
2024-04-03,189.00559997558594,190.20653801928486,188.43371640605122,189.71090656192834,9353400
2024-04-04,187.56752014160156,191.43103611802593,187.47166000683382,190.92293205560827,9243800
2024-04-05,189.2931671142578,189.93548708042957,187.0498380452217,188.05646456443594,6532300
2024-04-08,190.28062438964844,190.7599689797472,189.4561511095411,189.4561511095411,8001000
2024-04-09,189.00558471679688,190.66412769503867,186.858130102975,189.88759172283076,7351500
2024-04-10,187.39495849609375,188.9288668988633,186.1582413721076,187.4716553790757,7681400
2024-04-11,187.35659790039062,188.44951748332386,185.2570811252899,187.90305769185724,10137700
2024-04-12,175.23876953125,181.1251198648831,174.99909726257042,180.54033357260192,31532300
2024-04-15,175.3346710205078,179.71588778155154,174.67317311755488,176.8781612512524,14766600
2024-04-16,173.3309783935547,175.59348507440095,172.22847723934825,175.34421656606602,16451800
2024-04-17,172.64071655273438,174.88404529771748,171.79706555321258,173.87741892391227,9017100
2024-04-18,173.76239013671875,175.78522461530977,172.53526932423483,173.61859263073782,9557700
2024-04-19,178.12445068359375,178.20114757259395,173.91580581309498,174.86489872904636,13402300
2024-04-22,181.58529663085938,182.27555391774052,178.2969855796847,178.3065818323909,11529700
2024-04-23,184.2025146484375,184.28879315265974,182.6494430587006,183.23424396804157,9144400
2024-04-24,185.10369873046875,185.24749624840408,182.313909855042,182.65903852652195,6964900
2024-04-25,185.38172912597656,185.92818900106786,183.28219740115048,184.30800188452403,9802300
2024-04-26,185.4967498779297,186.81973082192815,185.08450597891687,185.57344675747706,6413700
2024-04-29,185.29541015625,186.23492128742024,184.4805186486911,185.48714503201876,5387800
2024-04-30,183.81906127929688,186.93480098954225,183.72318651376133,184.8448510540374,8153700
2024-05-01,183.93409729003906,186.42669488243652,182.90829289804591,184.3271633446403,7445300
2024-05-02,183.74237060546875,185.50635517485986,181.69077635818138,185.09412585167607,6501700
2024-05-03,182.6398468017578,184.5764027909394,180.67454593960358,184.06829876150786,8922800
2024-05-06,184.0683135986328,184.260048499611,181.97837830963059,183.80946343667284,7911100
2024-05-07,183.82862854003906,184.95987461709856,183.7327537819952,183.78069116101713,7688800
2024-05-08,187.56752014160156,188.52620925988919,183.10962159293808,183.10962159293808,9227600
2024-05-09,189.34109497070312,189.42737347784018,187.04024700977476,187.10734763918092,7977300
2024-05-10,190.55860900878906,191.1050541101608,190.07926452794985,190.33810001513152,7529800
2024-05-13,190.52027893066406,191.5940206597629,189.85878111742107,190.58739418867287,7049200
2024-05-14,193.18544006347656,193.2525553237889,189.97384027592776,190.7791356290652,8596200
2024-05-15,193.7606658935547,194.31670735941614,191.51733677946362,193.66479112658575,8370000
2024-05-16,194.10577392578125,196.03273365800683,193.64560727584146,193.866101662291,8497900
2024-05-17,196.3299560546875,196.57922461043975,194.43175552282327,195.3904447287962,9260500
2024-05-20,187.5004119873047,197.37491243517428,187.32784034615054,195.94646044000078,17373300
2024-05-21,191.2776641845703,191.64195611591128,188.47829360909478,188.86176341948598,14420800
2024-05-22,190.11764526367188,192.63900243934597,189.52326266468145,190.77914312561188,9425300
2024-05-23,188.78506469726562,190.10806039860006,187.97018770099368,189.63829745126534,8069400
2024-05-24,192.41851806640625,192.46644082422952,189.39863827328057,189.58079156400566,7356200
2024-05-28,191.25845336914062,192.13086386024486,190.4531581289366,191.6035819904328,6910200
2024-05-29,189.9259033203125,190.76955443221763,188.75630141642043,189.82044693132437,6120000
2024-05-30,191.0955047607422,191.59402720097117,190.2039162690166,190.35731003961553,6829100
2024-05-31,194.25918579101562,194.9015057616244,190.1559974279023,191.06674918836447,14417900
2024-06-03,193.48265075683594,194.05785546823523,190.9612936179844,193.95239907688003,6444300
2024-06-04,190.93252563476562,193.63602130368506,190.08887454138957,191.89121473962575,6848300
2024-06-05,189.1110076904297,191.56526408846938,188.78505690537415,191.50773045425237,8351600
2024-06-06,188.77549743652344,189.8396430536934,187.26076671659627,189.11102988577807,7640300
2024-06-07,191.68988037109375,192.61980995746194,188.8713321096013,189.2739797714667,6964500
2024-06-10,191.3639373779297,192.54312090911645,190.24227285385908,191.0092270817566,6070800
2024-06-11,186.330810546875,189.76291921555642,185.60221211085312,189.73415971337363,9235300
2024-06-12,183.6177215576172,188.59332031104074,183.40680878602598,187.9030629910031,12751300
2024-06-13,185.65975952148438,186.54175185638388,182.99460463625155,184.3751194659853,8587800
2024-06-14,185.7747802734375,186.81016629946183,183.5122733191848,183.54103282309364,6874000
2024-06-17,186.9252166748047,187.50043604788635,184.68188745097152,185.4871828705368,8725400
2024-06-18,188.8617706298828,189.78211868976877,186.11033733277037,186.56092242282216,9023000
2024-06-20,190.4627685546875,191.21054490916163,188.00852671144565,188.276958498773,8731100
2024-06-21,188.19065856933594,189.0247133401474,186.19658364154085,188.5837245804855,20972100
2024-06-24,190.66409301757812,190.99962542574337,188.957627588703,189.6382886582382,9785900
2024-06-25,189.8875732421875,191.8049516055998,189.57120405681215,189.9067364933477,6862500
2024-06-26,189.2739715576172,189.76291233386254,188.17148500476569,189.29314943452172,7758600
2024-06-27,190.94210815429688,191.6036059802996,188.76587978010525,189.28358009107907,7913500
2024-06-28,193.9044647216797,194.23043015450833,191.06675299288662,191.74741410626976,15307600
2024-07-01,196.9626922607422,198.53494195599288,194.28795584220356,194.46051287571873,10205800
2024-07-02,200.20303344726562,200.2317929481146,196.31075829574527,196.80926606274986,7802900
2024-07-03,200.06883239746094,201.68901933140828,199.07178753267723,200.893305615925,5560900
2024-07-05,197.4178466796875,199.9049721380336,197.15757688402516,199.53866159652915,8093100
2024-07-08,197.78414916992188,199.45186733579698,196.6273505271732,197.65882429121405,8707000
2024-07-09,200.1555938720703,202.20890663088076,198.05406339705047,198.2275912793329,9058900
2024-07-10,200.31947326660156,200.48335172261358,198.17938920186893,198.71922757684789,8328500
2024-07-11,199.98207092285156,200.6086806066436,197.98659583908096,198.78671869994315,10658100
2024-07-12,197.56243896484375,199.9820770572198,194.82467866192138,196.65627534258937,15443400
2024-07-15,202.4884796142578,203.99231931553012,199.27835346292989,199.731435258761,10719700
2024-07-16,205.92996215820312,206.04565232180363,200.58940119084525,202.44028200402863,11557000
2024-07-17,209.06295776367188,209.72812101590785,205.59256190040833,206.1034814139679,11572500
2024-07-18,202.4209747314453,208.8412264717513,201.70762323329453,207.8675905221039,12415100
2024-07-19,202.2281951904297,204.70568563674118,201.3991534690736,203.59707529601897,8095900
2024-07-22,202.71018981933594,204.53215166667349,202.16071673369055,202.883717700245,7663200
2024-07-23,202.75840759277344,203.86700327176683,201.81369037966206,203.42357088396682,5557300
2024-07-24,201.08103942871094,204.39720644869962,200.57976931414956,202.00648720315863,7119000
2024-07-25,201.15814208984375,202.62342813048153,200.56046601291564,201.1388579458968,6403800
2024-07-26,204.59963989257812,205.48651931773958,201.10994520654938,201.7076360111633,8027800
2024-07-29,203.2596893310547,205.9203277459261,202.97048598586377,204.99487998321382,6533600
2024-07-30,207.44345092773438,208.02184290665085,205.2937320559166,205.5540018271571,8850700
2024-07-31,205.13949584960938,208.60025726077208,205.01417096363343,207.04821445631424,9071600
2024-08-01,200.47372436523438,206.13240750216778,198.9506004887708,205.5250819532728,10918600
2024-08-02,191.97120666503906,197.3021323543609,189.80220387142558,196.54057784566848,18041700
2024-08-05,187.88385009765625,189.10813588433086,184.0278448440605,187.06445780696276,13927000
2024-08-06,193.12803649902344,195.30668907206046,187.0162711674383,188.36586724051912,10605800
2024-08-07,193.18585205078125,198.3432648205562,192.99305473526,196.1838966420379,9204400
2024-08-08,196.714111328125,197.53351835192714,194.5258241649833,195.18135272592363,7761200
2024-08-09,198.39149475097656,199.03737393584737,195.5958818132959,196.1453696820707,5540200
2024-08-12,198.76744079589844,199.68323913689548,196.32851855610414,198.97952226974954,6936000
2024-08-13,200.45443725585938,200.59903157036632,198.00586566059425,200.2519905060568,6387800
2024-08-14,202.67166137695312,203.17293151843467,199.66396698059305,200.26165785619665,6999800
2024-08-15,203.93446350097656,206.19022285279857,203.50066588862487,205.33226234499492,7001000
2024-08-16,206.26736450195312,206.38303995381162,203.9730366434738,204.06944265968446,7931200
2024-08-19,207.694091796875,207.7712136714554,206.1227795694666,206.29629275515234,6090800
2024-08-20,206.7975616455078,208.224279441542,205.98778937957647,207.26027814783114,5640000
2024-08-21,206.87469482421875,207.26028947898703,205.17804304045464,206.71080165097436,5202300
2024-08-22,208.8315887451172,208.99546718718165,206.62401771665034,206.85538330458962,5247100
2024-08-23,210.4511260986328,211.29945196841106,208.70628606060572,209.76669339782856,7214000
2024-08-26,211.28018188476562,211.77181729592928,210.2005050400954,211.12593813281453,5105200
2024-08-27,212.25381469726562,212.48518032160453,211.29946275454142,211.6079355441664,5185200
2024-08-28,213.3238525390625,214.210746726538,211.29945852719868,211.3572962547529,6506400
2024-08-29,214.2107391357422,214.9530095590424,211.05845071030296,214.15288670074474,6416100
2024-08-30,216.70750427246094,217.36301812340238,213.9408104229473,214.49029824755388,8574100
2024-09-03,212.3695068359375,216.032715019767,211.3476677272337,214.29750959484844,8956100
2024-09-04,211.43441772460938,214.0757867173276,209.39073957096207,213.08285179473262,7389500
2024-09-05,209.79562377929688,212.85150637044612,208.25321569674185,212.22489665150468,8067900
2024-09-06,204.81173706054688,210.86566447314522,203.49104518429826,209.76670350231032,7777000
2024-09-09,209.005126953125,210.29688521091413,206.4697987366713,207.4434494984693,8935100
2024-09-10,198.1601104736328,210.7692495990519,193.3883068457007,210.73069601813924,28406900
2024-09-11,199.77000427246094,200.22308610329478,194.5644026413618,197.86128563565708,13658700
2024-09-12,199.1626739501953,201.2641897182195,197.51422525926967,200.1748635449911,9054400
2024-09-13,196.9647674560547,200.36769112363794,195.7115627301204,199.41332446960854,10226700
2024-09-16,200.3773193359375,200.71472568909704,198.18903217312973,198.42039779039567,8634900
2024-09-17,201.71728515625,202.3727990223658,200.18452651974977,200.25199896620595,7573300
2024-09-18,200.0592041015625,203.73204698540877,199.25908119547495,201.4859220173664,8259900
2024-09-19,202.90298461914062,204.2815140938797,199.87602119841407,202.22818666728926,11635200
2024-09-20,203.4910125732422,203.8091347387514,201.9582541744633,202.37276763560212,20885000
2024-09-23,203.82843017578125,204.17547122015796,202.4306312810249,203.4042672649328,7223500
2024-09-24,203.9730224609375,205.28406475898234,202.79693975050793,203.54885955429185,7323200
2024-09-25,202.62342834472656,204.59963388085862,201.10030458012938,204.05978081621666,8976500
2024-09-26,202.2281951904297,204.07907595472616,201.48591005736264,203.5296028527362,7807500
2024-09-27,202.92227172851562,204.79243658632572,201.7943919833347,203.06686603834945,7032500
2024-09-30,203.2693328857422,203.36573890816123,197.87091923913886,198.8831236365637,8663800
2024-10-01,199.58682250976562,201.56302811498028,198.76743023115927,201.37986551461756,8540100
2024-10-02,199.8278350830078,201.4280808680096,198.2854417354765,199.62540303508803,5810900
2024-10-03,197.84197998046875,199.05663101596807,196.9840194235567,198.7481435436215,7251300
2024-10-04,204.8641357421875,205.30059173762103,200.68383122656712,203.00191264193967,10211700
2024-10-07,204.5828399658203,206.9106297822478,203.3801626203171,204.67983675803367,6718900
2024-10-08,204.4082489013672,204.970797696838,202.10957012647233,204.2433662060858,6021800
2024-10-09,206.9979248046875,207.7932570879516,203.07949994464997,203.3898630505735,7024000
2024-10-10,206.43536376953125,208.34608508892396,205.10659358890175,208.34608508892396,7927100
2024-10-11,215.60101318359375,217.87061094482132,208.6855737425154,209.18022188553982,18320700
2024-10-14,214.81539916992188,216.96859791284456,212.2936451428216,216.4836435076752,9048900
2024-10-15,215.69801330566406,218.66593180883564,215.14517299607007,216.92980160195145,9235800
2024-10-16,216.91038513183594,216.94917496872304,214.38861654483065,215.63980707901965,6382500
2024-10-17,217.66693115234375,219.05390843235912,216.59033179219864,217.52145075217567,6470200
2024-10-18,218.5883026123047,219.12175531727908,216.38662068393128,218.22944115606336,7000500
2024-10-21,216.28964233398438,218.90839289110613,216.19264554312963,218.44284085419463,5870000
2024-10-22,217.3759307861328,218.50102841802638,214.4468171991565,216.30904010730856,9586800
2024-10-23,216.6873321533203,218.03550481569224,215.8338076592832,216.9298093573414,6180500
2024-10-24,218.21006774902344,218.28766222544806,214.98997837538428,215.15486108792416,6002200
2024-10-25,215.6204071044922,218.83080262847554,214.23344472630617,218.22946395257756,6369700
2024-10-28,218.7144317626953,218.85021840107262,216.24116139259178,216.6291337876938,6843000
2024-10-29,216.19265747070312,219.92681213014208,216.1053692338975,218.43315914614644,6580000
2024-10-30,217.6572265625,219.5000472712289,214.91238301870854,215.84348713272396,7110900
2024-10-31,215.24212646484375,218.89868622999063,215.14514447933752,217.93847133580033,7829900
2024-11-01,216.23146057128906,219.34485939228048,215.99867714182966,216.83279926451777,6923500
2024-11-04,213.16653442382812,217.02676693348934,212.57488952061908,215.95016767681818,8229600
2024-11-05,214.82510375976562,215.28096207617114,213.37993433119982,213.40903041100157,5600700
2024-11-06,239.62564086914062,240.53735741437822,227.70546946717758,227.9285443241084,23987800
2024-11-07,229.26702880859375,237.21058362240817,228.1419311373641,237.14268290793603,16451100
2024-11-08,229.84896850585938,232.13795371871322,228.68508098059854,232.13795371871322,9502100
2024-11-11,232.08946228027344,234.81491834649185,231.8081952497588,232.7781040164942,9017100
2024-11-12,232.35133361816406,234.194169089919,231.57540367214264,233.31154859132423,6861000
2024-11-13,233.9031982421875,236.74502378242778,233.07876988293,233.34064938993217,11472600
2024-11-14,234.5918426513672,236.9390202307555,233.79652511106855,235.1252954647814,10172200
2024-11-15,237.92831420898438,239.00491351851235,234.19417438377397,234.19417438377397,11518800
2024-11-18,237.65673828125,240.46946771808433,235.37744681373624,240.30458500761375,9051400
2024-11-19,235.77511596679688,237.77312563640768,234.28146299425183,234.96039616359047,6792700
2024-11-20,233.53463745117188,237.24938989567428,231.4590332309668,237.04570253777942,9015300
2024-11-21,237.3948516845703,238.10289570204407,234.8245995104416,235.9108925350345,8783500
2024-11-22,241.07081604003906,241.6527523940075,235.71691574566026,236.2794645809059,7997300
2024-11-25,242.75843811035156,246.65747516559617,241.56545457241828,242.07950499118758,10295400
2024-11-26,242.44808959960938,243.44709442063177,240.8671336131068,242.95244628971668,6212100
2024-11-27,242.2734832763672,243.63136431157088,241.2841870760072,241.8467358877818,5472300
2024-11-29,242.20562744140625,244.19394344725544,241.94374792072875,242.34141408182535,5494800
2024-12-02,238.8400115966797,242.71964630281866,237.65672182733675,242.04071318917073,8899700
2024-12-03,237.45306396484375,241.54606521705796,237.2687789369744,240.76044150846369,6657700
2024-12-04,236.07577514648438,237.96710897912115,234.9409837266818,237.3366594350314,7346300
2024-12-05,238.09320068359375,239.74204263244474,237.25907854952092,238.00591244621754,6572500
2024-12-06,239.91661071777344,240.28518075058238,237.47243671004654,238.30655876349758,5519700
2024-12-09,236.4734649658203,240.4112923726013,236.42496656531813,239.69356932385114,7076500
2024-12-10,235.55203247070312,240.498572865486,234.93129148152076,236.55103726892423,9108300
2024-12-11,236.20187377929688,236.919611573279,234.89249106315413,236.6577320701239,7884400
2024-12-12,234.26206970214844,236.75474240518315,233.7868090654814,235.68783681251583,6113800
2024-12-13,232.71990966796875,235.4162548301433,231.94397970195718,234.7858200575525,10392700
2024-12-16,232.3707275390625,233.42792446749883,230.3727179900156,233.36973231358596,9032000
2024-12-17,231.1874542236328,231.8275975615697,229.50951620113162,231.46872125413844,8083600
2024-12-18,223.4378662109375,231.87608388142587,222.62314644125652,231.80818316746954,11322400
2024-12-19,225.949951171875,229.24763503500648,225.28071175973975,225.28071175973975,11790800
2024-12-20,230.4503173828125,232.0118710112261,224.6211565141942,224.941228167182,32348400
2024-12-23,231.21653747558594,231.43961233565523,227.81216322118433,228.96635695747324,8611500
2024-12-24,235.01856994628906,235.1931612045448,231.87607529400537,232.22522821125293,3729100
2024-12-26,235.8236083984375,235.93999271034167,233.54431695942878,234.16505795563904,4451800
2024-12-27,233.9128875732422,236.0660861464205,232.8168859680783,235.41624907067862,5730200
2024-12-30,232.1185760498047,233.59282673786723,229.97507113678503,231.5851232615298,5723800
2024-12-31,232.496826171875,234.17476411638413,231.83728054536303,232.8265915853147,4871000
2025-01-02,232.77809143066406,235.9593908295792,232.24463867787563,233.67040567185904,9220900
2025-01-03,235.9593963623047,237.51125626141643,233.0302678325568,236.55104128388234,9491100
2025-01-06,234.80899047851562,239.52758971131513,234.5457584708976,237.58749766624487,9917800
2025-01-07,237.07078552246094,239.10836037665226,234.85771770955677,236.0666212689191,8753400
2025-01-08,237.0318145751953,238.1237179586147,234.467775512986,236.6613409803632,8675300
2025-01-10,233.8535614013672,237.69474046339533,232.75191424539267,236.99279835682842,10256800
2025-01-13,238.084716796875,238.4064266263034,233.00538778135987,233.65858101637204,10005300
2025-01-14,241.262939453125,241.5066689337318,236.11537401279514,236.57358662642125,12407400
2025-01-15,246.0205535888672,247.3074375627741,237.5680017698704,244.11945166267157,18448500
2025-01-16,247.8923797607422,250.5929065217044,246.00103664570244,247.62914776120917,15292300
2025-01-17,252.6597442626953,254.08311616597211,245.81581595917703,247.76565189599165,17678100
2025-01-21,256.43267822265625,257.6220793628749,252.9912189012906,253.54692929719334,13712100
2025-01-22,256.2474670410156,256.77393113987694,253.72243275979156,256.305959746207,9021900
2025-01-23,259.2794494628906,260.1665986454837,257.1931106983808,258.05104328370686,10749700
2025-01-24,258.197265625,260.4005897068569,256.4131788721569,257.07611593589155,7666300
2025-01-27,259.18194580078125,259.29893119572284,255.68199389214797,257.54409076732867,7522300
2025-01-28,260.4395751953125,260.62478221944906,258.18748753394436,259.18192280699503,7375400
2025-01-29,259.89361572265625,263.89078529426916,258.94794411487567,260.50781879552153,7684900
2025-01-30,261.50225830078125,262.93538890949,259.93262489498824,261.8922195390952,8753500
2025-01-31,260.5955505371094,264.02728068876934,260.2640820114848,262.4771647518187,7193800
2025-02-03,260.11785888671875,261.4437627852604,255.13604238526239,255.262756728444,8381400
2025-02-04,261.21954345703125,263.07188179280973,260.13736895555724,263.07188179280973,5626000
2025-02-05,263.6470642089844,263.8518184078893,261.59973048488587,262.1651995788102,5704400
2025-02-06,269.95477294921875,270.0327830459936,264.38799981532753,265.61640594638817,7264400
2025-02-07,268.8823547363281,271.56337905921515,267.8196977567854,270.3154852917386,6857900
2025-02-10,264.2417907714844,269.2528539667919,262.8281477293246,269.2236076160228,8627400
2025-02-11,268.09271240234375,269.29187234750515,262.8964121442548,263.4813689407272,7196400
2025-02-12,268.5411682128906,269.51608618824747,266.3963367662514,267.205505594858,6683900
2025-02-13,269.38934326171875,270.02303399802724,266.9422896122563,268.5899033779397,8398700
2025-02-14,269.6525573730469,272.22635509125433,269.516084328549,270.41299219849265,5688600
2025-02-18,272.92828369140625,272.94777133904427,269.0968336529695,269.8182931454493,7919800
2025-02-19,272.245849609375,273.2207676026046,270.26676727320427,271.39767571560697,7007200
2025-02-20,260.1081237792969,271.74864767378955,259.0747130267057,271.69015497097405,13846700
2025-02-21,257.6122741699219,262.4478879586425,256.2473951779969,261.58995552025243,12835600
2025-02-24,254.78504943847656,260.3030885181435,252.12351276645532,258.830952916328,10372800
2025-02-25,250.94386291503906,256.4034091360431,246.99545729877843,255.6527330596067,9608400
2025-02-26,252.29904174804688,254.36586318209035,250.48567876676748,250.70992062126717,5943600
2025-02-27,252.55247497558594,257.0273744049559,251.39232027199134,253.65413698422063,8204400
2025-02-28,258.0120544433594,258.16804490068563,251.42162869611653,254.19039237134785,10467100
2025-03-03,254.0831298828125,259.64017450358887,251.35337132475837,257.37835755426585,9058300
2025-03-04,243.97323608398438,250.7781746183949,239.78108559563927,248.8770725662363,13465600
2025-03-05,245.2211151123047,246.7029945878236,241.61392160869326,244.9481392715601,7861400
2025-03-06,240.3562774658203,243.10555336966488,237.73376053853926,241.886905868188,9983200
2025-03-07,236.20310974121094,240.53174763621962,233.414843927151,239.07911459680213,20498700
2025-03-10,226.3954315185547,231.55274056363587,222.96371641209598,230.2853592191741,18887200
2025-03-11,223.3927001953125,227.4678649933782,221.00415417455685,225.9372366595305,18143000
2025-03-12,222.1837921142578,228.44277836700155,221.55984522899598,228.13079748633706,16054000
2025-03-13,219.54177856445312,223.74367260665568,218.6058507740928,223.54869198918365,16467900
2025-03-14,226.60995483398438,227.29239449651655,221.87185249687687,222.39830170052483,11962100
2025-03-17,228.06253051757812,229.758892969209,224.6795791897789,225.38150637121063,9586000
2025-03-18,229.0764617919922,230.2463603051488,227.66283380209185,228.44277110288516,10344900
2025-03-19,233.11264038085938,236.25187748793,228.99848528714736,229.8271715262197,10120600
2025-03-20,233.01513671875,235.69616111397977,230.27561962597693,230.62659068730426,8328500
2025-03-21,235.56942749023438,236.2226207273677,230.5680936788464,231.8452338048883,19326900
2025-03-24,241.838134765625,242.4523378102599,238.2796903387956,239.3228447686283,9422700
2025-03-25,244.83116149902344,245.50385729754217,241.4091898067444,243.05680360286865,9287700
2025-03-26,244.73365783691406,248.28235866743117,243.51501036934545,246.26428619669275,12779300
2025-03-27,241.89662170410156,244.35341894811367,240.98019650885527,243.27125949697103,8022500
2025-03-28,236.7588348388672,243.25177720979866,235.06247221658606,240.7462457637879,11978400
2025-03-31,239.14735412597656,239.69330574761779,231.4065039344034,233.40508852339184,13603000
2025-04-01,237.54852294921875,239.52760529495902,234.8382521050207,236.53459990075916,8054700
2025-04-02,239.65432739257812,241.0484528611315,235.40368471674867,235.54017262888723,7758800
2025-04-03,222.95399475097656,229.24221273335493,221.59885935670877,228.39403885290514,17188500
2025-04-04,206.2684783935547,213.54692494518173,204.94422641328694,211.20251967446586,27170700
2025-04-07,210.34913635253906,217.81396118841425,198.303402775656,201.84453550263905,22914400
2025-04-08,212.73275756835938,223.49348363812953,209.18182124244132,219.25590423367711,19485700
2025-04-09,229.86949157714844,232.9495891897229,206.9747524141952,208.4461369100307,24022400
2025-04-10,222.7774200439453,225.95561590830835,215.9011552975308,225.6122868759835,18896400
2025-04-11,231.69400024414062,234.02860167946685,220.70766608161722,221.99267276486097,20284500
2025-04-14,230.24224853515625,235.20571653709092,229.1730460537919,232.57685007270544,13017800
2025-04-15,228.6825714111328,234.0972553015322,228.37848769241106,231.5959137609775,10912900
2025-04-16,225.229736328125,229.1240019340848,223.58177786322105,227.57414175874206,9322300
2025-04-17,227.534912109375,229.86949873745436,226.15180704795938,226.39703780490407,9557900
2025-04-21,224.62156677246094,227.38776189376563,222.02211180001825,226.23027991963676,8716200
2025-04-22,231.09564208984375,231.48802026386073,226.95614590207006,227.5545095207112,10701400
2025-04-23,236.28472900390625,242.08197236154456,235.4215120035636,235.63731625364926,14126800
2025-04-24,239.97300720214844,240.78717510551016,233.04769307035298,235.16649038746075,9055200
2025-04-25,238.90379333496094,240.93429610814024,237.13812898804628,239.98279962585002,8588600
2025-04-28,238.58009338378906,242.13102985600685,236.24549185288936,239.89452661223797,7394300
2025-04-29,239.953369140625,240.5713553936845,237.07927205884616,237.56973353773236,7216800
2025-04-30,239.953369140625,240.54192890236706,233.88145363718232,236.6084332300704,12991700
2025-05-01,242.18008422851562,243.7103217475342,237.55012636868136,238.20734299709588,8689600
2025-05-02,247.69285583496094,248.78168093946223,244.70105272563194,246.4667021122206,7165000
2025-05-05,247.74191284179688,250.29231865313628,245.80949331599908,246.388234299257,5450700
2025-05-06,244.49505615234375,247.83018834347143,244.2498254039462,245.23074839753636,6369900
2025-05-07,244.6324005126953,247.63402267137778,244.08308599577276,245.08363170456627,8724100
2025-05-08,248.63453674316406,250.99856460126213,246.7511665100619,246.77078915965458,8320100
2025-05-09,248.25198364257812,250.635619242527,247.52609526635226,249.64489244477116,5087600
2025-05-12,255.08900451660156,258.57129899597703,253.7647824650602,257.8846409478204,9603900
2025-05-13,257.9925537109375,258.639966447806,255.4225403810428,256.0503155003321,8589000
2025-05-14,260.5724182128906,261.5533412811179,257.28631994724986,257.9827669437803,8643100
2025-05-15,262.3870544433594,264.3783267139839,259.70915411050737,261.87698531695685,9214600
2025-05-16,262.45574951171875,263.33857420454694,259.66011303826815,262.3968965278898,8932900
2025-05-19,259.8268737792969,263.2012510960716,256.933139124985,260.4840753869021,12145000
2025-05-20,260.61163330078125,261.5729486833489,257.29610854408895,257.51191281628184,8436300
2025-05-21,256.0601501464844,260.58219084007044,255.7560664091254,259.3070029050421,7464000
2025-05-22,255.6972198486328,257.29609924459567,253.93154043030927,254.49067374288148,6514100
2025-05-23,255.73643493652344,256.9920152183282,251.11629584411466,251.9108411041023,6671800
2025-05-27,260.22906494140625,260.23885381510826,256.99200115618,257.04106526626447,7506600
2025-05-28,258.46337890625,261.63177081627316,257.8846379571237,261.16091702282114,5535400
2025-05-29,259.3266296386719,260.3467980228732,257.5217347653291,259.74841937820054,5081200
2025-05-30,258.96368408203125,260.26829856132497,257.7179225906518,258.4241883810186,10977700
2025-06-02,259.611083984375,259.97402070361045,256.90372693326515,258.00235590026796,6011200
2025-06-03,261.19036865234375,261.49445240173793,257.86505509318295,258.69884566926845,6998400
2025-06-04,259.17950439453125,262.02417541627636,259.1402590883603,260.8470856497254,5915700
2025-06-05,256.9527587890625,259.6895120537283,255.34403090689912,259.6895120537283,8173800
2025-06-06,260.66070556640625,261.5631380525988,259.218747415162,259.2873892811091,7738100
2025-06-09,261.6513977050781,262.7892720045682,258.32608422186917,260.9255242470256,8285000
2025-06-10,263.4759216308594,263.7701865542935,260.77838340293533,260.80780989527875,7538100
2025-06-11,263.03448486328125,264.4764428071077,260.71952105435884,263.5543728329388,7434100
2025-06-12,263.1227722167969,263.17183632733907,260.0819349081481,261.76909370629187,6618000
2025-06-13,259.89556884765625,261.92605676944186,257.69828090375347,260.0230636958611,7098300
2025-06-16,265.20233154296875,266.5462212171046,261.75931212188453,261.90644458682067,8566000
2025-06-17,264.3783264160156,265.42792109233284,262.6911378485661,263.0541044634296,6739300
2025-06-18,268.7336730957031,272.4219533800811,264.5745689012487,264.849226160592,9586400
2025-06-20,269.7538146972656,272.00992553694005,268.5865139770169,270.3129479704052,13969700
2025-06-23,272.96142578125,273.2360830171409,266.9189366562568,269.81267140989485,8094600
2025-06-24,275.8944091796875,277.31672955102783,274.1777939507156,274.864422081068,9267900
2025-06-25,278.6409912109375,278.85679547317505,275.55108967897763,276.1298306696613,6826900
2025-06-26,283.24151611328125,283.88892888521605,279.04316687272353,279.26878993935657,8942100
2025-06-27,281.6327819824219,283.19247586135157,279.6022941678673,280.3575940845552,17868600
2025-06-30,284.37939453125,287.0671140098136,283.4082903268862,284.86003722869964,12689200
2025-07-01,284.8698425292969,285.57610826317716,281.122709609671,285.3406963303482,9338300
2025-07-02,286.42950439453125,287.2338684064349,284.17339356010143,286.4687496948515,8158700
2025-07-03,291.75201416015625,292.1462676228288,287.03074848169234,287.95726066275904,6541600
2025-07-07,287.7798767089844,291.7914744795477,285.9169860687423,291.012803517784,8825700
2025-07-08,278.7217712402344,285.54247428822356,276.28721745930295,285.1186224364487,15440900
2025-07-09,279.0963134765625,283.078342988919,278.42607952209454,283.0586107622728,11273800
2025-07-10,284.0540771484375,284.1723501696605,278.9385584232814,278.9385584232814,8410900
2025-07-11,282.7431640625,283.2557206237078,279.5792402426265,281.4223984494675,7384700
2025-07-14,284.5567932128906,285.1481583723004,281.1661592607552,282.95018101073435,9079900
2025-07-15,282.4376220703125,287.7601490973643,281.3830008251136,283.8668247126896,12526100
2025-07-16,281.7181396484375,286.5576787356624,278.9484690013939,284.2611002489253,9979800
2025-07-17,285.73956298828125,286.13381646736286,279.3722805662569,279.3722805662569,8509500
2025-07-18,287.0898742675781,288.30223294760714,284.0935239995615,285.36498911319075,12217000
2025-07-21,286.794189453125,289.95811320350606,286.4097720406625,286.8237577094983,7898100
2025-07-22,287.2475891113281,289.41602825063205,285.02987956960806,287.3165917383993,6717500
2025-07-23,292.5011291503906,292.72780910920665,288.3515263055785,288.6373728619252,7083500
2025-07-24,292.29412841796875,295.2905090775473,291.9491754148663,293.1516681080147,7001200
2025-07-25,294.33441162109375,294.6103920554469,291.71258245493334,292.4419829511327,5918500
2025-07-28,293.9992980957031,295.13278810430046,292.5602593912129,293.3882007039174,5840400
2025-07-29,292.777099609375,296.9661066035344,291.94915830714154,295.6946113524278,7635700
2025-07-30,295.3299560546875,296.2958726319795,293.1122462449408,293.15168061940614,8061700
2025-07-31,291.98858642578125,296.66058212054435,291.25921595040046,294.8469919658045,14749700
2025-08-01,285.2171630859375,287.61228223789124,280.1607803787386,286.2323800564947,12007100
2025-08-04,290.0370178222656,290.0961543423283,286.0944227268155,286.0944227268155,6649500
2025-08-05,287.1884765625,291.5450573497094,283.11774234014615,290.46083768957914,7182300
2025-08-06,287.16876220703125,289.08092314098127,285.99583781724914,288.1051104485434,6330200
2025-08-07,282.8220520019531,289.2484709612734,282.29965937267906,288.7359444448802,8057100
2025-08-08,284.61590576171875,287.0504590616496,280.6240107941869,284.8327496617793,6634100
2025-08-11,285.4044494628906,287.13920088726815,284.635644641562,285.246742053437,5510100
2025-08-12,288.6472473144531,290.5199739550687,286.1732592848133,287.31661546362176,8570900
2025-08-13,286.36053466796875,290.32283187703916,283.0389031406188,289.7314666813669,8420400
2025-08-14,289.9384460449219,289.9778804180479,285.4833244293079,286.4098066006694,6322400
2025-08-15,286.3210754394531,291.2591849519308,285.660707668408,290.6086532135509,7340500
2025-08-18,287.3461608886719,287.7108460905947,284.2709417940018,285.8381195988006,5386900
2025-08-19,286.4886779785156,288.2825659770611,285.37489004447787,286.6562214265169,6031500
2025-08-20,288.04595947265625,289.1203129200321,283.1472843493455,286.63648908496583,7374200
2025-08-21,287.28704833984375,288.5683797096441,285.31575079885044,287.7503044651617,6624000
2025-08-22,291.98858642578125,292.89539654295805,285.9662867879994,288.9922357768791,8552800
2025-08-25,290.6678161621094,293.08266767966575,289.9187435512912,291.9885819039242,5856300
2025-08-26,294.2851257324219,294.4526691589569,289.2878798394283,289.9384115603751,6714700
2025-08-27,294.9849548339844,296.74927450763425,292.77711127340297,292.98408908730437,6056500
2025-08-28,296.749267578125,296.91681101607145,294.41328492266325,295.71431837356056,6410500
2025-08-29,297.09423828125,298.60227955806266,295.4284896061262,297.70533564994906,6796400
2025-09-02,295.3989562988281,296.1480289299188,290.2735705259471,295.95091721841663,7221900
2025-09-03,295.211669921875,296.25645520177414,292.1265844883639,296.25645520177414,6316900
2025-09-04,299.4598083496094,300.0610396446901,293.99930589050996,295.694622931837,6605800
2025-09-05,290.1553039550781,300.770730899917,290.08630131868694,299.29225767241,9837700
2025-09-08,288.7063903808594,292.2054315497858,287.2574854579185,290.65798581164114,8188500
2025-09-09,293.57550048828125,294.7089905900123,288.1149977252914,288.40084429899173,7848200
2025-09-10,296.22686767578125,297.2125163723058,291.1606189374317,292.44198029068025,7787300
2025-09-11,301.1748046875,301.342378196144,296.4732713682419,296.91679522122274,7942500
2025-09-12,302.5054626464844,303.13626220753474,299.3415385689925,300.622869917122,6846700
2025-09-15,304.4668884277344,305.5018376479389,302.7617353660041,302.7617353660041,7122000
2025-09-16,304.75274658203125,306.43819756185593,302.72231251567524,305.55111968192784,10525600
2025-09-17,307.2759704589844,308.41932651675705,304.3387266167954,305.9355027165261,8657800
2025-09-18,308.7347717285156,308.94174954569326,305.16669795269365,307.3154351086428,8050700
2025-09-19,310.26251220703125,311.2678631029987,304.68373667454165,309.09945390156855,23568600
2025-09-22,307.9560852050781,309.198012204534,305.11741210895696,305.35395817376326,7520200
2025-09-23,308.25177001953125,311.77054315707727,306.12276518201463,307.34499004479613,8584400
2025-09-24,308.92205810546875,312.036681822986,307.1971727167786,309.54299157852137,7310500
2025-09-25,308.95159912109375,311.12000822788536,307.3252546914858,309.61196690994507,7083200
2025-09-26,311.52410888671875,313.2489940185383,309.1979925185918,310.3807528469309,7258100
2025-09-29,311.1594543457031,313.4461666504931,309.158588598915,312.50978831201064,6462400
2025-09-30,310.9031677246094,312.85476301381095,305.65950932869447,311.71140689202116,11823300
2025-10-01,306.25091552734375,310.0752375005356,302.99828667529783,309.46414008660315,9235200
2025-10-02,303.1362609863281,306.10307334887034,301.74652271909054,305.5511124553201,7600000
2025-10-03,305.5806579589844,307.18727011434805,303.78677014872494,304.08248279942853,6029900
2025-10-06,306.22442626953125,308.7698659390142,302.2131538143922,307.21486689804453,7214500
2025-10-07,304.74871826171875,307.0465480670538,301.78731007714714,306.39285354178503,8454200
2025-10-08,301.1236572265625,305.8282501205831,300.64823485280857,305.2636917190969,6489900
2025-10-09,302.6093444824219,305.09536030036105,300.4898171115272,302.13392206728275,7060300
2025-10-10,298.0137023925781,307.50211054267186,297.9344502139145,302.7380934229591,8597400
2025-10-13,305.0260314941406,306.5017785031187,302.53013174675476,302.6786918104351,10788700
2025-10-14,299.19232177734375,304.0653034578676,291.39755808509767,302.91638858642943,16178800
2025-10-15,302.767822265625,309.13634876005415,302.520212088773,303.4611428511513,11354800
2025-10-16,295.6861572265625,305.72920960204,294.2302082762473,302.43105556912377,10549400
2025-10-17,294.7155456542969,296.68651306450823,291.3876792596173,296.30025689141456,10153500
2025-10-20,299.4696350097656,300.78693806489423,295.3098022126917,295.6465484229892,6894900
2025-10-21,294.25,301.1434582480101,294.16086397135297,298.7763208850087,7372700
2025-10-22,291.29852294921875,295.21077611588424,287.76267234049385,294.92353982678844,8054100
2025-10-23,291.72442626953125,293.53691953831486,289.7138327608809,291.5659521228084,5438800
2025-10-24,297.5679931640625,299.70734860853685,292.6257039619419,293.2496561856281,7228300
2025-10-27,301.2425231933594,301.6188954834183,298.13255521259686,299.27155593587753,5642200
2025-10-28,302.44097900390625,305.0260451309229,300.26202744552563,301.9457586189306,6336000
2025-10-29,302.5895690917969,305.3033671273222,300.1134671686232,300.6086875532579,7520300
2025-10-30,306.4819641113281,309.62164411662417,302.1834552198523,302.8668617019339,7514600
2025-10-31,308.1459045410156,309.8791757592273,304.3129038831637,305.5905808443981,7721300
2025-11-03,306.3928527832031,309.3344630267029,303.28285431242927,308.02707397940236,7770000
2025-11-04,306.2937927246094,309.23540287266394,302.1834697809128,303.7780648320401,7085200
2025-11-05,308.7005615234375,310.107000668758,302.70840715746203,306.6503419445097,6865200
2025-11-06,310.4239501953125,311.83035912038315,307.2941538281452,308.01715622418413,7206100
2025-11-07,311.20635986328125,311.4242580235003,304.6991875199946,308.90856044061366,7302300
2025-11-10,313.86077880859375,316.5052386427636,311.2063746689554,311.9888313123107,5794100
2025-11-11,312.6029052734375,316.00010979819433,312.2661590448994,314.4649387231156,5030200
2025-11-12,317.34710693359375,319.16951418656384,313.1872439213492,313.23678409164455,10578300
2025-11-13,306.5216064453125,317.565014483568,306.1452341336872,316.17840351377913,8973300
2025-11-14,300.70770263671875,304.69920788981074,298.3504790333013,304.57044575572996,10327000
2025-11-17,297.4986572265625,302.66875869849656,294.8244855709175,301.0939616708072,8344000
2025-11-18,296.5478515625,300.05402007948175,294.1806837974681,296.6369875977812,8077300
2025-11-19,300.3709411621094,301.5396841634701,296.409178349521,296.8746866890342,5546600
2025-11-20,295.5277099609375,306.95740445253,295.3098117912242,303.411609711364,7501600
2025-11-21,295.1711120605469,298.7961284719156,290.01092472978763,298.40987233529637,11766800
2025-11-24,295.1513366699219,296.9539460474125,291.69470820468445,295.3890327721484,10940200
2025-11-25,300.103515625,301.5891765934406,292.7346348034667,297.18170363006027,8877200
2025-11-26,304.6991882324219,305.5806647286523,300.30162915288383,302.0844103036798,7910900
2025-11-28,310.0871887207031,310.7210853336642,305.29345893213815,306.14525372757277,4322400
2025-12-01,305.96697998046875,311.038031953238,305.5906076467962,309.958455126882,7727300
2025-12-02,304.9368896484375,307.5120415313108,304.1544330268201,305.7886541478843,7249000
2025-12-03,309.1462707519531,309.37405277594195,303.86720471987456,304.26340519365976,8535300
2025-12-04,313.07830810546875,315.44544563675794,310.00793592177615,310.2654601734084,9627800
2025-12-05,312.0284729003906,315.4355916137351,311.6718985008828,312.62274341566774,6518900
2025-12-08,312.1968078613281,313.44477282870224,310.3546026483966,312.0482477999388,7417200
2025-12-09,297.6373596191406,315.7524991840304,297.15202309779255,311.939326475107,18049200
2025-12-10,307.1455383300781,308.2152311685389,295.60691069504315,297.62741810314117,18874100
2025-12-11,314.3460693359375,314.96013772429524,306.2838676543348,306.2838676543348,9721900
2025-12-12,315.47515869140625,317.20842990436694,313.5735294870918,316.6240735225281,8982900
2025-12-15,316.9608459472656,319.7935222813264,315.3464528736662,316.534963668203,10864100
2025-12-16,312.5335388183594,316.46558945571707,311.3945381021762,316.0397072252412,8331300
2025-12-17,311.9690246582031,316.3170436429019,311.65207637787455,315.3860269605939,8718700
2025-12-18,310.0079345703125,314.66301788263524,309.2353920446346,312.979256626897,11444900
2025-12-19,314.17767333984375,315.51477427620307,310.1961127673861,310.79038320864026,24494400
2025-12-22,320.00146484375,320.14014104266494,314.47481933577194,314.47481933577194,8354600
2025-12-23,322.8143310546875,324.6466524002949,320.00148308544306,320.51650136966475,6668300
2025-12-24,326.02337646484375,326.8355148620812,322.3884458193645,323.1213622604756,4289300
2025-12-26,324.7754211425781,327.6972031402456,323.4185221880518,325.9639318748006,4158300
2025-12-29,320.6551818847656,324.63674268276935,320.43728371815735,323.8741142125664,8635300
2025-12-30,320.3283386230469,321.83379757815135,319.40720581728044,321.7050354533748,7904300
2025-12-31,319.1398010253906,321.77437689354394,318.9615289550125,321.2395304565584,5048500
2026-01-02,322.36865234375,322.61626252061376,317.6739428368343,319.4171281542276,8054000
2026-01-05,330.8468322753906,334.026138578159,322.08142570711647,322.3884599175412,10752600
2026-01-06,332.90625,334.1598441675407,328.96642165340415,330.92639220894705,7660800
2026-01-07,325.3250732421875,330.45880399676645,322.947258062395,329.4539672046419,9815200
2026-01-08,328.11083984375,329.7126277455971,323.99190461809644,324.7281574581884,11737100
2026-01-09,327.5138854980469,330.21007865256746,326.49908990111055,327.6631156796267,6738100
2026-01-12,322.8377990722656,324.3600076252465,319.59441851466954,320.2411028663189,12805100
2026-01-13,309.3169860839844,325.1957141371429,308.9886797025588,322.64875130423195,19371200
2026-01-14,306.30242919921875,310.17263725890126,304.5613395847709,306.6307659579143,25951500
2026-01-15,307.68536376953125,311.3466191836246,306.18304245620016,306.8993776774091,14751400
2026-01-16,310.8789978027344,315.5948534301565,308.42157308655703,308.76979706409315,14652500
2026-01-20,301.19854736328125,309.56573031914434,300.323023148028,304.65088058894946,12900600
2026-01-21,300.50213623046875,303.8450138204667,299.61665319654776,301.88504309324475,10270100
2026-01-22,302.0840148925781,306.6307531542374,301.35772089620315,303.3077326815458,10535800
2026-01-23,296.2041015625,300.8304191049288,295.000271015744,300.4623078902987,11107900
2026-01-26,299.5072021484375,300.243424572115,295.9354850066467,296.2936374196168,11752700
2026-01-27,298.7809143066406,300.4324657566407,296.6319086980451,299.7957098597862,11527400
2026-01-28,299.2385559082031,300.38272473319716,296.53240414079806,298.74110176244625,9556700
2026-01-29,304.8598327636719,305.2677184721844,300.6812055104527,300.86028172816947,11580000
2026-01-30,304.33251953125,306.36211063628633,301.0194578342246,303.6957636347891,11953200
2026-02-02,306.5710754394531,307.72514241386267,299.83552643648,302.9097896135357,9839400
2026-02-03,313.24688720703125,314.6397527673971,307.5261644294422,308.15296152215484,12688000
2026-02-04,315.654541015625,317.68416242077944,312.809117891095,312.809117891095,9848800
2026-02-05,308.5807800292969,314.4009999973286,303.98430827226673,313.3961328396234,9388000
2026-02-06,320.7584533691406,322.59903993155126,313.10760555212,313.10760555212,17797400
2026-02-09,320.4599914550781,324.73808529326595,318.4801031561584,319.70385137937853,11477500
2026-02-10,316.659423828125,324.4694603347238,313.51550984428656,320.9076714905845,9902200
2026-02-11,309.2374267578125,323.6237932822943,307.15807190859783,321.5941717066872,8703500
2026-02-12,301.09906005859375,312.0231336727285,298.492374829366,310.68996020493864,13443400
2026-02-13,301.0094909667969,302.740652037527,295.0101951931391,297.0000117729552,9114500
2026-02-17,305.5661926269531,306.6705262718474,300.95976231603305,301.21844819128046,8896800
2026-02-18,307.2077941894531,310.6899733588093,305.6557396172298,306.8894162356143,7209600
2026-02-19,306.48150634765625,307.6057576457843,303.5664321569553,305.6060125002564,6737700
2026-02-20,309.20758056640625,309.4165028225248,304.12358301143166,306.829734990155,7792700
2026-02-23,296.1543884277344,309.4165036660153,293.5974666249826,307.22769310292153,12955400
2026-02-24,295.7862243652344,298.22376183621185,289.89638425356503,295.3086878147805,13554100
2026-02-25,301.75567626953125,302.113859047087,295.4977249020647,297.1194302945208,8095500
2026-02-26,304.5712890625,307.4366298839601,302.0939770599508,303.02916294815697,7007800
2026-02-27,298.7709655761719,301.4074969953331,292.9507760142178,298.4725052158334,18620800
2026-03-02,296.044921875,298.45261340621465,291.7170645432447,293.3089239524434,8508900
2026-03-03,298.7311706542969,300.8503301542204,288.0259478174434,290.80175042735664,10278200
2026-03-04,297.8656311035156,299.4674190034017,294.31380094003714,298.4625518350298,8055700
2026-03-05,292.0553283691406,299.7061758621692,290.9410358965662,296.46279534996694,12732500
2026-03-06,288.0060729980469,288.51345559776433,282.2654325280704,284.88204628210366,13496500
2026-03-09,288.44384765625,289.61783224456605,279.02206418875625,284.04633930656934,12241100
2026-03-10,287.2598876953125,291.25940817695187,285.7177615952499,287.81703392074905,8344900
2026-03-11,286.0560302734375,289.00098077209634,283.40957048917664,287.339470512306,10205000
2026-03-12,281.44964599609375,282.4345955757058,277.6789347371047,281.38992356011664,13760500
2026-03-13,281.996826171875,285.72773249785536,281.50933079451545,283.2205743771862,9091200
2026-03-16,284.7029724121094,287.7971227560318,283.16084627757465,284.88204862524725,8149000
2026-03-17,285.42926025390625,290.2744588762506,284.4940440114858,287.5285022187445,8961200
2026-03-18,286.27490234375,287.93641255144826,283.6682474755719,285.36953215418885,10057000
2026-03-19,286.5037536621094,288.0359209952396,283.1708046765218,285.4193072233837,9846700
2026-03-20,285.1009216308594,289.2297850267638,283.81748141518966,286.61317132501995,22436500
2026-03-23,288.4338684082031,294.24412922690453,286.5037438804951,292.8114588483544,11470800
2026-03-24,290.91119384765625,293.9755285514211,283.9169894005904,284.71293429347423,11092300
2026-03-25,293.91583251953125,296.1245302289603,290.950994762599,292.6522795072885,12188200
2026-03-26,290.1749572753906,293.48798854194115,289.24969984697105,291.0902559049482,8669200
2026-03-27,281.3998718261719,288.63284454259417,280.31542537678433,287.66781259849654,9873300
2026-03-30,282.32513427734375,285.787426299191,280.89246381052374,283.2901966006573,11734400
2026-03-31,292.6622314453125,293.56760164880984,283.4991344325332,287.0012007453536,12956900
2026-04-01,293.87603759765625,297.19902789200404,291.41861272257177,293.8859963972044,11267200
2026-04-02,293.1000061035156,294.1148016905453,287.2499401451481,290.4237002119346,6669300
2026-04-06,295.45001220703125,296.8299865722656,293.20001220703125,294.05999755859375,7142600
2026-04-07,297.3999938964844,298.17999267578125,292.70001220703125,293.1400146484375,7849100
2026-04-08,307.9700012207031,311.260009765625,305.3299865722656,307.9700012207031,10590200
2026-04-09,310.3299865722656,311.260009765625,306.1099853515625,306.95001220703125,6586600
2026-04-10,309.8699951171875,310.3500061035156,306.7200012207031,310.0,6069700
2026-04-13,313.67999267578125,313.739990234375,305.4599914550781,307.4700012207031,8318200
2026-04-14,311.1199951171875,314.32000732421875,308.8699951171875,309.82000732421875,11455500
2026-04-15,305.92999267578125,314.239990234375,304.260009765625,313.95001220703125,9885800
2026-04-16,309.95001220703125,309.95001220703125,305.20001220703125,305.3500061035156,8208600
2026-04-17,310.2900085449219,314.8999938964844,310.0899963378906,312.4700012207031,11082400
2026-04-20,316.989990234375,317.1300048828125,310.3699951171875,310.8500061035156,10772000
2026-04-21,313.0,320.239990234375,312.75,317.489990234375,7084300
2026-04-22,313.0199890136719,315.1499938964844,311.94000244140625,314.8500061035156,5545900
2026-04-23,311.69000244140625,314.989990234375,308.8900146484375,313.5199890136719,6969700
2026-04-24,308.2799987792969,311.1499938964844,307.8900146484375,311.1499938964844,5215300
2026-04-27,311.6300048828125,312.5799865722656,306.8800048828125,306.8800048828125,7925300
2026-04-28,311.45001220703125,315.45001220703125,311.1700134277344,315.20001220703125,7398600
2026-04-29,309.25,312.04998779296875,307.2900085449219,310.57000732421875,8031800
2026-04-30,313.2300109863281,314.1000061035156,306.57000732421875,307.07000732421875,8865400
2026-05-01,312.4700012207031,316.0799865722656,311.8299865722656,313.95001220703125,6135400
2026-05-04,307.6499938964844,310.6499938964844,306.510009765625,310.6199951171875,7338200
2026-05-05,309.3999938964844,310.9700012207031,306.79998779296875,307.7099914550781,6316800
2026-05-06,314.8999938964844,316.260009765625,311.3500061035156,311.45001220703125,8629500
2026-05-07,306.2699890136719,316.29998779296875,306.1400146484375,314.6499938964844,8359600
2026-05-08,302.1000061035156,308.989990234375,300.5,308.25,9464300
2026-05-11,300.0,303.19000244140625,298.8800048828125,302.1000061035156,9512000
2026-05-12,304.8800048828125,306.05999755859375,295.54998779296875,300.0199890136719,9498200
2026-05-13,300.25,303.0,300.07000732421875,302.2699890136719,7709500
2026-05-14,299.9100036621094,303.75,298.80999755859375,302.25,7364300
2026-05-15,297.80999755859375,300.7900085449219,296.45001220703125,300.2099914550781,8699300
2026-05-18,300.7300109863281,301.260009765625,297.2200012207031,298.0,7546300
2026-05-19,295.70001220703125,301.7900085449219,295.260009765625,301.0899963378906,8066900
2026-05-20,301.9800109863281,302.92999267578125,293.6700134277344,296.70001220703125,9327000
2026-05-21,303.0,303.9800109863281,300.2099914550781,301.2300109863281,7871900
