Price,Close,High,Low,Open,Volume
Ticker,META,META,META,META,META
Date,,,,,
2012-05-18,37.93232727050781,44.64961411487897,37.704118585897795,41.722583099237966,573576400
2012-05-21,33.7650260925293,36.37454880407039,32.74304734125792,36.245559982018534,168192700
2012-05-22,30.758625030517578,33.32845869253158,30.699092737777157,32.356089710282355,101786600
2012-05-23,31.75083351135254,32.24694028496742,31.115817446724577,31.125739809296533,73600000
2012-05-24,32.7728157043457,32.9514144644507,31.522628168605454,32.693440580407206,50237200
2012-05-25,31.661537170410156,32.69344026667106,30.867767013668946,32.643830341561234,37149800
2012-05-29,28.615440368652344,31.443249506485007,28.426919254797564,31.234883666435564,78063400
2012-05-30,27.970502853393555,29.319912107820397,27.643072430095465,28.476532033490116,57267900
2012-05-31,29.369524002075195,29.438978653790837,26.62109177634527,28.32769854884861,111639200
2012-06-01,27.504161834716797,28.923027664136242,27.176731404273646,28.665051886742038,41855500
2012-06-04,26.69054412841797,27.434704291250238,26.234126803612813,26.988209329049173,35230300
2012-06-05,25.668569564819336,27.543852875095975,25.549503086668018,26.492106870165436,42473400
2012-06-06,26.601247787475586,26.95844531192051,25.321293145710232,25.86700990361453,61489200
2012-06-07,26.105138778686523,27.137041811027764,25.94638475717206,26.789766679278415,26159500
2012-06-08,26.888988494873047,27.543849308669085,26.23412768107701,26.343269888378202,38034000
2012-06-11,26.79969024658203,27.851436159505862,26.631013854580324,26.96836663858374,28219600
2012-06-12,27.186655044555664,27.553774946835944,26.750080485964983,27.266032064981477,15816800
2012-06-13,27.057666778564453,27.881204035069292,26.88899038181058,27.444629497736198,17102800
2012-06-14,28.06972312927246,28.099488325519495,27.16680702900234,27.43470515020895,16855000
2012-06-15,29.776330947875977,29.865630325029503,28.12925649092892,28.288010518646903,43563800
2012-06-18,31.165428161621094,31.830213223410162,29.18100101657042,29.726717724460475,42978900
2012-06-19,31.661537170410156,31.929435307996815,30.46095957177691,31.294419182603846,30849000
2012-06-20,31.353952407836914,31.681382843835795,30.907455498521443,31.671460480017963,15553600
2012-06-21,31.59208106994629,32.2469418923606,31.264650658739136,31.423404682809437,21875300
2012-06-22,32.792659759521484,33.18954672606421,31.810370384069905,32.15764364104882,74834000
2012-06-25,31.81036949157715,32.762893642561494,31.30433843418298,32.604139617397436,24352900
2012-06-26,32.8422737121582,33.17962653959707,32.24694697432259,32.43546622480501,24858700
2012-06-27,31.979036331176758,32.64382125457672,31.651605996104863,32.207244951151786,28568000
2012-06-28,31.11581802368164,31.9393533149555,30.659398799394392,31.711144649060472,17713300
2012-06-29,30.85784149169922,31.74091093724958,30.520488736489543,31.671456292205907,19526900
2012-07-02,30.530412673950195,31.482936813681548,30.3121244725555,31.00667474381587,14122000
2012-07-03,30.957063674926758,31.195194701041927,30.560176738904307,30.669320835560196,8763600
2012-07-05,31.22496223449707,31.383716263794057,30.77846723678579,31.07613056859331,10032100
2012-07-06,31.48293685913086,31.65161324568061,31.01659715160966,31.195195901191425,10945600
2012-07-09,31.919509887695312,32.623984424539515,31.740913028315966,31.85005523807602,17785200
2012-07-10,31.22496223449707,32.227098227245115,30.917376539296324,32.1774883027763,14269500
2012-07-11,30.728857040405273,31.314263263997688,30.312127218398764,31.234886245162993,13030300
2012-07-12,30.57010269165039,31.155508909285633,30.361738729016178,30.46096047467421,11300700
2012-07-13,30.480802536010742,30.82807769074909,30.32204850398704,30.798312492555485,8108300
2012-07-16,28.030033111572266,30.26251362488333,27.990343660714753,30.26251362488333,24672100
2012-07-17,27.871280670166016,28.36738747897282,26.938599339709985,28.25824337543619,30438600
2012-07-18,28.883338928222656,29.061937681660222,27.930812874054727,28.089566900999834,16841800
2012-07-19,28.774194717407227,29.270301522879766,28.40707484865875,29.181002146494926,13685100
2012-07-20,28.53606414794922,29.240534914926144,28.49637469445893,28.774195191399052,11869100
2012-07-23,28.526140213012695,28.774193606169327,27.79190239636873,27.901046494956752,12390700
2012-07-24,28.228477478027344,29.220691071033617,27.8812023419757,28.59559544764121,11539800
2012-07-25,29.111547470092773,29.26037913309993,27.861358094337575,28.168943783552,17230200
2012-07-26,26.64093589782715,28.010189851596582,26.52186943152241,27.533927771372195,64597400
2012-07-27,23.525381088256836,24.34892010696139,22.10651737828261,23.009431508492142,123102300
2012-07-30,22.969745635986328,23.852817072037546,22.850681057696796,23.813127617609467,29285900
2012-07-31,21.540958404541016,23.18803487891733,21.441738549064343,23.18803487891733,56179400
2012-08-01,20.71742057800293,21.411970903368324,20.677733015337775,21.332593885540625,44604400
2012-08-02,19.88396453857422,20.677734784775815,19.66567630149562,20.608280124795368,56374500
2012-08-03,20.925785064697266,21.98745331842821,19.745050345759434,20.201469587805704,80647000
2012-08-06,21.74932289123535,21.977531572417984,21.134149606637266,21.223448984925653,27778900
2012-08-07,20.558666229248047,22.27519728893824,20.34037990667063,22.02714387544226,36782900
2012-08-08,20.558666229248047,20.985318403260713,20.06255940225608,20.548743865608525,29537400
2012-08-09,20.84640884399414,21.005162875302737,20.44952376572265,20.58843306999334,15610700
2012-08-10,21.640178680419922,21.650101043792098,20.965473111090457,21.243293608019442,25794700
2012-08-13,21.43181800842285,22.27520009921102,21.23337449559119,21.977534829963528,24973100
2012-08-14,20.221311569213867,21.43181332655207,20.092324638799347,21.24329221979499,39308800
2012-08-15,21.034929275512695,21.243293225080414,20.241157252523244,20.479288291670898,47861100
2012-08-16,19.71528434753418,20.320533334619466,19.53668560323134,20.280845776161716,157565300
2012-08-17,18.90166473388672,19.92364522912849,18.852054820305725,19.854190593116343,129293400
2012-08-20,19.854196548461914,19.973261133768954,18.604007047753203,18.90167040351827,101186600
2012-08-21,19.010812759399414,19.824427622928415,18.94135810897581,19.42754255443833,70640600
2012-08-22,19.288633346557617,19.37793272396045,18.81236936957675,19.209256332477022,49892200
2012-08-23,19.288633346557617,19.576374312913288,19.209256332477022,19.34816563399374,32813700
2012-08-24,19.258865356445312,19.52676347613244,19.100111335704174,19.368009455391302,29622200
2012-08-27,19.000890731811523,19.377932972911232,18.951280807060293,19.338243519112392,20704000
2012-08-28,19.18941307067871,19.229100634499957,18.802450334058722,18.951282010258915,25417000
2012-08-29,18.95128059387207,19.229099197349417,18.9215135038578,19.169566909818172,16124700
2012-08-30,18.941356658935547,19.298554139480306,18.911589571391104,19.119955399207925,30647500
2012-08-31,17.919376373291016,18.55439433892895,17.88961117767328,18.534549613519008,58764200
2012-09-04,17.591947555541992,18.127743834795787,17.41334879579073,17.939222711447524,46622400
2012-09-05,18.435327529907227,18.604003907703625,18.038442491708977,18.127741861865726,60781800
2012-09-06,18.812368392944336,19.110033599666437,18.574237363064974,18.59408208867922,46066500
2012-09-07,18.83221435546875,19.268788885170633,18.63377276378413,18.95128082447738,36371700
2012-09-10,18.663537979125977,19.0505025843931,18.405562206447,18.911591388336838,24797800
2012-09-11,19.278711318969727,19.42754298640055,18.703227483739166,18.77268213570706,50508200
2012-09-12,20.767030715942383,20.995239387162197,20.12209226173553,20.598354330150077,121584000
2012-09-13,20.548744201660156,21.312749181921596,20.44952434863702,20.796797619212775,65041600
2012-09-14,21.828697204589844,21.908074209633924,20.737261965860935,20.96547061880053,72819800
2012-09-17,21.352436065673828,22.572858278858973,21.332591340460127,22.49348127050133,50667600
2012-09-18,21.6997127532959,21.808854964855247,21.203605942125414,21.431814621064486,36760500
2012-09-19,23.108654022216797,23.18803102891732,21.600489002409777,21.81877529771193,78782800
2012-09-20,22.414104461669922,23.059042896879014,22.364494540691215,22.84075659507665,57248900
2012-09-21,22.682003021240234,23.059043348556493,22.424027263603968,22.79114522803069,51218100
2012-09-24,20.628124237060547,21.808857206405957,20.201472032802336,21.610415597039978,79106500
2012-09-25,20.122093200683594,21.044850291608512,20.062559019980835,21.03492982065537,46291700
2012-09-26,20.45944595336914,20.618199983313062,19.645829184284892,19.993104334473717,38271900
2012-09-27,20.161781311035156,20.836486904061488,20.00302727649924,20.826564540340822,30215900
2012-09-28,21.49134635925293,21.77908921077669,20.340378738152378,20.40983338714163,65486000
2012-10-01,21.818775177001953,22.41410367021083,21.5607994335282,21.90807454560814,51262700
2012-10-02,22.096599578857422,22.31488591181181,21.650102656339982,21.908078445739232,29341400
2012-10-03,21.66002082824707,22.314881592862193,21.630253741674718,22.126360496231452,32000100
2012-10-04,21.77908706665039,22.225582005837495,21.243290868629394,22.146205001593316,46892100
2012-10-05,20.7471866607666,21.461579786486215,20.7174195708418,21.32267048516506,40529300
2012-10-08,20.24115562438965,20.58843073823276,20.00302460439649,20.24115562438965,32236700
2012-10-09,20.07248306274414,20.38999114973307,19.814507268941263,20.231237106238606,27161800
2012-10-10,19.487077713012695,19.78474297761427,19.298558460512353,19.774820612877793,39321800
2012-10-11,19.596220016479492,19.804583979142045,19.457310708037788,19.725206961104302,21817300
2012-10-12,19.368009567260742,19.64582815891381,19.328320115597606,19.59621823683211,18809400
2012-10-15,19.368009567260742,19.725205169742864,19.33824247851339,19.526763588918843,20189700
2012-10-16,19.328319549560547,19.5366853796955,19.149720807301208,19.526763017070294,21834700
2012-10-17,19.725202560424805,20.32053100913919,19.21917536613939,19.348162281987307,44074500
2012-10-18,18.83221435546875,19.63590876315803,18.74291497683661,19.54660938452589,52157400
2012-10-19,18.8520565032959,18.91158878340713,18.65361304626238,18.8520565032959,34835000
2012-10-22,19.169567108154297,19.278711213505247,18.90166897274596,19.050502531859916,32447300
2012-10-23,19.34816551208496,19.645828839887354,18.951280444182675,19.100112108083874,78381200
2012-10-24,23.049121856689453,24.061180199700967,22.6720815151249,23.942113733024257,228949900
2012-10-25,22.38433837890625,23.128498581991536,22.29503900313623,23.10865574820718,76142000
2012-10-26,21.769168853759766,22.70184835827324,21.709634669856626,22.225586242032644,73175800
2012-10-31,20.945629119873047,21.332591807526754,20.568586902546233,20.65788627546589,99378200
2012-11-01,21.044849395751953,21.27305996040321,20.846407812682163,20.91586246138145,37713900
2012-11-02,21.015085220336914,21.52111440437446,20.905941114221758,21.094462235921394,38344400
2012-11-05,21.08453941345215,21.312748091727812,20.75710899473137,20.93570774903312,31806700
2012-11-06,21.005159378051758,21.203602830396353,20.826560649441024,21.07461401862326,29062700
2012-11-07,20.310609817504883,20.786873739409202,20.211389980751182,20.687652010158423,33396800
2012-11-08,19.8343505859375,20.56858845796976,19.82442822236306,20.36022450039861,34254600
2012-11-09,19.0604248046875,19.844274558132533,18.981047782154867,19.80458510061747,42295500
2012-11-12,19.913724899291992,20.012946629072385,18.723069819418555,19.000888391807145,67349200
2012-11-13,19.705364227294922,19.953417646500558,19.40769898874972,19.457310808089286,71775100
2012-11-14,22.185897827148438,22.32480713259655,19.774818354028433,19.943494750285723,229751000
2012-11-15,21.997377395629883,22.32480783484099,21.48142582702529,22.166053797193022,78857700
2012-11-16,23.376550674438477,23.743670520108573,22.007296810108954,22.076751455709395,107182200
2012-11-19,22.74153709411621,23.932194239513915,22.642315349916842,23.77343831329651,85021300
2012-11-20,22.920133590698242,23.713903680875088,22.52324854560982,22.553013741180717,46655300
2012-11-21,24.130634307861328,24.33900014673945,22.870522589042775,23.039198975754687,89862400
2012-11-23,23.81312370300293,24.48782917738754,23.694057251789218,24.38860745012562,29520900
2012-11-26,25.73802375793457,25.886855433567902,24.61682122366878,24.745810063715787,123865000
2012-11-27,25.946388244628906,26.29366342305555,25.261760252016092,25.837246022978654,85760600
2012-11-28,26.15475082397461,26.283737757906664,25.54949992880004,25.73802104069818,49205600
2012-11-29,27.107276916503906,27.30572040570859,25.95630922111043,26.293662017259972,88759700
2012-11-30,27.781980514526367,27.781980514526367,26.55163589026844,27.047742685170697,127049600
2012-12-03,26.829456329345703,28.655127590265355,26.76992215146453,27.781980465477695,123526100
2012-12-04,27.246183395385742,27.543848598296112,26.472258031312563,26.849298350669088,72869200
2012-12-05,27.494234085083008,27.682755172497917,27.04773916330705,27.53392353190593,58976300
2012-12-06,26.760000228881836,27.533927521598763,26.611168566724,27.46447287209159,46001500
2012-12-07,27.27595329284668,27.563696162714475,26.631014792191365,26.85922347984677,51751900
2012-12-10,27.623226165771484,27.9506565708454,26.88898834507535,26.958442992742967,50608500
2012-12-11,27.762136459350586,28.020112226032925,27.444628405740715,27.85143583599052,77099100
2012-12-12,27.365249633789062,27.920888691899787,27.156885696683975,27.781979400496393,46704200
2012-12-13,28.020111083984375,28.526140233486764,27.21641861947927,27.37517263981368,81051600
2012-12-14,26.601247787475586,28.10941301013485,26.55163786130151,27.960581339115254,91631600
2012-12-17,26.541715621948242,26.789769038975795,26.115063441861267,26.56156034950982,57742500
2012-12-18,27.494234085083008,27.69267753420365,26.690541711888695,26.75007398962609,60512900
2012-12-19,27.196578979492188,28.00027159428541,26.740161558806363,27.613308833921554,61390300
2012-12-20,27.1469669342041,27.385097990688667,26.918756349137826,27.275953880113377,35574800
2012-12-21,26.055530548095703,26.799690781939837,25.91662124337728,26.45241562764644,54555200
2012-12-24,26.720308303833008,26.750073495903838,25.995992945156136,26.293656220846177,28230100
2012-12-26,26.303586959838867,26.96837025360498,26.174598111460224,26.819538568358325,33175400
2012-12-27,25.847164154052734,26.59132437222121,25.321292144411952,26.34327096616505,43481700
2012-12-28,25.708253860473633,25.90669733466182,24.95417130805464,25.28160171571709,56574800
2012-12-31,26.41272735595703,26.779845334986707,25.906698183445574,25.995997560506257,60374500
2013-01-02,27.781980514526367,27.960579263490736,27.20649670813964,27.226341434135065,69846400
2013-01-03,27.55377197265625,28.248320353287532,27.375173222851927,27.662914181149922,63140600
2013-01-04,28.53606414794922,28.70474054028835,27.6133051717703,27.791903927482004,72715400
2013-01-07,29.1909236907959,29.558043549245372,28.42691877760187,28.466608229324937,83781800
2013-01-08,28.833724975585938,29.36952119619936,28.63528340285652,29.280221826097122,45871300
2013-01-09,30.35181427001953,30.361736633150134,29.260378928117603,29.438977679473933,104787700
2013-01-10,31.05628776550293,31.205121333123085,30.04423123916992,30.361739317431056,95316400
2013-01-11,31.4730167388916,31.711147791137623,30.857845327047063,31.03644408935592,89598000
2013-01-14,30.70901107788086,31.95919852409272,30.38158067196876,31.830213483805203,98892800
2013-01-15,29.865629196166992,31.463091776260402,29.647340996932662,30.401423546338886,173242600
2013-01-16,29.617576599121094,30.11368340348662,29.300068547126724,29.974772211366126,75332700
2013-01-17,29.905317306518555,30.183137795892982,29.796175097387064,29.845785020401628,40256700
2013-01-18,29.429054260253906,30.20298152419247,29.042091574533217,30.07399270062078,49631500
2013-01-22,30.490724563598633,30.64947859387303,29.5084332915893,29.518355655043614,55243300
2013-01-23,30.58002471923828,31.254730311297617,30.56017999182539,30.857845225526646,48899800
2013-01-24,30.838003158569336,31.244810643142838,30.57010499287531,31.02652430026115,43845100
2013-01-25,31.294416427612305,31.681379108395372,30.88760712903623,31.165427605686506,54363600
2013-01-28,32.21717834472656,32.25686401402962,31.562315596295203,31.63177024881891,59682500
2013-01-29,30.55025863647461,31.82029087418627,30.470879729120316,31.75083622274858,72976500
2013-01-30,30.996753692626953,31.24480710107547,30.639556178861948,30.73877792074082,87682100
2013-01-31,30.738779067993164,31.224963539598267,28.51622067244239,28.9230281260813,190744900
2013-02-01,29.498510360717773,30.778466834244053,29.399288620580517,30.7685444709806,85856700
2013-02-04,27.89112663269043,28.972639675215426,27.791904888032683,28.833728475695626,92362200
2013-02-05,28.416996002197266,28.734504041384266,27.821669374970238,28.039955678787,47948200
2013-02-06,28.82380485534668,29.061937789142327,28.436842149799002,28.516219163565122,38375900
2013-02-07,28.426921844482422,28.923028689560642,28.049881474921843,28.883341126053043,34540100
2013-02-08,28.32769775390625,28.94287102361945,28.28801019368132,28.665050532055865,37708800
2013-02-11,28.039955139160156,28.456684905697458,27.821668839544294,28.3872302600241,37361800
2013-02-12,27.15688705444336,27.940734814048778,26.888988928345185,27.454550377332048,93498700
2013-02-13,27.692684173583984,28.099491638566967,27.09735557598775,27.14696739641094,50164000
2013-02-14,28.278087615966797,28.407074551340834,27.791903178791948,27.801825541897223,35615800
2013-02-15,28.099489212036133,28.526141368344856,27.87128053528872,28.297932691597442,33109300
2013-02-19,28.704744338989258,28.853576024279185,27.901051724425606,28.01019395097286,49396400
2013-02-20,28.238399505615234,28.823805709167807,28.10941256411091,28.69481876766348,42098200
2013-02-21,27.067590713500977,28.327700687992362,26.938601871290878,28.059804424358816,49642300
2013-02-22,26.91875457763672,27.414861385788868,26.61116888648163,27.404940915023435,36350200
2013-02-25,27.057666778564453,27.42478477047166,26.938600307474573,26.948522671106844,34652000
2013-02-26,27.17673110961914,27.24618576191505,26.492105057704606,27.146965911490803,31611700
2013-02-27,26.660781860351562,27.127121598963072,26.42264891670168,27.127121598963072,44319700
2013-02-28,27.037822723388672,27.087432650285837,26.13490842787897,26.63101526684023,83027800
2013-03-01,27.563697814941406,27.901050631043812,26.601249295620878,26.83938036125243,54064800
2013-03-04,27.504161834716797,27.84151462880942,27.22634322252101,27.543851289314688,32400700
2013-03-05,27.305721282958984,27.960582168876826,26.998133675560126,27.662916925506714,40622200
2013-03-06,27.236265182495117,27.91096886818306,27.137043439968345,27.881203670173157,33532600
2013-03-07,28.357465744018555,28.456687486477847,27.256107998465332,27.355329740924624,74540200
2013-03-08,27.742292404174805,28.248321586546748,27.51408372168275,28.208634025133804,44198900
2013-03-11,27.9208927154541,28.416999561954693,27.613307000523015,27.79190576806282,35642100
2013-03-12,27.613304138183594,28.09948857025758,27.385095466648355,27.881202261723516,27569600
2013-03-13,26.869144439697266,27.434705893684125,26.710390413753487,27.40494069663046,39619500
2013-03-14,26.829456329345703,27.21641902308717,26.62109049175606,26.888988614729644,27646400
2013-03-15,26.442493438720703,26.849300884508917,26.35319405866989,26.819535686156883,31597400
2013-03-18,26.283737182617188,26.581402388440722,25.57926645791282,26.164672614285525,26653700
2013-03-19,26.343271255493164,26.690546406285367,26.00591846815186,26.323428421088686,25254200
2013-03-20,25.658645629882812,26.48218288481538,25.579268613473552,26.472260521202053,44006500
2013-03-21,25.53957748413086,25.906697343758747,25.36097873579822,25.460200472927156,24336100
2013-03-22,25.5296573638916,25.807477873759083,25.430435618046257,25.599112018234123,18456300
2013-03-25,24.934328079223633,25.599111297422056,24.88471815394656,25.549501372144984,39199000
2013-03-26,25.01370620727539,25.281604357675963,24.8351093328391,24.88471926032183,26957200
2013-03-27,25.88685417175293,26.07537529436461,24.52752064423295,24.80534114637135,52297400
2013-03-28,25.380823135375977,25.966229295162567,25.321290850862972,25.886852284979497,28585700
2013-04-01,25.33121109008789,25.688406659718066,25.08315771749889,25.430430925125858,22249300
2013-04-02,25.222068786621094,25.916619036052886,25.10300232664812,25.56934391133699,35153300
2013-04-03,26.04560661315918,26.184515909496916,25.499889898263305,25.628876831648743,48195200
2013-04-04,26.859222412109375,27.017976440036723,25.906698244545293,26.412727418250196,82016800
2013-04-05,27.17673110961914,27.583538552350042,26.402805678324913,26.65085908938021,64566600
2013-04-08,26.64093589782715,26.988211041010576,26.422647691684677,26.978288677777076,27256000
2013-04-09,26.38296127319336,26.680624613093176,26.2142848759175,26.373038909530383,21311100
2013-04-10,27.355329513549805,27.623227648213955,26.690546304844688,26.799690409892445,45949400
2013-04-11,27.801828384399414,27.881205404859973,27.037823379655627,27.266032076917554,33368500
2013-04-12,27.186655044555664,27.781983643997968,27.027901003704045,27.781983643997968,28697400
2013-04-15,26.313507080078125,27.26603129840802,26.154753043689812,26.948523225631387,30275400
2013-04-16,26.710391998291016,26.898913124969344,26.194440437117375,26.60124788929345,27365900
2013-04-17,26.422649383544922,26.98821276908423,26.184518328185035,26.442494111282596,26440600
2013-04-18,25.48996925354004,26.611169847766625,24.954172972982256,26.611169847766625,39059000
2013-04-19,25.5296573638916,25.757866054587716,25.13277227300762,25.420515146709377,20380900
2013-04-22,25.767786026000977,26.154750609620184,25.4998897973381,25.609032004386968,25687600
2013-04-23,25.777713775634766,26.124988980171317,25.569349788411404,26.015844857817584,25191500
2013-04-24,25.906696319580078,26.194437264131672,25.599108757390624,25.72809757830805,19729900
2013-04-25,25.93646240234375,26.19443816050941,25.79755310659963,25.86700775447169,17150000
2013-04-26,26.64093589782715,27.404940834331235,26.39288249448145,26.39288249448145,33018000
2013-04-29,26.76992416381836,27.196576341552987,26.65085958410013,26.948522925893077,29201100
2013-04-30,27.55377197265625,27.63314898451403,26.799689413758696,26.918753985296746,36245700
2013-05-01,27.216419219970703,27.702603654533952,27.097352755844263,27.63314900566738,64567600
2013-05-02,28.744426727294922,28.794038541786335,27.76213551033149,27.791902599026336,104257000
2013-05-03,28.089567184448242,28.843649766295503,27.930813155901166,28.81388456875374,58506400
2013-05-06,27.355329513549805,28.23839903985313,27.266030135328425,28.10941210047631,43939400
2013-05-07,26.68062400817871,27.6331500807573,26.640936446923984,27.335484855108916,41259100
2013-05-08,26.908830642700195,27.08742748094517,26.44248909187448,26.670697740046148,34654900
2013-05-09,26.829456329345703,27.335483593855056,26.64093521771645,26.86914388876925,33457200
2013-05-10,26.472261428833008,27.087432853972263,26.363117317841642,26.928678815710686,30847100
2013-05-13,26.61116600036621,27.117195116899662,26.32342506694351,26.392879709752542,29068800
2013-05-14,26.859222412109375,27.06758825657483,26.611169006910735,26.680623657566787,24930300
2013-05-15,26.392881393432617,26.7798440809096,26.194437922035743,26.710389433669857,30299800
2013-05-16,25.92654037475586,26.343270159875225,25.69833170236834,26.27381551110487,35499100
2013-05-17,26.04560661315918,26.392881746500745,25.99599669089491,26.194438272449215,29462700
2013-05-20,25.559423446655273,25.98607561220364,25.48996879505388,25.976153248760966,42402900
2013-05-21,25.460201263427734,25.876931058310305,25.390746613030185,25.66856710711766,26261300
2013-05-22,24.964096069335938,25.648724039311034,24.725965012930992,25.45028054605821,45314500
2013-05-23,24.864871978759766,25.331213576193818,24.577131022414946,24.606896218848792,37663100
2013-05-24,24.120716094970703,24.775577028409,23.892507383241693,24.775577028409,58727900
2013-05-28,23.912349700927734,24.348924243352663,23.733750938458567,24.348924243352663,50079700
2013-05-29,23.1384220123291,23.62460647366909,23.078889723235747,23.604763638969537,64237800
2013-05-30,24.358844757080078,24.58705533868718,23.743673343610627,23.942114941424453,60733200
2013-05-31,24.1604061126709,24.75573476388101,24.081029085342724,24.438224762070703,35925000
2013-06-03,23.664297103881836,24.130636861196162,23.525385899098733,24.081026933236267,35733800
2013-06-04,23.33686065673828,23.74366801737258,23.138417210942396,23.70397857121462,34760800
2013-06-05,22.721691131591797,23.525383620171773,22.612548922153252,23.16818800996804,53819700
2013-06-06,22.791147232055664,22.91021370470238,22.49348388918494,22.810991959579678,31260700
2013-06-07,23.108654022216797,23.217796223619313,22.682001901515076,22.850678277315826,38699200
2013-06-10,24.140560150146484,24.40845831338734,23.80320732810189,23.87266198690563,58393000
2013-06-11,23.842893600463867,24.160401651144653,23.81312651102607,23.842893600463867,29885900
2013-06-12,23.584917068481445,24.07110149182344,23.396395959839545,23.97187975609101,26445800
2013-06-13,23.545230865478516,23.64445261489953,23.088813467638282,23.535308501286668,31189300
2013-06-14,23.446006774902344,23.70398254063834,23.078888798949126,23.37655212499213,30677100
2013-06-17,23.832971572875977,24.061180250953715,23.5650734416557,23.72382746923128,33664500
2013-06-18,24.0214900970459,24.497754058376156,23.892503163090087,23.90242552608626,36709100
2013-06-19,24.120716094970703,24.993865267886807,23.91235211273923,24.011573867729368,31790600
2013-06-20,23.713905334472656,24.557287296906274,23.4658519274332,24.090947572971125,42765600
2013-06-21,24.33900260925293,24.507679013030778,23.862738597558312,24.39853490102822,45833900
2013-06-24,23.75359535217285,23.922271748665835,23.197954344609293,23.763517715789774,40626000
2013-06-25,24.061180114746094,24.23977886788192,23.852816164419153,23.95203601171925,24713200
2013-06-26,23.97188377380371,24.458068278630734,23.803207362537393,24.319158960822303,29890300
2013-06-27,24.467988967895508,24.646587731419874,24.021492059084597,24.051259150504453,34694100
2013-06-28,24.686275482177734,24.785497228502283,24.229858098581182,24.48783388202604,96778900
2013-07-01,24.616819381713867,24.864872786707956,24.428300156516414,24.7755734095103,20582200
2013-07-02,24.219932556152344,24.577130039044295,24.110788460269323,24.50767539348134,18394100
2013-07-03,24.329078674316406,24.517597901515334,23.961958798328713,24.031413449664875,10404400
2013-07-05,24.180246353149414,24.46798731410339,24.01156996483251,24.458064950967422,20229500
2013-07-08,24.517597198486328,24.84502950396326,24.229856237987708,24.27946616109177,27064600
2013-07-09,25.28160285949707,25.291525222905108,24.835107861119344,24.874795422254174,30387900
2013-07-10,25.599109649658203,25.628876738406802,25.27167924341248,25.38082334299346,26721800
2013-07-11,25.609037399291992,25.797558549359724,25.251841721660774,25.757869089346467,26777400
2013-07-12,25.708253860473633,25.728098586391898,25.351056363933786,25.539577475162844,16537900
2013-07-15,26.075376510620117,26.224208185940956,25.45028082477619,25.728101339873206,24234000
2013-07-16,26.115062713623047,26.541714881812503,25.807477014985405,26.184517365654386,30817600
2013-07-17,26.442493438720703,26.57148227323737,26.095218282133914,26.164674827449154,21518500
2013-07-18,25.976152420043945,26.561558597004236,25.91662013378448,26.541713870751995,24806900
2013-07-19,25.678489685058594,25.90670027401678,25.40067106067071,25.61895739304654,46539700
2013-07-22,25.847164154052734,25.926541168290814,25.5197337337585,25.7876318664985,27526300
2013-07-23,25.92654037475586,26.09521676141125,25.767786351138692,25.896775178138416,28221600
2013-07-24,26.303586959838867,26.323431689204437,25.84716764691856,26.115065815861072,82635600
2013-07-25,34.09245681762695,34.6084082971538,32.494992460532984,33.27884204202535,365457900
2013-07-26,33.745182037353516,34.459577022911645,33.2986889563741,33.507052898830416,136028900
2013-07-29,35.15412902832031,35.35257251027278,33.745183712952944,33.804717893037065,124718800
2013-07-30,37.33700180053711,37.66443034640953,35.04498683945091,35.37241917031814,173582800
2013-07-31,36.51346206665039,38.0117068184135,36.04712421851434,37.664429765126506,154828700
2013-08-01,37.198089599609375,37.99185972410872,36.63252436434692,37.009566592857055,106066500
2013-08-02,37.75372314453125,38.19029950954704,37.208006473255665,37.36676048280845,73058500
2013-08-05,38.884857177734375,39.0138460305987,37.952177575088655,38.130776360594574,79994800
2013-08-06,38.24983215332031,38.9443824054482,37.6445812733945,38.805473112021495,63950800
2013-08-07,38.56734085083008,38.63679549873142,37.40645277734093,38.309366985052854,68854800
2013-08-08,38.23991775512695,38.88485440344428,38.13077364010534,38.825324002519736,41301000
2013-08-09,38.200225830078125,38.43835877337759,37.71403947229763,38.28952521069108,43532300
2013-08-12,37.922401428222656,38.200219998834235,37.80333308225128,37.90255670389409,31161000
2013-08-13,36.731754302978516,38.02163144990743,36.483700859915444,37.94225631632474,65379200
2013-08-14,36.36463165283203,37.25762166355284,36.33486266964506,36.54323041197513,48423900
2013-08-15,36.27532958984375,36.781356846653416,35.73953335204923,36.07688611825381,56521100
2013-08-16,36.791282653808594,37.198090084479325,36.612683900343924,36.68213855058079,45840800
2013-08-19,37.515594482421875,37.98193226213858,36.85080945708969,37.13855228574085,57609600
2013-08-20,38.110923767089844,38.27960204526205,37.396528772467704,38.051389589206515,57995200
2013-08-21,38.02162551879883,38.54749752486171,37.85295102062567,38.081159698445305,46116900
2013-08-22,38.24983215332031,38.44827562321319,38.04146821318026,38.071233408916164,21931200
2013-08-23,40.23426055908203,40.313639463555994,38.62687559342917,38.69633024234664,86442300
2013-08-26,41.01811599731445,41.61344272491172,40.30372089620171,40.58154331607612,94162400
2013-08-27,39.33134460449219,40.879199108556904,39.113056411805104,40.363247607202,72695100
2013-08-28,40.23426055908203,40.531923880870416,39.56947926658779,39.64885438606726,57918200
2013-08-29,40.95857620239258,41.4546830024603,40.48231412852691,40.57161350393888,58303400
2013-08-30,40.968505859375,41.93095060460109,40.74029715545562,41.692821428769996,67735100
2013-09-03,41.54398727416992,41.83173016052073,41.1867897304234,41.51422207385603,48774900
2013-09-04,41.45468521118164,41.84164793025286,41.117332417761524,41.68289389717249,42581900
2013-09-05,42.32783508300781,42.43697919249317,41.44476552080054,41.464610248433765,50035400
2013-09-06,43.607784271240234,44.262645032682315,42.06985409656502,42.75448005193815,117535700
2013-09-09,43.697086334228516,44.44124650837412,43.3597335705494,44.01459437239776,75794700
2013-09-10,43.2605094909668,43.91537028597245,42.89339153535611,43.89552934566427,54540300
2013-09-11,44.68929672241211,44.73890664016242,42.774324374296285,43.05214294169328,72328300
2013-09-12,44.40155792236328,45.26478268139067,44.30233807787533,45.17548330735374,68072300
2013-09-13,43.96498489379883,44.72898980114699,43.587942675303566,44.68930034972761,52765300
2013-09-16,42.17899703979492,44.590076308805195,42.09962192268465,44.50077693643465,70424200
2013-09-17,44.71907043457031,45.086188437847575,42.09962691443936,42.16908156951899,91934600
2013-09-18,44.87782669067383,45.115959651998445,44.05429126045769,44.49086394039197,79317000
2013-09-19,45.621978759765625,45.69143340574767,44.87781859424858,45.155637178176754,63972400
2013-09-20,47.1202278137207,47.229368135616284,45.38385392954371,45.95933587724513,115508400
2013-09-23,46.822566986083984,47.1797645530209,45.929576853736876,46.911866377818214,75177000
2013-09-24,48.072750091552734,49.273327649507195,47.78500723667271,48.13228048566961,136716100
2013-09-25,49.07488250732422,49.15426141011543,48.08266893240059,48.846673839291114,87879700
2013-09-26,49.99764633178711,50.20601029453047,49.114576769212555,49.620604076588556,98220100
2013-09-27,50.841033935546875,50.880719608732164,49.471777908285226,49.89843012123635,81410500
2013-09-30,49.838890075683594,51.19822168612081,49.412237912883036,49.74959069777197,100095000
2013-10-01,50.02741241455078,50.63266337082672,49.06496770940226,49.58091928221134,98114000
2013-10-02,49.88850402832031,50.70211896610157,49.56107547286928,49.73967424311345,62834000
2013-10-03,48.79706573486328,50.32507560555108,48.67800116123663,50.077022202582064,82045000
2013-10-04,50.642578125,50.76164268561685,49.184023063715586,49.38246652140643,74447000
2013-10-07,50.12663650512695,50.89064150721261,50.00757192109909,50.33500047342444,57204000
2013-10-08,46.772953033447266,50.206011513913595,46.713422634071755,50.206011513913595,136081000
2013-10-09,46.40583038330078,47.467498629232004,44.907585732317436,47.01108128303614,147297000
2013-10-10,48.6680793762207,49.293175043234896,47.45758128207569,47.497266951969564,99774000
2013-10-11,48.72760772705078,49.48168835471587,48.41009969592924,48.79706237229647,58428000
2013-10-14,49.12449264526367,49.24356099997449,47.53695243239701,47.93383937811089,68781000
2013-10-15,49.11457443237305,50.60289486971769,48.79706637520576,49.60076077396992,81167000
2013-10-16,50.74180221557617,50.84102584523764,49.51145948772963,49.650368784261225,64678000
2013-10-17,51.803470611572266,51.8133948670665,50.55328315390599,50.72195764736329,71522000
2013-10-18,53.79782485961914,54.403075786604056,53.18264967662105,53.75813540555578,88260000
2013-10-21,53.430702209472656,54.38323016637555,53.09334942546415,54.25424133528549,58235000
2013-10-22,52.26981735229492,54.33361985378155,51.79355523656724,53.906971450417146,83204000
2013-10-23,51.49589157104492,51.84316484548565,50.731886582280495,51.347058004859,57207000
2013-10-24,52.04159927368164,52.428561936366776,51.188295050840495,51.972144630891705,46775000
2013-10-25,51.545494079589844,52.82545045259179,51.47603943469773,52.76591627768672,45085000
2013-10-28,49.838890075683594,51.297445319908505,49.22371868617833,51.13869129084281,73472000
2013-10-29,49.015350341796875,50.39452655544153,48.866516796945525,50.334992380502136,102143000
2013-10-30,48.62839126586914,49.81904845048534,48.37041737194981,49.610684484051085,127073000
2013-10-31,49.81904602050781,51.59510934680621,46.13793431974017,46.7927951715883,248809000
2013-11-01,49.36262893676758,51.68440902207764,49.33286373855677,50.45406243443693,95033000
2013-11-04,47.844539642333984,49.36262519595614,47.646096170979504,48.985582978882064,80371000
2013-11-05,49.71982955932617,49.78928421615063,47.140071645150414,47.417894057443135,76835000
2013-11-06,48.73753356933594,50.05717954445483,48.33072612305769,49.8686565280123,67889000
2013-11-07,47.18968200683594,49.48169308923729,46.93170434124436,48.85660122221582,97128000
2013-11-08,47.15991973876953,48.27120189724956,46.88210109164712,47.437742170887134,70731000
2013-11-11,45.840267181396484,47.15990924662905,45.37392559748256,46.67372672233076,80910000
2013-11-12,46.247074127197266,47.001154759083924,45.47314877013012,45.64182325667273,68196000
2013-11-13,48.33072280883789,48.36049179017912,45.70135908002596,45.870033572650314,79245000
2013-11-14,48.608543395996094,49.18402528580573,47.65601551304454,48.32080055859412,75117000
2013-11-15,48.62839126586914,49.09473291121758,48.330727915963806,48.72761490583415,42453000
2013-11-18,45.473148345947266,48.4597094353554,45.44337936595708,48.092591485426865,85910000
2013-11-19,45.9990234375,46.63403954053799,45.364007334462016,45.899799805778734,75602000
2013-11-20,46.068477630615234,47.17975579991765,45.94941305872431,46.24707638094886,53933000
2013-11-21,46.33637237548828,47.09045298910693,46.3264481206413,46.62411520614304,34886000
2013-11-22,45.87003707885742,46.90194019435932,45.6021389362755,46.673731506603175,40545000
2013-11-25,44.471012115478516,46.28676477398598,43.697086738406824,45.99902192892287,82565000
2013-11-26,45.532684326171875,45.81050294022734,43.2109042065798,44.312261976577865,82016000
2013-11-27,46.12801742553711,46.3066124126217,45.17548937944785,45.61206583786229,44993000
2013-11-29,46.64396286010742,46.84240635067585,46.13793555490296,46.3859889718648,22953900
2013-12-02,46.69357681274414,47.16983892157218,45.89980284636929,46.534822776468125,50774000
2013-12-03,46.36614227294922,46.83248388820826,45.92956964025634,46.385986999661796,32086000
2013-12-04,48.241432189941406,48.39026576867539,45.899807099163525,46.0982506091438,60890000
2013-12-05,47.96360397338867,48.3208014630572,47.4972623857665,47.77508475828334,43855000
2013-12-06,47.56671905517578,49.005429545294675,47.33851037929403,48.598622116984664,42938000
2013-12-09,48.459712982177734,48.58870181159131,47.36827952250939,47.715552772859894,36056000
2013-12-10,49.858734130859375,50.37468566462184,48.162049758387035,48.26126960584366,68479000
2013-12-11,48.99551010131836,50.374686441197404,48.628388333081276,50.15639823143423,65776000
2013-12-12,51.42643356323242,51.664562711610465,50.2655416636571,50.652504368517356,92723000
2013-12-13,52.90482711791992,53.08342586287494,50.94024470840911,51.25775274721928,82641000
2013-12-16,53.391014099121094,54.075640106681085,52.498020363178135,52.8353731317572,85119000
2013-12-17,54.432838439941406,54.75034648761559,53.817667070696984,54.33361480942167,78751000
2013-12-18,55.13731384277344,55.45482191727425,53.33148524967698,54.432843039036925,76003000
2013-12-19,54.62135696411133,54.76026626007362,53.52992353726948,53.906965758448884,89753200
2013-12-20,54.6908073425293,54.72057632147898,53.80773792856973,54.502288139154,239824000
2013-12-23,57.32018280029297,57.86589954875277,55.01824744370295,55.06785736901844,98297000
2013-12-24,57.50870132446289,58.12387650280559,56.46687776564911,57.81628891363424,46617800
2013-12-26,57.280494689941406,57.92543508915829,56.92329716329789,57.865900906386116,55101000
2013-12-27,55.008323669433594,57.230883921984066,54.819804437585695,57.032440433989336,60466000
2013-12-30,53.29179000854492,54.750345169620374,53.013971419766506,54.50229177678411,68307000
2013-12-31,54.2244758605957,54.43283981244926,53.490236116213964,53.69860006806751,43076200
2014-01-02,54.28401184082031,54.79004295881088,53.76806025100414,54.40308021269749,43195500
2014-01-03,54.13518142700195,55.2166945232368,54.105412441879665,54.59159882559778,38246200
2014-01-06,56.75461959838867,56.81414999295864,53.629145193649975,53.996263171811535,68852600
2014-01-07,57.46900939941406,58.094105021819786,56.774462913401564,57.25072498309348,77207400
2014-01-08,57.7765998840332,57.955198642283264,56.78438624264161,57.15150423015799,56682400
2014-01-09,56.77446365356445,58.50091320558089,56.208902201869975,58.19332941062098,92253300
2014-01-10,57.488853454589844,57.84605094893917,56.61570822950752,56.68516287729829,42449500
2014-01-13,55.474666595458984,57.79644675379223,54.94879455722368,57.45909395181236,63010900
2014-01-14,57.29042434692383,57.33011002085162,55.663190596040174,56.02038815635621,37503600
2014-01-15,57.15150451660156,58.113952964773496,56.82407598149849,57.528546762018614,33663400
2014-01-16,56.74469757080078,57.56823672130556,56.387503834371486,56.81415222385604,34541800
2014-01-17,55.861629486083984,57.36979473547849,55.63342079364199,56.85384316713341,40849200
2014-01-21,58.054420471191406,58.12387891065138,56.060072649415225,56.1592925029384,48669200
2014-01-22,57.06220245361328,58.848189961077146,56.655395029134176,58.39176882861721,61352900
2014-01-23,56.189056396484375,56.2386663187515,55.25637320388689,55.931078744704216,47951800
2014-01-24,54.02602767944336,55.98068576748778,53.97641775974575,55.71279144412184,55200700
2014-01-27,53.13304138183594,54.512217780400746,51.44627738233429,54.303853817666806,73924100
2014-01-28,54.71065902709961,54.84956832988962,53.57953609295852,53.59938081978489,48191200
2014-01-29,53.113197326660156,54.522142727021844,52.77584452248861,54.1847899228503,92995600
2014-01-30,60.604408264160156,62.013349753768416,59.98923310940674,61.636307527467046,150178900
2014-01-31,62.082801818847656,62.8765719056608,59.701487773413874,59.99915486783885,87794600
2014-02-03,61.00128936767578,63.27345933417615,60.22736400013191,62.53921963253616,74866600
2014-02-04,62.26140594482422,62.64836865904151,61.33864695630852,61.56685563943681,45985500
2014-02-05,61.705753326416016,62.66820158775628,60.79291876575865,62.251473753976335,51685100
2014-02-06,61.67600631713867,62.2911777800314,60.981455937746205,60.981455937746205,42086500
2014-02-07,63.81917953491211,64.06723293913207,61.73553245346226,61.78514237730734,60704300
2014-02-10,63.05517578125,63.98785523605483,62.97580065860441,63.79933979289589,43666100
2014-02-11,64.34503936767578,64.49387289604883,62.85671922392081,63.25360610958634,45675600
2014-02-12,63.948150634765625,64.5534014146747,63.5512713305523,64.41449214420253,47282100
2014-02-13,66.80574798583984,66.80574798583984,63.551288370742924,63.68027342219864,61911700
2014-02-14,66.56761169433594,67.05380184454488,66.20049748008418,66.9744229338998,36694900
2014-02-18,66.77597045898438,67.01409957539717,65.55554454364106,66.41877299937111,43809900
2014-02-19,67.5300521850586,68.54211425116387,66.47830823831154,66.52792194409679,62087100
2014-02-20,69.08783721923828,69.5641031261264,65.21820984447763,67.20263724486351,130928900
2014-02-21,68.05592346191406,69.41525874463797,67.91701417112343,69.14736441810992,70932400
2014-02-24,70.22888946533203,70.88375418746242,68.00633273899221,68.20477246509762,76620300
2014-02-25,69.30612182617188,70.44716903582037,68.90923485281726,70.39755532540502,52077000
2014-02-26,68.72071838378906,70.66545619727623,68.31390716041196,69.64347736585081,55322700
2014-02-27,68.40321350097656,69.46488183545694,68.33375884619709,68.80009291686522,41653700
2014-02-28,67.92694854736328,69.33589017530987,66.85535594160544,68.929086497377,66783700
2014-03-03,66.88512420654297,67.52014032200431,65.99213042855382,66.43862353255379,56824100
2014-03-04,68.26429748535156,68.3635173295767,67.09348515552178,68.12538818943861,42013500
2014-03-05,71.01272583007812,71.40961277726231,69.07791237128995,69.14736701929802,74567700
2014-03-06,70.28841400146484,71.33024140152189,69.70301155933029,71.320317145048,46026500
2014-03-07,69.25651550292969,70.62576760889984,68.92908318302725,70.52654775832043,38927000
2014-03-10,71.46914672851562,71.58821508959633,69.96098533810633,70.21895543213063,59871600
2014-03-11,69.55416870117188,72.02477833386851,69.41525940905166,71.93548274750066,59408300
2014-03-12,70.32808685302734,70.79442838733158,68.46272828579833,69.3160324613363,46340500
2014-03-13,68.2940673828125,70.79444245135404,67.61936179765218,70.73491205471883,57091000
2014-03-14,67.19269561767578,68.88937969798187,66.9347180027206,67.95669663852007,48227000
2014-03-17,68.20477294921875,68.4131369341055,66.10128458560568,67.64913565618743,52197000
2014-03-18,68.6512680053711,69.05807168408005,67.7681984220868,68.22461581356039,40827000
2014-03-19,67.70865631103516,68.75048365544592,66.94465514312606,68.63141529408806,43981000
2014-03-20,66.44854736328125,67.69873864446735,66.2997138062371,67.48045043680115,44439000
2014-03-21,66.71643829345703,67.3911438235153,65.66469433218543,67.00418113701014,59999900
2014-03-24,63.60089111328125,66.83550961298631,62.86665515886593,66.66683511548358,85696000
2014-03-25,64.3847427368164,65.67462350167669,63.283384986663684,64.3847427368164,68786000
2014-03-26,59.91978454589844,64.44427658104152,59.89993981776247,64.23591261310622,97503900
2014-03-27,60.49526596069336,61.41802493525003,57.528545554915375,60.03884481634664,112650000
2014-03-28,59.54273986816406,61.46763678439687,58.87795853502841,60.862385848261596,67052000
2014-03-31,59.77094650268555,61.04097864792376,59.40382476039472,60.306738948336445,53011000
2014-04-01,62.132415771484375,62.172105224649144,59.770950083099294,59.989234505516364,59291000
2014-04-02,62.23163604736328,63.41236882786219,61.725605009296345,62.717818574923974,66277000
2014-04-03,59.02678680419922,62.67812925091328,58.66958931425033,62.06295789877597,83859000
2014-04-04,56.30812072753906,59.73125833933989,55.881468584865644,59.47328068865648,125214400
2014-04-07,56.50657272338867,57.54839638368044,55.00832787035427,55.46474906309691,108488000
2014-04-08,57.736907958984375,58.25285948462594,56.72484963387914,57.23088068892901,78836000
2014-04-09,61.92404556274414,61.973655481689974,58.729116820708896,59.16569319141833,100215000
2014-04-10,58.69935989379883,62.688059255734814,58.22309779185054,62.58883940386861,114988000
2014-04-11,58.07426452636719,59.84040742158625,56.86376643042451,57.151505516307466,91452000
2014-04-14,58.43145751953125,59.97931207749695,57.33009983261282,59.62211458065914,72325000
2014-04-15,58.62990951538086,59.21531576806258,55.44490434731361,58.828353018577126,108623000
2014-04-16,59.2549934387207,59.72133122572394,57.29041109636116,59.324448083274255,78774000
2014-04-17,58.48106384277344,60.10829720433365,58.26277944091322,58.83826131762826,88040000
2014-04-21,60.763160705566406,60.763160705566406,58.689434192410374,58.997017976781635,60364000
2014-04-22,62.539222717285156,62.94603014657201,61.735532114422725,62.16218427013753,60631000
2014-04-23,60.88222885131836,62.98572068397301,60.78300521747003,62.955955486315816,95908700
2014-04-24,60.39603805541992,63.15439431313765,59.304604658513426,63.10478060737381,138769000
2014-04-25,57.26064682006836,59.54273737784114,57.121737519550955,59.503051709832285,92502000
2014-04-28,55.702877044677734,57.85598276244939,54.23440120884489,57.59800507838711,107758000
2014-04-29,57.69722366333008,57.82620870906111,55.405208832719,55.65326223834811,75557000
2014-04-30,59.31452941894531,59.38398407004521,56.71493077564952,57.131662467243515,76093000
2014-05-01,60.67386245727539,61.79506108720454,59.741179261588975,59.9594674622806,82429000
2014-05-02,59.989234924316406,61.40810071240845,59.71141632021266,60.82269452162226,54189000
2014-05-05,60.743316650390625,60.87230169074666,58.71920003640633,59.20538257158246,46057000
2014-05-06,58.07426452636719,60.673867050511326,58.03457885641437,60.505188759481555,55901000
2014-05-07,56.943145751953125,58.838273837927865,55.821943169519315,58.31240176859826,78587000
2014-05-08,56.31804275512695,58.36200415130991,56.06006888230509,56.7843843623373,61251000
2014-05-09,56.794307708740234,57.20111513032736,55.94100341346127,56.40734122821099,52584000
2014-05-12,59.364139556884766,59.433594203806194,57.52854218611943,57.52854218611943,48575000
2014-05-13,59.364139556884766,60.41588351597746,59.04662773310832,59.19546128222246,48525000
2014-05-14,58.7688102722168,59.97931205890426,58.49099167920438,59.06647359115788,47429000
2014-05-15,57.46900939941406,58.91764411951243,57.0721262338347,58.79857576334359,56814000
2014-05-16,57.56822967529297,57.99488179755252,56.863758974815745,57.85597250844369,47933000
2014-05-19,58.74897384643555,59.09625092175938,57.121743940331854,57.43925203005965,43034000
2014-05-20,58.104026794433594,59.72133215417437,57.726984585999645,59.0367061679341,53931000
2014-05-21,60.019004821777344,60.028925292791726,57.7964446000846,58.10403219145566,58992000
2014-05-22,60.048770904541016,61.001295105731316,59.92970632564091,60.46549882318875,54200000
2014-05-23,60.87230682373047,60.97153046121099,59.681653453922294,59.939627341382135,38294000
2014-05-27,62.98572540283203,63.01549060271922,61.09059738178491,61.14020730992852,55682000
2014-05-28,63.0154914855957,63.640587186948785,62.13242188328458,62.89642689938391,47795000
2014-05-29,63.3329963684082,63.799337975020165,63.015484531889,63.34291683908324,42700000
2014-05-30,62.8071174621582,63.670342197788955,62.072881548861254,63.45205778883291,45253500
2014-06-02,62.58883285522461,63.094860102788395,61.56685031995763,62.73766261745192,35996000
2014-06-03,62.380470275878906,62.92618701903303,61.834753532724775,62.13241686671842,32217000
2014-06-04,62.84680938720703,63.09486278646424,61.58669766478105,61.96373989145047,36514000
2014-06-05,62.69797897338867,63.85887090824368,62.33086098390225,63.16432059854351,47352000
2014-06-06,62.01335144042969,62.98572033681627,61.66607818636112,62.876576232681984,42442000
2014-06-09,62.39039611816406,62.84681349422537,61.30888307532632,61.91413401466598,37617000
2014-06-10,65.25788116455078,65.30749486952305,63.005559760596846,63.03532495558479,69338000
2014-06-11,65.26780700683594,65.28765551730298,64.39466179600467,64.81138967594764,44242000
2014-06-12,63.78940963745117,65.95243546567201,63.56119719158881,65.33726034333795,55730000
2014-06-13,63.99778366088867,64.46412531116638,63.33300229857311,64.19622337292653,29419000
2014-06-16,63.690185546875,64.37480769879846,63.25360919435308,63.66042035374634,31046000
2014-06-17,63.898563385009766,64.37482171876715,63.43222173779626,63.6008962489191,27715000
2014-06-18,65.0892105102539,65.2380440639413,63.55128397545477,63.98785281095174,35570000
2014-06-19,63.839019775390625,65.06937009720242,63.71003473180882,64.95030173928832,34245000
2014-06-20,63.99778366088867,64.30536748554428,62.85673639169658,63.958094204483146,46466000
2014-06-23,64.86100006103516,65.14874288816397,63.7199530072453,63.81917284453391,34560000
2014-06-24,65.2082748413086,66.64698144148817,64.76177420781289,64.85107736250744,57335000
2014-06-25,66.91490173339844,66.95459119417632,65.05945918448336,65.06938344217549,44308000
2014-06-26,66.6072998046875,67.47052840804545,66.3790949036779,67.47052840804545,47714000
2014-06-27,67.07363891601562,67.17285876360066,66.31955444838893,66.78589605902664,46461000
2014-06-30,66.76604461669922,67.39113637116219,66.60728682954091,66.93471908806397,27102800
2014-07-01,67.5300521850586,67.90709818105371,66.86527091947276,67.05379391747033,33243000
2014-07-02,65.93260192871094,67.76820345753852,65.27774477749978,67.51022575797518,41895000
2014-07-03,65.77384185791016,66.4783126205652,65.24796984987113,66.339403319196,25203200
2014-07-07,64.78162384033203,66.05165597808276,64.61294935297204,65.78376164933385,28745000
2014-07-08,62.27132797241211,65.04952547841296,61.725611213464674,64.55341864573442,68926000
2014-07-09,64.46411895751953,64.61295251187363,62.6582905039961,62.91626437521608,51432000
2014-07-10,64.36489868164062,64.8312327128534,62.559066455176705,62.81704410966919,44422000
2014-07-11,65.82345581054688,66.07150924529266,64.28552905711705,64.77171166962157,39212000
2014-07-14,67.37129974365234,67.63919406413883,66.37908622038792,66.6072910915452,38537000
2014-07-15,66.64698028564453,67.55981490675481,65.74406991932565,67.43082987442023,44213200
2014-07-16,67.13317108154297,67.41098965877853,66.5477611623779,67.01410273273267,29541600
2014-07-17,65.89290618896484,67.32168856854814,65.52578444636961,66.50807375170602,38188000
2014-07-18,67.88725280761719,67.92694226008159,65.64485551829608,66.2798716177485,42456000
2014-07-21,68.85963439941406,69.4152716660062,67.96664052811239,68.2742243621202,49539000
2014-07-22,68.73063659667969,69.22674342450902,68.07577952033948,69.21682673834482,40398000
2014-07-23,70.73490142822266,70.77459087668007,69.06798244295287,69.19696747294824,78435000
2014-07-24,74.39617919921875,76.1424696881228,73.92983759514028,75.36854428986025,124168000
2014-07-25,74.60453796386719,75.08079622048298,74.07866600260917,74.40609071528685,45917000
2014-07-28,74.3366470336914,74.91213278446226,73.27497869967807,74.58470045350751,41725000
2014-07-29,73.13606262207031,74.33664015447842,72.848319773313,74.13820046498526,41324000
2014-07-30,74.09851837158203,74.60454947102754,73.55279781629866,73.63217672797437,36853000
2014-07-31,72.08432006835938,73.59248142032577,71.87595611927127,73.42380692391956,43992000
2014-08-01,71.79657745361328,72.64988176415011,70.99288685159172,71.65766815375743,43535000
2014-08-04,72.9376220703125,73.30473624853373,71.79657494424396,71.79657494424396,30777000
2014-08-05,72.1240234375,73.01700980018406,71.61799228065266,72.63004702435683,34986000
2014-08-06,71.90572357177734,73.14599061953122,71.23101799499966,71.45922289259236,30986000
2014-08-07,72.60025787353516,73.4237968714581,72.13391633085618,72.43158340022218,38141000
2014-08-08,72.49111938476562,72.85824112267231,71.99501261083213,72.82847592743448,27202000
2014-08-11,72.86817169189453,73.33451331099947,72.4911256662407,72.88801263377613,24591000
2014-08-12,72.2629165649414,72.75902335299676,71.65766567791476,72.52088664433823,27419000
2014-08-13,73.19559478759766,73.67186065190009,72.48120734612765,72.55066199613123,29266000
2014-08-14,73.72148132324219,73.80085266646473,73.11623035748015,73.39404898373358,22207000
2014-08-15,73.05669403076172,74.06875627200796,72.43160210763197,73.74132392513476,38846600
2014-08-18,74.00920104980469,74.13819364910636,73.3841092723789,73.42379872062646,23974000
2014-08-19,74.70376586914062,74.99150873315915,73.92984044108564,74.22749999111255,26679000
2014-08-20,74.22750854492188,74.59463035924959,74.03899307917754,74.38626637922258,22917000
2014-08-21,73.9893569946289,74.60453206157601,73.83060677831257,74.33663018968457,20102000
2014-08-22,73.9893569946289,74.14811478093316,72.99714354019109,73.76114456931353,20897000
2014-08-25,74.43585968017578,74.69383733140226,74.20765479523568,74.35648834671207,19734000
2014-08-26,75.36854553222656,75.39831072957514,74.14812702099962,74.41602136712605,23993000
2014-08-27,74.04890441894531,74.90220879171535,73.88022990967417,74.6839205703105,36323000
2014-08-28,73.2848892211914,73.85045060957638,73.15590419225735,73.42379850465521,21947000
2014-08-29,74.2374267578125,74.2374267578125,73.43373610457303,73.72147897832299,26241000
2014-09-02,76.08293914794922,76.10278008915331,74.23742124641923,74.42594425280866,34979000
2014-09-03,75.23955535888672,76.87670923137644,75.01134291145344,76.53935268777794,32389000
2014-09-04,75.3586196899414,76.3309923461293,74.94189179585617,75.29908929649751,26676000
2014-09-05,76.6584243774414,76.7774851639058,75.01134617812029,75.50745297502584,29476000
2014-09-08,77.28351593017578,77.56133452421592,76.41037069605119,76.65842409358545,28183000
2014-09-09,76.0730209350586,77.56134145322456,75.60667929483492,76.98585570273622,28882000
2014-09-10,76.82709503173828,77.3430427439376,75.91426038785333,75.92417707290375,29909000
2014-09-11,77.31327819824219,77.7498545837625,76.45005725231259,76.52942858332557,32219000
2014-09-12,76.87671661376953,77.69033150059359,76.499670583541,77.41250532095543,26676800
2014-09-15,73.9992904663086,76.64849890285258,72.8582433375758,76.54927905904731,49679000
2014-09-16,75.48760986328125,75.63644341207096,72.50104491219233,72.94753798857272,37742000
2014-09-17,75.83489990234375,76.64851490337281,74.98159544150955,75.36855821212153,28693000
2014-09-18,76.40045166015625,76.72788398406867,75.92418577355731,76.17223918803835,23031000
2014-09-19,77.3033676147461,77.69033032518661,75.8448123661676,76.79733654340495,76671000
2014-09-22,76.20201110839844,76.92632283142697,75.35862345255873,76.40045080977875,31961000
2014-09-23,77.68040466308594,78.0177536578804,75.44792403403949,75.73566689018195,36814000
2014-09-24,77.928466796875,78.00784571159821,76.90648787228105,77.4918903358873,30680000
2014-09-25,76.61874389648438,78.3253526888624,76.52944072619071,77.9879960910717,37533000
2014-09-26,78.17652130126953,78.22612744616016,76.72789015263584,76.98586027404329,28872000
2014-09-29,78.38488006591797,78.58331977226624,77.30337079733764,77.51173476000018,34031000
2014-09-30,78.424560546875,79.08934181405772,77.98798415887981,78.73214432751413,35899000
2014-10-01,75.9539566040039,78.20627821922481,75.309016228812,78.16658876552185,55090000
2014-10-02,76.4798355102539,76.8767225130607,75.05104532814543,75.9738043924255,36488000
2014-10-03,76.83702087402344,77.45218843935471,76.65842212957496,77.15452891193308,23340000
2014-10-06,76.95609283447266,77.28352517518418,76.251622009602,76.58897860699899,25729000
2014-10-07,75.69598388671875,77.34305468808802,75.64637017385043,76.45006841637648,25317000
2014-10-08,76.9164047241211,77.10492775449562,74.51524932351803,75.58684196461013,32976000
2014-10-09,75.31893920898438,77.15453288421683,75.25940124444375,76.67826701783754,32487000
2014-10-10,72.34230041503906,75.90434376327636,72.19346685444653,75.00142571367387,52146000
2014-10-13,72.4216537475586,74.19771663708063,71.95531223964102,72.65979041329575,43938000
2014-10-14,73.01699829101562,73.60240827626889,71.48899594372051,73.42380951788527,50299000
2014-10-15,72.63996887207031,73.22537893017645,69.77247169505027,71.13180727913549,61528000
2014-10-16,72.0644760131836,72.77887106565458,70.0304425348871,70.23880649685954,53529000
2014-10-17,75.3586196899414,75.40823339780398,73.17575280379005,73.65201866130818,76342000
2014-10-20,76.350830078125,76.48973937031482,74.79305509857745,75.01134329201535,34701000
2014-10-21,78.07730102539062,78.12690717001689,76.54929096908725,76.95609466297873,32252000
2014-10-22,77.75979614257812,79.22826828794044,77.40259857857316,78.20628931258915,41862000
2014-10-23,79.41678619384766,80.0021886486885,78.39480728455612,78.76192151217161,35056000
2014-10-24,80.0418701171875,80.19070367271374,78.70238325742953,79.5755285092002,32248000
2014-10-27,79.65489959716797,80.17085486302251,79.13895190130178,80.11131690466185,30169000
2014-10-28,80.1410903930664,80.52806066750105,78.95043708246315,79.55568799351673,74212000
2014-10-29,75.26932525634766,76.28137981038982,74.19773273795775,74.86251404159276,106120000
2014-10-30,73.532958984375,74.76330187071066,72.33238129827481,74.465642298366,83270000
2014-10-31,74.40609741210938,75.1105681755004,73.87030114770158,74.34656701717157,44544000
2014-11-03,73.30474090576172,74.93197066771496,73.12614214798688,74.88236452777097,40727000
2014-11-04,75.17009735107422,75.18001403574488,73.07652624734399,73.6520118977507,39326000
2014-11-05,74.24734497070312,76.20200695984062,73.84053376403477,75.91426410951179,35913000
2014-11-06,74.67400360107422,75.01135261833892,73.73139606403124,74.30688181464826,21383000
2014-11-07,75.01136016845703,75.26933787056014,74.43587435991563,74.8029961832935,20774000
2014-11-10,74.41602325439453,74.89228913401797,74.02906053907083,74.77322077161477,21575100
2014-11-11,74.02906036376953,74.39618213615137,73.45357463516753,74.36640936812906,18715700
2014-11-12,74.13821411132812,74.55494207796266,72.96740155983804,73.7016376300975,26536600
2014-11-13,73.67185974121094,74.65414908483017,73.0666088400948,74.15804228522605,26448500
2014-11-14,74.29695892333984,74.34657263619722,73.46350305126225,73.69170796243074,19476900
2014-11-17,73.66193389892578,75.070882932644,73.30473640530582,74.29694998314152,28701200
2014-11-18,73.76116180419922,74.21758676147732,73.32459292983054,73.87030591528881,20690500
2014-11-19,72.75901794433594,73.95959537378437,72.54072976262017,73.43372342873545,25441200
2014-11-20,73.02692413330078,73.41388685653921,71.94541487347787,72.23315774434559,19154900
2014-11-21,73.17575073242188,73.91991090936176,72.92769734010858,73.91991090936176,23060400
2014-11-24,73.43373107910156,73.77108007145239,72.77886646573012,72.96738947321386,22103800
2014-11-25,75.04110717773438,75.15025127254835,73.55278687025857,73.63216577012119,32250200
2014-11-26,77.01563262939453,77.17438289017404,74.92206104855882,74.94190199241,32695300
2014-11-28,77.09500122070312,77.66056272513337,76.62866714195412,77.06523602099465,15992000
2014-12-01,74.51525115966797,76.70804264020126,74.21759157646765,76.65843649466296,31789900
2014-12-02,74.8724365234375,75.31893718051602,74.45570863282202,74.74345148205336,16773900
2014-12-03,74.29695892333984,75.14034662197663,73.82070058786401,74.79306577195455,16689900
2014-12-04,74.6541519165039,74.96174329151809,74.07867376032657,74.24734826179252,14362800
2014-12-05,75.76542663574219,76.1623135663462,74.77321309422643,75.2097894748897,24306400
2014-12-08,75.9241714477539,76.64849061216522,74.81289720535369,75.58682250130757,25733900
2014-12-09,76.24169921875,76.3310023906564,74.19774136165914,74.61446931058232,25358600
2014-12-10,75.58683776855469,76.94617322318233,75.47769365913257,76.05317940517838,32210500
2014-12-11,77.1247787475586,77.90862095486264,75.88451154993923,75.92419343867165,33462100
2014-12-12,77.22398376464844,78.26580346838618,76.42028562749216,76.55920249131263,28091600
2014-12-15,76.39051818847656,77.96814165065105,75.96386606423954,77.84907330086797,29396500
2014-12-16,74.10844421386719,76.78741819533664,74.00921678715437,75.59676477468129,31554600
2014-12-17,75.51737976074219,75.81504687685432,74.31680218040455,74.42594628497972,29203900
2014-12-18,77.78955841064453,77.78955841064453,75.91427505534243,76.29131354979813,34222100
2014-12-19,79.25802612304688,79.3770944899781,77.72009945929733,78.1368273885722,43335000
2014-12-22,80.81580352783203,81.2523799819607,79.37709667852963,79.45647559200572,31395800
2014-12-23,79.98233795166016,81.53018872688006,79.77397400653355,81.38135517464994,19865800
2014-12-24,80.1410903930664,80.79595501289059,80.12124945155165,80.39906805269312,7685500
2014-12-26,80.15100860595703,80.64711537630338,79.88311428076497,80.38913773612647,10647400
2014-12-29,79.39692687988281,80.32961006206475,79.08934309426486,79.86326847097378,14134700
2014-12-30,78.60315704345703,79.9624847345164,78.48408869468291,79.22824884204714,14370800
2014-12-31,77.4124984741211,79.17864496637418,77.2537482412152,78.92066732166484,19935400
2015-01-02,77.83915710449219,78.31542298294325,77.09499687378008,77.9681497226088,18177500
2015-01-05,76.5889663696289,78.63292386083921,76.26153408123444,77.37281598276019,26452200
2015-01-06,75.55706787109375,76.98585032106149,74.77321821125572,76.62866038606137,27399300
2015-01-07,75.55706787109375,76.7576454300895,75.2296355631888,76.16231877843718,22045300
2015-01-08,77.57125854492188,77.62087225227413,75.48761152593863,76.14246855705272,23961000
2015-01-09,77.13468170166016,78.0078344981215,76.59888545928311,77.59109904072454,21157000
2015-01-12,76.12262725830078,77.39265943266423,75.61659621164416,77.23390162587435,19190200
2015-01-13,75.85472869873047,77.47204175430923,75.25940203697898,76.62866168599552,25179600
2015-01-14,75.68605041503906,76.59888508875221,75.43799702087861,75.82495971016981,25918600
2015-01-15,73.47341918945312,75.97379409939903,72.96738814018245,75.80511960630511,34134000
2015-01-16,74.59461975097656,74.73352905123996,73.26504957275517,73.4634968374094,21791500
2015-01-20,75.6463623046875,75.71581695348422,74.23742081767473,75.13041456648176,22821600
2015-01-21,76.14247131347656,76.6981160899788,75.25940179455868,75.56699316529772,25096700
2015-01-22,77.04539489746094,77.14461475292012,76.0829464025284,76.56912899327122,19519500
2015-01-23,77.22398376464844,77.58118125449818,76.44013413803313,77.04538501972358,16746500
2015-01-26,76.89655303955078,77.8590014307279,76.68818909455196,77.37281889239732,19260800
2015-01-27,75.18994903564453,76.28138253446701,75.04111547444387,76.11270803110132,20110000
2015-01-28,75.6463623046875,77.03546285061077,75.40823316166862,76.30122691047565,53306400
2015-01-29,77.39266204833984,77.4125029898647,73.63217153528464,76.25161487593701,61293500
2015-01-30,75.31893920898438,77.55141984453472,75.16018139686156,77.3926620324119,42649500
2015-02-02,74.40609741210938,75.54714459168213,73.17575464012992,75.51737939421322,41955300
2015-02-03,74.81291198730469,74.99151075012013,73.28490203210366,74.60454802568493,26957700
2015-02-04,75.04110717773438,75.75550213652093,74.42593962877038,74.50531095864446,20277400
2015-02-05,75.02127838134766,75.38840017514636,74.62439138777954,75.12049823724223,15062600
2015-02-06,73.8901596069336,75.1105782873947,73.6718713694553,75.09073734307404,21211000
2015-02-09,73.8603744506836,74.24733710530798,72.87807764741726,73.47341179605922,16194300
2015-02-10,74.60453796386719,74.75336393781681,73.91990820374491,74.26718142627486,15811300
2015-02-11,75.91426086425781,76.15238999676815,74.445781478802,74.50531186943243,20877400
2015-02-12,75.63644409179688,76.27146017368355,75.29908754017586,76.26153591834472,17235000
2015-02-13,75.1502685546875,75.88451219228635,74.91213937032613,75.8646636777619,18621900
2015-02-17,75.01136016845703,76.31116536636816,74.4954123342412,74.71370057679071,25254400
2015-02-18,76.11270141601562,76.30122441515088,74.86251020857155,75.34870030423735,22426400
2015-02-19,78.80160522460938,79.21833313530364,76.35083633030513,76.39052578417925,45851200
2015-02-20,79.27787017822266,79.71443902577717,78.583316098495,78.93059692335343,36931700
2015-02-23,78.22611236572266,79.56560670937307,77.76969504277062,79.33739426290276,24139100
2015-02-24,77.83915710449219,78.8611435134612,77.49188384415773,77.88877081453539,18897100
2015-02-25,78.94051361083984,79.57552972546785,77.88876959036018,77.88876959036018,25593800
2015-02-26,79.78389739990234,80.7364215258981,79.09926760903492,79.25801784503979,31111900
2015-02-27,78.35511016845703,80.5975150516782,78.00783691817676,80.05179453695986,30739200
2015-03-02,79.1290512084961,79.23819533300362,77.90862489354411,78.38489085230334,21662500
2015-03-03,78.9802017211914,79.07942156804182,77.90860920723317,78.99012597687317,18635000
2015-03-04,80.27009582519531,80.51814926867861,78.23605456063608,78.68255530090023,28126700
2015-03-05,80.57766723632812,81.35159264934963,80.41891699339537,80.59751574793796,27825700
2015-03-06,79.38701629638672,80.69673801225184,79.2084175364965,80.27008583973573,24488600
2015-03-09,78.82145690917969,79.28779854848462,78.0177586833605,79.05958607202001,18925100
2015-03-10,76.94618225097656,78.64286691925464,76.94618225097656,77.88878232113424,23067100
2015-03-11,76.96600341796875,77.81930766157042,76.65841964527111,77.19421586125276,20215700
2015-03-12,78.31541442871094,78.43448277781545,77.30335995628239,77.4918753798789,16093300
2015-03-13,77.4422836303711,78.76192212062732,77.07516182992964,77.98799663266038,18557300
2015-03-16,77.46212768554688,77.51174140137974,76.75765682666345,77.35298356670675,19305400
2015-03-17,78.7420654296875,79.15879329063874,77.73000340167633,77.7498519112388,22170000
2015-03-18,80.28002166748047,80.60744646615004,78.55356421635861,78.6329431366381,36912400
2015-03-19,82.10566711425781,82.35372048922535,80.36929348948499,80.48836183466518,42099500
2015-03-20,83.14749908447266,83.94126538788734,82.42317985724293,82.74068789260654,44466300
2015-03-23,83.77259826660156,84.2984702867288,82.65139957406593,83.26656718855922,27357300
2015-03-24,84.64574432373047,85.39982881968498,83.86189462938121,84.05041764586719,32576500
2015-03-25,82.27434539794922,84.85409910293775,82.27434539794922,84.83425816281746,37436100
2015-03-26,82.36366271972656,83.117739693814,81.5004340612437,82.0759198335656,32794800
2015-03-27,82.65139770507812,83.29633050310964,82.23466223082544,82.73076904161225,18372600
2015-03-30,82.55217742919922,83.68330045005679,81.76833526192988,83.15742839632351,24527700
2015-03-31,81.57979583740234,82.84982791642,81.56987158272581,82.25450132562901,19734300
2015-04-01,81.0340805053711,82.07590778264147,80.24031419077401,81.85761958588091,22058200
2015-04-02,80.92493438720703,81.91714793318059,80.8058736064829,81.60956415632513,19664100
2015-04-06,81.79808807373047,82.16520224508271,80.17085844560579,80.17085844560579,19062900
2015-04-07,81.67902374267578,82.77045719527203,81.57980389607413,82.00645604945137,17467000
2015-04-08,81.63933563232422,82.4529504998174,81.20275921611204,81.98660888613426,18966700
2015-04-09,81.53019714355469,82.15529661345485,81.07377975425645,81.85762947826528,15927300
2015-04-10,81.40120697021484,81.96676843551907,81.27222192373817,81.56988147022032,12529700
2015-04-13,82.36366271972656,83.28642177879794,81.28214583243263,81.29207008919401,26883100
2015-04-14,82.86968231201172,83.0383643889499,81.79809730258127,82.5224090418264,19634200
2015-04-15,82.06598663330078,83.00859410317011,81.6294102232565,82.89945000065904,22390900
2015-04-16,81.66909790039062,82.42318234589347,81.51034766290992,81.82785570786024,13769700
2015-04-17,80.15100860595703,81.47065443187556,79.74420499066709,80.84556262643504,24215000
2015-04-20,82.44302368164062,82.5025616447213,80.60743005141907,80.90509715685562,28796800
2015-04-21,82.96890258789062,83.83212356085119,82.88952368440331,83.345941024472,27171900
2015-04-22,83.97103881835938,84.08018292590573,82.99867367656935,83.66345500799572,45548000
2015-04-23,81.76832580566406,84.92355776317045,81.76832580566406,83.44516162968662,73728100
2015-04-24,80.89517211914062,82.29419690318025,80.84556598204016,82.1255148410698,29660400
2015-04-27,81.27222442626953,82.28427902745473,80.99439824301314,81.23253497151862,25446000
2015-04-28,80.05178833007812,81.26229005433132,79.60529526719259,81.19283540966049,23775300
2015-04-29,79.84343719482422,80.75627197682046,78.90082964320636,79.38701980382609,26430300
2015-04-30,78.15665435791016,80.32960435347213,77.71016130922759,79.38700455292523,28999000
2015-05-01,78.37495422363281,79.1389629745915,77.50180893538372,78.6230076365434,24136400
2015-05-04,78.19635009765625,79.06950289597847,78.0177513498166,78.71230540029919,14692000
2015-05-05,76.95609283447266,78.18644328381478,76.61874380706551,77.93838985660723,22311300
2015-05-06,77.49188232421875,78.19635308707656,76.45006256364981,77.3628972786214,28663000
2015-05-07,77.8193130493164,78.32534410555395,76.95608449102754,77.39266089797673,19749400
2015-05-08,77.89868927001953,78.6130842495059,77.42242342703236,78.4840916409944,19943600
2015-05-11,77.40258026123047,78.414634739748,77.32320136134989,77.86892183554322,18874100
2015-05-12,76.85687255859375,77.28352475386438,76.19209119409922,77.26368381059147,21285300
2015-05-13,77.8292465209961,77.91854212208827,77.04539677478633,77.11485143229909,21512300
2015-05-14,80.73643493652344,81.2126932936352,78.0574532903069,78.32535523992361,49438000
2015-05-15,79.79381561279297,80.88524905493232,79.5556864692327,80.77611252370848,27069900
2015-05-18,80.25023651123047,80.74634333143588,79.60530370095489,79.70452355099812,21613700
2015-05-19,80.00218200683594,81.05393359887799,79.92281066988062,80.61735718067226,17955400
2015-05-20,79.92280578613281,80.46851870555453,78.84128906257082,79.84342688403879,23056900
2015-05-21,79.85336303710938,80.2899319236959,79.45647603749353,79.56562015163763,13402700
2015-05-22,79.91287994384766,80.6768810438609,79.6251371069628,79.7243569476155,19567900
2015-05-26,78.71231079101562,79.97241879763686,78.46425737813834,79.80374429367777,16321300
2015-05-27,79.92280578613281,80.0319498840149,78.81152386678275,78.98019835624099,14160900
2015-05-28,79.52592468261719,80.43875941373153,79.37709112276414,79.62514453252278,11982000
2015-05-29,78.5733871459961,79.44653227478156,78.26579582256997,79.3274639331339,16134600
2015-06-01,79.66483306884766,79.75412866173733,78.04752758104674,78.68254369711515,18119000
2015-06-02,79.81365966796875,80.71657005396992,78.94050690701367,79.13895415722554,18923300
2015-06-03,81.79808807373047,81.88738366027928,80.61735151832721,80.71657136004434,31775000
2015-06-04,81.41111755371094,82.30410361317632,80.87532137603894,81.5004131316623,20863900
2015-06-05,81.50042724609375,81.8179353059986,80.87533538221554,81.23253289585716,16143100
2015-06-08,80.0418701171875,81.36151603553688,79.50607385928649,81.18291728290322,16915500
2015-06-09,80.0418701171875,80.55782543367992,78.70238325742953,79.9724154672738,16497500
2015-06-10,81.52027893066406,81.95684779878088,80.18078441738123,80.20063293001674,21531200
2015-06-11,81.19285583496094,82.25452428200165,80.72651414486064,81.6691142125171,18656800
2015-06-12,80.89517211914062,81.45080930259466,80.56773982032426,80.7364218824347,11417900
2015-06-15,80.08155822753906,80.2998464293197,79.44654213326207,79.9228079889643,18805100
2015-06-16,80.42884063720703,80.8753413471854,79.82358967056221,80.19071146721245,13693700
2015-06-17,81.15315246582031,81.57980462299929,80.70665179715073,81.12338726857351,18350300
2015-06-18,82.2644271850586,82.54224576151465,80.93485712203378,81.00431176614778,26782600
2015-06-19,81.86756134033203,82.33390302945736,81.48059857063025,82.1850694480358,23353200
2015-06-22,84.08018493652344,84.3083974132111,82.66131907448084,82.76054649825176,29383100
2015-06-23,87.19572448730469,87.28502764364788,84.10002304052936,84.29846272353186,50667900
2015-06-24,88.16810607910156,88.5550687993483,86.76908119052533,86.97745271987921,41370200
2015-06-25,87.29496002197266,88.70390158436902,87.15604314695769,88.56499227934343,27302000
2015-06-26,87.3247299194336,87.65215468747697,86.15391744979152,87.43387403211132,38214600
2015-06-29,85.1319351196289,86.81869531489392,85.06248046617658,85.935625762433,35957900
2015-06-30,85.10216522216797,86.02492426058906,84.90372551132053,85.92570440516533,23016500
2015-07-01,86.23329162597656,87.26518715644755,85.81655614137513,86.0943747511165,25260000
2015-07-02,86.6103286743164,86.75916223281979,85.66772118378785,86.7194727792196,16908800
2015-07-06,86.86829376220703,87.50330978790319,85.71732248439015,85.81654231903241,24635900
2015-07-07,86.54086303710938,87.16595481948438,84.56636028358567,87.11634868627333,33059900
2015-07-08,84.98310852050781,86.07454212276386,84.78466123010392,85.61812470982007,24399300
2015-07-09,85.21129608154297,86.91790458137169,84.98309120655922,86.05468364645007,23307400
2015-07-10,87.26518249511719,87.53308440447861,86.0943701523259,86.66985585318699,23245900
2015-07-13,89.39845275878906,89.51752112785591,87.7315334418021,87.96967017993579,29976700
2015-07-14,88.98171997070312,90.09300197810326,88.95195477255668,89.7556454024683,26627800
2015-07-15,89.06110382080078,90.28152243245856,88.72374722644699,89.29923298917478,30886600
2015-07-16,90.14260864257812,90.1525328986811,89.07101608313782,89.57704716453843,21804100
2015-07-17,94.23052215576172,94.6472500304114,91.81944292387625,91.82936717898372,54001600
2015-07-20,97.14764404296875,97.83226632753261,94.61749615700231,95.10367873560351,54860500
2015-07-21,97.62389373779297,98.46727376858514,96.38362676016068,98.17953092137579,39453300
2015-07-22,96.2844009399414,96.82019714942238,95.17311907175993,95.98673385578917,28299500
2015-07-23,94.6968765258789,96.6912205824855,94.07177705948877,96.20503799639624,29418800
2015-07-24,96.19511413574219,96.99881237155208,95.13344579114415,96.59200112540279,33444900
2015-07-27,93.43675994873047,95.85776373788818,93.09941093285876,95.82799853883945,38585400
2015-07-28,94.54804992675781,94.81594431067465,92.5834633547369,94.10154919357613,35236000
2015-07-29,96.23480224609375,96.52254512032455,94.00232147670717,95.5700209004517,64648300
2015-07-30,94.46866607666016,95.0639927864941,91.08522127427689,94.17100650673811,86211300
2015-07-31,93.27800750732422,95.57994287625667,93.21846954063491,94.21068319224354,46509000
2015-08-03,93.40699005126953,94.33967328115978,92.07742742737334,92.80173913442448,29343100
2015-08-04,93.32760620117188,93.99239504789718,92.60329453248548,93.05971186740854,20136000
2015-08-05,95.68907928466797,96.33401205033265,94.43888806463082,94.50834271185572,29813200
2015-08-06,94.37936401367188,97.97117254003392,93.68480992476984,96.42332168646307,42271300
2015-08-07,93.56575012207031,94.65718362189516,92.88112028191219,94.6373351097225,23199100
2015-08-10,93.41691589355469,95.15328976678065,92.90096056060209,94.93500155437681,21624200
2015-08-11,92.89104461669922,94.0221675718383,92.17664957766624,93.0001887237731,22491000
2015-08-12,93.45660400390625,93.70465741080058,90.47996312117422,91.97820024842378,27050500
2015-08-13,92.7025146484375,93.99239532439759,92.62313574561159,93.31768979035503,17451800
2015-08-14,93.68480682373047,93.98247393340537,92.48422926935602,92.81166157600062,15929700
2015-08-17,93.19862365722656,93.72449565350033,92.66282740536583,93.6848062011415,18313500
2015-08-18,94.42897033691406,95.10367591516308,93.3077716484957,93.34746110250909,22278800
2015-08-19,94.56787872314453,95.35172839982545,93.42683910378841,93.89317315144382,23251300
2015-08-20,89.85485076904297,94.03206863202203,89.75563093455182,92.81165028480339,44598200
2015-08-21,85.38990783691406,88.48561727845998,84.94341470389797,86.83853891757634,62778700
2015-08-24,81.45081329345703,81.45081329345703,71.43938139539206,76.43021474556632,83710700
2015-08-25,82.3537368774414,86.98737302712159,82.3537368774414,86.27297795385385,52021200
2015-08-26,86.51111602783203,86.77901039945039,82.6117158343413,85.28076557376069,45124300
2015-08-27,89.03133392333984,89.35875867383163,86.51111035022404,88.40623448060501,42431400
2015-08-28,90.3013687133789,90.76771035199266,89.09086681825119,89.18016241543786,33215900
2015-08-31,88.73365783691406,90.34104650871922,88.19786161297901,89.8945458704457,32850700
2015-09-01,86.55079650878906,88.69397396944238,85.82647724288053,86.17375049229321,36097400
2015-09-02,89.1900863647461,89.1900863647461,86.9476813465732,88.1184937822575,27190500
2015-09-03,87.46363067626953,89.12062557757758,87.0469027795314,89.06109518375473,27048200
2015-09-04,87.5727767944336,87.7017618406824,86.02491838950188,86.52102520275157,27328700
2015-09-08,88.83289337158203,89.53736420621657,88.13834679377051,88.99165120079036,27012500
2015-09-09,89.73579406738281,91.26380381184157,89.46789217511379,90.07314303395746,32551100
2015-09-10,91.26380920410156,91.34318053799265,88.93210121505682,89.368677616408,26437400
2015-09-11,91.3332748413086,91.36304004134759,90.42043247683715,90.96615304418476,21185000
2015-09-14,91.59123229980469,91.89882365435062,90.88676157292264,91.59123229980469,20127900
2015-09-15,92.17664337158203,92.52391661162252,91.07528568889015,91.65077138380803,18859400
2015-09-16,92.72235870361328,92.87119225891384,91.90874384729118,92.17664576083,16321200
2015-09-17,93.60541534423828,94.76631086003322,92.17663309170212,92.64297463488643,27841800
2015-09-18,93.66497039794922,94.44882009255899,92.32548347981432,92.47430947183754,62300000
2015-09-21,94.80601501464844,95.73869067571567,93.78402862083654,93.88325603945131,28790000
2015-09-22,92.23617553710938,93.94278414381401,91.20427248259055,93.03986613236415,36888900
2015-09-23,93.23831939697266,93.58559266604404,92.0774312246528,92.67275791020225,21701400
2015-09-24,93.67488861083984,94.03207853864161,91.52177936860448,92.33539420913023,29106000
2015-09-25,92.04766082763672,95.1036808141871,91.34319001508597,95.04415041509512,28961600
2015-09-28,88.51538848876953,91.57140868179495,87.493409528697,91.36304470090552,41199900
2015-09-29,85.99515533447266,89.35875900651058,85.05255539380906,88.40623480973774,42281800
2015-09-30,89.20000457763672,89.3190653654092,87.32472147032952,87.75137362315539,36169100
2015-10-01,90.2418212890625,90.2418212890625,87.67199177278158,89.34883513081107,29283700
2015-10-02,91.35311126708984,91.48209631754352,87.68192375735791,88.20779578534761,37881700
2015-10-05,93.27800750732422,93.53597760635009,91.93852059165046,92.21633920290256,27292500
2015-10-06,92.07744598388672,93.43677407928197,91.62102096281524,93.34747846863151,22172800
2015-10-07,91.68053436279297,92.93072556669156,90.65855560825243,92.38500508126278,24129300
2015-10-08,91.74999237060547,92.49415256709682,89.76556517996187,91.17450666852147,27290500
2015-10-09,92.51399230957031,93.01009910080352,91.52177872710391,92.1766433251264,20012900
2015-10-12,93.52604675292969,93.86339570978019,91.94842334945538,92.59336363930352,18449600
2015-10-13,93.38715362548828,94.6274207167055,92.8215921346928,92.93073624431909,19480300
2015-10-14,93.33753204345703,94.45873067417969,92.88111470077376,93.34745629894702,19253400
2015-10-15,95.21281433105469,95.5501708850126,94.16107035751719,94.2503659462188,27557500
2015-10-16,96.78050994873047,96.83011608391608,94.60755986590428,95.43109892386902,25412900
2015-10-19,97.70327758789062,97.80249743712695,96.1653434297652,96.42332109377105,23729900
2015-10-20,96.24472045898438,98.81455008300578,95.808144046877,97.96125334023364,30881800
2015-10-21,96.35386657714844,97.41553486244028,95.71885045716019,96.61184424151531,21917800
2015-10-22,98.89392852783203,98.95346649192584,96.79044052291485,97.02856966932283,26392100
2015-10-23,101.39431762695312,102.04917471448465,99.38012508274242,101.11649900981918,42809700
2015-10-26,102.9620132446289,103.00170270138479,100.75930516960094,101.40423802441205,25961200
2015-10-27,102.89253997802734,103.28942690381297,101.60266693170962,102.13846314602196,23795500
2015-10-28,103.38865661621094,103.66648278978477,102.11862438840168,103.09099707093706,24081500
2015-10-29,104.06336212158203,104.30149884164652,102.7139509878401,103.15052740463577,20316700
2015-10-30,101.17603302001953,103.90462071712906,100.85852493624638,103.69625674683948,33487100
2015-11-02,102.50558471679688,102.6643425265824,100.39217247145297,100.92796872449559,24003900
2015-11-03,101.7812728881836,102.84294113721073,101.60267413741317,102.41628898648081,21242300
2015-11-04,103.13069152832031,103.32913123479807,101.68206047506186,102.38653127404436,43469300
2015-11-05,107.91315460205078,109.78843772384994,107.10945642843035,107.95284405494468,63232900
2015-11-06,106.26608276367188,107.89331258025179,105.0853536415129,107.19876603780533,35084300
2015-11-09,105.66083526611328,107.40713350552309,105.03574335751303,106.16686637497432,26383500
2015-11-10,107.06977081298828,107.30789995206116,104.4205548070956,105.13494979430313,25031700
2015-11-11,108.16121673583984,109.01452111696392,106.27600920614736,107.42697315301885,25057100
2015-11-12,107.17890930175781,108.53824465338042,107.15906836063434,107.63533421747675,20924700
2015-11-13,103.14060974121094,107.40713162353667,103.02154894355792,106.87133532412905,30278400
2015-11-16,103.22990417480469,103.35888921801148,99.6877019145413,102.51550916937526,49309200
2015-11-17,104.31140899658203,105.37307720460053,103.32911969028179,103.80538553060268,26807200
2015-11-18,106.93085479736328,107.03999889738661,104.56938918865359,104.97620039237488,23836500
2015-11-19,105.43262481689453,106.89118009702779,105.12503343707735,106.52405832046702,25520600
2015-11-20,106.48436737060547,107.03008789972282,105.78982085171913,106.00810149337676,22129600
2015-11-23,106.11724853515625,106.63320388059479,105.25402749065603,106.35538526535382,19897200
2015-11-24,104.91667175292969,105.66083200831454,103.57718480723486,105.17464942772685,23577300
2015-11-25,104.5892333984375,105.76996236924164,104.28164205193526,105.50206804292148,15150800
2015-11-27,104.6289291381836,105.13496023269535,104.04352670275966,104.95636146816118,5913100
2015-11-30,103.4283447265625,105.27386264925542,102.94216217660248,105.01588499070988,20383200
2015-12-01,106.28593444824219,106.31569964809397,103.68633182466667,104.0137641630158,22781900
2015-12-02,105.24410247802734,107.07969623266837,104.96628386478301,106.16686148344,24429100
2015-12-03,103.56724548339844,106.01801411244702,102.54526675921767,105.44252844854321,23236500
2015-12-04,105.35325622558594,106.89119056531979,103.29937406690345,103.99392066356317,21224700
2015-12-07,104.78768920898438,105.998191131253,103.84508922426163,105.65091785109145,15474900
2015-12-08,105.66083526611328,106.07757077516992,103.14061154843941,103.19022526165729,20401800
2015-12-09,103.78555297851562,105.61123014881309,102.74373312072811,105.35325246355575,23517300
2015-12-10,104.59915924072266,105.57153193061838,103.59702892306241,104.23204504177377,17454300
2015-12-11,101.32484436035156,103.52755195015185,101.11648043577539,103.33903653457617,26427700
2015-12-14,103.84507751464844,103.92444884831416,100.66998949836336,101.49352859130512,24648100
2015-12-15,103.73593139648438,104.97619835450074,103.46802949435914,104.4800915712942,21764300
2015-12-16,105.95850372314453,106.25616329618406,103.37874957351916,104.54956206211705,22680500
2015-12-17,105.39293670654297,106.91102240278089,105.30363354029923,106.65304473028617,21675700
2015-12-18,103.22990417480469,105.76004432071338,103.16044952538734,105.25402083352506,35994200
2015-12-21,103.95421600341797,104.3312620178874,102.79332790305367,104.09313287242553,16138800
2015-12-22,104.6884536743164,104.83728722066374,103.99389964802502,104.40071083670851,14597100
2015-12-23,103.81529998779297,105.28377935811028,103.05129889262022,105.0654911680642,19599700
2015-12-24,104.20227813720703,104.49994527147219,103.68633035046905,103.92445951588738,6501800
2015-12-28,105.10518646240234,105.1548001701674,103.71608591485935,104.20226845700326,13069700
2015-12-29,106.42483520507812,106.90109350439836,105.42269732735757,105.59137182628393,17179900
2015-12-30,105.39293670654297,106.41491557028539,105.23417888654944,106.16686215403763,13115000
2015-12-31,103.84507751464844,105.34331457868784,103.80538806282112,105.17464008591342,18391100
2016-01-04,101.42406463623047,101.44390557532904,98.97329609320072,101.15616275347654,37912400
2016-01-05,101.93010711669922,102.90247221178147,100.8783555463182,102.08885735732959,23258200
2016-01-06,102.16822814941406,102.96199442951064,100.11434645005659,100.34255132221384,25096200
2016-01-07,97.15756225585938,100.64023441114915,96.5423946157156,99.71747538094381,45172900
2016-01-08,96.57215881347656,99.71747434671988,96.27449168295321,99.10229914296674,35402300
2016-01-11,96.75074768066406,97.83225684228596,94.64725217945063,97.14763462409908,29932400
2016-01-12,98.59626770019531,99.18167008788721,96.79043925936502,98.2291459447009,28395400
2016-01-13,94.6968765258789,99.79685426156115,94.46866404751638,99.79685426156115,33410600
2016-01-14,97.60404968261719,98.10015645784044,91.73013971078261,95.1036672962984,48658600
2016-01-15,94.23052215576172,95.62953932636809,92.81165647494042,93.24823285980501,46132800
2016-01-19,94.51827239990234,96.66144990173449,93.18870220090444,95.77838037769398,30998300
2016-01-20,93.6153564453125,94.260296832374,88.67413670318844,92.10719502678985,59051400
2016-01-21,93.42683410644531,95.24257920037907,91.89882428844395,94.17099428969338,30518900
2016-01-22,97.17741394042969,97.30639899854295,94.74648578990828,95.65932816344561,30495400
2016-01-25,96.25464630126953,98.70541517692232,96.17526739412541,97.95133069903163,32482000
2016-01-26,96.58206176757812,97.11785798434569,94.91515029761926,96.99879720505635,26877100
2016-01-27,93.71458435058594,97.08811256746567,93.4963036874264,97.02858216569398,58699400
2016-01-28,108.26043701171875,109.48085561900535,103.99391508952147,106.36530521814119,107475300
2016-01-29,111.33628845214844,111.96138030227671,107.99252585577293,108.14135941151464,62739500
2016-02-01,114.1938705444336,114.81897001718913,111.13785811647776,111.3958282268314,46132700
2016-02-02,113.71760559082031,116.6743979911513,112.31858072845691,113.90612860432753,59778600
2016-02-03,111.81255340576172,114.4419133991619,108.89544298894609,114.37245874971339,56919300
2016-02-04,109.62968444824219,111.06839878771405,108.399341637582,110.92948948183255,38890200
2016-02-05,103.2596664428711,108.72676536047551,102.37659696675937,108.65731071302814,76894700
2016-02-08,98.97330474853516,101.88049084495083,96.7011347386413,99.62816934587951,71229700
2016-02-09,98.76493835449219,101.60266973260312,96.06611626873729,96.38362430412089,62709000
2016-02-10,100.21357727050781,102.44605795227655,99.45949278729114,100.75929779849145,45179400
2016-02-11,101.11649322509766,104.2915737678292,98.11007961027447,98.82447462488635,43670600
2016-02-12,101.2157211303711,103.42835343067323,100.30287877792478,102.9322465832525,36176800
2016-02-16,100.8188247680664,103.12076002335094,99.4594894072776,102.99177498020607,45687200
2016-02-17,104.38086700439453,104.89682231218951,99.61824629776174,101.22562747438013,44073400
2016-02-18,102.66434478759766,105.1746440427016,102.2277683710616,104.97620434608841,29593500
2016-02-19,103.75577545166016,104.20226854195381,101.26531720560541,101.75150731813467,32404500
2016-02-22,106.32562255859375,107.40713184612831,104.51978637722394,104.66861994458833,35709700
2016-02-23,104.63884735107422,106.63319884485608,104.30149835420987,106.01802367588157,25319300
2016-02-24,106.04779815673828,106.11725281334864,101.94003402009187,103.39858937889919,34412400
2016-02-25,107.22852325439453,107.22852325439453,104.78767871122758,106.2759991085237,29906300
2016-02-26,107.07969665527344,108.59778234791378,106.32561972205974,107.85362210093405,26686200
2016-02-29,106.08748626708984,108.06199696707968,105.91881175603234,106.76219188130959,32779000
2016-03-01,108.96490478515625,108.96490478515625,106.76218922961935,106.99040170419758,26817300
2016-03-02,109.0938949584961,109.68922924360938,107.9230824717578,108.82600058618702,25670200
2016-03-03,108.72677612304688,109.44117117892945,107.69487299454866,109.39155746727499,21353100
2016-03-04,107.54602813720703,109.19310629532474,107.08961080387037,109.19310629532474,24938900
2016-03-07,104.90675354003906,107.22852986945963,103.90461562443959,107.22852986945963,31436400
2016-03-08,105.10518646240234,106.5339764621596,103.58710087265474,103.96413931370671,25617000
2016-03-09,106.67289733886719,106.67289733886719,104.6686214194299,105.86919909177074,20493300
2016-03-10,106.48436737060547,107.81393758245987,104.94643320308516,107.06977735365766,24854300
2016-03-11,108.55809020996094,108.56800689525829,107.07968654186693,107.63533128805874,20697600
2016-03-14,109.03436279296875,109.47093924298737,107.92308072473489,108.42911183089377,17249400
2016-03-15,109.80827331542969,109.96703111927057,107.99252067644052,108.26042257792481,17618500
2016-03-16,111.3065185546875,111.62402659420033,109.24271251285964,109.62967519945376,24744800
2016-03-17,110.15554809570312,111.8125505241086,109.8678128196813,111.27675428360483,24241200
2016-03-18,110.58220672607422,111.54465516438285,109.41139433256309,110.69135083165494,36256900
2016-03-21,110.97908782958984,111.49504313233896,110.16547299370596,110.79057239626783,18448000
2016-03-22,111.3759765625,112.00106840509349,110.30438405806343,110.49290706439645,19001100
2016-03-23,111.6637191772461,112.30865952965469,111.12792292616768,111.13784718174014,18562000
2016-03-24,112.16974639892578,112.2094282798818,110.81041109152574,111.25690416717391,17839100
2016-03-28,112.80477142333984,113.69775764548056,112.07052787759439,112.43764965046712,21351800
2016-03-29,115.23568725585938,115.41428600721294,112.75515324816482,112.94367625514609,29825300
2016-03-30,113.80689239501953,116.07906235763531,113.46954341794432,115.82109228222087,33235200
2016-03-31,113.21157836914062,114.11449644352138,112.88414604084939,113.8069050578586,21207500
2016-04-01,115.15630340576172,115.26544750301252,112.46740556528643,112.86429250347221,24760500
2016-04-04,111.67364501953125,113.65807224283708,110.74096180218099,113.18180637844847,48487900
2016-04-05,111.3462142944336,112.43764776877615,111.02870623698868,111.23707019000041,22962400
2016-04-06,112.8246078491211,112.92382769538845,111.54465139330178,111.59426510142997,20814600
2016-04-07,112.75515747070312,113.99542452099685,112.18959599856876,112.90399103073624,20714500
2016-04-08,109.76858520507812,113.43977997885317,109.0442735336771,113.36040107596327,48497800
2016-04-11,108.141357421875,110.04641327433833,107.9230692201352,109.8380417581402,39762300
2016-04-12,109.74874877929688,110.29446929662925,108.14135999459992,108.48863324654364,26248100
2016-04-13,109.64952850341797,111.77286502985555,105.69059073675174,111.3561371291504,88227400
2016-04-14,109.97693634033203,111.16759703505588,109.40145828636953,109.75865573778789,28473300
2016-04-15,108.78631591796875,110.10596203407638,108.34973944166482,109.92736325467843,20922800
2016-04-18,109.58999633789062,109.94719386310697,108.34972925588647,108.88552554371101,21167200
2016-04-19,111.4156723022461,111.57442255075688,108.31004628523246,110.23493562961633,30210500
2016-04-20,111.5446548461914,112.38803492055453,110.69135051589764,111.55457910212206,21027900
2016-04-21,112.55670928955078,113.15203591483629,111.43550311577452,111.67363982187972,20875200
2016-04-22,109.69912719726562,110.87986373912106,108.16120074332467,110.3440675160099,38458200
2016-04-25,109.24271392822266,109.80827536749455,108.22073514936196,109.01450904342269,21017900
2016-04-26,107.91315460205078,109.6396041679951,107.30790369289983,109.62967991227436,22521500
2016-04-27,108.0421371459961,108.09175085346251,105.48222426850342,107.09953726404571,52213100
2016-04-28,115.82111358642578,119.84949896183464,115.32500671477483,118.64892124083815,87110100
2016-04-29,116.66448211669922,116.92245221383175,114.9380249251789,115.91039762741411,37140600
2016-05-02,117.64676666259766,117.80552447275024,115.6623394556246,116.91253071561455,28095200
2016-05-03,116.5156478881836,117.2399671751854,116.10883666274671,116.60494348206623,24117500
2016-05-04,117.14073944091797,117.37887616394447,115.66234324291088,115.70203269674863,23448400
2016-05-05,116.89268493652344,118.05358063292836,116.33704772798038,117.1208974014546,22056700
2016-05-06,118.5595932006836,118.70842674496032,116.19812771211875,116.24774141687384,26395600
2016-05-09,118.31155395507812,119.34345706339016,117.9742049463937,118.60922107920273,21138100
2016-05-10,119.5617446899414,119.5617446899414,118.07342421662264,118.6885994041239,23220000
2016-05-11,118.58936309814453,120.13722142201827,118.49014325468836,119.47244014387424,22038400
2016-05-12,119.34345245361328,119.89908965586172,117.97420038950575,119.04579291097554,22035500
2016-05-13,118.87710571289062,119.70064479496035,118.74812067364634,119.44266714648298,18124300
2016-05-16,117.7459945678711,118.67867784138083,116.4362728244268,118.45046536616414,31247800
2016-05-17,116.43627166748047,118.08334997922842,116.28743810425188,117.89482696113957,21328600
2016-05-18,116.73393249511719,117.34910008728376,115.8210977925552,115.89055244231558,21642300
2016-05-19,115.90047454833984,116.57518013613301,114.9777155469461,116.1386112757888,20544100
2016-05-20,116.43627166748047,117.0712878052656,116.03938468886739,116.04930894507983,18944800
2016-05-23,115.0670166015625,116.68432210337586,115.03725140367472,116.50572334605991,20441000
2016-05-24,116.78353118896484,116.81330395409773,115.21583954145271,115.3349003220299,20183600
2016-05-25,116.9720687866211,117.74599423693716,116.46603769603385,117.21019794748999,20019800
2016-05-26,118.53975677490234,118.82749961946467,117.00182270879063,117.3193307493441,18481300
2016-05-27,118.4504623413086,118.91680396615455,118.08334813706001,118.62906110039876,13493600
2016-05-31,117.88489532470703,119.16485177635766,117.20027308869969,118.52983567832791,23547600
2016-06-01,117.8551254272461,118.15279252319522,116.90260131819309,117.57730684168756,15029500
2016-06-02,118.00397491455078,118.51000601802072,117.2995041003031,117.76584574761952,13228300
2016-06-03,117.54755401611328,118.05358510448309,116.94230307531535,118.05358510448309,14135100
2016-06-06,117.86505126953125,118.50006735078394,117.43839913025315,117.69637677888355,12744700
2016-06-07,116.84308624267578,118.37109623352649,116.75378307418978,118.31155826453926,17103000
2016-06-08,117.46817016601562,117.67653411834874,116.3568881835832,116.8430783090163,14505600
2016-06-09,117.63684844970703,117.75591681343775,116.79346835741875,117.2101962754921,13859200
2016-06-10,115.71195220947266,117.19034834687773,115.35475470956433,116.62478690035438,18510800
2016-06-13,113.062744140625,114.58083740742839,112.427728000389,114.10457151725663,31718200
2016-06-14,114.0450439453125,114.05496063181943,112.69563272138059,113.18181530985923,17618500
2016-06-15,113.70768737792969,114.54115081405574,113.18181533334513,114.40224150303301,19819400
2016-06-16,113.49932098388672,113.60846509306874,112.06061419192665,112.98337320683586,19236300
2016-06-17,112.13997650146484,113.53900129559295,111.68355915890936,113.52907704010575,24644300
2016-06-20,112.48725128173828,113.82673804110506,111.87207616433057,112.88413064007767,20785400
2016-06-21,113.48939514160156,114.31293429210635,113.08259147941776,113.231425041676,19166300
2016-06-22,113.02305603027344,113.84658757397614,112.72538891906295,113.75729198260645,14846300
2016-06-23,114.18394470214844,114.19386138791243,112.6559348256976,113.47947394345815,16176900
2016-06-24,111.20731353759766,112.79485394680883,110.13572092263394,110.14564517925113,40643100
2016-06-27,108.12151336669922,110.70126712116345,107.3872774483492,110.70126712116345,36130400
2016-06-28,111.82247924804688,111.87209296028233,109.68922588173609,109.7685972233273,26813800
2016-06-29,113.2711181640625,113.36041376231523,112.159836109205,112.4872684427777,20968300
2016-06-30,113.39017486572266,114.28316866594061,112.78492393279657,113.7771375841522,23192700
2016-07-01,113.30087280273438,114.23354843417259,112.92382679195029,113.31078948828944,14980000
2016-07-05,113.310791015625,113.310791015625,112.09037251687094,113.05282092791431,14207000
2016-07-06,115.79132843017578,115.88063159391584,112.09037580271186,112.47733851561046,24337600
2016-07-07,114.94795227050781,116.05923430721589,114.46176969131845,115.7218777226838,16630200
2016-07-08,116.3271255493164,116.58510321645622,114.94794918920599,115.52343491975275,18142600
2016-07-11,116.95221710205078,117.77574861816265,116.58509535318944,116.7934592960603,17711600
2016-07-12,117.01177215576172,117.79562195556937,116.65457458698884,117.70631877838093,15217700
2016-07-13,115.87069702148438,117.47808569578926,115.77147718059884,117.46816144070411,16207700
2016-07-14,116.3767318725586,116.72400511205605,115.79132192312956,116.58509581625707,14579700
2016-07-15,115.95008087158203,117.35902235426865,115.67226227724821,116.82322610662959,16646000
2016-07-18,118.44054412841797,118.67867328080533,115.97985098711762,116.4065031522225,20868400
2016-07-19,119.6708984375,119.90902761281745,117.73608469431446,118.0635094716297,21541300
2016-07-20,120.9706802368164,121.24849883348408,119.62126913586857,120.30589894193463,20046500
2016-07-21,119.6708984375,121.14929477383127,119.31370088952883,120.97069599984567,17801700
2016-07-22,120.05784606933594,120.06777032497166,118.38100265638425,118.96641261906706,18422400
2016-07-25,120.68294525146484,120.9012334687872,116.86292415829227,120.44481609165388,18487400
2016-07-26,120.2761459350586,121.11952606612978,119.809804284822,121.05007140992367,17612000
2016-07-27,122.37962341308594,124.02670164451995,120.5638782542019,121.46678870577966,52654200
2016-07-28,124.02670288085938,127.33077606240288,122.66736749208904,126.52707788014226,78955800
2016-07-29,122.97496032714844,124.86016017739414,122.74674786033498,123.6794310995015,35058800
2016-08-01,123.34207153320312,123.60997344730661,121.90336482557315,122.88565418064472,25006900
2016-08-02,122.13157653808594,123.82826856886652,121.11952192936458,123.09402500549135,23968400
2016-08-03,121.55609130859375,122.95510856031865,121.35764404488127,122.13156944838727,18525300
2016-08-04,123.39169311523438,123.81834529789197,121.55609933216871,121.98275151482632,21066000
2016-08-05,124.175537109375,124.86015936538449,123.64966509751655,124.0068626093429,20184000
2016-08-08,124.28467559814453,124.47319103143124,123.58020486220526,124.2747513427119,15233900
2016-08-09,124.08622741699219,125.10820618927846,123.56035543280517,124.36404600712956,19621000
2016-08-10,123.90763854980469,124.50297279898169,123.57028954059452,124.09616156671004,10670100
2016-08-11,123.9274673461914,124.40372558577664,123.77863380757543,124.22512685343511,11729500
2016-08-12,123.90763854980469,124.02670691363797,123.21309201908409,123.72903978904947,12159000
2016-08-15,122.93527221679688,123.94732680462025,122.73682494566235,123.93741011855553,19295100
2016-08-16,122.3399429321289,122.95511053454233,121.82398760818111,122.53838262903855,14222400
2016-08-17,123.401611328125,123.41152801398773,121.89344237817724,122.6971405624216,13794200
2016-08-18,122.94519805908203,123.29247132556127,122.6772961320913,123.04441791093475,12400800
2016-08-19,122.59791564941406,123.19324989286983,122.3200970397957,122.63760510364374,11688300
2016-08-22,123.1833267211914,123.85803230905657,122.15142361210414,122.36971182729425,14386400
2016-08-23,123.401611328125,124.11599877969114,123.28254296786938,123.5405206300953,13309500
2016-08-24,122.51853942871094,123.71911698385676,122.13156915788929,123.50082877928679,12243700
2016-08-25,122.92534637451172,123.40161224909949,122.14149669612117,122.16134520797318,10730800
2016-08-26,123.98701477050781,124.21522723707574,122.94519499701761,123.08410430014963,17504800
2016-08-29,125.55471801757812,125.74324103623479,123.38176766986851,123.38176766986851,15925900
2016-08-30,124.86016082763672,125.61424531365566,124.17553856360955,125.61424531365566,17804300
2016-08-31,125.13799285888672,125.23721271353268,124.12593065952468,124.6220375027442,14200600
2016-09-01,125.18757629394531,125.64399359852082,124.62201489805956,125.39594022190447,13536100
2016-09-02,125.52494049072266,125.87221372520244,125.01890945191568,125.86228946993481,12118800
2016-09-06,128.71986389160156,128.92823540563506,125.48525306120737,125.68369274982446,26278400
2016-09-07,130.0296173095703,130.95236884651442,128.93817610890252,129.027471714417,27990800
2016-09-08,129.2556915283203,130.05938225633557,128.79926653439603,129.9006244201897,15676600
2016-09-09,126.1103515625,128.9381589097769,126.1103515625,128.70003732683477,27100700
2016-09-12,127.68798828125,127.75743537007445,124.77087747106059,124.97924144750411,21252800
2016-09-13,126.21949005126953,127.35062050983451,125.67377711800295,127.03310489340298,18016200
2016-09-14,126.77513122558594,127.79711761562889,125.90198596291623,125.90198596291623,15691100
2016-09-15,127.35063171386719,128.09479197287308,126.67591853957931,126.98350992756136,15077200
2016-09-16,128.0650177001953,128.17414666273757,127.2017815657236,127.2017815657236,24119200
2016-09-19,127.64827728271484,128.9282413421905,127.26131457310143,128.89847614452626,14958800
2016-09-20,127.63835906982422,128.16423107557227,127.03310815792838,127.64827575560084,11083800
2016-09-21,128.92823791503906,128.99768499441674,127.39030380336177,128.12454731951158,14068300
2016-09-22,129.06715393066406,129.71208674978027,128.5511985913838,129.4838818485516,15538300
2016-09-23,126.96366119384766,127.59868491148471,126.30880410345667,126.56677420907059,28326300
2016-09-26,126.31871795654297,127.1621056190234,125.81269444304203,126.37825592341736,15064900
2016-09-27,127.68798828125,128.00548880441056,126.43779685259881,126.61639562812042,15637100
2016-09-28,128.22377014160156,128.46190687614944,127.40023096710026,128.20393676870705,12047600
2016-09-29,127.0926284790039,128.2832816968912,126.5568398299466,128.1741376020862,14532200
2016-09-30,127.27125549316406,127.58875600426236,126.45763299226175,127.03311875485568,18402900
2016-10-03,127.7673568725586,128.08485737006293,126.80490841390852,127.38039415186272,13156900
2016-10-04,127.1918716430664,128.27338090010667,126.5568555055403,128.16423679178288,14307500
2016-10-05,127.46967315673828,127.7971054377842,126.83465710440052,127.25138496937434,12386800
2016-10-06,127.73757934570312,128.05507981256454,127.08271476158109,127.42998042408645,11682700
2016-10-07,127.98563385009766,128.24360392791664,127.33076926027537,128.0352324166177,12804400
2016-10-10,129.2259063720703,129.68231615553734,128.19399573644552,128.670254031361,15138700
2016-10-11,127.87650299072266,129.62279360439624,127.23155501943803,129.21598236496766,17537900
2016-10-12,128.04518127441406,128.65043223824892,127.45977882381399,128.00548424794448,11073000
2016-10-13,126.82474517822266,127.25139733954859,125.76307690282871,127.2117154561599,17139300
2016-10-14,126.88428497314453,127.94595332718905,126.58662540574284,127.48954350450441,13345300
2016-10-17,126.54692840576172,127.46968739268037,126.32864019401913,127.20178547100018,11351700
2016-10-18,127.56893157958984,128.38253899758445,127.01327915122646,127.6780605598259,13504000
2016-10-19,129.09693908691406,129.4541366631787,127.59870168812748,127.73761101556477,16752300
2016-10-20,128.98777770996094,129.64264236885265,128.49167087261492,129.05723993437937,13167500
2016-10-21,131.04165649414062,131.1011868873239,128.69009998355565,128.76947888779267,19088800
2016-10-24,132.2422332763672,132.37122589489525,131.12102701372473,131.6865960580597,17470200
2016-10-25,131.25994873046875,132.4605340149672,131.19050164160262,132.4605340149672,13336800
2016-10-26,130.01963806152344,131.23013962804956,129.9204258049078,130.61497216111746,13084700
2016-10-27,128.68019104003906,130.7737624528186,128.26346312270582,130.7142320560537,16741400
2016-10-28,130.26773071289062,131.93465761065627,128.91831946802498,129.4838885472607,24545500
2016-10-31,129.97006225585938,131.0912533057404,129.8609181564928,130.98210920637382,15669000
2016-11-01,128.49166870117188,130.91267244890332,127.64828103594482,130.38680042140186,22077800
2016-11-02,126.1798095703125,129.21598095340897,125.29674001679766,129.21598095340897,39640900
2016-11-03,119.06563568115234,122.32009517857223,118.5695288658142,121.05006294250488,63766300
2016-11-04,119.80979919433594,120.98061161348596,118.32147870744977,118.65882771754903,30545500
2016-11-07,121.19889068603516,122.25063466169324,120.40511679158337,121.87359622532252,23008900
2016-11-08,123.25276184082031,123.6397244991526,120.59362936536431,121.07981185942494,19460800
2016-11-09,122.22086334228516,122.84595514310713,119.57165502500685,120.55394430343809,31916000
2016-11-10,119.85941314697266,123.21309259232397,114.37246524879457,122.96503917734265,67846700
2016-11-11,118.09326171875,119.76018090310927,117.23004071416393,118.59929278453474,32840100
2016-11-14,114.18394470214844,118.20240530340897,112.66585908145073,118.20240530340897,51377000
2016-11-15,116.28742980957031,117.56738625005482,114.92810203501627,115.82109578070185,34681400
2016-11-16,115.43412780761719,116.9621376761282,113.32071554252805,113.58861745654683,32397900
2016-11-17,116.87284851074219,116.87284851074219,115.10670939821038,115.90047578823022,18597800
2016-11-18,116.10884094238281,118.20241240267696,115.93024217804526,117.46817640261798,22879300
2016-11-21,120.82184600830078,121.00044475801697,116.88276439898598,117.2796437805873,35415400
2016-11-22,120.5241928100586,122.0224375353548,119.95863133454789,121.44695180378548,26089200
2016-11-23,119.89909362792969,120.36543525383269,119.0061074004441,120.28606391515999,15672100
2016-11-25,119.44266510009766,120.19674952196415,119.13508132025245,120.06776448492974,8658600
2016-11-28,119.47244262695312,120.74247481756122,118.88703266941376,119.18469977595771,18101300
2016-11-29,119.92886352539062,121.14928204440169,119.46252191065061,119.63119641002787,18891000
2016-11-30,117.4979476928711,120.8417106768716,117.03160603014808,119.38315528750049,30188900
2016-12-01,114.20379638671875,117.52771079771992,113.11236282086625,117.45825614089267,43277000
2016-12-02,114.50146484375,115.57305747853833,113.41003126535,114.21372195644629,25070400
2016-12-05,116.5156478881836,116.65455719199392,114.17402309539628,115.04716837220249,20201500
2016-12-06,116.39657592773438,116.88276604602834,115.42421083112458,116.7736219435533,19131200
2016-12-07,117.0315933227539,117.0315933227539,115.66234125385051,116.08899341278253,21913700
2016-12-08,117.98412322998047,118.56952562247157,116.72400771429673,117.06136427589306,22442800
2016-12-09,118.74813842773438,119.00611611478212,118.0238190806353,118.29172102448987,17464700
2016-12-12,116.8530044555664,118.3115598099757,116.73394365601612,118.29171886671392,17805500
2016-12-13,119.37321472167969,120.5737922585003,116.6942410537314,116.94229445150398,29768000
2016-12-14,119.27399444580078,120.74247388610605,117.92458336119233,119.065630500823,25913100
2016-12-15,119.63119506835938,121.5461676450773,118.69851184933941,119.14501251737602,20139600
2016-12-16,118.93665313720703,120.55395866404703,118.34131889028194,119.95863198711135,25324300
2016-12-19,118.31155395507812,119.42283597248864,117.58724222702537,118.91680488947257,15918100
2016-12-20,118.1627197265625,118.83742531011535,117.87498443018485,118.56953095590569,13684400
2016-12-21,118.11310577392578,118.2718560107379,117.55746859009997,117.99403741882502,10767600
2016-12-22,116.48587799072266,118.06349397891663,116.01953638817807,117.93450893629347,16258600
2016-12-23,116.35688781738281,116.64463067541033,115.39444696534628,116.08899347093742,10890000
2016-12-27,117.09113311767578,117.75591443594074,115.95008592409322,116.04930577353751,12051500
2016-12-28,116.00961303710938,117.32925895034616,115.7417186941913,117.26972855636194,12087400
2016-12-29,115.44404602050781,116.6148583223681,115.15630318013662,116.08898634754749,9934900
2016-12-30,114.1541748046875,115.92031375657066,113.87634864496275,115.69210130357968,18684100
2017-01-03,115.95008087158203,116.92244595175039,114.61059403747888,115.12654177410039,20663900
2017-01-04,117.76583099365234,118.72827936732521,116.37673048226847,116.63470812995132,19630900
2017-01-05,119.73041534423828,120.00823394579456,117.39871485833196,117.93451111990012,19492200
2017-01-06,122.4490966796875,122.9154307611494,119.09540951988072,120.03801707940792,28545300
2017-01-09,123.9274673461914,124.45333928864471,122.08194963532509,122.5879806386241,22880400
2017-01-10,123.38175964355469,124.52280679752985,123.31230499435563,123.84810124674368,17324600
2017-01-11,125.10820770263672,125.13798046907344,123.09401532978745,123.38175817876433,18356500
2017-01-12,125.63410186767578,125.74324598066458,123.82827323002905,124.63196390750129,18653900
2017-01-13,127.34069061279297,128.26345713954092,126.37824977336814,126.49731056134408,24884300
2017-01-17,126.87435150146484,127.34068551903188,126.40800991390904,127.04301842102089,15294500
2017-01-18,126.92395782470703,127.42998129408659,125.852365354276,127.41014792350683,13145900
2017-01-19,126.55685424804688,127.35062819706218,126.45762682692792,127.23155226372366,12195500
2017-01-20,126.05081176757812,127.4795941486163,125.79283412197856,127.10256329041235,19097200
2017-01-23,127.92611694335938,128.24363262401008,125.96153787427134,126.31873544501289,16593600
2017-01-24,128.36268615722656,128.8885582260086,127.38040424835978,128.37261798417197,15162700
2017-01-25,130.4562530517578,130.7142383033743,128.75957610295188,128.98778101478376,18731300
2017-01-26,131.74610900878906,132.10330647897013,130.41654653532834,130.60506952514285,20020100
2017-01-27,131.15078735351562,131.9147960703759,130.05936146940766,131.6468941571951,19539500
2017-01-30,129.9601593017578,130.5554936378279,128.59091455276635,130.5554936378279,18956100
2017-01-31,129.30528259277344,129.64263158050088,128.51150869107875,129.15644146996812,19790500
2017-02-01,132.19259643554688,132.4505816274616,129.66244905777617,131.22023147365,50139800
2017-02-02,129.8212432861328,134.43504630299117,129.38466681417404,132.18271685355683,54366400
2017-02-03,129.9601593017578,131.81560940318698,129.74187105453086,130.21814457937936,24804900
2017-02-06,131.03173828125,131.03173828125,129.28544762655085,129.9601456726916,17058500
2017-02-07,130.81344604492188,131.96441753066398,130.63485485229586,131.2103405951669,14596400
2017-02-08,133.1551055908203,133.3932423830064,131.4088145347379,131.5675723961953,22390600
2017-02-09,133.09555053710938,133.45274808926723,132.27201131574603,133.44283140225568,16470600
2017-02-10,133.1451416015625,133.88930178029693,132.6391029904374,133.055846013709,15061900
2017-02-13,133.0062255859375,133.65115831892598,132.6589447974195,133.65115831892598,13526200
2017-02-14,132.8077850341797,133.18481587468256,131.51790443672863,133.05583841292116,14364900
2017-02-15,132.40098571777344,132.6589558043777,131.62706031798254,132.41090240341967,13226500
2017-02-16,132.79788208007812,132.82764728080002,131.98427469371345,132.03388840824323,12831100
2017-02-17,132.4902801513672,133.0459173422639,132.13308265150818,132.46051495471045,12276500
2017-02-21,132.67881774902344,132.8673407752355,131.8651952443144,132.460529522881,14759100
2017-02-22,135.0601043701172,135.72488563570303,132.42082781808344,132.55973711029574,27360100
2017-02-23,134.3060302734375,135.0601071409205,133.28405150119988,134.83190225759947,18422500
2017-02-24,134.38539123535156,134.56398238802691,133.11535923863036,133.11535923863036,12625700
2017-02-27,135.34788513183594,136.1118788403427,133.96870858559473,134.20683020279964,14306700
2017-02-28,134.48464965820312,135.74476540341914,133.70080743022234,135.72491688853913,16112100
2017-03-01,136.34999084472656,136.40952123822072,135.23871645956095,135.40739095445372,16257000
2017-03-02,135.6951141357422,136.74687317360116,135.24862108437395,136.02254641073932,12294800
2017-03-03,136.10195922851562,136.26071706322816,135.0204498669998,135.56617046133636,11160600
2017-03-06,136.34999084472656,136.75680205357398,135.44707283679048,135.81420216330113,12748200
2017-03-07,136.23092651367188,137.29258716331378,135.92334272863522,135.96302460993968,13527100
2017-03-08,136.64767456054688,136.9155765038098,135.98289318576687,136.0821054736562,10184500
2017-03-09,137.16358947753906,137.49102172495645,136.33011869321504,136.64763425676236,15535300
2017-03-10,137.70932006835938,138.40388170632335,137.1437661842774,137.8283959965699,16314100
2017-03-13,138.51303100585938,138.5923947743399,137.59026444250182,137.62996146672083,10955500
2017-03-14,138.23519897460938,138.3741082659313,137.44142510706516,138.3741082659313,12944000
2017-03-15,138.63209533691406,139.00914137672436,137.4116767606585,138.2054355855531,19344800
2017-03-16,138.90000915527344,139.15797928144502,138.64202388912145,139.10836556564809,13612900
2017-03-17,138.75115966796875,139.247266516158,138.61225035607495,139.247266516158,20592800
2017-03-20,138.85037231445312,139.0984257121451,138.16574251442682,138.6221674277703,12099500
2017-03-21,137.43150329589844,141.20191808648096,137.32235919190865,140.05094665167545,29894800
2017-03-22,138.5030975341797,138.70153723298068,136.52860209213853,136.85601926817202,17055400
2017-03-23,138.4435577392578,139.29686201214992,138.0069813475487,138.39394403293133,13022800
2017-03-24,139.24725341796875,139.92196654082906,138.67176771140433,138.98928333156874,16664700
2017-03-27,139.22740173339844,139.55481885615626,137.6894678229729,137.9672863840848,12800500
2017-03-28,140.6561737060547,140.8446966846001,138.9198001625743,139.2670809272607,14679400
2017-03-29,141.53927612304688,141.74764765850807,140.3287742160306,140.88442659726738,16527600
2017-03-30,141.30116271972656,141.83695147914864,140.74552544625772,141.29123089271306,12404000
2017-03-31,140.94393920898438,141.5194248905122,140.78518140580894,141.20190928416136,11478300
2017-04-03,141.17213439941406,141.3606573852487,139.72351117980045,140.82485362130012,13564000
2017-04-04,140.62644958496094,140.9836471381132,140.1700397414765,140.755442216371,12948600
2017-04-05,140.74549865722656,142.32311457411467,140.1898463495385,141.15229470788648,17158100
2017-04-06,140.07078552246094,141.1126127815694,139.81281544895813,141.0034686850918,15103400
2017-04-07,139.68382263183594,140.44783130602843,139.14803397537483,140.10055050685622,11818300
2017-04-10,139.9418182373047,140.328780987566,139.53502211316948,139.9021363495769,9039400
2017-04-11,138.8305206298828,139.93187829605807,137.72916296370755,139.70367341459186,16638100
2017-04-12,138.4931640625,139.30677127096644,138.3542547761776,138.63207334882242,11612500
2017-04-13,138.3046417236328,139.48537823292045,138.24511133492533,138.5328465936704,10965600
2017-04-17,140.31883239746094,140.44782499821338,138.6618376569267,138.67175434160896,11519700
2017-04-18,139.86244201660156,140.805041951058,139.5151611849698,140.17002582405777,14807500
2017-04-19,141.1622314453125,141.9262250075123,140.1700178570218,140.2493967608824,15563900
2017-04-20,142.68031311035156,143.12680618483913,141.57895545196098,141.8369255274482,15968200
2017-04-21,142.56126403808594,143.04745422497373,141.1622541598632,142.77955227383308,12382000
2017-04-24,144.33731079101562,144.53575047915373,143.21610460006758,143.8312873152668,14407200
2017-04-25,145.34939575195312,146.004245311846,144.6548340242199,144.6548340242199,17767500
2017-04-26,145.41883850097656,146.44081740816708,144.95249684740656,145.94471055458024,12395000
2017-04-27,146.54994201660156,146.5995557233529,145.0020912618174,145.52796324543056,11275100
2017-04-28,149.080078125,150.3501101916721,147.9092734641521,148.33591800124793,30652200
2017-05-01,151.27288818359375,151.3820322823545,150.2409775880419,150.55849319897402,25218300
2017-05-02,151.5903778076172,152.24524235332322,150.47910352882627,152.14601494701265,21870400
2017-05-03,150.61802673339844,152.40401423220908,150.1616018181554,152.40401423220908,29782500
2017-05-04,149.67543029785156,150.34021160496565,147.56201044719066,149.00071716497357,36225500
2017-05-05,149.07017517089844,150.44935145501913,148.62366694353923,150.27074513607988,17148500
2017-05-08,149.8837890625,149.9036375743651,148.57407493899555,149.53652337474267,15827500
2017-05-09,149.3083038330078,151.40187521234662,149.04041705184466,150.310449295806,17453900
2017-05-10,149.1197967529297,149.34801681457338,147.7009383678295,149.0602663507549,12080700
2017-05-11,148.87171936035156,149.47697025169705,148.24663509812626,149.13962126700685,11841900
2017-05-12,149.1594696044922,149.28846221494993,148.4649231250615,149.22891668244637,9598200
2017-05-15,149.0205535888672,150.30050239038897,148.60382572000015,149.0007050789277,15064700
2017-05-16,148.61378479003906,149.0404446055489,147.86962442483056,148.94121716752858,14550800
2017-05-17,143.72213745117188,147.51238530451144,143.2954777558092,146.84760404892504,28300100
2017-05-18,146.51026916503906,146.99644415722446,143.38478712680535,143.59315865201236,23031600
2017-05-19,146.90713500976562,148.22678084104874,146.80792273927932,147.29409768660975,16187900
2017-05-22,147.08575439453125,147.43302008206632,146.54003386842925,146.92699657966912,12586700
2017-05-23,146.91708374023438,147.65131215823249,146.10346127274804,147.36357685874273,12817800
2017-05-24,148.87171936035156,149.06024236355427,147.26433820037542,147.35363378926792,17862400
2017-05-25,150.77679443359375,151.40187874420144,148.78243528742834,149.12971612441623,19891400
2017-05-26,150.94546508789062,151.06452587925847,149.97308482512463,151.04467736737098,14996200
2017-05-30,151.19351196289062,151.70945212984122,150.45926845456844,150.78670075665897,13226000
2017-05-31,150.2807159423828,152.15599950779037,149.9135865237706,151.51105142319048,18023900
2017-06-01,150.3501434326172,151.10422040768012,149.12972479903456,150.56843166171063,14530600
2017-06-02,152.4139404296875,152.43378894201797,150.1219293048304,150.66764984407706,16854400
2017-06-05,152.4337921142578,153.50538470272116,152.21550389401645,152.44370880064,12520400
2017-06-06,151.62017822265625,153.3168703688561,151.29274587374118,152.21551251886183,13457100
2017-06-07,151.927734375,152.55283375811868,151.15380901493748,152.07657549192112,12066700
2017-06-08,153.50537109375,153.52520446475603,151.9079066090495,152.88027168756958,17799400
2017-06-09,148.4351806640625,154.37853124120215,145.4684561489763,153.56492385210262,35577700
2017-06-12,147.28421020507812,148.0382871981967,143.4344160434103,147.0163082556888,33170200
2017-06-13,149.5067596435547,150.00286651543797,147.74062039084862,148.98088757055683,20483400
2017-06-14,149.080078125,151.21333109043204,147.88942495499197,150.08220830792794,20808800
2017-06-15,148.6335906982422,148.87171225726075,145.23029039749053,146.5201710220902,18994200
2017-06-16,149.467041015625,149.65556400299755,147.44293213746894,148.42521381276057,22882400
2017-06-19,151.6796875,152.3742491288356,150.5287312355979,150.5287312355979,19026500
2017-06-20,151.06451416015625,152.64213008330813,151.02483227943821,151.6896135463014,14743900
2017-06-21,152.71160888671875,152.88028339305185,150.69741635700458,151.17367467723804,15039800
2017-06-22,152.20555114746094,153.34660580370257,151.71937620191142,151.8185884720343,13005500
2017-06-23,153.862548828125,153.99152628300857,151.46137892677203,151.53084113630436,18027000
2017-06-26,152.39407348632812,155.28141851206388,152.00711081256807,155.0333651278593,18049700
2017-06-27,149.40753173828125,152.11627073647367,149.2190087242717,151.6499291144433,19360800
2017-06-28,152.0468292236328,152.2750341300132,148.6931421525699,149.744886227169,16719100
2017-06-29,149.8639373779297,151.31257591384278,147.76044936411716,151.09428770788358,23973500
2017-06-30,149.80441284179688,150.73709609646355,148.8915780993513,150.71724758424244,17666000
2017-07-03,147.2742462158203,150.9652817391979,146.64916199039357,150.53863719073166,13862700
2017-07-05,149.16940307617188,149.67544174954202,146.9766192914994,147.83984036021866,14334300
2017-07-06,147.66122436523438,148.87171093947683,146.8476020058509,147.8695807275313,14951800
2017-07-07,150.26084899902344,150.8065695759969,148.02836811684298,148.08789851797098,13615900
2017-07-10,152.30477905273438,152.78103731481315,150.33026864915078,150.50887495991606,13378700
2017-07-11,154.06101989746094,154.20984589111666,151.7193950440772,152.17580485127408,13667700
2017-07-12,157.66273498535156,157.9207202109397,154.98376129332433,155.2715117157145,22739400
2017-07-13,158.0199432373047,158.5358985836042,157.18648739019096,157.50400303098422,13929200
2017-07-14,158.72438049316406,159.07166124283847,158.08936451602594,158.88313827244238,16371200
2017-07-17,158.4862823486328,159.52810971092532,157.573447605856,159.00223768671668,12858800
2017-07-18,161.59190368652344,162.4551246533504,158.1786865607107,158.41682326948055,23722900
2017-07-19,162.86195373535156,164.4098046623632,161.8995052492006,162.3162331803207,26273600
2017-07-20,163.24891662597656,163.71525826982227,161.54230787402614,163.5168185605214,18523100
2017-07-21,163.14968872070312,163.7648714996967,162.4749906830719,162.8818019269268,14744000
2017-07-24,164.7074737548828,164.87614826662943,163.0306301840177,163.35806252093036,17367000
2017-07-25,163.99307250976562,164.25104261096718,162.58413092939605,163.72517058237779,15383200
2017-07-26,164.32054138183594,164.71742087810733,162.82230387243175,164.71742087810733,35236900
2017-07-27,169.11289978027344,174.12358182526808,166.19578917768342,173.33972455016118,68910700
2017-07-28,171.10723876953125,172.07960389514778,167.7337184578127,167.75356696975794,24557600
2017-07-31,167.93215942382812,171.3751419833318,167.23761290029253,170.66074694770126,25478900
2017-08-01,168.5373992919922,169.14265018134674,167.73370871464778,168.4977174103853,14385000
2017-08-02,167.98178100585938,169.22204812028542,165.61039088867597,168.9739946974002,17433800
2017-08-03,167.27728271484375,168.37864038697566,166.93993373346436,167.98176101358553,10793800
2017-08-04,168.29928588867188,168.73586234669372,167.37653439874558,167.6543530283995,10777700
2017-08-07,170.64089965820312,170.72027856717287,168.33897185799546,168.62670715552937,12787800
2017-08-08,169.8967742919922,171.70261077676665,169.29152323434582,170.54172238226104,14393500
2017-08-09,169.8471221923828,170.1150241121124,168.23974095396233,168.6564688624425,10815000
2017-08-10,166.09657287597656,169.26173710717254,165.55086743471938,168.73586503979303,20832700
2017-08-11,166.77127075195312,167.50551429737172,165.55085221157645,166.6422781337094,13791200
2017-08-14,169.42050170898438,169.7479340708126,167.97186293907595,168.76563698532792,12954200
2017-08-15,169.6685333251953,170.1646401477836,168.68623636607816,170.15472346172416,8729200
2017-08-16,168.6763153076172,170.04557494726032,167.92223840722238,169.91658233193792,15779900
2017-08-17,165.61038208007812,168.537409286443,165.55085168414874,168.0214539550905,17216000
2017-08-18,166.10646057128906,167.35664409253317,164.9158074358219,165.54089162645593,15093600
2017-08-21,166.47361755371094,166.6919057843889,164.52888713128183,165.85844988906211,11907500
2017-08-22,168.31912231445312,168.54732721385616,165.84850488533564,166.96971115019286,11391000
2017-08-23,167.3963623046875,168.0412950855644,166.89032368155895,167.5253397768761,9856500
2017-08-24,166.4339141845703,167.9718331476921,165.11426828397387,167.5650370793704,14030400
2017-08-25,165.02499389648438,167.06895174619163,164.88606944069852,166.55299637034963,12614500
2017-08-28,165.93780517578125,166.39421494586102,165.03488718108812,165.61037287638777,8553700
2017-08-29,166.7415008544922,167.11853173261295,163.7152463039091,163.9632997073999,11121000
2017-08-30,168.59693908691406,168.8549091816899,166.32477652375476,166.86056522520565,11138300
2017-08-31,170.63096618652344,170.80955735915265,168.73583466374546,169.07318363869663,17226500
2017-09-01,170.6805877685547,171.5735739528636,169.97610945072762,171.05761864149633,11677600
2017-09-05,169.39071655273438,171.04771154135142,168.22982839208575,169.9364370914954,13210900
2017-09-06,170.7500457763672,171.13700849966503,168.24967824427912,169.5792409202277,13906300
2017-09-07,171.86134338378906,171.9605556708088,168.94423265376997,170.6012277327987,18049500
2017-09-08,169.61892700195312,172.1391582488474,169.47010100468665,171.7422636895045,10998500
2017-09-11,172.1589813232422,172.5360273470681,170.85918389160463,171.05762358941567,12372000
2017-09-12,171.61328125,172.64517679453752,170.4126960601254,172.40704006580782,11186300
2017-09-13,171.7025604248047,171.82162120779356,170.72026354521407,171.66286340382342,9119300
2017-09-14,169.62884521484375,170.93855930561554,169.17242029322472,170.9187107942465,15615700
2017-09-15,170.30355834960938,170.99810490952214,168.9342986029388,169.54948139027258,15660500
2017-09-18,168.6862335205078,170.7302063126739,168.02145220625115,170.65082740560135,12954000
2017-09-19,171.17669677734375,171.21637866027874,169.0335117393761,169.2914818283992,13168600
2017-09-20,170.82940673828125,171.70255951551562,169.37085159448176,171.15683902974413,12264100
2017-09-21,169.77767944335938,170.92865091899628,168.6862383647418,170.35316518117781,11161400
2017-09-22,169.21209716796875,170.392833749842,167.90238311595937,168.8846800099497,12097100
2017-09-25,161.60183715820312,167.9817789910787,160.30203966027116,167.92224859269697,41251600
2017-09-26,162.931396484375,164.21134532410267,161.5125232109011,163.21913175718967,23363300
2017-09-27,166.37437438964844,167.02923901974563,164.28081816248243,164.60823533755251,19242500
2017-09-28,167.4162139892578,167.75357815490668,165.85844634720888,166.6323718249111,12178700
2017-09-29,169.53956604003906,170.3234234152448,167.49560804795274,167.5154565630162,15340400
2017-10-02,168.15045166015625,170.5317584092481,167.43605660743287,170.05550008742557,13392300
2017-10-03,168.6366424560547,169.40063608316885,167.88255037529487,167.98177779854615,8190300
2017-10-04,167.10862731933594,169.34110811470646,166.97963469525448,168.50765225136317,12127900
2017-10-05,169.90664672851562,169.97609380135654,167.28720367040148,167.86267418243176,14580600
2017-10-06,170.88894653320312,171.02785583359096,168.4282610091993,168.92436781629561,13124500
2017-10-09,171.15684509277344,173.51831829304928,170.6607382954031,171.35528478372598,14570400
2017-10-10,170.25393676757812,171.851401351532,169.47009464475872,171.65296164929737,11341100
2017-10-11,171.3949737548828,171.43465563521815,170.06539609400193,170.6111165734705,11283700
2017-10-12,171.20645141601562,172.4963320615389,170.94846620292458,171.2659818067359,10351000
2017-10-13,172.38719177246094,173.29009461828863,171.85138796419022,172.09944135765468,13658300
2017-10-16,173.1611328125,173.6373911318389,172.7047078656484,173.13136761379,11498800
2017-10-17,174.73875427246094,174.75860278553705,173.00238030779676,173.34966115672137,15990100
2017-10-18,174.6593475341797,175.3638258063429,174.38152895529262,175.27451508171865,12752400
2017-10-19,173.2008056640625,174.65936088469644,171.28584066036026,173.56791985565803,14048400
2017-10-20,173.61752319335938,174.5105244746786,173.27025753393855,174.13347847990087,12602200
2017-10-23,169.93641662597656,173.97471784651603,169.91656811605412,173.83580855701294,13852700
2017-10-24,170.46231079101562,171.89110089198473,170.16464366331724,170.95841762385328,12267900
2017-10-25,169.27163696289062,170.9087832574061,167.5749451380486,170.5615024603987,15868200
2017-10-26,169.30142211914062,170.94848529291494,169.06328538968916,170.0455823662001,11833100
2017-10-27,176.49496459960938,176.82239691291616,172.54594346819655,172.79399687464306,30285300
2017-10-30,178.46945190429688,179.28307430760813,176.22705466245034,177.8642010145095,24353200
2017-10-31,178.65797424316406,179.39221774049878,177.54669988177326,179.1640128569941,20174200
2017-11-01,181.2377471923828,181.47586877649684,179.16402431750365,180.94008007226162,40918300
2017-11-02,177.52687072753906,180.52336029584066,175.9591712882284,179.22356279071064,35529900
2017-11-03,177.52687072753906,178.45955401396256,175.33408696177935,177.89398494624558,17822100
2017-11-06,178.76715087890625,179.04496951981858,176.9216326842855,177.16968612367012,13312700
2017-11-07,178.84649658203125,179.34260336866657,177.5665477341023,179.0945499753489,12928200
2017-11-08,178.16189575195312,178.9457530806301,177.71540259940528,178.39010067170335,10494100
2017-11-09,177.90390014648438,178.00311242173828,175.7111014456757,176.92160323960988,12610300
2017-11-10,177.07044982910156,177.7054659422473,176.57434301758215,176.96130572496816,11070200
2017-11-13,177.37802124023438,177.6459079989589,175.9194661050471,176.11790578779843,9523400
2017-11-14,176.68348693847656,177.57647314229405,175.8004022805086,176.74301733340062,9585900
2017-11-15,176.5644073486328,177.179590076712,175.02647323840188,175.28445846436279,10253700
2017-11-16,178.19163513183594,178.4297718440115,177.1101259514971,177.3680960347039,15607600
2017-11-17,177.60623168945312,178.57859676341948,177.50700427497628,177.90389879290586,13018000
2017-11-20,177.34828186035156,178.1023588205641,176.71326569912532,177.47725934592688,10052400
2017-11-21,180.44398498535156,180.47375018530127,177.59633649697727,177.7550791833826,14504000
2017-11-22,179.461669921875,180.31497422791827,179.03502533884242,179.8883296448857,10376300
2017-11-24,181.35679626464844,181.72391044308606,178.88617900927312,178.99532310826507,9426300
2017-11-27,181.60487365722656,182.2994202244221,180.57297806310456,181.13853200354248,12344500
2017-11-28,180.99960327148438,182.81535597805015,180.6721709663681,182.08111246294297,14379700
2017-11-29,173.76641845703125,180.55315763796023,172.64521194843397,180.47377871222056,41933500
2017-11-30,175.80039978027344,176.8918408049531,173.83582107582822,175.4729826128477,25307600
2017-12-01,173.73658752441406,176.09804532685925,170.99806861236866,174.6593387995763,20182500
2017-12-04,170.1348876953125,175.19518372079756,169.46017449325723,174.91734995055373,24459400
2017-12-05,171.48426818847656,174.01441574721193,167.694005192885,169.1227951149933,20184900
2017-12-06,174.68911743164062,175.39359572276817,170.56150537709414,171.1568395707224,20255800
2017-12-07,178.7373504638672,178.98540385438216,174.4311472381219,174.4311472381219,20404500
2017-12-08,177.60623168945312,180.8606910365868,177.34826160778223,180.11653084794384,19883800
2017-12-11,177.6459197998047,178.81673974377554,177.4077982206758,177.90390503049875,13168600
2017-12-12,175.58213806152344,177.78483848461795,175.22494053399856,177.20936787803035,16854100
2017-12-13,176.91168212890625,177.76498640263088,175.8698548549435,175.9194685613184,14615700
2017-12-14,177.00099182128906,178.95565391639886,176.29651347057296,176.901764400632,13591000
2017-12-15,178.77703857421875,179.0846375067566,176.9712177011345,177.62608230850725,28463100
2017-12-18,179.41207885742188,179.88833716862774,178.35040298829895,179.60058673270638,17265400
2017-12-19,178.1122589111328,178.67782793357867,176.83231002135352,178.54883532004297,14920600
2017-12-20,176.50486755371094,178.40991575021332,175.97899558415452,178.40991575021332,11860500
2017-12-21,176.0683135986328,177.28873217967393,175.67143418462928,176.55450374976945,11600700
2017-12-22,175.8202667236328,176.14769906536287,174.8578182118753,175.76073632331457,8509500
2017-12-26,174.6197052001953,175.6218356481335,173.3099757688491,175.25472140145942,8897300
2017-12-27,176.2369842529297,177.05060671581896,174.88757307885342,175.17532351669627,9496100
2017-12-28,176.53465270996094,177.54671488315512,176.29651598098025,176.56441790858617,12220800
2017-12-29,175.08602905273438,177.45741909382474,175.08602905273438,176.61403142708585,10261500
2018-01-02,180.0074005126953,180.16615833200692,176.16753849046654,176.29651597117564,18151900
2018-01-03,183.23208618164062,183.34123028472084,179.9180963462649,180.46381686166586,16886600
2018-01-04,182.89474487304688,184.7601113895471,182.6665399715534,183.46029878370092,13880900
2018-01-05,185.39512634277344,185.4447249132327,183.49006281380875,184.1449274556417,13574500
2018-01-08,186.81398010253906,187.4291477052418,184.87916656179783,185.7423875707489,17994700
2018-01-09,186.4071807861328,187.32994738909062,185.64318714688596,187.23071996426356,12393100
2018-01-10,186.3773956298828,186.42700933698384,184.18461209180802,185.48440946197522,10529900
2018-01-11,186.30796813964844,186.93305246691168,185.92100540754097,186.93305246691168,9588600
2018-01-12,177.97335815429688,180.06692956843747,176.01869604602433,176.67356069082177,77551300
2018-01-16,177.00099182128906,180.33483027965096,176.65371098896813,180.08677686798706,36183800
2018-01-17,176.2171630859375,177.92377189900247,174.43117535831368,177.86422635809845,27992400
2018-01-18,178.40000915527344,179.5708139416445,175.70118693925764,176.7430142522012,23304900
2018-01-19,179.87840270996094,180.94999524947485,178.76712828675176,179.44184142939912,26826500
2018-01-22,183.92665100097656,183.94649951441653,179.00527946644502,179.3922422086359,21059500
2018-01-23,187.8756561279297,188.0740958251222,184.105241321358,184.60134813432853,25678800
2018-01-24,185.0974578857422,189.17545655869773,185.06769268768969,188.41144781540044,24334500
2018-01-25,186.02017211914062,187.15129483895498,185.1470345841804,186.48651364871085,17377700
2018-01-26,188.52059936523438,188.52059936523438,185.3554353008635,186.28811858327765,17759200
2018-01-29,184.5318603515625,187.36959153426426,184.1845947145742,187.2802959538938,20453200
2018-01-30,185.6630096435547,186.7147536692003,180.42412288714675,186.15911645866893,20858600
2018-01-31,185.43479919433594,188.3519096022416,183.77780429827604,186.9032710839018,43275100
2018-02-01,191.58653259277344,193.7991799624837,186.42702457215398,186.7544568978059,54211300
2018-02-02,188.7984161376953,192.697823738155,188.5007490083506,190.5447067485497,26677500
2018-02-05,179.8486328125,189.12583608662013,179.2037000244502,185.47448214295298,33128200
2018-02-06,183.86712646484375,184.32355144864178,176.35607629610084,177.17961552035845,37758500
2018-02-07,178.77703857421875,183.63889428170924,178.5488336861869,182.71612776405163,27601900
2018-02-08,170.24398803710938,180.42409273137594,170.14476063467984,179.6005537391338,38478300
2018-02-09,174.73875427246094,175.5225964292041,165.87827811141383,173.3992597294425,39887600
2018-02-12,175.03640747070312,176.16753038630065,170.50198398257606,175.68134026451693,32092100
2018-02-13,171.80177307128906,174.5998225974383,171.75217450492073,174.2525417929948,21809400
2018-02-14,178.12220764160156,178.40994295297568,171.86134161775726,172.0994632161415,28929700
2018-02-15,178.5587615966797,179.0945502655238,175.46304494787478,179.0945502655238,20922100
2018-02-16,175.97901916503906,178.47940188173544,174.92727508499433,177.59633231075645,20645300
2018-02-20,174.6395263671875,176.56442335083702,173.7465401009486,174.40140477084617,21204900
2018-02-21,176.5247344970703,179.8585729740723,175.026482192657,175.3340811424222,23200800
2018-02-22,177.59634399414062,178.8068459764624,176.02864445736353,177.30859352917315,18464200
2018-02-23,181.8628387451172,181.96206616910862,178.11227224592568,178.49923497552544,19007300
2018-02-26,183.4900665283203,184.2143934074253,181.79338963283567,183.14280082818172,17599700
2018-02-27,180.0470733642578,183.26183550381754,180.0470733642578,183.01378212193907,15849800
2018-02-28,176.93153381347656,181.4560253404468,176.75292749531835,180.88053964412475,18783000
2018-03-01,174.570068359375,178.71751406261032,173.05198271776223,177.6161563285012,23201600
2018-03-02,175.2447509765625,175.7309410626267,171.64302611360225,171.9406780642771,20025900
2018-03-05,178.9953155517578,179.7394757025661,174.52043796195582,174.8280217352269,16189300
2018-03-06,178.3801727294922,180.95993433251797,177.71539138609242,180.36460007336458,15086800
2018-03-07,182.27955627441406,182.3887003695206,176.68347250890474,177.34825376456183,19097300
2018-03-08,180.9202423095703,182.96420010787622,180.03717272273,182.13074423400033,17225900
2018-03-09,183.7877197265625,184.0655383216074,181.7834591680213,182.4780056556335,18526300
2018-03-12,183.32139587402344,184.65097372471777,182.78560714313122,183.78773751942006,15301200
2018-03-13,180.4637908935547,184.54178886368206,179.6997822819315,184.16474290002822,18067500
2018-03-14,182.75582885742188,182.81535925214953,180.4340526231739,181.17821283722608,16821700
2018-03-15,182.4283905029297,182.56729979935182,180.77139563133073,181.81322292448564,15614300
2018-03-16,183.6488037109375,183.88694041511232,181.98189220164593,183.05348466046652,24403400
2018-03-19,171.21640014648438,175.79050608265,168.73586580235943,175.63174825103079,88140100
2018-03-20,166.84071350097656,168.87475444209613,160.68899210879263,166.1660155091787,129851800
2018-03-21,168.07106018066406,172.04983124454625,162.02848302325373,163.5168034151269,106598800
2018-03-22,163.60609436035156,168.94420819244993,162.44520630444487,164.83644463309642,73743000
2018-03-23,158.14892578125,165.302792529729,157.78181159245784,164.15182111516467,53609700
2018-03-26,158.81370544433594,159.84561606055564,147.85967402740113,159.5677974654145,126116600
2018-03-27,151.03475952148438,161.5819952218703,149.5762042785155,155.0929096225438,79117000
2018-03-28,151.83847045898438,154.66628573055533,149.6258380137085,150.46921062559457,60029200
2018-03-29,158.5458221435547,160.16313533650757,152.93982073506774,153.94195113230754,59434300
2018-04-02,154.18006896972656,157.9604003209448,152.91003678716447,156.58122403800732,36796000
2018-04-03,154.89447021484375,156.16450244865112,149.6357349536215,155.331046633961,42543900
2018-04-04,153.89236450195312,154.3487743658278,149.33809171080324,150.84626090704407,49885600
2018-04-05,158.0993194580078,160.3119667997005,155.43026231541282,160.30203497360776,41449600
2018-04-06,155.97596740722656,160.1631098094975,155.58900472739475,156.50183937879345,41644800
2018-04-09,156.70028686523438,159.28004828590807,154.8250037634297,156.5911579034152,34915200
2018-04-10,163.75494384765625,164.68762715637567,155.78746897675782,156.70030377210585,57889300
2018-04-11,165.02499389648438,167.3368385509731,161.97889049562437,164.07246205954374,56144600
2018-04-12,162.59402465820312,166.14615087617642,161.8300311486776,165.67980931063394,38263000
2018-04-13,163.23899841308594,164.40980328499873,162.49483815518164,163.29852881132163,19990600
2018-04-16,163.5465850830078,164.48918506479714,162.11779494051558,164.42965466552323,18119400
2018-04-17,167.3467559814453,167.68410498509857,164.37011506455008,164.5387895663767,22743000
2018-04-18,165.06466674804688,166.8109573568676,164.47926431633744,165.5806220956449,20969600
2018-04-19,166.79112243652344,167.0193273393134,163.91369373621518,164.90590739701548,22235000
2018-04-20,164.9852752685547,167.11852844056128,164.5189336679802,166.48351234573315,19119400
2018-04-23,164.54869079589844,167.13836875594143,163.80453063657546,165.96756403912903,23088100
2018-04-24,158.4466094970703,164.80670300071776,156.95828893465557,164.1419064929904,35079900
2018-04-25,158.4466094970703,159.80593743261562,154.97386151810258,158.8931026377988,41083600
2018-04-26,172.80393981933594,174.89751131005175,169.4701012165842,171.8712565286882,77556900
2018-04-27,172.23837280273438,175.72105258444364,171.25609092787653,175.43330213263187,29804700
2018-04-30,170.66075134277344,174.35178740859453,170.37301603989096,172.4368071515522,20750500
2018-05-01,172.50628662109375,172.66504445785532,168.9045457919663,170.6607684036872,26025900
2018-05-02,174.69906616210938,176.69341016579082,172.84361632507387,172.89323003600683,30424500
2018-05-03,172.66502380371094,174.74866338703478,170.7798087826326,173.76638156203168,24026100
2018-05-04,175.23486328125,175.6019775078001,171.71250159576832,171.73235010908928,17677800
2018-05-07,176.5842742919922,178.10236004946054,175.79050029998754,175.9691066396789,18697200
2018-05-08,177.52687072753906,177.64593152496187,175.7309663798416,176.8620893752962,15577200
2018-05-09,181.2377471923828,181.585012882542,177.38795342276703,178.27102295714008,23282800
2018-05-10,184.08538818359375,184.68072240018904,181.07898218374137,181.72391496840459,21071400
2018-05-11,185.53402709960938,186.8536730085692,182.7458941572334,183.41069059451098,21207800
2018-05-14,185.18675231933594,186.39725416581294,184.75017589733065,186.2484281764832,15646700
2018-05-15,182.88482666015625,183.84725996884964,181.77353708046485,183.4404638800126,15429400
2018-05-16,181.77352905273438,182.8848185833475,181.23774036867192,182.26963585426475,16975500
2018-05-17,182.3291778564453,182.6268449843108,180.8011754720384,181.25758528011698,14840700
2018-05-18,181.25759887695312,182.75585131494014,181.18815178789646,182.06130472447273,13130500
2018-05-21,183.05348205566406,183.85717260334886,181.7040710311633,182.33908709328264,13532900
2018-05-22,182.36886596679688,183.97624718272667,182.00173663305148,183.4900570596467,12731400
2018-05-23,185.44471740722656,185.45464923289944,180.76146796303533,181.07898358500404,16628100
2018-05-24,184.48228454589844,185.345520753403,183.58929827880206,184.432685973266,12354700
2018-05-25,183.4801483154297,184.87917321057796,183.0138066837136,184.57158939816497,10965100
2018-05-29,184.2937774658203,185.35543824844447,182.2795848728229,182.9046692065252,16398900
2018-05-30,186.20872497558594,186.53615728122801,183.80756987418877,185.08751875990046,13736900
2018-05-31,190.2867431640625,191.21942646930808,186.02022120388585,186.4071839432984,30782600
2018-06-01,192.47952270507812,193.0351599015415,190.57447440007027,191.56668800517716,17307200
2018-06-04,191.7750701904297,192.46961677947183,189.9791657459135,190.34627998441147,18939800
2018-06-05,191.4376983642578,193.48165600011896,191.12018273850393,192.78710949375522,15544300
2018-06-06,189.85012817382812,191.03086466568624,187.63749629966026,189.54254441006202,22558900
2018-06-07,186.7147216796875,189.4830057121275,185.31571220713892,189.2647175396779,21503200
2018-06-08,187.6276092529297,188.00464014872674,184.9783854562642,186.06982653878478,12677100
2018-06-11,190.04856872558594,191.10032776200524,187.32991340232323,187.339830087015,12928900
2018-06-12,190.90188598632812,191.7750387780921,190.0684302159958,190.67368110301805,11562700
2018-06-13,190.9118194580078,192.98554221635234,190.41571266567786,191.23925175774292,15853800
2018-06-14,195.2775421142578,195.74388368383322,191.40791540924585,191.59643840204998,19120900
2018-06-15,194.32505798339844,195.53555990101208,193.12447275233,194.26551244418872,21860900
2018-06-18,196.76589965820312,198.02601531710582,192.61845359123527,193.28323496436255,16826000
2018-06-19,195.95228576660156,196.41862740895397,192.2810830263839,194.71201866246838,19994000
2018-06-20,200.42715454101562,201.96508870534092,197.26199061868914,197.54974105161622,28230900
2018-06-21,199.93104553222656,201.80632867876594,198.5320206867189,201.18122924992667,19045700
2018-06-22,200.169189453125,200.66529628370577,197.75810238371335,199.59370371285382,17420200
2018-06-25,194.82115173339844,198.4427254162537,191.6063741312629,198.4427254162537,25275100
2018-06-26,197.4505157470703,197.54974316775883,194.7020797057688,196.06142269730353,17897600
2018-06-27,194.31512451171875,199.186897340542,194.27544262589436,197.62911458730136,18734400
2018-06-28,194.70208740234375,195.8034451996165,191.75521154315393,193.66026000384585,18172400
2018-06-29,192.8069610595703,196.06142057520924,192.44976354492806,195.78360196826287,15811600
2018-07-02,195.82325744628906,195.9125530279139,190.72328064936914,191.86432012117947,13961600
2018-07-03,191.22933959960938,193.87854832631626,191.0209832037896,193.03517577660398,13489500
2018-07-05,196.90478515625,197.1032248475129,192.51920287743454,193.22368119239252,19684200
2018-07-06,201.6475830078125,202.05439425234724,196.16064253975117,196.90480280366523,19740100
2018-07-09,203.1457977294922,204.1975416185927,200.5461880606086,203.3343055771802,18149400
2018-07-10,201.9551544189453,203.3144973793578,200.68512219109925,202.90768615981906,13190100
2018-07-11,200.96295166015625,202.90769713042994,200.17910951620655,200.64545115601763,12927400
2018-07-12,205.30882263183594,205.4675804308653,201.60787038932932,201.84599194789632,15454700
2018-07-13,205.7057342529297,206.80707683293494,204.84249811133506,206.19190923545924,11486800
2018-07-16,205.61642456054688,207.09482830709123,205.22946185373033,205.88432647756704,11078200
2018-07-17,208.35496520996094,208.82130687111882,203.24505545088476,203.30458585188705,15349900
2018-07-18,207.7298583984375,209.3471715552405,206.81702362195352,208.18628335666915,15334900
2018-07-19,206.46974182128906,208.3549569044322,206.14230948884872,207.14445499903923,11350400
2018-07-20,208.30532836914062,209.85317918327323,206.87653834379418,207.22381916439136,16163900
2018-07-23,209.2677764892578,209.97223967521748,207.17420516285148,208.94034418058064,16732000
2018-07-24,212.99850463867188,214.51659032772451,210.94463023465084,213.4350810715982,28468700
2018-07-25,215.80648803710938,216.91776257898957,212.60164190223546,214.04034879448685,58954200
2018-07-26,174.88754272460938,178.72741919156928,172.3970923374923,173.52821510032342,169803700
2018-07-27,173.52822875976562,178.52897843645357,171.65294573851048,178.46944804529903,60073700
2018-07-30,169.7280731201172,173.9350646590183,165.26311146957755,173.9350646590183,65280800
2018-07-31,171.2362060546875,172.88328408296775,168.6762934316917,169.34107465371358,40356500
2018-08-01,170.3134307861328,173.71673075544493,169.5692707067178,172.5756762163565,34042100
2018-08-02,174.9967041015625,175.41343198798833,168.94421035302224,169.35100641407132,32400000
2018-08-03,176.39573669433594,177.4574125381873,174.77842364397407,176.3064411018564,24763400
2018-08-06,184.24415588378906,184.34336816522875,176.99107649347212,177.57647891589647,49716200
2018-08-07,182.37879943847656,186.83384444251334,182.289503838257,185.04785673822354,33398600
2018-08-08,183.73812866210938,185.3951388910154,182.32918700218374,183.3114840314187,22205200
2018-08-09,181.66436767578125,185.11728158686878,181.05911682987022,184.40288664940078,19732100
2018-08-10,178.85643005371094,180.68211470625917,178.0229742075353,180.62256916869316,21500400
2018-08-13,178.64808654785156,181.1881512946346,177.50703166520847,178.69770026274563,17423300
2018-08-14,179.69981384277344,180.572966695124,177.22919641645174,179.3029344407843,19102000
2018-08-15,178.13211059570312,179.46167321744863,173.4190958846087,177.9435875848628,33020200
2018-08-16,173.33970642089844,179.09454811405467,172.6550766400605,179.01516921222068,31351800
2018-08-17,172.44674682617188,174.8479022015008,170.70044099685646,173.14129339920424,24893200
2018-08-20,171.15684509277344,173.21073450107613,169.5792291107304,172.68484736708385,21518000
2018-08-21,171.27590942382812,172.8138435554987,170.05549091623485,171.46443243312672,19578500
2018-08-22,172.28797912597656,172.88331337730875,170.7897419514284,170.86912086093795,16894100
2018-08-23,171.55372619628906,174.18310133272556,171.4842791167488,171.74224920357818,18053600
2018-08-24,173.29013061523438,173.45882028101184,171.57360501508617,172.34753055226193,14631600
2018-08-27,176.07823181152344,177.27880178704885,174.42122177922306,174.61967661086052,17921900
2018-08-28,174.88754272460938,176.85213631792885,174.46089819493395,176.71322703617685,15910700
2018-08-29,174.53036499023438,175.41343448259514,173.38932541403022,174.92725951150646,18494100
2018-08-30,176.25682067871094,178.39007383101338,174.33192390092404,174.53036358997903,24216500
2018-08-31,174.3616943359375,176.23697746280862,173.61753412463977,175.77063585253046,18065200
2018-09-04,169.8272705078125,172.5360091908357,167.48564598410667,172.1490465218324,29809000
2018-09-05,165.87828063964844,169.79753690303795,165.37225709834064,168.17030702552182,31226700
2018-09-06,161.2644805908203,165.67982823051048,158.75418131005338,165.67982823051048,41514800
2018-09-07,161.77049255371094,163.34812362432544,158.91292778915525,159.06175376752574,24300600
2018-09-10,162.90162658691406,163.72516571701948,160.89736595410562,162.23684527128214,20197700
2018-09-11,164.64791870117188,165.88818563710336,162.4452034117594,162.6634916036815,20457100
2018-09-12,160.73863220214844,163.20924996231525,160.54019247433945,161.97889942593045,24078100
2018-09-13,160.10357666015625,162.04832185091652,159.60746989251075,160.7385927171434,25453800
2018-09-14,161.05613708496094,161.5720773146908,159.09154303336734,160.46080280145142,21770400
2018-09-17,159.3296661376953,160.79813806735754,158.52597552173137,160.6592287650919,21005300
2018-09-18,159.05184936523438,160.50047279983679,157.63297598862607,158.14893132011807,22465200
2018-09-19,161.79034423828125,162.16739024418695,158.23821779836834,158.83355200348495,19629000
2018-09-20,164.72732543945312,165.15397007032396,163.1893911510042,163.21915635129847,18936000
2018-09-21,161.661376953125,165.94774756550518,161.54231614944115,165.3424965801454,45994800
2018-09-24,164.1220703125,164.40980562138776,159.62734350208274,159.77616949978685,19222800
2018-09-25,163.62594604492188,164.30064401598187,159.89521327325136,160.7286841915896,27622800
2018-09-26,165.6500701904297,167.98177838516528,162.93141440760854,163.02071000485904,25252200
2018-09-27,167.52532958984375,170.4325231197313,165.90803182322878,166.245380791482,27266900
2018-09-28,163.179443359375,167.47571460935237,161.29422857354166,167.01930486518697,34265600
2018-10-01,161.17518615722656,164.5884035023504,160.004366188851,161.76058857142502,26407700
2018-10-02,158.0894317626953,161.01645954082716,157.4345669995931,160.3219128860134,36031000
2018-10-03,161.16525268554688,162.38568635147246,158.28783921396985,158.75418083136026,23109500
2018-10-04,157.61314392089844,160.20282214580766,156.12482345003056,160.20282214580766,25739600
2018-10-05,156.10496520996094,159.6471598371,154.98375901365037,157.9703315953319,25744000
2018-10-08,156.0255889892578,157.10709818236126,153.18785748057903,154.32889706743453,24046000
2018-10-09,156.6705322265625,159.33958941767398,156.19427390479638,156.46217583453068,18844400
2018-10-10,150.2012939453125,156.4621591026775,150.13183172874403,155.598938148042,30610000
2018-10-11,152.15597534179688,153.60459885008774,147.99859756036838,148.96104605038795,35338900
2018-10-12,152.54293823242188,155.6684053015985,150.1219344051328,155.5096474775187,25293500
2018-10-15,152.32464599609375,154.35868703608568,151.36219753043872,152.12620629121187,15433500
2018-10-16,157.54367065429688,158.21838375991396,153.80302122721474,154.18998391691443,19180100
2018-10-17,158.17869567871094,159.24037153403384,156.72014042587173,158.3176049818395,17592000
2018-10-18,153.7137451171875,157.4246298183748,152.08651524917622,157.27578867887388,21675100
2018-10-19,152.85052490234375,156.12483317010177,152.35441804783434,154.64642929327104,19761300
2018-10-22,153.57481384277344,156.11487813789978,153.25731337587135,153.5549653323491,15424700
2018-10-23,153.1878662109375,153.56491224615945,149.67543651958738,150.04255072863256,19095000
2018-10-24,144.9028778076172,153.44583811795397,144.46631651009108,153.0787239045878,27744600
2018-10-25,149.77464294433594,151.0248417954003,145.8554021724594,146.57971387602666,22105700
2018-10-26,144.23809814453125,147.83983865590815,142.68033053618106,144.68460641352917,31303300
2018-10-29,140.98365783691406,147.67118442398998,137.94748597470442,147.34375204708758,31336800
2018-10-30,145.0814666748047,145.49819454953195,138.6519271019058,138.85036678416012,50528300
2018-10-31,150.6081085205078,155.1822142120117,147.8001571163338,153.79312110959418,60101300
2018-11-01,150.5684051513672,151.56061869437454,148.18709870414037,150.3402002756691,25640800
2018-11-02,149.1793212890625,152.9298874977579,147.80014498628802,150.61802798562925,24708700
2018-11-05,147.52232360839844,149.02057596426272,146.29198832700237,148.9312803660929,15971200
2018-11-06,148.7725372314453,149.79451621801476,146.84764006762146,148.14743770257982,16667100
2018-11-07,150.3501434326172,151.818615495626,148.6633831405149,150.38984045971407,21877400
2018-11-08,146.71861267089844,149.76471553403783,145.59742165552146,149.318222464907,24145800
2018-11-09,143.83128356933594,146.60946941087013,142.94821411113884,145.60733917088652,17326900
2018-11-12,140.44784545898438,143.91066141464097,139.39610141033296,143.35502419195558,18542100
2018-11-13,141.0531005859375,143.7519230106303,140.51729671957594,140.8943427633134,15141700
2018-11-14,143.0970458984375,144.44645699339068,140.44783741628237,142.58109058978476,22068400
2018-11-15,142.72991943359375,143.71220111866165,139.7334303949539,141.22175065957958,30320300
2018-11-16,138.4435577392578,140.666121578878,136.69726731239894,139.97157511023966,37250600
2018-11-19,130.5256805419922,136.67740081758342,130.18833160732513,136.5384915421337,44362700
2018-11-20,131.3988494873047,133.1153900428905,125.86230294350906,126.0409017075018,41939500
2018-11-21,133.77024841308594,136.12178986346993,133.08561858829606,133.353505366709,25469700
2018-11-23,130.70428466796875,133.45272039788455,130.2379430955289,132.6093328375205,11886100
2018-11-26,135.31809997558594,135.9332675826266,131.74612484443062,131.9644130546667,24263600
2018-11-27,133.94882202148438,135.5462863563767,132.6688732726465,134.69298214382596,20750300
2018-11-28,135.6951141357422,135.72487932983495,130.82335730951317,135.2188558902812,29847500
2018-11-29,137.6001739501953,138.8999864759306,134.60369979706752,134.86166988111822,24238700
2018-11-30,139.51516723632812,139.87236476950758,136.29047275122844,137.18345901418738,25732600
2018-12-03,139.99143981933594,142.56126989856986,139.66400745225496,141.8865717894194,24819200
2018-12-04,136.8560028076172,142.27349525916156,136.09200930212478,139.6342036766149,30307400
2018-12-06,138.5428009033203,138.61224798809107,132.62920071233876,132.77804184824052,28218100
2018-12-07,136.34999084472656,139.77312473044262,135.59591396050388,138.16574354618837,21195500
2018-12-10,140.74549865722656,141.9361518937463,137.9276006581578,138.51301816126053,26422200
2018-12-11,140.97369384765625,142.75968114969112,140.0013288709836,142.75968114969112,20300300
2018-12-12,143.37484741210938,146.04390408736768,141.40033714268614,141.96590609170795,23696900
2018-12-13,143.8809051513672,144.7143761771331,142.07508406549724,144.4365575485377,18148600
2018-12-14,142.93829345703125,144.87310701215983,141.40035929885983,142.22389843052554,21785800
2018-12-17,139.09840393066406,143.79156924089747,137.3421819108187,141.96590015336162,24334000
2018-12-18,142.54141235351562,144.79372637124868,138.74123237023278,139.98149939584815,24709100
2018-12-19,132.2025604248047,143.7816926259551,131.46831682760123,140.11050491989727,57404900
2018-12-20,132.36129760742188,134.5144145958929,128.98777718323655,129.68232372468893,40297900
2018-12-21,123.97709655761719,133.84961966709113,122.45901083511416,132.35138245742544,56901500
2018-12-24,123.09402465820312,128.7298061390674,122.06212153987512,122.14150044974409,22066000
2018-12-26,133.13522338867188,133.19476892664005,124.9097787003067,125.0189228099463,39723400
2018-12-27,133.4726104736328,133.93895219130016,128.6603672764193,131.40880386224958,31202500
2018-12-28,132.16285705566406,134.86167943373593,131.17064339137232,134.28619369164923,22627600
2018-12-31,130.06930541992188,133.5916674923913,128.93818227602833,133.40314444507882,24625300
2019-01-02,134.62351989746094,136.43927241230728,127.55896464929714,127.98562432545164,28146200
2019-01-03,130.7142333984375,136.10194632069562,130.0990506322651,133.64126067594293,22717900
2019-01-04,136.8758544921875,136.92546819706592,132.70856066201134,132.96653073141118,29002100
2019-01-07,136.97508239746094,137.78868962849725,134.8517460247865,136.488892311857,20089300
2019-01-08,141.42019653320312,142.02544740628335,138.45347255860054,138.80075335822818,26263800
2019-01-09,143.10694885253906,143.57329040869396,140.1700053711982,141.83691678385495,22205900
2019-01-10,143.07720947265625,143.4344070026676,139.74337090587684,141.9659349970562,16125000
2019-01-11,142.68031311035156,144.2281638432297,141.45989466942495,142.0353652116674,12908000
2019-01-14,144.2579345703125,145.4287544900615,140.17001938673516,140.8943310748982,20520300
2019-01-15,147.79019165039062,149.5067166948067,144.85324829092534,144.8730816593174,24069000
2019-01-16,146.3911895751953,148.4847609010033,145.85540088659008,147.83982810953688,18025700
2019-01-17,147.145263671875,147.83981008724263,145.3592763609466,145.8057694036846,15787900
2019-01-18,148.87171936035156,151.24310921857838,147.39333081098312,148.58398408281647,31029600
2019-01-22,146.4209747314453,150.3501322838118,145.23030624650642,148.0382726761916,22378700
2019-01-23,143.1764373779297,147.64139894809395,141.94608696153634,147.12544359412522,20098400
2019-01-24,144.69451904296875,145.2997699777729,141.41029426918743,143.51378237179517,20955500
2019-01-25,147.8497314453125,148.66335380044498,145.3989628350647,146.3316459680305,22237200
2019-01-28,146.32176208496094,147.80016601437944,145.07157821752008,146.8972478734598,15508500
2019-01-29,143.06727600097656,146.94683466399238,142.313184003882,146.9369028387817,17632100
2019-01-30,149.248779296875,149.7746513338501,144.5655295359058,145.0814848865154,44613200
2019-01-31,165.39208984375,170.34322609112806,163.7152464126422,164.31058063740673,77233600
2019-02-01,164.4197235107422,167.78332703355187,164.37010980238654,164.54870098449308,30806500
2019-02-04,167.93215942382812,167.9817731340761,162.34599175743284,164.40979795592344,20036000
2019-02-05,169.8272705078125,170.64087772521418,167.37650189079923,167.83291163373806,22557000
2019-02-06,169.16250610351562,171.1270848386497,167.9520042717718,169.8669692977403,13281200
2019-02-07,165.08450317382812,167.92223466788164,163.96329696401648,166.89032404823783,17517600
2019-02-08,166.02713012695312,166.06681201572573,162.93142804335577,163.18939817032873,12561400
2019-02-11,164.49908447265625,166.98955027387103,163.79462130193767,166.59265575376813,12811200
2019-02-12,163.75494384765625,167.02925211487005,163.21915510646622,165.5607800649606,16292300
2019-02-13,162.79251098632812,164.9257644110222,162.45514681788154,164.0923085265819,14205100
2019-02-14,162.67343139648438,163.58626617420055,160.98667115200928,161.91935444271346,12755200
2019-02-15,161.2347412109375,163.41760852548938,159.60751119754636,163.22908548259963,15504400
2019-02-19,161.02635192871094,162.8718699844177,159.08162158870638,159.25029609799398,14345400
2019-02-20,161.29425048828125,162.44522196991008,159.9944530133293,160.98666667542744,11770700
2019-02-21,158.79385375976562,160.97673573507552,158.3473606793532,160.66913680947994,15607800
2019-02-22,160.62945556640625,161.14541086625505,159.06175629608018,159.3296582013833,15858500
2019-02-25,163.33819580078125,164.7769176135051,161.63158722042746,161.80027685335008,18737100
2019-02-26,162.8520050048828,164.94557607497825,162.52457273629238,163.0603613594554,13784100
2019-02-27,161.54229736328125,162.65357177504464,159.1609907266516,161.63159295565973,12697500
2019-02-28,160.19290161132812,162.22694275955087,159.60749915178485,161.10573641433965,11114200
2019-03-01,161.01641845703125,161.8598060555291,160.4310160787683,161.33393406963486,11097800
2019-03-04,166.0667724609375,166.19576506368998,162.55434325192755,162.62379032573335,18894700
2019-03-05,169.926513671875,170.54169646417552,165.25319559960448,166.06680296493406,28187900
2019-03-06,171.16676330566406,172.21852244305563,169.9364281267931,171.55372600546673,21531700
2019-03-07,167.81309509277344,170.40277325733447,166.304926144912,170.16463653715266,18306500
2019-03-08,168.27943420410156,168.29926757550456,164.67769395731773,164.90589884827753,13184800
2019-03-11,170.73019409179688,172.94282608564137,170.24400399827107,170.26385250861307,18884000
2019-03-12,170.58135986328125,172.446726271351,169.8868133730355,170.75003435805678,12155300
2019-03-13,172.02005004882812,172.67491459394,170.77978317095406,170.97823798339516,11973300
2019-03-14,168.84500122070312,169.81736639431227,166.85065716116222,168.43818997562911,18037400
2019-03-15,164.6876220703125,166.2751700114422,161.24463939572104,165.858442083391,37135400
2019-03-18,159.2205047607422,162.62378986704954,158.0397682495819,162.2963727286391,37524200
2019-03-19,160.31198120117188,162.54446211564522,159.56782089634743,160.22267045820803,25611500
2019-03-20,164.15182495117188,164.8265229506624,159.98453074379006,160.24250083654022,20211500
2019-03-21,164.7868194580078,165.09440321979255,162.47496019236658,163.6060829737556,16223000
2019-03-22,163.06039428710938,166.11641427109546,162.81234086444795,164.36019179945845,16389200
2019-03-25,164.9951934814453,165.24324688234591,160.73860378358157,161.73081738718392,12631200
2019-03-26,166.37437438964844,168.13059675582596,165.05474358351418,166.04695721457836,15437900
2019-03-27,164.57846069335938,167.62456363307606,163.50686821651982,166.54305447088734,10620300
2019-03-28,164.260986328125,165.42187457753792,162.05827063232203,163.28862111015164,10443000
2019-03-29,165.39208984375,165.88819665106104,163.52672340346746,165.09442273136773,13455500
2019-04-01,167.3864288330078,167.58486852209703,165.97748735850328,166.52320785848195,10381500
2019-04-02,172.84364318847656,173.53818982954763,168.22985501423602,168.815257530283,23946500
2019-04-03,172.1887664794922,176.57436455134132,171.60336400410253,173.14129833536398,27391100
2019-04-04,174.6494598388672,176.61403872708658,174.1632696751247,174.6494598388672,17847700
2019-04-05,174.3517608642578,175.62179295806715,173.73659332693737,175.50273218051527,9594100
2019-04-08,173.56790161132812,174.1334705778295,172.87335518402728,173.8457353222251,7297400
2019-04-09,176.1973114013672,177.7947760706625,174.18311879312262,174.25256587962437,19751000
2019-04-10,176.4354248046875,177.3978580416452,175.1653775025643,176.79260715656196,11701500
2019-04-11,176.12782287597656,177.0108923352215,175.6217994128061,176.85214967264358,8071000
2019-04-12,177.7054901123047,178.23136219284186,176.56443520662597,176.61404892252165,12329800
2019-04-15,178.25119018554688,179.09457791036886,175.49283723280718,177.1101504542983,10834800
2019-04-16,177.4772491455078,178.76712990698255,176.91169524284823,177.60624176364888,11215200
2019-04-17,177.38796997070312,179.33271554893227,176.97124201964976,178.20159249893595,9973700
2019-04-18,176.89183044433594,177.48716463019738,175.9591472851424,177.40778572941738,11655600
2019-04-22,180.0272674560547,180.2554723821916,176.86210313188658,176.86210313188658,13389900
2019-04-23,182.34902954101562,182.78560598414893,180.0669350409875,181.31713397177452,19954800
2019-04-24,181.1583709716797,183.69843550643336,180.23560439961344,183.05350268658597,37289900
2019-04-25,191.75518798828125,196.93454400518095,190.62406513056624,195.446223658715,54148800
2019-04-26,189.99896240234375,191.39797188558157,187.61764099560142,191.00109255444585,22075000
2019-04-29,193.2633819580078,193.88848142954217,189.16553456013492,189.46320169610266,19641300
2019-04-30,191.89413452148438,195.85307286176425,190.78285995859056,192.6779918677959,23494700
2019-05-01,191.52700805664062,194.65247513536207,191.5071595435752,193.2633820203702,15996600
2019-05-02,191.03091430664062,192.48946974736808,188.27256126063452,191.4972559857837,13209500
2019-05-03,193.94798278808594,194.63261255630545,192.20169239985634,192.86647365798882,14575400
2019-05-06,192.37037658691406,192.76725596880635,189.06630349973676,189.75093330248222,13994900
2019-05-07,188.2923583984375,191.39797632962464,186.3873103127962,191.04077886731835,16253000
2019-05-08,188.06414794921875,189.23496780069607,187.08186623295467,187.9153219740203,12505700
2019-05-09,187.18109130859375,188.2923808460176,184.80970138834417,185.74238460333387,12967000
2019-05-10,186.87351989746094,188.52059823139336,183.15271861657817,186.78422430031475,12578500
2019-05-13,180.12643432617188,183.98614428266598,179.43188789569288,182.0711794714898,16833300
2019-05-14,179.32278442382812,182.06130402715382,176.71327259106823,181.09885549119952,17628100
2019-05-15,184.81964111328125,185.82177145095366,178.61830579109815,179.01518519572633,16746900
2019-05-16,185.53402709960938,187.1116430949908,183.6091302871413,183.6091302871413,12953100
2019-05-17,183.85716247558594,186.119408018519,182.84510047796547,183.4007376092155,10485400
2019-05-20,181.29727172851562,182.79550882672874,179.95777730125477,180.4638159310982,10352000
2019-05-21,183.3809356689453,184.25407339341956,182.45816909356114,183.1328822542692,7502800
2019-05-22,183.87704467773438,185.28598627299698,182.1803526396487,183.291627105776,9213800
2019-05-23,179.461669921875,182.46807593433465,178.27101662366948,180.99960403788043,12768800
2019-05-24,179.65017700195312,182.20017300834763,179.42197213219046,180.91029240799145,8807700
2019-05-28,182.87490844726562,183.2718030195497,180.0371766003489,180.12647220162035,14843300
2019-05-29,180.77142333984375,183.12296505399598,179.9379674335594,182.07122091416383,12797700
2019-05-30,181.58499145507812,182.05133302224354,179.4815036304013,181.65445366890046,8581500
2019-05-31,176.08816528320312,179.13425344749643,175.78058146081298,178.87628333774524,15226500
2019-06-03,162.87185668945312,173.68699403372227,159.75630658520944,173.63738032563361,56059600
2019-06-04,166.19580078125,166.9697262841374,159.58765366584507,162.43531738337296,46044300
2019-06-05,166.86056518554688,167.40628571280695,163.34813557914495,166.17593535498227,19758300
2019-06-06,167.01931762695312,168.37864541840986,165.92787660754973,166.98955243005832,12446400
2019-06-07,172.00022888183594,172.51616903885096,167.5253359794175,168.84498184789277,16917300
2019-06-10,173.45880126953125,176.47512416844333,172.44673908569467,173.38933904535602,14767900
2019-06-11,176.71327209472656,178.57862361960088,175.4134593855052,177.09030301848856,15266600
2019-06-12,173.67706298828125,177.8741374437899,171.53389310501814,176.99106793976617,17699800
2019-06-13,176.08816528320312,176.64380252880846,173.25043351602207,174.16326829665647,12253600
2019-06-14,179.9180908203125,180.42411429724524,178.59844493813893,179.10446841507166,16773700
2019-06-17,187.53829956054688,188.02448970728005,182.9741257809275,183.56944489654097,29459900
2019-06-18,187.0025177001953,193.01533031426763,185.8217809719573,192.48945826320056,37571400
2019-06-19,186.02017211914062,186.635354749198,183.1129939973279,185.54391390552817,21417100
2019-06-20,188.0542449951172,189.6715580302563,186.17896187080584,189.46318650978696,14635700
2019-06-21,189.6517333984375,190.50503781926884,187.28034316868226,187.28034316868226,22751200
2019-06-24,191.10035705566406,192.4696016118779,190.07837819661492,190.9217507239968,15509000
2019-06-25,187.36961364746094,191.63613517952635,186.66515046587438,191.3781650924631,16750300
2019-06-26,186.1988067626953,189.27465982141456,185.8515259486567,188.06415802502235,12808600
2019-06-27,188.02450561523438,197.3314754345447,186.80408694199224,188.40155168500849,11159000
2019-06-28,191.49722290039062,191.69566259042654,188.46105173690523,189.0663026325004,16378900
2019-07-01,191.49722290039062,193.75946867475142,190.43554709173276,193.6900215962289,14181800
2019-07-02,193.48165893554688,193.48165893554688,191.20949637168923,191.49723166441305,9050000
2019-07-03,195.66452026367188,195.8629599570674,192.64819756011687,192.64819756011687,10246100
2019-07-05,194.87075805664062,195.53555453641823,192.65812581940315,194.65246983879882,11164100
2019-07-08,194.23573303222656,195.14856774691674,192.13224500011347,193.67017914094146,9723900
2019-07-09,197.6588897705078,197.90694318538272,193.3725194942796,193.45189840383705,14698600
2019-07-10,201.1514892578125,201.3797093210524,198.11531760582054,198.44274996005225,20571700
2019-07-11,199.66314697265625,202.21314330019712,198.65109995843773,201.67733945504267,13678500
2019-07-12,203.27481079101562,203.70147054413573,197.60927918407927,198.12521939439213,15366300
2019-07-15,202.32229614257812,203.731237758485,200.24857317451668,202.65964516188413,16030300
2019-07-16,202.25282287597656,203.87013593903205,201.51859447874432,202.30243658551404,12132700
2019-07-17,200.22872924804688,202.76879391744066,200.02035770783237,202.5901875772597,12083700
2019-07-18,199.2166748046875,200.8935184586156,197.82758161562413,198.59157529961885,11937900
2019-07-19,196.81549072265625,200.7545799342816,196.52775543963102,200.60573880997634,12098300
2019-07-22,200.7446746826172,200.99272809727643,197.26199505121497,198.35343613170718,13589000
2019-07-23,200.7843475341797,202.64971397328844,199.39525453057416,201.26060582970467,14583700
2019-07-24,203.0664520263672,203.2152780199159,195.68437994677214,196.0911911824439,32532500
2019-07-25,199.1471710205078,207.03526503129197,196.71623592173341,205.09051998026763,39889900
2019-07-26,198.19468688964844,201.3003206203723,194.72193893413518,198.63126334073826,24434000
2019-07-29,194.41433715820312,198.07560780135663,193.77932105342705,197.45050838228804,16530800
2019-07-30,195.50576782226562,197.16277791456997,191.99333821876863,193.86862138181795,11903600
2019-07-31,192.71766662597656,197.21239356706786,191.17973233174462,195.41648915598907,14593500
2019-08-01,191.22933959960938,196.92465161169306,189.3937533631913,192.65812973086238,17777000
2019-08-02,187.5482177734375,191.1201776277815,186.60561788715137,189.61202386571483,15297000
2019-08-05,180.3149871826172,184.22431149023885,177.9435971014936,183.25194632650906,23086700
2019-08-06,183.0733184814453,184.34335062688226,181.66437704322547,182.25971123513918,18035700
2019-08-07,183.70834350585938,184.91884531908548,179.80895129274603,182.1704245251016,15833200
2019-08-08,188.67933654785156,188.85792772368168,182.61691101531667,185.1668920234162,14828900
2019-08-09,186.38734436035156,189.492962858845,185.66301747893215,188.5205976993792,11058800
2019-08-12,183.92665100097656,186.12936665344165,183.02374802918428,185.39513819593978,10930900
2019-08-13,186.98268127441406,189.88987548313423,183.92666105670673,184.07550220567444,13577000
2019-08-14,178.3107147216797,184.54181498851472,177.91382019323206,184.35329197999934,18903700
2019-08-15,181.16827392578125,181.77352481513753,178.6282095835575,179.54104426029556,12925900
2019-08-16,182.26963806152344,183.65874620661722,180.94007545091594,182.3192517702729,12654600
2019-08-19,184.72039794921875,186.0400438101091,183.41068391358388,184.5616401449062,9691200
2019-08-20,182.37879943847656,184.55174988369748,180.9698577884201,184.00602931572288,10083400
2019-08-21,182.12081909179688,184.45251209307207,181.71400786034766,183.55952586109075,8398200
2019-08-22,180.62255859375,182.67644803012516,178.50915390325136,182.001734903691,10821400
2019-08-23,176.365966796875,181.70408079141302,175.2844576101682,179.43190317679557,17323400
2019-08-26,178.9556427001953,179.09455199642167,176.85215474591666,178.00311099751607,8773600
2019-08-27,179.88832092285156,182.6069763796086,179.60057051291702,180.51340516861433,14399600
2019-08-28,180.34475708007812,180.5332801059123,177.52687379913462,179.12433846544053,9386100
2019-08-29,184.12509155273438,184.63111505629817,182.0414368628062,182.3391039813643,10128700
2019-08-30,184.22430419921875,185.3455104540302,182.03152053942938,185.3256619420925,10774500
2019-09-03,180.9698486328125,184.22430822265585,180.69203001953164,182.56731322916687,9779400
2019-09-04,185.68284606933594,186.28809694997892,182.45815198098745,183.21222884048626,11308000
2019-09-05,189.41360473632812,189.87002973717827,186.47666042296638,187.06206292015918,13876700
2019-09-06,186.0301513671875,188.7289738322857,184.89902835901984,188.7289738322857,15226800
2019-09-09,187.29026794433594,187.50855618746297,184.40293734657502,186.268288960596,14722400
2019-09-10,184.72039794921875,186.63537800629246,183.11301681549222,185.98051341848625,15455900
2019-09-11,187.02236938476562,187.96496939002157,184.63113068786822,185.00817674596254,11761700
2019-09-12,186.0102996826172,189.44335053484764,185.77216294917596,188.38168977071138,11419800
2019-09-13,185.7324981689453,186.50642369893126,185.08755013396993,185.87140749125098,11441100
2019-09-16,184.77003479003906,186.3278024124639,184.3235416569863,185.47449803241622,8444800
2019-09-17,186.6155548095703,186.85369154834166,184.09532352917387,185.20661317012724,9671100
2019-09-18,186.67506408691406,187.60774728326058,184.56164429689392,186.62545037945307,9681900
2019-09-19,188.65953063964844,189.61206254577274,186.6850197344428,187.19105846018863,10392700
2019-09-20,188.4511260986328,191.59645660587978,186.65522186388125,189.17545294401287,19934200
2019-09-23,185.36534118652344,188.61980039313607,183.7678767782794,187.86570841161895,13327600
2019-09-24,179.8684844970703,186.57584314303674,178.98541497755713,186.51631274800997,18546600
2019-09-25,181.37664794921875,181.9918155324956,176.4850270596817,180.03715354178527,18068300
2019-09-26,178.70761108398438,179.98756010235067,176.286607220428,179.91811301576254,16083300
2019-09-27,175.72103881835938,179.35252917482316,174.2922487777934,179.0846423972008,14656200
2019-09-30,176.69342041015625,177.2788228691604,175.4730017783385,176.48504886814843,10740000
2019-10-01,174.44110107421875,178.4397213697114,173.51834953217306,177.75509144368746,17073000
2019-10-02,173.24049377441406,175.1554586795992,171.7422416079968,173.47861533942427,16151700
2019-10-03,177.9832763671875,178.4396861344255,172.2780482968688,174.20294505951188,16086300
2019-10-04,179.04495239257812,179.57082442257075,176.71325936939817,178.15196615220776,10430200
2019-10-07,178.28094482421875,179.7692653280985,176.7033287237012,178.59846046556973,9178300
2019-10-08,176.365966796875,178.9655615751921,176.33620160017503,176.87199028075244,9466900
2019-10-09,178.44961547851562,179.3128364340987,176.55448393834877,177.76498569720047,7556900
2019-10-10,178.6282196044922,180.19591896552552,177.7749152722836,178.91597003720196,8605000
2019-10-11,182.75582885742188,185.03792320851088,180.72178791101695,180.73170459681214,14930500
2019-10-14,181.8529052734375,183.18246784831845,181.1484421040507,182.76573995798162,7006000
2019-10-15,187.41921997070312,188.89762363518096,182.2299472570986,182.36885655080957,15039100
2019-10-16,188.07411193847656,188.2229379391271,185.4447365204725,186.85369331320297,10516900
2019-10-17,188.9075469970703,189.35404008978063,187.30016580732195,188.81825140652387,9603000
2019-10-18,184.40289306640625,189.99897684465836,182.48791305517258,188.74877809059558,16874200
2019-10-21,188.282470703125,188.43131184562384,185.29591284606576,185.58364816426234,8122600
2019-10-22,180.9202423095703,189.16553572894009,180.08678643569442,188.52060288034127,19537600
2019-10-23,184.70054626464844,184.9287662819174,180.58286608840376,180.59278277351132,12300400
2019-10-24,184.92877197265625,185.27603764183385,181.37664553777893,183.18246638144458,11413500
2019-10-25,186.42701721191406,187.52837494017774,183.64881603665648,184.38305956882508,8061200
2019-10-28,187.92527770996094,188.0542703419224,183.63892219379125,185.7424104935795,13657900
2019-10-29,187.83596801757812,191.03089725591036,187.00251216583382,190.19744140416606,13574900
2019-10-30,186.78421020507812,188.96707709714187,184.53188109382305,188.084007598717,28734600
2019-10-31,190.15773010253906,196.54758809947734,186.78420992352372,195.1684118031179,42286500
2019-11-01,192.11241149902344,192.59860166178294,188.4313071552058,191.34841785180365,21711800
2019-11-04,193.20384216308594,195.83320226631028,192.3009241125528,193.0351676602356,16371300
2019-11-05,192.8069610595703,194.22581929219072,192.0925660302858,193.84877326562983,9942000
2019-11-06,190.0585174560547,192.85655192566824,189.860077764731,192.51920293642016,10973000
2019-11-07,188.9373321533203,191.93382178580185,187.99473216024907,190.41573602622887,13473000
2019-11-08,189.35403442382812,190.84235478164692,188.22291155748496,188.52057865704424,10760800
2019-11-11,188.1336212158203,188.59996281880592,187.07194539711494,188.45112169488698,8631200
2019-11-12,192.9557647705078,193.5411671146991,188.2625990521987,188.52056911744143,17615500
2019-11-13,191.68577575683594,194.17622680558608,191.23928259972666,193.18401306090757,10860700
2019-11-14,191.64605712890625,192.51920997060702,189.95929698105766,191.42776891848106,9040500
2019-11-15,193.5808868408203,193.7793265404359,191.8742781721648,192.74741587846907,11524300
2019-11-18,195.8629608154297,197.083394458118,191.54684069024395,193.04507779292095,16167200
2019-11-19,197.76803588867188,198.44273391679903,195.32718359990446,195.862972319889,19056800
2019-11-20,195.9720916748047,198.03589766364595,193.90828568596345,197.0337674343433,12355400
2019-11-21,196.38885498046875,197.53982653306198,195.32719416935493,195.8828314319917,12131000
2019-11-22,197.27191162109375,197.7481699012133,196.08124321082823,196.8353352226601,9959800
2019-11-25,198.23435974121094,199.4051797284967,197.69857102837094,197.96647295478036,15272300
2019-11-26,197.42074584960938,198.5915506579755,196.49797930710295,198.442724670464,11735500
2019-11-27,200.42715454101562,201.55827748084596,197.8672415424567,198.3434998487067,12736600
2019-11-29,200.06996154785156,202.21314668437972,199.64331694177233,200.03027966309168,7985200
2019-12-02,198.14505004882812,200.60573550232598,196.50790368831068,200.55613693502008,11503400
2019-12-03,197.27191162109375,197.3810405807244,193.56102737438547,196.06140983997417,11595300
2019-12-04,197.16278076171875,198.47249490499425,196.50791612009164,198.44272970673654,8456300
2019-12-05,197.80770874023438,199.72267376788747,196.66666912831428,198.3038155523698,9740400
2019-12-06,199.48452758789062,200.00048284807954,198.50223077060377,198.93880713384237,12270600
2019-12-09,199.7722930908203,201.55828069269086,198.6511019590734,199.08766324843836,11954800
2019-12-10,199.30593872070312,200.47675862817715,198.59154372562898,200.0897959341768,9475700
2019-12-11,200.6851348876953,201.05226424708127,198.72055602657602,198.72055602657602,8036800
2019-12-12,195.21804809570312,202.07424848833924,192.58868781139714,200.77445094628683,23734800
2019-12-13,192.59860229492188,195.2676595756169,191.6659189926737,194.8707650108413,18798000
2019-12-16,196.37892150878906,197.56957484695494,193.29313648755445,193.74956142284032,14911500
2019-12-17,196.84524536132812,197.45049623175822,194.60284819119846,197.29173843033917,10175700
2019-12-18,200.9232635498047,202.70925114268758,198.53202502655532,198.53202502655532,23274400
2019-12-19,204.45553588867188,204.6936726076007,200.933174513572,201.20107642986963,16514600
2019-12-20,204.6936492919922,206.09267396888387,201.84598623491925,205.86445396174727,27306900
2019-12-23,204.5746307373047,206.96586959056657,204.0785238452577,205.09058614422818,13348900
2019-12-24,203.5228271484375,205.17982186746664,203.40376637388914,204.69364694474325,6046300
2019-12-26,206.1720733642578,206.2018537033605,203.7113876835131,203.9693729292224,9350700
2019-12-27,206.47967529296875,207.30319933387474,204.98142292895696,207.04522922443257,10284200
2019-12-30,202.81838989257812,206.28120574011763,202.31235125630602,206.24152385687,10524300
2019-12-31,203.65187072753906,203.95945456543717,202.01472410776773,202.4116035489304,8953500
2020-01-02,208.14654541015625,208.1564620946976,204.66388149911694,205.1401397367004,12077100
2020-01-03,207.0452117919922,208.76173709486574,205.33860317480784,205.59658840250805,11188400
2020-01-06,210.9446258544922,211.12321704244698,204.91196510836792,205.09055629632272,17058900
2020-01-07,211.40101623535156,212.9091850683675,210.10121890912478,211.16289467328085,14912400
2020-01-08,213.54421997070312,214.55628211870993,210.95454177490646,211.34150448738282,13475000
2020-01-09,216.6002197265625,216.67959862689565,214.5959441280876,215.84612774338615,12642800
2020-01-10,216.3621063232422,218.16794243532362,215.72709019217615,217.4932292798279,12119400
2020-01-13,220.18211364746094,220.241644038371,217.50314007666663,217.8901027575594,14463400
2020-01-14,217.3543243408203,220.64848099563872,216.92767972949216,219.8844722297958,13288900
2020-01-15,219.4280548095703,219.95392686203348,218.425924417891,218.8922660704496,10036500
2020-01-16,220.043212890625,220.89651718671533,218.6739532866718,220.83698679349612,10015300
2020-01-17,220.41033935546875,220.55916534680847,218.81287477518103,220.30119524849337,15905900
2020-01-21,219.7157745361328,220.63852588557012,217.41383179520864,220.43016951504185,14275800
2020-01-22,219.5967254638672,221.01558367210345,219.55702844071217,220.5790072572682,12212800
2020-01-23,218.04885864257812,219.7653990977893,217.56268366067917,219.03115557209316,11195000
2020-01-24,216.24302673339844,220.05312318860922,214.4272740930298,219.0807581343057,11905800
2020-01-27,213.19692993164062,214.3776665299758,210.84538856048835,211.440722772415,13810700
2020-01-28,216.09420776367188,217.03682285882238,211.85746630853654,214.45706126995194,13413800
2020-01-29,221.49183654785156,222.454284946092,216.74905677548094,219.71578087459076,33181300
2020-01-30,207.89852905273438,209.7837289696415,203.15574892158747,204.92188804289427,48775500
2020-01-31,200.3378448486328,207.06505161840613,199.4944572611041,206.80706640152664,31359900
2020-02-03,202.60009765625,203.54269754941683,200.92325424778556,201.85593745533228,15495600
2020-02-04,208.19618225097656,208.96019096490863,203.60222842171876,205.0111699219711,19628900
2020-02-05,208.4739990234375,211.07359379720026,207.08490604661267,210.85530559513091,12538200
2020-02-06,209.20823669433594,209.54558567358004,207.7099845183197,208.83119069401755,10567500
2020-02-07,210.67672729492188,211.1629174365227,208.29540543766888,208.66253478539966,12242500
2020-02-10,211.40101623535156,212.13525971168318,209.01970977478095,209.87301403214792,11856400
2020-02-11,205.5767364501953,209.21815851429,204.90202333517067,208.55337722476645,25030800
2020-02-12,209.11892700195312,209.57535190670174,205.78508879415304,206.23159701357275,13813700
2020-02-13,211.48040771484375,212.66114433026516,207.55123516722094,207.88859930018288,15396600
2020-02-14,212.5123291015625,213.25648939793268,210.99424330816575,212.33373789762405,10741700
2020-02-18,216.10411071777344,216.28270188669174,211.7383620844988,211.88720319857438,15609200
2020-02-19,215.79652404785156,216.62006308675507,214.42726454461726,216.29263080815656,12135100
2020-02-20,212.90919494628906,217.0665723300639,211.2918819422964,214.83409174221154,13109200
2020-02-21,208.54344177246094,212.57184160157027,207.2039625311857,211.8177495955409,14092300
2020-02-24,199.15713500976562,202.0643138826203,196.62698704760098,200.2287276222111,23080100
2020-02-25,195.23788452148438,201.91547815950642,194.4242620597452,200.6752110946446,21433500
2020-02-26,195.66452026367188,199.6433065171503,193.96784347416536,195.65460357799446,16524500
2020-02-27,188.2725067138672,194.35478015500215,188.02445334533772,190.32639587247974,21682600
2020-02-28,190.9713592529297,191.23926117317146,180.4042901120362,181.27742781433986,32568900
2020-03-02,194.91043090820312,195.03942351365126,187.37953374660688,192.51919263476543,24949000
2020-03-03,184.4425811767578,195.70421132887967,182.53753292619203,194.69214924139928,27984100
2020-03-04,190.26687622070312,190.33633844052602,184.93869398490696,187.69704660686287,23062500
2020-03-05,183.7281951904297,187.5184585064804,182.4581629611719,185.32565973285247,19333400
2020-03-06,179.67994689941406,182.34900375294296,174.8875536690963,176.94144297065125,24559600
2020-03-09,168.18019104003906,173.6373653805713,163.903753206491,168.2794184476758,29949000
2020-03-10,176.8025360107422,176.90174828238088,168.1801977845256,173.3099400535454,24517800
2020-03-11,168.9144287109375,174.51051214663002,166.3545161092942,172.655062639174,20373900
2020-03-12,153.26724243164062,165.30279874923735,153.13824981343737,158.29775772184547,43266300
2020-03-13,168.95413208007812,169.4601555701285,156.3728707888146,162.25669022128017,35028600
2020-03-16,144.87310791015625,157.89096114274597,141.98577772844195,151.13398868681,39120400
2020-03-17,148.25657653808594,152.74138692213435,138.90992484060837,149.56630595377365,34255600
2020-03-18,145.81573486328125,147.0262216721567,136.03250698448755,138.66186728488157,37553100
2020-03-19,151.93768310546875,158.68472390390542,143.67254147340694,145.47836246781847,39862300
2020-03-20,148.5641326904297,158.0298585688612,146.84760746399692,154.80516448603694,32568400
2020-03-23,146.94683837890625,151.12404910429632,141.1423828354806,148.494689153159,29830800
2020-03-24,159.7265625,160.05399484868934,151.3820565118102,154.001500161345,30440400
2020-03-25,154.9936981201172,161.72090533404412,151.86821609525333,157.68258858451526,35184300
2020-03-26,162.0681610107422,162.72302560102386,155.7973791164667,157.01779756928065,26556800
2020-03-27,155.5691680908203,158.84347609160096,153.54505895105285,156.96819294005962,24879900
2020-03-30,164.65785217285156,165.45162612076703,156.82928708074246,157.94056152383686,22515200
2020-03-31,165.50125122070312,169.59908358160726,162.92148949743878,164.19152184551297,23676300
2020-04-01,158.3572998046875,162.87185966361065,156.80943383993798,160.36156041626128,19507600
2020-04-02,156.95828247070312,160.09368129332805,154.70595320647797,157.86120054164533,20886300
2020-04-03,152.97947692871094,156.68044434817855,149.65557064068878,155.92635236524197,25983300
2020-04-06,164.260986328125,164.9059191978055,157.27579317783702,158.90302309239615,28453600
2020-04-07,167.51544189453125,172.03993397402672,164.71739197485502,170.45238598754636,31411900
2020-04-08,172.9229736328125,173.6373685890628,166.43390377684543,169.9165678335829,21664200
2020-04-09,173.8258819580078,175.7011648293327,170.23407400572893,174.53034505031744,23534300
2020-04-13,173.42901611328125,173.63738764003992,168.13059888974578,172.31774167717816,19355400
2020-04-14,176.78268432617188,179.81885533138671,175.24475031360217,177.5863748699079,21011800
2020-04-15,175.59205627441406,176.80255817599564,171.47437555574143,173.82591713406964,17423000
2020-04-16,174.87765502929688,176.66364261929394,171.16677054452398,176.56441519874684,23593200
2020-04-17,177.84437561035156,178.87627111884785,175.28446264083883,177.8046785869603,20974800
2020-04-20,176.8521728515625,179.0945703316381,175.3936175218738,176.02863367534525,16110700
2020-04-21,169.4700927734375,174.01443306233168,167.02924055696525,173.88544044431308,24850500
2020-04-22,180.86068725585938,183.34122116614927,176.75292370601838,177.06050748849793,33242000
2020-04-23,183.68850708007812,185.59355535938485,181.7239132676867,182.64667978077563,21426600
2020-04-24,188.59002685546875,188.9273758112363,179.42196868241868,181.80327502192384,28792000
2020-04-27,186.0400390625,192.24137369791666,185.9507434773445,191.15986457109452,29197800
2020-04-28,181.48580932617188,187.7268267628058,181.13852847934092,187.19103803281624,21731000
2020-04-29,192.677978515625,195.37680095847062,188.52060074006582,189.4433522028139,45954500
2020-04-30,203.11605834960938,208.0572779754261,200.00050816482027,205.30884198802337,46230100
2020-05-01,200.69505310058594,205.6660378850065,197.50012403387927,200.03027179216886,30415600
2020-05-04,203.6617431640625,204.30669104079635,197.21235523658538,198.6411451382997,19250700
2020-05-05,205.45767211914062,208.74189662802328,204.89210311454076,205.40805841242485,21071200
2020-05-06,206.84678649902344,209.95242015348194,205.05088216567125,206.4995056560085,21857000
2020-05-07,209.6150360107422,209.95240013521098,207.41232064616085,209.51582373646835,15152000
2020-05-08,210.69654846191406,211.54985270052043,209.20822817178512,210.5874043683722,12506000
2020-05-11,211.52011108398438,213.32594730041535,208.73199298585013,209.24794835339893,12911900
2020-05-12,208.46408081054688,213.60373992712047,208.36485339579585,211.6292294374064,14704600
2020-05-13,203.5030059814453,209.13877170097768,200.53628200459266,207.79927734708642,20684600
2020-05-14,205.19969177246094,205.31875255942361,199.1273493977165,200.98278398111552,17178900
2020-05-15,209.23800659179688,209.69441636456455,202.53063303740763,203.6716877492825,19383200
2020-05-18,211.53001403808594,212.96872069085757,209.2975334989645,210.4981034438379,20151900
2020-05-19,215.19129943847656,218.77319129030954,211.17283116193593,211.60940758664356,31843200
2020-05-20,228.1793670654297,229.53869487802802,221.4521599429684,221.75974374231737,50162900
2020-05-21,229.58831787109375,235.35307680549553,229.39979485355224,232.89239117121974,47782600
2020-05-22,233.08090209960938,234.1524946121766,226.95894596001787,229.70736675116186,33925600
2020-05-26,230.39198303222656,239.0242378798725,229.86611106249487,237.90304686477256,33178300
2020-05-27,227.3558349609375,228.76477652593493,219.4082090816277,227.28638787828586,34697600
2020-05-28,223.7045135498047,229.82647042856408,222.2558748468013,222.5535419928957,29377200
2020-05-29,223.3373565673828,225.71867830178658,221.14457298017828,223.44650066945937,23241500
2020-06-01,230.10426330566406,230.6301353109127,221.75974316203477,222.84125236981188,18223800
2020-06-02,230.90797424316406,231.18579286888968,224.79593419724122,229.14183506248852,20919000
2020-06-03,228.36788940429688,230.83849161760028,226.75057636604603,230.30270292675684,15380300
2020-06-04,224.52798461914062,229.82641617695714,222.86107321846228,227.77252697971804,17041500
2020-06-05,228.97312927246094,229.5486149585623,223.55563653087066,224.944744609729,16750400
2020-06-08,229.5982208251953,229.74706194907915,225.63929825351963,227.24667943961484,15466500
2020-06-09,236.81161499023438,237.9030559919151,228.61593621208456,229.71729389924317,27462900
2020-06-10,234.88673400878906,239.3318620782933,233.44802723887338,239.0838086648603,20720700
2020-06-11,222.68251037597656,231.07664482467789,221.8093726271132,228.14961747773572,26708200
2020-06-12,226.8001708984375,229.85619039294693,222.75193787220334,228.10988488752614,22091400
2020-06-15,230.6896514892578,231.94976694303796,223.04961014535098,223.33734541465077,15340300
2020-06-16,233.81512451171875,236.60325739435527,231.18576457575384,235.2935281990973,15236700
2020-06-17,233.69606018066406,235.7400177059059,229.92564559877275,233.1701882014505,19578100
2020-06-18,234.1029052734375,234.3013449875379,230.3424068323234,233.1603052764759,15782500
2020-06-19,236.9307098388672,238.95483432571922,233.71594704442455,235.93849610922837,30081300
2020-06-22,237.35733032226562,238.82580215983967,235.0653194086259,236.70246573551785,18917800
2020-06-23,240.35385131835938,243.2808786953771,237.99237787562274,239.4013195080182,24017900
2020-06-24,232.19784545898438,241.3262081229041,230.86826764529962,239.32193228613724,20834900
2020-06-25,233.84490966796875,235.45230610298375,230.92781420586104,232.79316560381045,18704300
2020-06-26,214.39752197265625,231.2750702886985,213.7228088346602,230.828577185307,76343900
2020-06-29,218.9219970703125,219.03114116641353,205.4973489497708,208.11679211621853,58514300
2020-06-30,225.30197143554688,225.72861605804886,216.76892758571236,218.87241577847084,33927100
2020-07-01,235.70037841796875,237.1390853218416,225.7881576438721,226.72084098761843,43399700
2020-07-02,231.60250854492188,238.13127618375734,230.7988179101983,237.1390625329917,30633600
2020-07-06,238.40907287597656,238.52813365832904,230.46144771442292,231.93983622855757,26206200
2020-07-07,238.98460388183594,245.72172856727462,236.9604944980751,237.5458969756356,27887800
2020-07-08,241.6833953857422,245.0668474636678,234.74781673128183,236.25598567293406,29791300
2020-07-09,242.5962371826172,244.61042967890646,237.377198839224,243.0923440071215,22174900
2020-07-10,243.16180419921875,243.57853211152505,237.45657576506048,241.79254453022762,22982700
2020-07-13,237.13906860351562,248.20224503676744,236.5635828545422,245.08669469920744,24674900
2020-07-14,237.86337280273438,238.45870704554085,230.22333076660445,234.9164970668019,23378100
2020-07-15,238.40907287597656,242.9137309146926,236.19644087738766,239.6691883357908,19133600
2020-07-16,239.0540008544922,239.8775399092465,234.48982765582485,236.1468224503388,18880700
2020-07-17,240.1454620361328,242.25888189855516,236.00793304376865,239.12348321533193,18152400
2020-07-20,243.5090789794922,244.13417844127542,233.80523042218056,238.19081306109,20872200
2020-07-21,239.8676300048828,244.9874556480956,238.21063516352848,244.30282586394793,19364200
2020-07-22,238.00228881835938,240.01648136267946,236.26591489118834,238.3892515451012,15427900
2020-07-23,230.7888946533203,240.5324245536432,229.94550701818997,237.76415520841277,21771800
2020-07-24,228.9136199951172,231.6719727567298,225.13327323566094,228.39766465309515,18325800
2020-07-27,231.68186950683594,233.12057616100276,229.03266108130668,229.65776047765974,13163100
2020-07-28,228.3282012939453,233.13052688737727,228.04046599577487,232.8030945646447,14170100
2020-07-29,231.47349548339844,231.88030667788055,228.5167033044342,229.3402423786379,13588300
2020-07-30,232.67410278320312,233.06106550419435,227.21692766462053,228.42742953848625,20615300
2020-07-31,251.69482421875,253.85785775778805,247.0611884844534,253.82809256073517,53005100
2020-08-03,249.99813842773438,253.41134040008626,248.38082545951394,250.68275307528512,23124900
2020-08-04,247.88473510742188,250.83161082477696,245.50341329118677,249.60126046272325,17183500
2020-08-05,247.1802215576172,250.30570315752948,245.84074242049172,248.24189726672375,13050100
2020-08-06,263.2144470214844,264.52417636220866,246.7337769905804,247.10089121185337,45241600
2020-08-07,266.3498229980469,276.71846729977585,261.3788231390226,262.0237559273697,72766400
2020-08-10,260.9522399902344,271.72766776115213,257.6680146013475,265.95300622357007,30248800
2020-08-11,254.13568115234375,263.84946103998055,253.1434675252499,258.16406605594824,28238300
2020-08-12,257.8664245605469,261.84518077653547,256.10025516377686,256.9535746633376,21415700
2020-08-13,259.265380859375,263.09534079503675,257.5488708476519,259.5134342395619,17374000
2020-08-14,259.2059020996094,260.6049270761182,256.6658374029572,260.2675780454647,14792700
2020-08-17,259.1264953613281,262.04360563209156,257.3801898169379,260.45605788991446,13351100
2020-08-18,260.29730224609375,263.08541993318096,257.24129779802496,258.9181411403599,18690400
2020-08-19,260.5453796386719,265.82396354247567,259.31504439791973,259.35474142244783,23291500
2020-08-20,266.9153747558594,267.5305423074129,259.4241443420581,259.4638413621451,20299700
2020-08-21,264.9309387207031,268.3838223527622,264.3455363840029,266.59785014859045,15538600
2020-08-24,269.27691650390625,275.091274811344,266.6772909244434,268.959400822145,23685600
2020-08-25,278.6334228515625,280.8857367616059,268.15564994253316,270.28890306860325,42127200
2020-08-26,301.5436706542969,302.2977627595192,281.78869215846566,281.78869215846566,69015200
2020-08-27,290.9368591308594,298.88449937748896,289.74619075564993,297.82282360892196,30301300
2020-08-28,291.37347412109375,294.9156842406994,288.71434871476174,292.70303682425975,17157400
2020-08-31,290.91705322265625,294.5683921740452,289.279876482208,291.66121345742096,17345100
2020-09-01,293.1395568847656,299.1424364072867,290.4308031472568,292.4152301338691,17295900
2020-09-02,300.1446228027344,301.2360638507357,290.76819189575707,296.5528143101857,24341400
2020-09-03,288.85321044921875,295.28276530131205,281.4215404790347,293.6852857036353,32294100
2020-09-04,280.52862548828125,286.74979526681267,269.0288708964707,285.0134210740205,30333700
2020-09-08,269.0486145019531,277.1252165925941,267.3221727130348,269.1676752763678,24864000
2020-09-09,271.5887145996094,276.3116611433854,269.23717315355583,273.6227404185277,22918800
2020-09-10,266.0025329589844,276.9863444713146,264.95078899476385,273.3647709884832,24814700
2020-09-11,264.5340576171875,269.27686777024303,260.5949986305776,267.9572067042382,18913900
2020-09-14,264.0776672363281,274.4860094229294,263.6311892443126,268.8403111108716,24093800
2020-09-15,270.2988586425781,272.38248310509124,267.2031265875012,268.5624847371786,18478500
2020-09-16,261.4681091308594,270.3186675006481,259.7515990335024,265.20877366986406,29183400
2020-09-17,252.8358917236328,259.4638716951567,248.24193764003047,256.2689425036203,31281400
2020-09-18,250.56369018554688,257.1817679827154,248.10300478523664,256.3879789632896,28130800
2020-09-21,246.2178192138672,248.00380687005463,242.229131111691,245.61256826204752,24709400
2020-09-22,252.7664337158203,253.33200277778175,246.28727962902335,251.33764360136956,30293100
2020-09-23,247.08102416992188,255.98116584622917,246.217788080264,253.2724270751791,19641300
2020-09-24,247.58706665039062,250.2759722576186,243.70750771146652,244.58066055336698,20006800
2020-09-25,252.8358917236328,253.7586431588387,244.68981092583851,247.4580803714351,18351300
2020-09-28,254.8203125,257.57866518860396,252.83588523395522,257.3802103500167,18826300
2020-09-29,259.7516174316406,261.2796046364811,254.89967819508988,255.80259624156326,20200200
2020-09-30,259.8608093261719,264.00825608073467,258.07483645271327,259.94020339341625,20142500
2020-10-01,264.5539245605469,266.2406695606963,262.7381566639674,263.28389232751096,20009800
2020-10-02,257.9159851074219,263.0854090741721,257.16189314177063,259.1760853784858,16367600
2020-10-05,262.5893859863281,262.8076742417334,258.8090536885996,260.158480252913,12822300
2020-10-06,256.6459655761719,263.6212257600727,256.22922255371117,259.741667068891,18696900
2020-10-07,256.11016845703125,258.1541260416151,252.83587570346262,257.191677642664,23133400
2020-10-08,261.70623779296875,262.5595268534085,257.13211789378187,257.72745203917947,16312800
2020-10-09,262.39093017578125,262.6885821795816,260.1286841070195,262.46036212336156,14107800
2020-10-12,273.6029052734375,277.99840433575406,265.7842571156628,268.09613180330746,31019300
2020-10-13,273.9898681640625,276.92681183583034,271.261280862398,275.4186278390119,18063300
2020-10-14,269.7034912109375,276.57952376322527,269.385975611536,275.45831762030724,15577800
2020-10-15,264.64324951171875,266.9451926519491,261.61700972164607,265.5164024462862,15416100
2020-10-16,263.859375,269.25701980773687,263.23427554072794,265.2980969389582,16622700
2020-10-19,259.3646240234375,266.45894507176126,257.8564702810664,263.4624709578556,13587000
2020-10-20,265.4767150878906,267.6000670997426,260.8331618903327,261.01175310255536,18763200
2020-10-21,276.55975341796875,280.84609386687896,274.2181131886931,277.3832775191366,28998600
2020-10-22,275.9544372558594,280.25073903320055,272.8984327390067,277.6908110286055,16720000
2020-10-23,282.572509765625,283.0189877020772,274.66456643827354,276.6291299185733,17535200
2020-10-26,274.9523010253906,283.00910103507454,272.1245164393334,280.9552115795528,21322900
2020-10-27,281.08416748046875,282.294669146969,274.1585064337769,276.5894415912417,16287200
2020-10-28,265.5858459472656,276.61925709522393,265.17903470962136,276.61925709522393,23121800
2020-10-29,278.64337158203125,281.39182302397495,271.6482768194587,274.39669798144206,32368100
2020-10-30,261.061279296875,274.54548740029236,257.08252375458625,272.3626055895967,47247800
2020-11-02,259.32489013671875,268.36397032043874,255.33620300881353,262.539682272595,27165700
2020-11-03,263.2342224121094,267.94723641131566,258.848655815937,261.1109013243579,17961900
2020-11-04,285.1423034667969,286.69015401207537,276.4505040356551,278.8119768695919,35364400
2020-11-05,292.3854675292969,295.0644560969266,286.7001035414794,289.6271152046791,23823600
2020-11-06,291.1253662109375,292.3061026964776,285.81701793829177,291.66116997848206,13891000
2020-11-09,276.599365234375,290.3018321753482,276.3612436678267,287.61294188655734,25117700
2020-11-10,270.3087158203125,271.8664982783663,261.9443633047033,270.9735121867272,29067700
2020-11-11,274.3271789550781,276.23221177646053,270.35832525058885,271.34060685286573,14957000
2020-11-12,272.9381103515625,277.57176129856583,272.2931775519897,275.021765017838,12899500
2020-11-13,274.7935791015625,275.5972697257865,270.97355054002895,275.55757270188633,10391200
2020-11-16,276.7879333496094,277.234441639621,272.49166122643663,272.9083740358182,12970400
2020-11-17,272.8587341308594,275.5178592544726,271.16205738974224,275.5178592544726,15040300
2020-11-18,269.8523254394531,275.23013630396935,269.7233328307537,272.3824579271771,12152900
2020-11-19,270.8148498535156,271.3407219812872,267.0940479268406,268.909785943874,12963700
2020-11-20,267.60003662109375,270.8743295920919,267.3122861808678,270.4377531586311,18114700
2020-11-23,266.3399353027344,268.8403333850211,262.47030765153033,268.78080298115344,20990800
2020-11-24,274.7637939453125,275.6567800984791,265.7842430074771,266.3994105734373,16930400
2020-11-25,273.44415283203125,277.99840979634354,270.5270423142432,275.97431577662064,12467000
2020-11-27,275.6468200683594,276.95654910829825,272.6801114999714,275.23010737016637,7808400
2020-11-30,274.8134460449219,275.537772989787,268.8998605195958,273.88076268905314,16693300
2020-12-01,284.3187561035156,287.04734313053575,276.78785954253436,276.9863143473893,20738900
2020-12-02,285.28131103515625,289.50815166327783,278.64339805435816,283.13812551723385,17361600
2020-12-03,279.6553955078125,284.4180084423758,278.88147014894713,284.0211290778213,12921700
2020-12-04,277.5221252441406,281.25282737589265,277.1252156242083,278.11742911413376,10880300
2020-12-07,283.3563537597656,286.2436990426754,276.0338426409965,277.01612444035254,13007700
2020-12-08,281.19329833984375,284.1997040175637,279.3576973186722,283.7829913065665,10747700
2020-12-09,275.75604248046875,285.3904289470905,269.6340706803854,281.45133938041425,25189700
2020-12-10,274.9622497558594,276.55972952390835,269.743196117083,273.3945654669271,20065100
2020-12-11,271.41998291015625,274.32719139327213,268.14569056747416,272.3923630126268,14391400
2020-12-14,272.0550231933594,275.061428900488,269.44549683199944,271.241400852564,16376900
2020-12-15,273.40447998046875,273.93035204384483,265.3874064007042,272.69008488682954,23979500
2020-12-16,273.5235595703125,275.69647968054255,270.3881606955199,272.6206414843473,15885000
2020-12-17,272.3427734375,278.25635744205846,271.47952225398996,274.9126027788768,16377800
2020-12-18,274.2478332519531,275.8353810694954,269.02881030122415,273.62273383854944,26693200
2020-12-21,270.666015625,272.5313824458035,265.7049465398684,270.85453867263203,16553700
2020-12-22,265.01031494140625,269.3859803553586,262.5694780729273,269.3859803553586,17312900
2020-12-23,266.02239990234375,270.050815371756,264.15706358620935,264.8119282601544,14329000
2020-12-24,265.31793212890625,268.2945731706217,264.1272938801952,266.7864192769376,6702000
2020-12-28,274.8431701660156,275.1408221372453,263.59147145418575,266.6474760519845,23299700
2020-12-29,274.6248779296875,278.3258455440908,274.1287711316152,274.7935675642127,16383000
2020-12-30,269.7530822753906,275.91471969767804,269.59432448010415,275.785757376464,11803800
2020-12-31,271.0330810546875,274.9324733857731,267.70915931059875,269.88210960073656,12900400
2021-01-04,266.8459167480469,272.85872848796714,263.13504773019605,272.6404402939786,15106100
2021-01-05,268.8601379394531,270.27899621280795,266.1216185352488,266.2010125852026,9871600
2021-01-06,261.259765625,265.6651965162372,257.9854727939254,259.9599682063647,24354100
2021-01-07,266.64752197265625,269.49517068100164,262.7183638759823,263.82963846655986,15789800
2021-01-08,265.486572265625,266.8558317342461,261.1307404858795,266.2208005627308,18528300
2021-01-11,254.84011840820312,261.4184989309942,253.90743527127916,258.4517901775605,30412300
2021-01-12,249.13491821289062,257.6977267357879,248.3510761020939,254.63179023434895,26383500
2021-01-13,249.68063354492188,251.97264457383557,247.25962990122798,249.59133795314094,19528900
2021-01-14,243.72735595703125,253.04424135584142,242.7053771272773,251.42692829090055,29739400
2021-01-15,249.40281677246094,251.88335082886272,245.2355225857016,245.96975097681036,24942900
2021-01-19,259.06695556640625,260.15839649203104,250.75220144203772,254.89964667945836,28028500
2021-01-20,265.3973388671875,268.21522222112253,261.54754475773996,266.83603060481676,25199900
2021-01-21,270.74530029296875,271.46962706852975,265.4071866724179,267.16342399454226,20838700
2021-01-22,272.3625793457031,276.3016677700248,269.88204583617943,269.89197765980157,21954000
2021-01-25,275.8453369140625,277.9190598870613,269.3959479461869,275.9743295382134,19087000
2021-01-26,279.8538513183594,283.16787159655127,275.6468750801152,275.97432254542565,19373600
2021-01-27,270.02105712890625,281.2429919143587,266.0323385830163,280.33014196595786,35346200
2021-01-28,262.9366149902344,284.55695871630996,262.6389630097755,275.02176987618066,37758800
2021-01-29,256.3184814453125,264.4844088557711,252.86559809620962,263.23421024732994,30389500
2021-02-01,259.9698486328125,262.1130332599464,252.9251272739831,257.49921661933763,22914300
2021-02-02,265.0003967285156,266.75663419137607,261.22006530975233,261.9443921433572,17320800
2021-02-03,264.57373046875,267.1038931262707,261.78561288501646,263.55175174887563,14223400
2021-02-04,264.4150085449219,266.07201868018495,261.9444062212849,264.93097902725805,16060000
2021-02-05,266.012451171875,267.07412690707577,263.60137958180314,264.7225554259444,12454400
2021-02-08,264.50433349609375,267.7587934506513,262.9366490626016,266.65745070027987,13755200
2021-02-09,267.35198974609375,271.2613140904737,263.6807869967148,264.36541686230146,14613400
2021-02-10,269.7530822753906,271.6680470836127,265.6354022624926,270.3285830682983,14687200
2021-02-11,268.28466796875,271.44980170908656,266.39943777738347,269.772988469329,12828600
2021-02-12,268.393798828125,269.06849685928296,266.2506136586012,268.41363220082087,9097600
2021-02-16,271.8367919921875,274.44631890054274,267.9473009164723,268.69146120075794,15417200
2021-02-17,271.4399108886719,271.8367903151839,267.4809576103231,269.12803599630945,12763200
2021-02-18,267.29241943359375,269.8324836675024,263.9585662016173,267.4710106031762,15249100
2021-02-19,259.5233459472656,268.16551656468806,258.12432135786315,267.7587054191213,25622600
2021-02-22,258.3029479980469,261.0216337980358,255.52476208560068,255.94150511244536,17434900
2021-02-23,263.7899475097656,265.3774956528364,252.97483823751833,257.47948224801127,21924600
2021-02-24,262.25201416015625,264.3059038923534,256.3781257097657,260.28742003197283,15736100
2021-02-25,252.7069091796875,264.86152698084504,252.06196119196488,260.2576408874956,19053100
2021-02-26,255.6140594482422,263.48230592627357,254.47301987913823,254.47301987913823,26619500
2021-03-01,262.8473205566406,264.5737626108393,255.89189320962132,258.7891703786948,22157300
2021-03-02,256.98333740234375,264.6332962265504,256.6360565660787,263.71054479187086,15191700
2021-03-03,253.42129516601562,258.95783407943765,253.1137113530454,258.2633026836808,15513500
2021-03-04,255.63394165039062,264.4150083089608,251.52616256757005,254.47303834612808,31626500
2021-03-05,262.22222900390625,263.3831323276618,253.61973825234838,258.6403521689941,26820100
2021-03-08,253.32205200195312,263.5120747815499,253.06408191613306,263.4823095847237,18391800
2021-03-09,263.67083740234375,266.43912187751977,257.78701790933485,259.14634572246285,22039700
2021-03-10,262.8374328613281,266.8757503451801,260.82324003325834,266.54833311025595,14210300
2021-03-11,271.7474365234375,275.73612386768207,265.7346251734787,266.0223452851112,21834000
2021-03-12,266.3102111816406,267.63977420638463,261.96430934913803,267.0444700758768,20600200
2021-03-15,271.61846923828125,273.8112527855251,266.4093479104238,266.98481846727327,16844800
2021-03-16,277.1054382324219,279.9431851324288,272.6603099988258,273.93034231128775,22437700
2021-03-17,281.798583984375,284.0012993075215,273.26554127849425,273.5631932356945,21315000
2021-03-18,276.4505615234375,282.9694124523862,276.11321251700224,277.69082858237186,18728300
2021-03-19,287.85107421875,290.520131236803,279.0104776505019,279.0303110218043,38930500
2021-03-22,291.25439453125,297.37633561067435,284.51725557218174,288.18845807864415,28273100
2021-03-23,288.3670654296875,295.67967537521406,287.5534429483778,290.867432991807,23000900
2021-03-24,279.9432067871094,289.44860135285086,278.9708263945545,288.7342062293324,18675000
2021-03-25,276.569580078125,285.817017124445,275.58729840705115,278.79215889867044,24505600
2021-03-26,280.8162841796875,282.2847712189747,275.6071627424305,276.1330347429934,17629200
2021-03-29,288.5555114746094,290.8971205903588,282.48317024365207,283.5448155807349,21718800
2021-03-30,285.75750732421875,290.19270318034495,284.46764179897343,287.57324482882785,17474500
2021-03-31,292.2366638183594,294.19132577755687,286.36274611540455,287.7320056973746,19498200
2021-04-01,296.3345031738281,300.04537216997386,294.29054567841536,296.07651796063567,17616000
2021-04-05,306.5047302246094,308.3502331272152,298.33880077200007,298.54718744548785,28237000
2021-04-06,303.8753662109375,308.9257301235245,302.8732207214209,306.4352641390623,17335200
2021-04-07,310.6521301269531,311.8031014540614,303.12123307626337,303.9546888069375,22855200
2021-04-08,310.58270263671875,313.4204493921913,307.63582691524516,312.39847055437156,20894100
2021-04-09,310.02703857421875,312.28928426591995,307.9136188596121,308.9752946294777,15988600
2021-04-12,309.1142578125,309.71949362187615,305.53235068829883,308.62805251976675,10881900
2021-04-13,307.34808349609375,311.98170388654387,306.9115071052222,309.7789885616756,14036900
2021-04-14,300.46209716796875,305.63152098726067,299.59887627399337,304.90719423670697,17421400
2021-04-15,305.4232177734375,307.72516074452744,301.7321817266754,303.95473064775086,14558300
2021-04-16,303.7959899902344,306.54444137804103,302.2382071802452,305.77051588644764,13059200
2021-04-19,299.88665771484375,305.30416629522637,298.2197459731686,302.6351090312537,14553500
2021-04-20,300.2934875488281,302.72442336585726,294.89584228747464,299.63862283550645,16796400
2021-04-21,299.1226501464844,299.6286887973505,295.074431779428,299.5989235990618,14863500
2021-04-22,294.211181640625,300.5613732471118,293.7349384661089,298.98372689165404,16375400
2021-04-23,298.7853088378906,300.2339323251979,294.83628751007234,296.4337672726164,17536800
2021-04-26,300.6803894042969,303.41887809110506,299.21190251430323,300.9780413441826,16172600
2021-04-27,301.2062683105469,302.96247535635484,298.7654012272768,301.9107314378546,15309300
2021-04-28,304.7088317871094,308.49909536915743,302.9922911939932,304.9667867574344,33907200
2021-04-29,326.9443054199219,329.2263845348517,319.10579393830335,327.5495411674635,56526800
2021-04-30,322.54876708984375,327.2518799010745,321.97329655477483,323.60054130902915,26332400
2021-05-03,320.0682678222656,325.99178455965375,319.33403940642825,323.6303414935902,18719500
2021-05-04,315.8810729980469,319.68126763181874,310.68188398594214,317.5281510295047,24032600
2021-05-05,312.567138671875,318.56011770266906,312.04126663923637,315.712469321402,15577600
2021-05-06,317.5282287597656,317.7465169927918,310.8307860445956,312.0710532140715,19012200
2021-05-07,316.595458984375,320.42541870358406,316.2680418642121,319.86978158576386,15916700
2021-05-10,303.58758544921875,312.1305297025952,302.4564474516533,311.9023399620006,24239200
2021-05-11,304.1432189941406,304.4508027729763,297.35648192958325,298.4082258726899,18920100
2021-05-12,300.1942138671875,302.5854522871309,295.86817708684436,298.78528750586537,24645500
2021-05-13,302.8831787109375,306.45512398338803,300.4125458855412,303.69677097235177,18079200
2021-05-14,313.47998046875,314.38289851654434,306.67337913920693,307.1298192160858,19245700
2021-05-17,313.0036926269531,313.2219808293489,309.1538990283127,311.10856102432524,15401300
2021-05-18,307.54656982421875,314.0356563194457,307.3977438156046,313.1327381605717,14522400
2021-05-19,311.1482238769531,312.20989957564876,301.2062556340909,301.82142315148013,19106200
2021-05-20,316.129150390625,316.7641816085727,310.7216046125785,311.138317354396,17320200
2021-05-21,313.7677307128906,317.4389030180048,313.3509876603318,316.8039020331024,13600900
2021-05-24,322.1023254394531,323.4120547384483,315.5537092244351,315.73230041612777,16445400
2021-05-25,325.2377624511719,326.61692385566414,322.2710226674773,324.5332688679081,16437000
2021-05-26,325.1087341308594,327.2618208339103,323.2830646151076,325.7933639842611,9686900
2021-05-27,330.1590881347656,331.18106697098676,324.215738131107,325.44607335297707,20477700
2021-05-28,326.17041015625,330.2781589983809,325.773500464872,328.4227242830254,12037400
2021-06-01,326.5672607421875,328.8394383209458,324.0966586152129,327.5793076939704,11765900
2021-06-02,326.58709716796875,329.2859193445906,324.5729047910016,327.8075307847348,11654300
2021-06-03,323.5013122558594,324.8308747707798,320.961248006466,323.24332704492036,12610800
2021-06-04,327.7778015136719,329.871357884137,322.64804336676895,323.36243844123214,13289400
2021-06-07,333.9592590332031,335.0606319370068,326.36883062034224,326.91456629914944,20136700
2021-06-08,331.0818176269531,335.66583948741965,329.6530276600603,334.07832199527667,14580500
2021-06-09,327.6785583496094,334.17754565379573,327.4305049367785,333.1258016057894,13727900
2021-06-10,329.871337890625,331.33982497689396,325.9917789291626,328.2143580705369,13240200
2021-06-11,328.6806335449219,330.2383856316364,326.3687592749121,329.990332271847,13587900
2021-06-14,334.1477355957031,334.1973644395812,327.24193798799115,329.31566060726266,12250800
2021-06-15,334.1279296875,337.27326012162166,332.42132108487635,334.3660512618339,15795200
2021-06-16,328.5020751953125,334.9216985906193,326.16046556361823,334.0783412293465,17232200
2021-06-17,333.88983154296875,335.348386848026,327.5793368606947,327.9166858746589,17794100
2021-06-18,327.0931701660156,333.53262735380366,326.43830549404345,331.92524601348964,23039500
2021-06-21,329.7026672363281,330.3277666521811,325.0987815754126,328.51199879851725,11337500
2021-06-22,336.39013671875,337.273221255067,330.0102112752948,330.0995068553798,15345300
2021-06-23,337.9380187988281,340.7460001805239,335.56664409367676,336.70768365205276,14817800
2021-06-24,340.50787353515625,342.214482226336,339.1287123056329,339.18824270230544,12329100
2021-06-25,338.7119445800781,341.4405319220191,337.0351012093616,339.9224463575193,14594400
2021-06-28,352.870849609375,355.35138354168714,339.1088219177448,339.7934517054594,29156100
2021-06-29,349.1500549316406,353.9622666221002,346.33214168796724,353.49592502331853,21417300
2021-06-30,345.00262451171875,350.17207980061676,344.4668509038547,349.42791950973475,15107500
2021-07-01,351.630615234375,351.9084338493456,343.80203488402134,344.1195505239757,17137000
2021-07-02,351.9381408691406,353.6645826710624,349.8743198305657,352.3350202134964,11521300
2021-07-06,350.0331115722656,355.9963249803974,346.46113656672946,353.7241473646603,13488500
2021-07-07,347.7609558105469,353.71423776723833,347.2747808070036,352.49383434528966,14218900
2021-07-08,342.9586181640625,345.61774329354535,339.89268183283735,343.03801220730537,14406500
2021-07-09,347.69146728515625,347.97918739800417,342.58154354659945,342.63117238947024,13018700
2021-07-12,350.4101867675781,351.4321656465033,346.91760551570826,348.49522163288634,10018600
2021-07-13,349.3484802246094,355.6986411619793,346.0840890261971,348.7630778385036,11456000
2021-07-14,344.9232482910156,352.43431315647945,344.0302620301716,351.7992818634606,13894200
2021-07-15,341.77789306640625,346.5107713852772,337.57091703181555,346.5107713852772,14781600
2021-07-16,338.5035705566406,343.29594856960324,337.49152365972935,342.22437128345916,11026100
2021-07-19,334.3263854980469,337.1442684957518,331.9351470822577,334.9415530868475,14372300
2021-07-20,338.99969482421875,340.77576560791334,331.8954419693958,336.16194824446416,11024300
2021-07-21,343.53411865234375,343.82183878893244,338.59288412390543,338.84093751886803,9279700
2021-07-22,348.45550537109375,348.8027861958201,342.5220569930656,343.9806122329509,12385400
2021-07-23,366.91064453125,372.40748560789234,354.4087481746398,358.09978366506846,33694300
2021-07-26,369.559814453125,371.524407992055,365.35283909940387,366.70223486193646,14925200
2021-07-27,364.94610595703125,370.24452329824976,361.71147971727765,369.01418804237403,15705400
2021-07-28,370.3735046386719,374.6102459613628,364.07294199741824,371.6435368808808,29676900
2021-07-29,355.5299987792969,362.67391881987123,353.9622842712004,358.1891240675114,33413200
2021-07-30,353.52569580078125,357.92122508930873,350.19187261810475,351.24361661835076,15976200
2021-08-02,349.2095947265625,356.6015680075973,348.00899444804065,355.3117024170683,13180400
2021-08-03,348.5050964355469,351.01539564143263,344.9926820804049,349.98351529526695,12406100
2021-08-04,356.1253356933594,357.67318656110393,348.7730289315938,349.6759469844377,14180600
2021-08-05,360.143798828125,361.06655027869056,354.1210545536486,356.83974061353666,10247200
2021-08-06,360.6795959472656,362.30681059827253,358.5860093865691,358.5860093865691,8925000
2021-08-09,358.7944030761719,362.93194777690513,357.9411137772933,360.9276868832901,7798900
2021-08-10,358.3180847167969,361.26496017610475,356.2443620276476,359.0126160349106,7469900
2021-08-11,357.1572265625,359.53853333042804,355.0239732137303,359.2805783648751,8400300
2021-08-12,359.8262939453125,360.1735747979415,354.3294215430104,355.65901455364246,7170700
2021-08-13,360.35211181640625,361.8205987793182,358.66536694004265,360.14375544814027,7195700
2021-08-16,363.705810546875,364.09278838073544,354.597297072418,359.6972591712923,11222100
2021-08-17,355.658935546875,361.8305046302032,352.3052491252659,360.1536614193987,12328700
2021-08-18,352.6823425292969,357.05797793706466,352.384660276008,353.4761013114874,10042400
2021-08-19,352.3548889160156,354.7858243488867,348.2669737273142,348.61425454343237,12004500
2021-08-20,356.57177734375,357.18694489775766,350.5589656746457,351.83892962795636,8697700
2021-08-23,360.5207824707031,362.8425584347706,356.3038750817874,356.6412240393063,10942000
2021-08-24,362.6640625,365.0949680533593,359.0226246636322,360.82846098095814,9235100
2021-08-25,365.5216064453125,367.9723451281747,362.5548669977145,362.75332184262254,9684500
2021-08-26,361.5428466796875,366.563445771327,361.2947932451995,365.5117016314949,7888700
2021-08-27,369.7286071777344,370.8299498840201,361.24516161543517,362.2572389995464,11219100
2021-08-30,377.696044921875,378.5195689135399,367.63498415552175,369.65910844389265,13547300
2021-08-31,376.4260559082031,379.7797432154205,375.85055497858326,376.9916250107728,12345400
2021-09-01,379.0751647949219,381.3374104188179,375.8604026662153,376.63432800386516,11567200
2021-09-02,372.35791015625,378.77753321392925,371.14740838049124,378.5294798195521,14832900
2021-09-03,373.330322265625,374.22330850570114,370.2048250054217,371.8320699459693,7509600
2021-09-07,379.2041931152344,379.97811852578053,370.2445053593143,372.95325943620423,10793800
2021-09-08,374.6300964355469,377.90438920545546,371.8717438371521,377.1999260274363,11067200
2021-09-09,375.0567321777344,376.8724697008113,373.6378740295423,374.6995498243246,9098900
2021-09-10,375.74139404296875,380.8016897745919,375.3147494355466,378.39058756343474,11549600
2021-09-13,373.5783386230469,378.7775280081508,371.43515369148867,378.7080657914906,13026300
2021-09-14,373.59820556640625,375.64216326926356,372.1892488559139,374.46142659975425,8711600
2021-09-15,371.0085144042969,374.62015608259486,364.8071795418745,374.06451890131825,17940300
2021-09-16,370.15521240234375,370.65131921468594,366.8312907036599,369.8873256244635,11934200
2021-09-17,361.88018798828125,368.5181001758093,358.77455421002566,368.5181001758093,26299000
2021-09-20,352.93035888671875,358.2188435908357,347.07627493272804,356.5023033115867,19822800
2021-09-21,354.6965637207031,357.236628365608,352.4243858735174,355.7086107920459,11751900
2021-09-22,340.53765869140625,347.11604042887694,338.0372910447487,344.5263771819773,43692900
2021-09-23,343.26617431640625,346.9473082065627,340.3292308319286,342.670840159835,21806300
2021-09-24,350.2116394042969,351.59083058916303,339.70410294530933,340.5673237738455,18801900
2021-09-27,350.826904296875,352.3846870622932,344.3775152914721,347.0862695745265,15205800
2021-09-28,337.99755859375,346.87788247328035,336.2810484357312,345.26056945182785,21710300
2021-09-29,336.9656677246094,342.5419339486069,336.2413711294323,340.4781125717642,14452200
2021-09-30,336.7474670410156,340.1308895624126,335.5171012987263,337.7992112807389,16547100
2021-10-01,340.3392639160156,342.33359305595576,336.00329447151915,338.9501403773992,14905300
2021-10-04,323.68988037109375,333.32426674467087,320.1873672849246,332.9174555014666,42885000
2021-10-05,330.367431640625,332.57014704290987,323.6203912754051,326.02153122963404,35377900
2021-10-06,331.0422058105469,331.7764342864804,323.26322346461006,327.1725480115366,26443000
2021-10-07,326.6565856933594,336.201676355274,326.4184641021134,334.3760068358188,28307500
2021-10-08,327.4800720214844,330.8039934898283,326.1505094901377,328.92872561470415,15946100
2021-10-11,322.91595458984375,327.8869245412267,322.7770301401252,325.07897314720964,14708200
2021-10-12,321.24896240234375,321.85422839876105,314.89880189213005,320.5147340827116,31658700
2021-10-13,322.0130310058594,324.45386814100897,320.1476644726713,324.42410294228614,14761500
2021-10-14,325.971923828125,327.9464191482135,324.5530656863524,325.8032341975856,14302200
2021-10-15,322.2312927246094,326.5077308425533,319.9988121641068,326.1207530110209,21596400
2021-10-18,332.72894287109375,333.27467858119854,324.9499909950665,326.3887129908453,21585000
2021-10-19,337.34271240234375,339.79348135249637,334.6538218634987,337.00536339171015,18786300
2021-10-20,338.1265563964844,341.3016520941956,336.8069256043469,340.77578008650755,13639500
2021-10-21,339.218017578125,339.6446621931022,335.1697688091569,337.63046963499943,16354400
2021-10-22,322.08245849609375,327.06339039987455,318.60971071997267,323.80893083802226,35224500
2021-10-25,326.1306457519531,326.9938666204369,317.23048977283963,317.8059602585115,38409000
2021-10-26,313.3509826660156,327.6388528181023,307.1893445296699,325.7040544162325,65654000
2021-10-27,309.7889404296875,316.7642010297312,309.63018261546694,311.74360248983976,29971800
2021-10-28,314.4523620605469,322.98537519345757,305.7109319804182,310.5529394184158,50806800
2021-10-29,321.0505676269531,323.46163945137965,317.1114783524973,317.6968807534924,37059400
2021-11-01,327.4106750488281,330.8536576667593,323.46165377375024,323.50135079861377,31518900
2021-11-02,325.525390625,332.18316498841773,321.2787180709634,328.79971333158727,28353000
2021-11-03,329.0378723144531,329.56374431625284,320.6834506798263,324.94002526271333,20786500
2021-11-04,333.23492431640625,334.64385059003166,330.0598288683122,331.40925503173617,22495300
2021-11-05,338.4738464355469,344.0897793143083,336.99545779027494,337.6602239773612,26872800
2021-11-08,335.9833679199219,342.10533921947234,335.70554932019894,341.7382250284052,18342500
2021-11-09,332.7586669921875,338.6524181419945,331.8656808167528,337.3526207608711,17556700
2021-11-10,325.0888977050781,330.59567139945983,322.97547776703135,329.90110972631356,21872600
2021-11-11,325.18804931640625,329.8712983414455,324.45382100127904,327.25187039453397,12376600
2021-11-12,338.2357177734375,339.19813592267263,327.2122086341378,327.60908802886553,25414300
2021-11-15,344.8537902832031,350.89636806742686,340.5277530964521,341.6588609660316,25076600
2021-11-16,340.2895202636719,343.9507903588526,338.2157977628163,341.1527411303491,18181100
2021-11-17,338.1166076660156,344.59576107300916,337.4518415302655,341.55958996835096,13602800
2021-11-18,336.05279541015625,339.7934294341239,332.6891770840266,337.07477411208635,17487200
2021-11-19,342.611328125,349.35839846097593,337.2533809887532,339.5354903311976,26488500
2021-11-22,338.35479736328125,351.0749537528082,337.8586905223181,346.3321735643987,27116800
2021-11-23,334.62408447265625,338.7417654457569,330.90328294034356,336.29099629194184,17225000
2021-11-24,338.4043884277344,339.1187834740705,330.2186257334472,333.3837897309682,13566200
2021-11-26,330.52618408203125,335.12013781830825,329.31568229899483,333.18530921855194,14750700
2021-11-29,335.3979797363281,338.01743831325274,332.6991573903865,334.26687191807986,16650900
2021-11-30,321.9336242675781,333.1952549665662,320.9116454450948,332.3915643527665,25390000
2021-12-01,308.18157958984375,327.92662605582126,307.8739957669234,327.71826965834975,30329600
2021-12-02,307.97320556640625,312.1504165030923,304.80804163947613,308.975320750198,24396200
2021-12-03,304.4508056640625,311.30700500958125,297.167961754166,311.2871716391293,27471000
2021-12-06,315.3949279785156,317.6075751777738,303.9547065343744,305.7307773330619,21758300
2021-12-07,320.2964782714844,323.9974459982289,318.5005740303453,319.06614306450473,18794000
2021-12-08,327.98614501953125,330.15909535727707,320.55447439589165,322.46943949245696,19937700
2021-12-09,327.25189208984375,333.5127573929671,325.4460560967517,326.9740734970569,16879200
2021-12-10,327.18243408203125,332.4213206705392,323.8287472745476,329.97055187122083,14528000
2021-12-13,331.8855285644531,338.43414460124114,327.0236878165198,328.37311410359496,22948700
2021-12-14,331.1413269042969,333.0860871840918,325.09875026625247,325.4956296139819,20461000
2021-12-15,338.99969482421875,339.44617276651826,321.4573660255817,329.9010829872585,24681300
2021-12-16,332.2923278808594,341.7778874543909,331.14135647370017,336.34057631706844,22635000
2021-12-17,331.1910400390625,334.4851667155621,328.1747017247153,330.20872782447896,40012600
2021-12-20,322.91595458984375,327.3312873022695,320.0186773181742,327.21222650534423,17901800
2021-12-21,331.5978088378906,333.3837812684171,321.2291642430061,323.86845614497594,16116800
2021-12-22,327.87701416015625,331.90539917403015,325.7040638349438,331.2009056779404,16764600
2021-12-23,332.62969970703125,334.0485882622083,325.80326484001887,327.52973720926553,13987700
2021-12-27,343.4844970703125,345.1613404781223,335.3781289082556,336.2115846993633,17795000
2021-12-28,343.524169921875,349.963626048627,342.51212302101527,343.93098110318874,16637600
2021-12-29,340.269775390625,346.96721799730705,338.9799096672479,344.20886506827196,10747000
2021-12-30,341.6786804199219,344.52635905092467,340.54757259642133,341.3214980377505,10593300
2021-12-31,333.7310791015625,340.76587049663726,333.65168504996285,340.3491274256358,12870500
2022-01-03,335.90399169921875,338.42419237470216,334.5644973188107,335.66583985117506,14537900
2022-01-04,333.90966796875,340.41858727642335,329.2859485939772,337.3030520719377,15998000
2022-01-05,321.64593505859375,333.1456884441966,321.3184875740911,330.42700225998425,20564500
2022-01-06,329.871337890625,336.529113208816,320.2071867379019,320.3064141577774,27962800
2022-01-07,329.20654296875,334.37596709741774,326.3191978982015,330.1491276753842,14722000
2022-01-10,325.5155944824219,325.78348131244917,312.9739972906785,322.7770746556252,24942400
2022-01-11,331.7664489746094,332.02443419427567,322.74723119115595,324.23555155700546,16226800
2022-01-12,330.66510009765625,333.75086972930177,327.46023940386385,332.57013317263903,14104900
2022-01-13,323.93792724609375,333.0166761967169,323.22353219830933,332.37174337245716,14797100
2022-01-14,329.3157043457031,330.1392586318961,318.70893800587925,319.2844388795973,16868500
2022-01-18,315.6727294921875,321.68554108023267,315.1667211806874,320.77272158657684,22645600
2022-01-19,317.1015625,324.5530968357373,316.84357725675176,317.09163067373413,20814700
2022-01-20,314.0951232910156,325.2674577074556,313.5196527472708,321.3779672147133,16925000
2022-01-21,300.8094177246094,315.83151624705846,300.68042510869054,312.35876856290434,28710700
2022-01-24,306.3062438964844,307.1198662942084,286.7596546601461,295.52088719382215,38878100
2022-01-25,297.81292724609375,303.8456033215666,295.2629308448496,297.614502679901,25108500
2022-01-26,292.3359375,305.11565524775347,288.5853707940254,304.61954838040253,28348800
2022-01-27,292.3458557128906,299.3607834777899,291.96880966646864,295.4316257497335,21629900
2022-01-28,299.3607482910156,299.54927129206766,290.7483417543587,293.31817127191175,21871600
2022-01-31,310.8208923339844,311.346764415902,296.98943008887505,298.33882626890477,21579500
2022-02-01,316.5162048339844,317.1710695810295,309.6897689883822,312.1107731029263,18023800
2022-02-02,320.48504638671875,325.44611521623455,314.4027711569386,325.2675240055626,58458300
2022-02-03,235.90867614746094,246.068947830869,233.91433246422326,242.74502655216304,188119900
2022-02-04,235.24391174316406,240.72093489028182,228.31826526183067,233.14042381897158,89342200
2022-02-07,223.1587677001953,236.44450739450184,222.26576636304068,235.8491731697321,88613800
2022-02-08,218.46554565429688,224.01203023194307,214.46692674435047,219.1303419752834,94729700
2022-02-09,230.1935577392578,231.55288554145955,220.47979314969592,222.45428854589056,86563300
2022-02-10,226.29417419433594,233.1702075147075,224.93483120002207,226.49261389613994,49310400
2022-02-11,217.84048461914062,228.6258408989016,217.0665592731031,226.68111084885035,46156900
2022-02-14,216.00489807128906,219.27920598503405,213.1076361709991,217.60236257569318,38184000
2022-02-15,219.27920532226562,219.42803130608593,213.38545412333406,218.75333332612993,42685500
2022-02-16,214.85391235351562,215.7667621295166,210.7064670415823,210.75608074636148,45817500
2022-02-17,206.0926971435547,215.8064617968669,205.54697662595777,212.35356264731095,38747500
2022-02-18,204.55477905273438,209.10903628047927,203.58239873057371,207.75962504929788,37128400
2022-02-22,200.5065460205078,205.8644939367054,198.5022701102353,200.76451613173913,39852400
2022-02-23,196.90478515625,205.32868403916535,196.5079057737242,202.57033145267047,44481400
2022-02-24,205.9835662841797,206.72772654511968,188.73888765920373,189.5723435178615,49957200
2022-02-25,208.8411102294922,209.67458114367503,201.59794806228433,203.34425365392673,37627600
2022-02-28,209.38685607910156,211.49034428010935,205.21956156352897,206.06293412526344,34239800
2022-03-01,201.9055633544922,210.10124274506424,200.64544776565825,208.2358762173396,27094900
2022-03-02,206.48959350585938,207.52148909123522,200.44701571250437,203.1855200713699,29452100
2022-03-03,201.38958740234375,207.45201285707276,199.85165335697488,207.3924824658934,27263500
2022-03-04,198.50225830078125,204.2868656360038,197.2421427393917,200.7942693856852,32130900
2022-03-07,186.0102996826172,199.3258054429597,185.8217766611403,199.22657801903105,38560600
2022-03-08,188.80833435058594,195.16842766775892,184.66088843878129,186.3873456909563,37508100
2022-03-09,196.95437622070312,197.54971036602572,192.41003665533762,194.2158724601669,31894700
2022-03-10,193.6900177001953,194.75167834752023,189.58225412516933,193.32288838403682,24853000
2022-03-11,186.14920043945312,192.0528685324607,185.2165172013014,191.14003380617865,34694500
2022-03-14,185.1768341064453,190.79275173053884,184.3731434907347,185.57371350137103,31010500
2022-03-15,190.5347900390625,190.7828434568231,184.4624472170767,189.3143714628746,31721700
2022-03-16,202.04446411132812,202.14367638925566,193.00539743531633,193.18398861957286,40640300
2022-03-17,206.22171020507812,206.42014993481737,199.5441156464751,200.12951814819922,29499700
2022-03-18,214.80433654785156,215.11192035410394,204.39601000543493,205.09055652600136,52128000
2022-03-21,209.84327697753906,213.0382062435741,206.01333156086238,212.8298347088417,30142300
2022-03-22,214.96307373046875,217.75120670745483,208.54345042733235,209.72418705211007,31998800
2022-03-23,211.7979278564453,215.1119177429049,210.50804711106318,211.66893523991357,23717300
2022-03-24,217.86033630371094,218.95176212403834,213.11754160891385,213.32591311587282,31502300
2022-03-25,220.0928192138672,223.7441578485975,217.1856256093876,218.79300673228764,40039000
2022-03-28,221.8490447998047,222.29553791114895,217.830576517749,220.4004213594452,26224100
2022-03-29,228.0702362060547,229.09221508129363,223.53581243884693,224.3097530350269,31417900
2022-03-30,226.07589721679688,229.3501903092489,224.9447742063183,227.12764131461282,25588000
2022-03-31,220.62860107421875,226.7108748561972,220.52937366525595,226.6711778366213,24192300
2022-04-01,223.0992431640625,225.51031504373782,220.9659747526021,222.80157604386122,19544800
2022-04-04,232.06886291503906,232.52528788104456,224.1013880730897,224.22044887292608,28054800
2022-04-05,230.03480529785156,235.01572198026443,229.2211979906724,232.2573692886443,29727200
2022-04-06,221.5613250732422,227.20702352088503,219.686041761844,225.14321718167764,28995100
2022-04-07,221.2140350341797,223.76403143713907,216.85821762186922,222.18640019306102,21037200
2022-04-08,220.59886169433594,223.37706293065762,218.31676728092958,220.6484754046232,18375700
2022-04-11,214.77456665039062,218.8922471136339,213.54421631232353,216.7192968654244,20516600
2022-04-12,212.47262573242188,220.30119065314656,211.4704954183544,218.5251349202986,20128800
2022-04-13,213.31600952148438,214.92339072532232,209.68450407431595,210.17069419373846,19231800
2022-04-14,208.54344177246094,213.3160017822713,208.36485059628197,213.21677436885344,18379500
2022-04-18,209.12887573242188,211.71855397049873,206.6781068000665,208.36486698096425,16580800
2022-04-19,215.61795043945312,216.7292249062666,207.37265725519583,208.88082627442776,20089900
2022-04-20,198.8594512939453,212.4924718413418,197.37113086850815,211.9467513240192,43036500
2022-04-21,186.60562133789062,201.38959810560033,184.13500399279943,200.03027030150272,49954100
2022-04-22,182.6764373779297,191.21939665285564,181.84298162915087,188.88768875332022,36426800
2022-04-25,185.53402709960938,185.72253496662242,180.24552677813085,181.307187460691,29281100
2022-04-26,179.54104614257812,185.73246439664177,178.10233946459232,185.17682720845232,31747400
2022-04-27,173.5877685546875,179.79903546123612,167.68410058572994,173.07181323676826,71062900
2022-04-28,204.1281280517578,206.90632954577563,191.39802397815313,201.34000987075416,100890600
2022-04-29,198.9090576171875,210.82553726399675,198.3434886093317,202.867995252245,49193400
2022-05-02,209.48606872558594,210.23022894872142,199.42502311439333,199.60361430075616,49915300
2022-05-03,210.37905883789062,213.2267071664261,206.4697346374748,208.8113594552885,41556300
2022-05-04,221.67042541503906,222.55349483936473,205.3485160921783,209.0097712514768,41375900
2022-05-05,206.65826416015625,218.45568421552025,204.55477600232203,217.03682591961714,41129200
2022-05-06,202.18338012695312,207.74969932081515,199.454792583687,205.7255749921496,34747200
2022-05-09,194.68223571777344,200.99271477399856,194.0571363094751,198.28396076469102,36303200
2022-05-10,196.1110076904297,201.37967450866105,192.67795718797927,197.95652555162374,34452500
2022-05-11,187.27041625976562,199.107518248461,186.80407461686013,194.80131449139864,31153400
2022-05-12,189.75096130371094,196.50793445839577,183.3412538744328,185.60349999300624,38262200
2022-05-13,197.07347106933594,198.33358664883283,189.7906264841729,191.08050726208492,24549800
2022-05-16,198.48240661621094,203.7709070471389,194.4044080173516,195.5156975710409,27112600
2022-05-17,201.04234313964844,203.86024166743212,196.81551805794317,200.54623626968387,24872700
2022-05-18,190.74314880371094,199.43493452984333,190.1378978992899,198.44272092521723,23960000
2022-05-19,189.800537109375,193.76939159776364,188.12370880561264,189.71124151698106,24446900
2022-05-20,192.03302001953125,196.36900389432037,186.4071705328154,193.45189338862062,31465600
2022-05-23,194.70208740234375,195.45617949343676,189.75095079783037,193.67019183029456,25059200
2022-05-24,179.8684844970703,182.24979113801103,174.73874187922655,179.14417279094744,50406300
2022-05-25,182.3986053466797,184.00598633509415,177.9237280145015,178.9953052467937,28030200
2022-05-26,190.13787841796875,191.32853159353138,180.84082760000297,181.4560102670253,23056500
2022-05-27,193.61062622070312,193.80906589385668,188.32212641828812,189.86997706485317,22562700
2022-05-31,192.13226318359375,196.0614361569242,190.51494998321056,193.37253032745087,26131100
2022-06-01,187.1711883544922,197.97639474515785,183.55953115785042,194.979905186522,36623500
2022-06-02,197.31158447265625,199.37539044535956,186.2682429666932,186.98263792416654,31951600
2022-06-03,189.29452514648438,195.07913273257265,188.3023114639302,194.45403326777017,19465000
2022-06-06,192.73751831054688,195.3867271701413,186.9330618961677,192.47954818945584,30574200
2022-06-07,194.12657165527344,194.9997244090153,189.99897486480518,190.43553610169909,18828700
2022-06-08,195.10888671875,200.45691755476113,192.8962545730106,193.15422466525632,22267200
2022-06-09,182.5673065185547,197.8970039563833,182.24979089220236,192.76726134545828,23501600
2022-06-10,174.20294189453125,181.67430878576448,173.65722140885484,181.61476325461828,27450800
2022-06-13,162.9810028076172,171.23622734441977,162.75279791555977,169.2617168018966,31749300
2022-06-14,162.45513916015625,165.45162866818345,160.10359761848122,164.73723361805804,27244300
2022-06-15,168.03140258789062,170.81952076930034,162.70320451959344,165.89813396718225,30008300
2022-06-16,159.61740112304688,163.79462714887313,158.36721740504552,162.4452160123095,26944100
2022-06-17,162.46505737304688,164.60822720386258,158.65494571164365,160.42108467647037,31374200
2022-06-21,155.82716369628906,166.45376388238589,154.75557108979552,164.63801100527013,50724900
2022-06-22,154.63648986816406,159.5380121523933,154.22967867369047,157.1467889716582,47267800
2022-06-23,157.513916015625,158.5061296598179,153.04895461675687,155.05323041722062,40499200
2022-06-24,168.8350830078125,168.92437860519823,160.04406921900008,160.4707138331624,68736000
2022-06-27,168.1702880859375,170.41268536583237,166.70180106089464,169.9860407861088,29174600
2022-06-28,159.42886352539062,169.9661815615334,159.35941645073356,168.57707352864495,27744500
2022-06-29,162.6634979248047,165.03488779285908,159.07168958356175,162.29638374229557,28595200
2022-06-30,159.99444580078125,163.9434517587167,157.25594166723448,160.8874320004222,35250600
2022-07-01,158.78395080566406,159.36935323149515,153.7931173068404,159.0617694192781,31423900
2022-07-05,166.8804168701172,166.93994726695396,155.7973921729659,156.9086666205292,28618600
2022-07-06,168.44813537597656,170.25395655819605,164.17169646480727,166.89035249539867,23085900
2022-07-07,170.84922790527344,171.37509979649676,166.47356317417385,168.13055773670436,24083400
2022-07-08,169.54946899414062,171.05762280254982,166.84071489855444,168.65646764813104,19249200
2022-07-11,161.6117706298828,166.18587634519014,160.64932213963525,165.76914841229626,21885600
2022-07-12,161.9987335205078,164.61817705836836,160.83784531918116,163.51681925608725,16639700
2022-07-13,162.21701049804688,163.6953991051211,158.3672168002053,158.91293732025682,16555100
2022-07-14,156.8193817138672,161.32402534796637,156.0553729091042,159.96469739428068,23765200
2022-07-15,163.41757202148438,163.695390610006,158.57558009298083,159.28995993490958,23342800
2022-07-18,165.92788696289062,170.35316657049168,164.35027086909628,165.4516286428729,23574300
2022-07-19,174.41131591796875,175.11579427805594,168.19013203148896,169.0434363845627,25933700
2022-07-20,181.66436767578125,182.17040625480746,175.32412396073522,176.10798111100158,24784300
2022-07-21,181.74375915527344,182.41847226069277,177.47723774446465,179.2235433302716,27195800
2022-07-22,167.95199584960938,174.23270958756183,167.09869157067797,171.72241045744528,42583900
2022-07-25,165.35238647460938,169.24187701783146,163.5267171273681,167.6840944354724,26166300
2022-07-26,157.91078186035156,164.70745079555678,156.7201286175358,164.6479204044126,28468400
2022-07-27,168.25958251953125,169.53953138988183,160.75845019660002,161.32400407048306,43846600
2022-07-28,159.46856689453125,160.25240895674543,153.64427805738555,159.80591587624482,73214300
2022-07-29,157.86119079589844,158.8930862847135,153.96178345090468,156.4621659776194,42065400
2022-08-01,158.68472290039062,163.90377642591454,154.02132174038147,156.02559756676067,40596700
2022-08-02,158.94271850585938,160.97675966339588,156.7796847197048,157.07735186421888,27374500
2022-08-03,167.4856719970703,168.2199004297414,160.31197133907014,161.42324581445072,31721900
2022-08-04,169.24188232421875,170.80956650112654,165.50123278418064,166.98955319565712,23938200
2022-08-05,165.80882263183594,170.27378402922727,164.50902518076973,165.68976183936536,25832700
2022-08-08,168.92437744140625,176.12784324049753,165.82867563352886,166.69189668226872,27299100
2022-08-09,167.21775817871094,168.20997178691073,165.30279318207488,167.63448607735745,18655100
2022-08-10,176.9513702392578,179.07470674304471,172.59555312980802,174.6196773573301,30262100
2022-08-11,176.10801696777344,181.67433649056517,174.99672731657017,178.3107326167913,24079100
2022-08-12,179.09454345703125,180.0470751142929,177.5169275665444,179.4021272311539,21274000
2022-08-15,179.4815216064453,180.02724212693158,176.81246453895838,177.56655658180426,15878700
2022-08-16,178.07257080078125,179.58073966791372,175.66148395043294,178.0428056048491,21156700
2022-08-17,173.48854064941406,176.75291648031703,172.81382758060934,175.38365697301987,20118100
2022-08-18,173.30003356933594,174.3914594614701,170.52183242030472,172.9825179454566,18844500
2022-08-19,166.65220642089844,170.9782584134384,165.74928839232285,168.87475524203418,26240800
2022-08-22,161.7804412841797,164.20144505183907,160.99658400957932,164.20144505183907,19499700
2022-08-23,159.85552978515625,163.76485369577472,159.44871858552835,161.2148575390599,18111800
2022-08-24,161.98878479003906,164.17166679378263,158.52596906042174,159.3495081545654,20891500
2022-08-25,167.46580505371094,167.56503246665474,162.74287391315033,163.89383014741966,15550500
2022-08-26,160.5203399658203,169.5891730748827,160.4111958472438,167.16816909189782,24023600
2022-08-29,157.9306640625,161.78045833753615,157.77190622559567,159.40906803120774,20052700
2022-08-30,155.93629455566406,160.40125579993304,154.6960275433671,159.10145839344236,19567900
2022-08-31,161.661376953125,166.5331500369243,160.87753476223943,165.7691563599794,40953000
2022-09-01,164.0724639892578,166.05689146124206,159.10147862233006,162.30632475039022,30145700
2022-09-02,159.07171630859375,166.62244844215843,157.98027512320076,166.14619007943259,22634200
2022-09-06,157.30552673339844,160.43100844381465,156.46215431501463,158.8533925612111,19339800
2022-09-07,159.14112854003906,159.70669752312688,155.58900226198247,156.53160209381846,16831200
2022-09-08,160.7981414794922,160.96681598296698,156.51178639006864,157.47423484046743,22530800
2022-09-09,167.8329315185547,168.21989423340526,161.75067218718405,161.97887708569115,22086800
2022-09-12,167.6444091796875,170.0554808549639,165.97748253186137,166.08662662868318,23220400
2022-09-13,151.93768310546875,160.3714992434936,151.48125815876136,160.2821885074128,44444100
2022-09-14,150.29058837890625,152.34446256485677,147.88943339273362,152.13610619670536,43064200
2022-09-15,148.38555908203125,152.99934664457024,147.54217139684576,148.63361250238236,34606300
2022-09-16,145.1509246826172,147.42310236449293,143.16649743066273,146.89723035392328,40122800
2022-09-19,146.86746215820312,147.4230993550111,143.9702002462915,144.10910954549348,22169500
2022-09-20,144.95245361328125,147.6810404941691,144.0892327903015,144.64486987819538,23217400
2022-09-21,141.0133819580078,148.4351500589386,140.89432117926867,145.25013796787374,38338600
2022-09-22,141.7079620361328,143.4542526254641,139.77313328922853,140.44784645009264,34418500
2022-09-23,139.31671142578125,141.509494943838,137.80854255554897,140.3188416841715,31710700
2022-09-26,135.3081512451172,141.1324548324313,135.12956008086076,139.0289519002258,30497000
2022-09-27,133.353515625,138.3344326531718,133.07569699936298,136.84611209869647,30826500
2022-09-28,140.50738525390625,140.9241131987942,133.2245401951875,133.57180591260422,32658500
2022-09-29,135.34788513183594,138.75117112422268,134.1472997984984,138.27491274983208,38985400
2022-09-30,134.62351989746094,139.8921862798723,134.44492873533332,134.99064918623955,33166400
2022-10-03,137.53074645996094,138.53287688225336,135.04029543467058,136.07219105782457,27723100
2022-10-04,139.18772888183594,141.28130027797047,138.25504563332407,139.3961004088353,34670700
2022-10-05,137.8978729248047,139.11830682826593,133.7305778948876,137.1636443851414,27979300
2022-10-06,137.98715209960938,140.3486101635324,135.5363833056393,136.64765768866192,36231100
2022-10-07,132.4109344482422,137.21324581940485,131.4088039162377,135.69515984934716,33214800
2022-10-10,132.74827575683594,135.05021900736446,130.8432271046645,132.51015413780254,24024000
2022-10-11,127.53912353515625,131.6270536717178,126.00119706886443,130.59514309744893,38481400
2022-10-12,126.5072250366211,128.66032657927067,125.26695812449736,127.32084739816321,34605200
2022-10-13,129.27549743652344,130.11888501437636,121.57592569909303,122.56813925422476,34325700
2022-10-14,125.77300262451172,130.76382843262456,125.53486590146892,129.9799863217405,23559400
2022-10-17,132.99632263183594,133.7404829345073,129.16637700182142,129.2854529454353,29612200
2022-10-18,131.76596069335938,136.76671025641883,130.37685265808165,136.02255010394123,25445000
2022-10-19,132.19259643554688,135.93324545852587,131.19046628073306,131.85524748917106,30691000
2022-10-20,130.505859375,135.70506431958893,130.28757116213697,131.89495242051143,26356300
2022-10-21,128.9976806640625,129.106824762259,124.46327252621275,125.32649348650858,46348600
2022-10-24,128.70994567871094,132.44066325636285,123.60004427257866,126.25917694643074,63563400
2022-10-25,136.4392852783203,137.27275620010687,129.57316905393745,129.86091947335717,38433200
2022-10-26,128.80918884277344,134.49456906227655,127.52922470090857,130.65469177666142,82791500
2022-10-27,97.17741394042969,101.70190607104732,95.6295553931211,97.21710339753913,232316600
2022-10-28,98.4275894165039,100.06474342579838,96.75075352345948,98.80463544203202,95928300
2022-10-31,92.43461608886719,98.54664749730443,91.87897136447218,97.45521412829655,121361400
2022-11-01,94.45874786376953,96.73091830517409,92.82160119947383,93.59552672877514,110189600
2022-11-02,89.83502960205078,94.45874152287298,89.7754992022516,93.47645207623735,71821100
2022-11-03,88.21771240234375,89.75563889838399,87.72160561588133,89.37860046586853,60664000
2022-11-04,90.08307647705078,90.67840314172008,87.40409513105502,89.64650005696497,55638100
2022-11-07,95.9668960571289,96.12564628921443,92.37508027008157,94.04199934191713,81987300
2022-11-08,95.7188491821289,97.03849511420917,94.05192999686678,95.17312866285086,52088300
2022-11-09,100.67992401123047,104.0832172597688,99.95560468906787,100.92797743293154,107677300
2022-11-10,110.99894714355469,111.87209245704757,103.79547370477209,106.28593216199393,80671000
2022-11-11,112.13997650146484,114.00534289363566,107.9627582000439,108.37949366062841,59961700
2022-11-14,113.33064270019531,115.3646761117339,109.93727388231957,110.12578932554203,53395000
2022-11-15,116.16837310791016,117.81544379009492,113.51916454422182,115.16623522640658,50670500
2022-11-16,112.34834289550781,115.1761499813461,111.78278147834015,113.6084507653415,33287800
2022-11-17,110.58220672607422,111.45535957072005,108.94506028234187,109.55031120602072,35093800
2022-11-18,111.17754364013672,113.42986531772654,109.75867780342048,112.91391754527949,33357700
2022-11-21,109.00459289550781,111.4950512926187,108.33981156253067,110.65166362870413,24351100
2022-11-22,110.57228088378906,110.75087962631447,107.47657187001144,109.00458165162027,29029000
2022-11-23,111.36605072021484,111.79270286479202,109.86781365645757,110.85010298653472,21343100
2022-11-25,110.54252624511719,111.85224795871838,110.15555595769946,110.43338213815132,12007600
2022-11-28,107.93299865722656,111.1676172464969,107.53611168682706,109.91742593923475,23309400
2022-11-29,108.60771179199219,110.07619141363898,107.69487699555789,108.68709070559252,23899200
2022-11-30,117.18043518066406,117.23997314960913,108.52833059963122,108.65732322402079,43348600
2022-12-01,119.50222778320312,120.2563047910816,117.478110802602,118.27187726931464,36551400
2022-12-02,122.52845764160156,123.07417815982849,116.69424428941612,116.91253249670689,39950500
2022-12-05,121.47669982910156,123.6992559627019,120.40510742594151,120.80199434229579,35474900
2022-12-06,113.23140716552734,119.6113402632036,112.85436119133314,118.97632422981026,43689200
2022-12-07,113.04289245605469,114.97770589166707,112.00106517842416,112.87421796576824,29461100
2022-12-08,114.43199920654297,116.42634314272308,113.69775567353206,115.48374322681642,30619400
2022-12-09,114.99755859375,116.62478830403349,112.9833661822399,114.40223194340052,26033400
2022-12-12,113.81681823730469,114.81895606727694,112.25904322793656,114.28315982857858,24747100
2022-12-13,119.21446228027344,122.33993654844322,117.71621766581951,121.17904091513068,44701100
2022-12-14,120.64324951171875,123.17339725161956,118.46038259218837,118.46038259218837,36922000
2022-12-15,115.24562072753906,117.70630642075625,113.122284052751,117.40864685802285,34531000
2022-12-16,118.50008392333984,122.3498704005859,117.89483295343913,119.29385792091155,67064000
2022-12-19,113.58861541748047,116.8827642422822,113.43978186458503,115.9203158462125,29769900
2022-12-20,116.17829132080078,116.41642804447906,111.58434489885498,112.37811883780395,28742500
2022-12-21,118.82749938964844,119.40297750767131,114.71973581106239,115.79132071461487,20392800
2022-12-22,116.20805358886719,117.69637391242856,113.48938301410328,116.2874249195991,23618100
2022-12-23,117.12089538574219,117.25980468548725,114.64036136173881,115.12654391084652,17796600
2022-12-27,115.96993255615234,117.67654130229182,115.14640095236707,117.01175995140878,21392300
2022-12-28,114.71973419189453,117.23003328004548,114.61059009501939,115.34482600764325,19612500
2022-12-29,119.32362365722656,120.08762488808055,114.86857862007219,115.49367810621536,22366200
2022-12-30,119.40299224853516,119.48237116081691,116.82323815929612,117.23997366378045,19583800
2023-01-03,123.76871490478516,125.38602782036301,121.32787050390064,121.86366672409312,35528500
2023-01-04,126.37825775146484,128.04517701826012,124.87008873532221,126.38817443776281,32397100
2023-01-05,125.95159912109375,127.51929845470177,123.57028492333293,125.14790094273111,25447100
2023-01-06,129.0076141357422,129.3151979236821,125.05860074966127,127.96578684693003,27584500
2023-01-09,128.4618682861328,131.91476662993804,128.27334532041223,130.1387113307319,26649100
2023-01-10,131.9544677734375,132.40096078307965,126.15993748193009,126.2789982471746,28684400
2023-01-11,131.85525512695312,132.80778677539865,129.32510760262235,129.94029028515095,25423000
2023-01-12,135.64553833007812,136.6079716671771,130.7340685210791,132.40099536982513,30757700
2023-01-13,135.91342163085938,136.3202328612328,133.79008502400478,133.91907764338632,22423800
2023-01-17,134.3060302734375,135.68520653868867,133.20467259831045,135.11963753309317,21147600
2023-01-18,131.98428344726562,136.18134356719094,131.76599520084105,134.7525532778595,20215500
2023-01-19,135.08990478515625,136.37978577197362,131.11113283949365,131.4584137305534,28625200
2023-01-20,138.2847900390625,138.85035899875172,133.56185925032688,134.83189131351588,28688600
2023-01-23,142.15443420410156,142.6406091357408,137.5803293049433,138.20541352276183,27470100
2023-01-24,142.02545166015625,143.87096953007216,140.25931269367496,140.58674499285107,21970200
2023-01-25,140.39822387695312,142.05521876598272,139.21748727495543,140.12040528118638,26622000
2023-01-26,146.153076171875,146.36143256354927,142.18422150401676,143.27564745369034,25482100
2023-01-27,150.55848693847656,151.99719353324195,146.24235201420336,147.0857395731919,35771900
2023-01-30,145.9149169921875,149.94330143789412,145.8057729000142,148.24662480680917,28040100
2023-01-31,147.81004333496094,148.7129612354051,146.37133681687672,146.79798134611173,29842100
2023-02-01,151.927734375,152.38415927092325,145.91492266683247,146.87737102434204,55661000
2023-02-02,187.30015563964844,195.6248266993024,178.757196388301,181.95212522311238,150475700
2023-02-03,185.07760620117188,195.23787916833177,181.46594921292,182.04143493203435,76809700
2023-02-06,184.6112518310547,189.21512212589636,184.0754631723348,185.07759341363374,42483800
2023-02-07,190.12799072265625,192.27117602009497,182.96420635731428,184.13502643535176,47080700
2023-02-08,182.00173950195312,189.34412947288163,181.49571599932648,188.52059034038672,36139100
2023-02-09,176.53465270996094,185.19667372941453,175.88971988644266,184.6807335265915,37118800
2023-02-10,172.7939910888672,177.4970889680082,172.00023232679908,174.97687310448828,33433600
2023-02-13,178.03286743164062,179.59064994977518,174.45099110237942,176.83229753191048,31463200
2023-02-14,178.08248901367188,180.09668136890622,174.51052921137415,175.78056138196592,24034600
2023-02-15,175.78054809570312,176.80252679416841,173.96479556562042,175.04630465196112,25308900
2023-02-16,171.09732055664062,174.4807726641265,170.45237261399396,171.40490435914325,25827500
2023-02-17,171.53390502929688,171.83155701990117,168.37865766907873,168.8946130194248,24171300
2023-02-21,170.7401123046875,176.78268928982402,170.54167261942416,172.95274431832965,34592600
2023-02-22,169.78758239746094,171.41481205762443,168.36872424999137,169.73798383060884,22433200
2023-02-23,170.700439453125,172.33760115330253,168.06116249947036,170.6607575664448,20017800
2023-02-24,169.0632781982422,169.39071050981784,166.35453925336142,167.32690436229686,19791300
2023-02-27,168.21990966796875,171.77203664968215,167.74365131521915,170.5417013100807,19277000
2023-02-28,173.57786560058594,176.16754394080883,170.5317623007158,170.56152750026024,46051100
2023-03-01,172.06968688964844,176.46520116867393,171.70257268922543,173.23057502664264,30998400
2023-03-02,173.1710205078125,173.64727874742002,170.09515260956596,171.03776754417396,17352000
2023-03-03,183.8075714111328,185.16689921321293,175.67142283010665,177.52685743761492,45877700
2023-03-06,183.46029663085938,188.183243263601,183.20232653393649,186.5361649817629,33209400
2023-03-07,183.0733184814453,188.87777386268286,182.5772117015097,187.5283628156589,36701500
2023-03-08,183.52975463867188,183.81748992709475,179.92801435060838,181.44609997913568,19432400
2023-03-09,180.27529907226562,187.45891615214956,178.89612271521787,184.89901827847535,26582800
2023-03-10,178.1122589111328,183.33131216676873,177.40779572946437,179.60057931970218,25665000
2023-03-13,179.49143981933594,182.3490199218457,173.4587942651152,176.57434446133212,24728000
2023-03-14,192.50929260253906,192.8069597193349,185.10737226611835,186.1194344072328,41642600
2023-03-15,196.2102508544922,196.24001605303158,189.35405084464165,191.4476222684607,42123600
2023-03-16,203.33433532714844,204.1578744706101,194.563170324946,196.71627212123454,50447100
2023-03-17,194.08692932128906,200.32794705324463,193.90832297618806,198.9983842818553,50141100
2023-03-20,196.269775390625,197.80770954247785,192.13224637743252,196.9345567047852,25186300
2023-03-21,200.58592224121094,201.9650986580919,196.4086959647701,201.61781781226705,31827000
2023-03-22,198.25421142578125,205.75534436543967,198.1153021172683,200.9232686264753,28477800
2023-03-23,202.6894073486328,206.2613826175449,200.5759873861949,201.26061724106796,27389700
2023-03-24,204.40589904785156,205.96368152042962,201.96506229995975,203.58236002056196,27716400
2023-03-27,201.2606201171875,204.25710968337523,199.79214810341801,203.21528228672267,18527200
2023-03-28,199.11741638183594,199.46469719503838,196.3590638071846,198.5915443892571,19127300
2023-03-29,203.75106811523438,204.1181823011788,200.962935191242,201.9749972989551,18851100
2023-03-30,206.22171020507812,206.46976365224742,201.24080788670472,201.79644518596703,22608300
2023-03-31,210.28976440429688,210.51796930568898,205.1600216261787,205.62636325509658,25440300
2023-04-03,211.41098022460938,211.82770816161158,206.57888921274505,207.21390537484075,17924600
2023-04-04,213.048095703125,214.55626454565197,210.88506228081928,211.7284498584111,21026400
2023-04-05,209.83334350585938,213.51446289742063,208.3053411097266,212.48255219823199,19396600
2023-04-06,214.41738891601562,215.25084479932204,207.0253846600838,207.6207189424339,26104400
2023-04-10,213.07786560058594,213.98078358899562,209.0197157053964,213.0381837191073,16106100
2023-04-11,212.18487548828125,214.3379770928918,211.74829910025377,213.80217329304816,16710100
2023-04-12,212.33372497558594,215.15160815942397,210.92478338366692,213.16718082320352,18972200
2023-04-13,218.63427734375,219.42803612820578,214.0105582384014,214.05024012163284,23310400
2023-04-14,219.7654266357422,220.3805943095043,215.85610207929741,216.18353443016505,21591200
2023-04-17,217.15589904785156,219.25938732513404,215.43937352233297,218.07865055591148,15481900
2023-04-18,216.1934051513672,218.72355267741327,214.5264936904286,218.19768071842833,12281000
2023-04-19,214.02047729492188,215.63779035912322,211.27204129636542,211.80784513578433,15898100
2023-04-20,211.41098022460938,215.06231937166476,211.11331308675648,211.81777633502944,16475400
2023-04-21,211.23236083984375,211.74831617092386,207.9481361196577,208.5732355565436,17717200
2023-04-24,211.1331329345703,212.2543391879995,209.0693418949524,212.01620246497654,15750900
2023-04-25,205.9339141845703,209.61501777744775,205.51718633292248,209.17845655665698,19198200
2023-04-26,207.76953125,212.44286418050763,207.25359105527792,210.84539960612796,41992700
2023-04-27,236.7024688720703,239.80810221766666,234.92641322808916,238.02211474831446,71196500
2023-04-28,238.44879150390625,238.5579204709665,233.91436785871295,237.1489789055397,39554000
2023-05-01,241.2864990234375,242.10012145288675,234.61883747613797,236.76200737278006,29143900
2023-05-02,237.37718200683594,243.01294786638383,237.12912861217322,241.28649078913926,24350100
2023-05-03,235.1843719482422,239.8676210238987,230.93769924844847,237.6053753853161,34463900
2023-05-04,231.70172119140625,236.3452735137011,231.11630366840006,234.22193704205742,17889400
2023-05-05,230.9674835205078,232.85268332838044,228.0603049028967,230.43169483131584,27000500
2023-05-08,231.45367431640625,233.7853672287388,228.47703347004094,229.618073071823,16400500
2023-05-09,231.5529022216797,234.04336825414188,229.2807395505276,229.65778559464076,16865600
2023-05-10,231.26516723632812,234.9065896390676,228.92354233696676,234.3311038856675,19119000
2023-05-11,233.95401000976562,236.35517995682474,230.4911946508622,231.23535476156883,20449000
2023-05-12,231.98944091796875,235.11492259304225,229.64781640285656,234.89663440722848,16161400
2023-05-15,237.0001678466797,238.38926098744537,233.49765465462505,235.07527082306171,20653200
2023-05-16,236.96047973632812,237.77408708598546,233.68617154482772,233.95405833923843,18163800
2023-05-17,240.60186767578125,241.94134687586555,236.28573270445185,236.59331648061985,21193100
2023-05-18,244.92791748046875,245.16603903958458,239.31198523167254,239.42112932625963,22943300
2023-05-19,243.72735595703125,246.753610562604,241.51472379688204,245.5431087203749,21733600
2023-05-22,246.3865203857422,251.5956424615814,243.2114243418181,243.49917480153894,27738500
2023-05-23,244.8188018798828,249.65087751904687,244.72949114484263,244.8882489627154,17748100
2023-05-24,247.26956176757812,247.64659264626343,243.04272207618027,243.37015438607577,17724300
2023-05-25,250.72247314453125,253.62965191246678,247.2298768085311,251.4269363674874,22371400
2023-05-26,259.9996643066406,260.2675510820646,250.7423094564224,250.9605825230714,25727200
2023-05-30,260.4759216308594,266.5581962700264,259.25551819647967,263.18467584953015,23816500
2023-05-31,262.6588134765625,262.93663210305795,256.43764444041886,257.97556357281155,25473700
2023-06-01,270.4873352050781,271.8665266446984,263.81968887583463,263.8295904214734,25609500
2023-06-02,270.4873352050781,273.2060210618952,269.0089466293334,270.5369640530964,19416900
2023-06-05,269.27691650390625,273.42436290204057,267.4611483013033,268.1953768204094,20742900
2023-06-06,269.00897216796875,274.41654891819206,267.59011385118043,268.0366221259544,19419000
2023-06-07,261.5475158691406,272.11458484922684,260.75372680643784,269.5546870369073,26163600
2023-06-08,262.5198974609375,265.56600090360325,256.8642973226566,258.59073953708463,20899400
2023-06-09,262.88702392578125,265.86366493518454,259.6623294989277,260.43625495017426,16949800
2023-06-12,268.9394836425781,269.6340452732035,263.2640206504683,265.0897203172627,15442500
2023-06-13,269.2074279785156,273.57316219648015,266.9947805297934,272.73970632322903,16164000
2023-06-14,271.22161865234375,272.8488333609741,266.23078499484023,269.77299514100963,19175100
2023-06-15,279.6356201171875,281.77880569816705,269.306700433803,270.17982319941916,25973500
2023-06-16,278.8119812011719,285.6086494323509,277.94876033904234,282.5327816620416,43127700
2023-06-20,282.1160888671875,282.5824304857627,274.0692508402336,276.55971674793904,20701600
2023-06-21,279.447021484375,281.78863078326714,276.19253217277145,281.3222892323925,20556200
2023-06-22,282.66180419921875,283.0388501973206,275.62701368291556,276.90694737547614,17563100
2023-06-23,286.48187255859375,287.41455585917544,276.7780237818679,279.31808843197484,51092000
2023-06-26,276.3017578125,287.5336244711032,275.43853671466735,286.45211514209774,24232700
2023-06-27,284.81494140625,287.09705117182915,278.4647795384772,279.8142059678566,26108300
2023-06-28,283.0686340332031,287.29544349247846,281.84820037160534,282.60229241746646,16722100
2023-06-29,279.337890625,284.33865559418587,278.50443484346164,282.2847661968472,15395700
2023-06-30,284.7454833984375,286.7993426355483,282.20541888378625,282.542767890268,19694900
2023-07-03,283.7929382324219,287.1466252255622,282.6320652147703,284.4676665294726,8629300
2023-07-05,292.0779724121094,295.798774174223,284.13033015864676,285.41029444320327,33865500
2023-07-06,289.7164001464844,295.7986735357306,289.0417022570287,293.5860568864933,47600500
2023-07-07,288.267822265625,293.89368682314864,286.4123876380687,289.90496868523604,25586000
2023-07-10,291.8100280761719,295.8086477039445,284.8149039740183,293.24871963934146,37058300
2023-07-11,295.9674377441406,297.8427059212955,289.6271775662314,291.61160499769574,27585900
2023-07-12,306.93133544921875,307.0404946851265,297.76329195096815,299.40043824994797,36677100
2023-07-13,310.96966552734375,313.7776166697492,307.8739639648475,311.17802190329286,30281000
2023-07-14,306.46502685546875,312.4282406131699,304.9667745464392,309.36230405201036,23054100
2023-07-17,308.2013854980469,309.2828946951575,302.3373994520956,305.1453809142804,25323100
2023-07-18,309.6202087402344,311.7534919766378,305.2247102283001,308.4593359088423,20731900
2023-07-19,313.54937744140625,316.19857035741416,308.1021050901538,310.5925705028389,21763700
2023-07-20,300.1644287109375,313.08306835899816,299.86677676142403,311.0589442624439,23836900
2023-07-21,291.96881103515625,303.0815862304324,288.93263955652174,302.1985317891098,42139300
2023-07-24,289.3393859863281,295.2033718464492,286.0551614764398,293.4769299160423,24915700
2023-07-25,292.1771240234375,295.97728858041813,289.58743092349596,292.89151898756404,19585600
2023-07-26,296.2452392578125,299.42030479674065,289.62716083305537,298.844834198046,47256900
2023-07-27,309.2829284667969,322.81673806688707,307.4274936654851,322.5885180117678,64229200
2023-07-28,322.94573974609375,323.6601348517515,311.80316851922714,314.4126955062819,39220300
2023-07-31,316.1192626953125,323.1242883704477,315.11711725806254,321.1696263444991,25799600
2023-08-01,320.197265625,321.6161541887826,312.2099576770772,315.06753789734006,22817900
2023-08-02,311.8626708984375,315.9109195600562,308.23116529432224,315.5239417009489,20461100
2023-08-03,310.75140380859375,313.4899232457008,307.5167775331678,307.5167775331678,15180200
2023-08-04,308.310546875,315.9307401558167,307.7846748712968,312.50759107890946,17612800
2023-08-07,314.0951232910156,314.60116189806973,308.04261449667547,310.79106544719536,16236500
2023-08-08,310.2056884765625,315.41481011229837,307.6953588862012,311.95196390121913,15183500
2023-08-09,302.8334655761719,311.18791634091366,300.49185631457647,310.4437562362614,19955800
2023-08-10,303.359375,309.90799078632176,301.5039404211993,305.54225702209254,14358900
2023-08-11,299.2913513183594,302.34735615356055,298.021288729232,300.21410278081095,14046300
2023-08-14,303.8058166503906,303.82565001717006,295.9276400062034,298.63639342908715,15641900
2023-08-15,299.598876953125,304.8377629959797,297.69381371938107,303.75625391993054,11623600
2023-08-16,291.9985656738281,298.735674605063,291.988633847669,297.8625520218376,18547700
2023-08-17,282.87017822265625,293.7448310552386,282.73128406097686,290.76819018544745,23950100
2023-08-18,281.04449462890625,283.46549817008304,272.2435650787886,276.857352138506,35347900
2023-08-21,287.6427307128906,288.23806495812437,279.65542295254005,281.2429708465109,20181500
2023-08-22,285.3606262207031,290.61934598241027,284.5172386377998,290.27206518004357,12980200
2023-08-23,291.94891357421875,295.08431211507826,285.43009337789294,286.25361732465876,18287000
2023-08-24,284.5172424316406,297.1282684826556,284.40811347284574,296.17575192971134,18360900
2023-08-25,283.27703857421875,286.1445509771802,273.8807727209963,283.90213811008715,23701400
2023-08-28,287.99993896484375,289.180675611169,283.57464435762574,285.7575264634264,14239300
2023-08-29,295.6697082519531,296.8206796120224,285.93609567718016,286.3329750441115,20844500
2023-08-30,292.8022155761719,295.9673791248622,291.14520567590415,294.8561048281346,17717000
2023-08-31,293.5860595703125,298.7554832952353,293.3578395703433,293.4967337112294,17229900
2023-09-01,294.0722961425781,299.39054694781646,292.17716437490265,297.03900536445764,12842300
2023-09-05,297.81292724609375,299.0432927883047,293.20907155898277,294.70729361157686,14956000
2023-09-06,296.8405456542969,300.93836224382807,293.3578663505046,299.36074630859395,15418100
2023-09-07,296.34442138671875,304.65914513819365,289.9446321561456,295.6796250140112,33748700
2023-09-08,295.5705261230469,302.8732037411154,294.4691532729565,296.89015689806655,17548000
2023-09-11,305.1651916503906,306.6336785793563,298.9340918771399,299.06308448116476,19489300
2023-09-12,299.3111267089844,306.2566211780148,297.8922686774997,303.94474677654966,13480400
2023-09-13,302.6846923828125,304.78818046723666,298.97382303689284,300.00570342701496,13210900
2023-09-14,309.2928466796875,310.4338863451406,302.65493479949475,304.3516116982113,19343100
2023-09-15,297.9716491699219,309.5706280070703,296.4237984522829,309.18365018768327,28131100
2023-09-18,300.1942138671875,301.23605631967,295.4811992467907,295.86817708684436,14234200
2023-09-19,302.6946105957031,303.78605161305194,297.47555736362534,300.1247810021013,15924400
2023-09-20,297.3366394042969,305.66129510671567,297.0984875686937,302.67472271647927,19379500
2023-09-21,293.42730712890625,297.9220330401286,290.98644013503247,293.39754193532013,21319600
2023-09-22,296.751220703125,303.00218435179124,295.94753013514656,296.9695088993633,25369600
2023-09-25,298.48760986328125,298.6067009327977,291.41315219064484,293.3380490350795,18987000
2023-09-26,296.63214111328125,297.9617035770003,293.7051294401526,295.34227566816736,19417200
2023-09-27,295.42169189453125,298.9539701789239,284.5569702480841,298.1106127734607,36429800
2023-09-28,301.59326171875,303.9448032957464,294.3898109917405,296.6123599455331,22167100
2023-09-29,297.87237548828125,308.2211842336048,297.0289880446904,304.9865588692221,25373700
2023-10-02,304.4310302734375,304.7882126893277,299.281438484629,300.38278121358445,16265600
2023-10-03,298.59674072265625,304.3813322519074,297.30687525176296,301.89089689380233,17362300
2023-10-04,303.2006530761719,304.51038244443924,296.1757933117586,296.40401336651956,16880500
2023-10-05,302.41680908203125,303.8257355185984,297.1679903566098,302.25805126327083,19130000
2023-10-06,312.9739074707031,313.8470602246019,298.5669778712355,299.0928498325672,21803900
2023-10-09,315.8810729980469,317.83573478984204,309.3920185574278,310.0667164652675,22503700
2023-10-10,319.33404541015625,322.13209523981016,315.6827063546983,316.63522300395726,19038000
2023-10-11,325.2674865722656,326.2795335962298,320.4354109332088,320.4949413299151,22036300
2023-10-12,321.635986328125,327.9663143762472,320.1774310246236,325.44608318054617,20530500
2023-10-13,312.2397155761719,322.5190344437851,309.93777264367094,321.0108805983314,21341000
2023-10-16,318.64935302734375,319.3141493820839,313.0631862904786,316.1589177830573,16536100
2023-10-17,321.4772644042969,321.8741438599148,314.8294199728407,315.7025729431771,16387800
2023-10-18,314.5019836425781,323.4021419109411,313.10295866554907,318.8875816026241,16851000
2023-10-19,310.3743896484375,319.38370771452566,309.3226454655626,317.3893483300357,18709200
2023-10-20,306.24676513671875,312.84498045908896,304.0837464482957,311.6940391657698,22312300
2023-10-23,311.56500244140625,314.88889377974385,304.86756063676694,307.09010941272055,17796800
2023-10-24,310.11639404296875,315.8712519348251,308.2113606083932,314.313469087205,19525500
2023-10-25,297.19775390625,308.4593849099364,296.5131240641257,307.5862320515774,42192500
2023-10-26,286.10479736328125,292.703011741462,277.22447353914265,292.703011741462,66684100
2023-10-27,294.4195556640625,296.9794534570117,290.6888227974808,292.18707503953055,29596300
2023-10-30,300.30340576171875,306.9909164922188,296.7214985151733,296.7611955420491,28435100
2023-10-31,298.9242248535156,301.31546361894567,294.548558592787,300.94834937710914,19434200
2023-11-01,309.42181396484375,310.3048683139882,299.4996780690973,299.4996780690973,20434600
2023-11-02,308.44940185546875,316.3375111890121,305.92917112013004,314.8293273096192,21631800
2023-11-03,312.150390625,313.0929753347785,308.5982491394363,310.11633466819546,16764300
2023-11-06,313.341064453125,315.85136382365476,312.00160022439076,313.5196859262533,12887700
2023-11-07,316.3375549316406,318.50057336518654,312.6663524101526,314.59124926347897,14055600
2023-11-08,317.29010009765625,318.82801924162567,312.4282589574089,315.66288535306535,13609700
2023-11-09,318.0540466308594,321.6557867220615,316.3176728894775,316.93287073587214,16103100
2023-11-10,326.2101135253906,326.5375610295446,316.97260565667915,317.4488791718297,19096200
2023-11-13,326.62677001953125,329.74230471672405,323.1639545354659,323.6600612938685,16908900
2023-11-14,333.6913757324219,335.46744667370785,330.73456810569553,331.93516844363756,17179400
2023-11-15,330.119384765625,335.7650826812692,327.45032770758064,335.29874106904697,14531200
2023-11-16,331.58782958984375,331.97477710647036,323.83864463327063,326.8053532872348,18932600
2023-11-17,332.4313049316406,332.8877147805215,326.7856062436665,327.6885243942522,14494400
2023-11-20,337.3228759765625,339.20807585654825,331.58788228778786,332.28244395513093,16960500
2023-11-21,334.3561706542969,337.2534175899777,333.28456294277595,335.6956348737611,12027900
2023-11-22,338.83099365234375,340.2498820338723,335.94364860399327,336.56874798187744,10702700
2023-11-24,335.59637451171875,339.19808399039766,334.1477210368185,337.48157405801305,5467500
2023-11-27,332.09393310546875,337.25342610918796,331.59782626203656,333.56238998285437,15684500
2023-11-28,336.3504943847656,336.7374722413347,330.80402373364524,330.80402373364524,12637200
2023-11-29,329.6133728027344,337.25339941898335,328.20441615570996,337.04504303961954,16024500
2023-11-30,324.6026611328125,330.9032233148891,319.88964670778785,329.3057740125749,23146400
2023-12-01,322.29083251953125,324.31492648520225,318.2624476796763,322.9456971366447,15276400
2023-12-04,317.5282287597656,318.3616846640582,311.21776393585293,314.8195046408047,19037100
2023-12-05,315.81170654296875,319.3737500866392,312.9342928735929,316.4963364172633,16952100
2023-12-06,314.978271484375,319.7408854394483,314.5714602075518,319.4233697677871,11294300
2023-12-07,324.04705810546875,325.684204601207,315.2957262890319,315.2957262890319,15905100
2023-12-08,330.1590881347656,330.57583118602076,320.48500516162073,320.5743007554703,14087400
2023-12-11,322.7472839355469,327.3214050196853,317.5083966027991,326.8351996970143,25802500
2023-12-12,331.6176452636719,331.86569867463805,322.0328578303436,322.07255485448627,18485500
2023-12-13,332.133544921875,335.7352848543165,330.04992074802453,331.329854390829,16353300
2023-12-14,330.5758361816406,332.0939218599385,326.08110954354635,331.2505341986713,19607300
2023-12-15,332.3122253417969,336.02309488590646,328.6410225440708,329.40501619139945,31776900
2023-12-18,341.9366760253906,344.85378668804714,334.3958459469585,334.85228604462384,18993900
2023-12-19,347.6319580078125,350.8467508068738,342.4327681993937,342.8891779975481,17729400
2023-12-20,346.5603332519531,352.19609871652887,345.08194481295914,345.9352338964191,16369900
2023-12-21,351.3328857421875,353.63482840250197,346.4908788635791,350.2315432565786,15289600
2023-12-22,350.63836669921875,354.4186979641028,348.4852499373512,352.81128655167174,11772800
2023-12-26,352.067138671875,354.2004221377004,350.6979093378439,352.2258964816082,9898600
2023-12-27,355.0438232421875,356.20472662149,352.54345556056035,353.297547679764,13207900
2023-12-28,355.5299987792969,359.08211028758853,355.0239601332717,356.8992584473952,11798800
2023-12-29,351.2038879394531,357.1968660595051,349.08056675900855,356.1947207179197,14987100
2024-01-02,343.5936279296875,350.41012995956766,337.36252824234924,348.5844607184317,19042200
2024-01-03,341.787841796875,345.24075624582997,340.507877692872,342.29388045472786,15451100
2024-01-04,344.4172058105469,345.43918468397345,340.72616973060616,341.81761082843025,12099900
2024-01-05,349.2095947265625,350.7475137214206,343.56389682163444,344.28819338310336,13920700
2024-01-08,355.8673400878906,356.18485571303864,349.3087923232341,351.93818263654276,13890200
2024-01-09,354.64691162109375,357.8319391849978,352.5930221333329,353.62493279017207,13463900
2024-01-10,367.5853576660156,370.03612636295736,356.28403071762176,357.3655701410914,22117200
2024-01-11,366.7916259765625,369.8773958319146,360.10408551905675,369.2324630283158,17205400
2024-01-12,371.5740966796875,374.124093141166,366.6626570609986,367.277824706656,19310000
2024-01-16,364.59881591796875,372.68535103334375,364.37062615979,370.74062077604117,15306900
2024-01-17,365.5017395019531,365.670429146602,355.8177245328264,363.44784996748376,12724800
2024-01-18,373.20135498046875,373.91575007701977,368.0616951280388,368.59746874048204,16354300
2024-01-19,380.46435546875,381.3672432896038,375.02701349065325,376.0489923907014,21670800
2024-01-22,378.8072814941406,387.310558740859,378.19211394834883,384.9292523171683,17680500
2024-01-23,382.2007141113281,385.35594628431977,379.10498205560805,381.62521323149974,15506100
2024-01-24,387.65789794921875,393.0654443520471,384.7903858717887,386.96333625933397,15698500
2024-01-25,390.11859130859375,392.41060262725716,382.65715487917475,387.13204853940346,15091100
2024-01-26,391.07110595703125,393.70046609647795,388.5409429594839,391.2794623469608,13163700
2024-01-29,397.8974914550781,399.79262308602887,390.03917661129907,391.9144445908541,18742400
2024-01-30,396.9449462890625,403.1958794774912,396.45877134417145,400.4474588731736,18614700
2024-01-31,387.10223388671875,394.90101835810526,384.0858960218771,385.97109583241945,20180800
2024-02-01,391.7060852050781,397.38154822868097,389.98954477012256,390.87262941167637,29727100
2024-02-02,471.2915344238281,482.176118971358,449.48269858581074,456.0213826629202,84707600
2024-02-05,455.8328857421875,468.2256247901911,455.6443627225016,466.22136407769085,40832400
2024-02-06,451.1793518066406,463.48279391079984,449.47274327000224,460.387092444329,21655200
2024-02-07,465.93359375,467.8485587840739,452.6280053703203,454.4338414397377,23066000
2024-02-08,466.3404235839844,466.9258260140374,461.4091204468022,464.67351189027835,18815100
2024-02-09,464.4651184082031,469.9024601255168,463.8301174160843,469.26745913339795,18413100
2024-02-12,465.2489013671875,475.4190896825801,462.94695879349047,464.5444382647032,19382000
2024-02-13,456.537353515625,464.2468731870275,451.54651991731083,453.3126590561984,20916600
2024-02-14,469.5948791503906,470.4184031638811,462.4608605223656,464.28653002066994,16858400
2024-02-15,480.26116943359375,484.8154264310746,468.5431287071876,471.5793000388415,24212300
2024-02-16,469.63458251953125,475.23065188428683,465.556568581848,474.3872642070569,23324600
2024-02-20,468.0767822265625,472.4722813616275,462.9271910394476,466.0625897590752,18015500
2024-02-21,464.8784484863281,465.84191805812145,458.68047616341727,463.3587521836112,12921800
2024-02-22,482.8565673828125,486.69056087896115,472.85436813311964,477.00621413077533,21625800
2024-02-23,480.770751953125,491.031180902857,479.1020716150301,484.7636721147276,18374300
2024-02-26,478.4961242675781,482.86652048024735,477.3638163849019,480.2144859744723,12101400
2024-02-27,483.7703857421875,483.9889055616532,476.68842180532044,476.74801536407614,10809600
2024-02-28,480.7607727050781,487.7434340041243,479.4993353400965,481.73418465032995,12715500
2024-02-29,486.8296813964844,488.389116970363,479.36029842457447,485.1510587006431,17732000
2024-03-01,498.917724609375,500.85460630743614,488.538108417028,488.79633708123947,16273600
2024-03-04,494.8353576660156,501.023417843007,493.0772871660998,499.61296631053943,12324100
2024-03-05,486.9190368652344,492.24293001218,484.60473958064495,491.6668488599236,15325300
2024-03-06,492.7495422363281,499.58322016092893,490.96167477767403,494.2791810340301,11757900
2024-03-07,508.74114990234375,516.349544301287,498.0039419088518,499.89114211794896,18586400
2024-03-08,502.54315185546875,520.0445011354961,495.9875874923853,510.72765736734266,18597100
2024-03-11,480.33367919921875,493.9712373423791,472.7947911045604,493.6633271933071,20428300
2024-03-12,496.3848876953125,498.9276472763487,481.46603715056744,489.9385984033987,15448200
2024-03-13,492.2330017089844,497.60657618383044,487.723564090034,492.0542210447472,12090700
2024-03-14,488.5182189941406,497.97413488615047,484.8729481404794,496.8914781058929,12620000
2024-03-15,480.8402404785156,488.51816987456107,478.0590765437651,485.7171818374757,29153600
2024-03-18,493.6335754394531,494.0706151061439,483.532042219563,488.59770722014326,11755300
2024-03-19,492.89849853515625,493.28588697301825,478.039241983051,484.88286188860536,10903100
2024-03-20,502.1159973144531,504.7779741854075,491.835714780714,496.13654476437773,11711100
2024-03-21,504.3409118652344,511.571859086068,502.60269582066724,511.2441248527766,9712500
2024-03-22,506.148681640625,506.5360700886192,500.9439753750218,503.5860676514322,8120600
2024-03-25,499.6328430175781,503.80457393392254,496.871563696633,502.38421028695126,8380600
2024-03-26,492.5508728027344,506.56584667768334,491.87542863664703,501.7286443250279,11205400
2024-03-27,490.5345458984375,496.5239715871602,484.78355507786483,495.9379177172375,9989700
2024-03-28,482.3102722167969,489.5710772928442,481.8831749511718,489.521395786928,15212800
2024-04-01,488.0414123535156,494.08045824129323,478.53584639701245,483.9193631882776,9247000
2024-04-02,494.0209045410156,494.17983080247325,481.38655471994537,481.83353672480007,11081000
2024-04-03,503.3277893066406,503.82442249033096,495.3916007311355,495.57038140236386,12099200
2024-04-04,507.4797058105469,526.4312162585362,507.1419685443488,512.9426409502,26476300
2024-04-05,523.7890625,527.1264226237954,510.94607625503056,513.3795907460255,19263300
2024-04-08,515.7536010742188,527.9111726495528,515.3960397041614,525.7160926076674,13260600
2024-04-09,513.4193725585938,522.3289421324931,503.32775304353936,518.7134382659121,10863800
2024-04-10,516.3297119140625,519.0413099030587,502.3941546225541,505.8606751200009,11418500
2024-04-11,519.6372680664062,520.3325667313413,513.8067986443587,517.6010838952341,10369500
2024-04-12,508.45306396484375,516.6872509060779,505.9003620426098,514.2636784657437,11984500
2024-04-15,496.8616638183594,515.0384571853876,493.93151580388917,513.2405867962719,13512900
2024-04-16,496.39483642578125,501.3710805844467,493.7626561595775,494.75592258091154,9847900
2024-04-17,490.84246826171875,499.77192346212956,483.85980671013607,499.71232990333476,12193700
2024-04-18,498.4210510253906,508.76098785932845,495.67965646364473,496.4544030177161,14808700
2024-04-19,477.8306579589844,499.41431669209027,472.52661920207805,499.41431669209027,25215400
2024-04-22,478.4862060546875,488.69698284246,470.2122804474179,486.4223944308952,17271100
2024-04-23,492.75946044921875,495.4015526749956,485.6774662629057,487.94211241184524,15079200
2024-04-24,490.1769714355469,506.56586713703933,481.317021755362,504.6389278841395,37772700
2024-04-25,438.40789794921875,442.7683213792549,411.70889412672494,418.5624257469969,82890700
2024-04-26,440.3050537109375,443.4338366860677,429.05132886461274,438.48735929530994,32691400
2024-04-29,429.70684814453125,436.79878385003366,425.67418952017607,436.6001184715401,21502600
2024-04-30,427.27337646484375,436.65972478747483,426.82639450620724,428.14742534435584,18429500
2024-05-01,436.232666015625,446.93013406880516,424.23399111108887,425.71397863682915,20344900
2024-05-02,438.70587158203125,440.9705176340693,429.3691740100177,435.88499880227045,15221300
2024-05-03,448.91668701171875,451.11182764572453,440.8613108178751,442.9272916540199,16489100
2024-05-06,462.5442810058594,463.02105978106573,450.28737750238747,452.5122844958483,15094600
2024-05-07,465.0870666503906,468.3549217147275,458.2037375185185,463.150215285953,13406800
2024-05-08,469.4176940917969,472.3776084845462,459.8823308455416,460.37896403219986,11683900
2024-05-09,472.21868896484375,472.87421806387255,464.481135815607,466.83517215291295,9437700
2024-05-10,472.9934387207031,474.2846728255521,466.4378748768234,473.87742999258705,10750000
2024-05-13,464.8586120605469,470.1626509363038,459.73335385977305,469.5666850409423,14668800
2024-05-14,468.6727294921875,469.35808569307136,456.9819652481851,460.24982000044906,10478600
2024-05-15,478.2975158691406,479.25104313597546,468.02714482052664,471.78169064027946,13100500
2024-05-16,470.0434265136719,474.47338576625015,469.5666477728062,471.8014969689751,16608200
2024-05-17,468.7323303222656,469.6163216180006,465.2658404350713,467.65958568158874,10807300
2024-05-20,465.6830749511719,470.0137327718285,463.89520732713885,466.78561655859363,11745100
2024-05-21,461.5013427734375,467.53047671083374,459.1572184570371,463.97456625143184,11742200
2024-05-22,464.6301574707031,470.5301623382244,462.51449517924743,464.71954780965524,10078600
2024-05-23,462.64361572265625,471.1658279710308,458.4321759489414,469.6958131205523,11747900
2024-05-24,474.9998474121094,476.61887645447604,463.16009887613995,464.4712177669983,12024300
2024-05-28,476.68841552734375,477.6220580395815,471.6426053305284,473.37087913585106,10175800
2024-05-29,471.1658020019531,476.618854768797,470.5102728984341,471.4638000883628,9226200
2024-05-30,463.9049987792969,468.55350795507456,461.5807593474485,468.4939144039052,10719600
2024-05-31,463.6865234375,465.9611118987805,451.3998233629331,462.66346029491183,16919800
2024-06-03,474.2747497558594,476.370557560807,465.08703582474993,467.68938886665507,11279400
2024-06-04,473.77813720703125,475.66536764367015,470.0434761018759,473.7880795710405,7088700
2024-06-05,491.7264404296875,493.30573030037567,480.65152660799043,481.18789892832643,15690500
2024-06-06,490.4352722167969,499.43426419883605,487.58460223802143,489.6605255664255,10667300
2024-06-07,489.640625,495.5505725541797,486.86943340489194,492.57077317803936,9380700
2024-06-10,499.2156677246094,499.27526127994463,490.0875476500694,490.53449931508374,11220900
2024-06-11,504.0528869628906,504.18201644117164,494.914824216535,496.792112209235,9673700
2024-06-12,505.4136657714844,510.5488663402382,501.0730965012288,510.5289816127229,11983200
2024-06-13,500.7055969238281,505.9301575612256,497.98402638310364,502.3047412736244,9954600
2024-06-14,501.2623596191406,504.2351649770315,497.87195484771325,499.76102858798566,10243300
2024-06-17,503.7181701660156,507.81448578396373,493.15921302560884,498.78668605391897,11266600
2024-06-18,496.61920166015625,503.0917955375381,492.1748915017007,501.6600694232584,13060400
2024-06-20,498.8165283203125,500.7752071040244,493.9148400723255,499.1147919555252,11801200
2024-06-21,491.936279296875,500.5564623228992,489.56003146184884,500.5564623228992,22359200
2024-06-24,496.0425720214844,504.88146192373665,491.44912982983715,496.33091377345426,13525300
2024-06-25,507.66534423828125,507.77469745154934,492.65212507473245,494.1932043482864,12063200
2024-06-26,510.1708679199219,510.85690461260367,501.7793738995123,503.73805265327996,8882300
2024-06-27,516.5739135742188,519.874839712924,510.94647017647,511.2944343363989,10121200
2024-06-28,501.3220520019531,518.8805567277017,500.9442311555743,514.1777613035174,15855100
2024-07-01,501.7793273925781,503.66840101004647,490.33550213854676,502.04779497746324,10328200
2024-07-02,506.5716552734375,507.5659077862411,496.5794296566328,497.8818980210312,7739500
2024-07-03,507.0290222167969,508.3414428657344,503.1116647399918,503.45965920114367,6005600
2024-07-05,536.8068237304688,537.7613279468876,508.65956910819915,508.65956910819915,21354100
2024-07-08,526.2776489257812,539.6901031053757,523.6230122047318,539.232725188664,14917500
2024-07-09,526.9539184570312,534.3909090570122,525.1543235402414,530.6823659932838,8753200
2024-07-10,531.616943359375,535.7828643236683,525.3233071938398,527.739333812602,10983300
2024-07-11,509.7533264160156,532.3825255793723,505.44819561353233,527.8387838594573,16458300
2024-07-12,496.00274658203125,505.1697559706881,491.3894306970728,494.8991408562319,19750500
2024-07-15,493.308349609375,503.76787552831104,490.5343764947893,495.76415462534726,12539200
2024-07-16,486.9750061035156,501.0536270420419,482.9979955675087,498.61769595186473,14075800
2024-07-17,459.3347473144531,476.41602998115064,456.4812472174527,476.41602998115064,28076600
2024-07-18,473.1150817871094,476.4855821522594,461.87008787870946,472.2699610515285,19267200
2024-07-19,474.0496826171875,483.91265093835443,472.975872869739,473.3238673312673,15149400
2024-07-22,484.5986633300781,489.23188362973013,481.1187795736259,483.78336899644364,12023100
2024-07-23,485.8813171386719,492.3737855582179,484.91689087992546,487.02470158757365,9455500
2024-07-24,458.6188659667969,473.5624806822974,457.93282927520823,469.5954226900346,17649700
2024-07-25,450.8040466308594,460.88575158232453,440.1058796187656,460.59744019284307,18240500
2024-07-26,463.0234375,467.0700224305545,456.7795325266989,461.5320586336811,14222400
2024-07-29,463.0333557128906,471.23593941244997,462.3473190124621,467.1794022788637,11339600
2024-07-30,460.5278015136719,470.0129785219349,454.0751127277994,464.3159009764914,11390400
2024-07-31,472.1009216308594,473.7613367281888,464.06737443417023,468.3128218694942,24285800
2024-08-01,494.8792419433594,524.1400864636705,489.2716734818862,518.0055653777843,43083100
2024-08-02,485.33447265625,498.2696781877349,473.4133634987111,486.18951531730556,24044700
2024-08-05,472.99578857421875,480.7012460328518,448.2090488117456,448.7559059334732,21396200
2024-08-06,491.2502136230469,499.6715335038331,475.8989526100752,476.24694705318433,20955000
2024-08-07,486.1099853515625,507.21794823147314,484.0617971194812,500.2383060346242,20105300
2024-08-08,506.700927734375,507.02901772261134,491.87661869501426,494.6406395475425,16156800
2024-08-09,514.794189453125,515.3609207187151,502.7935532579475,504.7919803564355,13696600
2024-08-12,512.9845581054688,515.042667936588,506.17392282899993,513.8893011239608,9767400
2024-08-13,525.5022583007812,528.4452679044376,515.1720196917782,517.0213150020412,13743800
2024-08-14,523.7324829101562,530.9308616621455,520.1233412991648,525.0249990881922,11444200
2024-08-15,534.2418212890625,536.6678003090075,523.6729102134026,528.7336224826897,13482100
2024-08-16,524.388671875,530.5927981833395,521.6445250806896,528.842964640351,14776700
2024-08-19,526.2380981445312,528.6043637407321,519.7555511220255,523.8419151544666,9879700
2024-08-20,523.70263671875,528.0376240435813,522.8575463080886,525.3133210272216,7944400
2024-08-21,532.084228515625,536.2999107822917,523.901548516815,524.1203156585808,13423300
2024-08-22,528.8728637695312,541.1021605904808,525.5520935317122,533.9137325489054,15708300
2024-08-23,524.9654541015625,536.7672294365581,522.0423485774858,533.834171675442,11323900
2024-08-26,518.1248779296875,524.9653402482775,511.99035675969463,524.5676149591942,9584000
2024-08-27,516.1165161132812,520.9983305112823,512.348320490828,515.9972106523948,6282700
2024-08-28,513.8098754882812,518.0951016645886,509.5047448414531,514.6947141610383,9106100
2024-08-29,515.2415771484375,524.1700071760439,512.7161972736417,516.0668238363469,8317400
2024-08-30,518.3137817382812,520.5309454515676,512.2389133705824,518.3535299929398,9157500
2024-09-03,508.81866455078125,522.4697318344816,505.69669716450665,516.6533790353354,12459100
2024-09-04,509.7930603027344,513.6209691624427,501.1729073895188,503.16141255787795,8335200
2024-09-05,513.889404296875,518.6320088026798,508.212230225459,508.7789615116668,8640900
2024-09-06,497.3947448730469,521.5650538628864,495.3863655135682,518.880559665027,14744500
2024-09-09,501.8887634277344,508.39115339074016,499.19431711601146,503.2508845942156,11047800
2024-09-10,501.8887634277344,511.22477928436297,497.15611148388973,505.23938973469745,9899000
2024-09-11,508.8882751464844,510.1708694464899,492.75157549409465,504.096000860634,10782500
2024-09-12,522.5790405273438,523.6827068185487,512.2586956942181,514.0781945895388,11970500
2024-09-13,521.604736328125,524.5477455442109,514.1378904204591,517.3493672277767,10321400
2024-09-16,530.7208862304688,531.5368977015272,514.9170874723145,522.0227773558852,9527600
2024-09-17,533.7462158203125,539.4984461028365,528.0238099822781,535.02004153394,11690800
2024-09-18,535.368408203125,541.5884146634684,531.3378561652726,534.4926264341286,10323500
2024-09-19,556.4168701171875,559.3726487545077,543.8972849270339,547.360565064833,15647000
2024-09-20,558.6560668945312,561.790974396656,553.630313904446,557.3125698177632,22066800
2024-09-23,561.7013549804688,571.2254355902388,559.7109530325689,566.7669546644623,12830700
2024-09-24,560.6265869140625,565.0253582522924,551.5304353488232,563.9604859111224,12993000
2024-09-25,565.5827026367188,574.1115828691105,561.0147031201811,561.3431364723867,16543400
2024-09-26,565.1150512695312,574.6291718932196,559.6513458984354,572.967142227921,14400800
2024-09-27,564.6373291015625,568.1006705261619,561.8010300244408,567.364170626601,9398400
2024-09-30,569.6929321289062,571.9221729211617,562.0895809864053,564.975688534177,12792300
2024-10-01,573.7034912109375,580.2419690688359,567.3640657014531,575.206254439428,15259300
2024-10-02,570.0611572265625,573.2358512630743,566.6078384594379,572.1013073959746,6524700
2024-10-03,579.9732666015625,580.5604011358083,566.0006066407063,567.4138356986169,11581000
2024-10-04,593.0802001953125,593.9858065525297,578.6398211951146,580.9287717859667,14169500
2024-10-07,581.9737548828125,600.0565426843976,581.2372550118221,595.3491999625717,12014200
2024-10-08,590.0447387695312,590.7115064354323,583.1579040765794,586.8600834032629,7857400
2024-10-09,587.6762084960938,591.5375936051837,578.8188944511467,591.1394888701676,9529700
2024-10-10,581.0282592773438,587.397509697218,579.7245483018079,584.7503015704497,7740400
2024-10-11,587.1189575195312,588.3729207448063,579.9137105818194,582.023532257207,8587100
2024-10-14,587.5865478515625,597.2200860857456,587.1287942740497,591.36829944158,8252000
2024-10-15,583.4564819335938,587.7756200523332,577.3558952346164,587.3277674752023,9564200
2024-10-16,574.02197265625,579.2866249105597,571.275268873164,578.6098955081545,11268400
2024-10-17,574.1613159179688,582.162710233978,572.4396375946716,580.5306267288739,8701200
2024-10-18,573.7034912109375,581.1674987096003,572.4893751474343,578.3112766994918,7694300
2024-10-21,572.3998413085938,574.4698766165733,566.37888676671,573.2657221535495,8171900
2024-10-22,579.217041015625,580.729766227226,569.3744868943032,571.5340564192009,8544500
2024-10-23,560.98486328125,582.192594507908,559.8005716422192,577.1867042398765,14248400
2024-10-24,565.0552368164062,566.1499335882773,558.8252690153747,564.4083318879617,7184700
2024-10-25,570.4990234375,578.5004183141831,568.9763366172681,571.1757528879629,11337900
2024-10-28,575.3854370117188,580.948637846338,571.3648464645419,579.2070359341649,10925100
2024-10-29,590.4329223632812,590.8210046180449,572.6387223000493,577.3659274017436,13019100
2024-10-30,588.9599609375,598.3148749725009,586.5515914382872,598.0958991586175,26864900
2024-10-31,564.856201171875,587.0690948039123,560.3081253081026,582.1925856019707,26838400
2024-11-01,564.4382934570312,570.9170630749317,559.8603921723633,564.886146151507,15303200
2024-11-04,557.9893188476562,565.9608889972419,555.2127297782872,561.392889439504,12064600
2024-11-05,569.6829223632812,570.7278713037589,563.950554670974,564.5775361837109,9775400
2024-11-06,569.3047485351562,570.2502016811582,552.5057499508582,560.0493909181008,18305400
2024-11-07,588.8604736328125,591.9455725919563,572.4496180315167,574.1215485070126,14653700
2024-11-08,586.5118408203125,590.2537459189086,581.7149642470737,588.70123463837,9415700
2024-11-11,580.371337890625,584.1829746478602,573.743326097359,583.5460314431883,10209100
2024-11-12,582.013427734375,596.7821758387003,577.5947330801081,585.7155461176076,16287700
2024-11-13,577.216552734375,582.8295006873793,572.4097151236031,579.8140126435408,10757600
2024-11-14,574.3902587890625,577.9730193106801,570.2602105353902,574.2310533344881,11053700
2024-11-15,551.4209594726562,569.8222153223612,548.8533240134138,568.4786575942975,17712900
2024-11-18,551.739501953125,557.2131078822542,547.4501877365338,554.3667866349945,14327300
2024-11-19,558.3974609375,558.7357953255338,547.9577494586872,549.2117126735113,9522400
2024-11-20,562.80615234375,563.6321255323566,551.5404684658788,560.2285547368579,9797300
2024-11-21,560.3878173828125,567.2646302971915,546.4151549825543,566.7869532039366,11154700
2024-11-22,556.456787109375,561.1242829453168,551.9286340129557,560.8455974662718,9164000
2024-11-25,562.3980712890625,569.842216719163,553.7199469729902,559.4025063006017,13599800
2024-11-26,570.7876586914062,574.7286772022924,562.4877149272148,563.2838637168787,10356600
2024-11-27,566.4684448242188,572.2206752566353,561.3928830685265,572.131141178584,7200200
2024-11-29,571.5639038085938,575.6840509462676,564.179528644509,566.2694266604135,7130500
2024-12-02,589.985107421875,591.647076313865,572.8079260678282,574.7286569743601,12522400
2024-12-03,610.705078125,611.2524264908596,588.4125528817166,592.144556388366,14907200
2024-12-04,610.8345336914062,614.8153379179051,602.1961350667218,610.0184615359037,14697000
2024-12-05,606.0077514648438,616.9251382698544,604.136768682784,614.1186640967649,8081200
2024-12-06,620.7765502929688,626.7676190380172,605.6096966963446,607.1721088209316,16935500
2024-12-09,610.6254272460938,623.3938718792108,603.2609162440416,620.9257323273526,11426000
2024-12-10,616.3479614257812,622.5878918502519,609.7995210855536,614.5963977457716,10938900
2024-12-11,629.643798828125,635.3363804725623,618.547343463704,620.37847939692,10837200
2024-12-12,627.7628173828125,633.6046423977135,624.2000415346207,628.4694319605399,7474700
2024-12-13,617.3729248046875,628.0514729907906,613.9295681709151,624.2099509122261,8453300
2024-12-16,621.745361328125,628.6277811747395,616.1080069405396,627.462413035997,10885600
2024-12-17,616.964599609375,629.842921517428,614.0761642573996,623.6676857660912,12897800
2024-12-18,594.8035888671875,624.8530103874069,593.9370703121472,618.5184399880585,17075500
2024-12-19,593.18994140625,609.0762128607613,592.6222119922495,607.9507237965355,14958100
2024-12-20,582.9111938476562,600.6998062071282,577.68217416769,588.219910849056,48989400
2024-12-23,597.452880859375,598.6879766892466,583.907252912156,587.2438414694396,10205800
2024-12-24,605.3213500976562,605.5603812991077,596.8852265249648,600.311421467438,4726100
2024-12-26,600.9389038085938,603.8771273499036,596.5465535400348,603.0603968908488,6081400
2024-12-27,597.4130859375,599.4449119716119,587.4430773536361,597.0146600682612,8084200
2024-12-30,588.8772583007812,594.5544919388965,583.239903719799,586.3972186440706,7025900
2024-12-31,583.170166015625,591.5963188432811,581.5167657457517,589.9031610994577,6019500
2025-01-02,596.8452758789062,602.4926001052438,585.4709301048888,587.3633007502451,12682300
2025-01-03,602.2138671875,607.06440151266,594.026683188132,602.3433525630181,11436800
2025-01-06,627.681640625,628.4684617844035,603.1998488847688,609.385054699766,14560800
2025-01-07,615.4207763671875,629.5739508561447,605.7993460257709,629.1755858278557,12071500
2025-01-08,608.2793579101562,613.9765307551536,600.3810557676817,610.9487013550364,10085800
2025-01-10,613.3988647460938,627.3927055003096,594.9529163376031,607.592206559942,19256600
2025-01-13,605.8990478515625,606.5364441234269,596.0585248079975,604.6739217603003,10785000
2025-01-14,591.8753051757812,603.0703790506547,586.198070906463,602.6520744429687,13598000
2025-01-15,614.6539306640625,619.9726183140101,604.0763739586232,607.7715703651344,15524300
2025-01-16,608.8571166992188,613.7873477153851,607.2735046849263,609.0563296194044,8355300
2025-01-17,610.3213500976562,622.4725494595965,601.2576778233948,621.5562428618572,17280600
2025-01-21,613.9965209960938,619.0163582351468,606.5762805693779,615.3610413311562,11674000
2025-01-22,621.00830078125,631.167550578582,616.9545584675686,620.8090878849806,12274000
2025-01-23,633.9066162109375,634.0559803027825,618.6677705767347,624.8529151272735,9910200
2025-01-24,644.9025268554688,649.3945139716581,631.6656574969397,633.8568781379164,19065300
2025-01-27,657.2430419921875,661.2170877274049,622.601998034938,624.1059736130031,28399200
2025-01-28,671.6353759765625,679.8524087518784,656.83471073991,663.338645861873,20950100
2025-01-29,673.78662109375,678.3283961259809,663.0098523603809,672.3025851139503,21377800
2025-01-30,684.2545776367188,707.949485012391,673.3981124232191,694.0353417764899,29322900
2025-01-31,686.4259033203125,702.4814799874082,682.8403138955325,688.2386375622425,19303900
2025-02-03,694.6728515625,701.1866947109021,672.5515846641146,673.2089204422564,21415700
2025-02-04,701.3758544921875,704.8818070021638,688.8461108074927,699.6926057918002,13826300
2025-02-05,702.0532836914062,715.27027526588,696.2167152646796,700.7385512118227,17778200
2025-02-06,709.1447143554688,716.0271344480996,700.6886520762018,703.0591459116995,13080700
2025-02-07,711.6646728515625,722.1127432544886,708.9057228017197,713.9355299622597,16427100
2025-02-10,714.5331420898438,718.317944327383,708.4873917995161,715.688479736199,12904300
2025-02-11,716.923583984375,720.7681443890708,707.2025763439763,710.4694982653,12998000
2025-02-12,722.4812622070312,724.1943596127884,709.7523040950127,712.4415265910553,12016500
2025-02-13,725.6485595703125,726.0868036941785,715.170579657767,718.6367143797072,12569100
2025-02-14,733.7261352539062,737.9491818288359,722.7203049282167,723.2382463806609,16901200
2025-02-18,713.5072631835938,734.0548271850589,703.6169523863489,733.058823348987,21938700
2025-02-19,700.9577026367188,704.1747758653347,692.6111848713654,701.2863401626805,17535500
2025-02-20,692.0632934570312,702.8101523617008,690.8680767624129,694.4935451126314,12587400
2025-02-21,680.8184204101562,701.0572259638877,679.6331733954379,693.79637977263,15660400
2025-02-24,665.4600219726562,684.5235492434307,659.8027276987779,683.5375152106747,15677000
2025-02-25,654.8724365234375,665.3304754336978,639.2949239757804,663.3085587312514,20579700
2025-02-26,671.0078125,680.2806060030118,655.3705397430182,657.0139704281752,14488700
2025-02-27,655.6095581054688,685.8980689317682,654.9422525540249,679.7228329637242,12500000
2025-02-28,665.5297241210938,666.9540022019403,640.0319914083209,655.41029188353,17534200
2025-03-03,652.4323120117188,678.5276251290609,648.2391746953033,670.9878686638693,10843800
2025-03-04,637.4423828125,647.1534191131592,621.157746255584,642.9303730536252,21495200
2025-03-05,653.8466186523438,656.8645394995948,635.1117886533837,638.4384682626843,13770000
2025-03-06,625.420654296875,647.9602249904791,621.6159125135576,645.4104577126469,13446500
2025-03-07,623.1597290039062,632.2532488274342,598.2098452417057,622.8709097782997,21375700
2025-03-10,595.600341796875,607.6719037832956,584.5247836759429,605.6400777825496,21999900
2025-03-11,603.28955078125,612.4726776603288,590.9590175004934,592.6721150475107,17401500
2025-03-12,617.0841674804688,630.7991604950519,606.9149458816227,627.3828744482781,15747000
2025-03-13,588.2797241210938,618.0203842680918,584.1662233882897,617.771383307468,16480300
2025-03-14,605.7103271484375,606.9664182577417,592.9302511563588,600.9252674163599,12364500
2025-03-17,603.018798828125,611.1932483347241,596.1402333361115,605.5708348514025,15473900
2025-03-18,580.548828125,598.3832042849959,572.8727631895948,598.183814121998,20297700
2025-03-19,582.2435302734375,590.4778508331983,572.9824447250121,582.4628776976826,20537500
2025-03-20,584.1775512695312,608.3023019039958,577.7077447799743,580.947637342476,24336500
2025-03-21,594.3956298828125,595.6815960079244,579.1432258888485,581.6055148479699,25015900
2025-03-24,616.92529296875,620.6038191496141,610.2960116120224,613.0573552722462,15741300
2025-03-25,624.3621215820312,631.9085855563646,619.2480714393791,624.8107342138192,15312500
2025-03-26,609.0797729492188,624.8007461767364,604.7233689444203,622.9465455616044,12609800
2025-03-27,600.7059326171875,612.3396207064936,598.2336042918504,600.1277194388429,10436500
2025-03-28,574.9462890625,599.8785159717515,572.1350521556752,598.4429920373162,17602800
2025-03-31,574.5675048828125,576.9002542510486,551.5792239532071,561.7475141060938,21124700
2025-04-01,584.1775512695312,588.0753644727768,568.2273109618308,569.0647253499337,12836600
2025-04-02,582.114013671875,590.8168445483201,571.5768782871228,573.1220457329204,13470800
2025-04-03,529.9666137695312,550.8414911032017,528.6507117752637,544.5211822460076,34777500
2025-04-04,503.1602478027344,516.3889657610956,492.66299842221946,505.04435388504976,38589800
2025-04-07,514.6444091796875,537.6924987241373,480.40123514295635,483.591294981514,36606100
2025-04-08,508.8624572753906,545.7274259918413,501.2960362271068,541.5604335468917,28034200
2025-04-09,583.9483032226562,586.0617052580021,500.5484476857142,507.6861840842117,39216600
2025-04-10,544.5910034179688,579.4921312343394,533.6351923102783,573.7002029040485,28173500
2025-04-11,541.8794555664062,545.6975609575977,526.9460641882466,533.844525327306,17642300
2025-04-14,529.8270874023438,556.0353649218339,526.6370880203747,554.4403043855114,14130900
2025-04-15,519.8980712890625,536.2669873917704,515.8905541802854,530.4551018896253,15558700
2025-04-16,500.747802734375,511.7734034642656,494.08858497853294,506.92853277097964,18735100
2025-04-17,499.9203796386719,505.72225598652767,496.4611703190648,503.67864377215466,14593500
2025-04-21,483.15264892578125,491.9651517419281,478.30774832896276,489.80188733411177,16166000
2025-04-22,498.7240905761719,505.30357016721007,484.84736943102456,490.3402426542842,17399400
2025-04-23,518.6519775390625,533.6751170758674,514.9136400551463,526.8862986388891,18173900
2025-04-24,531.491943359375,532.2396108812093,515.8905900656315,517.1167453309313,13910000
2025-04-25,545.5679321289062,548.1498427880772,534.5821864218168,545.0993622560148,17098900
2025-04-28,548.0302124023438,556.7529985261549,538.9087068486405,553.9118868125302,15179000
2025-04-29,552.7156372070312,554.8390175563454,542.4277261633298,544.3018840382675,11835000
2025-04-30,547.2926025390625,547.392267199569,527.8532478040685,536.7255930212515,29244000
2025-05-01,570.430419921875,591.1059077397648,568.7257162038675,590.238618351305,31159000
2025-05-02,595.1632080078125,602.4604491374204,576.5313339553563,581.6453838419038,24739300
2025-05-05,597.4063110351562,601.3340602087777,586.2211731974465,589.3812975732367,13887700
2025-05-06,585.4833984375,594.1763099115676,584.7556882888333,590.687195299098,10600700
2025-05-07,594.9539184570312,601.2044382274429,584.8454392543059,588.5239657880628,13139100
2025-05-08,596.1502075195312,609.3988539126512,594.7645157959997,604.4044252029665,14622800
2025-05-09,590.6472778320312,605.0822238866388,589.8697353618245,601.8423317625629,10427300
2025-05-12,637.4413452148438,638.3983814888618,619.0986063028438,628.9578018482097,21965100
2025-05-13,653.98974609375,658.8644917290795,640.8307865245315,643.5323193603671,18570800
2025-05-14,657.3093872070312,660.6090907304957,652.275104788711,659.1536702462474,12348200
2025-05-15,641.8775024414062,655.2657270968772,636.5939979037247,652.2451822041022,14341800
2025-05-16,638.3485717773438,638.4482364395845,624.2027001902264,635.9759687007765,18519000
2025-05-19,638.438232421875,641.0002469311114,625.8475073073743,626.2961199602966,9592400
2025-05-20,635.1185302734375,637.3615325460415,630.2936172359767,634.0319543569834,6743500
2025-05-21,633.5235595703125,644.5989922480402,628.2101191307713,629.8250759728282,11464600
2025-05-22,634.5902099609375,641.2494271811771,628.7484497588706,632.078027946325,8228400
2025-05-23,625.10986328125,630.4831151759442,620.7136049962613,622.0593822061679,8454100
2025-05-27,640.3223876953125,641.080033825353,630.7821431595195,633.4338437693247,9508400
2025-05-28,641.5784301757812,648.8557144048555,640.5516043549418,640.6014366817531,9042900
2025-05-29,643.0439453125,651.2882458904783,637.5112174396761,649.6234564641184,8858800
2025-05-30,645.4762573242188,647.3902689717587,630.8120452521741,640.501786260345,16241000
2025-06-02,668.8134765625,671.166122188044,642.256314296396,642.3859148545713,15766300
2025-06-03,664.7760620117188,673.4789529536675,662.9617757833167,669.3617924489035,11585000
2025-06-04,685.8104248046875,686.857147039673,666.4906935079915,667.238360939457,14031900
2025-06-05,682.49072265625,692.2203773049333,680.1280985848566,689.5088052796527,13083100
2025-06-06,695.5401000976562,700.6242144400436,689.7182360915449,694.0048506531133,11728000
2025-06-09,691.9014282226562,702.9968181048444,691.7818062976731,696.2877682898165,12773200
2025-06-10,700.2155151367188,701.0428899746662,689.4092014623567,699.1687320280228,10850100
2025-06-11,691.981201171875,706.6653705943312,689.8378634515371,701.5214452489874,9582500
2025-06-12,691.20361328125,693.2173504861605,684.8634076906623,691.1438023170118,7322700
2025-06-13,680.7462158203125,692.409840070813,678.8920151692206,685.8104336581752,9274400
2025-06-16,700.4749145507812,705.4931583928874,691.8851025594383,697.6914734952734,13720300
2025-06-17,695.5963745117188,704.3158869977019,694.4291328649981,700.3552179138009,10066100
2025-06-18,694.1397705078125,699.9461410540869,693.2718138640435,696.5440968778995,10068300
2025-06-20,680.751220703125,700.1756339033776,677.079850298128,699.1081336202601,22538600
2025-06-23,696.8934326171875,697.4121728945754,677.1597462532054,682.0881746874048,11080100
2025-06-24,710.5313110351562,711.5189816994163,700.4649253469852,703.2384409706419,13823200
2025-06-25,707.0195922851562,714.9011073526044,703.7273361920762,711.6487356204278,9320400
2025-06-26,724.3888549804688,726.5138085370661,709.3840535476093,712.6862960420309,13964800
2025-06-27,731.9110717773438,733.7068421056694,724.1592578043636,724.8177454897765,18775700
2025-06-30,736.3606567382812,746.1476691378697,732.5296271967599,742.8054817668852,15402100
2025-07-01,717.5347900390625,736.0214022335938,713.693835204326,735.1534455733583,13431200
2025-07-02,711.8981323242188,718.6123446328994,711.1299169276585,713.6540184351263,9336700
2025-07-03,717.3253784179688,727.3219211703462,712.7461059372963,724.9075473573512,8601700
2025-07-07,716.6668701171875,725.29662738586,711.8382444141125,715.9186273791692,9457100
2025-07-08,718.9814453125,721.2161872254258,713.1351899702655,719.8793609595846,7770700
2025-07-09,731.0631103515625,735.8019810021477,721.0266226856489,721.0266226856489,11418000
2025-07-10,725.5360717773438,734.0760133186282,717.9139576323801,729.8359710403425,9913600
2025-07-11,715.828857421875,723.4608966552098,708.0371589748221,720.8071559255932,10873900
2025-07-14,719.2308959960938,726.294324886829,714.8711396040657,715.9186673172987,8939400
2025-07-15,708.7255859375,722.7725529543028,708.1569141283312,722.2039420372861,11529500
2025-07-16,701.2630004882812,712.2970836136572,697.6315755690009,711.6985138171127,13067600
2025-07-17,699.7665405273438,704.2460714207873,695.4766277838654,702.7395996705828,11803300
2025-07-18,702.6298828125,703.0588680042227,690.0294703606638,700.5447529444856,12779800
2025-07-21,711.2994384765625,715.3200251684316,704.1063709182977,705.1439122135475,9404400
2025-07-22,703.1586303710938,714.9209845240272,699.7665722015134,714.5119719450398,8921100
2025-07-23,711.9081420898438,712.955669824656,703.2783841619789,704.7150127643985,8771600
2025-07-24,713.1251831054688,721.9245248031309,712.3270697155897,715.3699112663372,10920800
2025-07-25,711.0101318359375,718.9614892126135,710.2319910963464,715.2401874661052,8271700
2025-07-28,715.9486083984375,723.0419351595109,711.0101939967738,713.5243091595448,8715700
2025-07-29,698.35986328125,722.7724995594365,698.270047363426,718.3130022321428,13267000
2025-07-30,693.5811157226562,706.8399547738821,689.5805015781577,706.4309422136296,27077300
2025-07-31,771.6278076171875,782.9113054874113,763.7163951695271,773.3836936232736,38831100
2025-08-01,748.2527465820312,764.2052724882252,743.5637464392476,758.9476005405788,19028700
2025-08-04,774.5509643554688,775.029820232538,756.6330226185955,758.2193240496142,15801700
2025-08-05,761.6712036132812,781.2950989411861,761.212259491104,774.6307577641016,11640300
2025-08-06,770.1812133789062,771.827371776558,758.6782598971715,768.1958857027562,9733900
2025-08-07,760.0449829101562,773.1841074016191,757.7702959207965,771.6776357205837,9019700
2025-08-08,767.49755859375,768.0961893607639,756.8027042152274,760.9629170758883,7320800
2025-08-11,764.0755615234375,771.6478049440495,762.8783609453131,768.2757194135389,7612000
2025-08-12,788.1489868164062,791.8103707559926,770.6201469797736,771.1888187456735,14563100
2025-08-13,778.2523193359375,793.5962894533881,776.4066172801486,789.2963900548351,8811800
2025-08-14,780.2974243164062,785.9641084064921,770.6999694623344,776.0573823379099,8116200
2025-08-15,783.39013671875,794.3843356438543,778.9904964215748,782.3127110697359,13375400
2025-08-18,765.572021484375,773.9922487170201,754.7873521125813,773.2739649293972,16513700
2025-08-19,749.71923828125,765.3724785334582,747.604210382002,765.3226078635242,12286700
2025-08-20,745.9680786132812,748.4423094323544,729.2872824481717,745.8184665954027,11898200
2025-08-21,737.3682250976562,743.7532539146816,731.392269728463,742.965126847803,8876300
2025-08-22,753.021484375,755.1265868650723,732.6693186706706,737.4979443181139,10612700
2025-08-25,751.5349731445312,757.1019160115399,748.3724176422635,753.0514312038815,6861200
2025-08-26,752.3331298828125,753.1013452690629,746.187589469264,749.0408739151204,7601800
2025-08-27,745.62890625,752.3830637406979,741.0995653139147,750.5373617239242,8315400
2025-08-28,749.3501586914062,751.2856157691724,739.0643171271723,742.2568318080029,7468000
2025-08-29,736.9691772460938,745.3894040667411,733.6269900366806,743.5337768140281,9070500
2025-09-02,733.3875732421875,734.2755025264773,720.0389186102121,724.3388175548104,9350900
2025-09-03,735.3230590820312,738.5155735710689,732.2702311831985,734.2755314397929,7699300
2025-09-04,746.8959350585938,759.3765729399474,744.0725487076684,746.8161054490425,11439100
2025-09-05,750.6870727539062,756.1741866261438,743.2844743615274,750.8566574056083,9663400
2025-09-08,750.537353515625,764.7140814935753,750.2580412178338,754.2286966166499,13087800
2025-09-09,763.906005859375,764.5045757250664,751.6647345226843,755.7152196596044,10999000
2025-09-10,750.2180786132812,763.9059640843684,749.2403942554,763.3372922969834,12478300
2025-09-11,749.140625,755.326049350588,746.6165236987539,752.8818385469593,7923300
2025-09-12,753.8197021484375,755.7950435825012,742.0174024328237,746.9757286440731,8248600
2025-09-15,762.9083251953125,772.2563664766384,750.2280827190908,755.6952236302711,10533800
2025-09-16,777.1748046875,779.5292605984961,763.3073480005289,765.2029206615051,11782500
2025-09-17,773.9024658203125,781.4547366857648,764.5145401578408,778.16248073438,9400900
2025-09-18,778.4218139648438,786.9318567440129,771.5479431530769,778.9206424262118,10955000
2025-09-19,776.5562133789062,788.9470955167301,767.3877436699294,784.5773532506886,23696800
2025-09-22,763.8824462890625,784.4181095052566,763.1935958899483,780.5445827585347,11706900
2025-09-23,754.1387329101562,769.3133047218867,749.815945650324,767.9655831903335,10872600
2025-09-24,759.3899536132812,759.8392144671293,751.2735837511626,756.2352564498105,8828200
2025-09-25,747.6595458984375,755.5064686568031,743.3068402529434,752.1920046258563,10591100
2025-09-26,742.5081787109375,750.6745134518627,736.1188402620083,748.7477432379202,9696300
2025-09-29,742.1587524414062,749.5264347617783,737.9158487633198,747.4698158948381,9246800
2025-09-30,733.1538696289062,741.7294934738761,725.087343094007,741.0107248479524,16226800
2025-10-01,716.1422729492188,720.6446913474787,709.0141800953496,720.28530706911,20419600
2025-10-02,725.8360595703125,726.5548890984803,716.9409630753169,721.3735522103992,11415300
2025-10-03,709.3735961914062,729.7794705550638,708.9942257916973,728.4117628788885,16154300
2025-10-06,714.465087890625,715.6830826309072,689.3571155710283,704.0125981338592,21654700
2025-10-07,711.889404296875,717.3003375901077,704.5716259627259,716.5216106896504,12062900
2025-10-08,716.6414794921875,718.4484549738279,706.6281969142439,712.2587946669486,10790600
2025-10-09,732.2852783203125,732.2852783203125,711.2504512938121,717.0807271377935,12717200
2025-10-10,704.1223754882812,734.0423674154782,703.333716456913,729.6995938834806,16980100
2025-10-13,714.5050048828125,718.7379155876384,706.4584651360833,711.8194939498104,9251800
2025-10-14,707.466796875,714.3552394376962,698.1623510959027,706.598254382022,8829800
2025-10-15,716.3519287109375,722.6913629779451,708.3253746524584,715.8627565899488,10246800
2025-10-16,710.881103515625,724.2786798244232,702.7047754671785,716.3519343648386,9017000
2025-10-17,715.7229614257812,717.3402516818879,704.9410060739878,705.8994251244851,12232400
2025-10-20,730.947509765625,732.5448748734839,718.9775387090459,719.9858621042338,8900200
2025-10-21,732.0457153320312,737.2669635645257,727.5332426508437,734.7911237948646,7647300
2025-10-22,732.1854248046875,739.3634223567747,722.8211423130082,732.6047674176828,8734500
2025-10-23,732.7744750976562,741.170406509876,731.8759534115667,733.4733185275871,9856000
2025-10-24,737.127197265625,739.9724753796752,729.9292742962166,735.5598112729552,9151300
2025-10-27,749.5663452148438,754.4881061640369,746.7610395763271,748.4781384032651,11321100
2025-10-28,750.1853637695312,757.1337649704751,744.2752651341964,751.3733793283152,12193800
2025-10-29,750.4149169921875,757.8924011644837,741.2702382858599,753.4897913670577,26818600
2025-10-30,665.3572387695312,679.8230975870755,649.08446528138,668.0328178882455,88440100
2025-10-31,647.2674560546875,673.7631824593219,644.4921293755289,673.383812052831,56953200
2025-11-03,636.645263671875,658.2291607688485,635.1177890022415,654.90470367213,33003600
2025-11-04,626.2725830078125,640.6684891460408,624.9647727272926,626.9913515895119,27356600
2025-11-05,634.88818359375,641.1576663615418,625.4938610947797,631.2542465797685,20219900
2025-11-06,617.9065551757812,634.938067569805,616.9681222612256,634.7882936522686,23628800
2025-11-07,620.6719360351562,621.0912176885568,600.1961723842201,615.4606203242017,29946800
2025-11-10,630.7052001953125,633.9397808237388,617.077966360211,630.0363359130761,19245000
2025-11-11,626.0330200195312,628.5088598168925,618.3558571038752,626.9514668906089,13302200
2025-11-12,607.9931640625,627.939784558569,606.7552442025384,627.0812350986922,24493300
2025-11-13,608.8717041015625,616.6187572691151,601.993193452889,612.0463872625083,20973800
2025-11-14,608.4424438476562,612.6553687237855,594.2062431482154,600.7852061056304,20724100
2025-11-17,601.0048217773438,610.6686515784111,594.4058732487083,608.0230519623859,16501300
2025-11-18,596.6920776367188,602.6520806612418,582.8053290854997,590.612218909938,25500600
2025-11-19,589.3343505859375,594.3359951431619,580.2794874440681,592.7286370493186,24744700
2025-11-20,588.1663208007812,605.706930555967,582.375956312388,602.4923362369276,20603000
2025-11-21,593.2578125,597.1213460929463,580.88848479756,587.517412968027,21052600
2025-11-24,612.0264282226562,615.6703584886146,596.6321908004635,597.7203367937327,23554900
2025-11-25,635.1576538085938,635.9862849922763,617.2675924687619,622.9580871825591,25213000
2025-11-26,632.5520629882812,637.2941320349476,630.5753884422047,636.6252677780955,15209500
2025-11-28,646.8681640625,646.9679727244463,634.4389389877349,635.0179876534709,11033200
2025-12-01,639.7999267578125,644.242508725797,636.6951341862962,638.4821234657416,13029900
2025-12-02,646.01953125,646.7882651016448,637.0046400682228,641.2675300698932,11640900
2025-12-03,638.5320434570312,647.7665988470103,636.4854785031988,643.3340098224904,11134300
2025-12-04,660.425537109375,674.9711573797597,658.9479666864565,674.87134871331,29874600
2025-12-05,672.2955932617188,673.5634922785046,661.2840414153883,662.8913386215002,21207900
2025-12-08,665.6866455078125,675.5801331063639,663.9595535520253,668.2224435191038,13161000
2025-12-09,655.8631591796875,663.3705623262879,652.2492080192432,662.6617867420982,12997100
2025-12-10,649.0444946289062,653.4171862971667,642.3257510862366,648.8648024836247,16910900
2025-12-11,651.6201782226562,654.1858943512054,639.730030479328,642.2158631242634,13056700
2025-12-12,643.1543579101562,709.8128965395189,637.543746077992,648.7150654102267,14016900
2025-12-15,646.9561157226562,652.4414097008485,638.1536544261938,645.1476664750544,15549100
2025-12-16,656.587890625,661.973233609148,642.6498114209788,642.9495426008936,14309100
2025-12-17,648.9443969726562,660.664343241777,648.644665798819,655.0491556477624,15598500
2025-12-18,663.881591796875,669.9863502083882,655.8984367998282,656.4679564970005,20260300
2025-12-19,658.2064819335938,670.4260003995075,657.6169598101359,665.8499012351181,49977100
2025-12-22,660.9341430664062,673.0038267300547,656.0883162216827,661.0840391473547,15659400
2025-12-23,664.3711547851562,665.4302455294139,657.6868755551602,659.4853234816244,8486800
2025-12-24,666.9789428710938,667.6084088263418,661.633543835896,661.9632786179176,5627500
2025-12-26,662.7225952148438,668.3777877623371,660.7543096382171,667.4885344385556,7133800
2025-12-29,658.1265258789062,659.6851889371151,653.8302165118,657.4471149030659,8506500
2025-12-30,665.3803100585938,671.6449047754843,657.2772625792347,658.1265110341435,9187500
2025-12-31,659.5253295898438,664.4311023248911,658.8758612620638,664.1813161961976,7940400
2026-01-02,649.8535766601562,663.8216588672108,642.9495146869224,662.1630447721155,13726500
2026-01-05,658.2264404296875,663.9715218041853,647.1959061445123,650.4531272549772,12213700
2026-01-06,660.0548706054688,664.9507033148827,651.3423593634897,659.0057810200069,11074400
2026-01-07,648.1350708007812,658.5861445899717,644.2583851266311,655.0791375151089,12846300
2026-01-08,645.50732421875,646.5464125947736,635.1761427603,645.3274855180696,11921700
2026-01-09,652.5013427734375,654.3897406244424,642.3000548798136,644.8878661181845,11634900
2026-01-12,641.4207763671875,653.4105105723186,640.6814191818085,651.9718010113269,14797200
2026-01-13,630.5501708984375,641.720599826752,623.5660991574318,641.720599826752,18030400
2026-01-14,614.9934692382812,627.9124008742662,614.2940558608916,625.9640568168747,15527900
2026-01-15,620.2689208984375,623.6360331340583,613.7045339245012,617.9508982377323,13076100
2026-01-16,619.7194213867188,628.5418850412981,619.5495838845379,623.6460522405506,17012500
2026-01-20,603.6032104492188,610.8770121629093,599.4867397151437,607.3600037753715,15169600
2026-01-21,612.4356689453125,617.7411240978843,599.5666821865381,606.2209580964126,14494700
2026-01-22,647.0759887695312,660.0049216653568,626.0140046136898,628.811597152667,21394700
2026-01-23,658.1964721679688,665.9198400091174,643.8987161260534,644.2184496993522,22797700
2026-01-26,671.7847900390625,674.7023359243682,660.7242529636108,664.5609947255355,16327400
2026-01-27,672.394287109375,676.2410302656567,664.0913982323968,674.0129574053085,13297400
2026-01-28,668.1578979492188,677.1002536346601,665.5301429727417,673.9229813666298,25709600
2026-01-29,737.6784057617188,743.363540655783,711.9404325537852,736.7991536844581,59852900
2026-01-30,715.8870849609375,731.5436633097714,712.9796010924755,726.8776752394725,23744600
2026-02-02,705.8056640625,720.6829408229889,702.9181827036907,713.9886602426056,14365200
2026-02-03,691.1082763671875,716.3866205151361,685.8227628297016,706.7648539132639,13760700
2026-02-04,668.417724609375,688.2407799622291,666.8890651090074,687.1416843315144,16882800
2026-02-05,669.63671875,680.9170392363125,652.9409906690098,663.0123852284637,17131800
2026-02-06,660.8941650390625,671.4151252649915,645.9469408650316,664.920685797671,18159300
2026-02-09,676.640625,682.7254419812133,658.2164585284562,662.6126578425271,14837500
2026-02-10,670.1461791992188,680.0677378888336,669.216982119095,677.0202983345941,10455800
2026-02-11,668.1179809570312,678.6889475196376,656.5378686274887,673.4234361526849,14323800
2026-02-12,649.254150390625,675.421749916193,644.7280570616384,669.3968787035581,14960100
2026-02-13,639.2227172851562,650.872715705495,634.0271535178357,644.5481137374378,12336400
2026-02-17,638.7431030273438,642.0502690775812,628.2620863630333,638.952945338547,12674700
2026-02-18,642.6697387695312,644.4482453696517,627.6126838179015,633.2578140286595,14649200
2026-02-19,644.2284545898438,646.6363661317032,636.1752909436037,638.0237449576674,10035700
2026-02-20,655.09912109375,662.7825455010891,638.2336163631846,639.1428111159805,14183500
2026-02-23,636.7048950195312,657.1374142434245,635.455964272141,651.9817939677475,8605900
2026-02-24,638.7531127929688,640.5615620292823,628.4419334902003,632.5384628258726,10135600
2026-02-25,653.1307983398438,653.3206382422114,641.5906910720822,641.9803720795121,11330700
2026-02-26,656.447998046875,660.4345752110744,646.9461232211356,649.9935020296807,10637700
2026-02-27,647.62548828125,648.8844201349368,637.5740968396581,642.8995542116262,15703000
2026-03-02,653.0009155273438,659.3754626922687,633.9572226725116,636.6149203669017,9816100
2026-03-03,654.5196533203125,658.4762268569145,638.293554979916,647.7354225434952,12263800
2026-03-04,667.1587524414062,672.1944798634893,657.1073609851721,657.397151925757,10810100
2026-03-05,660.0049438476562,670.1262833419206,649.7537106790966,661.363765843265,13341400
2026-03-06,644.308349609375,648.9143914185428,635.5658346648192,647.3457881163396,13159400
2026-03-09,646.836181640625,647.195859029807,626.2438278402449,634.2369839533108,13489700
2026-03-10,653.510498046875,659.7351492208539,648.444827744844,653.0009245574777,9859300
2026-03-11,654.2998046875,658.5561703533895,647.8053649208291,654.1999146227295,8977200
2026-03-12,637.6340942382812,652.9409968457168,636.355220859953,648.1950599902964,11617500
2026-03-13,613.1849975585938,628.6317326131165,609.0285222575777,623.3562813254467,18957600
2026-03-16,627.4500122070312,634.75,623.0999755859375,632.0,15134900
2026-03-17,622.6599731445312,636.5499877929688,621.7000122070312,627.989990234375,10348800
2026-03-18,615.6799926757812,622.6500244140625,614.6099853515625,616.3400268554688,11726300
2026-03-19,606.7000122070312,613.0,602.260009765625,612.1500244140625,13247700
2026-03-20,593.6599731445312,603.9600219726562,587.25,603.530029296875,21214900
2026-03-23,604.0599975585938,608.6400146484375,599.010009765625,605.7899780273438,13638000
2026-03-24,592.9199829101562,601.0,591.0,599.0999755859375,10739700
2026-03-25,594.8900146484375,603.6699829101562,593.4000244140625,598.739990234375,12585000
2026-03-26,547.5399780273438,583.0,543.3499755859375,582.489990234375,35780100
2026-03-27,525.719970703125,543.5999755859375,520.260009765625,540.0999755859375,30133000
2026-03-30,536.3800048828125,539.5499877929688,528.5399780273438,536.3800048828125,22795200
2026-03-31,572.1300048828125,573.6900024414062,546.77001953125,549.97998046875,32898300
2026-04-01,579.22998046875,592.5499877929688,573.8200073242188,580.1300048828125,23608100
2026-04-02,574.4600219726562,578.5,559.7000122070312,566.0399780273438,13518500
2026-04-06,573.02001953125,582.7899780273438,572.0,577.6900024414062,9515700
2026-04-07,575.0499877929688,575.22998046875,564.760009765625,572.47998046875,9580800
2026-04-08,612.4199829101562,629.9500122070312,591.8300170898438,606.0,32036600
2026-04-09,628.3900146484375,637.5,623.0,626.969970703125,19012900
2026-04-10,629.8599853515625,638.5800170898438,624.3300170898438,634.469970703125,13294800
2026-04-13,634.530029296875,635.0,624.4000244140625,629.5,9538900
2026-04-14,662.489990234375,666.260009765625,639.3699951171875,643.219970703125,17818000
2026-04-15,671.5800170898438,678.5,664.219970703125,667.0,14952600
2026-04-16,676.8699951171875,677.5800170898438,667.75,675.989990234375,9544800
2026-04-17,688.5499877929688,691.52001953125,675.1300048828125,678.5999755859375,16283500
2026-04-20,670.9099731445312,683.3800048828125,668.0,681.3599853515625,12534000
2026-04-21,668.8400268554688,676.2000122070312,667.3300170898438,671.0,8660100
2026-04-22,674.719970703125,678.3800048828125,669.75,674.3599853515625,9215600
2026-04-23,659.1500244140625,669.5599975585938,653.0499877929688,663.7000122070312,11667000
2026-04-24,675.030029296875,680.6699829101562,653.8400268554688,660.3200073242188,13348300
2026-04-27,678.6199951171875,682.5,670.8400268554688,671.0,12805200
2026-04-28,671.3400268554688,678.1799926757812,665.6300048828125,674.239990234375,10606800
2026-04-29,669.1199951171875,674.25,663.8099975585938,668.9099731445312,18947500
2026-04-30,611.9099731445312,620.8499755859375,600.0,619.3200073242188,52765000
2026-05-01,608.75,618.8800048828125,606.1099853515625,614.6900024414062,21404000
2026-05-04,610.4099731445312,614.0,602.75,607.9400024414062,16203900
2026-05-05,604.9600219726562,614.3499755859375,600.3599853515625,613.3099975585938,17171300
2026-05-06,612.8800048828125,619.9500122070312,598.0999755859375,601.0499877929688,19915500
2026-05-07,616.8099975585938,624.97998046875,613.5399780273438,614.719970703125,12307400
2026-05-08,609.6300048828125,616.77001953125,606.0599975585938,615.2000122070312,13557000
2026-05-11,598.8599853515625,604.9099731445312,598.0800170898438,604.5700073242188,15940600
2026-05-12,603.0,603.75,592.5999755859375,594.8200073242188,11351600
2026-05-13,616.6300048828125,619.9000244140625,596.6599731445312,598.8300170898438,14634400
2026-05-14,618.4299926757812,623.72998046875,615.0,616.0,10651200
2026-05-15,614.22998046875,621.2000122070312,609.3099975585938,613.989990234375,13272600
2026-05-18,611.2100219726562,615.5900268554688,603.6900024414062,609.1099853515625,13772400
2026-05-19,602.6099853515625,613.9299926757812,600.5499877929688,608.9199829101562,11749900
2026-05-20,605.0599975585938,608.0,597.8099975585938,600.760009765625,11329700
2026-05-21,607.3800048828125,609.5999755859375,594.8099975585938,600.0,13454200
