Price,Close,High,Low,Open,Volume
Ticker,NEE,NEE,NEE,NEE,NEE
Date,,,,,
2006-05-30,5.409961223602295,5.465348803875895,5.382267433465494,5.436270033713943,6341600
2006-05-31,5.515197277069092,5.57750764185797,5.44042420546433,5.483349076477549,30107200
2006-06-01,5.573357582092285,5.588589202855954,5.466736764962056,5.490276686564668,11884400
2006-06-02,5.6495137214660645,5.656437039630732,5.547047344912212,5.602434418444875,12603200
2006-06-05,5.663364410400391,5.6938271349253675,5.628747269819008,5.64951723723845,20156000
2006-06-06,5.693821907043457,5.693821907043457,5.5761239484194505,5.659204798246377,17918400
2006-06-07,5.69452428817749,5.756010984289369,5.65120378880144,5.67356263584912,13090400
2006-06-08,5.765789985656738,5.781161785060088,5.66936760723121,5.694521363877293,21101600
2006-06-09,5.84125280380249,5.865009372743376,5.757407281476985,5.765791513863438,16530400
2006-06-12,5.84125280380249,5.865009372743376,5.817496767938436,5.86081672347332,13433200
2006-06-13,5.789549827575684,5.860818489722606,5.76998590200896,5.839857369362684,16013200
2006-06-14,5.711291790008545,5.785355884524594,5.66936902944062,5.785355884524594,28645200
2006-06-15,5.749022960662842,5.785356414070391,5.660984782258106,5.736446078033595,15852800
2006-06-16,5.764394283294678,5.785355930282844,5.721073794954987,5.729458560365619,8340000
2006-06-19,5.715487480163574,5.795140927545564,5.677756815654668,5.795140927545564,6878000
2006-06-20,5.719676971435547,5.732253853828522,5.681946324256621,5.694523206649595,7334000
2006-06-21,5.704305171966553,5.74622793562026,5.666574524755158,5.712689937928039,6104000
2006-06-22,5.673562049865723,5.715485350192494,5.612075360104384,5.68334401112146,7509600
2006-06-23,5.659587383270264,5.709894911969406,5.634433618920692,5.645613306665769,5859200
2006-06-26,5.679150104522705,5.707098784906828,5.644214387311737,5.67216306769586,8155200
2006-06-27,5.645613193511963,5.716881835689426,5.621856624068248,5.695920188125962,6917200
2006-06-28,5.647012233734131,5.6749609285953015,5.640025193288093,5.666576160213846,7100800
2006-06-29,5.744829177856445,5.762995899290957,5.651201182534003,5.687534625403028,8560800
2006-06-30,5.782562732696533,5.783959927476501,5.700114380676822,5.743434348856629,9486800
2006-07-03,5.774176597595215,5.797933167845545,5.7420357944962985,5.782561363520659,2915200
2006-07-05,5.762995719909668,5.778366986562417,5.712688205550274,5.74482899904062,6758800
2006-07-06,5.701510429382324,5.771381882029355,5.6721645472090225,5.7574078047307005,5288800
2006-07-07,5.762995719909668,5.785354555949766,5.681944606091378,5.6875344483705765,7476000
2006-07-10,5.817494869232178,5.818892063148295,5.7448285248309645,5.772777200843224,7042800
2006-07-11,5.818894386291504,5.83426619088914,5.793740621145712,5.820292113842308,9216800
2006-07-12,5.821688652038574,5.83706045490335,5.79932981143803,5.834265533193681,8724400
2006-07-13,5.7979350090026855,5.84404990354445,5.778370548963876,5.792345163277311,9643200
2006-07-14,5.814701557159424,5.8314705541758345,5.756009267986783,5.786752873414205,7345200
2006-07-17,5.8202924728393555,5.839856395142374,5.804920667293583,5.8160998230052074,5379600
2006-07-18,5.80631685256958,5.834265536605807,5.771381130793497,5.827278498865953,11680000
2006-07-19,5.869202613830566,5.887369342611106,5.810510843569188,5.834266883986336,6296400
2006-07-20,5.937677383422852,5.951651463317193,5.825882611960205,5.863613267367302,9272400
2006-07-21,5.994970321655273,5.99636751603117,5.941867873065058,5.969816558274478,13218800
2006-07-24,6.013133525848389,6.05365907261004,5.993569615846645,6.008941411727034,11911600
2006-07-25,6.0396857261657715,6.057851911583025,6.004750016103408,6.035493078466179,5723600
2006-07-26,6.036891937255859,6.050866010670169,6.021520136654082,6.04946881655943,10926800
2006-07-27,6.036891937255859,6.083006805984463,6.034097015957651,6.050866010670169,6512800
2006-07-28,6.0089430809021,6.092788585079349,5.992174086681992,6.048070911774587,12248000
2006-07-31,6.028508186340332,6.041085067757215,5.96422658491041,5.987982620321843,9329600
2006-08-01,6.06484317779541,6.085804296766857,5.994971715070012,6.022919873698607,8572000
2006-08-02,6.042483806610107,6.094188535277824,6.028509195431732,6.067637040577365,7305200
2006-08-03,6.0802130699157715,6.123533558867458,6.050867190179227,6.085802913601828,6882000
2006-08-04,6.14169979095459,6.148686828462484,6.101174227101293,6.127725182862009,12728000
2006-08-07,6.0396857261657715,6.158466927147152,6.013134245349332,6.148684970975821,7840000
2006-08-08,6.084406852722168,6.148688467856752,6.066240123896504,6.120739777296562,9622000
2006-08-09,6.099778652191162,6.168252384254347,6.081611923386325,6.120739770279574,4743600
2006-08-10,6.060649394989014,6.105367080130741,6.050867434681565,6.091393003427772,8563200
2006-08-11,6.098379611968994,6.1193412586229385,6.032700283324999,6.057854046079005,9570000
2006-08-14,6.12772274017334,6.1612612531493145,6.098376874492224,6.134710307972578,10012400
2006-08-15,6.169647693634033,6.171044887728158,6.12632721364204,6.155673087309169,6323200
2006-08-16,6.109560012817383,6.201790309332223,6.0997780520564815,6.1906106209901175,5628000
2006-08-17,6.021520614624023,6.137506925784273,6.013135850063843,6.109558776737217,7796800
2006-08-18,6.0941877365112305,6.12073869465474,6.038290365278028,6.050867247151657,9308000
2006-08-21,6.120741367340088,6.148690065160779,6.091395474513045,6.103972361878503,8244000
2006-08-22,6.148689270019531,6.1542791154762115,6.113753535530784,6.14030450183451,6444800
2006-08-23,6.111339092254639,6.2085903727355225,6.087378304575412,6.201543272003747,5648000
2006-08-24,6.187448501586914,6.187448501586914,6.105700635169154,6.132479830551211,4934400
2006-08-25,6.210000038146973,6.221275291645544,6.1536221576761685,6.167716358964212,7574400
2006-08-28,6.229732513427734,6.235370409349142,6.184630421375172,6.21281936332286,9340800
2006-08-29,6.2649641036987305,6.266373307847833,6.1973110137035174,6.222680989659093,6120000
2006-08-30,6.1578474044799805,6.236776292358618,6.153619253620807,6.209997107485414,12617600
2006-08-31,6.2649641036987305,6.277649091676518,6.162074995727325,6.173350241897045,7063600
2006-09-01,6.257918357849121,6.293154383427868,6.229729429854307,6.293154383427868,7832400
2006-09-05,6.243823051452637,6.291744063343979,6.209996771093472,6.283287762083705,12858000
2006-09-06,6.183217525482178,6.232548283149638,6.178989374526909,6.2085875065319405,4482400
2006-09-07,6.201541900634766,6.218455046182829,6.157849025504798,6.183219012656495,6265600
2006-09-08,6.236776828765869,6.241004979988694,6.2057689527075315,6.229729730841458,5224000
2006-09-11,6.260735034942627,6.267782668236162,6.1663027705893185,6.236774802253197,6173200
2006-09-12,6.257918357849121,6.2832883392785455,6.226910483288917,6.272012553016987,7685200
2006-09-13,6.256509304046631,6.27060403842421,6.180399351385122,6.263556402405849,8048400
2006-09-14,6.239597320556641,6.307250445170082,6.224093378688285,6.270605204293349,13254800
2006-09-15,6.2790608406066895,6.304430826844226,6.248053497829065,6.270604536966966,14544000
2006-09-18,6.197312831878662,6.305839863604202,6.1747617952642075,6.29738302325161,7792400
2006-09-19,6.233959674835205,6.252282564835283,6.201542584933076,6.221274679859654,6742000
2006-09-20,6.260735034942627,6.2875147510766185,6.225499019110688,6.245231639610078,4708000
2006-09-21,6.277649879455566,6.29174407335113,6.232547813798923,6.255098846627244,6355200
2006-09-22,6.266374588012695,6.305839301816419,6.2438235534073145,6.249461446473428,6264400
2006-09-25,6.339664936065674,6.376310699585852,6.260736054195233,6.295972075763623,10832800
2006-09-26,6.335437774658203,6.374901952925318,6.2931546497064215,6.350941712594314,9753200
2006-09-27,6.439737796783447,6.46510778591703,6.3185262836176275,6.3537623198965765,10626000
2006-09-28,6.393224716186523,6.449602035832346,6.374901831913561,6.434098635849633,7249600
2006-09-29,6.342486381530762,6.388998206405086,6.321344545195299,6.359399528003593,5340800
2006-10-02,6.4073166847229,6.469332413735618,6.338254398070073,6.360805425622269,7217200
2006-10-03,6.482019901275635,6.483429105815585,6.34812288829762,6.421413890534629,8219600
2006-10-04,6.6004133224487305,6.603231731676557,6.455240514895104,6.483429446105653,15865600
2006-10-05,6.53557825088501,6.624373191011201,6.522893259438411,6.607460048302107,15069200
2006-10-06,6.5285325050354,6.577862738845131,6.511619358823382,6.538398551797346,12324800
2006-10-09,6.5369873046875,6.544034401935921,6.504570227217521,6.528530465393962,10199600
2006-10-10,6.553901195526123,6.5919561702127885,6.507389380578271,6.542625408511207,7807600
2006-10-11,6.5651774406433105,6.6060508272766345,6.524303516350833,6.532759819542963,6424800
2006-10-12,6.563767433166504,6.582090318774477,6.520074563688762,6.539807191544574,6403600
2006-10-13,6.544034004211426,6.567994240931643,6.486246950031991,6.552490842990985,5078800
2006-10-16,6.54826545715332,6.569407295934833,6.513029417623663,6.5623601955607604,5325200
2006-10-17,6.551080703735352,6.563765692305887,6.520072834416489,6.5285296726831765,11541200
2006-10-18,6.662429332733154,6.672295379180435,6.559540178597801,6.584910165936295,5613600
2006-10-19,6.690620422363281,6.706124368248364,6.625785690692992,6.638470688448116,5794400
2006-10-20,6.751222133636475,6.756859488621932,6.666655356946196,6.723033208073049,6467200
2006-10-23,6.7765936851501465,6.778002889808708,6.69343663115681,6.73008186653019,6422800
2006-10-24,6.789278507232666,6.79068824962663,6.721625389120497,6.785050355369152,4594000
2006-10-25,7.014790058135986,7.068348982993903,6.863979868213824,6.913310103175565,63036000
2006-10-26,7.013379096984863,7.033111725200089,6.976733862760589,7.004922793980339,23066800
2006-10-27,7.03593111038208,7.035931110382081,6.995057718986,7.0119708650002135,12159600
2006-10-30,7.155733585357666,7.188150670923118,7.06130073813727,7.186741466185138,17288800
2006-10-31,7.1881513595581055,7.2247966005073545,7.128955077026416,7.167009522848649,17486000
2006-11-01,7.271305561065674,7.2769434536545745,7.200833516681497,7.2163374524714605,15869200
2006-11-02,7.244529724121094,7.278356019961349,7.210702890621561,7.278356019961349,13429600
2006-11-03,7.185334205627441,7.255806295369955,7.179696309409791,7.221979993382799,23055600
2006-11-06,7.19237756729126,7.214928602776759,7.164189176178708,7.171236273956847,11095600
2006-11-07,7.17828369140625,7.240298907338327,7.165598699777061,7.167007904331806,13858400
2006-11-08,7.346007347106934,7.371377331592751,7.154323258840372,7.154323258840372,11758000
2006-11-09,7.402383804321289,7.416477998510913,7.299494681291715,7.326273865315617,8723600
2006-11-10,7.468630313873291,7.534873694940471,7.43057533105126,7.451716629735122,12440000
2006-11-13,7.513731956481934,7.526416950013498,7.444669094441372,7.461582239930391,4860800
2006-11-14,7.49822473526001,7.499633939409563,7.3840598434234614,7.455941621206869,11378800
2006-11-15,7.40379524230957,7.44748811773347,7.337551864442684,7.386882096647727,13916400
2006-11-16,7.386880874633789,7.458762135049686,7.372786678523729,7.372786678523729,14740000
2006-11-17,7.424935817718506,7.431982915743541,7.364329806916796,7.378424002966867,8752000
2006-11-20,7.431985378265381,7.43903247862541,7.388292495778333,7.395340133797655,7875600
2006-11-21,7.455406665802002,7.4781192308919975,7.428435663979591,7.4383723773620725,10803600
2006-11-22,7.497988224029541,7.540574190703037,7.4397872765567765,7.4397872765567765,9722000
2006-11-24,7.496572494506836,7.496572494506836,7.461084081802977,7.462503380046642,2218800
2006-11-27,7.4511518478393555,7.509352857993101,7.414243573199109,7.478122862760667,10061200
2006-11-28,7.41707706451416,7.466760617720257,7.391525368148135,7.417077064514161,8196000
2006-11-29,7.536316871643066,7.57322457048537,7.431270966228775,7.438369079649625,10840400
2006-11-30,7.566129684448242,7.586003109457358,7.483796846337586,7.523543696355818,7433600
2006-12-01,7.5462565422058105,7.655560925361926,7.52922225463259,7.6129749356737575,8255600
2006-12-04,7.658400058746338,7.659819357080618,7.563290825042429,7.566129963221227,5998400
2006-12-05,7.65130090713501,7.71234101162332,7.637105219166724,7.652720205176775,7828800
2006-12-06,7.630008697509766,7.698146384617931,7.605876836903003,7.635686973479663,5816000
2006-12-07,7.604457855224609,7.672595550021272,7.581745290292389,7.654141421791886,6949600
2006-12-08,7.571805000305176,7.641362502152929,7.556190017757108,7.587419982853243,7045200
2006-12-11,7.60871696472168,7.631429531662239,7.564711670873893,7.574648385065994,3778400
2006-12-12,7.695303916931152,7.710918898336781,7.605873545897042,7.634263830441858,6079600
2006-12-13,7.692469596862793,7.735056133365778,7.6725961686335635,7.735056133365778,6842000
2006-12-14,7.776219844818115,7.791834831094478,7.672593757677864,7.692467179662277,7736800
2006-12-15,7.798932075500488,7.813127763112133,7.749248522635013,7.781897791876627,9033600
2006-12-18,7.708084583282471,7.8429406852678705,7.703826146238926,7.837262408202941,6091200
2006-12-19,7.767707824707031,7.807454693499678,7.686794246658873,7.709506820470453,8326400
2006-12-20,7.8216447830200195,7.888363162289163,7.794673788309788,7.807449636648345,14957200
2006-12-21,7.736477375030518,7.850040237371079,7.7123455036939665,7.818810788671451,6083600
2006-12-22,7.759189128875732,7.806034109248521,7.700988134222211,7.7506717120323945,4738000
2006-12-26,7.7932562828063965,7.8031929958541415,7.7435721760574285,7.7435721760574285,3384800
2006-12-27,7.781897068023682,7.85003473769124,7.705241986581404,7.807448761837773,5092800
2006-12-28,7.750667095184326,7.825902878708748,7.743569522797888,7.800351184909519,12496800
2006-12-29,7.7251176834106445,7.793255914676889,7.70098582186611,7.7378935340842885,4531200
2007-01-03,7.8216447830200195,7.889783001832404,7.71092112509261,7.725116271464285,10089200
2007-01-04,7.8159685134887695,7.850037087766669,7.770543386778087,7.779060259592449,9278000
2007-01-05,7.712340831756592,7.807449502130417,7.672593447882505,7.800351929066867,9176800
2007-01-08,7.702402114868164,7.762022908585985,7.666913714789227,7.700982817129412,6531600
2007-01-09,7.709506511688232,7.769126812489281,7.656983246875362,7.686793938786339,9546400
2007-01-10,7.712340831756592,7.739311826002129,7.679691020946056,7.715179427773921,4459200
2007-01-11,7.696725368499756,7.752087193074198,7.679690544392174,7.736472208397288,9433600
2007-01-12,7.644203186035156,7.725116716335594,7.625749602991305,7.693887284217455,7409200
2007-01-16,7.686789512634277,7.719438783536476,7.63426627806496,7.6654962508888635,6388000
2007-01-17,7.722279071807861,7.750669369684993,7.651302244094592,7.678273243681955,8470000
2007-01-18,7.733638286590576,7.7819025710912,7.725120868792661,7.754931560330139,6634800
2007-01-19,7.769124984741211,7.800354968200632,7.737895001281788,7.771964123374824,8224400
2007-01-22,7.771962642669678,7.7875776314244405,7.665497400989272,7.665497400989272,8368000
2007-01-23,7.83726167678833,7.838681516677209,7.743572280001802,7.750669854915428,5233200
2007-01-24,7.867074012756348,7.884108847117348,7.830166287994995,7.837263864890208,7290800
2007-01-25,7.865652561187744,7.903980115744305,7.842939996433145,7.855715847951998,6051200
2007-01-26,7.949402809143066,7.963597954698213,7.842937592949186,7.960759358795258,13014000
2007-01-29,7.9678568840026855,7.96927618194569,7.886943363499219,7.892621096781324,7536000
2007-01-30,7.980633735656738,7.991989745159857,7.935208614623948,7.967857886521881,6686400
2007-01-31,8.041669845581055,8.072899262321231,7.9493998097567085,7.967853925223555,10319200
2007-02-01,8.155238151550293,8.16375502487224,8.044513924772689,8.055870477882292,11764800
2007-02-02,8.183624267578125,8.19356097505643,8.119745046996199,8.158072579345355,6539200
2007-02-05,8.322741508483887,8.329839081707412,8.155236181160074,8.16659219001569,9248400
2007-02-06,8.385201454162598,8.389459890070551,8.332678759093909,8.34687390646053,11206400
2007-02-07,8.35965347290039,8.402239475446716,8.336940902108324,8.382366043692459,7240000
2007-02-08,8.410754203796387,8.451920894418773,8.363909236913624,8.373846491124397,10077200
2007-02-09,8.368165969848633,8.451918626934184,8.3468727103399,8.412171245285222,5227200
2007-02-12,8.37242603302002,8.413592720602342,8.321322633470956,8.375265170940544,3816800
2007-02-13,8.437726020812988,8.439145860770683,8.35681247155337,8.395140027756918,4589600
2007-02-14,8.467536926269531,8.49734706804268,8.43488710450622,8.457600212345149,5147200
2007-02-15,8.382365226745605,8.457601050139033,8.34545750587193,8.453342071242199,6009600
2007-02-16,8.409335136413574,8.409335136413574,8.338358305740472,8.349714317062842,4312000
2007-02-20,8.490243911743164,8.494502345908638,8.351129466734998,8.351129466734998,3293600
2007-02-21,8.40649700164795,8.478893139311579,8.402238023072224,8.473214862217484,7111600
2007-02-22,8.383785247802734,8.439147101063126,8.328422853031983,8.423532108295248,6952800
2007-02-23,8.46611499786377,8.480310686761324,8.348293758319954,8.385201466433273,4594400
2007-02-26,8.68330192565918,8.953013996973178,8.559802438546368,8.68330192565918,21795600
2007-02-27,8.410754203796387,8.646397253499725,8.309967236970733,8.588196275606437,11698400
2007-02-28,8.447916984558105,8.510812148584726,8.326415855424905,8.367869387118205,10440400
2007-03-01,8.497950553894043,8.537974368041727,8.113434028350532,8.316413111421438,9647600
2007-03-02,8.28353500366211,8.476507557036504,8.269240397122553,8.445060513216449,8400400
2007-03-05,8.160606384277344,8.244942677832514,8.076270090722174,8.147741507454228,9492400
2007-03-06,8.270670890808105,8.28639468680549,8.159175675966328,8.190622722677565,10582800
2007-03-07,8.247801780700684,8.326420231772277,8.2177839158834,8.26209584624692,9915200
2007-03-08,8.2821044921875,8.359293724398023,8.262092590195905,8.319269920414833,7308800
2007-03-09,8.29068374633789,8.333566484244988,8.257806962432996,8.316413498138868,6044800
2007-03-12,8.405036926269531,8.412183957548987,8.264953041114785,8.28782386837916,5574000
2007-03-13,8.334997177124023,8.465075139407137,8.322132299742895,8.383597764421213,9256400
2007-03-14,8.40789794921875,8.43076878219922,8.292114050533058,8.369303316323519,8444000
2007-03-15,8.459359169006348,8.512247878719455,8.355010938368586,8.38788773334072,8603200
2007-03-16,8.519392013549805,8.583716392812036,8.433626538055895,8.502239027507743,15342800
2007-03-19,8.547981262207031,8.61230564579668,8.516534209894917,8.52796935293106,6458800
2007-03-20,8.618022918701172,8.618022918701172,8.49080389363652,8.540833663510172,7966800
2007-03-21,8.708076477050781,8.719512164576514,8.530827682670662,8.605158015737148,10093600
2007-03-22,8.733807563781738,8.775261119473875,8.592294453361935,8.592294453361935,9971600
2007-03-23,8.818137168884277,8.82099608903222,8.708071196963116,8.73380093301135,11672400
2007-03-26,8.87817668914795,8.87817668914795,8.805275561587143,8.848158834403366,9710000
2007-03-27,8.825288772583008,8.912483423144169,8.818141196307073,8.87960664435222,13294800
2007-03-28,8.755245208740234,8.878176085855243,8.735233306937035,8.815280914149836,18631200
2007-03-29,8.819572448730469,8.833866513177275,8.748101035929222,8.815283793169542,8280800
2007-03-30,8.743810653686523,8.883895074963403,8.64803924118142,8.882465341630896,12654800
2007-04-02,8.941073417663574,8.96108532552197,8.76096570165442,8.795271673616359,13414400
2007-04-03,8.943930625915527,9.002537149964994,8.909624660526491,8.998249040612237,9221600
2007-04-04,8.826716423034668,8.982524070774875,8.816710472331634,8.952506218665773,16209600
2007-04-05,8.776690483093262,8.835297024940575,8.752389917053145,8.802420237590487,9945200
2007-04-09,8.826716423034668,8.85959319609941,8.78097477831125,8.790980729014285,8271600
2007-04-10,8.843866348266602,8.882460949909664,8.79526579937718,8.820995533805887,9125200
2007-04-11,8.748101234436035,8.883897030896522,8.743812578777792,8.876749453227324,12969600
2007-04-12,8.688061714172363,8.869599104361262,8.659473595319586,8.869599104361262,13101600
2007-04-13,8.643752098083496,8.80956573976426,8.625169379667916,8.80956573976426,8314400
2007-04-16,8.792413711547852,8.808137510948365,8.662335750984948,8.67663036193253,8548000
2007-04-17,8.873887062072754,8.895328149529833,8.792409184829063,8.792409184829063,13771600
2007-04-18,8.918201446533203,8.941072273341906,8.835294903832974,8.862453840267209,12125200
2007-04-19,8.815281867980957,9.038272823523462,8.812423491942727,9.038272823523462,8981600
2007-04-20,8.898189544677734,8.908195497330192,8.836724095364909,8.883895482398087,12466800
2007-04-23,9.10402774810791,9.114033701597938,8.93392599349387,9.016833088449607,12062800
2007-04-24,9.19408130645752,9.214093212200511,9.066862295419748,9.1383336989496,8625200
2007-04-25,9.221236228942871,9.286989756807623,9.198364867650856,9.226954069265876,6835200
2007-04-26,9.192652702331543,9.276989535952298,9.189794325688714,9.255547894145854,6625200
2007-04-27,9.13404655456543,9.186934700804109,9.08973408339166,9.185506057790816,5540800
2007-04-30,9.2012300491333,9.399920488881484,9.165494342839496,9.191224094993723,13793200
2007-05-01,9.23553466796875,9.261264416351226,9.148339470148533,9.212663295821196,9025600
2007-05-02,9.219810485839844,9.26698187099185,9.19122236242063,9.248398609259059,8408400
2007-05-03,9.19408130645752,9.248399180536062,9.14262180867066,9.221240788780326,5882800
2007-05-04,9.142621994018555,9.221240975722058,9.114033322970329,9.208375555730989,7162000
2007-05-07,9.125465393066406,9.191219474003939,9.09115889234755,9.099735653848096,7306000
2007-05-08,9.085445404052734,9.118322185657453,9.031126982352802,9.11689245216654,7380800
2007-05-09,9.111175537109375,9.124040412650663,9.074010098752954,9.074010098752954,6297600
2007-05-10,9.092594146728516,9.168353677496762,9.076870347070882,9.098311991201049,8402800
2007-05-11,9.232681274414062,9.232681274414062,9.09688595730486,9.105462727501981,11707600
2007-05-14,9.381336212158203,9.40849569499469,9.248399355455692,9.25697666562711,11592800
2007-05-15,9.342743873596191,9.455668845211163,9.339884406150736,9.412785558067702,7288400
2007-05-16,9.377044677734375,9.468527955326579,9.334162504806795,9.46281011415623,3877200
2007-05-17,9.301287651062012,9.365611472751434,9.274128170960397,9.348459035269977,6512800
2007-05-18,9.301287651062012,9.352747144640341,9.269840061590033,9.319869821855916,6463200
2007-05-21,9.365612030029297,9.377047716075374,9.319870376412034,9.319870376412034,4693600
2007-05-22,9.447089195251465,9.508554643308269,9.395630790209676,9.405636742657666,7974400
2007-05-23,9.25268840789795,9.452807465913438,9.244111097863662,9.445660979879783,7300000
2007-05-24,8.981098175048828,9.378479063728678,8.941073812281951,9.372761219721465,12764400
2007-05-25,8.945363998413086,9.106889029625448,8.835297936219034,9.075441972772655,10982000
2007-05-29,8.983957290649414,9.088306043870507,8.952510236590628,8.952510236590628,5683600
2007-05-30,9.112605094909668,9.119752127103856,8.903908701251174,8.931067641702533,6588400
2007-05-31,9.13833236694336,9.211233493276497,9.058284210355698,9.10545559154578,8603600
2007-06-01,9.053997993469238,9.166922403771277,9.02398013295668,9.131187245030306,10573600
2007-06-04,8.992531776428223,9.069721021444247,8.8924717045871,9.012543681739741,10233200
2007-06-05,8.768113136291504,8.976809535373567,8.758107181902886,8.961085736967561,14302800
2007-06-06,8.624207496643066,8.735014165864634,8.398277193474671,8.70623312013973,25254000
2007-06-07,8.323444366455078,8.648668610022474,8.310492926948482,8.59830220580384,23492400
2007-06-08,8.419862747192383,8.444326828718328,8.216957166448195,8.252933337140092,12831200
2007-06-11,8.68896198272705,8.714864860847031,8.300419359879973,8.300419359879973,19165600
2007-06-12,8.490375518798828,8.670256356061515,8.475985271398914,8.651548595279426,15191600
2007-06-13,8.670257568359375,8.68464781777137,8.532109197774028,8.562329050910916,13480000
2007-06-14,8.664501190185547,8.755161297933503,8.609817803628973,8.727819604655217,9760400
2007-06-15,8.821355819702148,8.893308151916607,8.71342732138046,8.77674572505893,14902000
2007-06-18,8.722063064575195,8.922090489326024,8.70911162093903,8.890431282892548,6468000
2007-06-19,8.713424682617188,8.755157154412016,8.627082129688805,8.716302840908476,7693200
2007-06-20,8.484615325927734,8.77098572962382,8.473103243055116,8.724936300228345,8499600
2007-06-21,8.533546447753906,8.60549877960504,8.408349544039698,8.4874969992854,8140800
2007-06-22,8.343595504760742,8.509086150458343,8.3320834127473,8.490378383364446,12421600
2007-06-25,8.311931610107422,8.452958637760068,8.284589926639423,8.3133709638941,9777200
2007-06-26,8.15363883972168,8.399715701504121,8.149321875149178,8.346471125616446,15182000
2007-06-27,8.301861763000488,8.30617927719359,8.084565912313336,8.193933240371477,12578400
2007-06-28,8.25293254852295,8.416984332322222,8.250054938221034,8.31193344086166,10163600
2007-06-29,8.165151596069336,8.314812042607054,8.094638062959445,8.311933883199224,12851200
2007-07-02,8.260128021240234,8.274518268212553,8.193931457890455,8.241420261014031,10729200
2007-07-03,8.175224304199219,8.284591609236285,8.116223412872762,8.281713450031,6546400
2007-07-05,8.175224304199219,8.232785841446665,8.01836819570409,8.137808783483278,8809600
2007-07-06,8.130616188049316,8.205446703795976,8.058663832402862,8.165153560298894,6995600
2007-07-09,8.05578899383545,8.17954718440733,8.050032671261608,8.136375863009802,9764000
2007-07-10,7.992465972900391,8.132053137709674,7.986709654013695,8.08744303871974,12478800
2007-07-11,7.960804462432861,8.068732940013517,7.858632302071806,7.957926303823062,13927600
2007-07-12,8.120540618896484,8.12197942406558,7.950733063399958,7.978074753234813,9884400
2007-07-13,8.268763542175293,8.291788271136564,8.116224918664187,8.163713181979942,5362800
2007-07-16,8.27308177947998,8.454401467281556,8.261569139516508,8.409790810852435,11159600
2007-07-17,8.346470832824707,8.376690681677655,8.27883546248004,8.314811629862906,10102000
2007-07-18,8.418426513671875,8.447207568808356,8.274521786942442,8.296107715533044,13185200
2007-07-19,8.569523811340332,8.591109733493571,8.435692411476975,8.44720504967945,8196800
2007-07-20,8.435688972473145,8.605496474064074,8.422737534251715,8.569520317777057,9017200
2007-07-23,8.61269474029541,8.697598522091903,8.595426332679128,8.6414757856244,8604800
2007-07-24,8.274517059326172,8.72493875034928,8.263004424268097,8.723499396490693,8589200
2007-07-25,8.383886337280273,8.424180020593388,8.162273549345665,8.162273549345665,14228400
2007-07-26,8.103272438049316,8.333519698217492,8.029880746465683,8.288909051393071,15298400
2007-07-27,7.903245449066162,8.137810251561714,7.897489678569981,8.05866278047264,11233200
2007-07-30,8.31624984741211,8.340713374391772,8.03851382925761,8.202565042270594,17543600
2007-07-31,8.307616233825684,8.533546513667114,8.303299269546145,8.488936418904586,17196000
2007-08-01,8.556574821472168,8.55945298184811,8.257253278762564,8.317692999798489,12327200
2007-08-02,8.614133834838867,8.67169537480905,8.46303403760709,8.605499356814597,14831200
2007-08-03,8.218395233154297,8.680329060720707,8.191052996382236,8.61413304876689,15797600
2007-08-06,8.740768432617188,8.752280518832634,8.254370575817857,8.303298177376993,13910000
2007-08-07,9.05447769165039,9.159528538798181,8.6026173093753,8.634276498869292,19177200
2007-08-08,9.008434295654297,9.238681603619098,8.786821467595507,9.054483757247256,19382800
2007-08-09,8.814159393310547,8.992601392363264,8.724938668260512,8.778183232521524,21480800
2007-08-10,8.663061141967773,8.91921127589219,8.641475222140388,8.756598846996711,14589600
2007-08-13,8.67313289642334,8.752280340254876,8.615570819662596,8.700474580960737,10498400
2007-08-14,8.539301872253418,8.782500530831992,8.526350431917715,8.749402527519122,8324800
2007-08-15,8.486056327819824,8.756596640833255,8.457275291618739,8.516276168802293,10852400
2007-08-16,8.5321044921875,8.582470886304476,8.149318250040904,8.419858522658556,14439200
2007-08-17,8.634279251098633,8.756597987574787,8.339274819809969,8.716304860067854,14255200
2007-08-20,8.570964813232422,8.673137026632862,8.454401799312471,8.632843883084048,6882800
2007-08-21,8.652987480163574,8.719183492937956,8.504765305008927,8.504765305008927,6262800
2007-08-22,8.742208480834961,8.77818464742276,8.612694061537793,8.700475995844458,5867600
2007-08-23,8.697596549987793,8.772427031294898,8.619888458857764,8.769548872519318,4658800
2007-08-24,8.634279251098633,8.727817495899945,8.59830308755239,8.690401978398343,7402800
2007-08-27,8.346470832824707,8.634280171887628,8.320567948392824,8.634280171887628,9048800
2007-08-28,8.23997688293457,8.385320831558541,8.234221116328124,8.303295256177673,5666000
2007-08-29,8.506674766540527,8.52116934767518,8.28346374618424,8.316800453426337,5866000
2007-08-30,8.474791526794434,8.590745462387684,8.408117530030331,8.4907352966095,5955600
2007-08-31,8.528416633605957,8.602337064557615,8.437102704738349,8.587843035872742,8910400
2007-09-04,8.751625061035156,8.80670279252419,8.479133107218704,8.542907584532532,8832000
2007-09-05,8.564651489257812,8.706695058680932,8.518269938136454,8.676257269428486,8612400
2007-09-06,8.638575553894043,8.658867974858664,8.451600089042921,8.557408081683304,7960400
2007-09-07,8.492180824279785,8.66611192927408,8.440001437490324,8.638572501295343,7542400
2007-09-10,8.625523567199707,8.655961897010833,8.482030874437664,8.54290642823696,6916800
2007-09-11,8.729886054992676,8.755975747272128,8.609584076514507,8.645819698801333,5460400
2007-09-12,8.809602737426758,8.890770715876728,8.70524453989007,8.73278340885321,7613600
2007-09-13,8.832796096801758,8.89077332023657,8.80235830330878,8.877728472609327,4431200
2007-09-14,8.89802074432373,8.942953122198578,8.790763594819884,8.80090952645101,5331600
2007-09-17,8.879179000854492,8.884976834659534,8.763225089312991,8.870482803058795,5687200
2007-09-18,9.096590042114258,9.131376481515463,8.905266007686869,8.96904105443713,7147600
2007-09-19,9.151667594909668,9.195150225933494,9.0589045012824,9.11253306111473,8043600
2007-09-20,9.077747344970703,9.167611524466412,9.04006199191944,9.12702780848351,4042800
2007-09-21,9.145870208740234,9.202398240026977,9.077747619552897,9.167611801766803,8033200
2007-09-24,8.989336013793945,9.153121231824565,8.967594412556364,9.11978396248377,6975600
2007-09-25,8.973389625549316,9.056006801461258,8.937154002678756,8.94295183503686,5828000
2007-09-26,9.092245101928711,9.13862666862911,9.015425735752155,9.02991976800407,6045600
2007-09-27,8.958897590637207,9.10384011436458,8.953099756989268,9.10094119754061,6254400
2007-09-28,8.82409954071045,9.01397386154342,8.805256860925276,8.966143124133989,6305600
2007-10-01,9.021222114562988,9.02991831134656,8.840043976081269,8.840043976081269,4226400
2007-10-02,9.013973236083984,9.035714830705334,8.958895488090212,9.012524054468031,3176800
2007-10-03,9.02411937713623,9.04586097226595,8.986434572211344,8.99658050249542,4262400
2007-10-04,9.05745792388916,9.087895719065628,9.006727712349903,9.042963340772882,3825600
2007-10-05,9.10673713684082,9.183556481504878,9.073399876755783,9.113984150937323,4782000
2007-10-08,9.03426456451416,9.17920703682471,9.022668901331723,9.095140137486998,3059200
2007-10-09,9.206746101379395,9.21689203042184,9.070500373586784,9.087893315815025,6039200
2007-10-10,9.138625144958496,9.22414124797535,9.103839252188946,9.187905620475188,6184000
2007-10-11,9.125582695007324,9.260379308963387,9.076302206540465,9.203851803674446,8041200
2007-10-12,9.209648132324219,9.209648132324219,9.111087171507304,9.115435270307156,7394400
2007-10-15,9.153120040893555,9.211096715130497,9.095142813744797,9.200950783316236,6911200
2007-10-16,9.166165351867676,9.232838779414717,9.132828085182311,9.142974570420362,8733600
2007-10-17,9.166165351867676,9.25457982600866,9.105289204998577,9.225591763883402,6532000
2007-10-18,9.069049835205078,9.203846369575091,9.03281421957683,9.161812922747535,6960000
2007-10-19,8.796560287475586,9.083546376395859,8.783515440119583,9.083546376395859,9528000
2007-10-22,8.873380661010742,8.898020622373835,8.734235430854689,8.740033263967815,6701600
2007-10-23,8.953103065490723,8.957451165877536,8.840048032137164,8.911069585378021,5650800
2007-10-24,8.970491409301758,8.983536256669467,8.87048128142384,8.91976175448943,5714800
2007-10-25,9.351686477661133,9.390821558799658,8.942949361862208,8.967589313202376,12429200
2007-10-26,9.657516479492188,9.657516479492188,9.377777465219543,9.393721225552955,9116800
2007-10-29,9.727089881896973,9.767673599200977,9.587945234358942,9.663314837091615,11115200
2007-10-30,9.706801414489746,9.787968877455063,9.603892350851936,9.703901944627416,12150000
2007-10-31,9.916969299316406,9.925666604534248,9.69955546787719,9.740139206147347,9092400
2007-11-01,9.632879257202148,9.902472419174144,9.614037128655749,9.83434926130265,9497200
2007-11-02,9.651721954345703,9.818406074863377,9.569104761508063,9.663317621437503,10249600
2007-11-05,9.751733779907227,9.81840721468973,9.498084338402048,9.498084338402048,7528000
2007-11-06,9.760428428649902,9.80101326173903,9.608239451404291,9.758979799693014,5688000
2007-11-07,9.573451042175293,9.790864757538941,9.573451042175293,9.63142714828026,8590800
2007-11-08,9.81550407409668,9.856087788056957,9.582146613001823,9.653168112432306,10057600
2007-11-09,9.985090255737305,10.067707449074335,9.70535114394285,9.70535114394285,13231600
2007-11-12,9.944504737854004,10.161918481828385,9.89087561624387,9.987987928978276,15280000
2007-11-13,9.796661376953125,10.048862080225106,9.648820538675867,10.048862080225106,17444000
2007-11-14,9.735788345336914,9.856090896679344,9.6836089521239,9.83579903329913,9552400
2007-11-15,9.747382164001465,9.812605840241629,9.600989943803752,9.686506585400858,12049600
2007-11-16,9.851740837097168,9.887976458180606,9.725640477630376,9.814055481539839,8079200
2007-11-19,9.795214653015137,9.834348642402123,9.719843931925585,9.774922790988768,8394400
2007-11-20,10.02277660369873,10.069158171069697,9.769127165239809,9.790868766843904,8638000
2007-11-21,9.919865608215332,10.163369066055974,9.899573745547242,9.919865608215332,10538800
2007-11-23,9.92711067199707,10.001031650347588,9.856089162661393,9.969144126124878,2008400
2007-11-26,9.822754859924316,10.131483159329502,9.822754859924316,9.932911493346174,8944400
2007-11-27,9.847394943237305,9.905371065286506,9.741586419432586,9.854641405581631,7132400
2007-11-28,10.029672622680664,10.047171725376236,9.824063450560917,9.997591490674209,6850000
2007-11-29,10.102583885192871,10.152164119911685,9.918847200708482,9.977176430509283,9242400
2007-11-30,10.172582626342773,10.227994801511988,10.112794839614129,10.203205232031383,7960400
2007-12-03,10.417559623718262,10.44380771788643,10.141955191221182,10.141955191221182,14046000
2007-12-04,10.518178939819336,10.583799747410541,10.353399877493898,10.353399877493898,10528400
2007-12-05,10.580876350402832,10.61149893062975,10.284856962338988,10.284856962338988,9254400
2007-12-06,10.340275764465332,10.57650754254599,10.236740792855514,10.57650754254599,14614400
2007-12-07,10.382564544677734,10.423395790966625,10.281947747230227,10.379648583354523,7650400
2007-12-10,10.386938095092773,10.42339372335887,10.34027493541367,10.391312592478707,7080800
2007-12-11,10.082164764404297,10.458386977056684,10.054458141077603,10.382558675069017,10600000
2007-12-12,10.083627700805664,10.372355673692518,9.996134409401696,10.328609584259313,9158000
2007-12-13,10.210490226745605,10.214865835962572,9.956759406489471,10.023837618164665,8158000
2007-12-14,10.118622779846191,10.225073690089813,10.118622779846191,10.210490550645257,8260000
2007-12-17,10.03696060180664,10.134661387017903,10.01071251342511,10.054458585702912,7372800
2007-12-18,10.216326713562012,10.280488986653896,10.080711707959965,10.089461816814655,8228800
2007-12-19,10.143410682678223,10.327147306850351,10.141953259001312,10.238195510923845,6413200
2007-12-20,10.080707550048828,10.254236655679849,10.04862753927236,10.197365978000933,8956000
2007-12-21,9.971343994140625,10.31548524680821,9.933430938153796,10.178412827975846,23598800
2007-12-24,9.97571849822998,10.06175324558731,9.953844899101647,9.953844899101647,2836800
2007-12-26,10.000508308410645,10.054461926735417,9.931971548610262,10.003424269183268,4665600
2007-12-27,9.978633880615234,10.041337601129136,9.956760282754589,10.013630969669826,5944400
2007-12-28,10.006339073181152,10.060292679269924,9.962591883750628,9.968424916510514,5098000
2007-12-31,9.883845329284668,10.032584848992256,9.845931181363934,9.956756553150784,5258000
2008-01-02,9.67532730102539,9.936349834938744,9.660745266526895,9.896978230539016,7558800
2008-01-03,9.765734672546387,9.89697516749061,9.67532430657646,9.724904543572089,6318000
2008-01-04,10.035506248474121,10.12008358101534,9.681157463898064,9.692823533049458,11587200
2008-01-07,10.503594398498535,10.754409274152547,10.045711841795233,10.101123990762158,24234000
2008-01-08,10.433602333068848,10.668376692369083,10.407354233503057,10.534219120956378,12738800
2008-01-09,10.420477867126465,10.458392036461852,10.233825206610126,10.443810005959815,13824800
2008-01-10,10.500679016113281,10.598379828566646,10.322775379981817,10.322775379981817,13569600
2008-01-11,10.391311645507812,10.592546294684452,10.360689054059456,10.394227605986872,10026000
2008-01-14,10.395686149597168,10.49630403052292,10.386937155616629,10.49630403052292,8388000
2008-01-15,10.35485553741455,10.474429937149662,10.31402541738851,10.353397000974383,13197600
2008-01-16,9.888224601745605,10.373813854292628,9.88239156751392,10.292153600124067,18913200
2008-01-17,9.525123596191406,9.91884381605516,9.520749100143142,9.844475158160387,12619600
2008-01-18,9.28889274597168,9.797813482019773,9.19994093786072,9.571788176976389,18840000
2008-01-22,8.876218795776367,9.06578800663514,8.342508265002548,8.962254125755129,21498800
2008-01-23,9.159109115600586,9.274308438786521,8.607899826336538,8.634147914219042,23852800
2008-01-24,8.968083381652832,9.218898249357064,8.930169777968286,9.188275102850646,14718400
2008-01-25,8.905379295349121,9.207231800929351,8.831010071246611,9.040994253655445,15121600
2008-01-28,9.064323425292969,9.105153533086796,8.810592118779262,8.810592118779262,15597200
2008-01-29,9.127031326293945,9.259729794004521,9.065785580128967,9.154737404160988,10422800
2008-01-30,9.132862091064453,9.331180753147754,9.105155463813377,9.105155463813377,10074000
2008-01-31,9.383675575256348,9.491583889858541,8.922876599512787,9.156192881625474,13048800
2008-02-01,9.526583671569824,9.592203347970056,9.37930264310535,9.42450725962385,9447200
2008-02-04,9.73365306854248,9.819687820074135,9.5513749211915,9.5513749211915,7016000
2008-02-05,9.319518089294434,9.708864542813735,9.297644486772327,9.708864542813735,9876000
2008-02-06,9.331180572509766,9.57616182274644,9.290349900579816,9.364719675555671,9990800
2008-02-07,9.290349006652832,9.344303718606438,9.182440695282725,9.322430126596213,8360000
2008-02-08,9.220357894897461,9.299102189390275,9.159112703360007,9.25827206169864,5372000
2008-02-11,9.261189460754395,9.285979582323083,9.141615020001291,9.198486279034569,6450400
2008-02-12,9.347222328186035,9.442007178742674,9.227647918840907,9.280144109532664,6785200
2008-02-13,9.398262023925781,9.488672396987722,9.337016825660108,9.39972056080001,6832800
2008-02-14,9.290349006652832,9.551371349557403,9.255351926958737,9.420130910033164,5927200
2008-02-15,9.433259963989258,9.44346749674171,9.223275161610124,9.261188775223681,7303200
2008-02-19,9.39242935180664,9.522211309812358,9.342849114879275,9.520752773054548,5655200
2008-02-20,9.44492244720459,9.477003573891722,9.271394435863714,9.32972309970462,7589200
2008-02-21,9.312225341796875,9.551374163138103,9.278686232098408,9.459506384677884,7568400
2008-02-22,9.417220115661621,9.439093719669595,9.253898466611487,9.33847580875554,5619600
2008-02-25,9.443463325500488,9.52949804747794,9.342845466714467,9.417215236797054,5532000
2008-02-26,9.456589698791504,9.506169931485884,9.341389780586526,9.401177544638943,8242400
2008-02-27,9.445577621459961,9.536611537791885,9.383908707660117,9.445577621459961,8722000
2008-02-28,9.269377708435059,9.438231866021352,9.18274798928662,9.376563537192961,9285200
2008-02-29,8.852385520935059,9.281129079060815,8.767223806996155,9.281129079060815,15228000
2008-03-03,9.008020401000977,9.008020401000977,8.7099556760992,8.809800122294162,12208800
2008-03-04,9.125490188598633,9.222398024224798,8.890561711850847,8.941952578692081,9220000
2008-03-05,9.128426551818848,9.220929666620771,8.996279805071307,9.166602689406083,11356000
2008-03-06,8.889091491699219,9.11814601458428,8.889091491699219,9.103463233413976,8914000
2008-03-07,8.852385520935059,8.902307769768688,8.737857679427144,8.836234122766486,9682400
2008-03-10,8.780441284179688,8.859729685395129,8.665913966943476,8.8391735576976,7331200
2008-03-11,8.93901538848877,9.000683752967587,8.836234220911773,8.958102895525183,13696800
2008-03-12,8.915520668029785,9.072628774126763,8.915520668029785,8.931672062881056,7496000
2008-03-13,9.022704124450684,9.060879680169515,8.85091272343586,8.867064113971068,10706800
2008-03-14,9.021235466003418,9.103460471906125,8.840634623854852,9.022704079742267,12078000
2008-03-17,9.122550010681152,9.178345019350578,8.824484665965945,8.824484665965945,16042800
2008-03-18,9.126952171325684,9.27818688204388,8.985995515115796,9.27818688204388,11409200
2008-03-19,8.928733825683594,9.295808880117207,8.928733825683594,9.1533835797611,10049600
2008-03-20,8.93754768371582,8.986001883691499,8.74960534223713,8.939016298321825,12638800
2008-03-24,9.163663864135742,9.229737502018514,8.990404351515236,9.081438830313601,13585200
2008-03-25,9.191559791564941,9.289936204396065,9.151916175770083,9.185687015962225,9386800
2008-03-26,9.204778671264648,9.329584591029143,9.138705575044334,9.165134477465035,7827200
2008-03-27,9.289935111999512,9.385374285638472,9.240012884517942,9.24294955203004,8906800
2008-03-28,9.097587585449219,9.38977956144264,9.075563419289509,9.360413446450972,7129600
2008-03-31,9.212120056152344,9.266447032403292,9.027113829830432,9.077036082634974,8689600
2008-04-01,9.527802467346191,9.541017755212371,9.213586229765761,9.241483739418674,8762000
2008-04-02,9.657010078430176,9.76419648765951,9.502839227075317,9.517522005267566,9597200
2008-04-03,9.658478736877441,9.711337634792741,9.586532339246572,9.60121511750656,8924800
2008-04-04,9.683441162109375,9.837613159717073,9.62030419702162,9.654075600767127,5431600
2008-04-07,9.655545234680176,9.771541118614467,9.574788252123238,9.771541118614467,4448800
2008-04-08,9.712806701660156,9.746576981210652,9.602684179238214,9.607088900899214,4305200
2008-04-09,9.690781593322754,9.792094668451957,9.637922695013968,9.720147150061331,4358000
2008-04-10,9.565977096557617,9.673162395815819,9.492562078349538,9.654074894362457,6093600
2008-04-11,9.520461082458496,9.58800389961444,9.479348842606719,9.479348842606719,4217200
2008-04-14,9.477883338928223,9.554234497512459,9.429429137402296,9.498439463171085,3962400
2008-04-15,9.552763938903809,9.60562285340734,9.470539458664769,9.557168661741681,3902000
2008-04-16,9.887535095214844,9.906623718785717,9.568914153444375,9.615899724948664,7610800
2008-04-17,9.881662368774414,10.004999067521046,9.839081521762077,9.875789032611575,4328800
2008-04-18,9.755387306213379,9.987377896405777,9.69371784379465,9.987377896405777,7662400
2008-04-21,9.780348777770996,9.802373507193765,9.683440416400515,9.683440416400515,4080800
2008-04-22,9.745110511779785,9.831739700816327,9.681973547479254,9.781818023112084,4075200
2008-04-23,9.941863059997559,9.949205010963146,9.774476884047,9.802374953446908,4680000
2008-04-24,9.83614730834961,9.99766018154626,9.789161724870135,9.990319349260993,5223600
2008-04-25,9.783284187316895,9.925709491164497,9.726020567039392,9.805308915167672,4382000
2008-04-28,9.755387306213379,9.836143148546919,9.721615907264452,9.808246205301318,3530800
2008-04-29,9.8258638381958,9.86550856756705,9.693716607331734,9.693716607331734,5324400
2008-04-30,9.733360290527344,9.934517782567315,9.599744460286267,9.84495139795436,12041200
2008-05-01,9.91837215423584,9.962420505222386,9.701063147271942,9.701063147271942,5027200
2008-05-02,10.050514221191406,10.128335071233277,9.947733657323473,9.966821156263482,5070800
2008-05-05,9.859634399414062,10.046108000375817,9.767130785516406,10.046108000375817,7381600
2008-05-06,9.792098999023438,9.886070166414806,9.673165865118209,9.861109320125623,7199600
2008-05-07,9.524866104125977,9.792096760342716,9.492563312678168,9.724555069235674,12518400
2008-05-08,9.598278999328613,9.63645399871753,9.496965925065643,9.54248287368852,4228400
2008-05-09,9.579190254211426,9.63351776524984,9.473472459879462,9.557165527021573,4238000
2008-05-12,9.646732330322266,9.680503729446711,9.508712866630171,9.570381209145205,4889200
2008-05-13,9.502839088439941,9.690781335096863,9.464662969517706,9.689312721231813,5238800
2008-05-14,9.538081169128418,9.652608443968434,9.441173905888606,9.527803109084429,7457200
2008-05-15,9.44264030456543,9.541017290973057,9.411806128010584,9.524865895602748,8624400
2008-05-16,9.45145034790039,9.495498689023298,9.360415317220777,9.47053785036455,9287600
2008-05-19,9.689314842224121,9.71280818831101,9.454386982477228,9.454386982477228,10376400
2008-05-20,9.646732330322266,9.797968199191335,9.607088715912374,9.661416229208498,9810400
2008-05-21,9.695186614990234,9.909558322446868,9.639391607369758,9.646732436669595,8676400
2008-05-22,9.773006439208984,9.824397845892998,9.654074473370018,9.727489488376635,6055600
2008-05-23,9.61443042755127,9.837611570276822,9.601215142925371,9.746576552465198,5105200
2008-05-27,9.661413192749023,9.743637623593642,9.599743749391706,9.599743749391706,5580000
2008-05-28,9.712806701660156,9.784753102646375,9.620303065882219,9.705464752075668,5013600
2008-05-29,9.896346092224121,9.960950555723713,9.679037114386123,9.701061847039718,10338000
2008-05-30,9.913966178894043,9.988849830865785,9.83027308088724,9.906625347273016,7168000
2008-06-02,9.759791374206543,9.905152776852212,9.689312473400813,9.894874720508056,7448000
2008-06-03,9.662883758544922,9.872850742836247,9.582127915493928,9.764196836067597,8709600
2008-06-04,9.666581153869629,9.733104048192601,9.57936219785281,9.669538378597764,9826400
2008-06-05,9.75232219696045,9.75232219696045,9.580839261486522,9.653276602083642,6273200
2008-06-06,9.462577819824219,9.755279944952772,9.441881191610921,9.690235654841379,8412000
2008-06-09,9.49066162109375,9.54092428085578,9.43744342896537,9.469965563500724,6794000
2008-06-10,9.5438814163208,9.566056088399376,9.388660403546782,9.406400366779776,5289600
2008-06-11,9.484750747680664,9.605971013806911,9.428574759671694,9.543881704541697,7941200
2008-06-12,9.684320449829102,9.707972606766752,9.551273542521399,9.551273542521399,11578800
2008-06-13,9.966679573059082,9.966679573059082,9.710934785942117,9.756761638787651,10106800
2008-06-16,9.928239822387695,10.034676222853928,9.77301823895035,9.999197422698517,7395200
2008-06-17,9.987373352050781,10.07607206705773,9.956329252938755,9.95928647829286,7860400
2008-06-18,9.914935111999512,10.076070025621531,9.904587081058706,9.94302310791775,6649600
2008-06-19,9.975543022155762,9.97997773019668,9.805538737534294,9.904584309949678,7768400
2008-06-20,9.817366600036621,10.016936381682314,9.774495870551892,9.920846893378652,8628400
2008-06-23,9.886848449707031,9.978503256010802,9.821804158384264,9.839542997903685,5379200
2008-06-24,9.764150619506836,9.89571894184267,9.7360626199573,9.867630942293134,6962000
2008-06-25,9.749367713928223,9.845457239078334,9.702062257710619,9.78041294168603,9143200
2008-06-26,9.434487342834473,9.74492935347074,9.430052634201909,9.660666505900172,9113600
2008-06-27,9.39013671875,9.524661638769848,9.313265255320774,9.425615508686445,6448400
2008-06-30,9.694666862487793,9.756755032922268,9.35613689342767,9.38570293055491,16580000
2008-07-01,9.713889122009277,9.808500036570491,9.539450036814962,9.60597407626808,10433200
2008-07-02,9.72127628326416,9.875019225877582,9.665100304936836,9.761189785051538,7290400
2008-07-03,9.586753845214844,9.876499862204868,9.57788442595369,9.783367576410141,6323600
2008-07-07,9.55866527557373,9.722755141987115,9.480314617243055,9.608926812919139,6922800
2008-07-08,9.756756782531738,9.793714194586784,9.53353369792107,9.53353369792107,16810000
2008-07-09,9.913457870483398,9.977024677295917,9.727193287791689,9.781889546963454,14109600
2008-07-10,10.062764167785645,10.077546907123537,9.848411627759418,9.901630391656402,10817200
2008-07-11,10.039112091064453,10.164767068222062,9.906065180253158,9.993284132542898,9606800
2008-07-14,9.975543022155762,10.138155374808724,9.934149782122773,10.138155374808724,9019600
2008-07-15,9.87797737121582,10.02285092745224,9.79371451409537,9.891282626472075,12975200
2008-07-16,9.784844398498535,9.984414190313831,9.702059031755756,9.87058473398651,11898000
2008-07-17,9.521709442138672,9.75232336294044,9.43744601270099,9.719800655575913,12829200
2008-07-18,9.639971733093262,9.737539847428467,9.444836632273622,9.548316940340564,10587600
2008-07-21,9.67101764678955,9.693192324937263,9.549797351146504,9.659191001397307,6652000
2008-07-22,9.718321800231934,9.842499304534039,9.622232293015593,9.622232293015593,9033600
2008-07-23,9.425618171691895,9.741974094235067,9.385704662717991,9.71832080902778,10435600
2008-07-24,9.342832565307617,9.518749618916383,9.279265780405861,9.444834805209716,11167200
2008-07-25,9.323617935180664,9.428576873344323,9.276312482376607,9.359097306746447,6389200
2008-07-28,9.378312110900879,9.508402351338498,9.270396541920636,9.320658641822082,9726400
2008-07-29,9.424138069152832,9.45813881333914,9.354657968814376,9.403442013032926,7346000
2008-07-30,9.486227989196777,9.533533430184697,9.393095719459813,9.407878458296537,9298800
2008-07-31,9.539446830749512,9.561621503114642,9.412313245563503,9.47883726265889,6913600
2008-08-01,9.053086280822754,9.600055993884975,9.047172960612832,9.526141183036708,11920400
2008-08-04,8.816558837890625,9.09743535392729,8.813602177688365,9.063434607489214,13999600
2008-08-05,8.72194766998291,8.96291011096795,8.640641490929138,8.888995300205382,16652800
2008-08-06,8.457335472106934,8.752994818635479,8.44994410122881,8.74412539915191,15543200
2008-08-07,8.735258102416992,8.954046018468928,8.426293967710578,8.489860791879288,15789200
2008-08-08,8.87717056274414,8.931867376534392,8.72490620038935,8.736732279405315,7783600
2008-08-11,8.971779823303223,9.01908525863773,8.859429555365086,8.958475134370063,9160000
2008-08-12,8.727860450744629,8.954039577242588,8.683511679813195,8.925952153901898,7697200
2008-08-13,8.883084297180176,8.905258971763374,8.707167204689883,8.723427993602108,7679600
2008-08-14,8.744126319885254,8.868303281059767,8.721951640990497,8.834301956374338,7992000
2008-08-15,8.829862594604492,8.832819254494595,8.733773685839594,8.77664384443306,7508000
2008-08-18,8.89491081237793,8.933346841681175,8.826909300749639,8.83282262278482,9762000
2008-08-19,8.94665241241455,9.01613254333385,8.872737571496314,8.872737571496314,11502800
2008-08-20,8.988045692443848,9.013177034811598,8.884564789138008,8.951088267257873,6348000
2008-08-21,9.03239631652832,9.067875700009193,8.894914621919149,8.961438113492243,5527200
2008-08-22,9.078219413757324,9.150656195409887,9.045696708044899,9.082654123108872,5560400
2008-08-25,8.94665241241455,9.110743449481117,8.883085604110828,9.06639465771527,4188400
2008-08-26,8.992481231689453,9.016133961947832,8.875695629321275,8.959958516112094,5984000
2008-08-27,9.043854713439941,9.081084479542401,8.972373630692955,9.036408873835677,4014000
2008-08-28,9.106401443481445,9.106401443481445,8.990244181492475,9.079595965182543,4040000
2008-08-29,8.944077491760254,9.136182616138443,8.933653204704113,9.08108273197298,4348400
2008-09-02,8.786224365234375,9.055768062982123,8.73708080373294,9.025984137958325,8327200
2008-09-03,8.466049194335938,8.786225433114096,8.384143816626535,8.756441504470354,19139600
2008-09-04,8.399036407470703,8.533063239710884,8.3528712877864,8.42286343774104,10529200
2008-09-05,8.199484825134277,8.391590008369059,8.074392774054235,8.376698327463831,15075600
2008-09-08,8.327552795410156,8.489874578580773,8.281388254634628,8.337977651284488,14942800
2008-09-09,8.063966751098633,8.460091399723202,8.060988301941324,8.364782730932605,13662800
2008-09-10,8.15778636932373,8.190548746094079,7.990997172102359,8.104175413910857,11398400
2008-09-11,8.254583358764648,8.260540257372432,7.974615373091108,8.157785744672076,8559200
2008-09-12,8.33648681640625,8.379673469296725,8.165230281276594,8.229264938355692,9060400
2008-09-15,7.959725856781006,8.27841263380891,7.952280015539294,8.192039284777504,12708000
2008-09-16,7.888242244720459,7.9582338117872045,7.626144399112232,7.937385235721319,22241600
2008-09-17,7.448929786682129,7.797400332022703,7.445951337977218,7.7676164130545935,18625200
2008-09-18,7.839098930358887,7.93738548351,7.438506878652897,7.5308365332903415,18377200
2008-09-19,8.335001945495605,8.51966130553697,8.130982375921757,8.189061300275409,22407600
2008-09-22,7.9820637702941895,8.336491397903849,7.923985410458925,8.336491397903849,9596400
2008-09-23,7.929937839508057,8.110129717925517,7.892708084392995,7.983548777766702,9122800
2008-09-24,8.004401206970215,8.028228239002596,7.800382209687864,7.967171433914539,7469200
2008-09-25,8.25756549835205,8.302241121713607,8.03865420537464,8.03865420537464,8648400
2008-09-26,8.238202095031738,8.2650075704364,8.041628987451633,8.150339829667818,7713200
2008-09-29,7.685713291168213,8.157786470240316,7.426593859494248,8.157786470240316,23172000
2008-09-30,7.490628719329834,7.795912683398287,7.407234408022046,7.795912683398287,23766000
2008-10-01,7.474246978759766,7.603806962383536,7.270228037581819,7.478714936593029,17922400
2008-10-02,7.198749542236328,7.518925844498909,7.185346800093214,7.486163459686561,19131200
2008-10-03,7.2076802253723145,7.429569229503779,7.079609787404978,7.407231719118435,15658000
2008-10-06,6.686467170715332,7.1987486206733715,6.542015475896413,7.070678116163554,19080800
2008-10-07,6.47499942779541,6.774326999529107,6.403518360775086,6.738586181978434,20498000
2008-10-08,6.142911434173584,6.534568734372707,6.066962960943144,6.349908843729116,23071200
2008-10-09,5.822735786437988,6.366290654332803,5.822735786437987,6.303744913565705,19956000
2008-10-10,5.521921157836914,5.858478113934431,5.034955574713909,5.568085720758887,30545600
2008-10-13,6.291830539703369,6.367779013422187,5.778059648288876,6.008884087016792,23927600
2008-10-14,6.3260817527771,7.076633969567894,5.988035410277105,7.027490405907012,36772000
2008-10-15,5.582975387573242,6.224816124111554,5.5531914642071305,6.184607912779467,36870000
2008-10-16,6.041646480560303,6.128019811782121,5.3789565212272805,5.574040702790204,32836800
2008-10-17,6.227794647216797,6.552438222792552,5.766145817843396,5.935913444540955,25637200
2008-10-20,6.929202556610107,6.935159454383811,6.2441752189033055,6.291829264930855,14762400
2008-10-21,6.503294944763184,6.8562335187767305,6.428835416283196,6.839852331618155,11482800
2008-10-22,6.147377967834473,6.4288348707104594,5.964207611487895,6.4288348707104594,15758400
2008-10-23,6.686467170715332,6.768372554179611,6.0922797692117845,6.187587893103398,27858400
2008-10-24,6.4333038330078125,6.684976852706275,6.069940944544308,6.142911537613489,20604400
2008-10-27,6.058027267456055,6.357354321242723,6.0476029789413674,6.244176088191353,24530400
2008-10-28,6.722207546234131,6.774329567920146,6.053561158761466,6.180142156419492,17048000
2008-10-29,6.731141090393066,7.121308837506366,6.628386583591613,6.628386583591613,16285200
2008-10-30,7.043869972229004,7.259802678328833,6.753477751479648,6.9247348624059635,17112400
2008-10-31,7.034937858581543,7.168964694865813,6.893464613547124,7.028980958813915,15826800
2008-11-03,6.936647415161133,7.0349339341733685,6.729649524318156,7.02897703772877,11781600
2008-11-04,7.048343658447266,7.218111398946068,6.80709422587178,7.028984009839769,13472000
2008-11-05,6.847297668457031,7.160028005976322,6.821981703310231,6.967922300253468,7968800
2008-11-06,6.498826503753662,6.997705604732118,6.396072575579372,6.8458081230303245,12494000
2008-11-07,6.987283229827881,7.003664420151307,6.403520686440653,6.463088547965616,10307600
2008-11-10,6.774326801300049,7.136199514976073,6.604558633003351,7.136199514976073,10802000
2008-11-11,6.609024524688721,6.746029714298702,6.403516172192921,6.668591776139693,10925200
2008-11-12,6.446707725524902,6.585202528604631,6.367780219288128,6.475002148919211,11216000
2008-11-13,7.1540703773498535,7.182364788698138,6.337994156578338,6.410964163559027,17213200
2008-11-14,7.043869972229004,7.378937788151872,6.750499870804958,7.081099729553767,18338000
2008-11-17,6.7951765060424805,7.207682348508377,6.790708548184558,6.938138659711795,14077200
2008-11-18,6.944097518920898,6.996218974638219,6.638813489545317,6.79517842477854,12691200
2008-11-19,6.652214527130127,7.148115298653147,6.6417902377660845,6.926225636301744,12843600
2008-11-20,6.403520107269287,6.817514946371883,6.335017470368215,6.5643529779912955,22692800
2008-11-21,7.2032151222229,7.222574760023833,6.397562991302252,6.591157665068102,26488800
2008-11-24,7.201724529266357,7.405743445484305,6.926223977272356,7.234486898323629,17026400
2008-11-25,7.209994792938232,7.45649024340497,7.046165415734282,7.26861254355444,13393200
2008-11-26,7.283644199371338,7.31671086559714,6.943961492474659,7.0611970205736005,9268800
2008-11-28,7.328732967376709,7.42793236866251,7.225024684827946,7.297169651821506,5129600
2008-12-01,6.80868673324585,7.235544827881793,6.804177852582446,7.235544827881793,11546400
2008-12-02,6.8823370933532715,6.989051505618243,6.661392700991641,6.900373194763203,15033600
2008-12-03,7.0521769523620605,7.0702136240733156,6.688446006543523,6.756082092067657,11154400
2008-12-04,6.700467586517334,7.122816101237096,6.59525600666168,6.996562320081709,10422000
2008-12-05,6.966504096984863,6.990552416924632,6.46599825906433,6.623815394503879,13903600
2008-12-08,6.886843204498291,7.128829713369661,6.7876438266197825,7.128829713369661,11674800
2008-12-09,6.828225135803223,6.924418397743358,6.772613513748533,6.823716255823863,9282800
2008-12-10,6.813198089599609,6.930433606439029,6.652374229629185,6.906385280591012,14180000
2008-12-11,6.864297866821289,7.070212193686687,6.7395473995216815,6.762092947920907,10036400
2008-12-12,6.957488536834717,6.987549089610439,6.6433569357109965,6.7245202561982405,9002400
2008-12-15,6.819207191467285,7.050672599562106,6.727522804276669,6.960491554688407,9370000
2008-12-16,7.213000297546387,7.237048618167904,6.883838228177706,6.894359332614795,10800000
2008-12-17,7.115302562713623,7.197968616121599,6.981533764285917,7.148369213419653,8269600
2008-12-18,7.561699390411377,7.6188137796201625,7.1228169293301455,7.158889688149897,24399600
2008-12-19,7.5737223625183105,7.769114968436954,7.507589648111734,7.507589648111734,17960000
2008-12-22,7.654889106750488,7.796172931703141,7.522623044510556,7.56019858476621,11262400
2008-12-23,7.4579901695251465,7.7540854950838005,7.442960188609863,7.686449434250983,7067200
2008-12-24,7.5391526222229,7.60528533375437,7.462498810524081,7.462498810524081,2367600
2008-12-26,7.516611099243164,7.627834954802205,7.483545012474744,7.543665535099221,2839600
2008-12-29,7.382840156555176,7.4549851071376185,7.228029152598502,7.3753251650406275,7308400
2008-12-30,7.451983451843262,7.470019555546752,7.327232348947073,7.412904558235401,8676000
2008-12-31,7.564707279205322,7.621821681836543,7.364805149924495,7.47001676673771,8055600
2009-01-02,7.764608383178711,7.8127050212039855,7.5316401852393176,7.554185161800267,7289200
2009-01-05,7.806692600250244,7.910401439216421,7.702984334641205,7.7450687485074,9932000
2009-01-06,7.6969709396362305,8.012605715640463,7.638353208289502,7.823224735366514,10394000
2009-01-07,7.612802982330322,7.630839077078751,7.454985289870952,7.630839077078751,18234000
2009-01-08,7.68043851852417,7.69546907535227,7.570718033786068,7.6143057885518814,9328000
2009-01-09,7.518111228942871,7.71801272693849,7.485044582949017,7.690958302644795,8748400
2009-01-12,7.473020553588867,7.593262118243525,7.439953908299959,7.537650502095185,8977600
2009-01-13,7.402379035949707,7.530135602151193,7.357288516899597,7.451979008254767,8735200
2009-01-14,7.264101982116699,7.388852447818127,7.07922986366852,7.321216376844049,9720400
2009-01-15,7.280636310577393,7.313702968736613,7.079231396380485,7.241558001863319,9672000
2009-01-16,7.489556312561035,7.545167946799655,7.325726948251852,7.408393015008112,12078000
2009-01-20,7.485042572021484,7.6353446340032685,7.3873465757474435,7.46550314342393,12510800
2009-01-21,7.366308689117432,7.608295261075879,7.164903769601448,7.608295261075879,15524400
2009-01-22,7.312199115753174,7.358792410773506,7.128830327110942,7.3016780121448965,10362800
2009-01-23,7.206985950469971,7.225022042282368,7.026623312274932,7.176925415211294,11303200
2009-01-26,7.355782508850098,7.436945757739755,7.220511000724184,7.2370443188339495,13324800
2009-01-27,7.632340908050537,7.7585947024870014,7.378330550365396,7.411397197804508,14460400
2009-01-28,7.737550735473633,7.854786170246033,7.599273101983817,7.757090165721337,10620000
2009-01-29,7.690958499908447,7.910400010736497,7.602280807663217,7.674425749844494,8232000
2009-01-30,7.748076438903809,7.853288068366775,7.686452574603067,7.710500897906838,16100000
2009-02-02,7.644366264343262,7.722523439118493,7.477530811780468,7.66991735069974,12868000
2009-02-03,7.845771789550781,7.910401755346521,7.614306357322185,7.650379123047057,11439600
2009-02-04,7.958499431610107,8.114813814534374,7.895372226701092,7.895372226701092,15650000
2009-02-05,7.922425270080566,8.003588559273275,7.836753100385085,7.934449715897472,15177600
2009-02-06,7.869819641113281,7.949479586767522,7.772123026990169,7.949479586767522,13327200
2009-02-09,7.824727535247803,7.914908565937722,7.725528172146087,7.857793607377034,12049600
2009-02-10,7.591757774353027,7.82472645599,7.48654677751212,7.763102626401641,12296000
2009-02-11,7.6383562088012695,7.665410645182259,7.494066263674172,7.609799003002347,9339600
2009-02-12,7.608292102813721,7.617310435176436,7.385845064746482,7.590256011445298,9658000
2009-02-13,7.651882648468018,7.7315426067309545,7.567713235695536,7.567713235695536,9905200
2009-02-17,7.336245059967041,7.513601568183458,7.309190638486099,7.482037694217719,10166800
2009-02-18,7.274620056152344,7.379831041243023,7.2220139902501375,7.372316052787526,9541200
2009-02-19,7.49857234954834,7.564705646426016,7.291155272412373,7.291155272412373,15810000
2009-02-20,7.363300323486328,7.473020790547595,7.265603726593284,7.327227566267613,16098800
2009-02-23,7.194962501525879,7.507591194057049,7.161896424192195,7.3693129420968475,10765600
2009-02-24,7.379836559295654,7.402382114876776,7.205486059321173,7.241558833579509,10880000
2009-02-25,7.196656227111816,7.398502838860488,7.193621453358084,7.352973706408213,16386400
2009-02-26,6.976599216461182,7.2710215035969545,6.961422451804054,7.255845317874202,9876000
2009-02-27,6.8794708251953125,6.9887406453752074,6.738330085984126,6.8627766721156895,11418000
2009-03-02,6.741363525390625,7.022127561091291,6.694317007592138,6.76868111976008,14509200
2009-03-03,6.571387767791748,6.929551264699425,6.550140878811514,6.844563129844183,13303600
2009-03-04,6.77171516418457,6.867326726007353,6.636645184192019,6.670033477290114,10750400
2009-03-05,6.5061259269714355,6.69583102637291,6.449973379650125,6.644231216178348,11660000
2009-03-06,6.49854040145874,6.768680384276306,6.3452588754272865,6.501575753718226,13007200
2009-03-09,6.340707302093506,6.501577542501124,6.2951781635432456,6.477295296678691,8988000
2009-03-10,6.5865654945373535,6.616917866703038,6.392306954857513,6.4393540580093465,11840400
2009-03-11,6.641197681427002,6.732256501403935,6.569868938219376,6.6578918273694825,9877600
2009-03-12,6.759573936462402,6.803585669508089,6.563798085825376,6.642715496444972,7530800
2009-03-13,6.861258029937744,6.915893224111094,6.802070095894737,6.802070095894737,7394400
2009-03-16,7.079797744750977,7.192102890210183,6.929550983309378,6.929550983309378,8085600
2009-03-17,7.313515663146973,7.313515663146973,7.034269547362981,7.099528191411127,11802000
2009-03-18,7.577584743499756,7.586690801742497,7.152645200722274,7.252809525655068,14163200
2009-03-19,7.574546813964844,7.664087663287349,7.448582901930826,7.571511462249861,12505200
2009-03-20,7.489560127258301,7.708100860830287,7.474383944731025,7.582136345903739,11036000
2009-03-23,7.72479248046875,7.736933306729749,7.513839907210026,7.623110238229329,9484400
2009-03-24,7.755147457122803,7.838618198719977,7.5912424841218025,7.651947793815623,13220000
2009-03-25,7.849237442016602,7.926636858611,7.739967132533732,7.761214008503412,12907200
2009-03-26,7.85683012008667,7.9296768426619755,7.741489041808385,7.89932389685536,11234000
2009-03-27,7.662570476531982,7.793087130071789,7.60489995031308,7.776393563605674,9750000
2009-03-30,7.510809898376465,7.588209379314321,7.415198298095464,7.532056792009036,9370000
2009-03-31,7.698995590209961,7.827995470602872,7.5077730077402025,7.563925583546783,12407200
2009-04-01,7.765767574310303,7.8477203151733095,7.589721267419775,7.617038847707444,11699600
2009-04-02,7.805229663848877,7.929676210697232,7.636771378035207,7.855311528344316,13761600
2009-04-03,8.023774147033691,8.093586128204251,7.739975217815467,7.797645783500865,15591200
2009-04-06,7.824955463409424,8.023766019657415,7.777908394460846,7.967613477252574,8443200
2009-04-07,7.855312824249268,7.92512477923803,7.709619366674552,7.741489701968833,7989200
2009-04-08,7.985828876495361,8.072334389891763,7.859864941470562,7.870488384944909,8333600
2009-04-09,7.940298557281494,8.184638878347311,7.815852027622433,8.125450965330705,8347200
2009-04-13,7.6762309074401855,7.944852940767788,7.653466053596154,7.928159370741017,12288000
2009-04-14,7.618559837341309,7.689888588469422,7.542677768401522,7.620077223989037,9905600
2009-04-15,7.67016077041626,7.706583844542148,7.571513835034519,7.62918437782389,7862400
2009-04-16,7.683816909790039,7.7369341157374425,7.58061727057726,7.723275322931807,7766400
2009-04-17,7.736936092376709,7.777912481262301,7.629183687678081,7.756665593455166,8553200
2009-04-20,7.67016077041626,7.755148329332885,7.6215962856255235,7.708101810342417,6333200
2009-04-21,7.72479248046875,7.776392294679637,7.617039535631798,7.617039535631798,7104400
2009-04-22,7.641324043273926,7.7445237024366556,7.569995292774859,7.679265077409216,8317200
2009-04-23,7.679261207580566,7.679261207580566,7.544191286754519,7.6686377696909185,7262000
2009-04-24,7.66712760925293,7.752115771396133,7.588210154177347,7.733903650193274,7956800
2009-04-27,7.782463550567627,7.923604222356593,7.600347077619161,7.600347077619161,9392400
2009-04-28,8.236238479614258,8.309085184361217,7.943333695293734,8.237755866012797,26208800
2009-04-29,8.174015045166016,8.274179334460825,8.105721079979979,8.149732810759218,12842400
2009-04-30,8.163393020629883,8.268110066133675,8.095099043590785,8.22865164547455,9539200
2009-05-01,8.506381034851074,8.510934353317122,8.184641178409377,8.21499412613429,10488400
2009-05-04,8.741612434387207,8.741612434387207,8.451743009767052,8.506378181558768,14004800
2009-05-05,8.79625129699707,8.80232200283983,8.635381644704548,8.693051613407647,11666400
2009-05-06,8.621720314025879,8.86909542565908,8.553426340687123,8.787143236586775,11886000
2009-05-07,8.550389289855957,8.717329565796849,8.541283235575255,8.693047333315736,11156400
2009-05-08,8.674840927124023,8.878204961362174,8.550394339792334,8.647523327082,13524800
2009-05-11,8.667247772216797,8.732506380993835,8.557977435858204,8.650553628724891,8456800
2009-05-12,8.781074523925781,8.800804027127784,8.615651563849761,8.693051031897102,8653600
2009-05-13,8.42442798614502,8.735544966925252,8.418357859937379,8.735544966925252,12392800
2009-05-14,8.35309886932373,8.482098163927754,8.255969906948803,8.438086421934651,14661200
2009-05-15,8.262040138244629,8.353098975832912,8.16642914033822,8.299981175839509,10578400
2009-05-18,8.25293254852295,8.407732011782281,8.130003409746207,8.340955432179742,9623200
2009-05-19,8.448710441589355,8.529145839419952,8.263558561548816,8.263558561548816,9325600
2009-05-20,8.183121681213379,8.29542739309828,8.1436632618093,8.218027940871956,19332000
2009-05-21,8.052604675292969,8.133039476227857,7.952440376020284,8.133039476227857,11574800
2009-05-22,8.12090015411377,8.195264849142657,8.022253794956917,8.085994465895098,6304800
2009-05-26,8.343987464904785,8.368269689937685,8.03742401203073,8.142141577868914,11306800
2009-05-27,8.248380661010742,8.362203764404272,8.213474978775503,8.362203764404272,8424000
2009-05-28,8.419875144958496,8.5063806659153,8.262040286781966,8.306052030127512,8210000
2009-05-29,8.57922649383545,8.589849937128646,8.313639253637055,8.485132890838177,9792800
2009-06-01,8.832671165466309,8.858470785833006,8.633859976378544,8.6490367344773,9947600
2009-06-02,8.755273818969727,8.882755731241403,8.723403485635382,8.814462325220468,7842800
2009-06-03,8.538447380065918,8.777156875062277,8.457347617513951,8.777156875062277,12090000
2009-06-04,8.504781723022461,8.607303997113513,8.466527038590845,8.572109757482846,12255600
2009-06-05,8.428271293640137,8.619544691730516,8.37624490601075,8.588940831292039,14173200
2009-06-08,8.472646713256836,8.546095631847143,8.345641473940299,8.438982990394685,7710000
2009-06-09,8.423681259155273,8.51549285054158,8.376245824806492,8.51549285054158,6082800
2009-06-10,8.449697494506836,8.51549561875459,8.322691622770828,8.466529654252122,12990400
2009-06-11,8.648618698120117,8.752671481319677,8.443573576370415,8.47876781425848,9648000
2009-06-12,8.78174877166748,8.859788685956058,8.526207657801086,8.61954921848487,7308800
2009-06-15,8.64402961730957,8.859786035778189,8.543037263637457,8.797048370371575,7505600
2009-06-16,8.68381118774414,8.741958456936278,8.625663918552004,8.689932075810685,8918800
2009-06-17,8.677692413330078,8.740430071993323,8.61189430988812,8.688403678195499,9418800
2009-06-18,8.836831092834473,8.859784134355847,8.662389845176332,8.697584080781036,8075200
2009-06-19,8.729715347290039,8.947002170700443,8.69758156542932,8.893445283879323,10602800
2009-06-22,8.751137733459473,8.850600104792152,8.670038023238003,8.683809727211452,9424000
2009-06-23,8.711356163024902,8.809288054777223,8.572109144992048,8.77409381766124,9566400
2009-06-24,8.790925025939941,9.028103910227326,8.722066489541655,8.774092874407021,10868400
2009-06-25,8.79858112335205,8.832245446614538,8.677696129564405,8.749615153363203,16382800
2009-06-26,8.67463207244873,8.819999990717875,8.625666122843148,8.72818898113745,13354400
2009-06-29,8.816938400268555,8.865904343511719,8.604242474858541,8.7098251805291,9294800
2009-06-30,8.700645446777344,8.875086712911763,8.529264625417932,8.833771584029376,10629600
2009-07-01,8.7159423828125,8.798572595980557,8.696050378091176,8.75878800281807,7366800
2009-07-02,8.461935043334961,8.640967248086268,8.461935043334961,8.605773012765262,7568000
2009-07-06,8.524673461914062,8.536915240720456,8.266072013690513,8.397668217258522,9732800
2009-07-07,8.331872940063477,8.532327174352954,8.308919888880245,8.526206866595054,8130400
2009-07-08,8.28443431854248,8.428272304742913,8.220166729259855,8.379305771934996,7354400
2009-07-09,8.334930419921875,8.38848674199828,8.215575413448537,8.304326557141016,6888800
2009-07-10,8.308919906616211,8.34717460285636,8.214048423382337,8.307389975603554,6895200
2009-07-13,8.45428466796875,8.471116821336395,8.210984868654872,8.339520622702207,6493200
2009-07-14,8.608832359313965,8.61495324780077,8.425210374470225,8.448162830715667,7581600
2009-07-15,8.784807205200195,8.789397581323081,8.62107717465435,8.62107717465435,9655200
2009-07-16,8.778684616088867,8.801637659702942,8.653209300764253,8.751141197240035,7180400
2009-07-17,8.6945219039917,8.778682066601435,8.625663376867376,8.729716132584135,7295600
2009-07-20,8.882735252380371,8.898037472326628,8.706764100898456,8.737367373350958,7567600
2009-07-21,8.985260963439941,8.98679089406502,8.838362523464102,8.950066721861205,9070400
2009-07-22,8.945474624633789,9.02504443258061,8.881207039592194,8.927112540867636,7947600
2009-07-23,9.156641960144043,9.181124936626238,8.898040484568343,8.931704212406235,9128800
2009-07-24,9.188776969909668,9.274467690765473,9.093905496486645,9.093905496486645,12877200
2009-07-27,9.18724250793457,9.225497181351633,9.112263091200331,9.152048278437272,9742800
2009-07-28,8.73583984375,9.118386691726931,8.517023000009583,9.118386691726931,26705600
2009-07-29,8.760322570800781,8.76491294605617,8.483358450562848,8.670041493883899,12038800
2009-07-30,8.80469799041748,8.861314757886861,8.692994385963775,8.772564196750004,8870000
2009-07-31,8.671570777893066,8.844482098836531,8.654739208638132,8.775623556538681,11313600
2009-08-03,8.72359561920166,8.743488213162205,8.62107337286655,8.70676405293351,7872800
2009-08-04,8.631787300109863,8.757262623120388,8.593532614223236,8.694524961615125,8165600
2009-08-05,8.640965461730957,8.676159689776226,8.504778923380144,8.631784130350464,9993200
2009-08-06,8.720536231994629,8.752670019867834,8.599651315267767,8.647086740112966,7970000
2009-08-07,8.6945219039917,8.797044729647906,8.66238811924034,8.78786339812467,7006000
2009-08-10,8.758795738220215,8.769507006751391,8.619548663594557,8.679225897902645,3933600
2009-08-11,8.795516014099121,8.833770694353754,8.685342348175343,8.745020139697454,5530400
2009-08-12,8.855195999145508,8.939356205356747,8.74196243696174,8.797049287200451,6519600
2009-08-13,8.729715347290039,8.855190614887062,8.61036096682456,8.855190614887062,9566000
2009-08-14,8.6945219039917,8.746548281850078,8.611891671442512,8.746548281850078,6184800
2009-08-17,8.633316040039062,8.66391990127165,8.584350095554964,8.598121803923622,6734000
2009-08-18,8.717475891113281,8.723596195742552,8.592000598552595,8.634845649557695,7312800
2009-08-19,8.74808120727539,8.751141652164373,8.645558930235277,8.680753170878308,9725600
2009-08-20,8.774090766906738,8.803164104749362,8.703702317148862,8.734306168610521,7800400
2009-08-21,8.879680633544922,8.920995778922931,8.766447050260354,8.810822641635296,10659200
2009-08-24,8.901098251342773,8.942413373882093,8.829179853192166,8.924051291771306,5684000
2009-08-25,8.847542762756348,8.951595543982299,8.839891943137994,8.943944724363945,7988800
2009-08-26,8.713781356811523,8.869605327356059,8.689096447130712,8.85263434160025,12304000
2009-08-27,8.696808815002441,8.72612254462111,8.641267631024508,8.702980188452115,9934800
2009-08-28,8.701440811157227,8.781666341108085,8.619671554479394,8.758524565038146,7496000
2009-08-31,8.667497634887695,8.699896470026678,8.627384286923977,8.66441194746474,6298800
2009-09-01,8.63664436340332,8.723041875794918,8.571846670510801,8.656701044385011,9656800
2009-09-02,8.557955741882324,8.61503947027481,8.507042797898972,8.601154175418854,8960800
2009-09-03,8.550243377685547,8.630469480487525,8.485445711115485,8.573385737766092,8904000
2009-09-04,8.505502700805664,8.585728806596311,8.463846804229673,8.551786834156314,6950800
2009-09-08,8.40830135345459,8.556410740634162,8.392873512990448,8.556410740634162,12473600
2009-09-09,8.340420722961426,8.453045642590604,8.308021305876244,8.423731912300896,12784000
2009-09-10,8.34968090057373,8.378994643873483,8.196943161884397,8.34351011277864,17406000
2009-09-11,8.241682052612305,8.372821117542227,8.233968128448119,8.321908158696159,13304400
2009-09-14,8.476189613342285,8.485446676134208,8.223169115710386,8.224712253776406,12354400
2009-09-15,8.388246536254883,8.50241458183455,8.369733005916254,8.494700659904666,10722800
2009-09-16,8.508589744567871,8.590358412807033,8.33116651848257,8.397507335990307,15700800
2009-09-17,8.477731704711914,8.579557028712353,8.45150365764039,8.505502301124276,12717600
2009-09-18,8.490072250366211,8.530185588014996,8.429902832427578,8.500871859302142,13967200
2009-09-21,8.480815887451172,8.530185697085134,8.385161366317636,8.46230176743752,7076400
2009-09-22,8.377448081970215,8.524014972967986,8.338877878472623,8.497787517086232,10803600
2009-09-23,8.311108589172363,8.409848231456333,8.28950936598958,8.386706458846792,14820000
2009-09-24,8.321907043457031,8.372819995480132,8.292593900147574,8.343506852170675,10225600
2009-09-25,8.391339302062988,8.44533797819705,8.314198840615768,8.33116983629976,14128400
2009-09-28,8.47927474975586,8.545615557448748,8.388249031423852,8.400591781010759,9367200
2009-09-29,8.50704288482666,8.539441710310118,8.423731114839605,8.510128571330016,6811600
2009-09-30,8.520930290222168,8.536358726560145,8.456132623206669,8.500873617250132,14069200
2009-10-01,8.292593002319336,8.5286424380543,8.287964766649095,8.476186942498249,13636000
2009-10-02,8.21236801147461,8.270994888103447,8.13831328819669,8.270994888103447,14700000
2009-10-05,8.246310234069824,8.272537691887166,8.105914706518782,8.223167874849523,12660400
2009-10-06,8.314194679260254,8.389792552596282,8.235511706921281,8.28796721799217,10602800
2009-10-07,8.159914016723633,8.309566628718247,8.142943029152937,8.292595641147551,15136400
2009-10-08,8.17688274383545,8.267908443204435,8.15219783833884,8.190768039960703,15202800
2009-10-09,8.192310333251953,8.22008092463528,8.162997192807131,8.192310333251953,11919200
2009-10-12,8.223167419433594,8.267908997563152,8.195396825321083,8.247852326585315,7921600
2009-10-13,8.178424835205078,8.218538172226067,8.116712869184807,8.200024641273439,11298000
2009-10-14,8.175342559814453,8.24014023478826,8.073517221616514,8.17688510937037,14548800
2009-10-15,8.292593002319336,8.318820455830089,8.184596324582222,8.184596324582222,15197600
2009-10-16,8.254022598266602,8.312649465623398,8.195395730909807,8.287964561768094,10049600
2009-10-19,8.439163208007812,8.482361660723928,8.227798593387822,8.281796659282966,11622000
2009-10-20,8.250940322875977,8.446877085716777,8.221627171346007,8.446877085716777,13508000
2009-10-21,8.315739631652832,8.449963831885855,8.229342127351831,8.281797649867643,14599200
2009-10-22,8.263282775878906,8.315738289931167,8.169171360502668,8.264825325468053,15598000
2009-10-23,8.119799613952637,8.28025121734331,8.099742942828323,8.257109447770283,11877200
2009-10-26,8.042661666870117,8.229341372495298,7.990206149165914,8.14602956404719,18302800
2009-10-27,7.839013576507568,8.033407272274474,7.525822915917847,7.899183039756015,32685200
2009-10-28,7.7325568199157715,7.851353157064753,7.714043280831519,7.800440777449358,15071200
2009-10-29,7.727925777435303,7.843636384650724,7.693983810987713,7.7664959798404425,16918800
2009-10-30,7.575188636779785,7.781924975774116,7.559760788950896,7.7757541897633615,17438000
2009-11-02,7.565930366516113,7.635356842326007,7.490332517626555,7.606043114464868,13435600
2009-11-03,7.592160224914551,7.616845136520207,7.525819414624092,7.533533927685316,11234800
2009-11-04,7.6939849853515625,7.818952672090988,7.619930256054572,7.619930256054572,13582400
2009-11-05,7.7495269775390625,7.812782102111289,7.689357540572155,7.751070115609089,9107600
2009-11-06,7.6770148277282715,7.737184853524431,7.621474216164851,7.732556027826427,10344000
2009-11-09,7.843639373779297,7.843639373779297,7.687815955635078,7.73564264818157,7925600
2009-11-10,7.808155536651611,7.8590679217026045,7.77729924252699,7.803527298520118,6610400
2009-11-11,7.909979820251465,8.045747142826887,7.888380593860216,8.02414732790086,16317600
2009-11-12,7.83592414855957,7.960891254589265,7.828210224125035,7.914607119447352,11416400
2009-11-13,7.889923572540283,7.945464779729203,7.791183910219899,7.8806670970320045,7940000
2009-11-16,8.0210599899292,8.055001369699006,7.9716895866979405,7.974775273683307,8797200
2009-11-17,7.951637268066406,8.04729125575291,7.909981356847712,8.031863402057791,9218400
2009-11-18,7.9578046798706055,7.971689388157026,7.88220682194847,7.937748009232553,8863600
2009-11-19,7.8467230796813965,7.951634090786009,7.800438948555163,7.945462716359936,7081600
2009-11-20,7.885293483734131,7.8945499570694775,7.803524830420316,7.845180137498721,7427600
2009-11-23,8.02414321899414,8.059628316791587,7.920775377471732,7.920775377471732,11116400
2009-11-24,8.11180305480957,8.11180305480957,7.9872457334066445,8.068208140802586,10392000
2009-11-25,8.170969009399414,8.197437777539589,8.090006592053337,8.118032067055296,7556800
2009-11-27,8.030839920043945,8.128928460421255,7.995029139217367,8.077548833643053,3970400
2009-11-30,8.091560363769531,8.124256539032846,8.026167419306928,8.030838725727381,11191600
2009-12-01,8.2348051071167,8.261273876624642,8.113361771790137,8.113361771790137,9588800
2009-12-02,8.301753044128418,8.340677242795163,8.2145626252979,8.234803374906726,7413200
2009-12-03,8.25192928314209,8.37181587418837,8.24103055613207,8.315764938744802,10970000
2009-12-04,8.213003158569336,8.371813907031045,8.111800038472305,8.312648978638816,10399600
2009-12-07,8.245701789855957,8.29552471474228,8.205220886111862,8.231689055110671,6664800
2009-12-08,8.29708480834961,8.312654254891813,8.14917269045342,8.23013511913277,7971200
2009-12-09,8.359358787536621,8.37181481336176,8.314207178760492,8.334447329822343,8364000
2009-12-10,8.567994117736816,8.571108124792467,8.387385866061882,8.390499873117532,13990800
2009-12-11,8.75794506072998,8.779742517851345,8.558653345407608,8.591349531089653,14041200
2009-12-14,8.683213233947754,8.807770592839173,8.644289022173165,8.789087137489544,11452400
2009-12-15,8.625603675842285,8.703452082324846,8.586679472601004,8.68788204466661,7698000
2009-12-16,8.541523933410645,8.697220685841941,8.52595390180593,8.644283766257862,9213600
2009-12-17,8.448104858398438,8.549307977060622,8.424750703739731,8.524396522396444,8490000
2009-12-18,8.504158973693848,8.550867894489166,8.407627124858703,8.504158973693848,11220000
2009-12-21,8.4854736328125,8.575778040966583,8.474574906854045,8.488587639362919,6099200
2009-12-22,8.379602432250977,8.529071230259525,8.370260409649365,8.48547631265775,6864000
2009-12-23,8.244148254394531,8.40918653383606,8.21767948127845,8.368705614521064,17651600
2009-12-24,8.237916946411133,8.306423318624644,8.23168893240915,8.251929680947546,3592400
2009-12-28,8.317322731018066,8.337563481223109,8.205221439432327,8.255044367678467,5796000
2009-12-29,8.312650680541992,8.364030901123689,8.295523940348092,8.311093974131664,4406000
2009-12-30,8.360919952392578,8.362476659372275,8.278400227998018,8.303312291163376,4332400
2009-12-31,8.223904609680176,8.387386124555478,8.216119888769187,8.373373389341245,5076000
2010-01-04,8.290855407714844,8.367147108479271,8.23169045164873,8.258159219074182,10408800
2010-01-05,8.209891319274902,8.317321886028317,8.136713641000727,8.298638438318179,11186400
2010-01-06,8.290855407714844,8.304868144837444,8.194323548612605,8.195880255432353,13493200
2010-01-07,8.267497062683105,8.28306709380976,8.197434001389011,8.281509793729116,9768800
2010-01-08,8.195879936218262,8.279956355679246,8.166297756305482,8.248816875071157,9074400
2010-01-11,8.189651489257812,8.368703047856176,8.080664203783497,8.216120254255975,24571600
2010-01-12,7.99036169052124,8.127375074467048,7.943652757839076,8.127375074467048,22500400
2010-01-13,8.01838493347168,8.057309132177853,7.875144167322309,7.970118713259016,23431200
2010-01-14,7.7863993644714355,7.884488548255244,7.73034899624562,7.8626910838447,32314400
2010-01-15,7.870473861694336,7.882929891955599,7.692979588024843,7.739688513632149,24167600
2010-01-19,7.923409938812256,7.924967239393281,7.805080633908752,7.822207376683135,14181200
2010-01-20,7.781725883483887,7.875144318534126,7.688308042369796,7.875144318534126,15854800
2010-01-21,7.633812427520752,7.833104696592096,7.613572275095852,7.773939757810288,18664400
2010-01-22,7.495242595672607,7.64626865631755,7.4921285889242935,7.632255922918162,14230000
2010-01-25,7.434525966644287,7.557526643506293,7.423627232637421,7.537285882949346,21731600
2010-01-26,7.66339635848999,7.717889998586213,7.490572822847496,7.551294477222182,25260000
2010-01-27,7.747472286224365,7.749029586784302,7.594889497838238,7.652497739833107,17494400
2010-01-28,7.630697727203369,7.756812312999788,7.608900276458899,7.756812312999788,13256400
2010-01-29,7.5917792320251465,7.660286235956547,7.580880498479049,7.627590035318251,23262800
2010-02-01,7.66495418548584,7.674296208269069,7.557523596191704,7.574650340992846,11096400
2010-02-02,7.7194504737854,7.721007181027153,7.582437072992444,7.661842208922136,10453600
2010-02-03,7.691422939300537,7.703878375719657,7.64315671257793,7.675852901356365,15056800
2010-02-04,7.476562023162842,7.649385603544551,7.46877730026758,7.633815563817743,18499600
2010-02-05,7.3800272941589355,7.473445120591912,7.2772674475082395,7.4625463939726,25320000
2010-02-08,7.3006205558776855,7.675849701851255,7.297506549586855,7.378468931340551,9212400
2010-02-09,7.2336745262146,7.369131194955483,7.2118770652042326,7.345776433052223,29608800
2010-02-10,7.149594306945801,7.236784698714391,7.1293541575551975,7.236784698714391,18621200
2010-02-11,7.155821323394775,7.176062063904219,7.07953026090943,7.160492629011336,17407600
2010-02-12,7.095101356506348,7.135582847000474,7.051506453453605,7.101329369495599,13014800
2010-02-16,7.221218585968018,7.222775292816256,7.134028154061005,7.134028154061005,11662400
2010-02-17,7.126240253448486,7.255468245917194,7.115341528563268,7.236784802390529,11451200
2010-02-18,7.121570587158203,7.146482046831724,7.0951018271660615,7.138696733110709,11796000
2010-02-19,7.299070358276367,7.3302098550157755,7.115347980844009,7.1355887428150995,16754400
2010-02-22,7.289726257324219,7.355119241267916,7.278827525656324,7.342663208540991,13581200
2010-02-23,7.286609172821045,7.3208626544223385,7.261697711820853,7.288166473222602,14850000
2010-02-24,7.406219005584717,7.442415922951431,7.365300333535217,7.403071369246275,23348400
2010-02-25,7.3778886795043945,7.390478620754794,7.278740265625958,7.349560561253413,12076000
2010-02-26,7.297628402709961,7.40779328447003,7.297628402709961,7.3952033381733315,13330000
2010-03-01,7.456576347351074,7.508510820714762,7.365296739133144,7.390477217201892,14040800
2010-03-02,7.4266767501831055,7.554153303302393,7.425103232398991,7.466021298637806,12073200
2010-03-03,7.3857598304748535,7.469170094034982,7.357431703161931,7.423530266658577,12189600
2010-03-04,7.436120986938477,7.448711532862271,7.36215303051187,7.387333522009185,9306400
2010-03-05,7.499074459075928,7.506943252142186,7.437696432318085,7.469172204933546,9364800
2010-03-08,7.514806270599365,7.530543844638644,7.48333052217084,7.514806270599365,7573600
2010-03-09,7.3999223709106445,7.500644313801367,7.385758310169753,7.491201406524062,11987600
2010-03-10,7.392054080963135,7.426676875951484,7.355857167813848,7.3936275987738975,7936400
2010-03-11,7.455003261566162,7.466019684724068,7.349560182669054,7.379461816904793,11961600
2010-03-12,7.407792568206787,7.491202830452142,7.388907350412608,7.488055794444987,10052000
2010-03-15,7.445563316345215,7.445563316345214,7.368447729445239,7.418808708516568,6087200
2010-03-16,7.530547142028809,7.541563568750044,7.4125134840010825,7.450284518724056,6906000
2010-03-17,7.557301044464111,7.568317470156829,7.528972921154216,7.568317470156829,9468800
2010-03-18,7.549431800842285,7.582481075933432,7.52110367923555,7.565169379357077,11521200
2010-03-19,7.57933235168457,7.642283857403483,7.524250234443061,7.579332351684571,13207200
2010-03-22,7.5289716720581055,7.580906155943261,7.499070035903021,7.568316214533252,8700000
2010-03-23,7.52582311630249,7.574610559131595,7.499069118859111,7.533691903765249,9041200
2010-03-24,7.439268112182617,7.536842434985487,7.412513504108305,7.521104854012526,10957200
2010-03-25,7.467596054077148,7.491202424954501,7.414087439598179,7.473891326451196,10774800
2010-03-26,7.524251937866211,7.5415630355254395,7.461300417895639,7.492776177880924,10840000
2010-03-29,7.6454362869262695,7.647009805398421,7.514812040771871,7.530549626895097,11158400
2010-03-30,7.500646114349365,7.66746724752677,7.4801867771789565,7.66746724752677,17424400
2010-03-31,7.606088638305664,7.664318403779946,7.462873901021314,7.491202024841274,15155200
2010-04-01,7.6863508224487305,7.702088401306284,7.632842213842836,7.640711003271613,10013600
2010-04-05,7.706812858581543,7.713107532122472,7.645435439017362,7.695796429446965,9532000
2010-04-06,7.74143123626709,7.76031704713848,7.643856948164979,7.6643162764339765,8435200
2010-04-07,7.727271556854248,7.744583259787483,7.648582434685263,7.74143562285868,11228800
2010-04-08,7.717827796936035,7.739860650949312,7.645433962220912,7.717827796936036,13638400
2010-04-09,7.823270797729492,7.824844916050311,7.658023794707521,7.727269992067615,13893200
2010-04-12,7.827991485595703,7.85317197214524,7.7902204555963195,7.8248438497332415,10430800
2010-04-13,7.788646697998047,7.807531912241114,7.703662333379042,7.807531912241114,12833200
2010-04-14,7.64857816696167,7.793366383146431,7.617103015936744,7.765038266943978,17202800
2010-04-15,7.684779167175293,7.695795595115536,7.6234011539149815,7.653303401481612,10932400
2010-04-16,7.621825695037842,7.749302243480185,7.576185876420815,7.676907820713466,10651600
2010-04-19,7.618678569793701,7.65015432958201,7.596645718046941,7.6045145079064715,7950400
2010-04-20,7.876776695251465,7.876776695251465,7.686349267976052,7.698939208445899,15976400
2010-04-21,7.92713737487793,7.947596702804935,7.8531700514264635,7.8689076265395395,14417600
2010-04-22,8.010552406311035,8.021568834739433,7.853174171219269,7.900387521676734,17557200
2010-04-23,8.073500633239746,8.076648268928274,7.942877054091456,8.00110681345394,11968400
2010-04-26,8.03572940826416,8.092385043985184,7.966482630688363,8.089238008959068,12186800
2010-04-27,7.872056484222412,8.060910416659814,7.867335331025259,7.993237752533494,14655200
2010-04-28,7.986942768096924,8.035730220835974,7.8641879777633354,7.897237252030052,14356000
2010-04-29,7.977499961853027,8.042024993529916,7.947598322902806,8.00740220115338,7656400
2010-04-30,8.191534042358398,8.21828864479238,8.00110659111988,8.007401862322006,18967200
2010-05-03,8.28753662109375,8.355209300291468,8.166355325794354,8.227732732427114,16931200
2010-05-04,8.097108840942383,8.230880076268605,8.056190171074217,8.230880076268605,15582800
2010-05-05,8.016845703125,8.182093301882084,7.979075269383545,8.019993339328492,18458400
2010-05-06,8.037304878234863,8.183666656856662,7.71153204203801,7.99009153682304,33872000
2010-05-07,8.06091022491455,8.178943854836493,7.909826722348398,8.026286834692087,21738000
2010-05-10,8.28123950958252,8.341043384969005,8.189960479061138,8.194681632261352,13366000
2010-05-11,8.28753662109375,8.383537426483546,8.182093507206751,8.22143806021239,12202800
2010-05-12,8.320588111877441,8.325309867730601,8.213570851245223,8.30170288951599,9180400
2010-05-13,8.3174409866333,8.419737098058295,8.251342404125163,8.320588623945655,7179200
2010-05-14,8.295408248901367,8.408720792425944,8.248194889216274,8.30327704212381,10629200
2010-05-17,8.28123950958252,8.32058405385124,8.125435450474438,8.306419993900498,9324000
2010-05-18,8.235602378845215,8.356783077554407,8.22615946970478,8.276520451086595,8078400
2010-05-19,8.186810493469238,8.254483138214145,8.104973792839354,8.218286239919184,8022400
2010-05-20,7.892518043518066,8.092387856392081,7.892518043518066,8.092387856392081,13034800
2010-05-21,7.961764335632324,7.961764335632324,7.752451010610023,7.798090839421691,16489200
2010-05-24,7.916123390197754,8.051468739113234,7.889369384195956,7.946025632611756,8224400
2010-05-25,7.794941425323486,7.809105486195339,7.635989720295035,7.804384332688102,18599200
2010-05-26,7.624973773956299,7.8216965204445925,7.624973773956299,7.777630216993094,22309200
2010-05-27,7.834286212921143,7.843729120575966,7.7115314151592305,7.724121958698995,15008400
2010-05-28,7.85789680480957,7.944454730327903,7.823273394462062,7.824847513305368,9625600
2010-06-01,7.702090740203857,7.8704854065868055,7.697369585182947,7.783927495884876,11117200
2010-06-02,7.896071910858154,7.939002700971269,7.732299368481716,7.792719941339877,9710400
2010-06-03,7.980343818664551,8.001014335674709,7.897662357170971,7.956493782003956,6010000
2010-06-04,7.732301712036133,7.9215147125815,7.706861303504426,7.9215147125815,8416000
2010-06-07,7.795899391174316,7.880171204405207,7.722758320975159,7.754558970880385,8117200
2010-06-08,7.779998302459717,7.818158591874703,7.725937386999432,7.789538678086895,18177200
2010-06-09,7.695729732513428,7.832471523867387,7.681419467464551,7.803851600316704,9823600
2010-06-10,7.997834205627441,7.997834205627441,7.772050704637813,7.813391132091177,9816800
2010-06-11,7.95013427734375,7.964444543304853,7.869043174595571,7.927873998414725,7825600
2010-06-14,8.029633522033691,8.10277459270273,7.973982839252239,8.03122328159304,7473600
2010-06-15,8.158424377441406,8.158424377441406,8.063022444707013,8.09323332968565,8120800
2010-06-16,8.217255592346191,8.266546623756179,8.10595363511043,8.10595363511043,8106400
2010-06-17,8.326970100402832,8.33969060582114,8.148887270376088,8.244288634825073,8105200
2010-06-18,8.349231719970703,8.385802875651395,8.284040635594062,8.323791311593164,9016400
2010-06-21,8.257007598876953,8.425550624924492,8.206126799795992,8.425550624924492,6652800
2010-06-22,8.06302547454834,8.250648678894255,8.035995311038588,8.24587879275655,7922400
2010-06-23,7.981935501098633,8.121858044123359,7.632129446810392,7.632129446810392,5679200
2010-06-24,7.883349895477295,8.064612778440727,7.867449270144726,7.948540942973737,6574800
2010-06-25,7.826108932495117,7.919920499943827,7.795898047346665,7.919920499943827,10078400
2010-06-28,7.821338653564453,7.8626796743996215,7.776818114092911,7.835648913615572,7355200
2010-06-29,7.690959930419922,7.789542034740983,7.625768851909349,7.694140056999355,9597600
2010-06-30,7.7529706954956055,7.89130346890492,7.716400150534201,7.71958027703699,11804000
2010-07-01,7.783181667327881,7.794311806918949,7.702089957110537,7.794311806918949,9380800
2010-07-02,7.7847700119018555,7.848371317898707,7.764100103017834,7.8118007792419695,5958400
2010-07-06,7.854733467102051,7.932644448893069,7.786362258931967,7.857912987277594,4575200
2010-07-07,8.077337265014648,8.082107758600388,7.842013335206616,7.902434532732802,7862800
2010-07-08,8.109137535095215,8.109137535095215,8.055076593932693,8.109137535095215,5472400
2010-07-09,8.177502632141113,8.190222522972283,8.06938083061602,8.098001343169527,3559200
2010-07-12,8.253828048706055,8.255417808423898,8.134576053816323,8.140936305781725,3630400
2010-07-13,8.312654495239258,8.338094883186523,8.252233952956185,8.271314092279962,4233200
2010-07-14,8.284040451049805,8.326971252958124,8.22838974850967,8.268140423623242,4001200
2010-07-15,8.417597770690918,8.42554838625425,8.223615003191137,8.264955414005147,7978800
2010-07-16,8.365131378173828,8.423962201954337,8.31425056735602,8.39534167005093,9810800
2010-07-19,8.390572547912598,8.416012955638967,8.314251324733487,8.35718212649933,4420400
2010-07-20,8.379439353942871,8.396929741608782,8.264957257618322,8.36353872581616,6205600
2010-07-21,8.28722095489502,8.393753084450902,8.244290151033443,8.34923191384601,6376800
2010-07-22,8.401701927185059,8.444632725061348,8.312660204936407,8.312660204936407,9219600
2010-07-23,8.396927833557129,8.46688876177646,8.287215647327253,8.419188101329334,7092800
2010-07-26,8.400113105773926,8.532085034097275,8.347641922546702,8.366722077107886,4636800
2010-07-27,8.554342269897461,8.586142920542194,8.334918447650455,8.334918447650455,9195200
2010-07-28,8.438270568847656,8.536852041802714,8.420780180337717,8.51141164211925,6512000
2010-07-29,8.34764289855957,8.506645620436895,8.322202487321087,8.471664827528764,8449200
2010-07-30,8.315839767456055,8.36513081498159,8.269728846210915,8.334919918591362,5814000
2010-08-02,8.587733268737793,8.587733268737793,8.363539545819112,8.363539545819112,7969200
2010-08-03,8.544805526733398,8.594095976476854,8.506644611129815,8.546395286882758,4088400
2010-08-04,8.522541999816895,8.562292663261092,8.411240627410736,8.562292663261092,4592000
2010-08-05,8.468482971191406,8.470073337751913,8.377851486750453,8.45417270488246,7759600
2010-08-06,8.540037155151367,8.540037155151367,8.37149463627098,8.433505608806014,3809600
2010-08-09,8.503462791442871,8.563883976392106,8.476432628454589,8.535263447023892,5240800
2010-08-10,8.546393394470215,8.575013923198716,8.419191381536345,8.446221543920462,6483200
2010-08-11,8.376259803771973,8.49392142725835,8.357179655256044,8.42237071868687,5523600
2010-08-12,8.277679443359375,8.333330136751897,8.21089800474128,8.322199998073392,5706400
2010-08-13,8.271315574645996,8.346046992998458,8.225204673681848,8.266545690596878,4241200
2010-08-16,8.293580055236816,8.32538071366088,8.161608141615549,8.231569104910802,5056800
2010-08-17,8.34286880493164,8.422370125789621,8.31106815527906,8.326968176831878,5054400
2010-08-18,8.355588912963867,8.382619678146144,8.255417076306891,8.322198502927193,5724400
2010-08-19,8.242698669433594,8.326969892814246,8.188637735847667,8.298349362883634,5137600
2010-08-20,8.473252296447754,8.497102332643971,8.158427087590775,8.158427087590775,14323600
2010-08-23,8.54162311553955,8.586143666381298,8.489151946435765,8.489151946435765,6938400
2010-08-24,8.632253646850586,8.784896038785822,8.473251003614642,8.48120101446705,24677600
2010-08-25,8.548805236816406,8.70768075492233,8.491032098528738,8.535966489559073,9636800
2010-08-26,8.513496398925781,8.585712797227302,8.47979561711339,8.526335141817142,5526400
2010-08-27,8.64830207824707,8.653116301818724,8.49263565278928,8.545594560817841,4824000
2010-08-30,8.547199249267578,8.66435066385602,8.545594712110319,8.601762695390992,4872400
2010-08-31,8.622624397277832,8.638672827999871,8.476587044724969,8.513497517108107,8602400
2010-09-01,8.765453338623047,8.765453338623047,8.585715173688506,8.662745815803309,7937200
2010-09-02,8.768661499023438,8.794338375259239,8.696445093302433,8.786314466220242,4718800
2010-09-03,8.768661499023438,8.826434623600242,8.73335556462983,8.79754806131184,4793200
2010-09-07,8.712492942810059,8.770266063535836,8.693234827778149,8.693234827778149,5395600
2010-09-08,8.709282875061035,8.771870215707786,8.625832883470382,8.73816943415722,7439200
2010-09-09,8.763850212097168,8.81199429464537,8.752616613242095,8.779898035551494,8193200
2010-09-10,8.852113723754883,8.858533097472828,8.72051962346286,8.805574182577535,8062800
2010-09-13,8.89865493774414,8.983709512847783,8.866558675305976,8.917912450332924,9160800
2010-09-14,8.829644203186035,8.90667483096461,8.81199123620209,8.816805459130434,4706800
2010-09-15,8.625834465026855,8.682002444576261,8.564851649955314,8.633858374650332,19810400
2010-09-16,8.64509391784668,8.65953720329628,8.577692327205348,8.65953720329628,7955200
2010-09-17,8.627439498901367,8.685212631013457,8.609787141587205,8.68200294454222,7019600
2010-09-20,8.746198654174805,8.747803191905772,8.603370920891143,8.65311954896032,4917600
2010-09-21,8.680401802062988,8.784714510524184,8.654724912436663,8.723731668092162,6756400
2010-09-22,8.715702056884766,8.7558222089585,8.667557384648333,8.701258777650823,7527200
2010-09-23,8.593740463256836,8.69644800255919,8.585716551533569,8.672376267389389,5046400
2010-09-24,8.746198654174805,8.832858384094775,8.657934386523866,8.696449413920305,8217600
2010-09-27,8.773473739624023,8.810384814796302,8.731749054738016,8.76224014707068,4823200
2010-09-28,8.828041076660156,8.839275286375159,8.714099951894438,8.805573881600454,5213200
2010-09-29,8.773473739624023,8.802360295385444,8.702862498976595,8.786312480933491,4554000
2010-09-30,8.72854232788086,8.89704688547918,8.718913880820153,8.848902813620386,7683200
2010-10-01,8.731752395629883,8.747800216221961,8.656326292039871,8.67879409792794,8942000
2010-10-04,8.664349555969238,8.759033152953373,8.622624248994521,8.731751127287593,7527600
2010-10-05,8.730146408081055,8.754218134970065,8.6643493750884,8.696445010940417,9846400
2010-10-06,8.791129112243652,8.810387229485984,8.678793155921959,8.678793155921959,10651600
2010-10-07,8.810388565063477,8.832855759733645,8.78631622095393,8.799154967728391,5231600
2010-10-08,8.813593864440918,8.836061661672584,8.78149823562258,8.836061661672584,4442000
2010-10-11,8.824831008911133,8.831249769502115,8.749404909255071,8.797548980705395,2865600
2010-10-12,8.864952087402344,8.882604446084715,8.762243948917252,8.813597712067224,9194800
2010-10-13,8.901861190795898,8.938771664094576,8.885812759675787,8.90827995105889,9900400
2010-10-14,8.880997657775879,8.914698441516292,8.839272965361797,8.901860310075417,8374800
2010-10-15,8.877789497375488,8.933957479927743,8.820016365501685,8.933957479927743,8058400
2010-10-18,8.958030700683594,8.962844924750122,8.852113485923875,8.87779036792062,4014800
2010-10-19,8.90827751159668,8.954817030822941,8.877786419095793,8.893834233636285,7008000
2010-10-20,8.991728782653809,9.022220491709463,8.879392840401302,8.945189868942757,5877200
2010-10-21,8.921117782592773,9.028639505256493,8.871368569491434,9.014196224819651,7402000
2010-10-22,8.89865493774414,8.959637775158125,8.85532507528041,8.938775112745525,6115600
2010-10-25,8.802362442016602,8.959634000486972,8.794338532833834,8.956424314376859,7438800
2010-10-26,8.864952087402344,8.866556624669778,8.75261550094235,8.781502069237352,8103200
2010-10-27,8.778294563293457,8.821624426500323,8.675587011478058,8.821624426500323,9583200
2010-10-28,8.834461212158203,8.884210442785104,8.75903570969283,8.82643730068553,8458400
2010-10-29,8.832855224609375,8.842483671921757,8.505474547916103,8.704470825568416,17064000
2010-11-01,8.653118133544922,8.863348048662425,8.560039655740875,8.863348048662425,10630400
2010-11-02,8.730146408081055,8.742984539984858,8.662744225984794,8.696445010940417,4948800
2010-11-03,8.767060279846191,8.797551390607268,8.673981185651456,8.757431218044417,6230000
2010-11-04,8.828041076660156,8.847299197155744,8.763849178230315,8.842484360939272,6210400
2010-11-05,8.783105850219727,8.832855071818518,8.723728181475106,8.783105850219727,5324800
2010-11-08,8.738170623779297,8.781500468322536,8.71891311915509,8.759033277563457,5032000
2010-11-09,8.734964370727539,8.775084544904246,8.694844196550832,8.741383745520277,5710000
2010-11-10,8.686819076538086,8.722124408619564,8.622626561905088,8.714100497336737,4767600
2010-11-11,8.64830207824707,8.734961775647392,8.62423034820371,8.65151176468987,6392000
2010-11-12,8.606573104858398,8.65792683807088,8.555219371645919,8.638669341162396,6144800
2010-11-15,8.596949577331543,8.640279432371191,8.553619722291895,8.63546520809518,5531200
2010-11-16,8.434865951538086,8.577693678944692,8.396350313541161,8.558436166038879,10520000
2010-11-17,8.378697395324707,8.484614635305489,8.362649569824859,8.457333209518687,7732000
2010-11-18,8.399554252624512,8.468560956511395,8.335361770623031,8.409183308580197,8751600
2010-11-19,8.340182304382324,8.409189055428492,8.31610995413448,8.361044354932805,7889600
2010-11-22,8.359436988830566,8.373880271655286,8.243890726232795,8.300059320411195,8243600
2010-11-23,8.291382789611816,8.317309146026926,8.263836963098301,8.317309146026926,10493200
2010-11-24,8.343230247497559,8.365915178635063,8.27679554140143,8.301100559855323,5842800
2010-11-26,8.228188514709473,8.304345638361582,8.215225955134539,8.288142284363332,4518800
2010-11-29,8.215225219726562,8.242771042681415,8.135827308758653,8.215225219726562,8281600
2010-11-30,8.202262878417969,8.234670204931763,8.101800722531712,8.19254111314667,9350400
2010-12-01,8.252494812011719,8.31730946933221,8.215226600393871,8.299485407663155,10866000
2010-12-02,8.301100730895996,8.301100730895996,8.20063862602363,8.249249282051032,6643600
2010-12-03,8.280038833618164,8.29138130345756,8.208743220610776,8.260594687910377,7959200
2010-12-06,8.249253273010254,8.294623158169879,8.228188418564002,8.26383653868561,6218000
2010-12-07,8.237910270690918,8.328650653279219,8.218466123749957,8.304345006014302,7030000
2010-12-08,8.244389533996582,8.257352088928817,8.142306709638492,8.220083893586237,9520800
2010-12-09,8.276798248291016,8.288140717569272,8.205502020692586,8.276798248291016,7474800
2010-12-10,8.425869941711426,8.49878624752294,8.291379797868172,8.297861384633226,9619200
2010-12-13,8.440455436706543,8.500408584855021,8.417770495143243,8.463140378269843,7850800
2010-12-14,8.33350944519043,8.484202936950576,8.296241248685616,8.456656502418591,13703600
2010-12-15,8.237910270690918,8.348094800220181,8.22980859430871,8.33675232966143,10566400
2010-12-16,8.299484252929688,8.30434513521098,8.19740139819446,8.24925286958924,10984800
2010-12-17,8.372398376464844,8.375639170078996,8.226566372537118,8.231427253899255,13584800
2010-12-20,8.34971809387207,8.403190291136614,8.30110739879791,8.361060568785424,8326400
2010-12-21,8.283284187316895,8.390227974756812,8.2816640984987,8.352959750752449,8867200
2010-12-22,8.437216758728027,8.461522412567048,8.26545832962447,8.30272716367589,9490000
2010-12-23,8.453415870666504,8.505267947358126,8.425870053726031,8.433971728230986,5278400
2010-12-27,8.450179100036621,8.490688107001095,8.385364441646106,8.429114243341944,3581200
2010-12-28,8.472860336303711,8.487443597152282,8.39994403206085,8.445313902203909,3331600
2010-12-29,8.437216758728027,8.487448154873391,8.38536527411534,8.433975963674929,5491200
2010-12-30,8.421012878417969,8.474484448176009,8.406429610644246,8.442077117776801,3507600
2010-12-31,8.4242525100708,8.474483278041344,8.393465272289289,8.40480774364511,3526000
2011-01-03,8.463140487670898,8.490686930009776,8.395085662101268,8.455038811024748,6060800
2011-01-04,8.547398567199707,8.578185183118233,8.416149191322978,8.471241453258095,6944000
2011-01-05,8.480965614318848,8.549020448451781,8.442076696158326,8.529576298430712,10962800
2011-01-06,8.443697929382324,8.502031001203438,8.393466535732273,8.479346055077098,7158000
2011-01-07,8.461522102355957,8.468003074106102,8.351337547063904,8.45828130742167,5495600
2011-01-10,8.574945449829102,8.604111981409607,8.398326790318064,8.433974292602205,11806000
2011-01-11,8.549019813537598,8.64624179265928,8.521473987896709,8.64624179265928,7346000
2011-01-12,8.68999195098877,8.745084222673999,8.604112439818099,8.604112439818099,8480400
2011-01-13,8.711055755615234,8.736981492877367,8.651102604093737,8.698093196043335,6484400
2011-01-14,8.774251937866211,8.790455294848968,8.655965083041982,8.694854005166427,6422000
2011-01-18,8.798554420471191,8.821239360912477,8.762906921828431,8.783971156170614,5172400
2011-01-19,8.759668350219727,8.830963983712385,8.743464375708832,8.790454974612787,5126400
2011-01-20,8.790451049804688,8.868228238375325,8.7596644391574,8.77586778831531,10452000
2011-01-21,8.818000793457031,8.839065651236547,8.76777001782997,8.824482383253562,10110400
2011-01-24,8.772629737854004,8.852027657037175,8.764528060741846,8.798555475483916,10245200
2011-01-25,8.842306137084961,8.842306137084961,8.6592052495023,8.736982469986998,13060800
2011-01-26,8.783973693847656,8.864991714897242,8.696474082765677,8.845547562918506,8645600
2011-01-27,8.816377639770508,8.86174751633509,8.72077638692499,8.749942912750281,5785200
2011-01-28,8.754807472229004,8.86013115063533,8.743464998322903,8.803418781104828,8268800
2011-01-31,8.662446022033691,8.819621169051008,8.660825933704556,8.751565714977728,8734400
2011-02-01,8.835824012756348,8.852027985700637,8.701334436969756,8.715917703560432,6874000
2011-02-02,8.889296531677246,8.983277105826435,8.806657811839425,8.886055736966117,7090400
2011-02-03,8.910358428955078,8.936284159915335,8.788831449181714,8.860127054792875,10762800
2011-02-04,8.86984920501709,8.90711740367083,8.783969721223702,8.882811761101006,8266800
2011-02-07,8.942767143249512,8.952489526343703,8.840684902292958,8.868230727215682,9871200
2011-02-08,8.98165512084961,8.98327520880386,8.900637124535338,8.923322064604413,4446000
2011-02-09,8.950867652893066,8.96383020964817,8.903877071154634,8.94276535953815,3734400
2011-02-10,8.947626113891602,8.958968581901885,8.890913155722039,8.924941177871036,4948000
2011-02-11,8.92170238494873,8.958970590784672,8.886054267141185,8.933044855502352,4757600
2011-02-14,8.863369941711426,8.92008229841895,8.816379350086144,8.910360533336707,4281200
2011-02-15,8.874709129333496,8.88605159647819,8.798552034403608,8.834200141497275,5381600
2011-02-16,8.808277130126953,8.892535924982505,8.728879217512857,8.874711865939446,6988800
2011-02-17,8.788833618164062,8.853647652500968,8.77425035226755,8.779111234860276,5642400
2011-02-18,8.845542907714844,8.850403788621747,8.775867396831327,8.808274711819633,7485200
2011-02-22,8.855266571044922,8.869849833997314,8.769387081161634,8.769387081161634,7270000
2011-02-23,8.80989933013916,8.884436378380347,8.728881310061798,8.728881310061798,7502800
2011-02-24,8.816377639770508,8.877951485192591,8.779109438575572,8.788831819890072,7466800
2011-02-25,8.861748695373535,8.884434254792305,8.817998900814773,8.817998900814773,4550800
2011-02-28,8.988137245178223,9.00109980394042,8.85202697852453,8.85202697852453,8805600
2011-03-01,8.771010398864746,9.002721969150759,8.771010398864746,8.98651799542402,12267600
2011-03-02,8.807024002075195,8.81357212527501,8.728448397067595,8.77755807213942,7938800
2011-03-03,8.911791801452637,8.962538821412673,8.84794915907727,8.852860563888513,8676400
2011-03-04,8.962538719177246,8.96417543778671,8.821757189153649,8.910154981186617,9450400
2011-03-07,8.941258430480957,9.003464359084402,8.897059530509836,8.964176239844472,6344000
2011-03-08,9.052569389343262,9.078761247226902,8.954350078395402,8.95762413868875,6094000
2011-03-09,9.129510879516602,9.136059001992843,8.96908562562865,9.057483405667929,6565600
2011-03-10,9.060758590698242,9.144245607220657,9.003464069134584,9.060758590698242,8384800
2011-03-11,9.116413116455078,9.14424232011319,9.019830511635563,9.019830511635563,8680400
2011-03-14,9.016555786132812,9.060754038009128,8.942890992233727,9.03619952301819,9777600
2011-03-15,8.802109718322754,9.006733803393129,8.802109718322754,9.006733803393129,13087200
2011-03-16,8.61058235168457,8.811933026683846,8.518911149500294,8.803747562663196,12608000
2011-03-17,8.64659595489502,8.726808877185853,8.576205214250981,8.6957056142026,8145600
2011-03-18,8.636775016784668,8.774282457322348,8.605672373786405,8.708803110305489,9970400
2011-03-21,8.800474166870117,8.890509282194063,8.703891554083476,8.715351079685568,5876400
2011-03-22,8.821752548217773,8.85121846339404,8.76282071786524,8.825026608177701,5500800
2011-03-23,8.789017677307129,8.826668452017374,8.746456122036596,8.793929082330864,3445200
2011-03-24,8.843039512634277,8.85777248003031,8.766100613514615,8.838128731656768,7410800
2011-03-25,8.856130599975586,8.88887058013536,8.821753901816255,8.87577496274936,4746400
2011-03-28,8.802109718322754,8.919973391151498,8.800472375942828,8.8806852920542,5922400
2011-03-29,8.951078414916992,8.955989194440392,8.782468323671575,8.811934249738604,5367600
2011-03-30,9.000186920166016,9.013283163153334,8.944529136396389,8.988728019783732,7840400
2011-03-31,9.023100852966309,9.037833807779796,8.965806375615509,8.978901988525848,6730400
2011-04-01,9.15570068359375,9.15570068359375,9.03620028539229,9.044385124413148,8676000
2011-04-04,9.198266983032227,9.198266983032227,9.126239488112285,9.137698393566287,8148400
2011-04-05,9.217909812927246,9.222820593167214,9.140970925362913,9.150793110306255,7602000
2011-04-06,9.260469436645508,9.267017558577223,9.183530565106048,9.227729451450209,6323600
2011-04-07,9.175342559814453,9.234274387944325,9.127869628880605,9.222815490748301,11005600
2011-04-08,9.16716194152832,9.217908955654302,9.086948999776075,9.178620843998162,6597200
2011-04-11,9.031291961669922,9.186806453942369,9.013285559469944,9.168799427278989,9895200
2011-04-12,9.023100852966309,9.068937059309917,8.973991211742343,9.001820403929138,7766400
2011-04-13,8.998553276062012,9.095135915466198,8.987094371765197,9.046025611950194,6659200
2011-04-14,9.029653549194336,9.062393534762021,8.936344996227568,8.977269822071353,4881600
2011-04-15,9.023100852966309,9.11149858184723,9.005093838809495,9.062388940623263,11047200
2011-04-18,8.99200439453125,8.998552517710001,8.885599578498427,8.951079561359148,7557600
2011-04-19,8.985457420349121,9.016560697193759,8.955991486740242,8.983820701576839,5361200
2011-04-20,9.11478042602539,9.126239331282477,9.021471840667116,9.055848556438375,5227200
2011-04-21,9.086950302124023,9.136060604848556,9.054210932925589,9.124601700736417,4564800
2011-04-25,9.078763961791992,9.116414729728417,9.055846157349242,9.083675365932109,3613600
2011-04-26,9.173707008361816,9.181891846761916,9.093494093329289,9.093494093329289,5600000
2011-04-27,9.199902534484863,9.214635499265237,9.11968958746652,9.19008034981015,6113200
2011-04-28,9.303032875061035,9.330861460375882,9.167162136509639,9.167162136509639,7140400
2011-04-29,9.260469436645508,9.312853163172674,9.186804626071906,9.258832718394219,7054400
2011-05-02,9.26538372039795,9.322678872276839,9.222822160669887,9.293212936902213,7722000
2011-05-03,9.39142894744873,9.40452519158337,9.24246260496532,9.268654468771306,9061200
2011-05-04,9.401252746582031,9.438903518246175,9.307944176704936,9.37833493987024,7962000
2011-05-05,9.339043617248535,9.39797545681507,9.299756140512969,9.383242496923437,7164800
2011-05-06,9.394702911376953,9.478189905714107,9.337408405038344,9.404525094376407,5758000
2011-05-09,9.437263488769531,9.445448327657454,9.303030132725421,9.381605710083205,4968400
2011-05-10,9.55185317993164,9.5878672230253,9.448723078375982,9.461818696660714,5796400
2011-05-11,9.530570983886719,9.569858456038528,9.46345431320286,9.542029881969588,5010800
2011-05-12,9.638616561889648,9.64843812186662,9.486376137612824,9.494560979081427,6000000
2011-05-13,9.59932804107666,9.651711773607946,9.533848687644229,9.640252871145686,5672000
2011-05-16,9.50601863861084,9.654984981922247,9.491285676109127,9.56495048861769,7944000
2011-05-17,9.592777252197266,9.609147554352957,9.478188259423305,9.489647158700702,6322000
2011-05-18,9.576412200927734,9.596055948541403,9.527302519661827,9.596055948541403,6137200
2011-05-19,9.55840015411377,9.63206494957178,9.527297518015121,9.618968708395622,7034000
2011-05-20,9.45854663848877,9.578047068779394,9.442176956051341,9.574773631862595,9370400
2011-05-23,9.427447319030762,9.478194351636855,9.361967317246359,9.397981380674139,6980400
2011-05-24,9.393067359924316,9.448725154908521,9.376697052891691,9.427444067997788,5944400
2011-05-25,9.33249568939209,9.389790812139724,9.25392010983206,9.361961609785,7880000
2011-05-26,9.34722900390625,9.363599307224623,9.247372963748669,9.29975668544102,5626000
2011-05-27,9.388154983520508,9.40943606822777,9.3472301568714,9.379970143083346,4581200
2011-05-31,9.486377716064453,9.488014434845159,9.43235662934896,9.433993972593145,7274400
2011-06-01,9.380603790283203,9.502902288435346,9.37564595604963,9.49629142249266,6678400
2011-06-02,9.289702415466309,9.380599574766164,9.24177460459029,9.380599574766164,5822800
2011-06-03,9.202116966247559,9.21699110285953,8.950909675938133,8.987268816644518,13460000
2011-06-06,9.157492637634277,9.221947005965308,9.11121783584726,9.160798070682906,7831600
2011-06-07,9.157492637634277,9.269874839500085,9.15584023633341,9.182283070275547,7749600
2011-06-08,9.172367095947266,9.207073198516564,9.134355560212285,9.150882095593785,5769600
2011-06-09,9.19385051727295,9.245083146424633,9.165754655413519,9.198808350946518,4399600
2011-06-10,9.1707124710083,9.258304222096735,9.145922043499956,9.188891403341424,10028800
2011-06-13,9.238473892211914,9.259958260708848,9.145923660985948,9.19715692602214,5240800
2011-06-14,9.236822128295898,9.31449823713695,9.203768424717984,9.302929535451725,5716400
2011-06-15,9.16740608215332,9.294662377888336,9.131046960387117,9.200459141453475,6592400
2011-06-16,9.27978801727295,9.302925410383907,9.188890215127506,9.190543246319248,7690400
2011-06-17,9.359114646911621,9.420263549567993,9.337629658782308,9.344240521352337,7714000
2011-06-20,9.428532600402832,9.430185632283354,9.276486450635717,9.349204092205172,6325600
2011-06-21,9.415312767028809,9.463239980427824,9.370690356942532,9.454976711251927,5384800
2011-06-22,9.373991966247559,9.415308925717344,9.321106308561978,9.392171529285747,7025600
2011-06-23,9.317805290222168,9.345900533356573,9.223602628440707,9.306236586525994,5972400
2011-06-24,9.355813980102539,9.420268346867502,9.301275281795649,9.339286815260962,7324800
2011-06-27,9.41696548461914,9.42688178623112,9.360774369712022,9.360774369712022,5920000
2011-06-28,9.435142517089844,9.45993294922622,9.372340551338734,9.428531651127226,4052800
2011-06-29,9.458279609680176,9.483070041009714,9.413657211555119,9.46323744376734,6011200
2011-06-30,9.496288299560547,9.497941330726043,9.398780265536345,9.483067202469922,6626000
2011-07-01,9.615285873413086,9.626854575256607,9.483071687739297,9.497945823030534,5607200
2011-07-05,9.534300804138184,9.598755786861794,9.49959471144244,9.58057622484591,5803200
2011-07-06,9.545869827270508,9.588839817218432,9.491331769809536,9.535954160703108,4794800
2011-07-07,9.59380054473877,9.61032771141491,9.524388336039818,9.61032771141491,5130800
2011-07-08,9.535955429077148,9.56074522923969,9.484722166692956,9.527692162356301,4081200
2011-07-11,9.446712493896484,9.474808362810945,9.392174418452003,9.45332336075247,4928800
2011-07-12,9.468195915222168,9.529344847313709,9.39547765284069,9.416962651312204,6297200
2011-07-13,9.453322410583496,9.52769307912082,9.44175370997179,9.497944811705889,6560400
2011-07-14,9.418615341186523,9.511164936572673,9.40539361016174,9.461584706123402,5922800
2011-07-15,9.387214660644531,9.440100327317142,9.35250856009942,9.433490091818221,8170800
2011-07-18,9.314496994018555,9.383909194866117,9.27318002767209,9.357466361622254,5146800
2011-07-19,9.382259368896484,9.405396775529873,9.263266271413869,9.331026089603238,5190000
2011-07-20,9.410350799560547,9.45166776051296,9.33432774271534,9.385561001257175,4886800
2011-07-21,9.56735610961914,9.602062208168576,9.458279349573171,9.458279349573171,5189200
2011-07-22,9.496288299560547,9.585533069097274,9.478108739420101,9.57231134155998,3900000
2011-07-25,9.509513854980469,9.559094092309609,9.426879915949593,9.426879915949593,4091200
2011-07-26,9.479764938354492,9.552482572769009,9.46654320639901,9.507860173089574,7266400
2011-07-27,9.362422943115234,9.478109921258376,9.31614752141123,9.466541223444063,9958800
2011-07-28,9.294666290283203,9.423575041065984,9.281444556640373,9.312845228371653,7344000
2011-07-29,9.131049156188965,9.268221780968824,9.11617502374834,9.268221780968824,9977200
2011-08-01,9.157492637634277,9.221947005965308,9.076511104060105,9.180630038527786,6737200
2011-08-02,8.964131355285645,9.139314929354168,8.964131355285645,9.107914254677945,7207600
2011-08-03,8.929424285888672,8.99387866493898,8.779030524622288,8.975699725818558,13422000
2011-08-04,8.674909591674805,8.934380061784246,8.671604159071569,8.861661805406646,13019600
2011-08-05,8.72779655456543,8.793903325152465,8.572444351269752,8.741017656504077,17404000
2011-08-08,8.291489601135254,8.6914382161328,8.26339436291588,8.58236143576019,14094400
2011-08-09,8.584014892578125,8.598889029477919,8.098127471263261,8.387346309522664,17858400
2011-08-10,8.294793128967285,8.55591663346194,8.263392464562799,8.473282708816312,16360800
2011-08-11,8.66830062866211,8.755892405305428,8.294794858341767,8.317932891641894,28130000
2011-08-12,8.707965850830078,8.830264380220802,8.658385604489473,8.729450855408253,26907200
2011-08-15,9.046764373779297,9.071554178457003,8.734407539085785,8.752587107450942,24555200
2011-08-16,9.03849983215332,9.079816800790704,8.894716957820357,8.9823087295886,7134800
2011-08-17,9.09799575805664,9.208725554415402,9.069900523880857,9.093037923895471,7592800
2011-08-18,9.02197551727295,9.041807490574602,8.833570194789603,8.954215697249166,14720800
2011-08-19,8.972394943237305,9.040154760802464,8.916203828882267,8.95917320788457,9924800
2011-08-22,8.945952415466309,9.1079148965125,8.924467409991152,9.1079148965125,9130400
2011-08-23,9.109562873840332,9.109562873840332,8.907936544172468,8.992222862488639,9200800
2011-08-24,9.354952812194824,9.368307160086806,9.087858849547294,9.101213834239994,8870400
2011-08-25,9.216402053833008,9.374989069371658,9.151298064784758,9.374989069371658,7402800
2011-08-26,9.249788284301758,9.266481385130497,8.964332057243842,9.1663215065561,6784800
2011-08-29,9.396692276000977,9.40170008010692,9.296531736274156,9.338265135293382,4896400
2011-08-30,9.42172908782959,9.46179341898052,9.341601062328667,9.364971656832987,6061600
2011-08-31,9.468470573425293,9.485163672671161,9.403366594845119,9.445099979760709,8580000
2011-09-01,9.468470573425293,9.521889255173173,9.425067496504566,9.486833364676299,10512400
2011-09-02,9.286514282226562,9.363303568326629,9.27983678687847,9.328247672950644,8055200
2011-09-06,9.189691543579102,9.203046532870712,9.014411448332817,9.147958157244227,7274000
2011-09-07,9.181346893310547,9.314893629853032,9.084525111316575,9.314893629853032,12296000
2011-09-08,9.124588966369629,9.203047948524402,9.047799676533616,9.04946873205134,10302400
2011-09-09,8.947639465332031,9.062824040922697,8.897559519632248,9.037783749672277,11257600
2011-09-12,9.034446716308594,9.036116409002734,8.855827806106424,8.874190604934883,8249600
2011-09-13,8.945971488952637,9.037784839944981,8.895891537211462,9.024430483321199,12767600
2011-09-14,8.989371299743652,9.069499963120924,8.855824588783113,8.935952615359437,9866400
2011-09-15,9.071168899536133,9.132934133145813,9.011072721191173,9.056144854949894,10833600
2011-09-16,9.228087425231934,9.253127715125123,9.084524455019835,9.111234437199784,11891200
2011-09-19,9.13961410522461,9.174670006494573,9.106227259671785,9.127928804801288,5899200
2011-09-20,9.293190002441406,9.406704862250434,9.162982043107904,9.181344834665383,9977200
2011-09-21,9.149626731872559,9.391679833612406,9.146287984957413,9.313221509909507,9047200
2011-09-22,8.905904769897461,9.087862367568816,8.830785180723838,8.99437998573463,14760000
2011-09-23,8.982693672180176,9.096208525971184,8.89087971926032,8.907573454700701,10764400
2011-09-26,9.077850341796875,9.091204700124742,8.989375091069748,9.067834095450063,8468400
2011-09-27,9.107892990112305,9.288180858787694,9.07283646729137,9.251455280975685,10456400
2011-09-28,8.987701416015625,9.179675233126863,8.969338625550964,9.132933410998392,8629200
2011-09-29,9.101219177246094,9.129597581176967,9.01107488805198,9.089533877180312,11456400
2011-09-30,9.017749786376953,9.139611192527882,9.014411039205584,9.032773830247667,9766000
2011-10-03,8.825775146484375,9.111231953611496,8.822436399621974,8.996047415661671,8868800
2011-10-04,8.849145889282227,8.85248463620181,8.568698152846672,8.73730073308005,11600000
2011-10-05,8.850817680358887,8.910913865563145,8.769019953430645,8.874188277538096,9690800
2011-10-06,8.974346160888672,8.97935459973976,8.81242107218989,8.830783862108515,5900800
2011-10-07,9.047797203063965,9.10789337408962,8.950975452677998,9.016079425688835,11350800
2011-10-10,9.198037147521973,9.201375894501505,9.084522297421373,9.157973457369334,6891200
2011-10-11,9.142952919006348,9.183016624516064,9.079517975681325,9.173001016539194,4801600
2011-10-12,9.127922058105469,9.198033808823894,9.077842145192218,9.154631387445914,7169200
2011-10-13,9.112906455993652,9.141284866086318,9.024431840056245,9.092874599645816,5708800
2011-10-14,9.157976150512695,9.209725151911414,9.116242756197053,9.159645206092854,7864000
2011-10-17,9.129596710205078,9.201378196218917,9.10121830898153,9.156306055921783,7709200
2011-10-18,9.15296745300293,9.221410187523754,9.04779913129498,9.142951210097078,7815200
2011-10-19,9.13961410522461,9.273160850634792,9.127928804801288,9.169662202542039,7295600
2011-10-20,9.19469928741455,9.224746737445804,9.129594674744313,9.159642761576455,6166800
2011-10-21,9.326578140258789,9.339933131183436,9.249788852845123,9.268151646966002,8139600
2011-10-24,9.321572303771973,9.373321949321836,9.271492350840477,9.331588549078733,6071200
2011-10-25,9.21473217010498,9.331585783514472,9.201377180320598,9.273158658409244,6510400
2011-10-26,9.353287696838379,9.401698584833543,9.24478125872625,9.321570547876563,9362000
2011-10-27,9.648758888244629,9.697169769701862,9.508534683307055,9.593671148876803,12055600
2011-10-28,9.521889686584473,9.657105452284659,9.505195949781337,9.635404549642004,11022800
2011-10-31,9.415056228637695,9.525232390094466,9.415056228637695,9.43675714029347,9863200
2011-11-01,9.239774703979492,9.358298046497191,9.213065352877159,9.269822803569765,10273200
2011-11-02,9.381667137145996,9.471811421389003,9.353288097972728,9.363304341822303,7758400
2011-11-03,9.617045402526855,9.627061011603818,9.416724942572166,9.44844209931786,11016000
2011-11-04,9.42172908782959,9.498519002802128,9.273158334079906,9.273158334079906,14420000
2011-11-07,9.353287696838379,9.460125079447687,9.25312780984241,9.289853398914746,12002400
2011-11-08,9.4233980178833,9.425067073012526,9.31322191212867,9.351616548109735,6682800
2011-11-09,9.161314010620117,9.308215085877734,9.134604666318642,9.308215085877734,10162000
2011-11-10,9.229756355285645,9.279836294135182,9.181345471784004,9.261473501303458,6214000
2011-11-11,9.31823444366455,9.383338452362121,9.291525090434748,9.291525090434748,7103200
2011-11-14,9.226417541503906,9.331585858093057,9.191361648241179,9.331585858093057,5100400
2011-11-15,9.289854049682617,9.32657900452656,9.183016022788118,9.231426914174536,14236400
2011-11-16,9.281505584716797,9.385004849336728,9.20137755316655,9.221410038654854,10115200
2011-11-17,9.244778633117676,9.339930689780031,9.176335914521934,9.258132983750556,8745600
2011-11-18,9.269817352294922,9.316559166837555,9.209721188454958,9.269817352294922,7426000
2011-11-21,9.131265640258789,9.228086771599083,9.089532251260167,9.208054923184019,9083600
2011-11-22,9.014911651611328,9.146442788785013,8.95926438237048,9.109344180445131,8161600
2011-11-23,8.832794189453125,8.986246675148427,8.83110753788808,8.96263869939055,9066800
2011-11-25,8.864831924438477,8.925538504655103,8.82267464854015,8.827733315801876,3957600
2011-11-28,9.030089378356934,9.09922729282924,8.984559438104089,9.041893365466665,7978800
2011-11-29,9.173421859741211,9.205461152143508,9.058754038249281,9.077303339265455,6276800
2011-11-30,9.348797798156738,9.384210400790181,9.262797233518985,9.333621152247838,12371200
2011-12-01,9.372406005859375,9.438171254175366,9.331934737443156,9.34879739070967,5316400
2011-12-02,9.402758598327637,9.50562245515371,9.384209937150086,9.443229866508167,9955200
2011-12-05,9.5292329788208,9.608488885128333,9.458409044624487,9.535978299202114,8876800
2011-12-06,9.574760437011719,9.645584996062496,9.510681839857432,9.552839116375827,7504400
2011-12-07,9.625349044799805,9.657388341251115,9.524171201907489,9.54272050526786,7317200
2011-12-08,9.547779083251953,9.65401559215428,9.52922978006452,9.573073704556439,8610400
2011-12-09,9.692797660827637,9.70966095169151,9.566325874058066,9.598365161796266,7318800
2011-12-12,9.610174179077148,9.701233418282866,9.544408279554872,9.674252783838753,7024000
2011-12-13,9.675939559936523,9.777116779587637,9.620291638840058,9.660762912661948,7300800
2011-12-14,9.64052677154541,9.696174691588022,9.603428801452731,9.647272090932828,7726400
2011-12-15,9.765313148498535,9.79398043584977,9.682684589594611,9.750136500670022,8591600
2011-12-16,9.758564949035645,9.822644181320928,9.706290344483806,9.817585514627243,15871600
2011-12-19,9.704602241516113,9.782171454469186,9.66244497665873,9.731582865294087,7898800
2011-12-20,9.905274391174316,9.938999699194907,9.777115904927607,9.79397920220692,10570800
2011-12-21,10.063783645629883,10.104254265000513,9.925507850120582,9.928880508946284,11749200
2011-12-22,10.070530891418457,10.102570191493632,10.030059621030166,10.0739035508899,10523600
2011-12-23,10.159904479980469,10.175081126511202,10.063785933042178,10.063785933042178,7393200
2011-12-27,10.247588157653809,10.264450806517848,10.153155651516256,10.161586975948275,5915600
2011-12-28,10.230729103088379,10.281318357172204,10.218925115340577,10.237474422735433,5884800
2011-12-29,10.299866676330566,10.309984011561339,10.220610786254715,10.277944711215516,4849200
2011-12-30,10.26613998413086,10.320101245699645,10.247590679853655,10.311669919192456,4917200
2012-01-03,9.940689086914062,10.313359375239466,9.89853179701474,10.313359375239466,19250400
2012-01-04,9.915390968322754,9.960920902592985,9.89684166436796,9.927194953881447,11679600
2012-01-05,10.041862487792969,10.062097799096195,9.876606051733892,9.964293258406475,13628000
2012-01-06,9.935627937316895,10.036805800326059,9.932255920825423,10.02837447255923,18193600
2012-01-09,9.947432518005371,9.991275808133471,9.876607949928811,9.974413152684757,9357200
2012-01-10,9.991273880004883,10.031745145848303,9.935625969878798,9.974411227810343,7598400
2012-01-11,9.98453140258789,10.009826031345396,9.915393479689053,9.96261007715179,7078400
2012-01-12,10.014884948730469,10.041865586550209,9.942374363976953,10.019943617300063,7762400
2012-01-13,9.969350814819336,10.016567393625488,9.920448871556674,9.955860823209633,8264400
2012-01-17,9.974410057067871,10.09582255380949,9.949115438476062,10.065469268806869,7612400
2012-01-18,10.033432006835938,10.050294660464195,9.960921438350224,9.965980105784903,7074800
2012-01-19,9.913705825805664,10.063785635241265,9.90696050682071,10.063785635241265,9229200
2012-01-20,10.00139331817627,10.00139331817627,9.910333439179261,9.910333439179261,9678000
2012-01-23,10.009821891784668,10.075587127434023,9.97946860713591,9.987899932145261,8460000
2012-01-24,9.981154441833496,10.011507725956161,9.918761865923065,10.008135067357104,5954400
2012-01-25,10.126176834106445,10.139667470219761,9.900213825359888,9.947430408487559,9944000
2012-01-26,10.062100410461426,10.158219611452209,10.013198449059765,10.134610991657649,11892800
2012-01-27,10.10425853729248,10.12449449880288,9.96261066633469,10.016571943824088,10602000
2012-01-30,10.105941772460938,10.180138343107371,10.011509247145426,10.067157157581965,10821600
2012-01-31,10.092451095581055,10.12449103537759,10.041862495648937,10.112687050169061,8736800
2012-02-01,10.10931396484375,10.178451865265417,10.097509980132898,10.144725918976304,8662400
2012-02-02,10.136296272277832,10.20037551651485,10.095825001373129,10.13460962088608,8047600
2012-02-03,10.153158187866211,10.218923435441061,10.094138258829545,10.197002115095433,7399200
2012-02-06,10.112686157226562,10.170020070292143,10.087391537859526,10.126176149158463,5274400
2012-02-07,10.148099899291992,10.193629836220301,10.048608698582502,10.092451984178833,7050000
2012-02-08,10.176765441894531,10.188569426869538,10.092450895919368,10.131236153144606,6726400
2012-02-09,10.16664981842041,10.188571140908175,10.109315891781169,10.170022478019076,6455200
2012-02-10,10.178452491760254,10.193629136361048,10.122804580467688,10.122804580467688,5397600
2012-02-13,10.124491691589355,10.202060926064128,10.085707074351967,10.202060926064128,7214800
2012-02-14,10.18182373046875,10.18182373046875,10.078959891777005,10.097509192953401,5380400
2012-02-15,10.112686157226562,10.215549999191476,10.062096918492488,10.205432022790882,7544800
2012-02-16,10.19025707244873,10.2459043437229,10.114373845012137,10.14135447662637,8270000
2012-02-17,10.154845237731934,10.239159792961807,10.13629593265832,10.20206118281458,7547600
2012-02-21,10.186882972717285,10.212177592709292,10.153157027150913,10.188568980524595,7985200
2012-02-22,10.148099899291992,10.235787113753661,10.122805275464374,10.202061163073173,5201200
2012-02-23,10.153158187866211,10.181825470019007,10.077274962484084,10.148099520597063,23902800
2012-02-24,10.247588157653809,10.26782346494442,10.14303831950536,10.185195584934279,25763600
2012-02-27,10.256021499633789,10.286374788175166,10.193628914640492,10.229040870182448,40980000
2012-02-28,10.198686599731445,10.281315131309647,10.186882615687258,10.279628480292542,6014000
2012-02-29,10.135668754577637,10.237860396704617,10.065838091495719,10.225938135913642,9810400
2012-03-01,10.186767578125,10.22934727777484,10.139077872711214,10.14248432664896,8026800
2012-03-02,10.185063362121582,10.212314342131833,10.137374309532298,10.179954006405477,6076000
2012-03-05,10.191874504089355,10.217422577673602,10.133966100384294,10.161217075674058,5246800
2012-03-06,10.13907527923584,10.16632625405262,10.091386235735095,10.147591736759106,4798000
2012-03-07,10.176547050476074,10.18676641111857,10.081168300289844,10.142483164715665,5192800
2012-03-08,10.178247451782227,10.220827136093039,10.159512936445584,10.219124234594952,5630800
2012-03-09,10.22082805633545,10.270220650514565,10.15781029980162,10.198687086294726,7049200
2012-03-12,10.350271224975586,10.372412845913443,10.222532153719088,10.225938606918337,6857200
2012-03-13,10.374115943908691,10.384335303699762,10.307691729553051,10.360490780568458,7364400
2012-03-14,10.229348182678223,10.394556990128255,10.21742591769878,10.363899551691194,7512800
2012-03-15,10.261706352233887,10.2787379701111,10.168031154480062,10.241268280838316,8405600
2012-03-16,10.246377944946289,10.266816016957588,10.2037982492559,10.251487300520465,10953600
2012-03-19,10.224234580993652,10.329832676126403,10.198687157756622,10.219125226289144,7478800
2012-03-20,10.253188133239746,10.305986526077366,10.200389090687702,10.200389090687702,4334000
2012-03-21,10.271925926208496,10.323021430616322,10.244674947210017,10.307692714322515,4175200
2012-03-22,10.268522262573242,10.277038074002524,10.208910283138733,10.229349010226729,5495200
2012-03-23,10.287257194519043,10.316211082637546,10.258302656685789,10.26170911111998,4865600
2012-03-26,10.377522468566895,10.391147632000866,10.319614062114823,10.346865038697297,4547200
2012-03-27,10.382633209228516,10.425212906428156,10.358788682751056,10.377523853473237,4517200
2012-03-28,10.295771598815918,10.3996661708598,10.265114162812324,10.375820993078936,4900400
2012-03-29,10.321317672729492,10.32642767786838,10.198688594543935,10.263409262300494,4254000
2012-03-30,10.403068542480469,10.404771443939238,10.312799172020002,10.363894662070331,6602400
2012-04-02,10.53081226348877,10.576797770131217,10.42351123198877,10.42351123198877,8510000
2012-04-03,10.552949905395508,10.569982170726666,10.506963763573115,10.544434097587173,5702800
2012-04-04,10.634703636169434,10.660251711245992,10.518886821994235,10.52399682683827,8737600
2012-04-05,10.709647178649902,10.72156944362201,10.587017424977113,10.605752598423202,11919200
2012-04-09,10.66706371307373,10.687501781572617,10.614264665594245,10.615968216969268,7303600
2012-04-10,10.602341651916504,10.678985215487703,10.535917446726277,10.627889723011716,8897200
2012-04-11,10.62789249420166,10.678988000000643,10.587015699733712,10.653439922243848,8717600
2012-04-12,10.648330688476562,10.648330688476562,10.554655485153635,10.622782610427304,7467200
2012-04-13,10.573390007019043,10.690909729462932,10.568280001893953,10.641517128112696,15741600
2012-04-16,10.682394981384277,10.709645962470885,10.578500412955762,10.592125578641747,5744000
2012-04-17,10.733490943908691,10.750522564165546,10.612564750826891,10.718162225791657,5151200
2012-04-18,10.696020126342773,10.740303376594344,10.61256428117692,10.69091077043476,6608800
2012-04-19,10.682394981384277,10.728381133789421,10.617673657660596,10.678988527534122,6435600
2012-04-20,10.80843448638916,10.837389029869552,10.653444352836125,10.692617611897345,7089200
2012-04-23,10.787989616394043,10.813537688697904,10.755629287895022,10.767551548379634,5507600
2012-04-24,10.883373260498047,10.90892134432905,10.77777512039701,10.80161965212474,7435200
2012-04-25,10.970232963562012,11.016218461239612,10.852712592543837,10.90551099717907,8370000
2012-04-26,10.973641395568848,11.045174986612944,10.934467496037398,11.002595282501538,9025600
2012-04-27,10.9923734664917,11.012812186490494,10.941277316209252,10.994077018015536,4322800
2012-04-30,10.960012435913086,10.98726406245688,10.93446436088555,10.982154707337187,7750000
2012-05-01,10.864632606506348,10.898696484530673,10.665359342378427,10.704532574706349,21819600
2012-05-02,10.864632606506348,10.874851315113542,10.832271630011745,10.85441324818472,7525200
2012-05-03,10.832275390625,10.917434790393168,10.825463132426687,10.842494752494456,6741600
2012-05-04,10.827164649963379,10.896995322854702,10.798210769607879,10.823758196442514,7876400
2012-05-07,10.924249649047852,10.93957901944673,10.815245701834124,10.823761513388677,9171600
2012-05-08,10.934467315673828,10.965124754105526,10.883372451240616,10.903809877242132,6696400
2012-05-09,10.925949096679688,10.97874749831221,10.856118428621729,10.871447143547355,7918400
2012-05-10,11.086048126220703,11.11670555682731,10.96512195533606,11.000888741138919,9802000
2012-05-11,11.099675178527832,11.143958427552946,11.040063862203203,11.070721296231474,5574400
2012-05-14,11.189939498901367,11.241035635196477,11.034950137815988,11.08774852573987,9923200
2012-05-15,11.17972469329834,11.241039558480752,11.133739194126122,11.195054059308532,9106800
2012-05-16,11.166099548339844,11.229117968952226,11.111597587069145,11.19675698276894,6628800
2012-05-17,11.079238891601562,11.181429915698745,11.079238891601562,11.16099119110756,6115200
2012-05-18,11.070719718933105,11.198458792613103,11.05368810232825,11.091158438516365,9135600
2012-05-21,11.104782104492188,11.116704365148442,11.02813918590612,11.067313070593213,7250800
2012-05-22,11.174612045288086,11.210378822867987,11.113297198171457,11.113297198171457,6264000
2012-05-23,11.060502052307129,11.234226637152373,11.019624609284222,11.166098864876702,9248400
2012-05-24,11.07582950592041,11.166098246932703,11.04857917817571,11.097971777856403,7432400
2012-05-25,11.126930236816406,11.166102842715164,11.08094342189048,11.089459883744803,23769200
2012-05-29,11.17972469329834,11.200163414835536,11.08264303999772,11.1558801678862,24244000
2012-05-30,11.099675178527832,11.21889911060633,11.07923775546181,11.140552623518355,6251200
2012-05-31,11.232037544250488,11.290484705863298,11.101393416417025,11.123740127663982,11154400
2012-06-01,11.103113174438477,11.244073611671512,11.080766459793765,11.09967572276386,10193600
2012-06-04,11.127179145812988,11.135773429642068,11.05497955492718,11.10483112254921,9712000
2012-06-05,11.199378967285156,11.232039348738748,11.08420531838777,11.158122989315206,7506400
2012-06-06,11.2870512008667,11.311117301855418,11.199381083548284,11.240637069314069,6655200
2012-06-07,11.388471603393555,11.417694536520537,11.323149521432526,11.342058786750938,7620400
2012-06-08,11.50708293914795,11.525992202675095,11.340338330683439,11.350651997515001,6258400
2012-06-11,11.462387084960938,11.568966440727834,11.453791489099297,11.556933393423813,5294800
2012-06-12,11.500205993652344,11.500205993652344,11.364403705811977,11.469263683619047,5094400
2012-06-13,11.51739501953125,11.558650992678672,11.398782621290701,11.481295879089288,5198000
2012-06-14,11.605067253112793,11.627413969464412,11.524273361797277,11.534587029112796,7635600
2012-06-15,11.649758338928223,11.723675999974407,11.598188701235545,11.694453074131518,8080800
2012-06-18,11.723675727844238,11.751180583178197,11.649758068513831,11.649758068513831,5496000
2012-06-19,11.661787986755371,11.764929855087848,11.649754943650361,11.7546148813526,5930000
2012-06-20,11.551773071289062,11.67038545199943,11.507079653444658,11.654914956169492,6433600
2012-06-21,11.45035457611084,11.661792604610648,11.445197742952873,11.577561269521512,6750800
2012-06-22,11.45207405090332,11.503643694406714,11.431445406599643,11.489891264870929,5597200
2012-06-25,11.501925468444824,11.529429015639742,11.345494535479247,11.39362672669824,5384800
2012-06-26,11.520833015441895,11.574123349426165,11.479577040344235,11.525991159894929,7648800
2012-06-27,11.648043632507324,11.68758023500446,11.515678770050414,11.515678770050414,4852400
2012-06-28,11.677260398864746,11.680697849286366,11.556929961557037,11.579276668056067,4417600
2012-06-29,11.828536033630371,11.854321508371122,11.732271660202212,11.821659819599256,6467200
2012-07-02,11.833693504333496,11.905893099801238,11.74430534011677,11.900736266875784,6456000
2012-07-03,11.78727912902832,11.895576540572852,11.758056205334283,11.814783982978208,3207600
2012-07-05,11.759777069091797,11.888703137351955,11.732272211674479,11.759777069091797,4595200
2012-07-06,11.740869522094727,11.771811835456038,11.670389298297968,11.70133161165928,3382000
2012-07-09,11.665231704711914,11.752901805441606,11.61538013023832,11.732273160709944,6914800
2012-07-10,11.780401229858398,11.806186698870816,11.6944505408193,11.73054967283531,4722800
2012-07-11,11.752902030944824,11.826819703271669,11.70648790728401,11.80103422473832,5746800
2012-07-12,11.761497497558594,11.801035410148488,11.709927846815658,11.713365298930235,5075600
2012-07-13,11.917924880981445,11.97809011122618,11.778683849268022,11.794155657904472,5753600
2012-07-16,11.952306747436523,12.003877703322173,11.871512861917484,11.878389076802497,5902000
2012-07-17,11.94027328491211,12.033100215382664,11.912769737830375,11.976372428177795,6478800
2012-07-18,12.119050025939941,12.119050025939941,11.924801894828635,11.924801894828635,7725600
2012-07-19,12.08466911315918,12.115611418050909,11.991842198483992,12.108735204574566,6351600
2012-07-20,12.117332458496094,12.194688895442049,12.027944284396344,12.04857161837878,5035600
2012-07-23,12.024504661560059,12.107017926103634,11.978091851913195,12.07779499738139,3734000
2012-07-24,11.904176712036133,12.024507215570589,11.835415862228961,12.024507215570589,4598000
2012-07-25,11.830255508422852,11.983247665187903,11.809626866166628,11.96090095303813,5471600
2012-07-26,12.156865119934082,12.19984046251784,11.921359770433872,11.921359770433872,7777600
2012-07-27,12.220473289489746,12.292672894278686,12.14483754431195,12.192969739835265,7590000
2012-07-30,12.27719783782959,12.352834874524746,12.20499956362255,12.222189441552281,5693200
2012-07-31,12.187809944152832,12.330488425852174,12.179214349253876,12.268603814789897,7999200
2012-08-01,12.13280200958252,12.414720221175505,12.10529715405945,12.254851855082826,8181200
2012-08-02,12.067482948303223,12.100144648039427,11.954028657463207,12.065764877846492,5366800
2012-08-03,12.182657241821289,12.21359955784209,12.065764193687606,12.158591141750009,4294400
2012-08-06,12.100141525268555,12.223910764427762,12.100141525268553,12.175778573977809,4401600
2012-08-07,12.007316589355469,12.151714496182116,12.000440373649054,12.143118898673084,5441200
2012-08-08,11.998722076416016,12.024506245447357,11.93855551799883,12.01934941164109,4366400
2012-08-09,11.904176712036133,11.986689994105562,11.885267445551557,11.969498798025676,5555600
2012-08-10,11.998722076416016,12.009035744028553,11.881829034625857,11.892142702238395,5038400
2012-08-13,11.911050796508789,11.948869322709756,11.871512888706718,11.928240678008168,5000000
2012-08-14,11.962615966796875,12.000434478853112,11.931674978572754,11.974650321999679,5267200
2012-08-15,11.900734901428223,11.97465255838754,11.890419925257023,11.941990871602089,4418400
2012-08-16,11.960898399353027,11.981525725701523,11.907608079444682,11.933393548883757,5934000
2012-08-17,11.964340209960938,12.021068001098984,11.940274112781875,11.997001903919921,5549600
2012-08-20,11.866353988647461,11.955743455281512,11.814784353131197,11.93511481417281,5882000
2012-08-21,11.785561561584473,11.90589334887892,11.776967277030185,11.840569966446447,6080400
2012-08-22,11.725397109985352,11.79071918529445,11.689297964827382,11.75462004013648,6112400
2012-08-23,11.587874412536621,11.740866559016466,11.515674825245469,11.7150810858056,6379600
2012-08-24,11.661787986755371,11.666946129374663,11.563804261042188,11.589589728125306,3794800
2012-08-27,11.740869522094727,11.782125502741817,11.67210868001359,11.68929856265788,6421600
2012-08-28,11.75633430480957,11.788995984000051,11.692730327307935,11.706482751335857,7046400
2012-08-29,11.74940013885498,11.81356708087812,11.719918566754448,11.775413835519041,6228000
2012-08-30,11.685234069824219,11.728589793132858,11.662689570023929,11.716450243530906,4190800
2012-08-31,11.673096656799316,11.75287104351526,11.631475525276196,11.719921587485752,4578800
2012-09-04,11.652286529541016,11.692173060579506,11.607196199438823,11.678298909300079,7054800
2012-09-05,11.645353317260742,11.699114017413835,11.64188411673403,11.657492872879581,5487200
2012-09-06,11.690437316894531,11.695639791748432,11.437238740370741,11.44417581454648,20393200
2012-09-07,11.732061386108398,11.784087470828753,11.686971054194537,11.71125015835309,9896000
2012-09-10,11.782353401184082,11.869064859660593,11.752870499737059,11.77194712645084,9501200
2012-09-11,11.747668266296387,11.804898147618458,11.738997914136968,11.792758596105765,6472800
2012-09-12,11.638408660888672,11.771943685743626,11.622799914906864,11.758070862007147,7008400
2012-09-13,11.914155006408691,11.926294558833494,11.619336548599467,11.62280442510142,11081200
2012-09-14,11.756339073181152,11.907217479218678,11.719920421333152,11.89160872950566,8156800
2012-09-17,11.71471881866455,11.820506906105598,11.676565564425239,11.782353651866286,7310000
2012-09-18,11.690437316894531,11.732058438837347,11.66268902019158,11.688702717572694,7584000
2012-09-19,11.707781791687012,11.773682025484671,11.65575438603336,11.673096413547281,5734800
2012-09-20,11.801426887512207,11.80662936193851,11.664422660803023,11.688701756866777,5240000
2012-09-21,11.902010917663574,11.921087538933419,11.77367836621219,11.82917363087588,13538800
2012-09-24,12.051154136657715,12.059825808877623,11.879465876217159,11.9037449706992,6736000
2012-09-25,12.068495750427246,12.13786515650962,12.028609235030057,12.077167422354307,7381200
2012-09-26,12.130931854248047,12.219377907572547,12.07890577584853,12.096247801981702,10158800
2012-09-27,12.1638822555542,12.170819330416233,12.042486753247966,12.155210581198721,9413600
2012-09-28,12.196832656860352,12.22284635601841,12.084107509249902,12.151742333193832,12552000
2012-10-01,12.165617942810059,12.287013455970609,12.146541316011707,12.260999753689958,6905200
2012-10-02,12.238458633422852,12.266206943021688,12.156949627866553,12.224584478623434,6208800
2012-10-03,12.264463424682617,12.300882062214791,12.224575589417132,12.252323878838558,5033600
2012-10-04,12.326898574829102,12.427484162342449,12.27660578107243,12.302619477582649,4733200
2012-10-05,12.283543586730957,12.35464628344205,12.257529888671137,12.342506734095686,5542800
2012-10-08,12.25753402709961,12.309561440784918,12.21244369011315,12.29742188733996,3582400
2012-10-09,12.193367004394531,12.2818130780116,12.158682944170469,12.22458318784102,5343600
2012-10-10,12.120528221130371,12.236721264279977,12.085844165092613,12.191632256053277,6409200
2012-10-11,12.113591194152832,12.18296062962003,12.094514566321553,12.18296062962003,6396800
2012-10-12,12.03034496307373,12.155208318006657,11.99392631916269,12.155208318006657,8578800
2012-10-15,12.08063793182373,12.09624535525311,11.969646076176018,12.047687162657462,7437600
2012-10-16,12.224581718444824,12.245392945945001,12.118793627431467,12.153479006598428,10730400
2012-10-17,12.448290824890137,12.465632843684704,12.231512282179981,12.25405809741302,7218400
2012-10-18,12.495119094848633,12.505524044304229,12.391064307846358,12.444826300627287,4608000
2012-10-19,12.43789291381836,12.522869780157368,12.429221237960268,12.491653599425002,7242000
2012-10-22,12.427488327026367,12.437893279872723,12.365055963724215,12.413614174489886,5572000
2012-10-23,12.271404266357422,12.35291323768031,12.186426096235614,12.347709439481932,6770400
2012-10-24,12.05809497833252,12.221112940612652,11.950573618625905,12.136136083367656,14021600
2012-10-25,12.094511032104492,12.1361334750892,11.99045757086581,12.097980230575656,5142800
2012-10-26,12.05635929107666,12.104918813947759,11.990459066133448,12.096247139799992,5006400
2012-10-31,12.150006294250488,12.1690829164988,12.02861081004446,12.06849733066435,6756000
2012-11-01,12.117055892944336,12.19162777682841,12.068496379975626,12.19162777682841,12451600
2012-11-02,12.092781066894531,12.191632080602687,12.056361088533505,12.15521210224166,5486800
2012-11-05,12.071967124938965,12.085841273279133,11.967913658610936,12.066764650089306,6318400
2012-11-06,11.992193222045898,12.08584174230894,11.971381998728003,12.078904667869642,9407200
2012-11-07,11.801426887512207,11.962710210285143,11.728588276209443,11.954038537500303,5767600
2012-11-08,11.725122451782227,11.874266252609758,11.725122451782227,11.78408560307548,5350800
2012-11-09,11.685234069824219,11.773680115845112,11.647082144726422,11.685234069824219,4526400
2012-11-12,11.582916259765625,11.699109291337894,11.569042109488155,11.685235141060426,4117600
2012-11-13,11.636676788330078,11.70604621571221,11.506609608155498,11.560371609010334,6228800
2012-11-14,11.565572738647461,11.64708170710298,11.496203319337766,11.633207558618716,6059600
2012-11-15,11.530890464782715,11.67136394047353,11.454585273845954,11.562106645701565,5965200
2012-11-16,11.680032730102539,11.695641480028995,11.51007901915457,11.544763071928335,6569600
2012-11-19,11.742463111877441,11.777148481938898,11.654017072110204,11.745932310439377,7640400
2012-11-20,11.742463111877441,11.768476808645639,11.61586514970997,11.742463111877441,5200800
2012-11-21,11.662689208984375,11.756337727205377,11.513545419570736,11.740728979279394,6914800
2012-11-23,11.65401554107666,11.719917073979897,11.584647456290064,11.697371255623986,2855200
2012-11-26,11.78581714630127,11.792754219321296,11.619331363154807,11.634938785116322,5905600
2012-11-27,11.761542320251465,11.836114228387759,11.733795341214076,11.796226374826167,6669200
2012-11-28,11.794787406921387,11.796536154539883,11.63381318625608,11.775540503743164,6799200
2012-11-29,11.917261123657227,11.917261123657227,11.78078411520449,11.812278912149063,6138400
2012-11-30,12.022246360778809,12.037994430675003,11.903266135147057,11.91726412284999,7314400
2012-12-03,11.948758125305176,12.041492451496778,11.903265335786497,12.039742369421042,5359600
2012-12-04,11.882272720336914,11.994253973150407,11.866524647482795,11.959258997320045,4936800
2012-12-05,12.104486465454102,12.183222833558537,11.86477586079259,11.89277184451451,7267200
2012-12-06,12.100983619689941,12.181470043801074,12.043242923614065,12.120229183460365,4397200
2012-12-07,12.137726783752441,12.177969326519777,12.08523500153599,12.114979721828623,4068400
2012-12-10,12.097482681274414,12.142975469355251,12.074736954694721,12.12197848987453,4212000
2012-12-11,12.127228736877441,12.172721529969492,12.085236108211792,12.114980831228227,4375600
2012-12-12,12.113231658935547,12.230461799596581,12.10098375371606,12.14122629875657,8512000
2012-12-13,12.2567138671875,12.296956432502435,12.05024812166787,12.099239767228083,10394800
2012-12-14,12.155224800109863,12.256708210460575,12.148225806128268,12.190218435096229,11210400
2012-12-17,12.338940620422363,12.359937597660718,12.165719896700189,12.186716873938543,9123200
2012-12-18,12.4036865234375,12.45617832541404,12.3057032503314,12.323200072682921,8985600
2012-12-19,12.347695350646973,12.3896879894375,12.267208903414334,12.379190163470348,6372000
2012-12-20,12.351192474365234,12.398435354533454,12.291703022208793,12.377438370578497,4686400
2012-12-21,12.240964889526367,12.330200428761334,12.207719988945824,12.263710627600245,12792400
2012-12-24,12.23396110534668,12.270704822435876,12.16397250068657,12.218214370131996,2328800
2012-12-26,12.092235565185547,12.267206415401027,12.067739752949112,12.23921043860416,6590400
2012-12-27,12.109733581542969,12.151726215972008,11.98725450824086,12.069491029567324,5349200
2012-12-28,11.94176197052002,12.130730831973219,11.940011888028284,12.046744226353416,5421200
2012-12-31,12.106231689453125,12.11672951167466,11.85427327676474,11.920761709036867,5921600
2013-01-02,12.338940620422363,12.347689694668672,12.214711508668376,12.246206307065252,8953200
2013-01-03,12.340693473815918,12.393185261240125,12.305699838814183,12.352941379558684,4909200
2013-01-04,12.401935577392578,12.414183485678231,12.326698045088753,12.359942939687757,3739200
2013-01-07,12.344191551208496,12.412430062369761,12.314445498072487,12.396681994836419,5578400
2013-01-08,12.475421905517578,12.475421905517578,12.31619779423473,12.349442682287549,7972400
2013-01-09,12.387941360473633,12.477175566300273,12.340698465697509,12.477175566300273,5231600
2013-01-10,12.508663177490234,12.512163341342546,12.380935230229788,12.433425673722065,5876400
2013-01-11,12.559405326843262,12.576902141971585,12.496415724444155,12.564654237889616,6177600
2013-01-14,12.543659210205078,12.589150664790267,12.510414325382332,12.524412312141541,5605200
2013-01-15,12.576909065246582,12.585658145087606,12.496422603413361,12.517419594078524,3957600
2013-01-16,12.4771728515625,12.571657285635021,12.463176195898384,12.53491356153824,5654400
2013-01-17,12.436925888061523,12.491166413700144,12.356439473109532,12.415928909626551,5892400
2013-01-18,12.519165992736816,12.533162647472324,12.452676209325642,12.475423276249156,7058000
2013-01-22,12.594401359558105,12.604899182540638,12.505165859441949,12.506915941579551,8861600
2013-01-23,12.561161041259766,12.569908785285705,12.484173418268163,12.527916143163933,7762800
2013-01-24,12.615397453308105,12.659140163850035,12.548909013856145,12.569904660566456,4448400
2013-01-25,12.685389518737793,12.688888349170407,12.540163359728215,12.673141609840716,4953200
2013-01-28,12.667885780334473,12.746622103838464,12.580400383142827,12.746622103838464,6053200
2013-01-29,12.704636573791504,12.750129379485637,12.622400040971254,12.69063858205147,7754000
2013-01-30,12.597901344299316,12.695884594246714,12.597901344299316,12.692385764572162,8636400
2013-01-31,12.606649398803711,12.636394120851712,12.548908701942379,12.597900322944156,8068400
2013-02-01,12.646891593933105,12.722129105509737,12.64339276463905,12.676636315157898,6379600
2013-02-04,12.59615421295166,12.666142837134165,12.58390630383887,12.627649027087688,5545200
2013-02-05,12.625895500183105,12.678385947259967,12.60839734956935,12.650391309136602,5838000
2013-02-06,12.599650382995605,12.599650382995605,12.533160610391366,12.597900300842454,9534000
2013-02-07,12.641644477844238,12.70813292324586,12.568157037939017,12.63814564805329,9359600
2013-02-08,12.615397453308105,12.64864234049488,12.583902648321054,12.643393428817303,4228000
2013-02-11,12.629401206970215,12.636400204042882,12.594407556529083,12.599656470603032,4388400
2013-02-12,12.683634757995605,12.695882662375325,12.603148338511524,12.620645154065201,7118800
2013-02-13,12.694135665893555,12.758874025862273,12.67138860110745,12.699384577791381,6005600
2013-02-14,12.632895469665527,12.70988307470196,12.569905853712395,12.657391283100445,7118000
2013-02-15,12.685389518737793,12.702886340744765,12.638147965826771,12.664392531376254,9880400
2013-02-19,12.755376815795898,12.779872631043768,12.694137277676228,12.718633092924096,10432800
2013-02-20,12.762371063232422,12.84460755593893,12.744872914631731,12.755372070776408,23429200
2013-02-21,12.690638542175293,12.786873066433193,12.688888459482795,12.779874070585167,5299600
2013-02-22,12.729130744934082,12.779872457235088,12.702884847547798,12.702884847547798,23989600
2013-02-25,12.631144523620605,12.860355881545384,12.631144523620605,12.746624576152863,27490000
2013-02-26,12.645139694213867,12.737875343695519,12.58565026031529,12.669636835437116,24193200
2013-02-27,12.70341968536377,12.708716975751926,12.611595494550961,12.615127919626685,8867600
2013-02-28,12.691058158874512,12.77581749463924,12.673398728966955,12.692823024084985,8419200
2013-03-01,12.777583122253418,12.779349334608407,12.627487405486425,12.687525153303106,8204800
2013-03-04,12.994783401489258,13.024803630275246,12.747567497785587,12.754631001780782,8561600
2013-03-05,13.045989036560059,13.104261917313112,13.007141796616605,13.044224171488933,7860800
2013-03-06,13.097199440002441,13.107795367384389,13.038926554690454,13.058350849794449,5637600
2013-03-07,13.056584358215332,13.143109895575465,13.035393853316345,13.09543294358422,6490800
2013-03-08,13.09543514251709,13.118390516260014,12.998313662786623,13.09366893000597,7157600
2013-03-11,13.09896183013916,13.137810409011076,13.063645675105578,13.067176751718954,6153600
2013-03-12,12.90825366973877,13.137812760214882,12.735202592989257,13.113091177822094,15050800
2013-03-13,13.023032188415527,13.040690267700564,12.83232169879691,12.918848577576247,10440000
2013-03-14,13.068944931030273,13.076008432545317,12.934741096694765,12.9471018875398,9305200
2013-03-15,13.150171279907227,13.16253206896847,13.00184046394733,13.008903964443036,11396000
2013-03-18,13.08836841583252,13.146639942092222,13.06011441151563,13.09719678176274,6387600
2013-03-19,13.264952659606934,13.30909853345746,13.197850069130038,13.206679782790204,8894800
2013-03-20,13.367368698120117,13.386792988408965,13.22080543579292,13.305564750485152,7146800
2013-03-21,13.347946166992188,13.411516335001949,13.298503002367971,13.332054298602344,7396000
2013-03-22,13.45036506652832,13.464492070067031,13.32145986410691,13.356776025728477,6961600
2013-03-25,13.452129364013672,13.588098048850783,13.409749706655028,13.494509021372314,8459200
2013-03-26,13.626948356628418,13.632245646066542,13.46978914957986,13.482149940677212,11928400
2013-03-27,13.575737953186035,13.658732407373007,13.552782584948718,13.559846086073682,9016800
2013-03-28,13.717001914978027,13.736426201498539,13.593394043688189,13.598691331425645,6766800
2013-04-01,13.681692123413086,13.717008289558127,13.639311107368579,13.704647496684824,3980400
2013-04-02,13.80176830291748,13.812362882800453,13.717007622177752,13.720538699730305,5494400
2013-04-03,13.830021858215332,13.994244593134187,13.805300272074893,13.962459504207137,8312800
2013-04-04,13.990710258483887,14.02249534001175,13.845911853129195,13.863569932372432,7539200
2013-04-05,14.045448303222656,14.061340167652789,13.865332422998678,13.865332422998678,6568000
2013-04-08,14.116083145141602,14.121380433731478,13.909479459561673,14.029556274090405,5860000
2013-04-09,13.983647346496582,14.11784983217944,13.973051420724143,14.089597173644945,5518800
2013-04-10,14.101957321166992,14.13903969161633,13.988943997733266,13.988943997733266,5298000
2013-04-11,14.098422050476074,14.17082191189635,14.048978899859694,14.126676049242468,6917200
2013-04-12,14.03662109375,14.140806052300183,13.98011443143934,14.073703464589018,9233200
2013-04-15,13.941265106201172,14.165526878623954,13.939500241415972,14.018962267950801,8174400
2013-04-16,14.075469017028809,14.0966595196116,13.89711932515917,13.973050275382876,5821200
2013-04-17,13.953629493713379,14.043687468305645,13.87063636898366,14.038390178134108,6042000
2013-04-18,13.92361068725586,14.036624035562657,13.881231018447156,13.992478154279521,7192000
2013-04-19,14.140806198120117,14.147869699384925,13.94479841650329,13.965987573072603,6564400
2013-04-22,14.11079216003418,14.176127211461989,14.02603146305751,14.12668403290292,4316400
2013-04-23,14.146100997924805,14.204373862686168,14.068403844909655,14.14433478611313,5936400
2013-04-24,14.225568771362305,14.299734877987477,14.093131123623278,14.17435938590283,5661200
2013-04-25,14.204374313354492,14.269709332985713,14.14610144674428,14.225563466867357,4596400
2013-04-26,14.222038269042969,14.282076025112607,14.169062668913483,14.197316681576002,3686400
2013-04-29,14.349174499511719,14.365066366638976,14.167293723854868,14.253819255072916,4917600
2013-04-30,14.485143661499023,14.59462591175393,14.405681628833854,14.485143661499023,8491200
2013-05-01,14.361533164978027,14.479843760172292,14.327981876372982,14.418039818445802,6495600
2013-05-02,14.43216323852539,14.455118597693732,14.315617536844847,14.340339107402922,4559600
2013-05-03,14.435700416564941,14.51516244877525,14.396851832915415,14.48867600285523,5126000
2013-05-06,14.232626914978027,14.45159003290002,14.232626914978027,14.409210378804616,4433200
2013-05-07,14.430408477783203,14.430408477783203,14.248527629828608,14.264419503272896,5372000
2013-05-08,14.292671203613281,14.458658804007925,14.230865890962987,14.39862105108815,7014800
2013-05-09,14.098422050476074,14.32091757547459,14.056042399551293,14.287367635970512,7876000
2013-05-10,14.126677513122559,14.139038302057543,13.988942622925606,14.10195593525259,7326400
2013-05-13,14.059576988220215,14.116083647230361,13.992474404428464,14.082532355334488,5117200
2013-05-14,14.160235404968262,14.218506952985695,14.024265316067902,14.077240920329835,4810000
2013-05-15,14.331515312194824,14.428635413988465,14.149633203375855,14.170823705132186,5866400
2013-05-16,14.202609062194824,14.338577746257739,14.183184772010836,14.285603511667322,4645200
2013-05-17,14.320923805236816,14.324456230231666,14.17612536663213,14.227334751254268,5342000
2013-05-20,14.169059753417969,14.32798517387967,14.121382800892057,14.30502980373389,5323600
2013-05-21,14.21320915222168,14.271482045374627,14.075474202751463,14.17259569133971,5492400
2013-05-22,13.97834587097168,14.329746542212176,13.905946013313851,14.19554274949568,7219200
2013-05-23,13.812361717224121,13.882995387342483,13.508637878772804,13.882995387342483,8248800
2013-05-24,13.649909019470215,13.773516966173851,13.575742904222455,13.755858880534127,7350800
2013-05-28,13.600460052490234,13.704645014027687,13.526295308685691,13.699347724788096,8181600
2013-05-29,13.370903015136719,13.545720305261586,13.21904109531909,13.529828436716238,10084800
2013-05-30,13.486693382263184,13.707581919914096,13.381593662252477,13.459972676796747,7850400
2013-05-31,13.470661163330078,13.739645871360864,13.419001497524249,13.433252721002713,10287200
2013-06-03,13.58823013305664,13.695111589222225,13.321025813106955,13.4777865506165,8764800
2013-06-04,13.625643730163574,13.664833929368976,13.53657558981383,13.563296303733146,9123200
2013-06-05,13.536571502685547,13.602482395909636,13.474224095079816,13.582887302223327,6137600
2013-06-06,13.78596019744873,13.78596019744873,13.500942553642385,13.533007123512558,11546400
2013-06-07,14.037135124206543,14.04247899352435,13.810901356561326,13.896407342860893,13048400
2013-06-10,14.015752792358398,14.144011041982573,13.965874886187,14.024660143776583,12840800
2013-06-11,14.049602508544922,14.094136558308074,13.871466309492314,13.912436874194462,11426000
2013-06-12,13.85008716583252,14.151137726912216,13.82692995308451,14.11729141983572,6787600
2013-06-13,14.095916748046875,14.127981317798534,13.821586842187417,13.869684376350568,6768400
2013-06-14,14.202801704406738,14.309683166743305,14.099482368550394,14.104826237806492,9051200
2013-06-17,14.368462562561035,14.421902592308905,14.288300479332769,14.32036504080988,9203600
2013-06-18,14.534132957458496,14.55372804960227,14.379155322048668,14.404094283127753,7748000
2013-06-19,14.284743309020996,14.567979234417642,14.284743309020996,14.50028796296301,7854000
2013-06-20,13.775274276733398,14.177861157095705,13.752115698230202,14.17429903067218,10064000
2013-06-21,13.953407287597656,14.030005899261804,13.700454238500683,13.885714669479315,12692000
2013-06-24,13.962311744689941,14.085226130108486,13.753892763470615,13.86611805511078,6763200
2013-06-25,14.072758674621582,14.13866955261647,13.91599932042309,14.063851321705352,6478400
2013-06-26,14.222392082214355,14.334618746393403,14.16360817519856,14.179639779183447,6674800
2013-06-27,14.325705528259277,14.420117448371405,14.236637473954152,14.29007885016549,5000000
2013-06-28,14.514535903930664,14.566194197868565,14.282958336520654,14.510972419408034,10970400
2013-07-01,14.291864395141602,14.598257441869183,14.241985129837515,14.585787965310915,10427600
2013-07-02,14.311464309692383,14.429034875849974,14.254460769483988,14.291870574404387,7936400
2013-07-03,14.272271156311035,14.325711194589159,14.201016412869011,14.238424847385057,2791200
2013-07-05,14.238426208496094,14.306117473747754,14.079885102694355,14.281178515019706,4780000
2013-07-08,14.368462562561035,14.446841544672106,14.215265364289387,14.252673792834187,7979600
2013-07-09,14.491375923156738,14.550161180425857,14.36668115840801,14.432590665887622,6248000
2013-07-10,14.541255950927734,14.594697348801688,14.404091689689015,14.461095213188004,4185200
2013-07-11,14.826273918151855,14.856556740652277,14.653481617070106,14.65704374245264,6942400
2013-07-12,14.96522045135498,14.98837766485339,14.749675842562954,14.820929225349188,5784000
2013-07-15,15.21995735168457,15.298336355458282,14.902875133369701,14.91356287045899,8212000
2013-07-16,15.134450912475586,15.257365321509045,15.047164557763358,15.232426363019838,10526400
2013-07-17,15.107732772827148,15.257367908202447,15.072106071537169,15.22173984784093,7074800
2013-07-18,15.218178749084473,15.264494551146566,15.111297278924866,15.152267852268094,5822000
2013-07-19,15.134450912475586,15.287648148378612,15.120199690747095,15.235988488916307,7274800
2013-07-22,15.120199203491211,15.207486914461857,15.105949341293234,15.14691990360322,4962000
2013-07-23,15.105950355529785,15.21461354662884,15.073885785056763,15.146920920590597,10316000
2013-07-24,14.920687675476074,15.114855470489106,14.899310843380995,15.098823865721252,8738000
2013-07-25,14.977691650390625,15.002630609045866,14.888623552601535,14.89396742101747,7286800
2013-07-26,14.954532623291016,14.965221718871218,14.778178175537342,14.829837833782614,5994000
2013-07-29,15.104165077209473,15.264487892044189,14.972344700154725,14.981250692657685,11703600
2013-07-30,15.405217170715332,15.61363617143565,15.14335677331593,15.61363617143565,9713600
2013-07-31,15.428373336791992,15.519223161348911,15.23420421050925,15.430155078979288,11404800
2013-08-01,15.727643966674805,15.745457313394464,15.501410250214297,15.501410250214297,11642400
2013-08-02,15.665299415588379,15.709833470002426,15.583356918555108,15.693800503696197,7118400
2013-08-05,15.51209545135498,15.64213407292778,15.497844233928374,15.64213407292778,4948400
2013-08-06,15.465784072875977,15.588698479764444,15.440845114821979,15.535257078750861,8517600
2013-08-07,15.455095291137695,15.549507248681888,15.392747900219002,15.524568292314411,7034400
2013-08-08,15.431933403015137,15.51565760672265,15.385618984893835,15.469341829530448,5855200
2013-08-09,15.366031646728516,15.476475239999873,15.309028107245096,15.419471700516453,4534800
2013-08-12,15.246675491333008,15.344650937158349,15.189671966235874,15.319711979870306,3780800
2013-08-13,15.159394264221191,15.285870835804564,15.13623704150481,15.273401352946252,4096400
2013-08-14,15.038254737854004,15.182545955813683,14.966999999969987,15.1291045626329,5932400
2013-08-15,14.785306930541992,14.94919193419733,14.75680448169503,14.94919193419733,5862800
2013-08-16,14.63388442993164,14.835177782402845,14.507407931397955,14.806676706218944,10182000
2013-08-19,14.525223731994629,14.696234295250829,14.486033556422576,14.607166208612945,4343200
2013-08-20,14.64101791381836,14.787089575390652,14.502071864892478,14.539480311982397,5474800
2013-08-21,14.389842987060547,14.601825514230915,14.30790049263395,14.584012164846254,8494800
2013-08-22,14.423687934875488,14.470003726142023,14.318586873048114,14.421906192384498,5746400
2013-08-23,14.502073287963867,14.5501694792072,14.364907609435946,14.42903677047491,2948800
2013-08-26,14.350652694702148,14.507413429875943,14.345308825834211,14.496724333068638,4568000
2013-08-27,14.44506549835205,14.514539874838862,14.20458187198589,14.259805024625587,9257600
2013-08-28,14.561808586120605,14.635443065827483,14.322942877615029,14.482785014530977,10868000
2013-08-29,14.468413352966309,14.567192793624026,14.418126135985615,14.554620989378853,5517200
2013-08-30,14.432488441467285,14.545634633715318,14.358852639209829,14.475591557053678,4584400
2013-09-03,14.326530456542969,14.56898882901949,14.265467800219959,14.560008381807817,5661600
2013-09-04,14.385795593261719,14.427103724867735,14.2097903687023,14.30318070027331,4672400
2013-09-05,14.360655784606934,14.507926088454898,14.335512174454157,14.427107537281547,9409200
2013-09-06,14.369634628295898,14.51510855225588,14.351675104509603,14.40375731242271,10634000
2013-09-09,14.40914249420166,14.421714294464282,14.340894404013035,14.385793886411461,6589200
2013-09-10,14.477391242980957,14.488166681795107,14.394776348217286,14.468410797153398,4953600
2013-09-11,14.297797203063965,14.466619765236686,14.157710979228739,14.466619765236686,12500000
2013-09-12,14.236733436584473,14.369636948555373,14.173874408070699,14.328328803975433,8762000
2013-09-13,14.227751731872559,14.330122522332516,14.202608125108625,14.290610748782392,5864000
2013-09-16,14.218772888183594,14.498946691207555,14.170282032592805,14.41453541460141,13087200
2013-09-17,14.188237190246582,14.28162751568909,14.157705869450332,14.21876851104283,8370000
2013-09-18,14.825813293457031,14.885079583473635,14.154115884513407,14.161299967896225,16770800
2013-09-19,14.85274887084961,15.066470854768989,14.813238475620118,14.8347893511592,8138800
2013-09-20,14.491762161254883,14.72703508821694,14.464822188877996,14.700095115840053,19157600
2013-09-23,14.58694839477539,14.628255163529488,14.3857981605861,14.459433991304778,9525200
2013-09-24,14.58694839477539,14.660582855270198,14.5025371235511,14.597723835281004,8531200
2013-09-25,14.427101135253906,14.642618089563166,14.427101135253906,14.568983655426464,7890000
2013-09-26,14.446858406066895,14.542045092883166,14.389387121372721,14.461225199572805,7223200
2013-09-27,14.380411148071289,14.473801500905214,14.33371528654236,14.436086087055518,6580800
2013-09-30,14.396576881408691,14.398371874915203,14.278041539224565,14.326532398157312,9527600
2013-10-01,14.380411148071289,14.497150116781647,14.353471175257525,14.416330198340352,6983200
2013-10-02,14.441478729248047,14.463029616619707,14.303187474233285,14.322943367806822,7471600
2013-10-03,14.269059181213379,14.405554031764296,14.18285291681986,14.405554031764296,5912800
2013-10-04,14.304978370666504,14.34089741603996,14.216975750344915,14.272650681740895,4421600
2013-10-07,14.251097679138184,14.348080740788955,14.215178635663237,14.23134179415986,3274400
2013-10-08,14.31215763092041,14.48816281225392,14.24390954939562,14.24390954939562,6566000
2013-10-09,14.367836952209473,14.595925760927365,14.301385213024968,14.362449232588187,5631600
2013-10-10,14.61927604675293,14.639031934442066,14.283427326261474,14.450453504763532,7826800
2013-10-11,14.68213176727295,14.716255814744876,14.563596467774815,14.601313241414081,5708400
2013-10-14,14.558207511901855,14.603106993614086,14.376814592345326,14.594127919405704,6559200
2013-10-15,14.405549049377441,14.57437153324197,14.392977249742215,14.525879327346527,5128000
2013-10-16,14.639030456542969,14.639030456542969,14.39657347873655,14.445064326208342,6514800
2013-10-17,14.906633377075195,14.922796538692243,14.486374732344663,14.586949169670136,6038000
2013-10-18,15.003616333007812,15.07006808296038,14.944348667122329,14.992840892019155,8859200
2013-10-21,15.048515319824219,15.120354787831987,14.964104047681884,14.98924765595102,7234800
2013-10-22,15.267623901367188,15.361014243407043,15.050310520841418,15.062882324004933,8082400
2013-10-23,15.281991004943848,15.436445372757547,15.179620214204427,15.19039702443539,6916800
2013-10-24,15.296359062194824,15.36281080561849,15.179620105466237,15.36281080561849,4946400
2013-10-25,15.436447143554688,15.440039870785085,15.176030598533346,15.265829596157804,4425200
2013-10-28,15.29455852508545,15.454400553818534,15.210147288967761,15.366396592210608,9420400
2013-10-29,15.441831588745117,15.454403389821373,15.253253202377737,15.296356324607247,5581200
2013-10-30,15.369993209838867,15.576531130683469,15.350237325309685,15.483139427413937,6546000
2013-10-31,15.220928192138672,15.398729801516923,15.104189235794326,15.373586194947222,11776400
2013-11-01,15.829767227172852,16.118920109790917,15.37358815378922,15.504695293513919,16216000
2013-11-04,15.820779800415039,15.980623206641248,15.621427373785707,15.921355565366476,10095200
2013-11-05,15.671713829040527,15.939314328183565,15.664529748296804,15.7992281792392,9432000
2013-11-06,15.867485046386719,15.883649580961453,15.739970614576986,15.883649580961453,8566800
2013-11-07,15.62502384185791,15.935728941841607,15.58910479490868,15.844133590830118,8948000
2013-11-08,15.646575927734375,15.655555004265418,15.350238997734051,15.62502367765704,8816800
2013-11-11,15.544198989868164,15.67171333605562,15.519055393167722,15.646569739355177,4615600
2013-11-12,15.382563591003418,15.537017926570915,15.307132786253764,15.46876983351059,8421600
2013-11-13,15.463379859924316,15.46697258546865,15.192186630706699,15.20475979988854,5606800
2013-11-14,15.714824676513672,15.76331553261694,15.497511265413904,15.542410764489656,6133200
2013-11-15,15.906988143920898,15.930335380863283,15.695062537858703,15.799229663091046,8137600
2013-11-18,15.9949951171875,16.03271052727994,15.906992493638477,15.978831957243798,8820000
2013-11-19,15.678900718688965,15.78665920870336,15.65734847259667,15.720207477586438,16633600
2013-11-20,15.486735343933105,15.76870413457729,15.483142616793018,15.695068300668666,7424800
2013-11-21,15.5513916015625,15.657355143885828,15.459797599646821,15.531637080340312,7963200
2013-11-22,15.5513916015625,15.635802888610543,15.474165769830345,15.526247988853397,6282800
2013-11-25,15.463379859924316,15.644774133660118,15.445420342872618,15.578322413323178,6108000
2013-11-26,15.407278060913086,15.512249866095887,15.358412637567024,15.481482696551767,7688000
2013-11-27,15.372896194458008,15.47062844994082,15.296881297432277,15.429001211550332,6628800
2013-11-29,15.309551239013672,15.452529841906884,15.271544478367437,15.271544478367437,2936400
2013-12-02,15.190098762512207,15.35479469436222,15.146662670051876,15.35479469436222,6490400
2013-12-03,15.211814880371094,15.300497289946371,15.110462174333957,15.148468921294791,9448400
2013-12-04,15.240775108337402,15.340317596306456,15.117705023579548,15.148472199566877,8849600
2013-12-05,15.128562927246094,15.329456752089738,15.114085150398985,15.211817393361446,10598000
2013-12-06,15.316784858703613,15.329453773988899,15.188285466293376,15.244391846106673,10575200
2013-12-09,15.222677230834961,15.282402725107657,15.164761976609231,15.258873746922825,8217600
2013-12-10,14.992820739746094,15.251629759314776,14.983772303743716,15.23353150650184,12791200
2013-12-11,14.913187980651855,15.05254604460667,14.8281246745149,14.925856895556839,10509600
2013-12-12,14.97834587097168,15.106845285916101,14.927670200943846,14.953008035957762,11899200
2013-12-13,14.9692964553833,15.052549541357145,14.895093188218816,14.996444531002888,8330800
2013-12-16,14.996441841125488,15.170187560794592,14.960245333997513,15.061596658602431,8554000
2013-12-17,14.954816818237305,15.054359298715475,14.913190966988937,14.929478983353489,8148400
2013-12-18,15.144850730895996,15.190097058201395,14.753921800189337,14.998253072285163,13200000
2013-12-19,15.153903007507324,15.199149342154259,14.915002415803848,15.065219197417171,8597600
2013-12-20,15.351173400878906,15.459764306910914,15.1575191811992,15.168377857559914,15809200
2013-12-23,15.329451560974121,15.450712739265528,15.313163549733666,15.438043825809173,7202800
2013-12-24,15.334887504577637,15.374703117002834,15.211817425859225,15.291450031518096,4165600
2013-12-26,15.309551239013672,15.347559380468649,15.244397778483513,15.32765088001461,4724400
2013-12-27,15.329451560974121,15.39460636755195,15.273346570068549,15.32402222389397,3896400
2013-12-30,15.39279842376709,15.414515773378229,15.304114643494644,15.305924882898267,4365200
2013-12-31,15.495957374572754,15.53577296910955,15.383746024129453,15.439851008947175,5411200
2014-01-02,15.248010635375977,15.470623148943591,15.242581297622065,15.45433375487368,9706400
2014-01-03,15.267922401428223,15.336696329071243,15.197338233876357,15.249824144765164,6606400
2014-01-06,15.275163650512695,15.31859974741524,15.202769235136037,15.280592990024434,6763600
2014-01-07,15.387370109558105,15.443476493371374,15.29325835798768,15.311356612427188,7368800
2014-01-08,15.436236381530762,15.519489453719613,15.289638730590418,15.394609155032207,12345200
2014-01-09,15.568352699279785,15.602740343280876,15.369269173563708,15.486909878107593,8269200
2014-01-10,15.790968894958496,15.890511371548063,15.635321412004835,15.655229907322749,9096800
2014-01-13,15.6878080368042,15.848884865698071,15.624463449173202,15.718575210680905,5863200
2014-01-14,15.695048332214355,15.745724004633239,15.582836928423607,15.651612238827958,5017200
2014-01-15,15.709525108337402,15.762009631950104,15.664278781851186,15.671516978977673,6562400
2014-01-16,15.845266342163086,15.84707520129791,15.713146442470476,15.745723857407798,4086000
2014-01-17,15.865168571472168,15.899554831959788,15.789153712776267,15.892315255855038,6518800
2014-01-21,16.116735458374023,16.118544316512054,15.883264343448507,15.883264343448507,7664800
2014-01-22,16.082355499267578,16.238002983515397,16.042538508300684,16.107693333372257,9068400
2014-01-23,16.071495056152344,16.134839634453982,15.966523251647768,16.026248731535706,5835200
2014-01-24,15.75658130645752,16.00815078742588,15.754772447463786,15.93756662403524,14686800
2014-01-27,15.72581672668457,15.866985076741223,15.586458616728509,15.780112883233414,10423200
2014-01-28,16.06787872314453,16.288681065179677,15.695049353955838,15.743914789595593,14768800
2014-01-29,16.066072463989258,16.156565158996273,15.930333421478737,16.00996743494377,9388800
2014-01-30,16.462425231933594,16.513100902729576,16.118552833349977,16.136652470755802,11595600
2014-01-31,16.63797950744629,16.69589475107949,16.35202238790372,16.37374112206929,13710000
2014-02-03,16.50947380065918,16.78638099671071,16.484135977543865,16.65969188113413,12938000
2014-02-04,16.314016342163086,16.556537384640084,16.25248199725316,16.547487566478793,9730000
2014-02-05,16.172847747802734,16.324874748570718,16.151129013060867,16.270579982928595,9333200
2014-02-06,16.248855590820312,16.26152450314004,16.109497555303303,16.1674127803089,9128800
2014-02-07,16.399080276489258,16.556538005060723,16.257911945056847,16.40269937540436,10331600
2014-02-10,16.53119659423828,16.54567574959287,16.277818279574213,16.352021534352048,6074400
2014-02-11,16.647031784057617,16.770101867557205,16.47147578751174,16.493193144076734,9687200
2014-02-12,16.686853408813477,16.786395931621094,16.57102286271499,16.6434172992288,7545600
2014-02-13,16.80449104309082,16.85154762511852,16.59273849517932,16.609026515414616,5091600
2014-02-14,16.8804988861084,16.896788281671654,16.730282131515622,16.748380385957223,5403200
2014-02-18,16.894975662231445,17.01985594766252,16.86239825650195,16.893165422799775,7306000
2014-02-19,16.730281829833984,16.961942796449105,16.703133758256964,16.904027554795324,6845600
2014-02-20,16.732093811035156,16.8388758776157,16.659700781064966,16.75200230851952,8828400
2014-02-21,16.75200080871582,16.914887873182572,16.71942339582247,16.74295237118392,6498400
2014-02-24,16.610830307006836,16.790005364079125,16.605400969036197,16.779146688137843,10504400
2014-02-25,16.585493087768555,16.780957546771575,16.538436522273393,16.652458147095963,8843600
2014-02-26,16.50248908996582,16.683092993473384,16.473301241070875,16.641135199720722,9083600
2014-02-27,16.524385452270508,16.571815893422883,16.41857651403217,16.500668839874344,8284000
2014-02-28,16.672149658203125,16.728702078873543,16.482423747007815,16.50796363968605,8697200
2014-03-03,16.469650268554688,16.62653894239993,16.383908622171887,16.577283843318035,8192800
2014-03-04,16.721405029296875,16.787078040444428,16.57728627788656,16.593704182718533,10514800
2014-03-05,16.537151336669922,16.719579919773132,16.50248946049803,16.71228260943065,6534800
2014-03-06,16.55356788635254,16.63201222633992,16.4660029530482,16.602824379178312,6531200
2014-03-07,16.746950149536133,16.75607074668416,16.473307182333386,16.528034940681874,7906000
2014-03-10,16.633838653564453,16.765187459173806,16.52802973884362,16.719580312327206,7166400
2014-03-11,16.593704223632812,16.74694496154073,16.53167917168843,16.728700989256218,8612400
2014-03-12,16.818086624145508,16.8235592573538,16.546267112366962,16.56268640381107,7140000
2014-03-13,17.108152389526367,17.248623178663937,16.829036878620872,16.84727945866195,12414400
2014-03-14,17.19571304321289,17.31246718710014,16.993217270447996,17.075309549430873,8628400
2014-03-17,17.296051025390625,17.343482839869615,17.217606690291284,17.285105757364484,7286800
2014-03-18,17.234025955200195,17.38179264058258,17.22672864592188,17.356252754018204,4870800
2014-03-19,17.02058982849121,17.308825973809807,16.876471059921997,17.228558332041768,9307200
2014-03-20,17.06437110900879,17.07349170375551,16.7487690241937,16.965859499733902,7648000
2014-03-21,17.252273559570312,17.409162275220744,17.104506831130657,17.22673366556395,16615600
2014-03-24,17.162878036499023,17.35260389240511,17.062541778917176,17.299699446754623,7062000
2014-03-25,17.252273559570312,17.33254259320165,17.128222049330898,17.19207178434681,6966400
2014-03-26,17.12639808654785,17.312476055563874,17.111804854950822,17.272341537077285,6750400
2014-03-27,17.25956916809082,17.279636424518756,17.03700606357714,17.100855792293434,6358800
2014-03-28,17.279638290405273,17.30700286047276,17.1647073744858,17.23038178591983,5883600
2014-03-31,17.443822860717773,17.536860442621663,17.327068670555466,17.358081197856762,6475200
2014-04-01,17.305173873901367,17.4419952983365,17.232202169172062,17.4419952983365,4655600
2014-04-02,17.155593872070312,17.3161306153838,17.01694768040569,17.308833300894037,8390800
2014-04-03,17.25774574279785,17.37632461433047,17.228557889764172,17.272340365224593,5133600
2014-04-04,17.33254051208496,17.496726519426243,17.25774412303295,17.307000621145168,7119200
2014-04-07,17.13003921508789,17.38179008498802,17.126389865075573,17.29240049515539,8384800
2014-04-08,17.604358673095703,17.617128618532934,17.05342495189274,17.130044624516124,9182000
2014-04-09,17.591590881347656,17.752127556758282,17.45112146434084,17.620778735140572,9735600
2014-04-10,17.4711856842041,17.63172373630329,17.363553482746426,17.53868476445669,11204400
2014-04-11,17.358076095581055,17.56239517239717,17.334359494293953,17.436520424521333,8565600
2014-04-14,17.533205032348633,17.611649351012048,17.414626216905916,17.48577322780772,4405600
2014-04-15,17.739356994628906,17.743006346113873,17.504023929360876,17.522267903146137,6876400
2014-04-16,17.861587524414062,17.868883444687086,17.646321689040704,17.71929202633068,5566000
2014-04-17,17.620771408081055,17.903536192141186,17.61347549153149,17.797727308522106,10360000
2014-04-21,17.637197494506836,17.7411817431383,17.608008249786526,17.629900183326757,6175200
2014-04-22,17.576993942260742,17.679154896622858,17.52226620167856,17.611655818903213,6027200
2014-04-23,17.598886489868164,17.777665730578015,17.556927301314797,17.582467192844778,7808400
2014-04-24,17.63902473449707,17.71381974928141,17.47848664883703,17.657267319189348,8761200
2014-04-25,17.81780433654785,17.86341149501664,17.63902505476943,17.640848338997767,8541600
2014-04-28,17.744823455810547,18.0221156157545,17.653609185900958,17.88894216928601,10296400
2014-04-29,17.872529983520508,17.907191862551468,17.761248427302966,17.770370413938405,8036400
2014-04-30,18.215490341186523,18.5164977254318,18.186302497089553,18.224612325365225,17561600
2014-05-01,18.237382888793945,18.30670523872544,18.12610135875956,18.282990027600846,10696400
2014-05-02,17.87618064880371,18.171715523594905,17.783143051774967,18.162593535578775,11998800
2014-05-05,17.86887550354004,17.92177994883787,17.772188596961694,17.828742392594187,8512000
2014-05-06,17.852458953857422,18.00022564175166,17.774014617556396,17.81049977274873,7484800
2014-05-07,18.10786247253418,18.11698306706296,17.841516894630885,17.863407434955725,8660000
2014-05-08,17.967390060424805,18.12610342259892,17.956444791247137,18.08049627859919,7035200
2014-05-09,17.68097496032715,18.04765674027256,17.660907708222414,17.978334391432185,9919200
2014-05-12,17.478479385375977,17.735704315649162,17.45476417431325,17.73023168169772,14766000
2014-05-13,17.52774429321289,17.622606574845896,17.465717831059703,17.542338918639533,9678000
2014-05-14,17.62442970275879,17.735711276176243,17.483958881052185,17.483958881052185,7531600
2014-05-15,17.562395095825195,17.78678281450094,17.55509917895871,17.62806948217813,10644400
2014-05-16,17.622600555419922,17.67003237594498,17.498549065306424,17.5569261552528,8820800
2014-05-19,17.275985717773438,17.60435771372094,17.268689799480907,17.60435771372094,6962800
2014-05-20,17.573345184326172,17.61530297768377,17.188420774899935,17.275985712579885,14345600
2014-05-21,17.56422233581543,17.65908597076431,17.504020574230893,17.633546082544115,10085600
2014-05-22,17.629892349243164,17.70833666979645,17.55144802868988,17.55692066168815,5287200
2014-05-23,17.597063064575195,17.70651994916952,17.59159042911845,17.624427633678728,5570000
2014-05-27,17.60982894897461,17.82144674995102,17.597059005248067,17.7411777369159,7059200
2014-05-28,17.761245727539062,17.79043357506027,17.567871888275,17.6098296800529,7644800
2014-05-29,17.745620727539062,17.877953537417607,17.637179647267185,17.776865915888383,5985200
2014-05-30,17.894495010375977,17.91287444941652,17.705184123961896,17.75480874959749,8407600
2014-06-02,17.861412048339844,17.96985172383874,17.760323026890568,17.85589835667195,5818000
2014-06-03,17.85773468017578,17.94595654130106,17.80259496527658,17.85957164234754,8154000
2014-06-04,17.887149810791016,17.905529256876747,17.754815555354778,17.83017310724669,5860800
2014-06-05,17.9698543548584,18.034184506432904,17.855900971007355,17.879794105820284,4712000
2014-06-06,17.909210205078125,18.116900659055613,17.887154023223893,18.025002004722925,4672000
2014-06-09,17.714380264282227,17.89817753310456,17.642699441622465,17.843039193814985,7072400
2014-06-10,17.604095458984375,17.738268030968328,17.57468863638187,17.651883123257456,5416000
2014-06-11,17.442359924316406,17.622480450440605,17.311864040457753,17.585721560041076,8631200
2014-06-12,17.57469367980957,17.655563516869766,17.328404633811733,17.44235943446885,10333200
2014-06-13,17.787891387939453,17.8632489070782,17.469923042297697,17.578362708654932,9082000
2014-06-16,17.85773468017578,18.054397606666505,17.73642786830202,17.82097440282258,8978000
2014-06-17,17.966176986694336,18.001098904752737,17.723564729511782,17.732755150767595,10716000
2014-06-18,18.3227481842041,18.330100242428554,17.95699064941159,17.968019437879136,11128800
2014-06-19,18.409137725830078,18.526767882356744,18.245556843327417,18.370539059919757,14156800
2014-06-20,18.377883911132812,18.471620887373607,18.333772970303656,18.471620887373607,14815200
2014-06-23,18.311708450317383,18.421987855505385,18.206944137197492,18.399931694015606,7590000
2014-06-24,18.513900756835938,18.581904853449043,18.28782948390893,18.335617169666065,9926800
2014-06-25,18.701370239257812,18.725263377009714,18.429349691509806,18.462433252691838,10850400
2014-06-26,18.63703727722168,18.688500271391366,18.524920867525683,18.6499030257641,7843200
2014-06-27,18.673795700073242,18.78591210701912,18.609466958939063,18.671957335394726,12988400
2014-06-30,18.835540771484375,18.841054464029575,18.534112023818217,18.653580503923322,13100400
2014-07-01,18.646221160888672,18.831856683526798,18.620489670890638,18.828181357353238,10018400
2014-07-02,18.324581146240234,18.644389299002178,18.274956516886924,18.587411210768174,11482800
2014-07-03,18.05256462097168,18.29701527972472,17.872442713926908,18.29701527972472,5822800
2014-07-07,18.100353240966797,18.194088825958865,18.024995697696088,18.024995697696088,7442800
2014-07-08,18.177547454833984,18.26760771048633,18.03234746585721,18.059917332519426,9006800
2014-07-09,18.164688110351562,18.245557971550475,18.069112725849898,18.153659318440038,6863200
2014-07-10,18.267602920532227,18.330094695398035,18.118727642759236,18.1242413341936,6121600
2014-07-11,18.190414428710938,18.309882924105462,18.14078838492991,18.2620952454953,4872800
2014-07-14,17.90552520751953,18.199600485171306,17.900011515166923,18.129758044935738,7315200
2014-07-15,18.070941925048828,18.092998095421706,17.88714471205921,17.933094015306615,7042000
2014-07-16,18.14446258544922,18.18305983508533,17.990072184643207,18.10402697089856,5634400
2014-07-17,17.934938430786133,18.29150419074292,17.93126170001951,18.29150419074292,6427600
2014-07-18,18.155485153198242,18.170189264090034,17.87611405756013,17.999257831191215,7634800
2014-07-21,18.137107849121094,18.188570841034593,18.03601882767574,18.17570509305622,3590800
2014-07-22,18.076454162597656,18.214302061248265,18.06910210639826,18.168352761698063,5530400
2014-07-23,18.102191925048828,18.17387274498176,18.043376857353554,18.096678231555806,5868800
2014-07-24,18.14446258544922,18.214305027324816,18.085647528537777,18.133435200485064,4232400
2014-07-25,18.094833374023438,18.205112813363797,18.06726491644967,18.11505117775175,5140000
2014-07-28,18.302532196044922,18.33561576021644,18.030511623716674,18.0985171173642,6572000
2014-07-29,18.085641860961914,18.267600667157097,17.88346525382714,18.201433573584097,7770000
2014-07-30,17.70702362060547,18.104026291556604,17.600422298008457,18.041535909422542,11376400
2014-07-31,17.2567195892334,17.640856479618783,17.240178513750045,17.57836470029395,10900800
2014-08-01,17.243860244750977,17.44603696633361,17.144609548207807,17.185045172976718,10057600
2014-08-04,17.286134719848633,17.302675801938914,16.870752475017376,17.26591690689698,14931200
2014-08-05,17.01778221130371,17.273261611431696,16.97183291093545,17.214446563050778,9745600
2014-08-06,16.97366714477539,17.09681090325064,16.872579549923287,17.014102743620644,18081200
2014-08-07,17.271425247192383,17.33024030238537,17.019622547195965,17.063733488025324,11370000
2014-08-08,17.543439865112305,17.55263028480463,17.287961902990805,17.298990687073825,6989600
2014-08-11,17.440521240234375,17.602262318201525,17.418465065040863,17.54712398361038,5694400
2014-08-12,17.442359924316406,17.532420187378506,17.387220186455327,17.45706404138093,5224400
2014-08-13,17.59858512878418,17.699674168235365,17.469927626084136,17.477278281442757,4276400
2014-08-14,17.679462432861328,17.69968024769595,17.572859664144605,17.572859664144605,3858000
2014-08-15,17.714380264282227,17.90552959212888,17.651889865968332,17.719895360246873,5073200
2014-08-18,17.670269012451172,17.861418337053127,17.624319696025562,17.752977221112527,4392800
2014-08-19,17.887149810791016,17.898177197990083,17.699677217097584,17.738274474556174,5167200
2014-08-20,17.964344024658203,17.98272347043593,17.826496077932514,17.86877006525693,4126800
2014-08-21,18.01396369934082,18.127917064215357,17.971689726968396,17.975366456180605,5142000
2014-08-22,17.94596290588379,18.08932453275185,17.8320081090663,18.008454698416507,3966000
2014-08-25,18.043376922607422,18.11505774279959,17.962507080647594,17.97904816118648,3442800
2014-08-26,17.776874542236328,18.05624581278412,17.765847153294015,18.026838974850598,5575600
2014-08-27,17.942604064941406,17.964826810138955,17.777789256735232,17.807419583665297,5651600
2014-08-28,18.061132431030273,18.094465860642657,17.848168931442956,17.901872868754715,3776800
2014-08-29,18.231496810913086,18.240756643385584,18.06297888015981,18.101867633410567,5545600
2014-09-02,18.005573272705078,18.244461145098693,17.93334968208698,18.201869303263503,7494800
2014-09-03,18.074092864990234,18.161130219933426,18.009278264347113,18.040759439966298,5694800
2014-09-04,18.005573272705078,18.120387292306187,17.920386763330335,18.059275784088204,8406000
2014-09-05,18.133352279663086,18.133352279663086,17.97779723683805,18.009278412716593,6244800
2014-09-08,18.007429122924805,18.14817043207842,17.961132769781745,18.12965217339171,4204000
2014-09-09,17.72224235534668,17.975946863984735,17.70742859699713,17.92224292801672,7661600
2014-09-10,17.707426071166992,17.822240099474207,17.629647139877115,17.705573821817826,6814000
2014-09-11,17.805574417114258,17.851870761717855,17.583351115305597,17.703721893845415,6724000
2014-09-12,17.425939559936523,17.72964339315397,17.411124394205924,17.694459140608757,7305200
2014-09-15,17.44075584411621,17.566681935197817,17.364829174516803,17.48890442940237,5386800
2014-09-16,17.61668586730957,17.683352721590126,17.377796541612987,17.416686717320328,9126800
2014-09-17,17.64631462097168,17.8185370768963,17.5555741824723,17.70927697054406,8332000
2014-09-18,17.51483154296875,17.712979820015207,17.462979868654113,17.64075764324094,7399600
2014-09-19,17.618532180786133,17.683346763706968,17.505569016473274,17.5926063476178,8563200
2014-09-22,17.522233963012695,17.63519711141576,17.446307310247597,17.529641544710636,5724400
2014-09-23,17.509273529052734,17.612976861813625,17.44260669717732,17.522236445647845,5600400
2014-09-24,17.44075584411621,17.559274351857482,17.39445950787815,17.559274351857482,4321600
2014-09-25,17.2481689453125,17.50002121551639,17.24446585877386,17.429651268461868,7019600
2014-09-26,17.30371856689453,17.350014901747866,17.159274228208453,17.2555699830485,5567600
2014-09-29,17.333351135253906,17.351869390523,17.14261042156285,17.218537104874137,5062400
2014-09-30,17.385202407836914,17.577795366398384,17.314832474322102,17.377794823332362,6962400
2014-10-01,17.46113395690918,17.65743005601712,17.34817073421617,17.34817073421617,6366800
2014-10-02,17.364830017089844,17.538904701904027,17.335201095142907,17.420386188412024,6722800
2014-10-03,17.450014114379883,17.479643032236794,17.287050121185125,17.444457367733026,6414400
2014-10-06,17.344463348388672,17.562980740191154,17.2944625046507,17.470388050301022,6099200
2014-10-07,17.225942611694336,17.442610569820456,17.216684190843367,17.283351037520287,7222400
2014-10-08,17.651866912841797,17.672237413686045,17.24816280688168,17.26668105868953,8414400
2014-10-09,17.331501007080078,17.768538666610983,17.331501007080078,17.6574277085452,9544800
2014-10-10,17.338895797729492,17.65371159493096,17.33148821761107,17.401859522310364,10166400
2014-10-13,17.183351516723633,17.583351201373453,17.168536347293408,17.361129311329368,8678400
2014-10-14,17.285202026367188,17.54816632962325,17.124091656187815,17.235202597344827,12517600
2014-10-15,17.003725051879883,17.350022292729616,16.727799174210187,17.274095593056966,12076800
2014-10-16,17.290754318237305,17.385197816812372,16.759271926419203,16.814828089106108,13299200
2014-10-17,17.453716278076172,17.51482777229871,17.109271472451507,17.362975867560554,9697600
2014-10-20,17.61668586730957,17.635205536828273,17.44261255922361,17.46113081588989,5528800
2014-10-21,17.68890380859375,17.709274309889583,17.537051879839787,17.63149680286118,7062000
2014-10-22,17.875940322875977,17.992607989204508,17.651866235045294,17.685199652160303,9524800
2014-10-23,18.111125946044922,18.203718611591466,17.90742095156096,18.018533280498378,9416000
2014-10-24,18.214832305908203,18.29260981880629,18.06483261491158,18.148165462609217,6602800
2014-10-27,18.164833068847656,18.33150019179242,18.11668588777097,18.19261115814717,5413200
2014-10-28,18.357421875,18.357421875,18.103718868546686,18.227792704757576,7673200
2014-10-29,18.259279251098633,18.422243299235216,18.05927868994141,18.333353689992318,7285600
2014-10-30,18.501867294311523,18.550014463627992,18.057422212634513,18.32964487814363,11396000
2014-10-31,18.559280395507812,18.61298432926025,18.309280396410372,18.61298432926025,10084000
2014-11-03,18.66853141784668,18.71112466255566,18.453717184082535,18.577791007808056,8944400
2014-11-04,18.69631576538086,18.81668654475897,18.587057069524572,18.694463515985166,7966000
2014-11-05,19.4222354888916,19.475939400227112,18.8018649610912,18.84630904145955,22010400
2014-11-06,19.250017166137695,19.468535942448884,19.027795304366247,19.355572762406958,14479600
2014-11-07,19.39445686340332,19.400012196281953,19.11482666808136,19.231492897087726,8307200
2014-11-10,19.55742835998535,19.55742835998535,19.229649441744062,19.337057302684844,5880800
2014-11-11,19.40743064880371,19.61854189355581,19.37409722000851,19.538912114370195,7382800
2014-11-12,19.090749740600586,19.270379687349497,18.911121206703235,19.079639075969208,10216000
2014-11-13,18.93890953063965,19.227799704614654,18.870391839418353,19.090761496467213,7060000
2014-11-14,18.861127853393555,18.957425027808227,18.82223909894413,18.879646106057265,7465200
2014-11-17,19.11298179626465,19.151870554276098,18.822240822972354,18.835203742309506,5440000
2014-11-18,19.137060165405273,19.22039445011711,19.020393862231824,19.138912415159563,6457200
2014-11-19,19.205575942993164,19.242613867384808,19.0444641508073,19.17409476689953,7040400
2014-11-20,19.085201263427734,19.14816501560822,19.014831340733835,19.05372009376352,5271200
2014-11-21,19.21113395690918,19.261134808596072,19.027800797379854,19.261134808596072,7893600
2014-11-24,19.114837646484375,19.290763215323285,19.1055778111339,19.240763777847256,5617600
2014-11-25,19.181034088134766,19.220197915626322,18.987078878524912,19.11949032085703,7394800
2014-11-26,19.246309280395508,19.279878482395738,19.140007044535754,19.22393076095925,5331200
2014-11-28,19.468242645263672,19.606248757468617,19.26682739641574,19.26682739641574,3952000
2014-12-01,19.546573638916016,19.69763581259907,19.285481334468948,19.365672954516015,7597600
2014-12-02,19.602516174316406,19.67151993021308,19.374991737796105,19.47942862425951,5775600
2014-12-03,19.468242645263672,19.647277947735358,19.402969580223907,19.542841043671732,6404400
2014-12-04,19.300390243530273,19.41415244346842,19.130680330359915,19.143734939065325,14612400
2014-12-05,19.19595718383789,19.31717938750258,19.05981501787842,19.141873387653767,7071600
2014-12-08,19.333965301513672,19.45145823832487,19.175444598366603,19.175444598366603,7192400
2014-12-09,19.505537033081055,19.522322345046582,19.28547400944485,19.307852528271148,6615200
2014-12-10,18.918079376220703,19.393641429140928,18.880779471012946,19.25004070691729,21496400
2014-12-11,19.112031936645508,19.242578029464834,18.93113133456323,18.975889791694755,9354800
2014-12-12,18.800586700439453,19.199686442908828,18.793126719299867,18.985218032240883,10303600
2014-12-15,18.772619247436523,19.01319695368825,18.569338612510997,18.994547706601978,11262800
2014-12-16,18.85094451904297,19.11763284439677,18.662583875104538,18.811780678335285,10596800
2014-12-17,19.231393814086914,19.2686923010033,18.80991408227061,18.895701740455156,11038800
2014-12-18,19.665925979614258,19.669656681870094,19.246311615131624,19.402968384418404,8826400
2014-12-19,19.74425506591797,19.848691963493504,19.542839829582853,19.70882050873512,13945600
2014-12-22,19.757308959960938,19.81139275790982,19.62862677094994,19.742388997179322,6542400
2014-12-23,19.828176498413086,19.915829500532357,19.729334235715513,19.835636479747276,5054400
2014-12-24,20.13776397705078,20.24779552576718,19.83191036301611,19.863615646728515,4615200
2014-12-26,20.382070541381836,20.456668942414204,20.143356796355185,20.193709898915493,8804000
2014-12-29,20.607728958129883,20.671136671957996,20.33917529286703,20.348500626239918,7808800
2014-12-30,20.109783172607422,20.596535889506914,20.070619340802914,20.596535889506914,5746400
2014-12-31,19.822589874267578,20.22914977268757,19.80207527302441,20.113522149575758,5991200
2015-01-02,19.897178649902344,19.979235592252078,19.65286890520985,19.88598796738287,6459200
2015-01-05,19.686443328857422,19.912102470154938,19.61744097877284,19.876669330841256,8153600
2015-01-06,19.76290512084961,20.124706420671036,19.72374128264926,19.7535797876774,10623200
2015-01-07,19.943811416625977,20.134036030713244,19.781559964282074,20.065032245104497,7292000
2015-01-08,20.065025329589844,20.184383610892155,20.01280688187095,20.117245200154724,7602000
2015-01-09,19.887853622436523,20.145216558787077,19.837500530289233,20.09113418764015,6123200
2015-01-12,19.837501525878906,20.020266085796486,19.70135935860297,19.86174539770791,5828000
2015-01-13,19.91582679748535,20.227273505975795,19.803929938351477,20.009074417237876,6757200
2015-01-14,20.038915634155273,20.06689020844521,19.675250436923967,19.729334234458925,7327600
2015-01-15,19.96245002746582,20.10978143313642,19.79087475358831,20.053832293771887,17293200
2015-01-16,20.182518005371094,20.20116724748617,19.934478958987288,19.97923742463266,7870000
2015-01-20,20.314931869506836,20.344770375840145,20.051972829285972,20.255253433994078,7362000
2015-01-21,20.49396514892578,20.561103560092537,20.09859466348221,20.1974383519776,12105600
2015-01-22,20.43055534362793,20.64875444610798,20.236600111585933,20.566696080247098,9290400
2015-01-23,20.417503356933594,20.555509462198124,20.391392709384707,20.492100328744023,6736400
2015-01-26,20.467849731445312,20.47344436020864,20.25711065190176,20.385791381994995,5524800
2015-01-27,20.74200439453125,20.796088194191977,20.258980899821182,20.490236061717944,8527600
2015-01-28,20.499555587768555,21.00682284715207,20.469717090487837,20.75318921746031,8128800
2015-01-29,20.824058532714844,20.835247791455664,20.462257323073988,20.548044960060288,6823200
2015-01-30,20.372743606567383,20.796088681018333,20.3578250658103,20.78676334805487,7745600
2015-02-02,20.527536392211914,20.549916339104417,20.14522048083027,20.426828765464855,7201600
2015-02-03,20.559234619140625,20.602129149891898,20.35782084365524,20.518205439164383,8641600
2015-02-04,20.41004753112793,20.63197598629183,20.35409836803157,20.510755170993587,6255200
2015-02-05,20.46040153503418,20.5312692449241,20.29628616446713,20.480916134210858,5231600
2015-02-06,19.7311954498291,20.40257797783546,19.59318795835082,20.382063389179113,8789200
2015-02-09,19.49248504638672,19.835637083982746,19.429077337383518,19.705090963772626,8292800
2015-02-10,20.109783172607422,20.14894700441193,19.498078979544143,19.544702792098917,13585200
2015-02-11,19.593191146850586,19.999750861985547,19.554027313818498,19.988561601932346,8516800
2015-02-12,19.645408630371094,19.651004682969972,19.365665759951444,19.591326260860946,9439200
2015-02-13,19.32463836669922,19.557757429796048,19.223930760699886,19.555892078894438,9944400
2015-02-17,19.287342071533203,19.539110422214144,19.15306523841107,19.30226203584591,11421600
2015-02-18,19.85988426208496,19.869209596300212,19.28734374328579,19.300398357479402,9638000
2015-02-19,19.662200927734375,19.945673177748077,19.587602517884562,19.945673177748077,13082400
2015-02-20,19.69390106201172,19.761039475884566,19.4477273520933,19.6286279993148,6802400
2015-02-23,19.766637802124023,19.809532350113564,19.636091652323362,19.720013973931454,6257200
2015-02-24,19.783418655395508,19.964319295612096,19.66779107534831,19.716280244122423,7480800
2015-02-25,19.495996475219727,19.811599485562112,19.439639664988743,19.76651375072739,8103600
2015-02-26,19.43963623046875,19.6181015812108,19.38891353364772,19.55047227428237,6974400
2015-02-27,19.435876846313477,19.54483532552061,19.340068429545187,19.499749601908775,6523600
2015-03-02,19.075185775756836,19.435874385482308,18.91926260283154,19.435874385482308,9909200
2015-03-03,19.150331497192383,19.191660673230743,18.892964358475762,19.01882944313857,8036400
2015-03-04,19.047016143798828,19.176639259686404,18.988780336139122,19.090224326844634,11915200
2015-03-05,19.186025619506836,19.34194882349302,19.090218629032893,19.129668819213236,7867200
2015-03-06,18.541671752929688,18.94368966033792,18.453379279115385,18.94368966033792,12492400
2015-03-09,18.584871292114258,18.699465275703904,18.519120998230587,18.556692185235853,9764800
2015-03-10,18.408296585083008,18.701357497429186,18.31248956045534,18.31248956045534,13714800
2015-03-11,18.406410217285156,18.607419123597985,18.319993887543873,18.519125237350895,9078400
2015-03-12,18.883569717407227,19.024463845551157,18.5379101443204,18.556695741423088,12999200
2015-03-13,18.900484085083008,18.9681134038912,18.691960590966026,18.853519359980076,13275200
2015-03-16,19.343828201293945,19.529808082515462,19.08834002174242,19.110883602261477,13684400
2015-03-17,19.402067184448242,19.537325823314212,19.294987667554295,19.34946692116696,8612400
2015-03-18,20.082107543945312,20.174157961682127,19.347578891757298,19.39830157425953,15167600
2015-03-19,19.815351486206055,20.189190184276217,19.715785095004648,20.006966876364103,11399200
2015-03-20,19.911163330078125,20.080236617560658,19.691368772975622,19.90740678291166,27418000
2015-03-23,19.864194869995117,19.94685322460023,19.73832978148229,19.73832978148229,9677600
2015-03-24,19.695125579833984,19.980671898736162,19.6782189674876,19.789055025979508,8434800
2015-03-25,19.428361892700195,19.768387385279063,19.428361892700195,19.69512111530406,6805200
2015-03-26,19.296863555908203,19.495993501534183,19.217963173669546,19.313770166423865,6850000
2015-03-27,19.450904846191406,19.542955278282808,19.300617197951002,19.341946372879576,6067200
2015-03-30,19.676340103149414,19.736454891737196,19.495995737386064,19.599318702107073,6348400
2015-03-31,19.546710968017578,19.7232972857776,19.422723457756117,19.621853350086152,9165200
2015-04-01,19.680095672607422,19.755239507448596,19.32316353204893,19.526051456145264,7567200
2015-04-02,19.678211212158203,19.77589716702096,19.588038348766467,19.65379008175477,5280800
2015-04-06,19.82662582397461,20.031391309604622,19.749602997325137,19.76651104135163,6706400
2015-04-07,19.591794967651367,19.867947640634277,19.573009373779858,19.802197345459522,4168000
2015-04-08,19.544837951660156,19.601194755434992,19.40394379234881,19.529808897353732,5707600
2015-04-09,19.53919792175293,19.556104529023013,19.33818902468549,19.51477535580835,5278400
2015-04-10,19.706398010253906,19.75524172336682,19.522295665905,19.58616843432182,3732400
2015-04-13,19.490358352661133,19.689488302250897,19.46969376167546,19.625616972476625,4787200
2015-04-14,19.60495376586914,19.685733145449216,19.520417839139803,19.56550357117881,4171600
2015-04-15,19.571136474609375,19.843531253633053,19.565500938019138,19.65567238996172,6437200
2015-04-16,19.49223518371582,19.614343726038044,19.33819098004374,19.501627266510255,6770800
2015-04-17,19.377643585205078,19.582409074612503,19.30249974722777,19.40018573332362,5973600
2015-04-20,19.631250381469727,19.78341559564325,19.370126687227827,19.415212411196034,9675600
2015-04-21,19.424610137939453,19.758998743583682,19.37764541392763,19.63125463694154,7842800
2015-04-22,19.403942108154297,19.514778149232615,19.285591540575005,19.467813433538538,7293200
2015-04-23,19.589923858642578,19.648159653045198,19.379522829446262,19.424608559524113,6740800
2015-04-24,19.734575271606445,19.87359043694816,19.518537280025065,19.57677307227981,6122800
2015-04-27,19.503501892089844,19.80971124105523,19.432116059178927,19.807833684866072,7215200
2015-04-28,19.556114196777344,19.635014602874598,19.340076142058763,19.40394892312551,8057600
2015-04-29,19.293107986450195,19.642525646593466,19.23111564023094,19.392674404953084,9267600
2015-04-30,18.96059226989746,19.330674404089596,18.832848204794324,19.22171593583268,15062000
2015-05-01,19.139060974121094,19.16160455427238,18.823458018250157,18.973745686093242,9091600
2015-05-04,19.304380416870117,19.52605396990233,19.045134224955547,19.13342813476705,12277200
2015-05-05,18.814062118530273,19.26116561813598,18.701347107135884,19.20480882906335,12635200
2015-05-06,18.791521072387695,18.926779677567122,18.618691269435903,18.782128989569266,12165200
2015-05-07,18.898597717285156,18.968105999273284,18.80654729332723,18.911747777850575,8712000
2015-05-08,19.013198852539062,19.32504531048919,18.86103360413549,19.157851006298944,9937600
2015-05-11,18.78776741027832,19.13530605940075,18.761467281150107,18.9737473043277,8073200
2015-05-12,18.76897621154785,18.853512110929767,18.564209343540753,18.71261798979383,8227600
2015-05-13,18.823453903198242,19.045127376518902,18.733282468804582,18.812182832211313,9204400
2015-05-14,18.9887752532959,19.022589907813025,18.874181225946163,18.894845816664933,7293600
2015-05-15,19.187904357910156,19.204812401051136,19.011316566156818,19.016953536036745,11756800
2015-05-18,19.217966079711914,19.319408624644414,19.112764120902817,19.13154972428848,7810000
2015-05-19,19.257410049438477,19.35885399481624,19.01507197435535,19.07706573540552,6118000
2015-05-20,19.259300231933594,19.42461703644599,19.208578942617383,19.261179222871274,7885200
2015-05-21,19.191661834716797,19.30249787420999,19.137182593300878,19.25553315918758,5360800
2015-05-22,19.204809188842773,19.25740943292895,19.07142815573248,19.174751087508294,5525200
2015-05-26,18.979381561279297,19.21232616066571,18.86103098818568,19.204813067064055,13742800
2015-05-27,19.087282180786133,19.195184043530332,18.988844532234793,19.024812301235094,8504800
2015-05-28,19.359878540039062,19.371237620799374,19.072140675983626,19.072140675983626,10481600
2015-05-29,19.373126983642578,19.454526737534216,19.204648658373774,19.33526723756789,11192000
2015-06-01,19.598400115966797,19.75930623390561,19.392062005208594,19.41288530280436,12547200
2015-06-02,19.350418090820312,19.496179749927446,19.236837370907878,19.458319991375706,9636400
2015-06-03,18.971817016601562,19.386388210756436,18.92638501200815,19.255769572760816,11419200
2015-06-04,19.000207901000977,19.098644127520068,18.882840353308534,18.903663651193597,8868000
2015-06-05,18.697322845458984,18.80333274877798,18.6537842758829,18.79954590709323,9624000
2015-06-08,18.574277877807617,18.716254111179065,18.572384456970724,18.680286336562748,7328000
2015-06-09,18.5875301361084,18.67082188297315,18.564813417368725,18.57617105461005,5774400
2015-06-10,18.763582229614258,18.829837525895886,18.684074429819162,18.69732548907549,10831600
2015-06-11,18.867694854736328,18.918807108331766,18.765471791802405,18.85823063891799,5803600
2015-06-12,18.786296844482422,18.89798557793097,18.742758270283307,18.77493920673606,4722800
2015-06-15,18.763582229614258,18.863911884591744,18.644321252050187,18.644321252050187,6126000
2015-06-16,18.8411922454834,18.88662423528794,18.663248239384977,18.765471299637884,5038800
2015-06-17,19.062667846679688,19.11567350035979,18.757892198236938,18.833613116380697,8510000
2015-06-18,19.35798454284668,19.384486654759527,19.051315390953583,19.079710923504997,8677600
2015-06-19,19.111894607543945,19.3996339272916,19.111894607543945,19.354200490958608,8404800
2015-06-22,19.074031829833984,19.233044499010067,19.032385241928793,19.208435808091888,4983200
2015-06-23,18.795764923095703,19.09675391614648,18.782513862601466,19.043749674169533,6798800
2015-06-24,18.65188980102539,18.91312698074719,18.65188980102539,18.818476163574214,6317600
2015-06-25,18.549671173095703,18.74654509312141,18.52506247468894,18.71247073303509,5918400
2015-06-26,18.684070587158203,18.7011084851306,18.405798400006233,18.53263014741151,6910800
2015-06-29,18.583744049072266,18.894198663173526,18.49666545675187,18.49666545675187,8041600
2015-06-30,18.55723762512207,18.748432666204415,18.51559103753416,18.66135409409185,10800800
2015-07-01,18.63296127319336,18.701109982024096,18.536417028306992,18.629175875705858,7578400
2015-07-02,18.971817016601562,19.038072324187244,18.73140304360259,18.73518988646885,8878000
2015-07-06,19.017240524291992,19.092961460953823,18.805222190490213,18.933947349538304,6876800
2015-07-07,19.47535514831543,19.630582458818505,18.97749227976148,18.97749227976148,12375600
2015-07-08,19.299301147460938,19.48103198835457,19.299301147460938,19.384487749927988,10838400
2015-07-09,19.153541564941406,19.463996164480513,19.085392853407747,19.357987699542385,11294400
2015-07-10,19.240615844726562,19.361768761600146,19.032384359116136,19.147858458676378,6035600
2015-07-13,19.303085327148438,19.386378497384214,19.18003899227922,19.31065756482957,5685200
2015-07-14,19.306873321533203,19.410989798336434,19.23872461749052,19.301194503572457,4928800
2015-07-15,19.454524993896484,19.45641841430754,19.198968120155136,19.31633563327822,5037200
2015-07-16,19.768774032592773,19.86342487035406,19.443174919612797,19.460212821423557,9911600
2015-07-17,19.62111473083496,19.783914252261724,19.590825776031444,19.768769774859965,6275200
2015-07-20,19.526460647583008,19.683581324769282,19.441274059638545,19.636255923996785,8994400
2015-07-21,19.33338165283203,19.588940097312914,19.267126348219602,19.524576769791324,8643200
2015-07-22,19.460203170776367,19.577569227071944,19.335263433647775,19.34283567022434,8380400
2015-07-23,19.322019577026367,19.469674634621075,19.161113461551547,19.460210418567844,7790000
2015-07-24,19.361772537231445,19.463995601575608,19.265228291308016,19.27658737240646,4232000
2015-07-27,19.592721939086914,19.664656050428317,19.386383821570835,19.392062640327122,5823200
2015-07-28,19.704402923583984,19.73658529333794,19.501850268605615,19.583250014676732,11233600
2015-07-29,19.79905891418457,19.81609681372739,19.507535643631147,19.638152800260233,8348800
2015-07-30,19.855850219726562,19.933464590512674,19.67790620417362,19.72901845914423,7009200
2015-07-31,19.914531707763672,20.126550061914042,19.888029594026985,20.009182526610946,10186000
2015-08-03,20.389673233032227,20.692555475516453,20.17197612478353,20.535436260021058,18269600
2015-08-04,20.168201446533203,20.440796331761405,20.13791248406019,20.391577489871377,12734800
2015-08-05,20.058395385742188,20.281771309496612,20.054609989588176,20.24012473052023,7557600
2015-08-06,20.01865005493164,20.128445361665477,19.931571466774223,20.11330088261453,11783600
2015-08-07,20.25527572631836,20.37832208266607,19.922104431474832,20.016755252625853,6698400
2015-08-10,20.166305541992188,20.348034961680032,20.07165471230537,20.27231400907917,12003200
2015-08-11,20.185232162475586,20.461612367260198,20.088689371635922,20.192804400939703,7882000
2015-08-12,20.520292282104492,20.552473205214053,20.06596818528449,20.13222345176196,14067600
2015-08-13,20.618738174438477,20.6736358337125,20.29692590339178,20.516515096230698,7236400
2015-08-14,20.641456604003906,20.645242002358778,20.42754621265,20.582773541830996,5754000
2015-08-17,20.73420524597168,20.819391837575203,20.652805495376317,20.67741562915934,5935200
2015-08-18,20.730426788330078,20.798575506721694,20.580878292096095,20.66985031023277,7285200
2015-08-19,20.64713478088379,20.749357864370445,20.44079663692058,20.63577714191546,9688400
2015-08-20,20.49190330505371,20.760711297399027,20.4786522475228,20.5468009560409,8223600
2015-08-21,20.24770164489746,20.49190091455727,20.21552071525604,20.416179975675217,11028000
2015-08-24,19.505645751953125,19.75741733906005,18.930168457533245,19.49996693249702,19775600
2015-08-25,19.026704788208008,19.844487666842934,19.013453733582818,19.819877533784272,15192800
2015-08-26,19.392972946166992,19.446386368912005,19.013353417331203,19.291867304077794,13412000
2015-08-27,19.507427215576172,19.578008602901377,19.267065398144936,19.5265032268693,12068800
2015-08-28,19.423494338989258,19.537951881715863,19.186948556633393,19.497891814531883,9230000
2015-08-31,18.77298927307129,19.358631679275746,18.622286314418503,19.33764763089331,20435200
2015-09-01,18.18926239013672,18.586050011347712,18.055728794251788,18.565065952650503,14461600
2015-09-02,18.1301212310791,18.3933737275228,17.998494255153936,18.307530933471295,13195600
2015-09-03,18.15492057800293,18.31325427152308,18.070985818934997,18.219780777026052,10100400
2015-09-04,18.04999542236328,18.172083624837857,17.93935253405627,17.969873856971823,11545600
2015-09-08,18.521181106567383,18.5326278775632,18.256020622431596,18.27509808895584,11686000
2015-09-09,18.17972183227539,18.681428201170466,18.14919904133997,18.662352184539216,9558000
2015-09-10,18.18926239013672,18.343781500125896,18.12249559219425,18.158741049108894,9980400
2015-09-11,18.28464126586914,18.29990266184968,17.882131043175086,17.89166977951463,18495600
2015-09-14,18.338050842285156,18.45441641521826,18.2331320416351,18.286545460934256,12264400
2015-09-15,18.35713005065918,18.385743345562183,18.170181609988504,18.353313974401008,13068400
2015-09-16,18.60130500793457,18.662349124388957,18.37048189710998,18.372388479675728,11133600
2015-09-17,18.828311920166016,19.118272562990427,18.542167353261327,18.5707821010331,11974000
2015-09-18,18.559335708618164,19.06295000075466,18.553613050476727,18.835941525101443,25546000
2015-09-21,18.704317092895508,18.805421273601993,18.582228860864298,18.60130487423045,7882800
2015-09-22,18.513547897338867,18.679510759430812,18.423889063359702,18.557422567963112,10007600
2015-09-23,18.500207901000977,18.586050722295344,18.439163761203247,18.525006582497614,6476400
2015-09-24,18.603212356567383,18.629920523059628,18.402912023425024,18.429618734510672,11708400
2015-09-25,18.811140060424805,18.996180408345804,18.53644086718899,18.643269139784156,7596000
2015-09-28,18.608938217163086,18.89508282456955,18.56124744926201,18.778717234458384,8861200
2015-09-29,18.463958740234375,18.72911930575414,18.39528391480699,18.60512301232098,13322000
2015-09-30,18.608938217163086,18.62801423324217,18.43152850235481,18.43152850235481,15191600
2015-10-01,18.418170928955078,18.66807002981538,18.282727898366034,18.654716676076426,12829600
2015-10-02,18.79779052734375,18.813051920158827,18.427709756314005,18.523091278298452,11294400
2015-10-05,19.213653564453125,19.22319084318083,18.799698118183308,18.8760021696309,10323600
2015-10-06,19.04768943786621,19.1545177309799,18.980922664299225,19.1545177309799,7888000
2015-10-07,19.062952041625977,19.240361740036086,19.028614633694772,19.085844132048976,6531200
2015-10-08,19.238452911376953,19.26325303883436,18.92369359417709,18.9923684072173,7006400
2015-10-09,19.276607513427734,19.307128845770198,19.12208844740957,19.228916749124753,6959200
2015-10-12,19.352909088134766,19.480721426171694,19.267066305569557,19.27660503936855,7199200
2015-10-13,19.312854766845703,19.431128406241633,19.257533296260842,19.318577426663644,5058800
2015-10-14,19.253707885742188,19.412041510545897,19.207925177446846,19.33001336983846,4806800
2015-10-15,19.68674659729004,19.719177422590015,19.314759224026975,19.34909663197484,7179200
2015-10-16,19.774497985839844,19.888955522004792,19.673392349230827,19.79738861982891,6506800
2015-10-19,19.795480728149414,19.805019462653043,19.562751033570315,19.76305135948756,5102000
2015-10-20,19.82791519165039,19.927111353825545,19.686749463199654,19.74588700824511,5550000
2015-10-21,19.877513885498047,20.007232848109805,19.82219386879335,19.8965913592935,4666000
2015-10-22,20.165569305419922,20.192276025873262,19.873701963746175,19.929023443372987,6708000
2015-10-23,19.94618797302246,20.190364492276753,19.9099439760564,20.136951060615733,6844400
2015-10-26,19.810747146606445,19.988156883369182,19.700104202086266,19.988156883369182,9526400
2015-10-27,19.858436584472656,19.894682035854668,19.738256366520947,19.785947137115457,8413600
2015-10-28,19.63905906677246,20.08735348194784,19.366267796336885,19.85843690614208,7738400
2015-10-29,19.41585922241211,19.581823567601162,19.267064305197373,19.581823567601162,6790400
2015-10-30,19.583744049072266,19.65432547724224,19.368180776037143,19.427316881889222,8811200
2015-11-02,19.501707077026367,19.64859398390581,19.34528143556493,19.60281125980666,6752400
2015-11-03,19.516963958740234,19.54939477799693,19.335739673311654,19.41013713410076,5094800
2015-11-04,19.690561294555664,19.70963730754498,19.476906165018416,19.518874266838814,6002800
2015-11-05,19.476905822753906,19.74588240401804,19.465460506242742,19.656223543596663,6332400
2015-11-06,18.855024337768555,19.280426696390148,18.589863741933346,19.20030654270044,12281200
2015-11-09,18.86837387084961,18.94086330550659,18.744377597946787,18.81495899460037,8559600
2015-11-10,18.885543823242188,18.984739978702482,18.81686900199786,18.86265173102517,6746400
2015-11-11,19.02289581298828,19.045786452623084,18.841670001907033,18.902714133277996,6978800
2015-11-12,19.2155704498291,19.37962540030281,18.975208501960616,19.01908320620366,13194000
2015-11-13,19.158336639404297,19.394882456730304,19.11827656629797,19.228919504633637,9647200
2015-11-16,19.480724334716797,19.49216965265927,19.103012833141968,19.171687651610117,6516800
2015-11-17,19.219385147094727,19.66195554586365,19.173602403886125,19.465469756877603,9685600
2015-11-18,19.019073486328125,19.316664802452287,18.799697166412894,19.219375249753632,19225200
2015-11-19,19.265155792236328,19.31475458188628,19.00571798462985,19.047686079302405,9274800
2015-11-20,19.2708797454834,19.433029477695854,19.18503696817615,19.25943442995079,7048400
2015-11-23,19.169784545898438,19.331932898566663,19.120187185115142,19.267074139662185,7028800
2015-11-24,19.110193252563477,19.206311311856172,18.964093391777926,19.08904716218747,6792800
2015-11-25,19.008304595947266,19.083276555864213,18.941022255848086,19.065976011258,4389200
2015-11-27,19.102502822875977,19.165939624672408,19.03521901090425,19.054443795264817,2899600
2015-11-30,19.196691513061523,19.319722464158428,19.08135017973876,19.085194255303513,9398000
2015-12-01,19.333173751831055,19.408145671748137,19.156316990316103,19.22936613964335,7768800
2015-12-02,18.83721351623535,19.306270031909584,18.821835744119998,19.267823401653796,11379600
2015-12-03,18.535398483276367,18.841054547197686,18.491185015734935,18.739169681438774,10688800
2015-12-04,18.86604881286621,18.898728594538987,18.53540251991955,18.639210179331517,14046400
2015-12-07,18.94870948791504,18.97562242056338,18.787231892025,18.842979062050254,11292400
2015-12-08,19.096731185913086,19.123645586007388,18.856436089653993,18.904495108905813,10960000
2015-12-09,18.9852352142334,19.187082213385317,18.839135386291392,18.99100206183133,13261200
2015-12-10,18.76224136352539,19.02944940093793,18.741095277113324,19.02944940093793,7222400
2015-12-11,18.725711822509766,18.787227291591925,18.514251022560657,18.62382549769589,7646800
2015-12-14,18.835289001464844,18.91410502005086,18.66035349033018,18.739170975560878,12201200
2015-12-15,18.97754669189453,19.083275659471152,18.84490332289747,18.931410441800097,10289600
2015-12-16,19.925264358520508,19.97716744013955,19.10826124923865,19.10826124923865,17483600
2015-12-17,19.879133224487305,20.075213375710398,19.802238501139968,19.925269471837762,9756400
2015-12-18,19.62921905517578,19.877203683526634,19.360088348439977,19.869514067146255,18991200
2015-12-21,19.665754318237305,19.792629386108167,19.511964846092816,19.758026828207914,9476000
2015-12-22,19.783016204833984,19.856065389117784,19.513885392593497,19.733034412089836,6698800
2015-12-23,19.98870277404785,20.052139548438994,19.80031082187536,19.81569005606179,6444800
2015-12-24,19.979097366333008,20.021389541799508,19.898358558612422,19.96371812677337,2211200
2015-12-28,19.990623474121094,20.006002707842683,19.857981616544627,19.9310307767555,6536800
2015-12-29,20.117502212524414,20.242455933922873,20.082899666085524,20.117502212524414,4443200
2015-12-30,20.16748809814453,20.234770433620756,20.080980981122316,20.1175063060858,5638400
2015-12-31,19.97140121459961,20.169404092573785,19.806078110017484,20.167482788240978,5744800
2016-01-04,19.90988540649414,19.925264640763736,19.673434446193763,19.77532077324645,7716400
2016-01-05,20.104049682617188,20.1732547890387,19.64652687164774,19.932959688032028,8915200
2016-01-06,20.0386905670166,20.121352148326313,19.89643626429002,19.97140822563545,6983200
2016-01-07,20.12711524963379,20.196320349783566,19.806081375777463,19.836839849908372,12870800
2016-01-08,20.21746826171875,20.357801245998587,20.136729459793592,20.15979831747717,14382000
2016-01-11,20.296287536621094,20.492367710849454,20.205936336085806,20.24630574058444,16397200
2016-01-12,20.257843017578125,20.392409189669106,20.057917264740745,20.33281499156148,8618800
2016-01-13,20.111740112304688,20.355879299441973,19.942571415726132,20.315509896843444,10292800
2016-01-14,20.317432403564453,20.52504626184435,20.065602133525182,20.148263709190907,9981600
2016-01-15,20.234771728515625,20.355879940122975,20.007933078218922,20.26937428420987,15260000
2016-01-19,20.72496795654297,20.807629516211666,20.209775286975322,20.273213535088555,15298400
2016-01-20,20.244382858276367,20.67306999890503,19.867600285037216,20.54234939458573,13866000
2016-01-21,20.192474365234375,20.334728628031943,19.965635773216537,20.267446305536108,8786400
2016-01-22,20.492366790771484,20.507746029883798,20.18671211330028,20.338578799583225,9400400
2016-01-25,20.457765579223633,20.575029718525197,20.275141869371062,20.515436996358687,8533200
2016-01-26,20.484670639038086,20.709587906060147,20.350106006327877,20.49236025614217,12272000
2016-01-27,20.517356872558594,20.723049413566194,20.417393292517698,20.54619111041188,10999600
2016-01-28,20.81916618347168,20.909515900986868,20.28667146830782,20.330886408066117,14686000
2016-01-29,21.47469139099121,21.50352709507166,20.91528518506773,21.028703763367382,24626400
2016-02-01,21.718826293945312,21.80725468759186,21.297828938705816,21.461229263197147,15117200
2016-02-02,21.897611618041992,21.928368626840005,21.53044001732839,21.54005240756549,11020400
2016-02-03,22.059083938598633,22.2051837287217,21.8533914498631,21.939897074729224,13532000
2016-02-04,21.822635650634766,22.099456030692032,21.63616791497111,21.89953036361119,11712800
2016-02-05,21.839935302734375,21.941820163118024,21.572727340603652,21.780342603259676,11007200
2016-02-08,21.94759178161621,22.032176121826225,21.68422930410837,21.845706899078596,10296800
2016-02-09,22.1744327545166,22.289774115532705,21.847631987196806,21.916837097135467,13775600
2016-02-10,21.864933013916016,21.937983668599585,21.41702402764075,21.649629526372884,13794400
2016-02-11,21.511219024658203,21.907224905524284,21.50737348149048,21.72844528099489,13052800
2016-02-12,21.466995239257812,21.593871711942622,21.261302763826336,21.5535023251732,11447200
2016-02-16,21.59772491455078,21.714989049477456,21.378575884245684,21.616948230663596,9395200
2016-02-17,21.42086410522461,21.582341690736254,21.39010563180635,21.580420386131163,10793200
2016-02-18,21.978351593017578,22.064857243204365,21.470848454193305,21.49968269315896,13084800
2016-02-19,22.059083938598633,22.19364856986693,21.838012215819727,22.011024932196456,13488000
2016-02-22,22.241708755493164,22.401265017202512,22.05908510814024,22.126367427341602,10462000
2016-02-23,22.32245445251465,22.403193255258927,22.0783138061492,22.170587771174745,9229200
2016-02-24,22.467714309692383,22.489020019065407,22.169435856186062,22.208174181280654,13355200
2016-02-25,22.43672752380371,22.657532320679593,22.297273962531527,22.53938299474306,8776400
2016-02-26,21.79368019104004,22.43091117149128,21.72976454661736,22.332131776603568,9756800
2016-02-29,21.85179328918457,22.068723519355032,21.702654771872332,21.76463462653299,10503600
2016-03-01,21.809185028076172,22.02611528973843,21.685225300759598,21.9699458074049,9832800
2016-03-02,21.7626953125,21.859538918740135,21.177759103288547,21.73945231502455,11023600
2016-03-03,21.61937141418457,21.79756332983929,21.29784986932734,21.78594256768855,13735600
2016-03-04,22.136510848999023,22.184932650275762,21.43148954062702,21.539953902617757,11726400
2016-03-07,22.16750717163086,22.221740847806284,21.981567572179138,22.09196925553224,8543200
2016-03-08,22.36119270324707,22.409614516357365,22.113273256557,22.175253118229517,8272400
2016-03-09,22.518077850341797,22.547131230484123,22.33988447506982,22.33988447506982,7436400
2016-03-10,22.407672882080078,22.655592264314276,22.182995018357786,22.628476174239665,6253200
2016-03-11,22.43284797668457,22.541312319046416,22.345689341246064,22.521943897584062,6350000
2016-03-14,22.43672752380371,22.616856702877744,22.328263150242147,22.51226690135267,6013600
2016-03-15,22.390235900878906,22.597481107602206,22.33213063820971,22.438657691961133,9315600
2016-03-16,22.684650421142578,22.762124136131913,22.16556855104552,22.378624222698974,7542000
2016-03-17,22.91901206970215,22.961623500063173,22.566501342692394,22.715639871239578,8162800
2016-03-18,22.951932907104492,23.025533510187472,22.771803754294524,22.998417420750794,21650800
2016-03-21,22.77180290222168,22.930626339143412,22.585863376877892,22.829909650392356,6316800
2016-03-22,22.66915512084961,22.88608536520573,22.607175262135918,22.7311349795633,5932000
2016-03-23,22.795055389404297,22.87446640207569,22.549071727793443,22.603303927221052,6684000
2016-03-24,22.948062896728516,22.975178989808605,22.715637341835432,22.75631148145557,9832000
2016-03-28,22.77374839782715,23.029415522057416,22.73113696416935,22.92288693791292,5526400
2016-03-29,23.05071449279785,23.073956011469978,22.696266555887036,22.845405052325503,5559200
2016-03-30,22.951932907104492,23.120441300931898,22.87445773254996,23.0778298810411,5168000
2016-03-31,22.920949935913086,23.0100473770574,22.826043591044712,22.901581505205577,8025600
2016-04-01,22.992612838745117,23.046845031292882,22.750503780788005,22.87252621402048,8320800
2016-04-04,22.99454689025879,23.083642833727648,22.843471095780455,23.054589455316535,5239600
2016-04-05,22.535505294799805,23.029408243044585,22.4967684461091,22.913196219256417,8802800
2016-04-06,22.605236053466797,22.61104643383387,22.386370019248133,22.529698153262288,6557200
2016-04-07,22.504520416259766,22.721449174769504,22.465782082442786,22.53938417783688,5359600
2016-04-08,22.624603271484375,22.746627163536775,22.465779813168403,22.465779813168403,4268800
2016-04-11,22.51226806640625,22.78342901434327,22.473529732617862,22.673027349049956,4226000
2016-04-12,22.671092987060547,22.711767131846106,22.48127883367818,22.560691314723623,5726400
2016-04-13,22.560691833496094,22.77568332438726,22.42123677518666,22.736946464953068,4754400
2016-04-14,22.496768951416016,22.6478447335056,22.274028372151285,22.50064204528566,6168000
2016-04-15,22.744688034057617,22.777614503520052,22.496768653631637,22.56455887832373,6431600
2016-04-18,22.81053924560547,22.81053924560547,22.558746790428636,22.74468631166745,5816000
2016-04-19,22.87445640563965,22.93256315261388,22.704012213679707,22.870583312108817,7352000
2016-04-20,22.372812271118164,22.9170729126042,22.35925422417526,22.86671381922358,5898800
2016-04-21,21.869230270385742,22.322457770920867,21.77819701744495,22.31858467573293,9754800
2016-04-22,22.16556739807129,22.182998539722266,21.933141832044065,21.97381597361266,6966800
2016-04-25,22.17137336730957,22.17137336730957,22.0512867748693,22.140382706918782,4530800
2016-04-26,22.374744415283203,22.397987410971655,22.1190773735744,22.21979554384165,7878000
2016-04-27,22.640098571777344,22.858964593993154,22.35150503354804,22.40573721762161,10262400
2016-04-28,22.55875015258789,22.802796457087265,22.299208516246868,22.42898007327547,8615200
2016-04-29,22.77374839782715,22.80667487739308,22.303088296662732,22.50839631950501,9361200
2016-05-02,22.866708755493164,23.00229067261447,22.71563298652265,22.82216153013825,7651600
2016-05-03,22.93644142150879,23.039095416972216,22.74662876363355,22.920946088457175,5263200
2016-05-04,23.13787841796875,23.327692570787356,22.804736115705335,22.85896830859167,6705600
2016-05-05,23.019725799560547,23.327689247747614,22.847344291992044,23.130127455842807,8386400
2016-05-06,22.949993133544922,23.068142429446862,22.75824324253845,23.060394765059666,5848800
2016-05-09,23.027475357055664,23.06621221314765,22.880272644016703,22.97905354808251,4924800
2016-05-10,23.164993286132812,23.24053119046445,23.031350097239493,23.10301342930387,4637200
2016-05-11,23.18242073059082,23.31025351026184,22.95193249678353,23.1979145830519,5758800
2016-05-12,23.4652042388916,23.5116887524642,23.10107136237748,23.217284862883034,7977200
2016-05-13,23.389667510986328,23.50006915977284,23.18435806689575,23.418720887554592,5877200
2016-05-16,23.529123306274414,23.534933686234975,23.20566453721365,23.308318523759983,5292800
2016-05-17,23.19985580444336,23.492323930858163,23.037159243131562,23.45552288487352,8535200
2016-05-18,22.858970642089844,23.399358295313778,22.740822768507467,23.085585867950357,9197200
2016-05-19,22.934505462646484,22.94225165140516,22.56456214647767,22.68658456859664,8242800
2016-05-20,23.112695693969727,23.12237916807886,22.829912537721512,22.97130337698753,8964400
2016-05-23,22.853151321411133,23.1456193944657,22.829909804159115,23.135934443800025,4948400
2016-05-24,23.22115707397461,23.256020827257863,22.87058373319899,22.903510200823177,7466000
2016-05-25,23.068145751953125,23.236654151784165,23.021661236650665,23.164989354167634,5688000
2016-05-26,23.378374099731445,23.39398345326027,23.062291389427255,23.06424293076583,4618800
2016-05-27,23.38227653503418,23.43105465012421,23.25935622089968,23.393984294896946,4366800
2016-05-31,23.436908721923828,23.583243063744707,23.306182245235522,23.382275983895184,13375600
2016-06-01,23.442760467529297,23.575436989124256,23.337399569034197,23.43690733237787,6606800
2016-06-02,23.376426696777344,23.45252044796406,23.159851716141265,23.380329780145466,5515600
2016-06-03,23.764692306518555,23.875906321484965,23.538361194747157,23.57933462251483,7846400
2016-06-06,23.75494384765625,23.940300103598247,23.641778254816483,23.819331321712333,5638800
2016-06-07,23.63007354736328,23.89737819189035,23.622268869210284,23.809576679111753,6731600
2016-06-08,23.983230590820312,23.99688840767082,23.575446138719137,23.602761772420152,7323600
2016-06-09,24.190046310424805,24.22126353365486,23.973471335090263,23.99298228568281,5551600
2016-06-10,24.16077995300293,24.359794037485877,24.022250263968594,24.178339362549885,5889600
2016-06-13,24.11394691467285,24.26028125177049,24.069071884906563,24.168579650938117,4673200
2016-06-14,24.38515281677246,24.392956004224843,23.975415511804286,24.139310731509507,6342400
2016-06-15,24.1627254486084,24.32857222441782,24.05931608676292,24.31686446500464,7671200
2016-06-16,24.35979461669922,24.40271960362152,24.16273058064237,24.227118061025823,6134800
2016-06-17,24.408573150634766,24.433938728019047,24.14126998163592,24.394915335347164,11624400
2016-06-20,24.240772247314453,24.40856908638831,24.039806646435057,24.369547188804148,6514000
2016-06-21,24.246627807617188,24.383207439998895,24.110049663825606,24.2993090120726,7440400
2016-06-22,24.123703002929688,24.297352962931754,24.094435837949487,24.271988880530163,5465200
2016-06-23,24.15687370300293,24.15687370300293,23.992979947688013,24.141265837203868,5585600
2016-06-24,24.154926300048828,24.40662009638152,23.657388866593692,23.8290873179392,16309600
2016-06-27,24.950979232788086,25.017318238957955,24.164676308092723,24.164676308092723,13596000
2016-06-28,25.064146041870117,25.08365550009908,24.64075090409434,24.88268991954491,10236400
2016-06-29,24.925622940063477,25.22609489294313,24.83587136485925,25.13829485962756,9655200
2016-06-30,25.442665100097656,25.44851823606995,24.855377632497362,24.968543223261747,12484800
2016-07-01,25.311941146850586,25.612416032678663,25.08756298616534,25.612416032678663,6346800
2016-07-05,25.53436851501465,25.622171510042666,25.26901543133595,25.309990360827697,10086000
2016-07-06,25.538270950317383,25.750942827020793,25.261211601577347,25.49534596895963,9991600
2016-07-07,25.038782119750977,25.522660182509153,24.96854151570706,25.46217579681186,7687600
2016-07-08,25.350963592529297,25.360719812155896,24.71294791403678,24.991957336840134,7956400
2016-07-11,25.304140090942383,25.31389631118169,24.991958906367156,25.249508830218783,5507600
2016-07-12,24.843669891357422,25.362669749528553,24.83001207869976,25.179263560762827,9178400
2016-07-13,25.0075626373291,25.081706321851108,24.85927824546484,24.949029794832118,8285600
2016-07-14,24.826107025146484,24.993905335118978,24.689528909411663,24.83391170155845,9823200
2016-07-15,24.892454147338867,25.0309823609059,24.796847946559197,24.884649468381937,5394000
2016-07-18,25.023174285888672,25.10512116605454,24.894399341122295,24.92366650935011,8186400
2016-07-19,24.991954803466797,25.034879783728456,24.828061048202244,24.956835988987223,6388800
2016-07-20,24.82025146484375,25.101212345273186,24.80854519566451,25.085605971153765,6747200
2016-07-21,25.025123596191406,25.064148470790453,24.66026424069379,24.779282962989047,6518000
2016-07-22,25.327543258666992,25.393880768239985,24.92561214196328,24.976340300369806,6752800
2016-07-25,25.26511573791504,25.325600129482662,25.097318888478988,25.228043890907752,5101600
2016-07-26,25.058290481567383,25.288524720306796,24.974393557257233,25.245599743205887,7142000
2016-07-27,24.812450408935547,25.109022172518518,24.496369186267508,25.005612810110335,9644000
2016-07-28,24.861230850219727,24.993908879448064,24.691483952105003,24.783185563622485,7392800
2016-07-29,25.030975341796875,25.07390031972795,24.831961294268115,24.831961294268115,9340000
2016-08-01,25.07195281982422,25.132437210200276,24.95488563355861,25.013418482396396,8235600
2016-08-02,24.902202606201172,25.03683216784946,24.748063584960853,24.925616637173473,6613200
2016-08-03,24.991954803466797,25.06414843964137,24.79098920368718,24.894398571450285,20291600
2016-08-04,24.867084503173828,25.050490707201686,24.78904070354416,24.9431782498258,9086000
2016-08-05,24.58222198486328,24.810504727509777,24.44954543327162,24.73636102925581,7072800
2016-08-08,24.58222198486328,24.78123755654585,24.502226638724714,24.631000106939773,7976400
2016-08-09,24.59783363342285,24.70319456555731,24.51588673795948,24.588077412662326,6860800
2016-08-10,24.656368255615234,24.689537024826244,24.51783855309546,24.621247944512312,4592400
2016-08-11,24.78318214416504,24.79683995579087,24.603679051771323,24.656360245606542,6036000
2016-08-12,24.738309860229492,24.917812972540183,24.726603588562703,24.837817635167152,6001600
2016-08-15,24.45149040222168,24.837813680200654,24.443685726156577,24.802693382202566,4743200
2016-08-16,24.19199562072754,24.430033080982682,24.19199562072754,24.430033080982682,6435200
2016-08-17,24.545148849487305,24.584170747300995,24.000784890023414,24.19004422045878,8080000
2016-08-18,24.7714786529541,24.787088007589098,24.44759273152286,24.44759273152286,10607600
2016-08-19,24.404672622680664,24.69343829812687,24.271996058975837,24.69343829812687,9796400
2016-08-22,24.39686393737793,24.525637396202768,24.33637954676248,24.4768592776832,6145200
2016-08-23,24.246627807617188,24.531493345108416,24.236873076540718,24.451496511894685,4941600
2016-08-24,24.223215103149414,24.287602579909972,24.088587013302813,24.184191713329326,4933200
2016-08-25,24.29345703125,24.359794564649857,24.201753920946512,24.260286775959877,4957600
2016-08-26,23.896554946899414,24.546921142810895,23.87101088543473,24.352401016066807,7512400
2016-08-29,24.038022994995117,24.205036783402974,23.89458949319602,23.945676116676,8560400
2016-08-30,23.817960739135742,24.15591587140294,23.784558580474712,24.022305737694158,6802400
2016-08-31,23.762943267822266,23.906376761365213,23.700068003721686,23.808134067516523,8194000
2016-09-01,23.77473258972168,23.821888664376434,23.621474222795296,23.72561124139581,8328800
2016-09-02,24.19324493408203,24.303277769130933,23.835641593068274,23.973182262113273,9426000
2016-09-06,24.61765480041504,24.61765480041504,24.277734414643277,24.315067118606848,9724000
2016-09-07,24.572463989257812,24.9457865543116,24.446713451417647,24.9457865543116,9802400
2016-09-08,24.635337829589844,24.711967012296746,24.41723892525033,24.41723892525033,6993600
2016-09-09,23.747222900390625,24.47225442477037,23.72560938888967,24.432956449739322,10747200
2016-09-12,24.224687576293945,24.281668527898464,23.705966188177012,23.774735785263577,10174000
2016-09-13,23.880842208862305,24.21093783085121,23.792422855309088,24.128414300120248,7679200
2016-09-14,23.990869522094727,24.151987506800147,23.876907618529607,23.971221279875,7883600
2016-09-15,24.114654541015625,24.175564537182623,23.857257639759116,23.97121953502904,5134400
2016-09-16,24.230579376220703,24.273806403907244,23.916203037224893,24.020340058979947,13406000
2016-09-19,24.50958824157715,24.539061351228117,24.25022757496497,24.29541987630507,4990400
2016-09-20,24.574430465698242,24.710005879937263,24.52923816126366,24.52923816126366,8329600
2016-09-21,25.11869239807129,25.12458821918738,24.570499460378887,24.596042022290177,7809600
2016-09-22,25.156028747558594,25.321075785169263,25.089224422544227,25.230694168533272,6233200
2016-09-23,24.904521942138672,25.08921867924057,24.374012015186363,24.67070385998324,9808400
2016-09-26,24.802349090576172,24.949713119121213,24.719824095301988,24.86522434945948,5540800
2016-09-27,24.912385940551758,25.266058788010888,24.86522986070349,24.971330665595904,9823200
2016-09-28,24.851476669311523,25.04206626817293,24.62355286175221,25.01652370314568,6843200
2016-09-29,24.30524253845215,24.74537089853285,24.116616740873813,24.735546029247324,11084800
2016-09-30,24.034095764160156,24.537097943957104,23.92406441209576,24.423137543203868,12255200
2016-10-03,23.800273895263672,24.104826838438854,23.625402024376605,24.061599814342816,6773600
2016-10-04,23.36211585998535,23.802242764509515,23.204926930265785,23.802242764509515,9205200
2016-10-05,23.2913818359375,23.607723481645035,23.265839271034547,23.395518868549647,8268800
2016-10-06,23.191173553466797,23.40337816382933,23.09096557095147,23.20885802052939,10979600
2016-10-07,23.920127868652344,24.21878646234519,23.513403223859143,23.55663024392503,19343200
2016-10-10,24.12447738647461,24.155915770304937,23.82385496165418,23.94371117664417,8225600
2016-10-11,23.804208755493164,24.065534721922074,23.731508610971392,24.000694174029526,7655600
2016-10-12,24.163776397705078,24.195213283812656,23.815996382294,23.841538945947953,7682400
2016-10-13,24.487974166870117,24.594076459744535,24.073389864719278,24.153949595982382,8133200
2016-10-14,24.370084762573242,24.568535443155085,24.342576925549782,24.432960032778965,5538000
2016-10-17,24.375974655151367,24.456534376840683,24.289522111244697,24.432955592649183,4531600
2016-10-18,24.58228874206543,24.649093059134394,24.299349283738877,24.56264050169601,5262800
2016-10-19,24.478151321411133,24.633374966218554,24.389731992587738,24.541026589010944,6226400
2016-10-20,24.38973617553711,24.680535274974982,24.346510639638872,24.47815551952482,7426000
2016-10-21,24.307207107543945,24.401520753131592,24.146089149757806,24.271839677831643,4504800
2016-10-24,24.438854217529297,24.47029260198749,24.263982326408474,24.40545205834098,5948000
2016-10-25,24.662845611572266,24.6785648026232,24.34454023764599,24.391696311734222,5546800
2016-10-26,24.79645538330078,24.859330647542134,24.53316568274779,24.672670128437524,5264000
2016-10-27,24.58425521850586,24.83575630529328,24.42903156358384,24.72768872937772,6072400
2016-10-28,24.704105377197266,24.84557357950137,24.54298743931971,24.625510932096528,7975200
2016-10-31,25.150129318237305,25.2405139146515,24.71196624943275,24.963468801829322,12201200
2016-11-01,24.73554801940918,25.20514802700016,24.64909395974734,25.187465059740987,6615200
2016-11-02,24.30131721496582,24.41920816913897,24.0085543539718,24.226653293771285,24144400
2016-11-03,24.332752227783203,24.440819801900634,24.153951285865368,24.305244390565072,8894000
2016-11-04,24.203073501586914,24.501730673068963,24.197179178981933,24.448680270559397,8741600
2016-11-07,24.493871688842773,24.495835463596833,24.12840870991806,24.32489411798233,11381600
2016-11-08,24.594079971313477,24.645166600894903,24.383840629228732,24.503696856863147,8492000
2016-11-09,23.085071563720703,23.808137968896744,22.827676143359035,23.808137968896744,28179200
2016-11-10,22.60761260986328,22.97307562172823,22.07513728590334,22.947533056040943,29856000
2016-11-11,22.3089542388916,22.69995979570286,22.157659629594722,22.50936870296159,16962000
2016-11-14,22.48579216003418,22.50936945125871,21.709673844155965,22.185169704402984,26612000
2016-11-15,22.601713180541992,22.662623169069832,22.35021213222312,22.458279691609118,17999600
2016-11-16,22.456321716308594,22.713717169871526,22.238222752167566,22.65084188735749,16990000
2016-11-17,22.55259132385254,22.623326179471483,22.377719458312498,22.38165000532714,8694400
2016-11-18,22.417022705078125,22.723541005031464,22.29323741988816,22.723541005031464,12270400
2016-11-21,22.468109130859375,22.52312481265821,22.338429523628534,22.485793599474658,9200000
2016-11-22,22.537399291992188,22.71559215350369,22.48988018855109,22.537399291992188,10324800
2016-11-23,22.456220626831055,22.53739795748506,22.319607366559055,22.35326559658571,9386000
2016-11-25,22.721538543701172,22.80271439318431,22.549285140323544,22.55522465241286,4609200
2016-11-28,23.026443481445312,23.09772063957107,22.76905357592927,22.818551518485638,18561200
2016-11-29,23.21849250793457,23.46796254287533,23.002682219459682,23.02644177392549,12683200
2016-11-30,22.616592407226562,22.96505670933892,22.602733048739786,22.9432775016373,13353200
2016-12-01,22.36316680908203,22.55521904183718,22.29980951162687,22.476022042378947,12088800
2016-12-02,22.65224266052246,22.751238560948362,22.493848615617992,22.511667152627023,8462800
2016-12-05,22.769052505493164,22.84824951197155,22.40870756104591,22.632437707081884,10162800
2016-12-06,22.719554901123047,22.89180827946813,22.664117448935833,22.73341426416985,11771600
2016-12-07,23.29966926574707,23.303628436113016,22.72945356794895,22.773010484203045,10788800
2016-12-08,23.139299392700195,23.28977205477942,23.034362482607424,23.121479347379772,8990000
2016-12-09,23.064064025878906,23.240276604488876,22.91557017802393,23.16305992444889,11916000
2016-12-12,23.25412940979004,23.321447387316894,22.939323266213087,22.984860520796833,16726000
2016-12-13,23.564977645874023,23.59665705124464,23.260071677246355,23.26601118811405,9606800
2016-12-14,22.97298240661621,23.844146404776456,22.967042895832297,23.69763293339698,10513600
2016-12-15,23.170976638793945,23.17493732011244,22.73935451907529,22.96308618629294,10830800
2016-12-16,23.541223526000977,23.59864132488711,23.188798390578953,23.212556438009464,15695200
2016-12-19,23.60457992553711,23.697636302534196,23.42440668317128,23.66001738147817,5144400
2016-12-20,23.620418548583984,23.739213307382972,23.513502812497702,23.608538015313968,6166000
2016-12-21,23.481826782226562,23.719417844557757,23.464008245594425,23.578842339635763,6073200
2016-12-22,23.541223526000977,23.564981573431485,23.394710028135542,23.489745238972468,5002800
2016-12-23,23.60655975341797,23.61249926491728,23.46994494670444,23.539241765125308,3570400
2016-12-27,23.610519409179688,23.6758570581288,23.47588494038639,23.57686116962071,2621600
2016-12-28,23.49172019958496,23.693671109279688,23.45608162604388,23.624374302549,5213200
2016-12-29,23.794649124145508,23.810488827044505,23.465982086498745,23.60655756153084,4048000
2016-12-30,23.652099609375,23.90750920575933,23.580822442451115,23.800593455373505,5696000
2017-01-03,23.505577087402344,23.68970944622854,23.323425068719228,23.667930236325457,6101200
2017-01-04,23.574880599975586,23.721394090588806,23.477865053135773,23.6065600090581,8541600
2017-01-05,23.561019897460938,23.715453231570255,23.313530192655673,23.715453231570255,6155200
2017-01-06,23.49172019958496,23.586755388656446,23.36500560711825,23.444202605049217,8810000
2017-01-09,23.432327270507812,23.661998464390237,23.382829324642543,23.58478178968501,6061200
2017-01-10,23.477863311767578,23.503601696820066,23.23037361125702,23.388766113249424,6372800
2017-01-11,23.642192840576172,23.681790581744057,23.41054137201734,23.41054137201734,5600000
2017-01-12,23.660017013549805,23.745153536866045,23.533302398924338,23.67783554815775,6534000
2017-01-13,23.570924758911133,23.64418075928771,23.33927320130329,23.620422709676962,5775200
2017-01-17,23.802570343017578,23.8164297062111,23.596658725172915,23.640217155368923,6962000
2017-01-18,23.764951705932617,23.951064451501782,23.727332786579538,23.8025706252857,5786400
2017-01-19,23.616456985473633,23.80652889456622,23.53132046791117,23.634277029434603,4725600
2017-01-20,23.612491607666016,23.685747573144596,23.432318427642443,23.65605002527861,5106000
2017-01-23,23.517459869384766,23.74317034398239,23.49370182609481,23.665953682175683,9114800
2017-01-24,23.523395538330078,23.612492717787447,23.436280209566096,23.509536178488744,4850400
2017-01-25,23.564977645874023,23.57883700808437,23.384805937139493,23.41054432108523,6880400
2017-01-26,23.511526107788086,23.6184418604083,23.345213721861672,23.501625913624945,5508000
2017-01-27,24.030261993408203,24.123316857697446,23.6263585958836,23.75109286886843,12540400
2017-01-30,24.244091033935547,24.47574254714198,24.063919313171976,24.089657698836117,11280000
2017-01-31,24.495542526245117,24.612356947862747,24.186675842116948,24.24211329715971,8781200
2017-02-01,24.27775001525879,24.477720604106548,24.172813114194714,24.29754888903338,8219600
2017-02-02,24.444067001342773,24.45594602574791,24.178758719244527,24.345071103146555,5004800
2017-02-03,24.59255599975586,24.72719045517932,24.46188222539154,24.531179038354228,8227200
2017-02-06,24.523265838623047,24.715318137039585,24.457928178439715,24.63018159786187,4192800
2017-02-07,24.61631965637207,24.677696628001236,24.499503714577468,24.564841367925762,6258800
2017-02-08,25.006364822387695,25.030122871515108,24.598500689195742,24.598500689195742,8594400
2017-02-09,24.679672241210938,25.006358934814667,24.58661587588459,25.006358934814667,6426000
2017-02-10,24.842029571533203,24.857869276909003,24.600479351503296,24.64997729788459,4821200
2017-02-13,24.946962356567383,24.970721912136163,24.77668931805099,24.84796647420005,3542800
2017-02-14,24.946962356567383,24.964780890326004,24.653933880114877,24.752929762482207,6450400
2017-02-15,24.8063907623291,24.93706455408803,24.66185609557532,24.758873157194714,7062000
2017-02-16,24.984582901000977,24.98854207190809,24.79648980592939,24.847968091066154,4990000
2017-02-17,25.11723518371582,25.139014398497938,24.939042294842704,25.08357694652792,9351200
2017-02-21,25.394418716430664,25.439958990454954,24.94695848517074,25.03011465092095,6306800
2017-02-22,25.4300594329834,25.477575516816206,25.232067694042218,25.338983414337306,8544400
2017-02-23,25.574596405029297,25.669631608110233,25.3825441476667,25.491440224694145,7606400
2017-02-24,26.127836227416992,26.127836227416992,25.63704018860263,25.70686992044766,10271600
2017-02-27,25.910371780395508,26.149786299485434,25.77270934520342,26.149786299485434,7332800
2017-02-28,26.135812759399414,26.23157671711142,25.84652383771271,25.928323676976515,8994400
2017-03-01,25.818605422973633,25.988187198818682,25.6589967177267,25.84853072333369,9072000
2017-03-02,26.12384796142578,26.263504395734497,25.736797954711673,25.818597810621757,6120400
2017-03-03,26.095922470092773,26.1358238824308,25.898406369238003,26.07597024178245,5286000
2017-03-06,26.06399917602539,26.133828928293116,25.88842931497454,26.036067883974802,8208400
2017-03-07,26.06598663330078,26.159756599690443,25.984189827024444,26.010124063232272,7964400
2017-03-08,25.8245792388916,25.960244600498253,25.7128541071493,25.840540406895006,6328000
2017-03-09,25.686918258666992,25.972216161372124,25.678939196361835,25.868473129996634,5044400
2017-03-10,25.94827651977539,25.97022274696535,25.738790359195193,25.896405002909013,5922800
2017-03-13,26.02808952331543,26.069984940382916,25.82658236981077,25.954268714677912,5837200
2017-03-14,26.050031661987305,26.129834473379866,25.942294517897025,26.002148148582503,5369600
2017-03-15,26.31537628173828,26.46102082066149,26.010126126689787,26.103896100518487,8121200
2017-03-16,25.916357040405273,26.289442943794086,25.852515400625204,26.257520601763,10442800
2017-03-17,25.982194900512695,26.291436109975812,25.954263613196915,25.960248671601583,18648400
2017-03-20,25.91436004638672,26.17172666915484,25.84453031178392,26.079953751754196,7566800
2017-03-21,26.30539894104004,26.40315690839522,25.854504320309136,25.980196614658936,9536400
2017-03-22,26.417123794555664,26.574735378721872,26.29143150152543,26.337317956012075,5535200
2017-03-23,26.353288650512695,26.558783812092166,26.289447000880344,26.43309451790634,6200400
2017-03-24,26.49493980407715,26.590703792142758,26.2794685477178,26.329346068793143,5728000
2017-03-27,26.1557674407959,26.5547875204768,26.06399148298538,26.544811409628455,8160000
2017-03-28,26.18769073486328,26.24754436481707,26.03805818211984,26.08594169493929,5511200
2017-03-29,26.04604148864746,26.141805474412358,25.9802027970959,26.04604148864746,4426800
2017-03-30,25.563220977783203,26.05201993974446,25.493391249953834,25.944282819338085,13592400
2017-03-31,25.611103057861328,25.792657926287074,25.501373448300782,25.549255432070098,9346000
2017-04-03,25.68093490600586,25.690911017760957,25.355732537337403,25.637042449708943,6970000
2017-04-04,25.84453010559082,25.920344897493937,25.61908582297015,25.722828855353477,5436400
2017-04-05,26.06399917602539,26.103900586914442,25.73680273588314,25.818602606989327,7146400
2017-04-06,25.888427734375,26.026090181177484,25.816603981446846,25.948281369195513,6118000
2017-04-07,25.72283172607422,26.006138702925064,25.690912428699555,25.94229401961162,7067200
2017-04-10,25.82258415222168,25.864482601949256,25.651008432782145,25.72282912783214,4207600
2017-04-11,25.80064582824707,25.850523349834976,25.599138692691245,25.76273842475509,4214400
2017-04-12,26.03805160522461,26.044036662280025,25.637037561105014,25.658983785068653,5874800
2017-04-13,26.089933395385742,26.235574897933443,25.938303789840376,25.95426496117579,7746400
2017-04-17,26.11786460876465,26.189688357425624,26.03007968881433,26.069981094896615,4508400
2017-04-18,26.3233585357666,26.34929581845836,26.026087442155415,26.115866362796563,7822400
2017-04-19,26.235578536987305,26.33333958337104,26.107892192875173,26.321366419997105,8320000
2017-04-20,26.109888076782227,26.235580424851246,25.780697600951584,26.235580424851246,8054800
2017-04-21,26.538827896118164,26.800185576431005,26.187688257227933,26.187688257227933,10480800
2017-04-24,26.48495864868164,26.5567823871273,26.221603926286985,26.459021368490184,9744400
2017-04-25,26.51888084411621,26.53484201665816,26.30740063542953,26.45703320319264,5167200
2017-04-26,26.500917434692383,26.700427463069847,26.465004046558093,26.53483377420278,5967200
2017-04-27,26.63858413696289,26.7742495168812,26.46102030484515,26.46700536311908,5624000
2017-04-28,26.646556854248047,26.75828197446424,26.54879889619948,26.604661456307575,6652800
2017-05-01,26.542818069458008,26.798193756874017,26.49094654779337,26.76228036165847,7204000
2017-05-02,26.73834228515625,26.742330294949287,26.548808314389372,26.582724663323884,6858400
2017-05-03,26.606664657592773,26.784228508803494,26.56875725492718,26.706419698593905,6574400
2017-05-04,26.802186965942383,26.83410931359754,26.554796382321474,26.556790387443932,7013200
2017-05-05,26.80018424987793,26.97575406063271,26.78023202800793,26.889963159729664,7312400
2017-05-08,26.923879623413086,26.96577807181718,26.768262033823568,26.834100713154772,5804800
2017-05-09,26.688461303710938,26.919890657272983,26.632598731028867,26.822132677220306,6190000
2017-05-10,26.768264770507812,26.82612439353921,26.618632223352215,26.698438075071046,7498800
2017-05-11,26.862037658691406,26.866028712780953,26.65255146108357,26.750312498442504,3581200
2017-05-12,27.043594360351562,27.099456944182027,26.86603049511563,26.879994618931995,6115200
2017-05-15,27.159303665161133,27.261052693163045,26.943832449143805,26.981739845148947,7712400
2017-05-16,27.1134090423584,27.294963881423435,27.091462819567226,27.159298536373395,5438000
2017-05-17,27.223148345947266,27.3667958393796,27.113417198980617,27.113417198980617,7484800
2017-05-18,27.320913314819336,27.478524952798963,27.0775107516489,27.2590656715073,8878000
2017-05-19,27.390727996826172,27.45257865726553,27.053558636341794,27.338856490047306,6914800
2017-05-22,27.602214813232422,27.64810126930463,27.33287504579842,27.404698780828717,8549600
2017-05-23,27.723918914794922,27.943378151357933,27.60820271619324,27.636134002456966,7788800
2017-05-24,27.961328506469727,28.01719106936868,27.735884250585144,27.76780354061215,6207200
2017-05-25,28.26934242248535,28.303498332601528,27.97600198700056,28.07445047328103,4765200
2017-05-26,28.27134895324707,28.341668851119202,28.203034078403594,28.287419795320822,4430000
2017-05-30,28.259305953979492,28.33967553516543,28.17693134871972,28.235196612516734,11000400
2017-05-31,28.41801643371582,28.496374810927808,28.27335434258843,28.27335434258843,13267600
2017-06-01,28.510446548461914,28.510446548461914,28.2733632534832,28.39994338955987,6446400
2017-06-02,28.673192977905273,28.71739240080236,28.476289868035803,28.685247644675847,7339600
2017-06-05,28.500408172607422,28.659133094282605,28.488350437553464,28.6109113514238,4325600
2017-06-06,28.514469146728516,28.65913130046464,28.474285896420813,28.633010808161163,8223600
2017-06-07,28.647069931030273,28.727436412846924,28.418022085489586,28.516470565847264,5715200
2017-06-08,28.420028686523438,28.64706843115626,28.255276487689805,28.64706843115626,6776400
2017-06-09,28.176921844482422,28.47830077425424,28.118653534553598,28.34971255351633,7172800
2017-06-12,28.012174606323242,28.301498952557445,27.757006180715873,28.1769299401789,8946400
2017-06-13,28.118650436401367,28.199019981622964,27.91974232677035,28.012163471544344,6944400
2017-06-14,28.359760284423828,28.568718090326158,28.24925711302878,28.359760284423828,5689200
2017-06-15,28.504419326782227,28.552641061139997,28.261308697301477,28.37181492242233,11065600
2017-06-16,28.69930648803711,28.76561021202103,28.514461135923426,28.568710194780202,10408800
2017-06-19,28.608898162841797,28.769634211270812,28.556660250061046,28.74150563272962,9268400
2017-06-20,28.522502899169922,28.697301695159414,28.514464410972145,28.61894329704844,8612800
2017-06-21,28.341672897338867,28.602868572201672,28.213084681899705,28.554646841742652,6520800
2017-06-22,28.44816017150879,28.572732210070658,28.26532289058558,28.307517288408214,7685600
2017-06-23,28.759586334228516,28.99868077392041,28.403958341334484,28.448160829300296,11007600
2017-06-26,28.978580474853516,29.107168662929315,28.755560000839402,28.809809052838574,7911200
2017-06-27,28.584787368774414,29.00269984703297,28.534557547817162,28.845983050909133,9662800
2017-06-28,28.33363151550293,28.777661310166764,28.279382463370307,28.715376837540237,8363600
2017-06-29,28.1226749420166,28.205052591612798,27.9197475507095,28.16687743371284,11584000
2017-06-30,28.154827117919922,28.45419496202511,28.142772448464104,28.174917211751044,8531600
2017-07-03,28.052343368530273,28.49034890688714,28.05234336853027,28.299476241630433,4121200
2017-07-05,27.891620635986328,28.086509550008298,27.77709515545014,28.04431821091581,7705600
2017-07-06,28.04230308532715,28.090521746477098,27.726858369976146,27.835353423348195,6964400
2017-07-07,28.22514533996582,28.361772072378333,28.004135926460034,28.04231108795449,5514000
2017-07-10,28.335647583007812,28.492364385933694,28.182950024352753,28.255281092302013,6750400
2017-07-11,28.279390335083008,28.4340990482667,28.03426855370083,28.4340990482667,7593600
2017-07-12,28.285417556762695,28.578761070724163,28.261308222881095,28.502410759052324,6771600
2017-07-13,28.24523162841797,28.395921082432714,28.166873234961695,28.37381983987916,5557200
2017-07-14,28.46222686767578,28.556659177614478,28.39391504603907,28.460215712707928,5052800
2017-07-17,28.32359504699707,28.476292617140825,28.279392554047632,28.412000032895946,11244400
2017-07-18,28.42806625366211,28.55464329851015,28.32760662701012,28.383863772672473,5471600
2017-07-19,28.490354537963867,28.54259244711945,28.39592223103211,28.518483114553014,3773600
2017-07-20,28.827896118164062,28.906254511150653,28.53053645577711,28.594832094014706,6280000
2017-07-21,29.006717681884766,29.01877234907734,28.64506540296696,28.76360705140747,5413600
2017-07-24,28.76158905029297,29.01474926421843,28.755561718131354,29.01474926421843,8410400
2017-07-25,28.753559112548828,28.821870933930242,28.554647915930595,28.805797023172556,5401200
2017-07-26,29.23174285888672,29.24982485564342,28.588798804660044,28.65510252521909,7041600
2017-07-27,29.06297492980957,29.203620889587963,28.924343190878123,29.12325133174529,5680000
2017-07-28,29.157400131225586,29.285988326619684,29.022784603686794,29.05292433019466,4625200
2017-07-31,29.352298736572266,29.511026694654756,29.185535355726728,29.199601177793447,6780400
2017-08-01,29.4487361907959,29.579332478076243,29.302062929702274,29.310101416608912,6042000
2017-08-02,29.48289680480957,29.531115470813162,29.209646456244325,29.36636325232594,6688000
2017-08-03,29.643632888793945,29.70390929340635,29.40253033612962,29.44472473909389,5674400
2017-08-04,29.48491096496582,29.601444541443943,29.35029538501323,29.525094216837612,5915600
2017-08-07,29.553207397460938,29.633576925103885,29.432657704672522,29.500969503831026,4819200
2017-08-08,29.60546112060547,29.651671702807818,29.474861731549684,29.535138136822713,4750800
2017-08-09,29.583362579345703,29.774235325342886,29.525094258132345,29.71195082498665,11042000
2017-08-10,29.67979621887207,29.796329768899305,29.498970093600274,29.509013604949338,5367600
2017-08-11,29.5712947845459,29.746096622933614,29.46480782355955,29.663718991745057,5086000
2017-08-14,29.748109817504883,29.810394307362152,29.611486170822502,29.657696749460943,3908000
2017-08-15,29.9470157623291,30.00528099770634,29.63358221305115,29.63358221305115,4777200
2017-08-16,30.133882522583008,30.174065778449698,29.892779921596944,29.93497433301781,5415200
2017-08-17,29.858613967895508,30.202187281549833,29.804364904521695,30.023366181325596,5450800
2017-08-18,30.12381362915039,30.25843218855861,29.746087624845938,29.836500650022614,5754800
2017-08-21,30.22830581665039,30.306664215173026,30.07359710877262,30.13789275155273,3898000
2017-08-22,30.306663513183594,30.37698648762233,30.141911297499433,30.252417514852482,5402400
2017-08-23,30.26276969909668,30.40635944618446,30.082778742994535,30.260748438338425,5781200
2017-08-24,30.1960391998291,30.33558337710701,30.12121241498534,30.33558337710701,5164400
2017-08-25,30.355806350708008,30.426587522427035,30.13334418611696,30.26682148487159,5036400
2017-08-28,30.51356315612793,30.517605680063287,30.343681488062813,30.396265158183784,3499600
2017-08-29,30.48119354248047,30.594445890069146,30.363895586507905,30.543886585903127,5597200
2017-08-30,30.460969924926758,30.50546236141948,30.369963790608075,30.420523096995698,4246000
2017-08-31,30.438720703125,30.54186365295097,30.3780520101625,30.537818044788516,6826000
2017-09-01,30.36794662475586,30.598496969540072,30.26682799834356,30.53782517651358,4287200
2017-09-05,30.388174057006836,30.42659963581548,30.194027986884183,30.371994703513923,4299200
2017-09-06,29.981674194335938,30.479179218356478,29.981674194335938,30.456932996024346,9138400
2017-09-07,30.23246192932129,30.51761424156811,30.02011209908872,30.02213336162345,7742400
2017-09-08,29.983684539794922,30.230414157325296,29.741000530096326,30.175812338121972,11796800
2017-09-11,30.618715286254883,30.659165200837126,29.93313120226085,29.983690509593433,9118000
2017-09-12,30.159643173217773,30.608610131363637,29.91695599570438,30.55400520783356,7717200
2017-09-13,29.967517852783203,30.171779474992068,29.94122910550865,30.143466379999225,5824800
2017-09-14,30.24457550048828,30.299180411469614,29.86032294832753,29.931107206484626,4588000
2017-09-15,30.353784561157227,30.4124350848979,30.17379355314805,30.35783016973473,9065600
2017-09-18,29.991777420043945,30.335580043356362,29.8057195660854,30.335580043356362,6562000
2017-09-19,29.914928436279297,30.11918691225983,29.87448161050726,30.0241382603483,7026800
2017-09-20,29.676298141479492,30.05448084928478,29.506416489222584,30.014034012422027,5489600
2017-09-21,29.684375762939453,29.89672543864342,29.621682725118088,29.676287632789336,5647600
2017-09-22,29.599437713623047,29.78144996540317,29.567079019917063,29.73695753303116,4904800
2017-09-25,29.692476272583008,29.791570555938062,29.492260272384975,29.569111419391522,6024800
2017-09-26,29.870445251464844,29.979655109350386,29.71067916013091,29.71067916013091,5562000
2017-09-27,29.577192306518555,29.809763866365675,29.467985569642117,29.6985358682879,6888800
2017-09-28,29.726852416992188,29.80572481556037,29.26372741866222,29.42349656313067,5395600
2017-09-29,29.63787269592285,29.777416906720664,29.59338024941063,29.718766370001884,5267200
2017-10-02,29.676298141479492,29.86639858332401,29.597425729533583,29.803705523302366,4581200
2017-10-03,29.70663070678711,29.722810057736005,29.44978852505382,29.60146646856711,4008400
2017-10-04,30.04638671875,30.054474850149752,29.647979129091045,29.728872786669466,4390400
2017-10-05,29.88258171081543,30.046396512535186,29.741016220961537,30.0403265546378,6817600
2017-10-06,29.823928833007812,29.864375667630583,29.581244739375503,29.769323909024447,5110800
2017-10-09,29.910888671875,30.009986037388725,29.868420576580263,29.923025499283384,4396400
2017-10-10,30.139406204223633,30.16165241710194,29.81784983380534,29.910877207009595,3512000
2017-10-11,30.309289932250977,30.487259666046622,30.05851776469706,30.05851776469706,5319600
2017-10-12,30.47713851928711,30.52567654721463,30.21422960166101,30.35781933892946,5221600
2017-10-13,30.44681739807129,30.794665701157697,30.424571178017082,30.616695940724068,4461200
2017-10-16,30.642986297607422,30.699612475771414,30.31535988292117,30.586360119443434,5396400
2017-10-17,30.87555694580078,30.913982512512245,30.543888018352867,30.638939761514326,5164400
2017-10-18,30.849262237548828,30.897800278213232,30.67331685471955,30.786569197041608,4298800
2017-10-19,31.118234634399414,31.13441397948905,30.78049890612647,30.875550629843982,5249600
2017-10-20,31.176895141601562,31.193074491878402,30.938253582387595,31.091955867069807,5750800
2017-10-23,31.22138023376465,31.286094533742496,31.00903055447536,31.14048350142383,4873200
2017-10-24,31.189023971557617,31.225425189526828,30.98071988412481,31.168799015422472,5718400
2017-10-25,31.1162052154541,31.182943839240917,30.61061238606345,31.13238455630185,7509200
2017-10-26,31.02117347717285,31.549012854129696,31.015106606187945,31.306328757046305,5894000
2017-10-27,31.516647338867188,31.710796426103407,31.01914551027228,31.021166771531753,5807200
2017-10-30,31.41957664489746,31.58743391860869,31.32452489850803,31.409464166067576,5413600
2017-10-31,31.360929489135742,31.46002375923835,31.207227215678138,31.364972011988087,5310800
2017-11-01,31.019149780273438,31.492384195318458,30.960499250829496,31.482271715838937,5747600
2017-11-02,30.307273864746094,31.29621387606943,30.005939256729416,31.041396056563066,15917200
2017-11-03,30.871517181396484,30.97263581361317,30.234471032789653,30.283009087176136,12337600
2017-11-06,30.711750030517578,30.96859221145229,30.669278848671816,30.92207542040797,5631600
2017-11-07,31.445858001708984,31.512596636689004,30.723869839020423,30.806787817561744,7872000
2017-11-08,31.330591201782227,31.496427211085223,31.126332711053266,31.34474928906697,7970800
2017-11-09,31.397329330444336,31.4701348552261,31.16475775494726,31.21329271420499,4779600
2017-11-10,31.37912940979004,31.431709978772275,31.114199131706652,31.26183144584945,5143200
2017-11-13,31.706756591796875,31.7512490347682,31.31441582335644,31.415534450855706,4000000
2017-11-14,32.03437042236328,32.06470785312048,31.599561687895715,31.652142247622283,6055200
2017-11-15,31.824050903320312,32.21234601787167,31.757312246552775,32.125385489471554,5320000
2017-11-16,31.80988883972168,31.8948311820048,31.619788457840283,31.83213505586347,5458800
2017-11-17,31.557098388671875,31.809894945215596,31.526764036244813,31.751247501891456,4312000
2017-11-20,31.532833099365234,31.68451104383839,31.409468247757907,31.591483632663103,5787600
2017-11-21,31.591482162475586,31.729002011168163,31.500472931310487,31.648108345572005,5325200
2017-11-22,31.581907272338867,31.73861693002634,31.455727163919683,31.59208378876163,7773600
2017-11-24,31.754898071289062,31.830198701456872,31.642962603852627,31.66738686384396,2544400
2017-11-27,31.95231819152832,32.06628774680645,31.730484371044994,31.799679728829936,6070800
2017-11-28,32.11308670043945,32.23723273834452,31.966556675711466,32.05406787835711,4949200
2017-11-29,32.1090202331543,32.21484730616479,31.850551628373008,32.01336657088335,8354400
2017-11-30,32.16397476196289,32.33493219642978,32.02761811103908,32.17415128033219,13614800
2017-12-01,32.0479736328125,32.398024774885215,31.836313213893458,32.23520978466387,5712400
2017-12-04,31.742694854736328,32.147696692489546,31.65111239848308,32.08460351953178,5603600
2017-12-05,31.67552375793457,31.917710539948082,31.433336975921062,31.83630152201604,6810000
2017-12-06,32.111061096191406,32.23113593837109,31.70605926790433,31.854629603588407,7935600
2017-12-07,32.192474365234375,32.192474365234375,31.95435868812504,32.100891890259724,5808400
2017-12-08,32.36543655395508,32.36543655395508,32.0316674751547,32.25350113917303,5248000
2017-12-11,32.41022872924805,32.430581763403545,32.04186179126749,32.35731518805558,6435600
2017-12-12,31.966562271118164,32.440756308044996,31.91568278938946,32.32678676584264,7953600
2017-12-13,31.844463348388672,32.16398501001579,31.708106654019044,32.08054498585178,14412000
2017-12-14,32.15176010131836,32.40819466775272,31.661284274719723,31.89736270156174,8908000
2017-12-15,32.243343353271484,32.36748941168557,31.999122464463948,32.2942228344996,13972000
2017-12-18,31.820024490356445,32.393943346011454,31.77117907703907,32.282007881390385,7763200
2017-12-19,31.362112045288086,31.950278697326272,31.349898361781488,31.850553800695867,6260000
2017-12-20,31.268491744995117,31.614471572864144,31.237965300497244,31.362111350516724,8838800
2017-12-21,31.4394588470459,31.600239801368893,31.073125836718088,31.307173393106645,7148800
2017-12-22,31.451663970947266,31.620584249319926,31.402821648339575,31.526967727363456,4315200
2017-12-26,31.341768264770508,31.616518774201758,31.339734202970686,31.484230226704618,2894000
2017-12-27,31.60430335998535,31.61651704643042,31.36618771402842,31.46998386346651,4305200
2017-12-28,31.820024490356445,31.834269128342765,31.57580052920623,31.585977045160266,3426800
2017-12-29,31.787464141845703,32.009297927388026,31.750829301740954,31.921786713168146,4746400
2018-01-02,31.563596725463867,31.885155444907337,31.427240077641688,31.83631002110823,4766400
2018-01-03,30.89401626586914,31.714193112615185,30.889945038554444,31.360070866713887,11008000
2018-01-04,30.73529052734375,31.14436060665928,30.65591862820974,30.83501236407411,13629200
2018-01-05,30.875715255737305,30.92252352334832,30.649810165352935,30.808553947197296,10318000
2018-01-08,31.13010597229004,31.187090747976722,30.835002470167186,30.87570854317542,7225200
2018-01-09,30.902156829833984,31.250173801162152,30.79429259252851,31.250173801162152,6527600
2018-01-10,30.647754669189453,30.855343761852456,30.560243477494335,30.708810650024006,7042800
2018-01-11,30.629451751708984,30.751563764987143,30.48088451638931,30.629451751708988,7550400
2018-01-12,30.592819213867188,30.82686361020836,30.37708758197184,30.554150307155407,6386400
2018-01-16,30.637592315673828,30.747493753060308,30.338423771635934,30.61724238294725,7471600
2018-01-17,30.910295486450195,31.087355041885314,30.645721630963912,30.721022250091714,9304400
2018-01-18,30.686447143554688,30.94694996357528,30.5724775479755,30.94694996357528,7951200
2018-01-19,30.560253143310547,30.786158170043922,30.515478950232783,30.74748926643702,8988000
2018-01-22,30.531766891479492,30.792269646031436,30.446289716276926,30.621315295626307,7438800
2018-01-23,31.081262588500977,31.15860040576919,30.52769349796946,30.52769349796946,10592400
2018-01-24,30.700687408447266,30.981540098933547,30.543977700024914,30.920484086066857,7874400
2018-01-25,31.156558990478516,31.20947563947311,30.527689335472694,30.696609589114768,9845200
2018-01-26,32.092750549316406,32.40616687003621,31.484230675211798,31.51679429710001,14587200
2018-01-29,31.683677673339844,32.01337891302838,31.645011865661875,31.993025872829087,10057200
2018-01-30,31.565631866455078,31.846484495322024,31.40077973625238,31.647037795458253,7823200
2018-01-31,32.241310119628906,32.31457669869566,31.467941364021407,31.592087425622378,12930800
2018-02-01,31.818004608154297,32.489614655277634,31.68164791552087,32.27999135558642,8848000
2018-02-02,31.732524871826172,32.03780185917044,31.56157050421853,31.642976458668425,9291200
2018-02-05,31.400785446166992,32.212823244286035,31.311240150155452,31.756941884834305,14612400
2018-02-06,30.438146591186523,31.211515485439453,29.947667546321316,30.90013324494209,16941200
2018-02-07,30.138965606689453,30.66607623184628,30.098262647046177,30.44831368976453,11514800
2018-02-08,29.569124221801758,30.346564350631315,29.56505609835453,30.055532041391697,9683600
2018-02-09,30.14101219177246,30.35470357303387,29.530458290025045,29.70955198950663,9090800
2018-02-12,30.527685165405273,30.76172950949869,29.888639080160257,30.165423549877403,8123200
2018-02-13,30.745458602905273,30.89809706741988,30.171536485720353,30.482918704895145,6312400
2018-02-14,30.543975830078125,30.839076251189873,30.281435922455767,30.54397583007812,6436800
2018-02-15,31.429275512695312,31.431312679674306,30.495128867951923,30.57450074419605,8742000
2018-02-16,31.758968353271484,31.862761362474906,31.25627890074495,31.478112662508916,6546800
2018-02-20,31.30309295654297,31.77118482620235,31.18708934889815,31.663320569531624,7792000
2018-02-21,30.88588523864746,31.58395347315848,30.853324724392547,31.303097687825673,8582000
2018-02-22,30.997819900512695,31.23797270744131,30.796339108179172,31.038522871306707,5802400
2018-02-23,31.801713943481445,31.881085820249233,31.01206640435094,31.03241633621288,7286800
2018-02-26,31.69921875,32.04152798408005,31.59263455250553,31.92264272288625,7758800
2018-02-27,31.09044647216797,31.86729947510042,31.09044647216797,31.71356901637098,8176400
2018-02-28,31.186786651611328,31.465551361322404,31.106846932602863,31.223683590659917,10905200
2018-03-01,31.408151626586914,31.64387350172823,31.151934236859628,31.29951570355484,12315600
2018-03-02,31.33027458190918,31.684878697087438,31.0207618655907,31.402013599433403,8696800
2018-03-05,31.775068283081055,31.818111068786592,31.170395648054374,31.299527132825812,6870800
2018-03-06,31.4143123626709,31.889853517433508,31.330275404373847,31.68487952886097,10504800
2018-03-07,31.371259689331055,31.5024428755665,31.16833437864412,31.307718273324586,8304000
2018-03-08,31.629531860351562,31.705371226124427,31.348718530734637,31.477853128805826,6678800
2018-03-09,31.73202896118164,31.748427258836895,31.41841894670667,31.637742659233275,6500800
2018-03-12,31.64592742919922,31.7689130479828,31.471698323864853,31.709468852097526,8162400
2018-03-13,31.703330993652344,32.05588655487938,31.572147747218235,31.816067329100868,6522400
2018-03-14,32.38793182373047,32.47607224618915,31.98413290311195,31.996433967003576,12254000
2018-03-15,32.414581298828125,32.60725731802415,32.160412467259306,32.385885070074735,9372800
2018-03-16,33.00900650024414,33.14018971493493,32.439179118213424,32.47197570379976,31720000
2018-03-19,32.781497955322266,33.142254281061284,32.54987940817111,33.009019273430575,9596000
2018-03-20,32.881919860839844,32.94546128332509,32.69539282037049,32.81632982486139,6401600
2018-03-21,32.8122444152832,33.19759660800665,32.728204308971286,32.88193483764428,6814800
2018-03-22,33.18323516845703,33.66697385241681,32.75484033095681,32.859375927465315,14222400
2018-03-23,32.691307067871094,33.5296500460095,32.62981423729536,33.20169036804248,12314400
2018-03-26,33.08894729614258,33.22013364274324,32.77328875068502,32.80198498209025,6942000
2018-03-27,33.326725006103516,33.699779222042366,33.000817066457145,33.154547580741884,9727600
2018-03-28,33.261131286621094,33.50299910120815,32.80403702253069,33.44150627672933,13328400
2018-03-29,33.478397369384766,33.640325422135646,33.35336312827798,33.51939153598523,7818800
2018-04-02,33.2816162109375,33.7612575870035,33.00695189374299,33.6034267842229,8113200
2018-04-03,33.205787658691406,33.451755830632194,32.945469805623695,33.28162703706227,9571200
2018-04-04,33.27342224121094,33.34926160314342,32.888070207848294,33.144287649678915,6724400
2018-04-05,33.61573791503906,33.7038752387857,32.94957237708859,33.261133750581195,6187200
2018-04-06,33.35951232910156,33.64852636627647,33.252924993074856,33.52144038297963,5771200
2018-04-09,33.23242950439453,33.49684453956052,33.07459867770002,33.26727470266264,7316000
2018-04-10,33.1647834777832,33.35745947809115,32.986454026618375,32.986454026618375,7605200
2018-04-11,33.00900650024414,33.15249078027071,32.847078441350256,33.062301733735566,5022400
2018-04-12,32.60520935058594,33.15043770770556,32.51911753496526,33.00695656109513,6236400
2018-04-13,32.84092330932617,32.97825546708475,32.693341829538504,32.72818702231421,5483200
2018-04-16,33.230369567871094,33.3390054908726,32.943407342518746,33.002848400751134,6602800
2018-04-17,33.455848693847656,33.53578841001717,33.03155111195648,33.254975096641694,5316400
2018-04-18,33.3820686340332,33.8514577582053,33.367718951525546,33.601389206501466,4332800
2018-04-19,33.31647491455078,33.43536021818624,33.013114249072004,33.345171151452085,6535600
2018-04-20,32.957767486572266,33.49685009765264,32.8245356400487,33.353368925783805,6915200
2018-04-23,33.0274543762207,33.09919338389161,32.85732561822014,33.035651958254334,6576000
2018-04-24,33.24062728881836,33.58498517391331,32.71589444263032,33.205782090338396,11652000
2018-04-25,32.86348342895508,33.36362051424159,32.775342978193024,33.11560058574436,7904400
2018-04-26,33.45381546020508,33.591147695855724,32.91678133229523,32.96802484385095,7402400
2018-04-27,33.6075325012207,33.69977015945581,33.27137532549078,33.351315046315136,5682000
2018-04-30,33.597286224365234,33.8104577900108,33.5747389611826,33.67517421091499,9057600
2018-05-01,33.455848693847656,33.564484638189455,33.36361104098349,33.552186701494804,5028400
2018-05-02,33.50299835205078,33.64853126247457,33.38001583349812,33.50505009366901,10694000
2018-05-03,33.423057556152344,33.636232252437516,33.107398994830405,33.37591441525757,10460400
2018-05-04,33.6341667175293,33.847341326391664,33.4250955900899,33.45174007045756,6462400
2018-05-07,33.482513427734375,33.68543574225686,33.38822398544231,33.67313779927439,7877200
2018-05-08,32.77739334106445,33.33287113382163,32.70155083367958,33.33082251976178,8817600
2018-05-09,32.44532775878906,32.85527569150695,32.35719045452888,32.824530847614916,8864800
2018-05-10,32.84297561645508,32.851176326062244,32.48837155347581,32.74254038117464,7849600
2018-05-11,32.94751739501953,33.06845128789834,32.78558620560487,32.945465653599975,4292800
2018-05-14,32.83683395385742,33.02746139895732,32.66670515968182,33.01106310374889,4741600
2018-05-15,32.560115814208984,32.777387718171646,32.29364903235393,32.64210414970846,6076400
2018-05-16,32.215755462646484,32.592906781372925,32.11121987372411,32.51091845213823,6155200
2018-05-17,32.06203079223633,32.34899625171235,31.982091062110797,32.29160065769327,5956400
2018-05-18,32.06818771362305,32.25471483938747,31.816070521887173,32.07228807013865,6256800
2018-05-21,32.84092330932617,32.906513340535156,32.18090700462411,32.19115632665319,8385200
2018-05-22,32.67899703979492,33.0684494415587,32.62570493599026,32.931117263264255,6550000
2018-05-23,32.853233337402344,32.97826760581055,32.67080659769087,32.81223916185074,9017200
2018-05-24,33.041805267333984,33.14019190293418,32.791736759123495,32.8224847330112,6408800
2018-05-25,33.291866302490234,33.40870294725852,33.017201978947526,33.043849591470966,6498000
2018-05-29,33.56039810180664,33.7161803711599,33.134051730804195,33.134051730804195,7674000
2018-05-30,33.87604904174805,33.958037379034984,33.421006576199986,33.48454800674555,8811600
2018-05-31,33.98674011230469,34.15276856005132,33.66493254284686,33.77561713212622,10660000
2018-06-01,33.427162170410156,33.958044109552695,33.209890218647125,33.958044109552695,7797200
2018-06-04,33.26205062866211,33.65829730625686,33.16298974653559,33.53859729702168,7173600
2018-06-05,32.876121520996094,33.313643277187964,32.80388772958473,33.30745216924853,8493200
2018-06-06,32.22190856933594,33.01853050525199,32.149674762165716,32.880257149290834,10116800
2018-06-07,32.27351379394531,32.53561257045841,32.083645699120076,32.23430132289952,7104400
2018-06-08,32.36018371582031,32.475755294416025,32.23635522498814,32.33335347468583,7227600
2018-06-11,32.07124328613281,32.436534404981906,32.00107529580362,32.40557886486271,6426000
2018-06-12,32.48606872558594,32.51496161477881,32.04441847701558,32.07124556399478,7450800
2018-06-13,32.43033981323242,32.75022733948479,32.34366116112133,32.531466481906115,6272000
2018-06-14,32.77705764770508,32.847225630661406,32.24253456813304,32.43446834397027,8846000
2018-06-15,32.9256591796875,32.94836096455907,32.37050307526337,32.72753737452592,16682000
2018-06-18,33.10520935058594,33.17950581152943,32.84517016273913,32.94216840755672,6415600
2018-06-19,33.639739990234375,33.660379127165065,33.15268596011769,33.15268596011769,9922400
2018-06-20,33.57781982421875,33.749114553534525,33.46637669202359,33.749114553534525,5251600
2018-06-21,33.71608352661133,33.96374045881725,33.536535084941875,33.56749062692326,7038000
2018-06-22,33.90801239013672,33.93483947291278,33.594315964413404,33.771801727101675,8840800
2018-06-25,34.3414192199707,34.434292167222,33.92866176228312,34.04010803934889,7033200
2018-06-26,34.41776657104492,34.737654091900595,34.326959465863894,34.326959465863894,7905200
2018-06-27,34.68812942504883,34.80576363686154,34.45698630774048,34.53540806591936,8846000
2018-06-28,34.4260368347168,34.98738725486478,34.374442150137675,34.71703161152454,7838400
2018-06-29,34.471439361572266,34.710839446526116,34.232039276618416,34.39095178203824,6784400
2018-07-02,34.88006591796875,34.9234068342517,34.46730848288632,34.597328082645866,6444400
2018-07-03,34.78718948364258,34.92959127541427,34.59319302233556,34.875933952769465,5366400
2018-07-05,34.7830696105957,34.83879274918764,34.55398909537274,34.814028309408776,9321200
2018-07-06,35.14836120605469,35.21852921887968,34.797517992840206,34.85117532927882,6277600
2018-07-09,34.1185302734375,35.16486870863493,33.99676443971408,35.11121137703917,9356000
2018-07-10,34.5560417175293,34.73146168086911,33.744971984149686,33.91214133616286,7404400
2018-07-11,34.75623321533203,34.93784430692131,34.54778873934795,34.6097029713144,5583200
2018-07-12,34.772743225097656,34.90895075392422,34.54366277554528,34.772743225097656,7370000
2018-07-13,34.98531723022461,35.00595321025476,34.65098160321093,34.80989407997902,6308800
2018-07-16,34.9811897277832,35.09469864285341,34.82021459335239,34.985318183537316,5545600
2018-07-17,35.12771987915039,35.228843426637106,35.00801985537368,35.02040207350765,5195200
2018-07-18,34.964691162109375,35.15043394629844,34.88007510983736,35.102964561410154,4843600
2018-07-19,35.13597106933594,35.39394442520478,35.02246216293589,35.0823137449872,6447200
2018-07-20,35.07817459106445,35.131831899048265,34.743842231534806,35.063726575979665,4944800
2018-07-23,34.8429069519043,35.19994112538109,34.731460720311084,35.160728679046,6605600
2018-07-24,35.12771987915039,35.17931455410126,34.30426773326243,34.63447491258362,9324000
2018-07-25,34.62003707885742,34.99977324245048,34.364126282128204,34.88213898647533,10608800
2018-07-26,34.70463562011719,34.962608940647755,34.54159471805237,34.75210182935006,7826800
2018-07-27,34.46110534667969,34.77067331495515,34.30425870975854,34.64271956244285,6894800
2018-07-30,34.30633544921875,34.502394613146954,34.207274540439464,34.40746216071791,6059200
2018-07-31,34.576690673828125,34.61590313596877,34.24648659876537,34.47762976621825,6672400
2018-08-01,34.65098190307617,34.72734416220656,34.14535472617185,34.479690356078834,8429600
2018-08-02,34.97087097167969,35.00595497367837,34.428097118301146,34.77894028737707,7048800
2018-08-03,35.32171630859375,35.48269145662698,34.84704777669999,34.94198022344301,5184000
2018-08-06,35.292823791503906,35.51158788005039,35.20201979989272,35.22059312892073,3531200
2018-08-07,35.21440124511719,35.2866319061125,34.99151185441278,35.2866319061125,4073600
2018-08-08,35.10088348388672,35.278369260550846,34.9172065992415,35.1050119389036,3776000
2018-08-09,35.25981521606445,35.294899230170074,34.99977594232011,35.11947601055175,3419600
2018-08-10,35.27631378173828,35.71590147156666,35.2494866889991,35.38776005618829,4484000
2018-08-13,35.3526725769043,35.57762460817676,35.290758335970736,35.32171388189296,6452000
2018-08-14,35.4847412109375,35.608566496221584,35.350593215519865,35.38568035289265,4366800
2018-08-15,35.656044006347656,35.89337821926701,35.501260002507564,35.559045778680776,6485600
2018-08-16,36.072940826416016,36.12866397143278,35.46825259210578,35.61478289223436,6614400
2018-08-17,36.15135192871094,36.250412810436856,35.8768679145368,36.12865014861868,5126000
2018-08-20,35.9718132019043,36.24216883384707,35.88513451335628,36.14723323262428,4678800
2018-08-21,35.62715148925781,36.01101594874208,35.53015326058086,36.01101594874208,4931600
2018-08-22,35.437286376953125,35.740660155216695,35.31552055609387,35.68906548252531,5132800
2018-08-23,35.42078399658203,35.71177562538141,35.37538042205652,35.50127157886095,4972400
2018-08-24,35.6415901184082,35.67048300173681,35.30725773287884,35.53014703959445,5074800
2018-08-27,35.38569641113281,35.86862185597979,35.208210587502386,35.76749515038117,5547600
2018-08-28,35.199951171875,35.3877565478775,35.02659381668305,35.352672546166445,6960800
2018-08-29,35.42430114746094,35.49285263005154,35.293429847086365,35.31628034128323,5860000
2018-08-30,35.48662185668945,35.62995649027795,35.372369382835025,35.38898821264273,6477200
2018-08-31,35.33496856689453,35.68810987538689,35.1895546430594,35.505305973228474,7193600
2018-09-04,35.3204345703125,35.470000859725936,35.15009712219678,35.36405939210704,6797200
2018-09-05,35.65072250366211,35.70057898588788,35.24149299166261,35.31419996536054,7756400
2018-09-06,36.107730865478516,36.31338211065185,35.767049672025514,35.81690615222483,8914800
2018-09-07,35.75044250488281,36.04126411748256,35.62372669445338,35.785756331432935,7582000
2018-09-10,35.735897064208984,35.935319847160464,35.65695841704021,35.88753952402273,6013200
2018-09-11,35.76081085205078,36.01216619772878,35.750426860923014,35.754579189487536,8125200
2018-09-12,35.83353042602539,35.945703561378956,35.67150080289382,35.779521608220726,7226000
2018-09-13,36.26975631713867,36.288451306432044,35.71096061478074,35.89168518405013,8164800
2018-09-14,36.07242202758789,36.221988332260864,35.73174392688119,36.17213501051508,6674800
2018-09-17,36.11603927612305,36.15758475876691,35.81690672953979,35.89168986618561,6198800
2018-09-18,36.028785705566406,36.1928914390435,35.89999378385739,36.1118766544658,4172400
2018-09-19,35.14179229736328,36.05372968819135,34.84265966597874,36.005952528092386,9291600
2018-09-20,35.16255569458008,35.21656450356072,34.57052228159891,35.039992245031726,8137200
2018-09-21,35.472084045410156,35.60087920161278,34.886285270695936,35.237350570338535,16923200
2018-09-24,35.06700134277344,35.42222205599286,34.99014203669632,35.41806655655921,8995600
2018-09-25,34.65987014770508,35.14180374548758,34.51030378328866,35.14180374548758,7246400
2018-09-26,34.16130065917969,34.76372137371974,34.12391066813123,34.76372137371974,8836800
2018-09-27,34.39812088012695,34.60169921889798,34.11976254309533,34.204932878516765,9672400
2018-09-28,34.815650939941406,34.82188260456306,34.49989953033504,34.49989953033504,9424800
2018-10-01,34.688934326171875,34.77825696345702,34.54767586873353,34.77202529898212,5196000
2018-10-02,35.17709732055664,35.26434378791787,34.79902929532464,34.823955951794346,5572400
2018-10-03,34.94859313964844,35.54270271196644,34.59544862576298,35.1002355721404,9156000
2018-10-04,35.15839767456055,35.168784836620475,34.52274266098168,34.934048286876795,9448000
2018-10-05,35.806522369384766,35.88961651089425,35.18748607129672,35.18748607129672,8373200
2018-10-08,36.003875732421875,36.238609198167474,35.72966976854746,35.85015391906337,6803600
2018-10-09,36.089046478271484,36.24276830693518,35.854312989154835,36.06411981351673,5881200
2018-10-10,35.88546371459961,36.48996056453291,35.85014989044195,36.08903882962748,7882800
2018-10-11,35.12517166137695,36.15551698658486,35.07531833851904,36.03710900536155,8446000
2018-10-12,35.18125915527344,35.27473730358553,34.87381871448693,35.15217699424928,6944400
2018-10-15,35.239410400390625,35.43467762468481,34.99636603708296,35.162551111145035,6965200
2018-10-16,35.58217239379883,35.80029015354006,35.243573677730105,35.39729229014942,4700400
2018-10-17,35.48454284667969,35.6465724621672,35.22280026034029,35.55309115577889,3537600
2018-10-18,35.640342712402344,35.74836034871875,35.42222493530743,35.555172400534815,4088400
2018-10-19,36.0329475402832,36.24690978255489,35.58424873000359,35.65280020127273,7297200
2018-10-22,35.86676025390625,36.074490819718676,35.71096232954692,36.0599481586477,5971600
2018-10-23,35.445072174072266,36.236525227948356,35.08985146460327,35.08985146460327,8898800
2018-10-24,36.47750473022461,36.733012551465876,35.46377810716643,35.59257010052543,8558800
2018-10-25,35.97894287109375,36.39855961242635,35.70266076519818,36.32170029707745,8854400
2018-10-26,35.291351318359375,36.313385484524154,35.046230733135424,36.16589853435514,8519600
2018-10-29,35.891700744628906,35.931170074504365,35.33082863464871,35.37029796452417,6566800
2018-10-30,36.05164337158203,36.25729462046384,35.58840505826772,36.086957190382776,7572800
2018-10-31,35.83353042602539,36.15343417254432,35.5281661740349,35.89585024331852,9051600
2018-11-01,35.411827087402344,36.04540589840419,35.17501438735602,36.04540589840419,9389200
2018-11-02,34.929901123046875,35.6839642585524,34.63907953427434,35.53855346416613,11806400
2018-11-05,35.461692810058594,35.642417421262344,34.934055300759454,34.93821080036111,8274000
2018-11-06,35.617488861083984,35.64449168275912,35.2103355042355,35.43052942560279,5963600
2018-11-07,36.0495719909668,36.118123478958054,35.669427728942885,35.845996861904126,6530000
2018-11-08,36.13682174682617,36.149285077456604,35.65696132952951,36.04957209297743,6676400
2018-11-09,36.676918029785156,36.77662784059751,36.066189495338726,36.21160346618234,8160400
2018-11-12,37.07783126831055,37.38942712909165,36.479566201301395,36.600050314502795,8538800
2018-11-13,37.113155364990234,37.281416669261816,36.8306415795102,37.19209084951053,7297600
2018-11-14,36.73092269897461,37.027975907087594,36.386089175236805,36.909567954952756,12378000
2018-11-15,37.22117233276367,37.223251667659135,36.28223217818681,36.616678615419254,10935600
2018-11-16,37.4725227355957,37.51614755618799,37.04252204267055,37.42889791500342,7948000
2018-11-19,37.80906677246094,37.82153327808212,37.22118846123713,37.4247668467001,7018400
2018-11-20,37.1359977722168,38.149720877184535,37.09029678968807,37.93575862703513,9752800
2018-11-21,36.59797668457031,37.07991321249402,36.53981236840262,37.07991321249402,5978800
2018-11-23,36.83687210083008,36.93450574812891,36.41517918578098,36.59797998031936,4360800
2018-11-26,36.774539947509766,36.969807176626944,36.496181764167574,36.85555473728001,7455200
2018-11-27,36.976043701171875,37.015513019018876,36.60212801856491,36.886721072122036,9084800
2018-11-28,36.98643493652344,37.23155552950467,36.81194198866722,37.09237640421096,7868400
2018-11-29,37.02406311035156,37.10767853841074,36.553737092426964,37.01570316234687,6867200
2018-11-30,37.98353958129883,38.05042874994043,37.044976513396904,37.141130291369805,15807200
2018-12-03,38.146575927734375,38.14866511729216,37.51111144590461,37.71178527953569,9724800
2018-12-04,38.079681396484375,38.497748935368236,37.96053380649561,38.14866292315247,10024800
2018-12-06,38.1821174621582,38.25736976323841,37.35016058088182,38.131948198237104,11354400
2018-12-07,38.22392272949219,38.50402727015921,37.80167353904009,38.0399719555125,10121600
2018-12-10,38.17165756225586,38.332614461174934,37.55918694641178,38.16120523564512,10441600
2018-12-11,38.24900817871094,38.42877739472958,37.870657468039894,38.11104827912693,12055200
2018-12-12,37.8999137878418,38.4015967689223,37.88110151332189,38.248999814432395,11912400
2018-12-13,38.0859489440918,38.29498269591404,37.906179789940595,37.906179789940595,12916400
2018-12-14,37.885276794433594,38.13820583771959,37.60516915423671,38.00651674833337,9227600
2018-12-17,36.71678161621094,38.11939966185439,36.55373552548786,38.11939966185439,13147600
2018-12-18,36.78995132446289,37.17039439757752,36.66871132939129,36.842209778048776,11764000
2018-12-19,36.48057556152344,37.03660298281898,36.2966248175627,36.894461545832804,13437600
2018-12-20,36.56209182739258,36.90490702964384,36.035325915288844,36.476387229429335,13112400
2018-12-21,36.39487838745117,37.325078244943874,36.21301998542534,36.45549679159213,24148400
2018-12-24,35.1343994140625,36.66034670196256,34.891919454862524,36.46594362083763,6630000
2018-12-26,35.606815338134766,35.61308609672205,34.444587965788095,35.132310927150286,8393600
2018-12-27,35.98725128173828,35.98725128173828,35.10721778797106,35.648614436715235,9961600
2018-12-28,36.10430908203125,36.44921348917062,35.87437068420377,36.07922605303256,6924000
2018-12-31,36.334251403808594,36.37814670929681,35.8033038422493,36.16493137097603,6417600
2019-01-02,35.50019454956055,36.22554176203198,35.32878538022668,36.095938695832814,10549600
2019-01-03,35.41240310668945,35.778212114995185,35.257717006349374,35.51691996620538,9260800
2019-01-04,36.064598083496094,36.07713960005544,35.25563836939444,35.35806288103069,10848800
2019-01-07,36.0123405456543,36.15030361048872,35.64026066020568,35.88064823925758,9478000
2019-01-08,36.275726318359375,36.327984771341086,35.86393264329811,35.98516944736517,10599600
2019-01-09,36.11893844604492,36.371870674273545,35.964255520154616,36.27989531855405,7047600
2019-01-10,36.66242980957031,36.71050667966978,36.06877471657932,36.22555003132284,11384800
2019-01-11,36.72932052612305,36.819203504947204,36.29870833463422,36.61016976114948,8860000
2019-01-14,35.79285430908203,36.50147871654062,35.399872960052924,36.50147871654062,15355600
2019-01-15,36.52239227294922,36.750238389881375,35.69252768450148,35.82630921266014,9261200
2019-01-16,36.5140266418457,36.56210671761197,36.12731598336236,36.376066742872744,7059200
2019-01-17,36.68333435058594,36.773217333093456,36.46384827268352,36.60808207215088,8200800
2019-01-18,36.808746337890625,36.917444763455386,36.6038941890043,36.87354627960762,7414400
2019-01-22,37.07841110229492,37.197558692470096,36.63107896257339,36.67079269956365,8654400
2019-01-23,37.49647521972656,37.51319830253412,36.82965704468415,37.1954661083944,9089200
2019-01-24,37.68460464477539,37.810026172113645,37.19964799757813,37.47138932414113,9812800
2019-01-25,36.41368865966797,37.5194792884646,36.35515944868622,37.31253467060592,15254400
2019-01-28,36.05205535888672,36.81293817081405,35.90573235459344,36.81293817081405,11976800
2019-01-29,36.133575439453125,36.25272302260348,35.899458651787846,36.17956312125909,7924400
2019-01-30,36.286163330078125,36.50356018889397,35.97470512312296,36.00396971685569,8345600
2019-01-31,37.412864685058594,37.47766464588786,36.236006684109036,36.254818958620305,12519600
2019-02-01,37.170387268066406,37.442128622909024,36.8944611550479,37.285353292221856,8934000
2019-02-04,37.22891616821289,37.24772844223847,36.81711938110775,37.02197158512482,11302000
2019-02-05,37.24354553222656,37.354333172523056,36.95089953702868,37.11812718697124,7956800
2019-02-06,37.22891616821289,37.46721454134359,37.12439928193447,37.36060527599417,6647200
2019-02-07,37.90827560424805,37.929177067563316,37.18292816452198,37.20801119634119,8516800
2019-02-08,38.25526428222656,38.33051655753466,37.839289173652794,37.87900609528788,7322400
2019-02-11,38.25526428222656,38.44757494365797,38.11103367835436,38.13193513896106,7404400
2019-02-12,38.30961990356445,38.54791827367198,37.97725378531794,38.2531798926015,7004800
2019-02-13,38.221832275390625,38.432955268832,38.134035271002304,38.26572758798207,5726400
2019-02-14,38.17165756225586,38.55418975107269,38.15702366708037,38.32843289261019,6408000
2019-02-15,38.470577239990234,38.694244925903014,38.315894277009996,38.589728031088256,8813200
2019-02-19,38.74858856201172,38.8405639302883,38.336791783792954,38.48938873098009,9774000
2019-02-20,38.80502700805664,38.90118394090621,38.47057171682569,38.68796861300642,10203200
2019-02-21,38.99734115600586,39.06214111692038,38.57927359954851,38.64825512911625,8274800
2019-02-22,39.32553482055664,39.32762401056562,38.83012248256407,39.053790208044795,6735200
2019-02-25,39.27326583862305,39.58890568395314,38.94508128779185,39.392413429264685,7555600
2019-02-26,39.34642028808594,39.51155873012612,39.12066346440684,39.335967963085636,7644400
2019-02-27,39.31064987182617,39.45374474991252,39.157036003038364,39.26225159745401,7288000
2019-02-28,39.50214767456055,39.716788411495465,39.15283108935629,39.3527401000947,12454000
2019-03-01,39.46848678588867,39.683127571094474,39.264368205914515,39.460070948259094,6865600
2019-03-04,39.611576080322266,39.676809248185705,39.260156309854935,39.60946971301973,8609200
2019-03-05,39.62840270996094,39.81568633810931,39.56527271162354,39.63892170057959,7666800
2019-03-06,39.4705810546875,39.76518344531245,39.34642420849355,39.57369028594361,7155600
2019-03-07,39.54634094238281,39.79886099625283,39.43060633043923,39.61578363610448,9411200
2019-03-08,39.70838165283203,39.86199558724035,39.33381423357933,39.689443608369324,6972800
2019-03-11,39.876712799072266,39.9356332787879,39.65786576168925,39.68942915763501,7135600
2019-03-12,40.169212341308594,40.268115263910424,39.86198137113422,39.98192869847381,7140400
2019-03-13,40.18604278564453,40.301780577071945,39.868292859111996,39.95456720278971,4916000
2019-03-14,40.18815994262695,40.43857364834082,40.026130189104194,40.22603923798402,5816800
2019-03-15,40.242862701416016,40.39016389504899,39.98403002089821,40.14185341641752,14402000
2019-03-18,40.16499710083008,40.39857583209854,40.0092800872677,40.29125708943326,7469200
2019-03-19,39.66627502441406,40.1102849157238,39.51686748286798,40.09345003703377,8080800
2019-03-20,39.954566955566406,40.22812813063169,39.527391918788865,39.7799086915703,8669200
2019-03-21,40.383846282958984,40.46170478774153,39.95035858996726,40.042945606851326,7499200
2019-03-22,40.80892562866211,41.149826394132745,40.4554027144563,40.4554027144563,9486000
2019-03-25,40.74158477783203,41.055128421899006,40.728959419574686,40.91834621528543,7038400
2019-03-26,41.03408432006836,41.10352700192105,40.61743143987753,40.78577704337569,6093200
2019-03-27,40.806819915771484,41.09721601347954,40.58586650277298,41.08669381077953,6116800
2019-03-28,40.38595199584961,40.90571727138486,40.25969521341808,40.804711203254634,9324000
2019-03-29,40.68056869506836,40.712132096571544,40.25549669291205,40.38806619015133,12039200
2019-04-01,40.08504104614258,40.77104561251552,40.02612056613142,40.70160293016123,9640400
2019-04-02,39.87250518798828,40.19236152958653,39.710475466463095,40.13133789085667,9960400
2019-04-03,39.83673095703125,40.040849483022896,39.53791903085053,39.79464535816115,8202800
2019-04-04,39.64523696899414,39.990344010066245,39.44111844722753,39.97771865175908,7106800
2019-04-05,39.9987678527832,40.05347881565016,39.56107051707049,39.8514666366601,6452800
2019-04-08,39.69574737548828,39.944057898300684,39.525298591748175,39.86409300284699,5772800
2019-04-09,39.9209098815918,39.96930816522101,39.6725993615959,39.695746925231745,6617200
2019-04-10,39.6915397644043,40.28074788308891,39.645244634376695,39.92932809491643,5291600
2019-04-11,39.9903450012207,40.019805241642686,39.64523795159518,39.69153307381906,5738400
2019-04-12,40.16080093383789,40.20288653702814,39.65576406277777,39.84936040619348,4768400
2019-04-15,40.22602844238281,40.417521602528325,40.12501915582295,40.21550624033384,5872800
2019-04-16,39.880924224853516,40.468025893931944,39.859879819268784,40.204986878750205,6523200
2019-04-17,39.908267974853516,40.09765794429416,39.77990483957168,39.929312375099585,8045600
2019-04-18,39.847251892089844,40.125019404538094,39.822001175755986,39.85987725025677,6670800
2019-04-22,40.061885833740234,40.15657921489183,39.78201200167906,39.807262713739554,7303600
2019-04-23,39.937740325927734,40.291266449590175,39.57790473338675,40.16290327536239,8818000
2019-04-24,39.99455261230469,40.21340285434103,39.8030594532542,39.93142261129708,6187200
2019-04-25,40.08293151855469,40.343867345832955,39.82620521406682,39.86197813047249,5898400
2019-04-26,40.341758728027344,40.69528153235532,40.253374816020695,40.27652237184631,5653600
2019-04-29,40.354393005371094,40.59217808314085,40.11029203741198,40.40910396263419,7094400
2019-04-30,40.91624069213867,40.96042944348297,40.247067844884675,40.35228343884268,10643600
2019-05-01,40.6700439453125,41.042504903440665,40.598494888173846,40.72054538455662,8541200
2019-05-02,40.34386444091797,40.79629017509431,40.09976351145242,40.57954632540892,10035600
2019-05-03,40.48905944824219,40.535354559380885,40.15236831467431,40.31229804803513,6694800
2019-05-06,40.17130661010742,40.68265599159326,40.158681254428075,40.44486775655018,6730000
2019-05-07,39.92931365966797,40.14184798092222,39.742030050781615,39.94193901585192,7748400
2019-05-08,39.53580856323242,39.9840247641506,39.413758101432585,39.897750426245786,7887200
2019-05-09,39.68943405151367,39.81569407271576,39.45164573631755,39.65576428440302,6872400
2019-05-10,40.35227966308594,40.44486989085335,39.57789450525814,39.67890056694768,6420000
2019-05-13,41.019351959228516,41.12036124631774,40.20919377201555,40.28073960884314,10632800
2019-05-14,41.013038635253906,41.393921795512256,40.72053940254018,41.01724815821442,8954400
2019-05-15,41.0046272277832,41.27187577344079,40.922559181280555,41.078279438381344,7071600
2019-05-16,41.47808837890625,41.64853711422164,40.78577123687556,40.9267597365923,8465600
2019-05-17,41.871604919433594,41.97261422091152,41.16455586371676,41.20874783447906,6821600
2019-05-20,41.94945526123047,42.214597380997766,41.863177710420324,41.93472353800319,5464000
2019-05-21,41.85476303100586,42.294566664969814,41.831615471323545,41.98102303125942,6069200
2019-05-22,42.492366790771484,42.58075071230707,41.79584009618506,41.97891740688021,6706800
2019-05-23,42.82905960083008,42.88377055398662,42.56181109198731,42.56181109198731,8216000
2019-05-24,42.79539489746094,43.0815814764951,42.74068393783878,42.86904710661717,5559200
2019-05-28,42.33243179321289,42.94689033299661,42.28192716398467,42.879554038283345,7048400
2019-05-29,41.81689453125,42.566029200758614,41.76428672343703,42.44608506862644,7214400
2019-05-30,41.86318588256836,42.09676465662411,41.76217979973831,41.89895880334305,6462800
2019-05-31,41.97330856323242,42.22318594078793,41.63448838457785,41.99024666405932,9161600
2019-06-03,42.26342010498047,42.28036143659692,41.78271991795307,42.12577299730753,6806000
2019-06-04,42.2210693359375,42.41800626183011,41.583664240622156,42.382007143050664,7811600
2019-06-05,43.33704376220703,43.37939870004042,42.358705445343894,42.45823373304179,7546400
2019-06-06,43.57209777832031,43.70974485854239,43.176104328347854,43.41116000690264,5614400
2019-06-07,43.281986236572266,44.14597460989892,43.281986236572266,43.81350709387037,6242800
2019-06-10,43.07658004760742,43.34551840763057,42.6657616855387,43.22057973539721,7104800
2019-06-11,42.76952362060547,43.15916448984152,42.51329046510193,43.0299896848936,4606800
2019-06-12,43.31587219238281,43.47680997988648,42.94316939635368,43.057522565582,5236000
2019-06-13,43.36245346069336,43.51703862991472,43.040574703309815,43.32645435176388,6806400
2019-06-14,43.82621383666992,43.9045646513121,43.4005706450176,43.55092291143608,5525200
2019-06-17,43.70127487182617,44.04644758642433,43.46410272650766,43.88762626099251,6233600
2019-06-18,43.500099182128906,44.035856162029006,43.17186781670647,44.010445785505034,6576400
2019-06-19,43.67375564575195,43.84951833092222,43.254464947102,43.26081754272742,6602800
2019-06-20,43.70338821411133,43.93209127728518,43.351862956016646,43.76268124183481,8883600
2019-06-21,43.95115280151367,44.1459732279453,43.50009923034549,43.86221325235323,12560800
2019-06-24,44.08879852294922,44.18409067029696,43.807154989692584,44.122681180610485,6009200
2019-06-25,43.66950988769531,44.23914953233479,43.61233330842969,44.12691605936434,6954000
2019-06-26,43.002464294433594,43.673748719296235,42.99187555966099,43.495866376309685,7394400
2019-06-27,43.31587219238281,43.50857618521803,43.11893205925773,43.368812636707105,7529200
2019-06-28,43.38151550292969,44.09515162020733,43.04057893049192,43.19304766047826,11647600
2019-07-01,43.20364761352539,43.381526767622525,42.57683120179351,43.27776231211805,8478800
2019-07-02,43.97444534301758,44.02526609452615,43.35821788115339,43.362454020855054,6696000
2019-07-03,44.20103073120117,44.35561914063574,43.97444733095077,44.02315163042418,5654400
2019-07-05,44.069740295410156,44.14597465876536,43.48104285720027,43.927860303015635,4196400
2019-07-08,44.285728454589844,44.328080151308654,43.92361450050524,44.175611458139066,4322400
2019-07-09,44.080322265625,44.258201342415695,43.87067699076111,44.0972635916852,7276000
2019-07-10,44.35985565185547,44.6436188856386,43.95115697774365,44.137505142212696,5922000
2019-07-11,44.55467224121094,44.62243755422881,44.1650313850421,44.38314573557292,5830400
2019-07-12,44.20103073120117,44.525025961626405,44.00197416218635,44.44879159968941,6283200
2019-07-15,44.22644805908203,44.38950229956093,43.98080362426599,44.18832925929348,8714000
2019-07-16,44.02103042602539,44.34925852969852,43.79232736489249,44.18620432052788,4281600
2019-07-17,44.45092010498047,44.75373792725148,44.19468690586539,44.19468690586539,6556800
2019-07-18,44.969730377197266,44.99514075603976,44.25821068855321,44.52502936008414,4413200
2019-07-19,44.41279220581055,44.999373175000265,44.342910438544365,44.85114059196351,5843600
2019-07-22,44.334434509277344,44.61607798894973,43.98926186638388,44.472078336900125,6547600
2019-07-23,43.898216247558594,44.364091502532865,43.819862194209136,44.345033718432276,6337200
2019-07-24,44.48267364501953,44.49114592468941,43.73727136423888,44.11844316868512,6080000
2019-07-25,43.968101501464844,44.35138982445347,43.84315958960343,44.0760988511466,7010000
2019-07-26,44.29420471191406,44.41702691425147,44.004092149375275,44.07609036864028,4324800
2019-07-29,44.76219940185547,44.796078825859546,44.317498437813036,44.448789687801934,5274000
2019-07-30,44.340789794921875,44.971838863787326,44.103617684471004,44.76431326714281,6447200
2019-07-31,43.87068176269531,44.505967018530264,43.66739229031575,44.44243784670119,8446000
2019-08-01,44.5250244140625,44.81090406919686,43.724565257159746,43.75633145841238,7507600
2019-08-02,44.7685546875,45.15395941244494,44.47420596883423,44.70714196729624,6912800
2019-08-05,44.057044982910156,45.02903091015637,43.85587191072366,44.800327768822775,8838400
2019-08-06,44.76642990112305,44.925251203844006,43.75844519642933,44.076087801871246,7171600
2019-08-07,45.077728271484375,45.317020112614124,44.181976862787366,44.76432174741208,6892800
2019-08-08,45.57535934448242,45.71935576848841,44.72619597870846,45.15183588861415,5971200
2019-08-09,45.84218978881836,45.990422390380765,45.53089970992312,45.71089851761,5828800
2019-08-12,45.62406921386719,45.97559450069996,45.450426255974854,45.97559450069996,3922400
2019-08-13,45.660072326660156,45.96289334140274,45.48219321335542,45.61136802375657,7496800
2019-08-14,45.52031326293945,46.15983150660961,45.47160572746979,45.76172156083475,9558000
2019-08-15,45.98406982421875,46.13653856627231,45.37843099640277,45.45043245825966,7865600
2019-08-16,46.06453323364258,46.54099717129401,45.8252414220736,46.22547100045169,10488400
2019-08-19,46.36736297607422,46.505006847130126,45.87183793157029,46.01795408371706,5632400
2019-08-20,46.40335464477539,46.5452346336046,46.0348880259464,46.5452346336046,8316000
2019-08-21,46.85440444946289,46.871345777502285,46.40758702001126,46.55793928684339,7483600
2019-08-22,46.930633544921875,46.962399743142385,46.488052304939856,46.83534141271548,9159600
2019-08-23,46.989933013916016,47.476985705698965,46.72099790656,47.123343956034425,10485600
2019-08-26,47.354164123535156,47.368988997845555,46.92428800572635,47.11699198439321,7455200
2019-08-27,47.436744689941406,47.767095707958,47.41345077004077,47.48333252974268,9541200
2019-08-28,47.10242462158203,47.69655386342967,46.88521464903813,47.517676591621786,11356800
2019-08-29,47.0875129699707,47.38564498296247,46.680780853021375,47.38564498296247,8512000
2019-08-30,46.65309143066406,47.26638853672409,46.60411383519272,47.234444083657095,11786800
2019-09-03,48.033016204833984,48.0394044468436,46.59560326418875,46.59560326418875,9718400
2019-09-04,47.72636413574219,48.11819469700561,47.45166000113588,48.039400968991174,8909600
2019-09-05,46.80854797363281,47.13436127628401,46.550880243767104,46.674388408061226,17661200
2019-09-06,46.878822326660156,47.068347734917815,46.58495022758385,46.872434085320215,9130400
2019-09-09,46.825584411621094,47.03853445273982,46.61263437050237,46.67864836335161,8297600
2019-09-10,46.44865798950195,46.77660284465178,46.07599544915137,46.695680796094905,11094800
2019-09-11,46.861785888671875,46.97464915138301,46.30598614710807,46.427369231170864,8818000
2019-09-12,47.006587982177734,47.32814133848761,46.789378054740645,47.247219292129614,8671200
2019-09-13,46.527462005615234,46.87456841046024,46.37839435699397,46.861791926146466,8213200
2019-09-16,46.4891242980957,46.653096744308996,46.26552609859754,46.54449338997439,5033600
2019-09-17,47.32175827026367,47.34518290469821,46.516807376945465,46.516807376945465,7596800
2019-09-18,47.67951583862305,47.74127317398649,47.14075246141209,47.458049211959555,7681600
2019-09-19,47.8924560546875,47.998931059921894,47.60710382050555,47.85838652252555,5906800
2019-09-20,48.06708526611328,48.126711019817364,47.62414877476877,47.956350330937184,19007200
2019-09-23,47.973392486572266,48.22467526395665,47.87969393396658,48.007465278312566,6634000
2019-09-24,48.66120910644531,48.695281890336034,47.99041782656426,48.10115274952935,8674400
2019-09-25,48.8443603515625,48.86991657153422,48.44827306028571,48.744273550854466,8423600
2019-09-26,49.344783782958984,49.57263863726576,48.88907082498567,48.976381121681804,8703600
2019-09-27,49.246826171875,49.52579345991873,49.01045149226286,49.45764788591604,7501200
2019-09-30,49.615238189697266,49.7131934026714,49.351178932006604,49.408676360971555,8937600
2019-10-01,49.410797119140625,49.65356003279061,49.116925026537075,49.438481663910444,6727600
2019-10-02,48.78898620605469,49.506626836533144,48.665474786826245,49.33839772633572,8138400
2019-10-03,49.014713287353516,49.040266253907006,48.67186357220114,48.7357492379448,8017600
2019-10-04,49.743003845214844,49.800501271362414,48.978513907975895,49.001938544601934,6552800
2019-10-07,49.52153778076172,49.79198527048463,49.227665654143756,49.71319153764121,6154000
2019-10-08,48.97212219238281,49.44273997299648,48.96999386169871,49.43422340090022,6968000
2019-10-09,49.69401168823242,49.88779696635601,49.19144956272545,49.45337715057656,6004000
2019-10-10,49.4044075012207,49.58754465900134,49.02961661408436,49.40866741168806,7465600
2019-10-11,48.88055419921875,49.485334824984754,48.66973572434086,49.35969182301029,8301600
2019-10-14,48.744258880615234,49.059427253648735,48.45677829967834,48.980633535710616,4711600
2019-10-15,48.45465850830078,48.94018766743484,48.30346577509032,48.837969292164374,5672400
2019-10-16,48.959354400634766,49.05092137670333,48.25023023376739,48.48234504457228,7662000
2019-10-17,49.21062469482422,49.317099716406005,48.8230573059336,48.8230573059336,5366400
2019-10-18,49.50663375854492,49.57051943250728,49.044532474215096,49.23192958467525,8784400
2019-10-21,49.574771881103516,49.62587781309179,49.11692732776274,49.491721492262705,6488400
2019-10-22,50.307315826416016,51.08458212951997,49.61948489586389,49.785585657893556,12636800
2019-10-23,50.256221771240234,50.8098933108371,50.194467674206074,50.58629506410142,8912400
2019-10-24,50.586280822753906,50.611833786834836,50.00492814439541,50.256207622816866,6411200
2019-10-25,50.443607330322266,50.60757652423351,50.16464329331089,50.601188282879036,6072400
2019-10-28,49.666343688964844,50.40741226871244,49.54070392808632,50.362691324498634,7164400
2019-10-29,49.53217697143555,49.65355679566742,49.23404498768241,49.46190307346573,6861200
2019-10-30,50.1412239074707,50.39037509445639,49.61949364693404,49.68763922766182,4959200
2019-10-31,50.754512786865234,50.78858557380512,50.02622402516403,50.153995351508726,8228400
2019-11-01,50.19445037841797,50.87162987874355,50.06241915715192,50.82904052484071,8018000
2019-11-04,48.89332580566406,50.092232206588896,48.59306549814642,50.092232206588896,13459600
2019-11-05,48.36307907104492,48.82944013376725,47.85200032385739,48.42696472678322,9502400
2019-11-06,48.44400405883789,48.65908242187408,48.254478659904315,48.446132389393235,6976400
2019-11-07,47.50702667236328,48.26300001242911,46.98955960186703,48.25874010153681,12473200
2019-11-08,47.29194259643555,47.8477422993521,47.07047274772911,47.50915253476236,6431600
2019-11-11,47.32175827026367,47.59007415158316,47.2131549193543,47.351571145965835,6142800
2019-11-12,47.534706115722656,47.700806879730095,47.294071541221804,47.315367844036956,5798400
2019-11-13,48.533447265625,48.59094144028514,47.89246552773886,47.89246552773886,7189200
2019-11-14,48.95082473754883,49.0040622476386,48.46955881610679,48.55260920187245,6329600
2019-11-15,49.28089904785156,49.3064520134688,48.62714409905195,49.0679490027484,7382400
2019-11-18,49.4384765625,49.92400233969999,49.3511662759735,49.400143869900326,7002400
2019-11-19,49.544952392578125,49.902706866193384,49.219139122193,49.423569321584736,6522400
2019-11-20,50.09011459350586,50.41805626417716,49.557739430535484,49.689767431156895,8506000
2019-11-21,50.07307815551758,50.313712768769506,49.853739848510294,50.19871791402464,4990000
2019-11-22,49.69828796386719,50.29241722451704,49.344790070754996,50.13270467334276,5016000
2019-11-25,49.523658752441406,49.94955881498302,49.353298077552836,49.802622773508624,7456400
2019-11-26,50.026222229003906,50.09436780043696,49.61735854848462,49.65355966479855,15634000
2019-11-27,49.897769927978516,50.05191114199147,49.78858234851113,49.95343194229592,8584000
2019-11-29,50.058345794677734,50.46725374507677,49.932030665072475,50.22747485059242,3557600
2019-12-02,49.50813293457031,50.034793861749,49.469598442376466,50.034793861749,7118000
2019-12-03,49.71793746948242,49.84425258901766,49.53810331295581,49.668697864735364,9249200
2019-12-04,50.152530670166016,50.197490835815884,49.561645703038,49.59375777368672,6699200
2019-12-05,50.21676254272461,50.26600214434417,49.88920632601968,49.90847357012186,6413200
2019-12-06,50.180381774902344,50.40303316906325,49.991982179790355,50.18466447481204,6196000
2019-12-09,50.154685974121094,50.30454778520083,50.06262590440909,50.298125369493306,4560000
2019-12-10,50.19321060180664,50.300255198213456,50.056193649075595,50.173943358471455,4345600
2019-12-11,50.47795104980469,50.49507857772385,50.08402770788965,50.310961736020225,6212800
2019-12-12,50.07546615600586,50.56573228845796,49.83354756408206,50.42229290620447,6970400
2019-12-13,50.72844314575195,50.82050321472016,49.833551719147096,49.89991885875031,8345200
2019-12-16,51.267940521240234,51.27436293584274,50.610685115153856,50.790522524249766,14284800
2019-12-17,51.3428840637207,51.57409757250542,51.12879481972236,51.2658118052116,10374000
2019-12-18,51.44350051879883,51.59550531206413,51.11166482001977,51.53770030428803,8585600
2019-12-19,51.520565032958984,51.599780258896494,51.25937594579632,51.413520432211726,6882800
2019-12-20,51.961585998535156,52.453988496141356,51.42636305179657,52.25488712799058,16198000
2019-12-23,51.12022399902344,52.01511864273451,51.026024218975714,51.976580884195776,9474800
2019-12-24,51.49058532714844,51.49058532714844,50.91896763274322,51.1480446136867,2739600
2019-12-26,51.8010139465332,51.8010139465332,51.39852528538316,51.43492005012143,5813200
2019-12-27,51.91877365112305,51.97443893698484,51.70896713794969,51.8695340470271,4319200
2019-12-30,51.6575813293457,51.856685982890255,51.44349213059436,51.74321896889139,4450000
2019-12-31,51.84385299682617,51.935909805282535,51.36429190604539,51.717541124726324,6910000
2020-01-02,51.08597946166992,52.169270621857365,50.94254004586871,51.80317980741891,7884800
2020-01-03,51.449913024902344,51.672564333521144,50.9831969163433,51.088101789997886,7097200
2020-01-06,51.70683670043945,51.9380534830109,51.47133721816963,51.531281946976,5518800
2020-01-07,51.66185760498047,51.85453981994599,51.41779607941735,51.529123363614666,6653200
2020-01-08,51.638309478759766,52.0129655431511,51.59549229617765,51.73893165453563,5936000
2020-01-09,52.042945861816406,52.19923333893331,51.494878000714095,51.52056766084635,6958000
2020-01-10,52.14142990112305,52.38763119608882,52.064357651672005,52.19923490489689,5125600
2020-01-13,52.75157928466797,52.84363934236039,52.03438240144586,52.03438240144586,5879600
2020-01-14,53.03630828857422,53.051296098261204,52.623117765372484,52.715174538907675,8252800
2020-01-15,53.860557556152344,53.99115208967648,53.21186758691948,53.21829000113036,6397200
2020-01-16,54.00828170776367,54.01684383812915,53.59508786599438,53.71069785975028,7914400
2020-01-17,54.25020980834961,54.32514234586846,53.82417432953459,54.02969816184173,9354000
2020-01-21,54.99738311767578,55.08515394881766,54.12389543726171,54.38508454821593,11486400
2020-01-22,55.641780853271484,55.830180391513736,55.16222314391577,55.438400036724694,7065600
2020-01-23,55.68031311035156,56.251934116736784,55.52616863373515,55.52616863373515,10212400
2020-01-24,56.45961380004883,56.53668278923742,54.84324267532188,55.027356282929084,10310400
2020-01-27,57.10615921020508,57.324534406582266,56.15346605528249,56.22411262656141,8678800
2020-01-28,56.90706253051758,57.59000775482425,56.45747380268619,57.10616396326915,8262800
2020-01-29,56.89635467529297,57.121145748736126,56.54524520930346,57.10830091788135,6008400
2020-01-30,57.789093017578125,57.857603125855704,56.737914319229105,56.919891435942375,6328800
2020-01-31,57.41872024536133,57.945377794713245,57.10400889185573,57.688468167306674,7536800
2020-02-03,57.12113952636719,57.69276057107484,56.99268469832777,57.523628271931535,11041200
2020-02-04,56.63516616821289,57.22819097733847,56.50243189229548,57.00553635098538,10482800
2020-02-05,57.0997200012207,57.30310732362014,56.13631874803304,56.581627874923534,8666800
2020-02-06,57.44655990600586,57.87473836373134,57.024803863806866,57.10830179913602,7874400
2020-02-07,57.70560073852539,58.157325782680054,57.630668217099156,57.69917832431648,6410000
2020-02-10,58.176597595214844,58.191585407374106,57.66064183495812,57.87045160473594,7666800
2020-02-11,58.264381408691406,58.658304799563254,58.22156748368547,58.39497923364849,7850800
2020-02-12,57.85976028442383,58.290075215476755,57.82978465465187,58.11024103730036,5836400
2020-02-13,58.97515869140625,59.06079307415655,57.859755665731846,57.859755665731846,7500400
2020-02-14,59.62812423706055,59.74801367161973,58.990142574617224,59.02225464932341,7354800
2020-02-18,60.3817253112793,60.66218166621114,59.596015000797344,59.94498147402148,9789600
2020-02-19,58.80388641357422,59.32840106001866,58.778190220147806,58.87881241057755,21134800
2020-02-20,59.309120178222656,59.33267338341027,58.51270823571102,59.075763776090625,10731600
2020-02-21,59.42900848388672,59.67949567305203,59.10359531633522,59.41616365710722,11030800
2020-02-24,58.64760208129883,59.64739509071844,58.6454590983607,58.83171567640976,9091600
2020-02-25,57.8747444152832,59.06722311277405,57.76127737346089,58.64761000970285,10285600
2020-02-26,57.69062042236328,58.51057923248091,57.37590901827442,57.57501041810011,9551600
2020-02-27,55.060787200927734,58.30611028805099,55.00913626846376,57.68416462673674,14604000
2020-02-28,54.39579772949219,54.64328810279818,52.312592574174296,53.40369191297328,27468400
2020-03-02,57.750877380371094,57.86923876240955,54.303255687323585,54.587327601539556,19305600
2020-03-03,57.062217712402344,59.03136331227809,56.57585365113101,57.910135050792675,15636000
2020-03-04,60.73579406738281,60.811117923004325,57.93379786557728,57.93379786557728,14713200
2020-03-05,59.43164825439453,60.227911317109175,58.63107684244868,59.623179334622726,12412000
2020-03-06,58.497650146484375,58.73222531651158,56.31975331071816,57.796072243441394,14556400
2020-03-09,56.22936248779297,57.31400910727405,54.76165042486217,54.76165042486217,15564400
2020-03-10,55.03495788574219,57.52921280606885,52.14687652495598,57.165511970251806,23743600
2020-03-11,51.9209098815918,53.63396136404904,51.33985085223712,53.629656298761226,19631200
2020-03-12,44.954654693603516,49.85492604422464,44.34346672350437,46.51275679459434,31668400
2020-03-13,47.68132781982422,47.77386866437785,42.25810463518802,47.35636598609998,31586400
2020-03-16,43.3362922668457,47.48764285731574,42.33988471654321,42.611044728098484,20240400
2020-03-17,47.724361419677734,48.95319633522416,43.90228161425277,44.216485662835595,21538000
2020-03-18,45.33125686645508,49.065104120499846,42.98980083967873,44.9912290034635,22198000
2020-03-19,44.56943130493164,47.696392982233206,43.15766871677568,45.19568202640726,17441200
2020-03-20,41.265995025634766,45.17200575756502,40.21363158110496,44.27889687887537,22482400
2020-03-23,39.09456253051758,40.58164589949577,37.61824018429758,40.1727500213059,23661600
2020-03-24,44.44675827026367,44.86641180001018,40.134005921495735,40.42668794702706,17900800
2020-03-25,45.25164031982422,47.39940827473802,41.980489985547244,44.26383630776155,17794400
2020-03-26,49.734405517578125,50.39509018346011,45.322656118256745,45.387215677546195,14655200
2020-03-27,49.91733169555664,51.71861899769058,48.075157765540055,48.52494022647393,16184400
2020-03-30,52.943138122558594,53.42089851394248,50.43597479683689,51.070835572331,16373600
2020-03-31,51.78318405151367,53.349893071267104,51.46898320467579,52.10384413902096,18899200
2020-04-01,46.964683532714844,49.925937790614704,45.84775723034264,49.70427455615653,13691200
2020-04-02,48.73368835449219,49.398678067791685,46.0844872383527,46.269565632233736,9234400
2020-04-03,47.69854736328125,49.189935707466816,46.81619609159371,48.19782989144469,8755600
2020-04-06,50.46826171875,51.01273591401911,49.07156847166956,49.66769031625891,13267600
2020-04-07,49.1727180480957,51.86280934672621,49.10169924375552,51.725076803588436,10507200
2020-04-08,50.250892639160156,50.829800664351524,48.215030618842064,49.41804163638558,18290800
2020-04-09,52.78603744506836,53.98904526257572,50.655486845237384,50.754480347736596,19587600
2020-04-13,50.8341178894043,52.482603315330984,50.44028813548389,52.20068227712089,10757200
2020-04-14,52.16194152832031,52.721478485514304,51.298958234695675,52.04788193273143,11673200
2020-04-15,51.051475524902344,51.94888956404459,50.68777466565563,51.658358398049124,9990800
2020-04-16,51.107418060302734,51.819753549813676,50.72004434406959,51.64543619845929,10331200
2020-04-17,52.99695587158203,53.18418848155502,51.38505507249088,52.18992838457007,10952800
2020-04-20,51.135414123535156,53.22077368932184,51.027810457880975,52.82263881288004,8714400
2020-04-21,50.66410446166992,51.25592456341679,49.725800459911866,50.58878387354754,10622000
2020-04-22,53.192787170410156,53.52205407189914,51.204270565270456,51.204270565270456,11759600
2020-04-23,51.895076751708984,53.31759682250303,51.67771860878902,53.02491482766516,9360400
2020-04-24,51.58518981933594,52.06940625058841,50.778162433915156,52.02206038127283,8029200
2020-04-27,52.424495697021484,53.00985977221797,51.95749300098544,52.103835661685835,8457600
2020-04-28,51.49911880493164,53.13469267220114,51.240870645236825,52.99696010144367,8464800
2020-04-29,50.6016960144043,52.15333888558166,50.20571206703625,52.07801829712038,9901600
2020-04-30,49.738712310791016,50.33698836837611,49.26095182109314,50.32838152087114,17934800
2020-05-01,48.86280822753906,49.50197404181871,48.42163269511206,49.47830111226013,9168000
2020-05-04,49.51704788208008,49.74947216489216,48.40873157792339,48.85205809958607,9077200
2020-05-05,49.51919937133789,50.4768711672383,49.36640074862442,49.79035937801225,8042000
2020-05-06,47.91805648803711,49.747318472449926,47.90944635741626,49.69566754013284,7377600
2020-05-07,48.309730529785156,49.1942326045461,47.94387880119408,48.46468003805004,8692000
2020-05-08,49.439571380615234,49.63325991804123,48.58089636790903,48.93598709415258,11308800
2020-05-11,48.933837890625,49.12752315092665,48.23010908627071,48.806863085428766,7854400
2020-05-12,49.05219650268555,49.37500744077341,48.47974760149977,49.110303391006106,9565200
2020-05-13,49.52349090576172,49.61172666563761,48.63683809398014,48.81761139435856,14076800
2020-05-14,49.97758483886719,50.2143141562385,48.91446036889453,49.01776222582152,11595600
2020-05-15,49.034976959228516,49.68705471366936,48.038566265051564,49.504127223721625,20232400
2020-05-18,50.67055892944336,50.982608862616935,50.03354715030048,50.34559708347406,9123200
2020-05-19,49.60528564453125,50.51561165902028,49.59667879688491,50.34129426090568,6532800
2020-05-20,50.09810256958008,50.838416157447014,49.6698421728729,49.99265310127051,5847200
2020-05-21,49.26095199584961,50.24660187071382,49.082332818113564,50.07874043144641,8308400
2020-05-22,50.32622146606445,50.360652133617805,48.88433012821633,49.245880049846456,5990000
2020-05-26,50.42522048950195,51.30541753311216,50.315465951822844,50.86209103325187,7658800
2020-05-27,51.89293670654297,51.916609640624436,50.56080300936435,51.16553499004221,12343600
2020-05-28,54.09450912475586,54.24515358374711,52.43310844261704,52.59666481469284,12416000
2020-05-29,54.998374938964844,55.202824493112765,53.694219276730045,53.825495856013234,15309600
2020-06-01,55.320796966552734,55.900727865157705,54.368670329303356,54.9832248551987,6655600
2020-06-02,55.52637481689453,56.33351545852007,54.90532544793792,55.30349057324759,10640000
2020-06-03,56.17122268676758,56.75116022967204,55.54801716334513,55.870440222076915,7303200
2020-06-04,54.507164001464844,56.38112251230028,53.68270823793847,55.75575096375099,12012400
2020-06-05,55.045982360839844,55.95050236509683,54.10034390870006,54.56991572502991,12370800
2020-06-08,56.365989685058594,56.42224731326681,54.221536596001144,54.76035246649819,8149200
2020-06-09,55.974308013916016,56.07817229351479,54.97673413672438,56.06951473562097,7990400
2020-06-10,55.56748962402344,56.45686055271315,55.30349023574172,56.00460055055007,6674400
2020-06-11,53.7368049621582,55.17148976326506,53.20447741408121,55.14984917034427,9718400
2020-06-12,53.429527282714844,54.55693150475174,52.851759116595154,54.48119603389326,8356800
2020-06-15,53.78874588012695,54.299429585383656,52.22206122724131,52.95563249622288,8404400
2020-06-16,53.702178955078125,54.89450160983417,53.3775898869919,54.85988128534194,8056800
2020-06-17,53.88178634643555,54.31457177893704,53.16985576280255,54.09601632420448,6767600
2020-06-18,53.866641998291016,54.08087199485904,53.308351647036964,53.7086762260956,6386800
2020-06-19,52.41248321533203,54.45306502095481,52.41248321533203,54.42277017162279,14452800
2020-06-22,53.45766067504883,53.70867704420422,52.05327391516191,52.62671335152528,7190800
2020-06-23,52.62888717651367,54.1522908283017,52.43413170189029,53.918586239888626,9306000
2020-06-24,52.29562759399414,52.90369060130845,51.61399185525117,52.22421760105779,6901200
2020-06-25,51.75248336791992,52.21989243250538,50.97563430067343,52.21989243250538,7824800
2020-06-26,51.11629104614258,52.3800237993954,50.81117650378353,51.609666207369926,10107200
2020-06-29,51.553401947021484,51.60750012612485,50.583960200127834,51.39543288667828,5793200
2020-06-30,51.971031188964844,52.32591506321689,51.393263111475314,51.698377592296076,9532400
2020-07-01,53.288875579833984,53.55720376921716,51.56855393732222,51.86284819920044,6024400
2020-07-02,53.31917190551758,54.03759741538981,53.178517939759985,53.70002525605854,5981200
2020-07-06,53.44034957885742,53.91424687975877,52.9253338294278,53.7065117098633,6256800
2020-07-07,53.38840103149414,53.73895610833244,52.721911196375395,52.89718873479455,6017200
2020-07-08,54.80579376220703,54.99405440169205,53.25858358906606,53.41222389732825,9633600
2020-07-09,54.52880859375,54.82742833433244,53.78657976696305,54.36434799556857,6818800
2020-07-10,56.17555618286133,56.541260438887164,54.48120064576274,54.569919159027556,10079200
2020-07-13,55.44847106933594,56.78361712024009,55.264539229813494,56.04355107734406,9600800
2020-07-14,56.81389617919922,57.27697968981117,55.36623190608907,55.44845888019758,12154400
2020-07-15,56.04570770263672,57.65134439653803,56.004592562506055,57.25317602855887,8444800
2020-07-16,58.075477600097656,58.382751555649264,55.9916147091017,56.22964801509477,10142000
2020-07-17,59.59022521972656,60.040319148470815,58.194489606131306,58.439014423736865,12461600
2020-07-20,59.36301803588867,60.13121623262943,59.129316780079975,59.61620044981531,6368800
2020-07-21,59.79580307006836,60.4969200397826,59.23967874591964,59.27430237684968,5958400
2020-07-22,60.68086624145508,61.10931971920899,59.40198411987146,59.82611211938972,6368000
2020-07-23,60.799861907958984,61.52693826664575,60.397368020714666,60.58996070849614,8150000
2020-07-24,60.64406204223633,61.808255975869926,60.159344444564816,61.213175973671355,7716000
2020-07-27,60.07711410522461,60.93835293587112,59.746033495679285,60.80635654166365,8909200
2020-07-28,60.598628997802734,61.30190545200005,59.860728910329456,59.98407436566578,6547600
2020-07-29,60.901580810546875,61.64164037481203,60.555351062944055,60.64190684889897,5381600
2020-07-30,61.096309661865234,61.1179502510404,60.403857034724325,60.62024971891473,4235200
2020-07-31,60.741432189941406,61.20018364720417,59.70058385423268,60.78903884704118,8030400
2020-08-03,60.06843566894531,60.9924299185891,59.81741939936641,60.83663354827773,8624400
2020-08-04,61.682743072509766,61.7216987815384,60.02734006170229,60.310814000634856,9142400
2020-08-05,61.40791702270508,61.88830905645537,61.01408074380207,61.71952302317991,6381600
2020-08-06,61.19803237915039,61.62216031510103,60.83016206696564,61.24563904774157,4588000
2020-08-07,62.273502349853516,62.62622357207419,61.13094894869817,61.20452168772237,4368800
2020-08-10,61.377647399902344,62.56347553274242,61.2240037811136,62.383872442387506,7240000
2020-08-11,60.11174011230469,61.581042038194305,59.81960859731741,61.451211679339735,6825200
2020-08-12,61.583194732666016,61.88181770087945,60.308645225056594,60.4298246029141,6124400
2020-08-13,61.542091369628906,61.77146713616392,61.15907861315789,61.245634384793014,3680000
2020-08-14,60.69816970825195,61.48584253132284,60.594298805186114,61.457710415672736,4912800
2020-08-17,61.23698043823242,61.68708104333318,60.6613749474258,61.0357367714605,4801200
2020-08-18,61.24995803833008,61.70871616152264,61.0660295055002,61.17855134489731,4764800
2020-08-19,61.096309661865234,61.511786521174294,60.98378784344725,61.505295004799805,5481600
2020-08-20,61.046546936035156,61.4036002062806,60.71114086228051,60.75874752472779,3631200
2020-08-21,61.11148452758789,61.24781303277202,60.68735653662437,61.16558272146836,5685600
2020-08-24,61.15907287597656,61.26510319099949,60.646223208270975,61.23913712232297,3548800
2020-08-25,60.87343215942383,61.37979030369211,60.403863681179494,61.368973309804616,4051600
2020-08-26,60.37358093261719,60.89508828438157,60.191811803983704,60.61810581163773,5238800
2020-08-27,60.65195083618164,60.99992663160949,60.15608748474998,60.460563816842004,4555600
2020-08-28,60.797664642333984,60.88901086533429,60.29527700854877,60.80418889847068,4618400
2020-08-31,60.71503448486328,61.689358930787634,60.60846277077468,60.756350354589976,6013600
2020-09-01,60.271366119384766,60.79114963626327,59.60151141435406,60.6824075927143,5729600
2020-09-02,62.69194412231445,63.00512163405477,59.953821177140995,60.3431127842621,9754400
2020-09-03,61.02384948730469,63.30743203828451,60.449695040057634,62.75502068661563,7855200
2020-09-04,60.31267547607422,62.200435347568266,59.327473041821705,61.587128762778974,7247600
2020-09-08,60.44099426269531,61.076043983807544,59.87335743029085,60.40401905318552,7158000
2020-09-09,61.410980224609375,62.37878706092656,60.860745753205265,60.89554400337199,4781600
2020-09-10,60.2234992980957,61.32831517229027,60.119104581704434,61.126056631549766,4362800
2020-09-11,60.49319076538086,60.719376049170585,59.905987777830525,60.49754469437426,3932800
2020-09-14,61.3130989074707,61.76328579253291,60.55407515122192,60.79765619593411,3916400
2020-09-15,64.31002807617188,65.09296524711483,63.32047179203653,64.29914989280088,10827600
2020-09-16,60.97166442871094,62.407060714104325,60.706333580086444,61.93294036561667,19501600
2020-09-17,60.7911262512207,60.954239253798086,59.9842624568551,60.46055295534784,9385600
2020-09-18,60.22569274902344,61.32833196105387,59.990806232113755,60.67153244630774,14386000
2020-09-21,60.069114685058594,60.17567977659512,59.0621621796055,59.80813109453797,7558800
2020-09-22,60.47360610961914,60.884654093487924,59.80158128383172,60.343114370117036,7192800
2020-09-23,59.4405632019043,60.604104158207655,59.39924070280873,60.604104158207655,5855200
2020-09-24,60.360504150390625,60.843318839338195,59.27743156786386,59.31005283662703,7478400
2020-09-25,61.29135513305664,61.35877465601582,59.66239512336583,59.895104644334,5456800
2020-09-28,61.795902252197266,62.20694352969314,61.469676276975214,61.64800809924575,6918400
2020-09-29,61.57407760620117,62.18520720047257,61.373996015062076,61.78721434527932,7094000
2020-09-30,60.36487579345703,61.57626361321709,58.09869558134364,61.06735170394928,23238400
2020-10-01,61.49579620361328,61.77417554069761,60.59976291978205,60.695449802044756,10018400
2020-10-02,61.14999771118164,62.45054817714006,60.56931233508358,60.628030643507756,8306000
2020-10-05,62.615840911865234,62.84855046532154,61.53276782759261,61.73067913255278,6599200
2020-10-06,63.131282806396484,63.614097762590944,62.03951503927561,62.77461234202183,7288400
2020-10-07,64.61885833740234,64.76022163912336,62.96163097774575,63.71195358723735,10130400
2020-10-08,65.47139739990234,65.67583292890613,64.57753454230726,64.9559612859346,5694400
2020-10-09,65.87810516357422,66.05426674193794,65.31046824888968,66.05426674193794,6472000
2020-10-12,66.47835540771484,66.99813885879135,65.68018598879115,65.89767004835669,5816400
2020-10-13,65.56490325927734,66.18473400100528,65.02771750139114,65.89765352147664,8596800
2020-10-14,65.3843994140625,65.9585537795775,64.96030291727405,65.68017449752176,5501200
2020-10-15,64.91029357910156,65.22130084293394,64.30134083882496,64.80590547338961,5739200
2020-10-16,66.46314239501953,66.5936341826484,64.966850722663,65.1495365705082,7449600
2020-10-19,65.14735412597656,66.9046292257833,64.84070741091017,66.36091902063548,7710400
2020-10-20,65.46051788330078,66.13689668666466,65.11907299090606,65.51054160094057,6003200
2020-10-21,64.74064636230469,65.78457371927074,64.2513072804073,65.00597715219472,7796000
2020-10-22,65.73889923095703,66.18256853667445,65.07557555521973,65.16256784492664,8463600
2020-10-23,65.91290283203125,66.45225911180718,65.60190218527819,65.91942708905798,5617200
2020-10-26,65.82154846191406,65.8867976612049,64.71890270105716,65.52359636603731,5707600
2020-10-27,65.92377471923828,66.48923466710659,65.26262124309591,66.23695233230112,4834200
2020-10-28,64.77543640136719,66.1586381489788,64.62754886824523,65.01901742935283,7508900
2020-10-29,64.38398742675781,65.27131953251347,63.453155851163615,64.70585961004883,7753100
2020-10-30,63.68803405761719,64.67976088266221,63.070380097253164,64.14040463853176,8790500
2020-11-02,65.3582992553711,65.63667855233024,64.13169275964317,64.46226610069279,9233600
2020-11-03,66.13253784179688,66.92418285992528,65.5844805010749,66.15864149933317,6887900
2020-11-04,63.7837028503418,65.16690444611785,63.50532361504688,64.81892874272809,12128800
2020-11-05,65.02772521972656,66.3326294047378,64.8015399692739,65.50619274239838,8644100
2020-11-06,65.87157440185547,66.16734954325361,64.47967771892057,65.24521923526304,6076100
2020-11-09,65.68890380859375,72.50050123123391,65.54971078949724,70.54314420053639,12864500
2020-11-10,66.10645294189453,67.44615554637797,65.51489603390297,67.32436500388737,8649200
2020-11-11,67.4548568725586,68.1856001286441,66.29784008000308,66.55882360694036,6903300
2020-11-12,66.69800567626953,67.76803010357956,66.13254582889711,67.51574781361076,5901900
2020-11-13,67.15038299560547,67.62014937918816,66.80240715920121,66.98509297996887,6235000
2020-11-16,67.63754272460938,68.09860787031592,66.3935336347376,68.0290113781486,7667600
2020-11-17,66.64581298828125,68.26389485550459,66.45442596184397,67.63753972792311,5866300
2020-11-18,65.9324722290039,67.29827193909911,65.91506978643154,67.26347369104155,6501900
2020-11-19,65.3582992553711,66.13254188244764,65.07991995841195,66.06295203602234,7392300
2020-11-20,65.72368621826172,66.40223543004686,65.46270268891966,65.4887997144365,5891000
2020-11-23,64.87114715576172,66.13255208790298,64.48837307446665,66.11515628288366,7634600
2020-11-24,65.22782135009766,65.81937825111393,64.81895026066316,65.6540882437885,6699600
2020-11-25,66.39899444580078,66.442691243464,65.10544787349903,65.26277101515448,6443100
2020-11-27,65.66482543945312,66.53884151612037,65.28899825975768,66.46892529782923,3669300
2020-11-30,64.31883239746094,65.90080584654523,64.0216701667125,65.81340558269055,13120300
2020-12-01,64.80828857421875,66.04938970994498,64.63348137102373,64.78206916079274,8099500
2020-12-02,64.94811248779297,64.99181594542986,63.7244956924971,64.79953140096582,5128800
2020-12-03,64.10907745361328,65.15790073940443,63.820650549904705,64.71215067623785,7660500
2020-12-04,63.38364791870117,64.28389014959686,62.87672362230532,63.908062940415626,7763800
2020-12-07,64.03914642333984,64.49363845651287,63.27875680617404,63.36615706848806,6752200
2020-12-08,64.39750671386719,64.93065706997297,63.04277908739246,63.68081377637948,8255400
2020-12-09,64.38877868652344,64.58980536787061,63.32247774245398,64.27515896902338,6683700
2020-12-10,64.04789733886719,64.77333228635631,63.794431875230735,64.49364740720807,6204600
2020-12-11,64.50238037109375,64.58103860657587,63.81190696405175,63.92552663804123,6022500
2020-12-14,64.28387451171875,65.74347951882847,64.24017104780265,65.02678672080597,5759900
2020-12-15,65.47254180908203,65.81340751587668,64.05663348748,64.3800218082754,6859400
2020-12-16,65.06175231933594,66.20671113047042,64.85198368097767,65.70852228374194,7787700
2020-12-17,65.6036605834961,66.44271542158143,65.41137593281121,65.6036605834961,9384200
2020-12-18,65.12293243408203,66.02316782514667,64.61600156611132,65.62985663384,13298300
2020-12-21,65.02677917480469,65.15788288312676,63.69827137718459,64.6247326926388,7251400
2020-12-22,65.29772186279297,65.75221382861707,64.57228712348133,65.06174052269277,5335300
2020-12-23,64.96561431884766,66.0319149621985,64.96561431884766,65.69104923761431,4626400
2020-12-24,65.5337142944336,65.69103742118976,64.81702153214708,65.07048027194286,1387500
2020-12-28,65.9794692993164,66.32033502304444,65.58616474677275,65.92703047050078,3753700
2020-12-29,65.83961486816406,66.31158422224046,65.64733031633165,66.08433823660108,3774900
2020-12-30,66.34656524658203,66.66994693541272,65.99695747349344,66.10183513767046,3804800
2020-12-31,67.43033599853516,67.46529743885804,66.1280540205189,66.33781599424331,4119400
2021-01-04,64.86946868896484,67.7362401065607,64.31009898154188,67.48277466597641,9388400
2021-01-05,65.35017395019531,65.70852371403136,64.72962338502326,65.1229345893467,7339800
2021-01-06,68.549072265625,69.3706494049224,66.0756054892132,66.9933249179268,12155700
2021-01-07,69.30071258544922,70.49811661478333,68.95110493683528,69.83386274923795,8816000
2021-01-08,70.9089126586914,70.97883553608375,69.43183021600055,69.77269590802248,8376200
2021-01-11,69.65034484863281,70.79530380096827,69.0210521923767,70.77782641305609,7064300
2021-01-12,69.70276641845703,70.40198178962602,68.6452080040176,69.6153661641139,7669300
2021-01-13,71.52947998046875,71.87908778127293,70.06113921987671,70.44570179936855,8542600
2021-01-14,72.13253784179688,72.31608039761315,70.92639818862729,71.63434899937762,8899000
2021-01-15,71.70428466796875,72.77058542184903,71.62561974818034,72.0538924563545,10561600
2021-01-19,72.37726593017578,72.71813165133727,71.45955309174607,72.10632309238413,8142700
2021-01-20,73.4610366821289,74.31756850217828,72.03638654363216,72.23741312813219,8576800
2021-01-21,73.16387939453125,74.0728568450872,73.11144056776111,73.63584884010143,9268600
2021-01-22,73.60089874267578,73.89806769933567,73.02405155466329,73.37365267796105,6371800
2021-01-25,75.92577362060547,76.64246648614862,73.50474552495189,73.52222957945048,13215600
2021-01-26,74.49240112304688,76.26665288170736,74.07287042732037,75.73350248440757,12476900
2021-01-27,70.08734893798828,74.11656344784113,69.5804180303916,73.94175623752507,16893300
2021-01-28,72.07136535644531,73.29498920548073,69.96499006527603,70.50687576872187,8541300
2021-01-29,70.68167877197266,72.0713610594281,70.11356701862655,71.5119913334848,13189700
2021-02-01,71.4071044921875,72.66568966530131,70.66419222625171,71.90529334517623,5589500
2021-02-02,72.48214721679688,73.8281326582836,71.71301553661,71.76545436283257,6645400
2021-02-03,72.58705139160156,73.31247980288157,72.46468965147169,72.93665255299277,5971200
2021-02-04,72.54332733154297,73.02403879439856,72.16750018827754,72.56080471736826,6398400
2021-02-05,73.06774139404297,73.89806065324014,72.54333309088408,72.87545679363492,5745800
2021-02-08,72.89292907714844,74.05537185136666,72.65694104449936,73.41733729561753,6792300
2021-02-09,73.26876068115234,73.74073010717136,72.54332582255574,73.03277263403649,5008900
2021-02-10,73.33868408203125,74.282616272583,72.93663086320684,74.24765483319771,6200800
2021-02-11,73.37364196777344,74.11656091687394,73.08522174997425,73.41734543591336,4417200
2021-02-12,72.6569595336914,73.56593712217997,72.21121610208003,73.44357539567324,5787200
2021-02-16,70.96135711669922,73.04151267721222,70.78654992576587,72.79678927811804,8312600
2021-02-17,70.51561737060547,70.82152166396273,69.58916246266246,70.64672111581957,8598300
2021-02-18,70.55931854248047,71.04876539590283,69.86884506385206,70.646718813704,5378900
2021-02-19,68.26065826416016,70.4282211956461,68.12955451131545,70.3058594711814,9660900
2021-02-22,65.63859558105469,68.12080431134459,65.15789081629528,67.99844261353583,13190300
2021-02-23,65.29772186279297,65.55118725369265,64.07409836708172,65.55118725369265,12719000
2021-02-24,64.46741485595703,65.47253447779342,64.09158775103428,65.40261160520032,12302200
2021-02-25,65.06925964355469,65.31526712222808,63.883148326693124,64.44545305028973,11747100
2021-02-26,64.55967712402344,66.3871641673586,64.55088922723398,65.130763054515,12583200
2021-03-01,66.69468688964844,67.5732889667412,65.34163888654136,65.57885849794758,12272600
2021-03-02,66.36959838867188,67.52056490707625,66.29052072002341,67.3272713872706,8738500
2021-03-03,63.716217041015625,66.7122532172858,63.33841789539331,66.58046157054284,11748900
2021-03-04,62.63554382324219,64.19066657369835,61.93265946970601,63.51414591356142,11998700
2021-03-05,62.117164611816406,63.259350001456816,60.03488196431769,62.91669572520508,15509900
2021-03-08,62.257747650146484,63.64594062837519,61.98538313407461,62.38075141245006,12479400
2021-03-09,65.03412628173828,65.64036389244109,63.54050535192825,63.61958302876882,9363700
2021-03-10,65.42070007324219,65.66670754552906,63.86557757874245,64.84960746788998,8247200
2021-03-11,65.77215576171875,66.37839337435727,65.42071357028769,65.86001463377595,6602500
2021-03-12,66.48380279541016,66.78253092092397,65.05168414104796,66.05328975017005,6113100
2021-03-15,66.35202026367188,66.95825779027767,65.93029505636453,66.32566327611534,7129200
2021-03-16,66.22901153564453,67.07246858998748,66.00936105160103,66.04450593343208,6512700
2021-03-17,64.1028060913086,66.06209165279792,63.9710144404386,65.89515511481581,10343300
2021-03-18,62.494964599609375,64.14674082813741,61.73936626170868,64.13795293029149,14198800
2021-03-19,62.24018096923828,63.81287982125578,61.55487227797773,62.538909223728155,22806700
2021-03-22,62.98697280883789,63.637136342615776,62.169872767835734,62.169872767835734,10057700
2021-03-23,65.03412628173828,65.27135260905774,62.8815537587999,62.89034165693824,10723800
2021-03-24,63.988582611083984,64.71782384956418,63.6195713951787,64.5157424485488,14537400
2021-03-25,64.53330993652344,64.77932411088791,63.67228378745073,64.23458849388213,6823600
2021-03-26,65.06925964355469,65.13076151322304,63.82164645702478,64.22580255815977,10106000
2021-03-29,65.71943664550781,66.07087210628453,64.7441878244884,65.113199080225,8644500
2021-03-30,65.2098388671875,65.50856031753284,64.78810697488706,65.113192114852,5964600
2021-03-31,66.43111419677734,66.72105453730074,65.39436331207186,65.49101009224631,9430500
2021-04-01,66.5716781616211,67.10762597882919,66.22902387890798,66.33445854405127,6548900
2021-04-05,67.45905303955078,68.08285958629415,67.24819045972781,67.24819045972781,7328400
2021-04-06,68.14437103271484,68.3113075627802,66.72982123374392,67.27455690334563,6570500
2021-04-07,68.01258850097656,68.583674475894,67.45906491460183,68.18830623122781,6761600
2021-04-08,68.32009887695312,68.89119156340158,68.03894648252952,68.26737819454745,7454600
2021-04-09,68.47823333740234,68.6890959137545,68.19708100119932,68.4430884574769,4969600
2021-04-12,68.21466064453125,68.78575330108488,67.8368615058759,68.33766439170262,6052900
2021-04-13,69.4447021484375,69.58527498128309,67.87200378072016,67.89836076792864,6319000
2021-04-14,69.52377319335938,69.61163875509452,68.86482169955319,69.00540123576843,4478200
2021-04-15,70.4463119506836,70.52538291687631,69.42713036507791,69.5940668979758,5012400
2021-04-16,71.11405181884766,71.52699585338978,70.50781426148141,70.92954619338872,15124100
2021-04-19,70.10364532470703,71.49183791407559,69.95428461277761,71.16675280293472,7658200
2021-04-20,70.7538070678711,71.13160613769244,69.96306404926823,69.98942773588854,7192100
2021-04-21,68.5046157836914,71.32492808977113,68.25860823597648,71.0613447439606,8565100
2021-04-22,68.81210327148438,69.67313611707276,68.54852000974078,68.70666862614678,8261700
2021-04-23,68.7418212890625,69.08447554619498,68.38159794065211,68.69789520926695,6034900
2021-04-26,68.4694595336914,69.06690920898723,68.12680526289546,68.87361568121479,7425100
2021-04-27,67.89836120605469,68.66274735603884,67.72264348806354,68.46945384432782,5871900
2021-04-28,67.73143005371094,68.04772733374253,67.32727390771541,67.87200960181467,5522200
2021-04-29,67.84564208984375,68.3288691293003,67.35362715419322,67.74020744511832,5558700
2021-04-30,68.10044860839844,68.21466446482512,67.37999517610294,67.86322229470983,8024600
2021-05-03,67.38876342773438,68.522160689493,67.23061481671688,68.38158787036666,6076000
2021-05-04,66.50139617919922,67.13399077403427,65.68429594473764,66.94947843120558,9178300
2021-05-05,64.82325744628906,66.68589618446005,64.48939108420248,66.56289243510176,10643200
2021-05-06,65.02534484863281,65.18349349853246,64.41031934204435,65.01655695052666,7069200
2021-05-07,65.48218536376953,66.448645918741,65.45582838458292,65.45582838458292,5677400
2021-05-10,65.71943664550781,66.52774893041705,65.24499072961714,65.31527379985145,6210400
2021-05-11,65.07807159423828,65.14836138646858,63.86560284268161,64.68270324354906,10515100
2021-05-12,62.85518264770508,64.7178211456748,62.820037766248966,64.57724161985034,9093200
2021-05-13,63.81284713745117,64.26093593808123,62.978178098049945,63.391122021846286,5469300
2021-05-14,64.24337768554688,64.70903565152445,63.953437430171824,64.13794303726476,5446200
2021-05-17,63.17148971557617,64.2785301926454,63.00455317846207,64.13795064492788,10369300
2021-05-18,63.51414108276367,63.84800743853885,62.62675116213834,63.03969518569274,8195100
2021-05-19,63.83922576904297,63.89193974503545,62.55646092548034,62.91669096996607,8486600
2021-05-20,65.27134704589844,65.69307227576314,64.12916170054497,64.25216545118897,10798500
2021-05-21,65.40313720703125,66.11480270574971,65.0077622719198,65.52614095487884,8689300
2021-05-24,65.04290771484375,65.78971810551847,64.94626095453509,65.69307134520982,6746900
2021-05-25,64.4630126953125,65.03409846923118,64.26971923814644,65.03409846923118,7440600
2021-05-26,64.55089569091797,64.84961717965925,64.18188442722514,64.48939381363583,7408800
2021-05-27,64.1379623413086,64.849627997605,63.962244577819085,64.68269813325087,10956100
2021-05-28,64.33124542236328,65.21863540078057,64.30488843245418,64.66511179988177,9177500
2021-06-01,63.6997184753418,64.83027253503165,63.629057161952744,64.83027253503165,9056100
2021-06-02,64.22083282470703,64.62712528345286,63.434744216037124,63.664390123548756,6421000
2021-06-03,63.92053985595703,64.45932066079784,63.61139824699592,63.61139824699592,8871500
2021-06-04,63.89405822753906,64.37984657137854,63.82340361822908,64.19436558699539,6586300
2021-06-07,64.00883483886719,64.43278911967148,63.69086575894807,64.09715808581544,5988500
2021-06-08,63.71738815307617,64.57413815046205,63.33759197089381,64.40631919549196,5803000
2021-06-09,63.991180419921875,64.38864522779362,63.655549311201256,63.92052584978242,6660400
2021-06-10,64.92741394042969,64.96274458830025,63.74386082197779,63.894011021453665,8203300
2021-06-11,64.90977478027344,65.00693242146494,64.4063246116607,65.00693242146494,4548400
2021-06-14,64.75077819824219,65.30722762927917,64.50347033495193,65.01575475955826,4991900
2021-06-15,64.85677337646484,65.42205044582336,64.5388041826214,64.84793902701524,7770300
2021-06-16,64.74195861816406,65.8813404526989,64.57413965927279,65.36022835307712,9646200
2021-06-17,65.87252807617188,66.21699368509613,64.49465890183856,64.77729752297222,10553800
2021-06-18,64.72427368164062,66.17279675889971,64.50346215475805,65.74884240091966,17539000
2021-06-21,65.65169525146484,65.82834180566597,64.14134497555271,65.08641819166033,6499700
2021-06-22,65.4573745727539,66.01381723713335,65.43087826568349,65.51920153546273,5513100
2021-06-23,64.78611755371094,65.63403322967436,64.48581703329327,65.46622100770234,6079700
2021-06-24,64.37097930908203,64.99808328957667,64.1148371077025,64.90093240911341,7925200
2021-06-25,65.236572265625,65.32489554790966,64.662460822823,64.6712951726418,6676800
2021-06-28,66.37596893310547,66.99423872347656,65.91667702714238,66.04033098521661,8444300
2021-06-29,65.4308853149414,66.8175816896366,65.38672030597685,66.02265869871452,6477400
2021-06-30,64.72427368164062,65.79300066311636,64.53879280769522,65.5986854412784,8672600
2021-07-01,65.52804565429688,65.78418789189111,64.54764171471135,64.74195698037832,6423000
2021-07-02,65.6075210571289,65.74884367160887,65.11290538371536,65.65168605881219,4282300
2021-07-06,66.35828399658203,66.3936146529074,65.39554888159186,65.81067567012292,6957200
2021-07-07,66.53495025634766,66.78225816023085,66.11098903638005,66.47312328037685,5661800
2021-07-08,66.35828399658203,67.144372568579,65.73118000873241,65.90783329035928,5881400
2021-07-09,66.23462677001953,66.6144228833099,65.60752281340211,66.2434611183193,5592800
2021-07-12,66.32295989990234,66.6762597594654,65.69585585002925,66.42011752974804,5743500
2021-07-13,66.11980438232422,66.91472722963553,65.91665481187626,66.33178156206289,5165500
2021-07-14,66.86173248291016,67.27685926167052,65.9254936975415,66.24346285835227,6956100
2021-07-15,67.8509521484375,67.90394474793425,66.4112637068454,66.82639037258767,7638200
2021-07-16,68.82256317138672,69.20235942218373,67.8951584231399,67.8951584231399,9088000
2021-07-19,68.0011215209961,69.22883317227897,67.1443716480936,68.38975199661378,9891800
2021-07-20,68.16009521484375,68.62821453734962,67.88629109910616,68.02760696126242,6562000
2021-07-21,67.02073669433594,68.25728304428156,66.95890971377042,68.16012539787356,8931900
2021-07-22,67.23271179199219,67.70083125984355,67.02956217494095,67.117885458541,5534800
2021-07-23,68.18660736083984,68.37209500213085,67.05605324637808,67.59483399446285,4953500
2021-07-26,67.93046569824219,68.13360854229892,67.51533892303914,67.82447373266903,6014000
2021-07-27,68.76954650878906,68.87553847382327,67.22386572986571,67.90396230759329,7592100
2021-07-28,68.7607192993164,69.18468046483669,68.20427658704052,68.79604995799593,5177500
2021-07-29,69.0345230102539,69.24650020156054,68.55756927583894,68.89320039029388,4141900
2021-07-30,68.80487823486328,69.64395940388715,68.66355561261776,68.87553954598604,5488900
2021-08-02,69.60863494873047,69.6969649648187,69.00802722795476,69.30833445765967,7520700
2021-08-03,70.14742279052734,70.52721898673295,69.22001817558446,69.55564935928263,6249400
2021-08-04,70.54487609863281,70.65969567820176,69.57329989215057,70.09441865186685,8050200
2021-08-05,71.09247589111328,71.20730219552837,70.2445604534228,70.4742063236201,6283700
2021-08-06,71.198486328125,71.54295185351411,70.7126981571226,71.09249434391504,4634300
2021-08-09,71.15431213378906,71.66659655007169,70.76568838577617,71.50761196359204,5621600
2021-08-10,71.1278305053711,71.37513841568313,70.83635758023112,71.26031881121973,4506800
2021-08-11,72.75299072265625,73.67156756417583,71.5164447152786,71.66659494953556,9419300
2021-08-12,73.30944061279297,73.42426020230225,72.27604409130655,72.44385630079947,6762800
2021-08-13,73.70690155029297,73.79523157181264,73.15929315322444,73.53025498452271,3999500
2021-08-16,74.14852142333984,74.5724825965226,73.4419284528809,73.70689828981517,8579700
2021-08-17,74.15735626220703,74.19268692175827,73.4154326275339,73.83938706488019,5257000
2021-08-18,74.56362915039062,75.0405828210798,74.09550982692694,74.39581698490124,9511700
2021-08-19,74.67847442626953,75.16425582900206,74.12202496640685,74.16618997512538,6968000
2021-08-20,76.20648956298828,76.33897785550164,74.21035104138802,74.66964289028304,7589700
2021-08-23,74.54598999023438,76.02984406214246,74.20152446806236,75.79136378455595,8837100
2021-08-24,74.31633758544922,74.61664480908185,73.67157160830087,74.39583325059438,5786100
2021-08-25,74.66082000732422,74.95229294789281,73.82173859025943,74.31635443706516,5930000
2021-08-26,74.36356353759766,74.70073712154709,74.23934382860568,74.62975249656127,5294000
2021-08-27,74.00865173339844,74.70073488260086,73.94653511129779,74.47891301326848,5974200
2021-08-30,74.48778533935547,74.75397430579777,73.6537396654717,73.87556154768475,6001700
2021-08-31,74.52326965332031,74.92255306012363,74.09737547608918,74.3724324142787,6844000
2021-09-01,75.72111511230469,76.09378102241331,74.58538814874828,74.6652475471525,5862300
2021-09-02,76.73263549804688,76.75925304323444,75.79210602812726,75.79210602812726,5214000
2021-09-03,76.03167724609375,76.58179123023545,75.75661348455567,76.0937871078345,4621100
2021-09-07,75.44606018066406,75.85421164612809,74.94918131304992,75.80985132978647,6791300
2021-09-08,76.69712829589844,77.16738955485613,75.23310266951619,75.52590914868583,6230100
2021-09-09,76.16475677490234,76.90120703447789,76.08490414817237,76.56404021695165,4108300
2021-09-10,75.35733795166016,76.28011789019565,75.06453141194395,76.28011789019565,5508000
2021-09-13,75.0467758178711,76.25348731831643,74.87818903238549,76.20912023704143,6498800
2021-09-14,75.10002899169922,75.58803992542315,74.93144216560044,75.233123498121,4658200
2021-09-15,75.07339477539062,75.54365606012772,74.58538395002216,74.8249553622817,5707000
2021-09-16,74.53215789794922,75.39282794726647,74.23048336532555,74.95805892164589,5380600
2021-09-17,72.43814849853516,74.47003761687075,72.35829587559073,73.99977634095485,15390400
2021-09-20,72.48251342773438,73.2367064008369,71.56860844401884,72.34941895731252,8994100
2021-09-21,72.68658447265625,73.52063682115447,72.51800446458331,72.69545924238615,6450700
2021-09-22,72.66883850097656,73.56500065916873,72.37603203798325,72.83741850162211,5662200
2021-09-23,72.10984802246094,73.09473763269224,71.99450309106544,72.91728285062747,6414300
2021-09-24,71.60409545898438,72.51800723098366,71.41776590434358,72.08323150068904,6113800
2021-09-27,69.88277435302734,71.68396712578968,69.69644476647957,70.99188387019305,8600900
2021-09-28,68.56068420410156,69.73190312681488,68.32999438848891,69.63430775526469,9257400
2021-09-29,69.51897430419922,70.12233007526508,68.72041419992581,68.87125821979208,7496100
2021-09-30,69.66980743408203,70.45949949066187,69.11969354881433,69.95373914664582,10186800
2021-10-01,70.28204345703125,70.61921027671261,69.22616914485388,70.11345666245731,7961100
2021-10-04,70.41512298583984,70.91200172395574,69.66093010992388,70.14006608002069,6027800
2021-10-05,70.52161407470703,70.8942732031853,70.17556571887269,70.47724699154541,5434600
2021-10-06,72.02999114990234,72.12759330511695,69.7851551188978,70.32640097255491,6876200
2021-10-07,71.79930877685547,73.29882694133727,71.68396382938262,72.29619442093403,5753200
2021-10-08,71.16934204101562,71.89691764780515,71.11610694791099,71.87917487325947,3592900
2021-10-11,69.05757141113281,70.4151198818317,68.97771203490446,70.27315066607675,8798700
2021-10-12,69.98036193847656,70.25541887514409,68.82688557338187,69.29714682747766,7791200
2021-10-13,71.15158081054688,71.30241804819623,69.73191551430445,70.13119891742231,6260100
2021-10-14,72.27842712402344,72.62446865090692,71.16931793030322,71.3024123874427,6486000
2021-10-15,72.46475982666016,73.15684291070666,72.04773366846146,72.70433121388584,14634200
2021-10-18,71.86141967773438,72.45590750500908,71.65734732390408,72.1719689788677,4942100
2021-10-19,72.7842025756836,72.89067952737007,72.06550176783504,72.50914557899436,5717500
2021-10-20,74.461181640625,75.11777940806799,73.09475777980747,73.42305666352897,6942600
2021-10-21,74.36356353759766,75.15324887453224,74.28371091158843,74.71847989306033,4945000
2021-10-22,74.90478515625,75.05562235831107,74.30142957854147,74.50550861680263,4732400
2021-10-25,74.78946685791016,75.25085339582007,74.47004280494689,74.88706902795263,3987300
2021-10-26,75.83647155761719,76.55517234077753,74.8604565604874,74.89594887649703,6969100
2021-10-27,75.42829895019531,76.61726074088682,75.20647711436793,76.31558629350486,4356900
2021-10-28,76.67937469482422,76.7414845414069,75.17986360748051,75.34844360851035,6568400
2021-10-29,75.71224212646484,76.71487453965067,75.36620055158362,76.45756035868095,7792600
2021-11-01,75.94293212890625,76.14701122777748,75.3573259124982,75.8098444225405,5135200
2021-11-02,75.79209899902344,76.51967450103136,74.87819392851591,76.17363290675117,7266400
2021-11-03,75.63239288330078,76.12927854092723,74.74510528617793,76.01392682084229,5723200
2021-11-04,75.20648193359375,75.76547055869123,73.7956914472063,75.56139824755361,6594000
2021-11-05,75.88969421386719,76.04940622501128,74.81607721596872,75.19761108873148,4885400
2021-11-08,75.05564880371094,75.95181110315244,74.56764472460381,75.88970124692183,5391000
2021-11-09,75.36619567871094,75.57026799456628,74.85156735004527,75.14437382354116,3917600
2021-11-10,75.59687805175781,75.74772204313726,74.98465439532174,75.3661882192295,5192700
2021-11-11,75.74773406982422,75.86307900440202,75.03790138304919,75.83646146330456,5370200
2021-11-12,76.58175659179688,76.90118052754806,75.44603005111004,75.74771122130358,6467100
2021-11-15,77.49568939208984,77.5045641628143,76.72375357572723,77.11416225400407,5543000
2021-11-16,77.17626190185547,77.56666375902633,76.90119820151347,77.25611451941347,5497200
2021-11-17,77.8860855102539,77.97481289479025,76.67050612622842,77.04316520296037,6203100
2021-11-18,77.72639465332031,77.97483410538841,77.03431138842565,77.83287160540694,5537400
2021-11-19,78.35636901855469,78.81776238046866,77.19402438088814,78.08131201745007,6765100
2021-11-22,77.51343536376953,78.4539579332494,77.4868178222886,78.21439329045471,5214500
2021-11-23,77.46907806396484,77.99258126723763,76.7769948202035,77.28274848060349,7408000
2021-11-24,77.7230453491211,77.8032584267996,76.81400686526315,77.18831642923718,4553900
2021-11-26,76.72489166259766,77.93694769615524,76.51991549778246,77.46460363003098,4340700
2021-11-29,79.01534271240234,79.24705435477128,77.13487334105312,77.73198740319161,8712500
2021-11-30,77.33983612060547,79.27377602760029,77.01899734900422,78.47168589804555,16328300
2021-12-01,78.2845230102539,79.92436634952051,77.53590375497552,77.53590375497552,10062800
2021-12-02,78.97966766357422,79.78175767305937,78.07953642246952,78.38254699503995,8303500
2021-12-03,78.45386505126953,79.45203096693308,76.6625162095645,79.45203096693308,11191000
2021-12-06,79.45201873779297,79.98674772481019,78.32016902914935,78.48950248149319,8946400
2021-12-07,80.57495880126953,80.69972867845352,79.26486829138925,79.79068323102918,7909700
2021-12-08,80.49474334716797,81.02947234790153,79.84415174998588,80.83340346109466,5356500
2021-12-09,80.12935638427734,80.65517136479858,79.7728680791288,80.65517136479858,5731200
2021-12-10,80.45909881591797,81.01165600386538,80.03131830865748,80.21847313051502,4996700
2021-12-13,81.7602767944336,82.09894373497706,80.33433041160208,80.44127894010771,6446500
2021-12-14,80.23631286621094,81.68008770772262,79.71940506869377,81.30577797825853,11022600
2021-12-15,81.99199676513672,82.04546763068166,79.83525239513888,80.4680159020664,9590000
2021-12-16,82.19697570800781,82.61584213326645,81.56420543273842,81.65333260353027,7623300
2021-12-17,81.04730987548828,82.31283691014269,80.86906232166088,81.99199811270228,15335400
2021-12-20,80.15608215332031,80.28085202516222,78.88164120569395,80.0313122814784,10167700
2021-12-21,80.6106185913086,81.40380160696421,79.63919479889097,80.7888661675204,6287900
2021-12-22,80.92253875732422,80.99383097832245,80.11152769849885,80.42345241364367,4142900
2021-12-23,80.83340454101562,81.37704762553471,80.56604343680101,80.81558318718061,5845600
2021-12-27,81.38597106933594,81.4127065028897,80.77102889980324,80.96709781179622,5410300
2021-12-28,81.88504028320312,82.1613222604044,81.55529424509731,81.68897819542721,3096400
2021-12-29,81.98308563232422,82.22371813481693,81.6265973171733,81.94743612086423,2945400
2021-12-30,82.67823791503906,82.80301461062035,81.82266999894189,82.19698648678703,3716300
2021-12-31,83.20405578613281,83.5338086670922,82.4376082894319,82.5089073122527,4811800
2022-01-03,81.68898010253906,83.46250060660559,80.69081428948063,83.25751763805448,7864400
2022-01-04,80.8155746459961,81.92959612777292,80.76210379069401,81.68005640376651,8379100
2022-01-05,79.96892547607422,81.54637699002585,79.92436189455188,80.4590908755805,6722300
2022-01-06,76.43970489501953,79.63917854048587,76.33276317057448,79.3985460615877,12658600
2022-01-07,77.01007843017578,77.42003750981625,75.31676445813218,76.43969318953756,13359300
2022-01-10,75.12071228027344,76.96553194816003,74.63054001125451,76.46645240112176,11378700
2022-01-11,75.56631469726562,75.7623835886199,74.57706296321331,74.71074691635926,8395900
2022-01-12,75.83366394042969,76.47534137558532,74.95136086681431,75.11178022560323,6484000
2022-01-13,75.66435241699219,76.47535664879321,75.50393302616526,76.2703804712885,7203100
2022-01-14,74.1492691040039,75.88714674204243,73.67692507092269,75.6465142878082,11084300
2022-01-18,72.41142272949219,73.23134120729966,71.92125037892794,73.07983586237981,10848100
2022-01-19,73.60564422607422,74.28297137622414,72.1886117771474,72.22426129025521,9673900
2022-01-20,74.42556762695312,76.00301944695335,74.10472881619897,74.25623414365255,12028900
2022-01-21,73.61454772949219,74.79986837212104,72.92831339922982,74.59488540105917,12809100
2022-01-24,73.0085220336914,73.12438463822576,70.62005931757652,72.76789634637531,14689800
2022-01-25,66.93042755126953,71.46672780013635,66.65415232413116,69.69320022100142,22925000
2022-01-26,64.73802947998047,68.20486451963018,64.4884897032626,68.1781290863317,24721700
2022-01-27,64.62217712402344,66.29766342831014,64.53305674178094,65.32623970280304,21250600
2022-01-28,64.61326599121094,65.01431112930757,62.19806748526653,64.45284657608237,25537100
2022-01-31,69.62190246582031,69.78232186226374,64.83606280479854,64.97866084583664,21787800
2022-02-01,68.82872772216797,70.82505293726702,67.75926268592053,69.550611692034,12082900
2022-02-02,69.27432250976562,69.52386226149166,68.47222559389749,68.99804052797043,8397700
2022-02-03,67.52753448486328,68.88218864182818,67.22452385468218,68.23159699548539,7960700
2022-02-04,67.74141693115234,68.4811219921301,66.43132664326525,66.93040606743283,12132000
2022-02-07,67.44732666015625,67.83946445451569,67.10866652831305,67.7325159289317,8184500
2022-02-08,67.25125885009766,68.40093002077812,67.03736859492064,67.50971269151717,6758500
2022-02-09,68.32073211669922,68.8643684988304,68.01771465181766,68.27616852498299,7390900
2022-02-10,67.24234771728516,68.49005339277322,66.57393469107178,66.76109632192657,9673300
2022-02-11,66.80564880371094,68.35636502070557,66.54719496763708,67.64339525171249,8999100
2022-02-14,66.77000427246094,67.11757850563647,65.84313738417653,66.7967397058669,8329200
2022-02-15,66.92150115966797,68.15138533691467,66.60957647683298,67.49188646471383,9102000
2022-02-16,67.04627990722656,67.41167546144221,66.37786693784464,66.95715273841697,7505100
2022-02-17,67.1799545288086,67.58991365197326,66.38677171233485,66.59175467364122,10093100
2022-02-18,66.08375549316406,67.56317248154085,65.78965219084513,66.80563923572188,9558600
2022-02-22,65.75401306152344,66.36004111368051,65.29949032254349,65.88769701998208,8233400
2022-02-23,64.45284271240234,66.32439791041071,64.36372233143989,66.14615714848581,7837100
2022-02-24,67.23343658447266,67.53644720858122,63.044711114020785,63.276429520335206,15750400
2022-02-25,68.7663345336914,68.83762675467428,67.03737068519133,67.83946766642585,12609500
2022-02-28,70.14192199707031,70.67961949439463,68.8245822725273,69.08446073589764,16345600
2022-03-01,69.39812469482422,70.64377743149012,68.59158523008524,69.96269890158742,13930300
2022-03-02,69.49668884277344,69.72968377032164,68.5467617270752,69.26368707811838,6988700
2022-03-03,70.60792541503906,71.11873256659491,69.59527456009015,69.76553905253698,10075500
2022-03-04,71.8804702758789,72.09554519808147,70.3301285742189,70.73339490798726,8996400
2022-03-07,75.43819427490234,75.62638567041871,72.33750429890831,72.55257920276875,19948900
2022-03-08,73.43976593017578,76.5314991586675,73.2515745429453,75.55468843015774,14717600
2022-03-09,71.97904205322266,73.91473671234631,71.79085065643696,73.82511590111773,12710000
2022-03-10,71.83565521240234,72.10449711287215,70.29427036945548,71.29795773724793,9554300
2022-03-11,71.0649642944336,72.66907279469783,71.01119044351603,71.9611176558408,7230600
2022-03-14,71.04702758789062,72.2657965380792,70.52725706914119,71.40549025037666,7133800
2022-03-15,73.4666519165039,73.7175737512602,71.78187930524209,71.87149326949688,9567000
2022-03-16,73.94161224365234,74.14772367818256,72.44503100515455,73.35014777147228,8261200
2022-03-17,74.1029281616211,74.59580843818762,73.86096291050526,73.98642384178459,6341900
2022-03-18,73.8161392211914,74.81982639784138,73.69963493311161,74.30901936340885,13470800
2022-03-21,73.30534362792969,74.1656499866622,73.02753145208487,73.4845715554171,7181700
2022-03-22,74.2463150024414,74.3448924329428,72.96481524303185,73.3680884142944,8516800
2022-03-23,73.99537658691406,74.47033673478403,73.49353293438836,73.91472607294685,6125800
2022-03-24,75.00804138183594,75.08869874801039,74.16566178411999,74.3000861696719,5498000
2022-03-25,75.22311401367188,75.4919559150736,74.56891906309023,75.35753154581903,5481000
2022-03-28,75.66221618652344,75.92210143922519,74.9901012755347,75.32168042631413,6177700
2022-03-29,75.8324966430664,76.20887939776829,74.96322682594021,76.1730324444004,8954300
2022-03-30,76.62112426757812,76.87204615369832,75.84146826104016,76.28954501114296,6829300
2022-03-31,75.91313171386719,77.32009187101549,75.91313171386719,76.22678394563161,10082800
2022-04-01,76.80931854248047,76.88997591579906,75.39339431852179,75.71601013757841,6453800
2022-04-04,76.7286605834961,76.9885459035452,75.85042719722297,76.74658064410615,6465700
2022-04-05,77.36490631103516,78.36859350519966,76.81825231973932,76.94371321900988,7203200
2022-04-06,77.50830078125,77.53518428762347,76.55838042481429,77.2215319847539,7621900
2022-04-07,78.03704833984375,78.22523975419523,76.80035213537887,77.33804970450723,7817400
2022-04-08,77.14984130859375,78.43134091724218,77.03334383039216,78.10873199013716,5731600
2022-04-11,75.79663848876953,77.26632917413134,75.59052024664037,77.20359872428442,6745200
2022-04-12,75.17830657958984,76.02964955663411,74.72126644092332,75.68015028503845,8714800
2022-04-13,74.87361907958984,75.70704201256684,74.45242588891973,75.60846459189479,7858500
2022-04-14,74.2104721069336,75.17831956644126,74.18358859479875,74.87363064610119,7164100
2022-04-18,73.22467803955078,74.92737050762078,72.64217708506547,74.38071650202295,6279100
2022-04-19,73.33222198486328,73.5741803536947,72.68699055183725,73.26949153093612,8104800
2022-04-20,73.04546356201172,74.40761368464233,72.87519223276752,74.40761368464233,8457000
2022-04-21,68.26897430419922,72.58843392606859,68.08974633799066,71.97904926900736,17712800
2022-04-22,66.2705307006836,68.43922678145503,66.20780024610178,68.25999202757359,15284800
2022-04-25,66.35120391845703,66.77239714443195,64.15562380876209,66.3153569591072,15697900
2022-04-26,65.93000793457031,67.18462411089878,65.85831401886969,66.36016459166595,10971600
2022-04-27,65.66114807128906,67.33695717273058,65.589461004813,66.16299855926323,10989600
2022-04-28,65.8582992553711,66.23468880986982,65.21306783292366,65.86726270210136,11325600
2022-04-29,63.64480209350586,65.82245480852004,63.51934118293771,65.3116477191763,14912900
2022-05-02,62.61423873901367,64.08392972625651,61.40442621372666,63.71650356089198,14338100
2022-05-03,63.41182327270508,64.1018584560944,62.3453984249039,62.73074470155493,10419900
2022-05-04,65.47295379638672,65.71491900096375,63.38492193478149,64.52303354594554,10859600
2022-05-05,64.37965393066406,65.39231160054007,63.80611632874646,65.15034636519849,10382300
2022-05-06,64.9442367553711,65.29373602774784,63.707540711169294,63.85989198247042,9364900
2022-05-09,63.367000579833984,64.59473309236489,62.96373431976628,64.34381125613545,10442700
2022-05-10,62.721763610839844,64.2900317872815,61.583651999691966,63.62688030134747,14731900
2022-05-11,62.90995407104492,63.940531653947296,62.318496493977285,62.41707389633965,11129000
2022-05-12,61.395477294921875,63.16985737000116,60.23943847649942,62.36331786446125,15364900
2022-05-13,62.551517486572266,62.901016807127554,61.41339870457228,62.219938227818595,8010600
2022-05-16,62.83827590942383,63.37596655667487,62.19304439787956,62.408119289358474,7339500
2022-05-17,64.54096221923828,64.54992566726177,62.84723290949904,63.53727482804914,8889300
2022-05-18,63.62690353393555,64.74709549756118,63.3670181779213,64.33486567540004,10316800
2022-05-19,63.142967224121094,63.70754140011797,62.30954429549267,63.70754140011797,9593500
2022-05-20,63.824031829833984,64.12872063522045,62.71280377915057,63.537263080073544,9747800
2022-05-23,65.01595306396484,65.05179319497394,64.03914198477041,64.35279440942548,10378700
2022-05-24,66.91576385498047,67.13980217524258,64.6753806523594,65.06969028389493,11133500
2022-05-25,67.02330017089844,67.34591587719521,65.94791220420701,67.31903237452156,11192100
2022-05-26,67.24735260009766,67.88362069973462,67.00538735100133,67.25631604857365,9431300
2022-05-27,69.78437805175781,69.80240017876301,66.84627627431227,67.13467843874528,9435300
2022-05-31,68.21619415283203,69.3427662223342,67.747536321331,69.19856169693382,29712000
2022-06-01,68.64878845214844,69.06336611523442,67.89173538287393,68.27927641863579,7994100
2022-06-02,70.7667465209961,70.88391441429474,68.49558030477353,68.90114349036861,9640600
2022-06-03,70.91996765136719,71.14528206695694,70.11784888195169,70.37920755311156,9293500
2022-06-06,72.27186584472656,73.44349686983406,72.16371243235683,73.17312365298682,12716900
2022-06-07,71.90235137939453,72.26285590065434,70.5504645817091,71.88432924755486,7405600
2022-06-08,70.7397232055664,71.72209778879102,70.51440875426414,71.18134448087584,5198000
2022-06-09,69.70326232910156,71.07317778761566,69.6672180745539,70.51439557742569,8354800
2022-06-10,68.41448211669922,69.30672540320874,68.28829970017394,68.9912865520237,8598500
2022-06-13,65.26007080078125,67.3780249375951,64.85450072604011,67.21579828290871,11882300
2022-06-14,64.42191314697266,65.89997544802557,63.33138511441564,65.16995192510255,11412500
2022-06-15,66.86431121826172,68.09002224501889,65.07981793999595,65.30513236585497,12085300
2022-06-16,63.87215042114258,65.86392957287731,63.19620699008116,65.53046167150823,12729200
2022-06-17,63.81806564331055,65.56650805854152,63.664853460299,63.664853460299,15919000
2022-06-21,65.54847717285156,66.15231819658193,63.809049493650846,63.809049493650846,8466900
2022-06-22,67.31493377685547,68.09001587943386,64.75535856283962,65.07079735434246,12686500
2022-06-23,69.57709503173828,69.76636520875444,67.88273294972726,68.08101075341968,12502500
2022-06-24,70.31613159179688,70.41527050137725,69.06338378097365,69.69426837612619,9320500
2022-06-27,70.19896697998047,70.46033255775416,69.72130146324102,70.054769312687,6557200
2022-06-28,68.89214324951172,70.5955198132809,68.70287995087635,70.21699321601015,6140200
2022-06-29,68.4955825805664,68.98226254508067,67.82865383336551,68.58570697190973,7082200
2022-06-30,69.81141662597656,70.51439649162134,67.88272580831774,68.00890132902065,8872900
2022-07-01,72.6053237915039,72.67742606339654,70.3792159981897,70.59552281386756,7718400
2022-07-05,71.29849243164062,72.74951778174115,69.90154033958979,72.55124000082553,11278600
2022-07-06,71.71308135986328,72.28087128652068,70.83886021211613,71.83024239601605,7918400
2022-07-07,72.44306945800781,72.62332506891529,71.92935300000634,71.94738199912133,5498000
2022-07-08,72.32593536376953,72.48816203588919,71.5688821445785,71.83024084450085,5708300
2022-07-11,72.7134780883789,72.98385817325651,71.84827144324224,72.1006225219007,6100400
2022-07-12,72.05555725097656,72.9117562734344,71.66801612789699,72.59631742349782,7553900
2022-07-13,72.33495330810547,73.27226224982924,71.26245432050831,71.54184203954232,7552400
2022-07-14,72.2177734375,72.4160512218167,70.76674806250978,70.93798921733789,6124400
2022-07-15,70.93800354003906,71.06417908716143,68.79301236290725,70.5234257600582,8780600
2022-07-18,69.85648345947266,70.89293114824619,69.8474689575389,70.5955144688846,6610800
2022-07-19,71.13626861572266,71.49677306120097,70.22599643800125,70.41525972476602,6403800
2022-07-20,70.5865249633789,71.55988523540755,70.17194711626732,71.34358524475209,6323700
2022-07-21,71.08221435546875,71.16332426745522,70.41527854644734,70.9470242927724,7847600
2022-07-22,72.32593536376953,73.72288764458051,71.43369210513694,72.21778195700608,11517100
2022-07-25,72.98384857177734,73.03792183121871,71.63196207734077,72.10061303661666,5035600
2022-07-26,72.01951599121094,72.65940822090144,71.36159475445788,72.58730594475423,6740900
2022-07-27,72.44306945800781,72.80357380377428,71.69503101989933,72.12763073398033,6056200
2022-07-28,76.19232177734375,77.75149364531893,75.96700736714675,76.43565831489445,13561500
2022-07-29,76.14726257324219,76.97642489856318,75.98503590916316,76.1562770757051,11474800
2022-08-01,76.88628387451172,76.9854227608779,75.30908307002241,76.11120178622156,7004500
2022-08-02,77.21074676513672,78.20212887605858,76.78715453907586,77.00346134135205,7664200
2022-08-03,77.92273712158203,78.2471904320271,76.03009739468607,77.30086713055395,7640400
2022-08-04,79.29265594482422,79.90551145952487,77.9137258797098,78.37336923474794,8679200
2022-08-05,79.29265594482422,79.75229242381175,78.3553471061026,79.2025246734457,8643200
2022-08-08,78.87806701660156,80.17588024139573,78.21113827654912,79.72525141345889,7243200
2022-08-09,80.13984680175781,80.3110879945132,79.11241339732901,79.50896905379336,5154000
2022-08-10,80.91490936279297,81.18528940368847,80.06772498563379,80.80676284727483,5693300
2022-08-11,80.59947967529297,82.04149067893108,80.47330414222782,81.39258400828122,7525800
2022-08-12,81.53679656982422,81.69902325344965,80.5093631988803,81.27543097531371,5262500
2022-08-15,82.01445007324219,82.1946988614445,81.23936790708136,81.5457990982859,5032700
2022-08-16,81.59087371826172,82.3299048952368,81.41062489501974,81.59988822223937,5250600
2022-08-17,81.29344177246094,81.71703399153982,80.8788640556743,81.0861563520929,4178000
2022-08-18,81.32949829101562,81.68098826713235,80.99603732067726,81.29344715550994,5090700
2022-08-19,80.8518295288086,81.64493384990188,80.54540520340349,81.212333993324,5542800
2022-08-22,79.79737091064453,80.6896142573702,79.5179831773182,80.1488609222653,5783400
2022-08-23,79.29265594482422,79.8964969571769,78.97721024710061,79.86044582383562,3473600
2022-08-24,79.95056915283203,80.0136569163252,79.27462588281209,79.44586704488664,5669200
2022-08-25,80.56344604492188,80.6265338251617,79.36477134431291,80.22097050591317,5595200
2022-08-26,79.36475372314453,81.61789805438121,79.07635152378828,81.10418142190129,7990000
2022-08-29,78.80780029296875,79.5594737136522,78.25537318566197,78.77158122806183,5827800
2022-08-30,77.61235809326172,79.08853693997759,77.16860207200092,78.97080081537993,7394200
2022-08-31,77.03276062011719,78.12857031327566,76.79730217687138,77.612362327087,6830900
2022-09-01,78.1195297241211,78.30065269138308,76.71580254494664,77.27729479849609,5896300
2022-09-02,77.07806396484375,78.99799941467172,76.77014659496045,78.29160318119794,5785700
2022-09-06,79.12477111816406,79.93983130848615,78.80779558926358,79.00703498135039,11077100
2022-09-07,81.72392272949219,81.88693615346942,79.34212200470073,79.43268348259966,11366600
2022-09-08,81.75108337402344,82.46653073319636,81.17148167458666,81.26205005400894,8852500
2022-09-09,81.41600799560547,82.39408848748516,81.35261427350572,82.2401263829022,5700400
2022-09-12,82.24012756347656,82.27635353511037,81.30733124944798,81.66958405638854,5573800
2022-09-13,80.47415924072266,81.93222186288293,80.10284819225046,81.5518595030319,5624800
2022-09-14,80.49224090576172,80.93600374801801,79.74962597531511,80.02131722937425,7281500
2022-09-15,77.89311981201172,78.60856725343028,76.82447776031539,77.3769117731905,18681000
2022-09-16,76.78824615478516,77.8749976591095,76.52561304420396,77.34973834734468,19190700
2022-09-19,78.64478302001953,78.69912543352048,76.56184141975746,76.72485484146473,8821000
2022-09-20,77.60330200195312,78.29157463065498,76.91502246385473,77.87498638399968,6242000
2022-09-21,76.04562377929688,78.28252720710918,76.0275073406232,77.88404846905121,6706300
2022-09-22,75.65621948242188,76.24487949638967,75.19434692876735,75.89168486988866,6748700
2022-09-23,74.73246765136719,74.86831332073734,73.6638256467318,74.71435811983679,6719700
2022-09-26,73.49174499511719,74.967916778709,72.74007177556834,74.68717418971453,7702900
2022-09-27,73.42835998535156,74.82302869587694,72.54989924026634,74.27964607171081,9247000
2022-09-28,74.59662628173828,75.19433753290006,73.58231981657592,74.5241743393558,8713400
2022-09-29,72.42310333251953,74.57849640972732,71.96123091976206,74.41548302342447,8291300
2022-09-30,71.01033782958984,72.99365965311821,70.90165991634818,72.72197523411032,12854300
2022-10-03,73.5279769897461,73.92644881435963,71.74388781534105,72.29632172952932,8115200
2022-10-04,75.00415802001953,75.06755174365266,73.86306408522569,74.24343333642209,8193700
2022-10-05,74.0532455444336,74.69624791301277,72.92120982557937,74.03513601306692,5468700
2022-10-06,71.46314239501953,74.01701427935075,71.40879999108292,73.92644590925524,8374600
2022-10-07,69.4888687133789,71.22767354662166,68.99982855851759,71.14616339944666,7697400
2022-10-10,69.4979248046875,70.34921775240228,69.19001445047381,69.7605578823739,6118000
2022-10-11,68.85494232177734,69.67000945513074,68.12138535645828,69.05418172208573,9143100
2022-10-12,65.88447570800781,69.1537952615281,65.76674648622192,68.65569680513129,9715100
2022-10-13,66.19239044189453,66.62709520598682,63.74719600839419,64.83394755452815,13643700
2022-10-14,64.99695587158203,67.77723515294574,64.69810371097996,66.82632935212594,8735000
2022-10-17,66.69953155517578,67.39686236749819,65.884464631464,65.92974881421317,7563500
2022-10-18,67.97648620605469,68.77344386290869,67.11614172765834,68.42024923203876,6998500
2022-10-19,66.69049072265625,67.44216413211477,65.67618418545688,67.23386651032098,8579600
2022-10-20,63.97359848022461,66.54558708519578,63.22192514590229,66.43690917476691,13023800
2022-10-21,64.88827514648438,66.11087208396614,63.66567820900261,64.37206724357446,11161300
2022-10-24,66.36445617675781,66.7357671827571,65.16902681868248,65.6490088239813,9989600
2022-10-25,68.70098876953125,68.90927948621423,66.65426612082223,66.79011179788401,9216900
2022-10-26,68.46550750732422,69.30774221844823,68.19382312562404,68.70097283231495,6247100
2022-10-27,68.3478012084961,69.67001832226433,68.33874298658431,68.87306752899822,7163300
2022-10-28,71.57182312011719,71.81634669760348,69.41642966093598,69.50699113395414,9123300
2022-10-31,70.18620300292969,71.78916227653953,69.51603990243598,71.04654724372311,8273700
2022-11-01,70.37638854980469,70.81109326156319,69.88734834010025,70.81109326156319,5410300
2022-11-02,69.98696899414062,72.2963244203489,69.7515036507891,70.36733130381818,7119000
2022-11-03,70.80204772949219,71.70767637432611,69.15380387227037,69.4979402699239,6920300
2022-11-04,71.36354064941406,71.70767705031174,70.11376868574682,71.18241077310083,7758900
2022-11-07,69.99604034423828,71.65334245937903,69.09041167927373,71.30014783279472,7008500
2022-11-08,70.883544921875,71.67144426280292,69.87830356882579,70.34016916337883,5518400
2022-11-09,70.82013702392578,71.64426217172489,70.63901411047793,71.18238976021775,4940000
2022-11-10,75.3482894897461,75.86449746558772,72.40499682359355,73.63665215356609,9315900
2022-11-11,75.44792175292969,75.93696206039775,74.2434408814937,75.41169577725816,5730900
2022-11-14,73.95362854003906,75.87355658770248,73.9083443501085,75.24867069552666,7904000
2022-11-15,75.08566284179688,75.90978119038918,74.29776355321984,74.73246136737482,5594900
2022-11-16,76.36260986328125,76.75203047125174,75.22151579420982,75.22151579420982,8444900
2022-11-17,74.57850646972656,75.48413498037145,74.14380865387946,75.40263173092407,8333900
2022-11-18,75.3482894897461,75.88261390510341,74.77774601415183,75.40263189889595,6664400
2022-11-21,75.71054077148438,75.84638642756241,74.82302871598243,74.82302871598243,6593800
2022-11-22,76.17242431640625,76.89692998125838,75.81922970487531,76.12714012132871,4105500
2022-11-23,77.29655456542969,77.36937446689919,75.94942111068403,76.0404425152769,4259700
2022-11-25,77.67884063720703,78.09755155532163,77.48769362388722,77.61512496610042,3622200
2022-11-28,76.21337127685547,77.3784616660749,75.85837607141887,76.76860380605737,6464200
2022-11-29,75.0846939086914,75.66723918106325,74.62048270208997,75.46699488608147,5398200
2022-11-30,77.0963134765625,77.27836325424609,74.69331196705072,74.72061769758102,9739200
2022-12-01,77.2146224975586,78.25228158772882,76.45002756851981,77.7334520426437,5830700
2022-12-02,77.55140686035156,77.5605110829345,75.91300096426609,76.21337780911891,6316900
2022-12-05,77.50590515136719,78.30690318348287,77.16001411347483,77.3693695808564,5511700
2022-12-06,77.53321075439453,77.59692642793415,76.1951746655749,77.28745228345244,5027700
2022-12-07,77.63333129882812,78.59817056203508,77.0143761058589,77.51500418270427,5108800
2022-12-08,78.06111907958984,78.6436641742932,77.27832280649119,77.61510256607842,4281700
2022-12-09,76.92334747314453,78.27958484755881,76.84142336624086,77.87908242377749,4460300
2022-12-12,78.78022766113281,78.82573488952006,77.18732883333568,77.47860148406765,5348900
2022-12-13,79.32634735107422,80.43682628289034,78.27958408201052,80.10003952577821,7179500
2022-12-14,79.2353286743164,80.65528174672254,78.58906085855551,79.60851844190333,6111600
2022-12-15,78.1066665649414,79.2353543443243,77.80629658695797,79.09881874824698,6469100
2022-12-16,76.5865707397461,77.24193590283245,75.79467001026885,77.00527471738741,16949300
2022-12-19,76.02222442626953,76.71399951352049,75.51249906960417,76.44093533437282,5681100
2022-12-20,76.02222442626953,76.49554678130492,75.32135206085465,75.91300153240533,4811900
2022-12-21,77.05078125,77.32384541122684,76.14055349027049,76.32259626442172,5356200
2022-12-22,75.8583755493164,76.95065299005681,74.78431349654235,76.95065299005681,4491000
2022-12-23,76.6138687133789,76.70489010026873,75.54890390334589,75.54890390334589,3254700
2022-12-27,76.45913696289062,76.71399964164898,75.97671732888557,76.55015835609187,4726500
2022-12-28,75.69454956054688,76.95066146401304,75.53070827361762,76.64118039115233,3536400
2022-12-29,76.53197479248047,77.08721444897606,75.99493664109625,76.21339636936548,3378300
2022-12-30,76.09503936767578,76.47733336030234,75.07558872067165,76.41361769486457,4266900
2023-01-03,76.30438995361328,77.27833331733476,75.1301953842598,76.79591374621378,5535400
2023-01-04,76.9051513671875,77.78807351881083,76.3044045796267,76.78682424321778,4831100
2023-01-05,75.21212005615234,76.46823885530766,74.76611038191666,76.10414634911065,5472600
2023-01-06,76.14054870605469,76.7959137629986,75.3850580462729,76.05862460169358,5235300
2023-01-09,76.52285766601562,77.30565419911315,75.99492382844052,76.13145939946685,4749000
2023-01-10,76.95066833496094,77.00527978731789,75.88570334707333,76.52286010619724,4921100
2023-01-11,77.36934661865234,77.69702911283136,76.659370196093,76.88692709791255,6153500
2023-01-12,77.43307495117188,77.97921021605814,76.81411979910433,77.46038067274318,4648600
2023-01-13,77.0781021118164,77.34206904732633,76.2315898512115,76.8596493510278,4943200
2023-01-17,78.04293823242188,78.7074076552594,77.53321283045628,77.54231705391646,8410200
2023-01-18,76.27710723876953,78.31601596248203,76.21339155816878,78.21589032946822,6107700
2023-01-19,75.17571258544922,76.76861127606438,74.90264840517894,76.5137485966839,7099700
2023-01-20,74.47483825683594,75.13020338341369,73.27333783960573,75.1028976605541,9429200
2023-01-23,75.24853515625,75.74916325462813,73.6374349074023,74.0743403891801,6864300
2023-01-24,76.36812591552734,76.64119013212398,73.07309825715168,75.35777234179716,6652300
2023-01-25,69.71434783935547,73.71935177636526,69.08629534383473,73.30064779785563,28527400
2023-01-26,69.54139709472656,70.49713200514377,68.08503417564832,68.35809831670201,18508700
2023-01-27,68.7950210571289,69.54140759993913,68.73130538680928,69.24103074936635,13243200
2023-01-30,68.31260681152344,69.49589891723379,68.16696701387355,68.59477523886038,10669600
2023-01-31,67.93030548095703,68.11235522712434,66.7652148834372,67.84838830354755,19020400
2023-02-01,67.5753173828125,68.30350248094456,66.75611088353588,67.92120842944472,15188700
2023-02-02,68.81322479248047,69.94190539385612,66.637780763734,66.96546334872814,18604100
2023-02-03,67.96672058105469,68.66760000406151,67.05649261469964,68.4946544682178,11671500
2023-02-06,68.73131561279297,68.78592706848151,67.76646924720316,67.90300483091276,9343400
2023-02-07,69.2501449584961,69.70525893912055,68.03954010335784,68.60388393934794,10855800
2023-02-08,68.29439544677734,69.31385315330813,68.13965837675113,69.15911608328192,9082200
2023-02-09,66.69239044189453,69.12270404013944,66.55586182217903,68.44913044193572,13163500
2023-02-10,68.03043365478516,68.49465184429951,66.82893306300355,66.82893306300355,9883000
2023-02-13,68.83142852783203,69.1864168131994,68.41272457443687,68.57655891123382,8114200
2023-02-14,69.20462799072266,69.47769914587614,68.08505153246684,68.53106127102879,7089400
2023-02-15,70.03294372558594,70.16947236840306,68.85874878593954,68.85874878593954,9344300
2023-02-16,68.8951416015625,69.65062536701909,68.86783587979123,68.99526721104831,7795600
2023-02-17,69.24102783203125,69.61422455995606,68.61296843356604,68.90424104911034,9436100
2023-02-21,67.0473861694336,68.74950778935852,67.0018719995425,68.66759061693932,11915600
2023-02-22,67.06558227539062,68.03042148797391,66.84712955535959,67.3386533837945,9351200
2023-02-23,66.32830810546875,67.69364992525988,66.12805686078137,67.69364992525988,9049900
2023-02-24,66.37381744384766,66.74701421981447,65.35436663045114,65.64563928349126,9127800
2023-02-27,65.83147430419922,67.4896263603803,65.66657470269239,66.84835401526728,7029700
2023-02-28,65.07110595703125,65.82231372760202,64.86040517407247,65.68489622299933,11276700
2023-03-01,64.0084228515625,65.08026677011837,63.7977150864393,64.91536716808328,11809200
2023-03-02,66.1521224975586,66.1612855296808,64.2374611554105,64.45732500092394,16066500
2023-03-03,67.63621520996094,67.67286034695272,66.12463650843952,66.77507196401699,10724800
2023-03-06,68.15840911865234,68.34162784904485,67.25146452132024,67.37055599714073,6888900
2023-03-07,67.56291961669922,68.24083712431128,66.89415815060532,67.73698225636983,7308900
2023-03-08,68.02096557617188,68.14005700647141,66.91247660550367,67.22394972598424,5913600
2023-03-09,67.57208251953125,68.6988906864621,67.23312027169513,68.25000002585885,7678100
2023-03-10,66.885009765625,68.03930017006994,66.29870153149076,67.7827911913044,10167100
2023-03-13,67.14152526855469,68.87296803281244,66.87585323206194,66.93081745018246,8388800
2023-03-14,68.29582214355469,68.57065022096441,67.26977914892525,67.78279715156692,8635800
2023-03-15,69.1844253540039,69.48674246287767,67.72781799381234,68.20419074984666,12030300
2023-03-16,69.83488464355469,70.09139365039516,68.55233262000606,69.31270359695907,8895800
2023-03-17,69.32185363769531,69.88984281033372,68.46987337341052,69.88984281033372,14137400
2023-03-20,69.59667205810547,70.5402614501172,68.9920378907908,69.25770984406446,7140100
2023-03-21,69.03784942626953,69.94479373223682,68.03928879519209,69.94479373223682,6222300
2023-03-22,67.91104125976562,69.60584559649283,67.8743961238496,68.99204830658073,7038000
2023-03-23,67.6178970336914,69.36766583507851,67.21481445845696,67.58125189242536,7541200
2023-03-24,69.34017181396484,69.39513602174816,67.52627607432227,67.78278502977086,5293900
2023-03-27,69.11113739013672,69.67911944658535,68.66223977794104,69.50506381122725,5515900
2023-03-28,68.92791748046875,69.85318789351741,68.54315405738323,69.16610735685987,5935500
2023-03-29,69.72493743896484,69.90815613023199,69.1386292396959,69.1386292396959,5680500
2023-03-30,70.16468048095703,70.5586070439806,69.7799169513098,69.95397963872733,6187000
2023-03-31,70.61355590820312,70.65020104076501,69.60583922545658,70.3295578781846,10124400
2023-04-03,70.23795318603516,70.58607847372116,69.44094421548003,70.58607847372116,5778700
2023-04-04,70.68685913085938,71.17239499495476,70.01809757036764,70.40286104878146,6165600
2023-04-05,71.75870513916016,72.32668733961937,71.21819805720367,71.36477861819046,8200400
2023-04-06,72.34501647949219,72.3724985885089,71.41974586963484,72.18927986883341,5427700
2023-04-10,71.85028839111328,71.91441561591043,70.82424580501568,71.77699813724703,5647500
2023-04-11,71.76785278320312,72.0152057035841,71.36477026635397,71.81366095048702,6019600
2023-04-12,71.99687194824219,72.77556877279635,71.69456184024268,72.08848827302099,6786400
2023-04-13,72.23507690429688,72.47326681766832,70.9800140689941,71.84115038921345,4928600
2023-04-14,71.4747085571289,71.88696115159011,71.0532999194223,71.81367086955088,4920900
2023-04-17,71.95108032226562,71.96024335382819,71.2639997313227,71.6212810794654,4393300
2023-04-18,71.731201171875,72.43660068595872,71.40140199950388,72.12512757279919,8147500
2023-04-19,72.31752014160156,72.52822092883721,71.72204893579928,71.74036800842399,3813300
2023-04-20,72.14344787597656,72.46408402422325,71.66707516848776,72.11596577603311,4350400
2023-04-21,72.36331939697266,73.08704505997115,71.9693929472227,72.77557190820562,5192600
2023-04-24,72.40913391113281,72.60151563750762,71.91443504787821,71.92359807942326,5725800
2023-04-25,71.29146575927734,72.464081918414,70.99831171949319,71.20901946184287,8399800
2023-04-26,67.8560791015625,70.49446606315807,67.81943396453885,70.3387294728165,12656700
2023-04-27,69.48675537109375,70.10054574421376,67.70951149983063,68.07594892361546,8155600
2023-04-28,70.20130920410156,70.26543644404256,69.08366402075065,69.08366402075065,10005800
2023-05-01,70.3570556640625,70.88839267850945,69.95396614541392,70.05473852507606,5214700
2023-05-02,69.56919860839844,70.55858929440988,69.17527214447018,70.22879705863596,7674200
2023-05-03,69.0653305053711,70.13717439558317,68.95539511047336,69.86234639235515,6265900
2023-05-04,69.17528533935547,69.32185891773051,68.3049789445397,69.05618688074544,6042300
2023-05-05,69.17528533935547,70.14635713779685,68.88213119325923,69.26689469950813,6215500
2023-05-08,69.67913055419922,70.25628272207113,68.96456786001987,69.19359472299249,6751700
2023-05-09,69.2394027709961,69.82571098003946,68.88212142452733,69.82571098003946,5588100
2023-05-10,70.43949890136719,70.68685181857812,69.56919964888708,69.74325530577613,5696000
2023-05-11,69.71577453613281,70.3936920822852,69.2027566081629,70.16466522310648,6542700
2023-05-12,71.41972351074219,71.44720561115525,70.15549796633316,70.43948898972684,8315000
2023-05-15,71.03496551513672,71.94190984429065,70.3753670978086,71.8869456392948,5430000
2023-05-16,69.47758483886719,70.99832654293043,69.3401743144537,70.99832654293043,6215700
2023-05-17,69.01952362060547,69.88066675654476,68.88211311112097,69.77989439002657,5408600
2023-05-18,68.79966735839844,68.93708487229196,67.98433229580067,68.47903115221028,6970600
2023-05-19,68.23167419433594,69.42260948051918,68.22251116439817,69.21190871735826,6338600
2023-05-22,68.32328796386719,68.86378794645827,68.2225155960376,68.62560506735598,4272600
2023-05-23,67.93852996826172,68.89127553929282,67.70950311209472,67.88355877002705,8751200
2023-05-24,68.01180267333984,68.17670226370919,67.48046576156655,67.92935637282712,6879400
2023-05-25,67.23312377929688,67.95684948826451,66.39030662050357,67.95684948826451,7716400
2023-05-26,68.15325164794922,68.74332254266913,66.9362295483144,67.4248813485481,7174000
2023-05-30,67.01922607421875,68.91851672568103,66.89014847853888,68.54972058050934,6874000
2023-05-31,67.72914123535156,68.01495485759878,66.27240058055571,66.97311243279425,11112000
2023-06-01,67.26815032958984,67.70148521399334,66.8071569690245,67.35113279227583,6738800
2023-06-02,68.08871459960938,68.41140852929281,66.86247063261222,67.34190764317056,7175400
2023-06-05,67.84900665283203,69.04759233154883,67.60929514444963,68.36532405487372,5266600
2023-06-06,67.65538787841797,68.36532164335767,67.63695123773165,68.0241839999528,5652900
2023-06-07,68.38375091552734,68.68800821057417,67.56318332648603,67.89509909668254,6488100
2023-06-08,69.05681610107422,69.2596543324574,68.2915653314745,68.66958331436162,9984500
2023-06-09,68.29155731201172,69.33339979226221,68.22701852180506,69.01992767817289,6011400
2023-06-12,68.20858764648438,68.66035921611059,67.94121062611751,68.60504225817301,7564300
2023-06-13,68.54971313476562,68.86319228608252,67.99652249419535,68.13482191288807,8579300
2023-06-14,67.67383575439453,69.10291114203051,67.5724166388215,69.05681602035273,8893600
2023-06-15,68.5589370727539,68.70645129879952,67.6830524511933,67.98730274060014,10098300
2023-06-16,69.69297790527344,70.45822862726659,68.89085390186942,68.91851238002805,23053600
2023-06-20,68.927734375,70.22773209083303,68.6880158400758,69.72985838023709,7801600
2023-06-21,69.86815643310547,70.09865312602767,67.9688659343708,68.64191233855117,7176100
2023-06-22,69.26886749267578,70.43057285945011,69.14901173797573,70.1355373574028,6976200
2023-06-23,68.38375091552734,70.0617664052096,68.22701486687905,69.4163785377165,9080100
2023-06-26,68.49439239501953,68.95538574238066,68.05183568650475,68.30999083555493,5670200
2023-06-27,68.14405059814453,68.96461832153125,67.49865559078555,68.74333641570462,5979100
2023-06-28,67.71070861816406,68.42063531482003,67.50787040934789,68.18091679220086,8735100
2023-06-29,67.12984466552734,67.85821495152133,66.85325289545607,67.00998893524977,7193200
2023-06-30,68.41142272949219,68.51284184761577,67.10220306633526,67.2497243414974,9259900
2023-07-03,68.5773696899414,68.6603521525119,67.76602390878782,68.10716152744352,2484500
2023-07-05,69.1029052734375,69.69297624073153,68.15326003026745,68.2085840194643,8450100
2023-07-06,67.32347869873047,68.49440597228629,67.31426389458083,68.49440597228629,7271200
2023-07-07,66.42916107177734,67.04689062621875,66.29086162553772,66.87171085870175,7511700
2023-07-10,66.11567687988281,66.83482550513864,65.55326433260295,66.1986593550593,7704700
2023-07-11,66.5582275390625,66.59510785416708,65.32276160276194,66.05113199912554,6623100
2023-07-12,67.73836517333984,67.83056243813154,66.55822330192514,66.88091724579628,9710500
2023-07-13,67.95965576171875,68.16249401177771,67.65539838663031,67.78447599408564,6058600
2023-07-14,67.48943328857422,67.99652885985365,67.1114223452397,67.74759551026276,6463500
2023-07-17,66.99156951904297,67.6922744773795,66.79794608575878,67.2681613602174,5148800
2023-07-18,66.42916107177734,67.37880648351306,65.7376708747812,67.09298575216394,7239500
2023-07-19,66.4752426147461,67.24049329793228,66.42914749821959,66.71496113696598,7464800
2023-07-20,68.31922149658203,68.34687997552419,66.06035661642464,66.4752478689593,9221600
2023-07-21,69.97879791259766,70.31992851883992,68.50362047346665,68.61425438502593,11878400
2023-07-24,69.6100082397461,70.68873118253777,69.49015247972531,69.96036071579252,8609700
2023-07-25,69.55469512939453,70.01568858696645,68.79866614034468,69.84973066087248,8847800
2023-07-26,68.56816101074219,70.24617670934916,68.11638241304722,69.04759105282943,7244600
2023-07-27,67.5539779663086,69.04759929648397,67.48022435932117,68.17171454351686,10185400
2023-07-28,67.16674041748047,68.57737916834607,66.82560978587591,67.99652998687242,6230700
2023-07-31,67.58162689208984,68.66034962641577,67.34190838417291,67.67382415384246,10876400
2023-08-01,66.53978729248047,68.05184511866399,66.46602665847122,67.60007354520947,6723400
2023-08-02,66.3000717163086,66.70574111007267,65.88517345110795,65.93127560308605,6589600
2023-08-03,64.63127899169922,65.92206203274719,64.59439867233195,65.64546315459346,9075100
2023-08-04,63.77382278442383,65.17524660500465,63.63552336296903,65.04616902076704,9140500
2023-08-07,63.28516387939453,64.28091116197172,63.25750540502294,64.07807297098007,8397200
2023-08-08,63.3497200012207,63.57099489094963,62.612134690723664,63.0085823108121,8890000
2023-08-09,63.54332733154297,64.1518419841207,63.1653164086818,63.42347158218716,7453000
2023-08-10,62.96249008178711,64.22561474406955,62.833412470657784,63.89369887710777,7959900
2023-08-11,63.54332733154297,63.56177100633673,62.84262244180008,62.97170002855277,6524200
2023-08-14,63.211402893066406,63.55254048814508,62.97169142709757,63.478779867446995,8021100
2023-08-15,62.09581756591797,62.907170556241184,61.9298596391884,62.83340991453871,7703900
2023-08-16,62.2894172668457,62.64899150594418,62.05892059900308,62.43693851068101,6433500
2023-08-17,62.243324279785156,62.83339520688077,62.04048607968348,62.0865811943064,6677600
2023-08-18,62.53837203979492,62.75042508399543,62.077378597722195,62.08659340193843,6291300
2023-08-21,61.84687423706055,62.510705837117854,61.46885628483871,62.46460368492467,6856100
2023-08-22,62.252540588378906,62.52913941960987,61.55183574187463,61.87452968884377,7370400
2023-08-23,62.59367752075195,62.82417419950983,62.04970873529956,62.75963541082564,7721800
2023-08-24,61.97595977783203,63.0731264262224,61.84688217616277,62.59368930499227,9242500
2023-08-25,62.65821075439453,62.89792924862629,61.98516445124352,62.04970323420594,10114100
2023-08-28,62.713539123535156,63.248293156447595,62.67666584158352,62.92559918286287,7152600
2023-08-29,62.67454528808594,62.99018912163091,62.303194185201775,62.92520320984617,11209700
2023-08-30,62.284629821777344,62.87879590376172,62.03397187149488,62.53529485499378,7461500
2023-08-31,62.01541519165039,62.934503900567734,61.9504292644125,62.66527446402935,11797800
2023-09-01,62.080406188964844,62.730265514417496,61.69048351075782,62.51673626009138,8296600
2023-09-05,61.458370208740234,62.45173033561698,61.09630483147238,62.033964771979655,10002700
2023-09-06,60.98491668701172,61.65334738920712,60.67855143468306,61.30056058364033,9250300
2023-09-07,61.504791259765625,62.173221822575016,61.152011610697606,61.53264135272717,9981100
2023-09-08,62.04325866699219,62.20108060444256,61.33769218736204,61.5140855780031,7484800
2023-09-11,62.693119049072266,63.027334383449386,62.15466022336088,62.20108177427657,7981600
2023-09-12,62.87879180908203,63.15729983760005,62.30319721745117,62.665262612578054,7171300
2023-09-13,63.528663635253906,63.84430754714555,63.018054856682234,63.018054856682234,8925700
2023-09-14,64.31777954101562,64.38276546796382,63.51937696254647,63.964999806573246,7944900
2023-09-15,63.723602294921875,64.88407000437621,63.6864664782674,64.37346137904318,18391400
2023-09-18,63.35226058959961,63.927855208552344,63.04590245198116,63.88143366012909,7534100
2023-09-19,62.748817443847656,63.27799761054352,62.52600958829898,63.1758758678058,8215500
2023-09-20,62.52601623535156,63.259432882557356,62.423894481757415,63.194446955991516,5804000
2023-09-21,62.117530822753906,62.8602260489814,61.98755189815659,62.303202858577244,9458600
2023-09-22,62.8509407043457,63.491521272818005,61.597636747584666,61.736894316765714,11796500
2023-09-25,62.637413024902344,62.665263119686166,61.99683251314015,62.405319457792395,8656500
2023-09-26,60.65998458862305,62.37748302783002,60.59499865891336,62.31249709812033,9042600
2023-09-27,55.66532516479492,60.33504701108144,55.26612391105825,60.06581759968377,25606200
2023-09-28,52.99160385131836,56.35231764226059,52.898764301505935,55.980966525944304,31153800
2023-09-29,53.18656921386719,54.55127714770046,52.898771880415445,53.53934892929771,19047600
2023-10-02,48.41472625732422,52.34174953467449,46.58582756055992,52.06323792365402,54022800
2023-10-03,48.999595642089844,49.305960868630386,46.88290331859878,48.34045072261212,36257500
2023-10-04,46.99430465698242,50.0857926826434,46.92003655678523,49.86298129911823,28467400
2023-10-05,45.90810775756836,46.53940253620434,44.78477575555632,46.242323057018794,29911400
2023-10-06,46.641536712646484,46.88291252582077,43.772859349110824,45.54605451288415,24718500
2023-10-09,45.78742599487305,46.80863643769425,44.914755317216155,46.13092353779038,20644600
2023-10-10,47.88555145263672,47.92268373572636,45.97309898556762,46.12163874232764,23164300
2023-10-11,49.705162048339844,49.73301214472957,47.99695315425245,48.3218827503559,22401400
2023-10-12,49.20383834838867,50.10436256086445,48.48898970589832,49.26882426666353,27972800
2023-10-13,50.58712387084961,51.29268687413047,49.66803163377339,49.69588173319567,22319200
2023-10-16,50.4849967956543,51.09772370862358,49.72373013231267,50.587118538060345,17089400
2023-10-17,50.29003143310547,50.91204402229815,49.714440389595865,49.742294025299046,13365500
2023-10-18,49.42665100097656,50.85634478094558,49.2688255229512,50.206485581626495,13593300
2023-10-19,48.63753128051758,50.12293235472868,48.62824909532977,49.46378387944814,11580400
2023-10-20,48.23833465576172,48.91604756641248,47.98767313404693,48.22905246968372,17798900
2023-10-23,47.82984161376953,48.795351680265505,47.30066857648104,47.59774805210031,15200700
2023-10-24,51.171993255615234,51.45979057946647,49.305962367617575,50.540698413369824,20060300
2023-10-25,52.416011810302734,52.86163104662537,50.97703236231919,51.626895076673115,19262400
2023-10-26,53.446510314941406,54.06852296249408,52.62025772138072,52.703811553396235,17357800
2023-10-27,52.21177673339844,53.864281997920045,51.923979400427974,53.25155504826293,11921000
2023-10-30,53.10300827026367,53.35366974492031,51.775432797897075,52.3695917564313,11017700
2023-10-31,54.12422180175781,54.30061518796922,53.279401317616376,53.43722679257043,19978300
2023-11-01,54.24491500854492,54.57913035014257,53.08444703992376,53.94783549189528,13428900
2023-11-02,55.61890411376953,56.138794996159476,54.30989649378318,54.32846440473999,15076500
2023-11-03,55.126869201660156,57.08573962217168,55.117583475055305,56.835078125846465,13938000
2023-11-06,54.811222076416016,55.5910566664187,54.64411441131065,55.14543740662675,9299500
2023-11-07,54.272762298583984,55.29397618301584,54.217062105510955,54.8205032930931,9615500
2023-11-08,53.381526947021484,54.00353608284773,52.71309625893709,54.00353608284773,12781600
2023-11-09,50.80064392089844,53.16799772847591,50.70780436402332,53.028740163896714,17147900
2023-11-10,51.19055938720703,51.40408505561844,50.6056825745785,51.06058754917113,12776100
2023-11-13,50.596397399902344,51.11628826279268,49.955820432519694,51.10700253692911,8951800
2023-11-14,53.42793655395508,53.60432992526919,51.47835207565518,52.06322883573181,13399500
2023-11-15,52.917335510253906,54.52342263672944,52.898767599133926,53.36295475273265,11295000
2023-11-16,52.545989990234375,53.63218988738008,52.52742561859599,53.307256720231365,11155400
2023-11-17,53.26082992553711,53.27011565129241,52.44386313240745,52.92661462768101,10136300
2023-11-20,53.23298263549805,53.54863003993847,52.27675823739922,52.91733523105762,8404900
2023-11-21,53.827144622802734,54.11494194748618,52.71309468965015,53.21441769078888,11952600
2023-11-22,53.787837982177734,54.57401844420504,53.33859251391722,54.26516017649028,9626900
2023-11-24,53.86270523071289,53.91886224766956,53.28243033663504,53.47897454055548,4629400
2023-11-27,53.890785217285156,54.003095680273326,53.226273016415796,53.815909195102876,9779100
2023-11-28,54.43362045288086,54.82671241689459,53.59128308019798,53.8720645846157,9473600
2023-11-29,54.620811462402344,55.4350686100032,54.26515747885265,54.77991766250181,17019100
2023-11-30,54.761199951171875,54.92030972532002,54.265158762323104,54.733123225851536,15381700
2023-12-01,55.37891387939453,55.72521015913415,53.97502046398643,54.79863893403915,10510200
2023-12-04,54.910953521728516,55.71585304478098,54.826723337967344,54.83608105717886,10239600
2023-12-05,54.4991340637207,55.08877021246557,54.162199121580784,54.92030274139561,12544800
2023-12-06,56.342918395996094,56.39907184292242,54.86414907532454,54.86414907532454,13235700
2023-12-07,56.01534652709961,56.67985879854846,55.631615798371556,56.51139130103023,12230500
2023-12-08,55.87495803833008,56.108940271681305,55.313398536115805,55.75328627730749,9408300
2023-12-11,55.884315490722656,56.09957871594684,54.77991906893908,54.77991906893908,11005700
2023-12-12,55.70649337768555,55.931114333766075,54.35875693034524,55.837522863780144,9931000
2023-12-13,58.50491714477539,58.589150893160536,55.52866636583346,55.781364040703274,13013400
2023-12-14,58.75761413574219,60.451643129090286,58.364525718595786,59.57187483460605,16809100
2023-12-15,57.559627532958984,58.87928714334223,57.11038208796526,58.12118344662978,28901500
2023-12-18,57.0916633605957,58.12118373078735,56.951272596348915,57.65321927701197,10755600
2023-12-19,57.62514114379883,57.86848465317405,56.96999021046946,57.428596934885626,11509600
2023-12-20,56.005985260009766,57.76553258355887,55.94982824096651,57.6064228147457,10091200
2023-12-21,55.78135681152344,56.76408493875188,55.275957956997125,56.27740151896512,12604200
2023-12-22,55.921749114990234,56.969988433449096,55.84687309281484,56.11829331777279,9799400
2023-12-26,56.35227584838867,56.679853091819425,55.800077677739665,55.85623469468686,6791600
2023-12-27,56.698570251464844,56.78280041871536,55.828156153691374,56.07149607863598,6787500
2023-12-28,57.11037826538086,57.185250716058974,56.268040880969636,56.268040880969636,5981900
2023-12-29,56.848323822021484,57.14782078895628,56.40843608983611,56.90447727189334,6814600
2024-01-02,57.62514114379883,58.16798161064713,56.32420056534664,56.67049325299639,10064300
2024-01-03,58.018226623535156,58.13989479428891,56.5862531628249,57.19460829773347,10306300
2024-01-04,57.84040451049805,58.73889538527313,57.774889774021865,58.18669719905577,10568100
2024-01-05,58.10246658325195,58.55171201721087,57.34436290516078,57.70001687923526,7803800
2024-01-08,58.888641357421875,59.019674395081324,57.64385784708142,57.82168304276285,7766600
2024-01-09,58.03694534301758,59.00095446846285,57.92463488277687,58.90735944302463,6921600
2024-01-10,58.28964614868164,58.71081483449569,57.93399576535878,58.046306224814145,8100100
2024-01-11,56.82960510253906,58.205418185635416,56.71729106165674,58.027592976333295,10686000
2024-01-12,57.12910461425781,57.70937957017386,57.0167905683755,57.260134097501535,7796900
2024-01-16,56.48331069946289,57.278852449064914,56.352281217720005,56.773449959240416,11633100
2024-01-17,54.53657531738281,56.16508954089539,54.09668760894325,55.65032937990659,11543100
2024-01-18,53.95630645751953,54.358756199562926,53.56321443423463,54.24644215274685,9626500
2024-01-19,53.59128189086914,54.087326586122835,52.95485358709234,54.021811855288675,12762600
2024-01-22,53.20756149291992,54.08733702584954,53.029736270659086,53.69424499468645,12979900
2024-01-23,53.70359802246094,53.825266201471514,53.244991318367745,53.61000299596988,16081000
2024-01-24,53.35730743408203,54.66760938152639,53.11396747998923,54.377470124086194,14471400
2024-01-25,54.26515579223633,55.55673864056274,53.404102940208936,55.17300794428352,15702600
2024-01-26,54.73311996459961,55.23852241196463,54.48978002898976,54.592732776077305,11650000
2024-01-29,55.7532844543457,55.95918995545368,54.4804205752881,54.723764089376694,10102800
2024-01-30,55.48186492919922,55.921752661665174,54.817356256531625,55.687770432955276,7807700
2024-01-31,54.87351608276367,56.13701875429401,54.6863295761666,55.8749597872295,11124900
2024-02-01,55.921749114990234,55.99662513716564,54.29323133552777,54.648885300290424,8687600
2024-02-02,54.42426681518555,55.247881674341414,54.2651570460696,55.116852199943224,14952900
2024-02-05,52.38394546508789,53.75040090107248,52.309069433934155,53.69424387770718,14293600
2024-02-06,52.627281188964844,52.95485844346205,51.953411243974365,52.412017972156306,10305400
2024-02-07,52.767677307128906,53.03909400004661,52.065730566607684,52.71152028258434,7761300
2024-02-08,52.683433532714844,52.8051017073194,51.84109617622523,52.8051017073194,8143000
2024-02-09,52.954856872558594,53.00165260173132,52.149957477760694,52.39329741163004,8003500
2024-02-12,53.86270523071289,53.93758125332178,52.8799806408254,52.96421438111777,9622000
2024-02-13,51.7100715637207,53.478976607957975,51.16723108967678,53.23563666564252,12759700
2024-02-14,52.4213752746582,52.47753229305743,51.56032241424882,51.84110036567426,8831300
2024-02-15,53.600650787353516,53.965662502470295,52.61792611505014,52.69279857365292,9880000
2024-02-16,53.37601852416992,53.74103018631021,52.72087121791045,53.21691234130263,9943500
2024-02-20,52.98293685913086,53.64744553705122,52.458815377374876,53.10460861870172,13014600
2024-02-21,53.441532135009766,53.66615661408138,53.011005751264555,53.366659688842546,9322100
2024-02-22,53.039085388183594,53.422819638169926,52.711511723908885,53.1513994190365,10426000
2024-02-23,53.14203643798828,53.77846831140126,52.889335232049156,53.16075544253396,10563900
2024-02-26,52.088932037353516,52.82563742774138,51.81502745781174,52.79730371363866,12753800
2024-02-27,52.47616958618164,52.88230292633238,51.748907642259724,52.362827535699374,12421800
2024-02-28,51.98503875732422,52.627296054409086,51.67335347948975,52.2778300878132,13240400
2024-02-29,52.126708984375,52.759522887062595,51.90947543657617,52.410060536513576,19993600
2024-03-01,52.145599365234375,52.53284240340664,51.267218200093566,52.192823422969596,15398200
2024-03-04,51.918922424316406,52.01337053974573,50.95553651448575,51.739465960850175,11674600
2024-03-05,52.32505416870117,53.37344118783446,51.90003045663928,51.947254512876256,16026100
2024-03-06,52.447837829589844,53.75124272453382,52.192823593429196,52.872861556524256,11074900
2024-03-07,53.12787628173828,53.33566646192223,52.447838312383325,52.9673137628432,10227300
2024-03-08,54.601287841796875,54.93185983584122,53.184544547953344,53.57178757081866,12735600
2024-03-11,54.657958984375,54.91297322696346,53.73235373514548,54.37461102693164,9681500
2024-03-12,53.9779167175293,54.780736413437076,53.411217282508304,54.4690511837309,9634400
2024-03-13,56.23526382446289,57.019193228324696,55.678011326527496,55.72523538168179,17495300
2024-03-14,56.23526382446289,56.89641140551641,55.82913046479992,55.914135205263435,16996100
2024-03-15,56.74529266357422,56.79251671905834,55.61189731713276,55.91413559578855,32424500
2024-03-18,56.830299377441406,57.746461276171416,56.14081801142572,56.74529823100898,17073700
2024-03-19,57.86924362182617,57.98258208064315,56.91530108480307,57.0380865169175,11433900
2024-03-20,58.74762725830078,58.945970470324255,57.95425080724208,58.03925555567569,14564500
2024-03-21,57.954246520996094,59.87157130134893,57.88813212187804,58.74762291337736,18090300
2024-03-22,58.35093307495117,59.02152764392305,58.29426564867506,58.76651341678691,10046300
2024-03-25,59.134864807128906,59.16319851964777,58.00146946783636,58.55872196614894,11423500
2024-03-26,58.02035903930664,59.41821195143378,57.897573615082834,59.14430739084392,13829600
2024-03-27,60.24937057495117,60.315484973651095,58.5776130586148,58.709841856014656,13409000
2024-03-28,60.36271286010742,60.69328847755015,59.87157472219388,60.13603233377627,12830800
2024-04-01,59.86213302612305,60.49494696106562,59.27654315128907,60.362714548610796,13175200
2024-04-02,59.3898811340332,59.82434822189157,58.898743016163685,59.75823382169419,9905300
2024-04-03,59.07819747924805,59.49377783803002,58.42649682974635,59.21042628323697,10551400
2024-04-04,60.19270324707031,60.42882714350616,59.47488818720982,59.8337939156577,10690100
2024-04-05,60.61772537231445,60.787734861473,59.408772207600016,59.55044437992239,10278100
2024-04-08,61.25998306274414,61.31665049087661,60.38160189704427,60.58939207476908,8054900
2024-04-09,61.751121520996094,62.20448259272577,61.19387255971502,61.53389156202983,9188000
2024-04-10,60.4571647644043,60.67439471489461,59.50322220035736,59.97546999559829,10783400
2024-04-11,60.39104461669922,61.193868001917174,59.8054583801972,61.04274525395318,12145600
2024-04-12,59.57878494262695,60.74051051022709,59.45599950421981,60.56106124395443,9039500
2024-04-15,59.267093658447266,60.759398303891665,58.84206995544319,60.00379900834467,11147100
2024-04-16,58.2753791809082,59.10653631688708,57.90702647375983,59.02153156885555,11594100
2024-04-17,60.24937057495117,60.37215239941417,58.48316134406883,58.78540322765143,15653700
2024-04-18,60.4571647644043,60.816070494652784,59.62600763595013,60.30604201108104,10135000
2024-04-19,60.73106384277344,61.297759704484115,60.11714032344986,60.65550247296433,13419400
2024-04-22,61.68500518798828,61.85501468383378,60.37215688348728,61.00496720460627,14747200
2024-04-23,62.525604248046875,63.441766109704126,61.486660555645734,61.61888935980973,14349200
2024-04-24,62.865623474121094,63.37565195183157,61.600002856266116,62.25170711210662,12149600
2024-04-25,63.1867561340332,63.39454631586722,61.87390784618682,62.33670866558928,11418500
2024-04-26,62.3272590637207,63.56455312902922,62.10058215033781,63.488991755925205,9982800
2024-04-29,63.677886962890625,64.14069496129353,63.243419883394694,63.300087309350545,9795800
2024-04-30,63.25287628173828,63.74401086037452,62.59172498804205,63.186761872961675,10042600
2024-05-01,64.80184173583984,65.0379656287103,63.035632423034336,63.15842145912175,13991100
2024-05-02,65.02851867675781,65.18908119453957,63.91401361380497,65.0568523909629,10815900
2024-05-03,66.24691009521484,66.37913888135871,65.46297714455591,66.01078623339673,12687500
2024-05-06,67.29531860351562,67.34254627087267,66.36026987847464,66.45471800725842,14042100
2024-05-07,67.95645904541016,68.0414674008815,67.3519824066826,67.71089536500392,13621100
2024-05-08,68.80648803710938,68.84426871759467,67.51253395864572,67.7203168924229,9915000
2024-05-09,70.44048309326172,70.58215887347384,68.5514919062454,68.94817832609574,16627900
2024-05-10,69.6943130493164,71.03549472282288,69.56208427620606,70.71436976124852,12046700
2024-05-13,70.44048309326172,70.52548423783128,69.50542726741939,70.02490272622069,7685500
2024-05-14,71.23384094238281,71.41329737328167,70.51602963064339,70.78048718822401,8176600
2024-05-15,72.77337646484375,72.90560524984315,71.7533196611955,71.7533196611955,12470600
2024-05-16,72.16891479492188,73.11341042816458,71.83833555854308,72.78283119178579,10414200
2024-05-17,71.8666763305664,72.30115070573362,71.34720800483865,72.11224723698037,9490300
2024-05-20,71.65888214111328,71.96112043802218,71.37553058516707,71.77221699874823,7179700
2024-05-21,72.67891693115234,72.68836390265407,71.26217385486534,71.65886739273093,6420100
2024-05-22,72.08389282226562,72.89615948986979,71.93277729658007,72.16890116028063,8773600
2024-05-23,71.139404296875,71.74388087035382,70.4782602964854,71.74388087035382,9097800
2024-05-24,72.35780334472656,72.82060413814126,71.08273581662455,71.23385135479036,7601100
2024-05-28,73.22674560546875,73.91623059129321,72.09335372310315,72.3672583226263,11986600
2024-05-29,72.42391967773438,72.63170985344897,71.9327851581693,72.50892081911076,6896300
2024-05-30,73.8501205444336,73.91623495470895,72.35781562001242,72.60338651786243,21762300
2024-05-31,75.57852935791016,76.00355667119307,73.79343337753743,73.9445561216191,16196000
2024-06-03,73.87217712402344,75.8114296107104,73.69155823107631,75.57377622635082,15410500
2024-06-04,73.33983612060547,73.94822820648714,72.75045311439258,73.77711747904506,8484300
2024-06-05,73.2447738647461,73.51094448719536,72.81699343357647,73.2447738647461,9264600
2024-06-06,72.91204833984375,73.92920443602048,72.84550568878939,73.14020078854873,6550600
2024-06-07,71.66675567626953,73.1972440873963,71.30552513456855,71.82835824077213,10059500
2024-06-10,73.1687240600586,73.25427579591805,71.15342077941497,71.74280377488954,11218500
2024-06-11,69.14762878417969,71.60021352593883,68.01640357201796,71.58120444575881,22781500
2024-06-12,68.69133758544922,70.29786956327419,67.87380934710265,70.14577516567331,13930500
2024-06-13,69.56591796875,70.0792502895476,68.78641494515536,68.97653480355103,10023200
2024-06-14,69.45182037353516,69.90811804720686,68.80540289985345,69.16664067352015,6568500
2024-06-17,68.73887634277344,69.77504907752748,68.62480733709543,69.13813962046801,8445300
2024-06-18,66.96122741699219,67.10381366153422,65.56382419962806,65.68740136243333,29169800
2024-06-20,68.88145446777344,69.29021856957208,67.29393163739955,67.49355960535624,14857200
2024-06-21,69.21415710449219,70.05070151122271,68.51070524187243,69.73699735869877,19465500
2024-06-24,70.20280456542969,70.59255957635581,68.68182443672907,68.91947780848245,12063700
2024-06-25,69.37578582763672,70.09824696371751,68.81492001523549,69.93664438743153,10753200
2024-06-26,69.74652099609375,69.97466622463129,68.36812695312389,69.2046715454383,11481500
2024-06-27,70.07923126220703,70.71614059277265,69.61343265878205,69.98417135881908,9824500
2024-06-28,67.31295013427734,69.68948425569775,66.40987006918022,69.59442434136224,23935600
2024-07-01,66.44788360595703,68.09244086250816,66.10566217344594,67.93083831176827,11036400
2024-07-02,66.98973846435547,67.11331561572064,65.95356591676524,66.54294893253437,9415200
2024-07-03,68.2825698852539,68.35862070636885,67.06578575783666,67.41750811343371,4487200
2024-07-05,68.52973937988281,68.77690097704219,68.10196610825939,68.44418762660096,7688800
2024-07-08,68.54875183105469,68.99554141315943,68.19702216474514,68.5867772478941,5368700
2024-07-09,68.55825805664062,69.38528727850216,68.1399857358605,68.50121630669376,6220100
2024-07-10,69.29973602294922,69.5183730993724,68.1399862181102,68.69134387165768,6740900
2024-07-11,71.01081848144531,71.49563334892254,69.83205988949345,69.87008529602154,12188700
2024-07-12,72.24663543701172,72.91206207288901,71.07737748813433,71.29602181284052,11099400
2024-07-15,67.46504974365234,70.7256547489954,67.26542175384844,70.50701042533987,19575400
2024-07-16,68.34912109375,68.71985982732257,67.35097388637378,68.00689960851281,10551800
2024-07-17,67.39849853515625,68.68182530839056,66.99924260616876,68.20651855885153,11878900
2024-07-18,68.1304702758789,68.78639593550704,67.32245022208822,67.49356094839966,10212300
2024-07-19,68.44417572021484,68.78639717902438,67.91183445211371,68.36812489545586,7752100
2024-07-22,69.29973602294922,70.48800307666026,69.1666506931421,69.34726235353374,9034700
2024-07-23,68.54875183105469,69.41380649317959,68.35863199946431,68.8529479131633,7027500
2024-07-24,71.68577575683594,72.00898090273914,68.71985868495318,69.1381309938691,17813700
2024-07-25,69.81305694580078,71.93292096459336,69.67997163756291,71.47663055137937,13934200
2024-07-26,70.59256744384766,71.28651130524811,69.88910816318175,70.56405019647588,7076200
2024-07-29,70.66860961914062,70.98231383922705,69.92713219174072,70.7826858589737,5977500
2024-07-30,70.611572265625,70.84922564953062,69.58490790652729,70.84922564953062,8505500
2024-07-31,72.61737823486328,73.08317690604966,71.00133788435969,71.1724486363924,15618100
2024-08-01,74.51859283447266,74.54711007949575,72.15156721368345,72.5508231492179,11136600
2024-08-02,75.28858947753906,76.58142447232922,73.97674540309275,75.44069112521119,14513100
2024-08-05,72.89305114746094,75.09847440963978,72.71243224260377,74.67070119062736,11877600
2024-08-06,73.1687240600586,74.52810168869065,72.88353710198254,73.05464782630705,9050900
2024-08-07,73.7295913696289,74.87033208566618,73.47292887876925,73.8816930328098,8193200
2024-08-08,73.7105712890625,74.36649692159261,72.81699228272936,73.31131536169869,6935900
2024-08-09,73.634521484375,74.1763708940148,72.5793399099282,73.67254689502057,5041200
2024-08-12,73.74859619140625,73.77711343564941,73.09267056339236,73.51094281923952,5955600
2024-08-13,74.26193237304688,74.623162907393,73.70106661296116,74.48056942583861,5108900
2024-08-14,74.15736389160156,74.69921331641461,73.29230209355306,74.14785572552255,4620700
2024-08-15,73.58700561523438,73.96724527050083,73.32082770289871,73.71058277793531,5946500
2024-08-16,74.68971252441406,74.89884868316625,73.42539465748956,73.69156531313547,6344200
2024-08-19,75.43119049072266,75.64032665085077,74.55662768710191,74.68971301580044,5617000
2024-08-20,75.0794677734375,75.84946249377406,75.0604514393564,75.43119017526708,5967300
2024-08-21,75.70687103271484,76.03958436200922,75.22205603711066,75.26008145368812,5125300
2024-08-22,75.02242279052734,75.99205271389474,74.5851414093914,75.7448911497375,8006600
2024-08-23,75.72587585449219,76.35327700111797,75.25056909844623,75.53574880051049,5052900
2024-08-26,76.65748596191406,77.06625013114919,76.0110683745796,76.0490937917883,5378700
2024-08-27,75.6783447265625,76.65747551528192,75.6498274806939,76.39130488370061,5086000
2024-08-28,75.48823547363281,76.17267122799286,75.27909930454776,75.79243155977287,5462400
2024-08-29,76.07759857177734,76.22019204978602,74.82278901999108,75.6022918134855,5179200
2024-08-30,77.02959442138672,77.24964754697238,76.03455223289706,76.14936002030538,6808200
2024-09-03,76.47466278076172,77.67062584983432,76.18762872435258,77.27834645938046,9883900
2024-09-04,77.57494354248047,78.01505703781454,76.84779601560828,76.93390914490118,7517700
2024-09-05,76.85737609863281,78.58912836960896,76.76170050844699,78.41690938744263,8494900
2024-09-06,76.52250671386719,77.68019812645832,76.35985018349922,77.36446211404814,8181500
2024-09-09,77.68020629882812,77.7280404484327,75.83363877382955,76.6468923129099,6918000
2024-09-10,78.74221801757812,78.82832386200332,77.54625484780676,77.94809672095076,9588000
2024-09-11,79.8233642578125,79.95731154577727,78.19685730419467,79.12491857092783,10216500
2024-09-12,79.85206604003906,80.34002104494647,79.13448815617863,79.8233640926174,7856600
2024-09-13,80.99063110351562,81.06717450185893,79.89034347596652,80.27305316810276,6734400
2024-09-16,80.9810562133789,81.86128333971178,80.72273138484331,81.41160002746483,8791400
2024-09-17,81.29679107666016,81.32549302391232,80.54094150084129,81.12457209356751,7415100
2024-09-18,80.63661193847656,81.3159180784923,79.89990190762488,80.83753285598156,9286200
2024-09-19,78.7326431274414,80.17736858607334,77.94809163128237,80.01471205792447,13965200
2024-09-20,79.18232727050781,80.13909775415482,78.50302110306798,78.69437227996559,26032300
2024-09-23,81.15327453613281,81.2680896254219,79.35454860141539,80.04342453799049,7916000
2024-09-24,80.64618682861328,81.58381783675104,80.29217911353615,80.5600736872898,8205300
2024-09-25,80.9619140625,81.52640509600354,80.2251967650374,80.95234431459585,8354700
2024-09-26,79.85206604003906,80.94278383954054,79.64157535950724,80.6079156203216,8462500
2024-09-27,80.8853759765625,81.17240273627768,80.13909618189196,80.14865863084358,8200900
2024-09-30,80.87581634521484,81.27765823883223,80.37829885305717,80.84711439561079,13884400
2024-10-01,81.58381652832031,82.04306957566088,80.19650223666866,80.4739665549149,9112600
2024-10-02,81.73690032958984,81.88997980673402,80.83753376528773,81.10542832497451,8403800
2024-10-03,81.37332916259766,82.37793374881022,81.08629510963453,81.94738996894472,7031500
2024-10-04,80.2251968383789,80.44525724290212,79.4215132035892,79.88075890930364,8341800
2024-10-07,76.81910705566406,79.93818104058353,76.72343146217399,79.93818104058353,11971600
2024-10-08,77.02002716064453,78.27339421087147,77.01045741152484,77.28792173935749,10098300
2024-10-09,77.09657287597656,77.59409035148477,76.21634571953436,76.21634571953436,10102500
2024-10-10,77.44100189208984,78.99096533601377,77.32618681122989,77.49840578273023,7928400
2024-10-11,78.32123565673828,78.34036785539783,76.91478181891821,77.47928022370209,7057000
2024-10-14,79.32584381103516,79.59373837686226,78.08203927017566,78.35950358466214,5815200
2024-10-15,79.2110366821289,80.4165696490188,79.09622158542219,79.41195762668052,15824900
2024-10-16,80.74186706542969,80.98105970569925,79.15363172982138,79.48849996628276,8061600
2024-10-17,80.1582260131836,80.97147942440586,80.08168262635395,80.65575072799709,6153000
2024-10-18,80.73228454589844,80.76099378983689,79.93817065349535,80.29217103336813,8595300
2024-10-21,80.39742279052734,81.28721963471055,80.0434223823507,81.09586845729504,7053800
2024-10-22,80.08168029785156,80.58877474616898,79.54589120478131,79.60329509344486,8358500
2024-10-23,81.2872085571289,82.28225060316309,79.4119395356109,80.93320089761588,10825100
2024-10-24,79.23015594482422,80.89494172712898,78.93355945123636,80.36871507762248,9705100
2024-10-25,77.90982055664062,79.5363274544426,77.77587327327244,79.31627433158607,6580700
2024-10-28,79.2875747680664,80.2156360308446,78.08204188194114,78.49345349310248,8679600
2024-10-29,76.12065887451172,77.21137666384638,76.03455303304933,76.49379878667465,19232900
2024-10-30,75.67096710205078,76.4363863385428,75.47961594271719,76.30243906709353,11650200
2024-10-31,75.82405853271484,76.39811934560188,74.76204274406317,75.00123535773103,13034700
2024-11-01,74.00619506835938,76.02498136240537,73.6426249142979,75.9580077208788,14615300
2024-11-04,74.98210144042969,75.41264521532385,73.76699890310589,74.00619151128689,11759100
2024-11-05,75.25000762939453,75.38395492672153,73.64263276189035,74.408044846676,9051700
2024-11-06,71.29852294921875,71.7386437318665,69.5476387642804,71.08803960481221,28637800
2024-11-07,71.39421844482422,71.84389445514961,70.38960648441575,70.4278781809587,16311300
2024-11-08,73.64263153076172,73.85312222292245,71.45162606171247,71.73866015094622,14657100
2024-11-11,72.62845611572266,73.81484955647714,72.46579957418034,73.65220031451483,10275700
2024-11-12,71.04977416992188,72.52320150795191,70.43744167873785,72.34141279040135,12569800
2024-11-13,71.0306396484375,71.79605896581589,70.72447338140206,71.40377955827508,12451500
2024-11-14,72.02568054199219,72.88677543361547,70.46614728797074,70.68620041053147,13780200
2024-11-15,73.04942321777344,73.37472897020713,72.03524886525177,72.18832834318933,12930300
2024-11-18,73.08769989013672,73.35559446945815,72.05438597025706,73.00159404660333,9044300
2024-11-19,73.74787139892578,73.97749427350855,72.44666294365744,73.01115403108584,7942200
2024-11-20,73.55650329589844,74.14970355216406,73.05898591613722,73.85310707382055,7065200
2024-11-21,74.0157699584961,74.15928700018793,73.05899941332379,73.47041103973108,8908500
2024-11-22,73.20187377929688,74.68517578769732,72.97071202494216,74.38659154880166,8165400
2024-11-25,73.81830596923828,74.26136903596057,73.03813049832505,73.90499621517269,20803100
2024-11-26,74.63701629638672,74.9163401272666,73.65457329510227,74.1650588883138,10563600
2024-11-27,75.62909698486328,76.45743463575471,74.99340026935376,75.25345634649395,8689700
2024-11-29,75.7735824584961,76.08180063349064,75.43646997779908,75.6868995413887,6186500
2024-12-02,74.23247528076172,76.13957987180105,74.06873601874048,76.01436144325594,11361500
2024-12-03,73.48119354248047,74.71406596228547,73.42340494420813,74.23247471401794,9806900
2024-12-04,72.95144653320312,73.22113647977505,72.33501027003874,73.20187606151988,8310200
2024-12-05,73.39451599121094,73.7220019178959,72.64323468972854,72.85513605137754,6487200
2024-12-06,72.46985626220703,73.68346838734327,72.16163812629148,73.3848841349407,7079200
2024-12-09,71.9497299194336,72.84548993972852,71.81488495710957,72.72027885999887,9269700
2024-12-10,71.41035461425781,71.77636134264213,70.6494395078669,71.75710092472708,8619200
2024-12-11,71.2562484741211,71.80526223515874,70.87097398338422,71.46814246295166,7472800
2024-12-12,70.52423858642578,71.35257629767614,70.39902013217811,71.12140715837313,6969600
2024-12-13,70.90950012207031,71.03471120483597,70.25453571125863,70.36048637686783,7671200
2024-12-16,70.11005401611328,71.48740526460799,70.08115971730207,70.98654625688309,9767000
2024-12-17,69.60919952392578,69.92705152846646,69.15650989901897,69.64772770767311,7723000
2024-12-18,67.92362976074219,69.86926261452997,67.83694685907324,69.31061497544242,12496000
2024-12-19,67.20124053955078,68.38595826107533,67.14345194042743,67.92362742259031,13731700
2024-12-20,69.03128814697266,69.32987971953877,66.7678107372259,67.01824024529768,27547500
2024-12-23,69.82110595703125,69.85963414359102,68.62676156767907,68.71344447606342,7509000
2024-12-24,70.22564697265625,70.22564697265625,69.37804158065816,69.75368220720274,3001800
2024-12-26,69.70552062988281,70.21600618248749,69.6091965004485,69.81147129346107,4503800
2024-12-27,69.4551010131836,69.76331916517475,69.04093218252356,69.2528335398613,5458100
2024-12-30,69.11798858642578,69.26246745271625,68.36670729991577,69.0409322112708,8399000
2024-12-31,69.0505599975586,69.74405261571147,68.7712361736637,69.21429926892809,6216500
2025-01-02,68.97350311279297,69.9463195475571,68.66528499019934,69.80184069510703,5344800
2025-01-03,69.33951568603516,70.00411405426722,68.95424116316873,69.27209319567105,5088900
2025-01-06,68.61713409423828,69.2913663992719,68.23185954114777,69.15652140796536,7025900
2025-01-07,67.83695220947266,69.2528318364017,67.48057199467073,68.82902913215077,8975400
2025-01-08,68.05848693847656,68.09700777630319,66.90266339417359,67.44204330574821,7930600
2025-01-10,64.89923095703125,67.49019410390117,64.60064674849195,67.41313774411718,16261800
2025-01-13,64.49470520019531,64.8799797050328,63.46410012514253,64.74513473061467,17056600
2025-01-14,65.47715759277344,65.50605189554803,64.4176508343708,64.513974974953,10699100
2025-01-15,66.73890686035156,67.4612936331023,66.46921697428435,66.71963909791918,12416500
2025-01-16,68.74234008789062,68.79049480548449,66.35364417054875,66.42106665397978,11469500
2025-01-17,68.15480041503906,69.19503200126536,68.13553264856277,68.47264507689998,12664600
2025-01-21,68.2414779663086,69.23355475553232,68.17405548592929,68.7327030939288,12153800
2025-01-22,65.96836853027344,67.97178992922845,65.82388968302678,67.96215604647882,14415200
2025-01-23,66.6811294555664,66.7967066555553,65.75646776465838,66.31511539293629,10780100
2025-01-24,70.14859008789062,71.32367402838474,65.49641639501637,65.5927331847208,24588500
2025-01-27,71.11177062988281,71.20808741680786,68.03921589202514,70.60128504553025,19128900
2025-01-28,67.94290161132812,70.19674537221152,67.34572575276496,69.66699935033299,16630500
2025-01-29,68.28002166748047,68.88682412881768,68.01033168466392,68.1451766760722,9496700
2025-01-30,68.67491912841797,69.34914397769006,68.18369396766275,69.3395100945577,8639200
2025-01-31,68.92534637451172,69.08909300581442,68.31854396550843,68.87719165230526,10708600
2025-02-03,68.43412017822266,69.14687317703593,67.6057826329129,67.90436685907129,9128300
2025-02-04,67.32646179199219,68.24148227614278,67.05677185344253,67.66357421517927,10574700
2025-02-05,66.65222930908203,68.18369337994183,66.59444070778532,68.14516519624414,9026100
2025-02-06,66.71965026855469,67.05677003107975,65.74684120929511,66.84486869983525,9145300
2025-02-07,65.7564697265625,66.83523683247488,65.68904724172421,66.59444119398103,9320400
2025-02-10,67.13381958007812,67.17234776320049,65.5830951147755,65.82389074791566,9121300
2025-02-11,67.7406234741211,67.78877818752315,66.18026525961585,66.85449738373492,7020100
2025-02-12,66.72928619384766,67.6057858456417,66.44033583662413,66.75818049472004,8574000
2025-02-13,66.07432556152344,67.0953041248752,66.03579737531203,66.8641350076068,15173000
2025-02-14,65.55419921875,66.4788535456791,65.38082607316959,66.07431865549125,14184600
2025-02-18,65.97801208496094,66.02617415726986,65.04372373077149,65.49642075587363,12090900
2025-02-19,66.51737976074219,66.95081628612488,65.89131702713243,66.01652810415456,8843000
2025-02-20,67.55762481689453,67.84658252705911,66.28622411947008,66.53665364504606,9340500
2025-02-21,68.94461822509766,69.3202588836547,67.43242170645752,67.55763280980963,16742500
2025-02-24,68.19332885742188,68.82902553204794,67.34572349325403,68.67492014215367,11970900
2025-02-25,68.65564727783203,69.06981604588879,68.07773924876427,68.57859091435652,14063400
2025-02-26,68.3956069946289,69.0024094626785,67.91401563470039,68.56898017814322,8010500
2025-02-27,66.82559967041016,68.2992750784232,66.7581771888801,67.97178920492051,9379800
2025-02-28,68.14341735839844,68.19197627123926,67.27912205499092,67.58016656926436,11247700
2025-03-03,69.55154418945312,69.62922807717025,67.97832877064594,68.02688768338777,9492200
2025-03-04,68.80377197265625,70.96937036042135,68.7163748287754,69.881714534815,17869500
2025-03-05,68.44447326660156,68.8426282206876,67.38594965925273,68.4930247732192,7722400
2025-03-06,67.98804473876953,68.08515515906525,67.0266315734065,67.997750594464,7482300
2025-03-07,70.7265853881836,71.00821073486799,68.03658210964042,68.15311903521457,13469300
2025-03-10,73.96041870117188,74.08666149043763,70.38670086629931,70.89167943241155,25263700
2025-03-11,71.89193725585938,74.0575358518418,71.08590672034194,73.70793242460653,14836800
2025-03-12,70.81399536132812,71.26070921009416,69.70692029937535,70.89168665912655,12110700
2025-03-13,70.62947845458984,71.42579562914193,69.9691173286894,71.08589809846383,11252600
2025-03-14,71.4258041381836,71.55204693867131,70.24103779389173,70.67803837246831,8699300
2025-03-17,70.02738952636719,71.30926627053229,69.01742490838107,71.30926627053229,14954000
2025-03-18,68.6581039428711,70.12449557085328,68.24052251539469,70.12449557085328,15212100
2025-03-19,68.4638900756836,69.12425129759829,67.97833057160074,68.96886869994775,9457000
2025-03-20,69.0951156616211,70.00796244819003,68.55128400448355,68.9882919830253,11815600
2025-03-21,68.83291625976562,69.88172662204023,68.14342261671021,68.96887233535116,15782000
2025-03-24,68.04630279541016,69.7166285322759,67.89092762007698,68.90088478236615,12385400
2025-03-25,66.60903930664062,68.44446077540829,66.4439508779789,68.44446077540829,12618800
2025-03-26,67.71612548828125,67.82294175305597,66.69644765961469,66.78384480598929,9154600
2025-03-27,68.00746154785156,68.96886727148933,67.59959335104159,67.7452626810594,8748800
2025-03-28,68.41532897949219,68.92031499669945,68.14341685132666,68.40562312423614,7846900
2025-03-31,68.84262084960938,69.67778372813396,68.58042199660724,68.66781914459145,13347100
2025-04-01,68.87175750732422,69.50298633735153,68.48330842661126,68.9494488052768,8715800
2025-04-02,68.44447326660156,69.2310773188803,68.10457567502652,69.03684906525879,8480100
2025-04-03,70.0565185546875,70.8528357756651,69.3087602435089,69.60009147515471,13652700
2025-04-04,64.97756958007812,71.29954832588713,64.92901067114103,70.68774608214574,20993500
2025-04-07,63.180992126464844,65.32716396776885,62.083630456464334,63.60828680567348,19494900
2025-04-08,62.2584342956543,64.6570992035517,61.37471623030125,64.51142988434611,14232600
2025-04-09,65.62822723388672,65.83216134547692,59.93746900324485,61.55923603997426,23207800
2025-04-10,64.79305267333984,65.55052421212095,63.35579347507768,64.87074396168894,12801900
2025-04-11,63.909339904785156,65.05526063702779,62.734286787586804,64.53085548067438,14856900
2025-04-14,65.73503875732422,66.15262016826978,64.05499985029698,64.55998581234925,11588800
2025-04-15,65.7059097290039,66.46338130168009,65.57965952752495,65.90013054951854,7851700
2025-04-16,63.74424362182617,66.0846437131647,63.4140667541456,65.98752589650647,11356100
2025-04-17,64.39488983154297,65.39514108115036,64.06471297243137,64.1326909968984,11212300
2025-04-21,62.81197738647461,64.1521189428461,61.802012734653346,63.91905245674889,11568700
2025-04-22,64.71537017822266,64.87075277603354,63.4626257673101,63.56944945104257,14352000
2025-04-23,65.3271713256836,67.1043208590476,65.05525919339728,65.59909086701983,19476200
2025-04-24,64.4337387084961,65.2591883067429,63.355796117109904,65.10381313261436,13724700
2025-04-25,64.18124389648438,64.93872285443588,63.47233125571131,64.73478877658133,9640200
2025-04-28,64.27835845947266,64.42402035838995,63.39463675778092,64.2492260796892,7123500
2025-04-29,65.30774688720703,65.45341620594003,63.821936136038914,64.14240715544166,8891500
2025-04-30,64.94843292236328,65.26890395508924,63.56944578699958,65.07468312807028,13763500
2025-05-01,64.14241027832031,65.67677260440284,64.03558659998518,65.5408165427126,11487900
2025-05-02,65.15235900878906,65.4242785058769,64.08412977332878,64.19095343777968,13333200
2025-05-05,64.19096374511719,65.09410470200933,63.97731638190939,65.0649723177628,7117800
2025-05-06,64.61825561523438,64.95814576483642,63.462621697537834,63.90933552402189,7943000
2025-05-07,65.4145736694336,66.0166700912574,64.06471890917915,64.34634429636853,9961300
2025-05-08,66.34684753417969,67.37623126838292,64.97757364331027,65.32716965513139,13030100
2025-05-09,68.27936553955078,68.45416723292426,66.47308384437443,66.69644444498184,17326200
2025-05-12,67.67728424072266,68.9397344721585,66.71587111382438,68.86205058446004,18943800
2025-05-13,70.02738952636719,70.38670621256072,67.93948225885022,68.04630593828479,22962500
2025-05-14,70.1050796508789,70.34785938934678,68.70666598640807,69.72634385159299,15238900
2025-05-15,72.39692687988281,72.66883902369773,70.35757098317043,70.89168941498562,17789900
2025-05-16,72.83392333984375,72.83392333984375,71.58117896931246,72.39692276342461,12829800
2025-05-19,71.72684478759766,72.10558057770609,71.04706449997981,72.07644819524383,14438400
2025-05-20,72.2609634399414,73.03785414176178,71.69771268001323,71.86280112063199,8046700
2025-05-21,69.47384643554688,72.1929748882176,69.29904473859276,71.93077604731101,16133100
2025-05-22,65.00669860839844,67.00720108138172,62.035073574638794,66.91009067756632,40207600
2025-05-23,65.80301666259766,65.98752420962339,64.0647129973513,65.0746775105751,17161100
2025-05-27,66.07493591308594,66.39540695283813,65.52139839399113,65.79331052139914,10910700
2025-05-28,65.26890563964844,66.1817598501071,64.89988309516825,65.92926684122601,7835700
2025-05-29,66.99749755859375,67.10432124103573,64.84161219883725,64.84161219883725,11570200
2025-05-30,68.59983825683594,68.64839716528118,66.52164441102563,66.81298304359872,18802700
2025-06-02,68.67522430419922,68.72416866300604,67.58855945408413,68.28363208874329,9366900
2025-06-03,69.4583969116211,69.5856686683405,68.39131584712648,68.8220680040233,11014300
2025-06-04,68.41089630126953,69.65420102365552,68.32279197412421,69.65420102365552,10894900
2025-06-05,69.9968490600586,70.48633751502403,68.28363946767954,68.82207975574195,10967200
2025-06-06,70.6429672241211,70.7702315152294,69.96747086354621,70.11431887267118,9286000
2025-06-09,70.38843536376953,70.93665999687691,69.82062701147949,70.71149950927942,7062600
2025-06-10,71.279296875,71.52404106970224,70.41779999848815,70.78002409548749,9888000
2025-06-11,71.46530151367188,71.9449980215533,71.0345493610438,71.29887726161093,12000200
2025-06-12,72.28764343261719,72.86524362934219,71.71984256422684,71.87647496857582,11022200
2025-06-13,73.2078857421875,73.66800604474959,71.84710855363176,72.23870077723782,13213400
2025-06-16,72.22891235351562,73.71696138020329,71.03455937575337,73.6190577178943,14546000
2025-06-17,70.34927368164062,72.07227494674378,68.96891280388745,71.78837077751085,12971300
2025-06-18,70.06536865234375,70.91708114958762,69.87936067192263,70.45696086265129,7203300
2025-06-20,70.02620697021484,71.03455184549796,69.99683886223572,70.3590629549782,15182700
2025-06-23,69.24302673339844,70.79959613401014,68.65563472584721,70.28073966713957,8671300
2025-06-24,69.8989486694336,70.10453291190538,69.19408414152997,69.52693268581744,9001300
2025-06-25,68.86122131347656,69.6346138456663,68.6654289502133,69.15491732737136,12839000
2025-06-26,69.49755859375,69.7031428185274,68.812277844492,68.9199658863754,8010800
2025-06-27,69.399658203125,70.3101068399383,68.87100988474958,70.00662645066706,14275000
2025-06-30,67.96056365966797,68.21509970399251,65.78723409666566,66.40399422449052,20894500
2025-07-01,71.52404022216797,71.61215201509673,66.12009175353742,68.10741339593054,23841100
2025-07-02,71.4848861694336,72.19954255498216,71.05414143514462,71.2597256769872,11240100
2025-07-03,72.32679748535156,73.47220592578431,70.9464441921116,71.46530065939328,8560900
2025-07-07,73.17851257324219,73.28620061401378,71.95479162720135,72.15058399096792,11368300
2025-07-08,70.93666076660156,71.85690138416047,69.76189154890979,71.328252995499,19550700
2025-07-09,72.10163879394531,72.33659112152604,71.15203015584844,71.33803812755808,8818700
2025-07-10,73.0708236694336,73.26661603088766,71.46530240471077,71.7589984158917,6955100
2025-07-11,72.83587646484375,72.87503643368886,71.93521958840705,72.2974362294738,8094100
2025-07-14,73.46241760253906,74.2358101459132,72.61070512512703,72.83587306823595,10420500
2025-07-15,73.12957000732422,73.95191447106727,72.63029717580254,73.75611461350898,8880100
2025-07-16,73.19808959960938,73.72673795019489,72.69881682600082,73.48199375838678,8906300
2025-07-17,73.59947204589844,73.8833761984523,72.80650327190307,72.94355941879115,7174600
2025-07-18,74.35328674316406,74.7448789662901,73.39389363895573,73.66800595444383,7986300
2025-07-21,74.56866455078125,75.47911331612008,74.36308030944676,74.73508882200433,8349900
2025-07-22,75.90986633300781,75.968602554305,74.74488148394248,74.74488148394248,9032600
2025-07-23,71.28909301757812,76.81052178430069,70.55486038935437,75.87070491645436,21219500
2025-07-24,70.45695495605469,71.43593166525316,69.84998670751179,71.39677170060529,11166100
2025-07-25,70.3394775390625,71.19118999489743,69.58566873279466,70.58422172498061,8074800
2025-07-28,69.8402099609375,70.78003437784433,69.4779932803183,70.38844211563335,8157200
2025-07-29,70.4373779296875,70.76044206696896,69.55630478292025,70.1338975110899,7588500
2025-07-30,69.49755859375,70.49611907866878,69.4388223778136,70.38843103678539,6940300
2025-07-31,69.56609344482422,69.72273332791227,68.22489992363626,68.92976445953101,8845200
2025-08-01,68.91996765136719,70.28074479474232,68.86122396492641,69.92831255209839,6628500
2025-08-04,69.04723358154297,69.71293811464406,68.70459319002043,69.0178654721268,6543600
2025-08-05,69.6835708618164,70.42759534184015,69.17450619801097,69.37029857585911,7178900
2025-08-06,69.05702209472656,70.00663075450278,69.0080702687381,69.93810267951893,7720200
2025-08-07,71.05413818359375,71.13245812042611,69.18428890397273,69.18428890397273,7418600
2025-08-08,70.88771057128906,71.46530327289524,70.71149445623973,71.1324547605798,5575700
2025-08-11,70.92686462402344,71.4848810890816,69.62483118488781,71.26951247174343,8420000
2025-08-12,70.34927368164062,71.24993054810353,69.64440918823477,71.16182622092794,8671100
2025-08-13,70.780029296875,70.78981368770205,69.70314878584874,70.3884370627746,8122300
2025-08-14,70.72127532958984,70.98560322352037,69.84998665655874,70.29053065677643,6781000
2025-08-15,73.82465362548828,75.07774289658879,70.2709626015066,70.72129109149577,23398400
2025-08-18,74.12812042236328,75.68468986380759,73.72673637127396,74.50992075588735,12568400
2025-08-19,74.90151977539062,74.97004785511557,73.86379925084076,74.206447118466,8047300
2025-08-20,74.57845306396484,75.63574980252676,74.23581267711614,75.1071014332458,11011600
2025-08-21,74.48055267333984,75.79237792865428,73.99106430004345,74.86235300699104,8637100
2025-08-22,74.71549987792969,75.46930863475724,73.8442112307267,75.03856397471263,13128900
2025-08-25,73.73653411865234,74.5980310353263,73.53094988179835,74.21623067131166,6337700
2025-08-26,73.26661682128906,74.15748925421543,72.86524023527821,73.85400884998772,7162700
2025-08-27,72.33659362792969,73.43305030963077,71.856897097373,73.33515412549677,10119000
2025-08-28,71.12017822265625,72.49148564319943,70.93273938817055,72.27444407265651,10917200
2025-08-29,71.08072662353516,71.8502322120091,70.85381746261606,71.42601662775326,11280500
2025-09-02,71.67265319824219,71.68252077740573,70.52825487151344,71.29776045760326,8661500
2025-09-03,70.66636657714844,71.65291368432115,70.40000216998493,71.14978007892817,7722300
2025-09-04,69.91659545898438,71.52466451711597,69.21614792347587,71.08072133426427,14596800
2025-09-05,69.94619750976562,70.76503348661998,69.31480790819927,70.29148752206633,10067600
2025-09-08,68.83139038085938,69.88699551552244,68.30852160295485,69.87713546342573,12596500
2025-09-09,69.12735748291016,69.37399426678336,68.60448870538015,68.72287707127192,7294500
2025-09-10,70.08430480957031,70.37040436329977,68.68340977552137,69.0582949527754,9254400
2025-09-11,70.36054229736328,70.47893066476112,69.56144151601075,70.01525230089969,7418300
2025-09-12,70.67623138427734,71.51479488714004,69.85739551101139,70.19282542821055,9345600
2025-09-15,70.53812408447266,71.2287041067644,70.34081765717723,70.61704966609392,10399100
2025-09-16,68.89058685302734,70.57758151661722,68.83138890792718,70.33094473784519,7930200
2025-09-17,69.36412811279297,70.05471563787816,69.15695411329466,69.33453290240142,10799600
2025-09-18,69.83767700195312,70.13363664509639,68.43678178817137,69.05830381285426,8488500
2025-09-19,70.12377166748047,70.43946644738287,69.42332410978318,70.02511846002795,14819300
2025-09-22,71.37667846679688,71.56412481723476,70.31120583287117,70.43946176812099,9856700
2025-09-23,71.34709167480469,71.64305883916873,70.75516487283424,71.13005009117208,7795900
2025-09-24,72.83677673339844,72.88609957406014,71.08072403858685,71.2188400352513,11281800
2025-09-25,73.64574432373047,73.90224868350352,72.59999925392829,73.06367760656362,12916500
2025-09-26,74.82959747314453,74.83946505182685,73.62600878364564,73.72466951695449,8271500
2025-09-29,75.18475341796875,75.26367899221216,74.25739673750113,74.66188466043089,10366000
2025-09-30,74.47444152832031,75.6681626651059,74.10942390346264,75.43139345887965,9392700
2025-10-01,77.61166381835938,77.64125902908698,75.19462627000922,75.30314706051547,15044800
2025-10-02,77.12825775146484,77.82870533622759,76.496868167263,77.58206854468757,9266600
2025-10-03,78.98295593261719,80.26547013297184,76.60538141032985,77.39461454944617,12116600
2025-10-06,81.00538635253906,81.26189071670026,79.07175485932099,79.07175485932099,15767600
2025-10-07,82.09058380126953,83.4717512552602,81.30135063238707,82.01165822635416,16109700
2025-10-08,82.909423828125,83.25471382710144,81.75516546293625,82.5739938814354,13775600
2025-10-09,82.58385467529297,83.67892252975868,82.32735032851768,83.32376498091809,7486100
2025-10-10,82.22870635986328,83.68879950535613,82.0807227767699,82.77131032228642,10285600
2025-10-13,83.16592407226562,83.88609924488475,81.89327740192054,82.01165823755267,8424300
2025-10-14,83.50135040283203,83.6986568226701,82.30762925126957,83.03767203677937,8912900
2025-10-15,84.63587951660156,85.3264594995969,83.68879517131198,83.92556437594504,9268600
2025-10-16,83.90583801269531,85.57309757590376,83.83678001335244,85.0600963703221,8333700
2025-10-17,83.39282989501953,84.66547662951042,83.03767231670777,84.30045147214626,9142200
2025-10-20,83.62960052490234,84.1919321123174,83.17578972863383,84.04395605780628,5225700
2025-10-21,82.86009216308594,83.96502766927826,81.9130078121028,83.85650688176128,7282200
2025-10-22,81.72555541992188,83.08699518954762,81.36053782224513,82.93901162414177,9208900
2025-10-23,82.13005065917969,82.76144023628083,81.45919829266504,82.76144023628083,5630800
2025-10-24,83.27444458007812,83.63946219107677,82.23856711118792,82.45560867813688,6249800
2025-10-27,84.87265014648438,86.1157016635076,82.66278663703218,82.86009305641352,18741000
2025-10-28,82.44574737548828,86.35247329768328,81.79463015183461,86.34260571840981,13998100
2025-10-29,80.66009521484375,82.66278467846773,79.95964765785135,82.1793786937068,11681500
2025-10-30,80.54170227050781,81.46905892576633,80.34439586701983,80.71928104434973,7620100
2025-10-31,80.30493927001953,80.92646126298811,79.77220290743615,80.24574132300533,9407300
2025-11-03,80.67982482910156,80.99551961644754,79.51569888949628,80.20628641146132,8508200
2025-11-04,80.59103393554688,81.10403510894987,79.71300763036687,80.67981956052247,6474500
2025-11-05,81.03498077392578,81.51838676083686,80.01883843282896,80.32466563501146,7291000
2025-11-06,80.89686584472656,81.8538177791222,80.88699826579001,81.01525421169298,6212700
2025-11-07,82.80089569091797,82.86995368458486,80.52197437315407,80.80807392599023,9167100
2025-11-10,83.62960052490234,84.32018806190385,82.56413529863426,83.04754130580498,11701700
2025-11-11,84.60628509521484,84.67534309415785,83.4125639553387,83.5506799532247,11733900
2025-11-12,84.73453521728516,85.09956037718202,83.86637642358693,84.28072442557307,7604800
2025-11-13,82.86009216308594,84.77399602283201,82.80090174326116,84.62601244651273,11859300
2025-11-14,82.75157165527344,83.35336601471724,81.4197345174129,82.38655402944376,8352100
2025-11-17,84.5964126586914,84.61614028864632,82.56412806927223,82.56412806927223,11607900
2025-11-18,83.50135040283203,85.52377507658078,83.4816227715512,84.96144350060908,11061200
2025-11-19,83.13632202148438,84.19192713285726,82.7910320367843,83.97489309015803,11138700
2025-11-20,83.16592407226562,85.32645711688008,83.06726334022939,83.64933004686338,10967000
2025-11-21,82.91463470458984,84.09657027203869,81.08709217143812,83.60989092073622,13930100
2025-11-24,83.65956115722656,84.215766168908,82.44782231515632,83.20266980880257,13291500
2025-11-25,84.2554931640625,84.76203374825349,83.60989375420522,84.11644191612089,7916800
2025-11-26,84.96068572998047,85.10967137836502,84.11644382610113,84.67264883049695,6550600
2025-11-28,85.70560455322266,85.88438581189892,84.57332577418114,84.86136266747762,4123300
2025-12-01,84.07671356201172,85.08980232807737,83.81847227743623,85.01034230548109,7986600
2025-12-02,84.00718688964844,84.70244313438847,83.67941998381752,84.33495379547934,7087000
2025-12-03,84.37467956542969,85.38777593665965,83.92773018723855,84.08665023673542,9615100
2025-12-04,82.82524108886719,84.23562232821811,82.17964169465812,83.9475854422564,12489600
2025-12-05,82.56700134277344,83.62975449035261,82.49747571920189,82.9444326516401,8194600
2025-12-08,80.00447845458984,82.59680284547987,79.86542721028898,82.57693405188004,18136600
2025-12-09,79.10063934326172,80.59048062809622,78.96158809622847,80.25278690750822,13760400
2025-12-10,80.71959686279297,81.36519626351132,79.10063874026199,79.50786565898687,13341100
2025-12-11,80.6600112915039,81.85188894047855,80.5209600357823,80.69974130424224,9494100
2025-12-12,81.09703063964844,81.71282686837296,80.77919812806407,81.28573872051976,7783100
2025-12-15,81.09703063964844,81.68303125443143,79.98461306024073,81.45459316239646,9489800
2025-12-16,80.7692642211914,81.29567361128714,79.64691981547266,81.08709673470533,6616600
2025-12-17,79.7462387084961,80.7593274474714,79.11057370017342,80.42163372705451,10212000
2025-12-18,80.30244445800781,80.63021136226808,79.4582025712334,79.85549509963451,9201300
2025-12-19,79.0013198852539,80.59048244264687,78.99138548803509,80.02434304477173,30492300
2025-12-22,79.49793243408203,79.63698368210525,78.18687239720255,78.48483610965603,7136200
2025-12-23,79.24962615966797,80.15345927875494,79.20989614882436,79.48799864700496,7875000
2025-12-24,79.9051513671875,79.9250201612163,79.15030390403562,79.59725325926304,3011300
2025-12-26,79.86543273925781,80.09387083739887,79.50787020695223,79.9349583662214,3636400
2025-12-29,79.72637176513672,80.69973809419484,79.67671493448286,79.87535741254788,5854600
2025-12-30,79.98461151123047,80.12366275874791,79.60718777907235,79.65684460877164,4075900
2025-12-31,79.7363052368164,80.14353216316505,79.66677961252819,80.14353216316505,5036200
2026-01-02,80.38190460205078,80.47129144277214,79.05097576653222,79.90515205169606,8852900
2026-01-05,80.7692642211914,80.7891254380314,78.71328349177087,80.61035175329687,8301900
2026-01-06,80.5010986328125,81.03743485923157,79.95482043107536,80.69974111832141,7254500
2026-01-07,77.83924865722656,80.24285759713798,77.82931425960169,80.12366755881486,9859900
2026-01-08,78.95165252685547,79.4184706682743,77.84916938623108,77.9186950087153,8696700
2026-01-09,79.34894561767578,80.3719687463415,79.32908440156194,79.65684372265004,5842200
2026-01-12,80.57061767578125,80.6004132884,78.98144761068649,79.30921450494161,11088100
2026-01-13,81.08709716796875,81.37513406889929,79.87535833568333,80.61035218401295,8543000
2026-01-14,81.42479705810547,82.07038889688368,80.39183950724565,80.39183950724565,10282400
2026-01-15,81.63337707519531,82.11012206919398,80.9877776338356,81.42480019310526,7419300
2026-01-16,83.06361389160156,83.48077520466269,81.5837070242077,82.43788328859665,12874900
2026-01-20,82.9444351196289,83.3615888734705,81.96113438564177,82.44782134284848,10054800
2026-01-21,83.2821273803711,83.81847115915298,82.6365279664082,83.47084303708826,8296600
2026-01-22,84.49386596679688,84.93088850638324,83.10334590443323,84.00718659717324,9802300
2026-01-23,84.23562622070312,84.67264876824991,83.62975680804956,84.67264876824991,13301700
2026-01-26,84.89115905761719,85.69567094015835,84.26542085766316,84.6925090029791,10990600
2026-01-27,86.55978393554688,88.35752340603005,83.23247310333505,83.92772936879126,15472300
2026-01-28,86.97693634033203,88.0198283000004,86.47038816754527,87.12592198853106,8200000
2026-01-29,87.58280181884766,88.5859637220904,87.04645805605622,87.98009433695886,11202400
2026-01-30,87.30470275878906,87.69206089528853,85.57648895150486,87.30470275878906,10205300
2026-02-02,85.7453384399414,88.14894735479274,85.73540404242011,87.54307792731926,9423100
2026-02-03,88.21846771240234,88.28799333544835,86.09296143331076,86.09296143331076,9600200
2026-02-04,89.36067962646484,90.07580464081363,88.35751772701866,89.12230714759006,12182700
2026-02-05,88.60582733154297,89.87715736166182,87.49340976632662,89.39047799213422,9799400
2026-02-06,88.86406707763672,90.37376956790538,87.79137954159803,89.9168858198277,8225200
2026-02-09,88.8740005493164,89.17196425440875,88.14894113591517,88.73494172700391,6528800
2026-02-10,90.21485900878906,91.3372033976732,88.66541889814025,89.12231023358042,7213700
2026-02-11,90.74127197265625,90.96971007166833,89.8473656384839,90.74127197265625,7305000
2026-02-12,91.30741119384766,92.95616502650392,90.6121549230393,90.76113299698035,9181600
2026-02-13,93.16474914550781,94.29702796967825,90.4631689412678,90.90018391944193,10402800
2026-02-17,92.08212280273438,94.91281972942194,91.65503466448153,94.26722790126793,9455400
2026-02-18,90.60221862792969,92.38009685773171,89.97648041958283,92.37016246043538,9064800
2026-02-19,91.01937103271484,91.5557148128954,90.41350162794002,90.44329724166259,8483500
2026-02-20,91.55571746826172,91.82388557726723,90.69160675662177,91.56565186569895,7175600
2026-02-23,93.42298126220703,93.55210569391268,91.96293554604996,92.31057125197297,8433600
2026-02-24,95.03201293945312,95.19092540812706,93.28393031769052,93.76068287916209,11597600
2026-02-25,94.46587371826172,95.26045879634606,93.1746748608059,95.05187434061212,9025500
2026-02-26,91.36699676513672,94.35661369991804,91.22794551958638,93.97918997309921,20015700
2026-02-27,93.7699966430664,94.13999938964844,90.6500015258789,90.9000015258789,25138500
2026-03-02,92.70999908447266,93.6500015258789,91.75,93.4000015258789,10147800
2026-03-03,92.58999633789062,93.0999984741211,90.33000183105469,91.3499984741211,11307700
2026-03-04,92.5999984741211,93.0999984741211,91.62999725341797,92.55999755859375,9384300
2026-03-05,91.12999725341797,92.37999725341797,89.9000015258789,92.30000305175781,12086800
2026-03-06,91.0199966430664,91.62999725341797,90.01000213623047,90.55000305175781,9745100
2026-03-09,92.01000213623047,92.19000244140625,89.6500015258789,90.2699966430664,9563600
2026-03-10,91.54000091552734,92.13999938964844,91.05999755859375,91.70999908447266,7485900
2026-03-11,91.66000366210938,92.45999908447266,91.0999984741211,91.54000091552734,9734300
2026-03-12,91.7300033569336,92.7300033569336,90.80999755859375,91.19999694824219,8730000
2026-03-13,92.77999877929688,93.9000015258789,92.30999755859375,92.7300033569336,7504400
2026-03-16,92.81999969482422,94.44000244140625,92.23999786376953,93.9000015258789,8466100
2026-03-17,92.52999877929688,93.70999908447266,92.2699966430664,93.58000183105469,5496600
2026-03-18,90.95999908447266,92.52999877929688,90.61000061035156,92.26000213623047,7053700
2026-03-19,92.41000366210938,92.45999908447266,90.30000305175781,90.6500015258789,10538400
2026-03-20,89.5,94.20999908447266,89.16999816894531,92.73999786376953,21860800
2026-03-23,90.2300033569336,91.41000366210938,90.1500015258789,91.04000091552734,10284300
2026-03-24,91.62000274658203,92.5,90.05000305175781,90.29000091552734,8808000
2026-03-25,91.16000366210938,92.56999969482422,91.06999969482422,92.41000366210938,8639900
2026-03-26,91.16000366210938,92.0,90.56999969482422,91.69999694824219,6537800
2026-03-27,91.4000015258789,92.22000122070312,90.69999694824219,91.22000122070312,7749600
2026-03-30,92.05000305175781,92.9800033569336,91.5,92.70999908447266,9362100
2026-03-31,92.87999725341797,92.98999786376953,91.36000061035156,92.26000213623047,13914200
2026-04-01,92.8499984741211,93.87000274658203,92.23999786376953,92.7300033569336,7759400
2026-04-02,93.1500015258789,94.27999877929688,92.73999786376953,93.04000091552734,10419000
2026-04-06,92.7300033569336,93.66000366210938,92.52999877929688,92.93000030517578,4790100
2026-04-07,93.66999816894531,93.66999816894531,92.16000366210938,92.87000274658203,6125400
2026-04-08,94.16999816894531,94.33999633789062,92.0199966430664,93.08000183105469,6935100
2026-04-09,94.4800033569336,96.20999908447266,93.97000122070312,94.0,7349000
2026-04-10,94.08000183105469,94.81999969482422,93.91999816894531,94.3499984741211,5323100
2026-04-13,92.30000305175781,94.04000091552734,91.93000030517578,93.8499984741211,6111500
2026-04-14,91.30999755859375,91.87000274658203,90.58000183105469,91.69000244140625,9370600
2026-04-15,91.23999786376953,91.29000091552734,89.9800033569336,90.16999816894531,9144800
2026-04-16,91.83000183105469,91.86000061035156,90.56999969482422,90.80000305175781,7734300
2026-04-17,91.9800033569336,92.0199966430664,90.45999908447266,91.05999755859375,8148800
2026-04-20,92.01000213623047,93.08000183105469,91.56999969482422,92.08000183105469,7734800
2026-04-21,90.5999984741211,92.58999633789062,90.55999755859375,92.5,8625800
2026-04-22,90.0,92.18000030517578,89.9000015258789,91.36000061035156,9477100
2026-04-23,96.25,96.69999694824219,92.31999969482422,92.5999984741211,17524900
2026-04-24,95.27999877929688,97.62999725341797,95.13999938964844,97.23999786376953,9761900
2026-04-27,94.83000183105469,96.9000015258789,94.7699966430664,95.86000061035156,7773800
2026-04-28,96.51000213623047,96.62000274658203,95.1500015258789,95.87000274658203,7245100
2026-04-29,94.16999816894531,97.0,93.66000366210938,96.58000183105469,9091700
2026-04-30,97.87999725341797,98.02999877929688,94.44000244140625,94.58999633789062,17551200
2026-05-01,96.94999694824219,98.75,96.68000030517578,98.0,7106200
2026-05-04,95.51000213623047,96.83000183105469,94.9800033569336,96.06999969482422,6806600
2026-05-05,96.27999877929688,97.05999755859375,95.30000305175781,95.93000030517578,7187400
2026-05-06,95.38999938964844,96.70999908447266,95.0199966430664,96.12999725341797,8242900
2026-05-07,93.31999969482422,94.8499984741211,92.72000122070312,94.31999969482422,9681800
2026-05-08,93.0999984741211,94.37000274658203,92.58000183105469,93.87999725341797,6230100
2026-05-11,94.83999633789062,95.80000305175781,94.0,94.0,7233800
2026-05-12,94.58999633789062,95.08000183105469,93.5999984741211,94.69999694824219,6922400
2026-05-13,94.8499984741211,95.4000015258789,93.31999969482422,94.0999984741211,6775700
2026-05-14,95.68000030517578,95.72000122070312,94.20999908447266,94.77999877929688,5438200
2026-05-15,93.36000061035156,95.08000183105469,92.69999694824219,94.66000366210938,11418400
2026-05-18,89.04000091552734,91.5999984741211,86.62999725341797,91.12000274658203,39950600
2026-05-19,90.05999755859375,90.2699966430664,87.36000061035156,88.94999694824219,25749400
2026-05-20,88.2699966430664,90.69000244140625,88.08999633789062,90.0199966430664,15748800
2026-05-21,89.69000244140625,89.8499984741211,88.45999908447266,88.97000122070312,12483900
