Price,Close,High,Low,Open,Volume
Ticker,PG,PG,PG,PG,PG
Date,,,,,
2006-05-30,30.912853240966797,31.27666726851213,30.88443067665907,31.140235923931304,6971000
2006-05-31,30.838951110839844,31.089072698635515,30.696836128762243,31.0265439280635,11624100
2006-06-01,30.96969223022461,30.98674533172815,30.71388486516036,30.89579184287222,6941200
2006-06-02,30.66840934753418,31.009484390203728,30.583139502615676,30.907161443702417,8577600
2006-06-05,30.230695724487305,30.719571554220636,30.168164792521097,30.58314023279415,7945800
2006-06-06,30.33871078491211,30.412611194996646,29.986266178244357,30.19091213324592,9189300
2006-06-07,30.26479148864746,30.770720209600672,30.219313677617276,30.46943513277915,8439600
2006-06-08,31.11748695373535,31.32213063748894,30.298903544713777,30.412595925800307,15081400
2006-06-09,30.952634811401367,31.265287250203016,30.75935840347822,30.992426821694202,7723700
2006-06-12,30.87305450439453,31.219813183156095,30.787784661509217,31.020853107759937,5924200
2006-06-13,30.770715713500977,31.407389795385505,30.753660452606013,30.878722246164088,10410600
2006-06-14,31.168664932250977,31.225510068664075,30.57746597214176,30.696842059711038,8757100
2006-06-15,31.197078704833984,31.316454758746687,30.679780302709926,31.248240180582616,8548000
2006-06-16,31.27667236328125,31.378995346258964,31.168665733917223,31.20277194924112,10789100
2006-06-19,31.19138526916504,31.83374538136232,31.094748154423915,31.822375926363044,11238100
2006-06-20,31.595001220703125,31.74279983559328,31.185709412542142,31.39603896129049,11377800
2006-06-21,31.73142433166504,31.941753840337306,31.526778466577674,31.560886833592882,8701300
2006-06-22,31.748476028442383,31.788268037284684,31.560885439400344,31.623416358581636,6121900
2006-06-23,31.680269241333008,31.924707166215818,31.549523727547243,31.58363210142707,6917400
2006-06-26,31.828075408935547,31.833759054625524,31.413097712976764,31.685960413155968,5617900
2006-06-27,31.691640853881836,31.833755835289377,31.378988328485747,31.407410891066753,7336400
2006-06-28,31.702999114990234,31.845114046202223,31.54951472906108,31.691629660273065,6487900
2006-06-29,32.39653015136719,32.40221379613774,31.731430951088377,31.97018523299695,10318500
2006-06-30,31.60637092590332,32.51022229234403,31.60637092590332,32.402215687380334,21154000
2006-07-03,32.00428009033203,32.066811003147414,31.845112071166778,31.845112071166778,4592900
2006-07-05,31.793960571289062,31.91333662305555,31.634792502267075,31.663215061949245,9146100
2006-07-06,32.089561462402344,32.26009899696778,31.799645701988954,31.81670097339718,7215400
2006-07-07,32.11797332763672,32.260088253865206,31.975858401408242,32.089550776091365,6834500
2006-07-10,32.390838623046875,32.47610845907685,32.07818617177366,32.07818617177366,6776600
2006-07-11,32.5443229675293,32.595484435353704,32.27714617239051,32.27714617239051,6104000
2006-07-12,32.18050765991211,32.589799384840056,32.12366038228216,32.5443215627361,7060100
2006-07-13,32.140724182128906,32.282839161177755,32.06114014082195,32.180516202782385,9209400
2006-07-14,31.640472412109375,32.038394706197764,31.407403980622217,31.998602693639125,8959100
2006-07-17,31.73142433166504,31.93038438466557,31.577939932849517,31.623417755536458,6167300
2006-07-18,31.725749969482422,31.78827874121692,31.435834186292833,31.63479646600193,7123000
2006-07-19,32.377418518066406,32.49746139094159,31.725754716040775,31.897244845950368,7938400
2006-07-20,32.360267639160156,32.57748961645735,32.11446433920639,32.24594016791873,5748200
2006-07-21,32.051578521728516,32.57176635341817,31.965832388123122,32.49745318300115,8014400
2006-07-24,32.526039123535156,32.57748637143842,32.09731278454628,32.21163806378471,4482400
2006-07-25,32.51460647583008,32.72611086121685,32.13732738107384,32.354547158232165,6701600
2006-07-26,32.39455032348633,32.45171512465559,32.18876358111958,32.38311954386668,7223500
2006-07-27,32.263084411621094,32.577485462600464,32.24022066478021,32.497454716505345,5572500
2006-07-28,32.474586486816406,32.71467215011533,32.38884036100133,32.50888319265079,5886700
2006-07-31,32.125892639160156,32.388844258399736,32.05157946655251,32.245935485254556,7569000
2006-08-01,31.97154426574707,32.05157281319745,31.84006848341939,32.01155853947226,5850700
2006-08-02,33.32059097290039,33.669288528424524,32.851850640081786,33.14338341074172,17707400
2006-08-03,33.98368835449219,34.12087948154718,33.2291306138488,33.41776895870282,12370500
2006-08-04,33.98368835449219,34.16089374198935,33.77789948329605,34.063716875376535,7888800
2006-08-07,33.95512390136719,33.99513818166613,33.6350074783609,33.806497562587055,6377400
2006-08-08,34.1380500793457,34.29810721521996,33.88652923084054,34.155198435156535,9319300
2006-08-09,34.035152435302734,34.28667107992975,33.95512387476754,34.18377659335171,5617000
2006-08-10,34.44673538208008,34.46388592049493,34.05802546139151,34.06945624618117,8648900
2006-08-11,34.44673538208008,34.55534746311845,34.178068327219535,34.29239580065273,8092500
2006-08-14,34.16090393066406,34.726823495242,34.09230834667756,34.452438978681705,8069500
2006-08-15,34.54961395263672,34.65250841320065,34.35525799163975,34.44100410231442,6944700
2006-08-16,34.53819274902344,34.61822349718155,34.42958286173123,34.51532900159318,6605100
2006-08-17,34.492454528808594,34.66394458543473,34.37812709751971,34.37812709751971,6589200
2006-08-18,34.52103805541992,34.538186407998,34.17234034890222,34.4981721315728,6865200
2006-08-21,34.74398422241211,34.829730368400014,34.45816664327251,34.469599608111906,5296500
2006-08-22,34.8983154296875,34.97262858837674,34.703959447387156,34.7096770183864,6521600
2006-08-23,34.82400131225586,35.126969329056614,34.715391453018974,34.81257053180091,4746000
2006-08-24,34.8983154296875,35.086956021603015,34.766839644692325,34.80113852884453,5346300
2006-08-25,34.795413970947266,34.96690399604437,34.76683266353341,34.772550233384564,4492800
2006-08-28,34.85829544067383,34.995488774177524,34.42385388237123,34.538179116241245,6248600
2006-08-29,34.98407745361328,35.092687365214665,34.73255655005054,34.86974996841344,4940800
2006-08-30,35.29845428466797,35.45851135528778,35.0983829463932,35.126964254630444,8797700
2006-08-31,35.38422393798828,35.45853495273587,35.184150285951624,35.195583252977904,6514600
2006-09-01,35.38992691040039,35.49282139690857,35.298465386905875,35.43565876245502,4132300
2006-09-05,35.189849853515625,35.2641608302391,34.97834334267823,35.15555096998715,6288700
2006-09-06,35.12125778198242,35.252733585907784,34.949767697758666,35.18985556016371,4595800
2006-09-07,35.172698974609375,35.45851645935182,35.06408911542841,35.37848791252223,7174000
2006-09-08,34.949764251708984,35.63572670158276,34.92689832790314,35.63572670158276,5725900
2006-09-11,35.395633697509766,35.49852815900601,34.92117784115638,34.92689323096653,9150500
2006-09-12,35.35561752319336,35.54425808598342,35.298454905713136,35.395631791552326,5626800
2006-09-13,34.618221282958984,35.355628880023644,34.538190539919725,35.3441980973471,11058000
2006-09-14,34.73826217651367,34.85258962239418,34.200926015674334,34.3266842435897,8959100
2006-09-15,34.81258010864258,35.29846909437586,34.81258010864258,34.9269053895575,17543900
2006-09-18,34.58391571044922,34.858300234577406,34.54961682720281,34.71539149197225,6676300
2006-09-19,34.81828689575195,34.829719857140994,34.41814196959322,34.48102216692573,7318100
2006-09-20,35.2298698425293,35.315613794338844,34.73254576345209,34.92690177374767,6997800
2006-09-21,35.292747497558594,35.452804607190906,35.115539854312416,35.33276177496668,9904700
2006-09-22,35.3327522277832,35.441362068455824,35.17841055065012,35.24129073547626,6795200
2006-09-25,35.607154846191406,35.72719770713977,35.18986143864583,35.19557683080833,8142500
2006-09-26,35.715763092041016,35.812942199234364,35.38993123845537,35.45852684431156,8944100
2006-09-27,35.858665466308594,35.9272610599029,35.647161114034304,35.71575670762861,8292000
2006-09-28,35.59000778198242,35.75578251887043,35.395651720262244,35.675753937094235,9379800
2006-09-29,35.42993927001953,35.835799622236756,35.42993927001953,35.515685397666374,7232500
2006-10-02,35.4642333984375,35.61857509912273,35.37848728229648,35.43565208659527,4732100
2006-10-03,35.61285400390625,35.727181420574915,35.378483781011845,35.378483781011845,8824800
2006-10-04,36.20735168457031,36.315961521644276,35.45279385288592,35.48709272909481,15044800
2006-10-05,36.310272216796875,36.4360326726248,36.133064500004394,36.144497466953794,8244800
2006-10-06,36.0644416809082,36.19020204189389,35.85293740338905,36.09874055588989,7072300
2006-10-09,35.9272575378418,36.035869579384354,35.864379521903,35.88724326378329,3882500
2006-10-10,35.85293960571289,35.85293960571289,35.46994311037297,35.79005942135753,7689900
2006-10-11,35.715763092041016,35.82437298303123,35.50997409385745,35.60143562853737,4826500
2006-10-12,35.67575454711914,35.93870622905583,35.62430728929541,35.76721609651518,5931800
2006-10-13,35.51569747924805,35.549994197482015,35.24131283029958,35.532845838365034,7187800
2006-10-16,35.46995162963867,35.57284610500382,35.15555281296272,35.33847584014198,5242700
2006-10-17,35.58427810668945,35.71575389263883,35.309893573323656,35.3213265347907,6684000
2006-10-18,35.95769119262695,36.095571144999255,35.61873859255285,35.704913836726476,7517900
2006-10-19,35.9060173034668,35.9404878690287,35.69919829315413,35.7853736112942,5229600
2006-10-20,36.00941848754883,36.124318154674725,35.704936232464746,36.03814285644809,8001100
2006-10-23,36.35410690307617,36.46326254782925,35.762376712574856,35.77961089162918,7354400
2006-10-24,36.12430191040039,36.29090405171045,36.003656108828984,36.193240803064135,6879500
2006-10-25,36.267921447753906,36.42303558092911,36.08982695599105,36.18174619881403,5911000
2006-10-26,36.48048782348633,36.57815106966309,36.13579117735586,36.2506885983808,6426000
2006-10-27,36.51496887207031,36.67582706101522,36.27942558474594,36.37134486293281,7173400
2006-10-30,36.65858840942383,36.779229844887645,36.45176951084999,36.52070841319854,8786600
2006-10-31,36.417301177978516,36.49773026752971,35.73939572100654,35.73939572100654,14877300
2006-11-01,36.21623229980469,36.55518506428316,35.93472826495502,36.308151582127905,8882000
2006-11-02,36.348358154296875,36.41729705302807,36.05536399951516,36.10132472635467,8152800
2006-11-03,36.42304229736328,36.47474701795607,36.25069176770197,36.34835721394525,5498300
2006-11-06,36.51496887207031,36.62412233006457,36.26218921341009,36.32538412807514,9449400
2006-11-07,36.8309326171875,36.98604458213794,36.43452904234453,36.514960309484685,7796600
2006-11-08,36.79072952270508,36.96882190508911,36.73327859973553,36.842432066084726,9745400
2006-11-09,36.652835845947266,36.7677354575577,36.302393016722974,36.68730638688874,8202400
2006-11-10,36.59540557861328,36.767753987122134,36.39433060907886,36.74477361491324,6891900
2006-11-13,36.336875915527344,36.647104314923205,36.27942718594821,36.63561413070167,6033000
2006-11-14,36.30813980102539,36.41729322851393,36.04387222403557,36.2966496205222,7899400
2006-11-15,36.262184143066406,36.46325904266078,36.181755059839915,36.262184143066406,5559200
2006-11-16,36.49197769165039,36.658582018849955,36.19323957818048,36.34835372507031,4839600
2006-11-17,36.68731689453125,36.6930608905694,36.36559832818395,36.48049797270287,6249100
2006-11-20,36.58964157104492,36.750501906641034,36.55517322104621,36.710287370623966,4624800
2006-11-21,36.34260940551758,36.601132996943704,36.34260940551758,36.4517650283019,5114800
2006-11-22,36.56092071533203,36.56092071533203,36.227714214790446,36.34835783439026,4059300
2006-11-24,36.49772644042969,36.61837225363406,36.423043545979475,36.560921344601475,2288000
2006-11-27,36.101322174072266,36.39431411661204,35.92322765745214,36.29090468006202,7182900
2006-11-28,36.23345947265625,36.40006382449765,35.78535333193759,36.020896584306136,7145800
2006-11-29,36.313880920410156,36.3311172855642,35.95769411912328,36.164512968750394,5767900
2006-11-30,36.072593688964844,36.331117250751014,35.923223545920536,36.21621764645409,9011900
2006-12-01,36.01515197753906,36.250695240241,35.73939417180471,36.198990514695296,6604400
2006-12-04,36.43452072143555,36.50920578524516,36.04960960704647,36.239194263287615,7083800
2006-12-05,36.486244201660156,36.744767869767,36.36560055371982,36.43453946803879,6025100
2006-12-06,36.652835845947266,36.658582031868086,36.35984391829209,36.52070205963001,5547900
2006-12-07,36.652835845947266,36.79071581818535,36.58389695559214,36.73901110253704,6999200
2006-12-08,36.70454406738281,36.87114841055455,36.52070554785815,36.595390631267556,4695400
2006-12-11,36.693050384521484,36.78496963551238,36.53793623756288,36.595387139137074,3858400
2006-12-12,36.59540557861328,36.80222235390656,36.451781539601086,36.72179324270435,7022300
2006-12-13,36.42304229736328,36.73901461586231,36.33686703253263,36.61262481185149,6102100
2006-12-14,36.39432144165039,36.641354901848,36.354106896179,36.36559707938916,5850500
2006-12-15,36.8309326171875,36.90561550652573,36.405804685558444,36.47474577167858,11542200
2006-12-18,36.85967254638672,36.922863086116564,36.56667830283255,36.779239058519465,5769300
2006-12-19,36.99178695678711,37.02625530476762,36.59538561431719,36.60687579415326,6102700
2006-12-20,37.037750244140625,37.043496430220934,36.779224467195604,36.94008699605407,4477700
2006-12-21,36.796470642089844,37.05499208949154,36.72178335675322,36.94009464243671,6066400
2006-12-22,36.652835845947266,36.91135942418878,36.624111490926616,36.89987143540277,4390700
2006-12-26,36.87689971923828,36.92285606821076,36.5379447993442,36.578159344105536,4020000
2006-12-27,37.00902557373047,37.1009470234543,36.91136232069086,36.997537584042966,5246800
2006-12-28,37.043495178222656,37.12392424840568,36.836676316879014,36.86539848019832,3901900
2006-12-29,36.92286682128906,37.18713891589247,36.82520352457707,36.97457375564466,4421700
2007-01-03,37.07796096801758,37.14690204472514,36.59538438870288,36.60687456815414,9717900
2007-01-04,36.796470642089844,37.05499208949154,36.624120088450944,36.96307062540236,8711400
2007-01-05,36.48048782348633,36.76773575910433,36.38856857174968,36.69305068221586,9907900
2007-01-08,36.56092071533203,36.64134979506524,36.32537747117275,36.53219635707418,11068200
2007-01-09,36.46900177001953,36.65284029429654,36.256438887235745,36.41729704809612,10823800
2007-01-10,36.90562057495117,36.95732749240641,36.33687078128257,36.348360963880594,8139400
2007-01-11,37.13542938232422,37.22735086671902,36.825200947078166,36.85967369525503,6593000
2007-01-12,37.34223556518555,37.34223556518555,36.99753888273352,36.99753888273352,7904200
2007-01-16,37.34223556518555,37.34223556518555,37.181377405578345,37.290533035193,10397100
2007-01-17,37.728981018066406,37.942564654419904,37.434582903970224,37.64239281932532,11403700
2007-01-18,37.8328971862793,37.89639492390098,36.75921377348008,37.66549446019124,8679900
2007-01-19,38.15037536621094,38.27160150340871,37.83289113296054,37.919479343504946,9241500
2007-01-22,37.936805725097656,38.115751509290995,37.61354768808764,38.069570531415145,9324800
2007-01-23,37.89061737060547,38.09842732652949,37.688581136807,38.09842732652949,5763600
2007-01-24,37.81557846069336,37.948343247699334,37.57890428655082,37.83866894627262,6366500
2007-01-25,37.475013732910156,37.804045572000845,37.33647517015132,37.72900476801929,6800500
2007-01-26,37.440364837646484,37.60199382858574,37.232554876707525,37.52117933311611,6829500
2007-01-29,37.451904296875,37.83866437856494,37.423044496429604,37.653944920289156,9458300
2007-01-30,37.28449630737305,37.399948704944705,36.75920221161263,37.180595755646536,12003400
2007-01-31,37.446128845214844,37.6135315149895,37.00164483138524,37.23254521742127,8933600
2007-02-01,37.717445373535156,37.80403359935977,37.33646334559102,37.463458822925766,8122900
2007-02-02,37.717445373535156,37.890621825184375,37.573133131847506,37.85598829647858,6379400
2007-02-05,37.6077766418457,37.763631948195254,37.480781145677526,37.590459874924726,6368900
2007-02-06,37.28449630737305,37.67125633416478,37.22100299378195,37.607758616515035,8342400
2007-02-07,37.221012115478516,37.492315407127826,37.145966937651075,37.41727463336011,6747400
2007-02-08,37.28449630737305,37.376858225430375,37.00164564042513,37.00741936131838,5783700
2007-02-09,37.19214630126953,37.41727301690677,37.07092456239252,37.28450383391221,5252100
2007-02-12,37.03629684448242,37.28450967914896,36.978568422963455,37.15174487939989,8014100
2007-02-13,37.35377502441406,37.37109178640937,36.97856236629748,37.03629077836119,8843900
2007-02-14,37.451904296875,37.561582989121625,37.30182276481668,37.434587535795906,5969000
2007-02-15,37.51539993286133,37.75207406524418,37.40572565078597,37.40572565078597,5174100
2007-02-16,37.56158447265625,37.809801667398496,37.40572921272947,37.45767949801858,8158200
2007-02-20,37.451904296875,37.561582989121625,37.15173682869907,37.37686353084584,9201400
2007-02-21,37.34223937988281,37.515411438191286,37.1286556635026,37.37687291073243,5655600
2007-02-22,37.35377502441406,37.36532246845061,37.122874588337744,37.221010246410344,6321700
2007-02-23,37.41728973388672,37.48078749272361,37.20947968752265,37.39419923939499,5536700
2007-02-26,37.19792556762695,37.51540986322746,37.12865410477548,37.32492104749124,6545300
2007-02-27,35.356502532958984,37.365331063638635,35.356502532958984,37.1228831277552,16527200
2007-02-28,36.64954376220703,36.81117279424225,35.933753959423136,36.078066224320416,17275300
2007-03-01,36.75922775268555,37.01321879976278,36.22238584212976,36.22238584212976,11245000
2007-03-02,36.459049224853516,36.776535755981875,36.19351519533019,36.568725749561764,9275000
2007-03-05,36.245460510253906,36.71303072995989,36.17041753347484,36.27432251608281,9904800
2007-03-06,36.33204650878906,36.407089485528985,36.04919576897149,36.36668223698362,11971600
2007-03-07,35.835628509521484,36.395558691086606,35.80099276757725,36.25124640269845,10622400
2007-03-08,35.9683723449707,36.0665035807888,35.714381471974505,35.95682710510457,8996800
2007-03-09,35.88178253173828,36.19349738800366,35.789422818996236,36.02032320186597,9194400
2007-03-12,35.841400146484375,36.02034817738754,35.77790238706613,35.841400146484375,5979700
2007-03-13,35.3103141784668,35.85870107422128,35.29299741610533,35.64511959765388,11281200
2007-03-14,35.420005798339844,35.55277282960764,34.877390224776015,35.41423207409351,10522000
2007-03-15,35.73748779296875,35.81830230582476,35.356503516625914,35.535451510828736,12711000
2007-03-16,35.56430435180664,35.88179079988819,35.48926137977762,35.87024555788144,12357900
2007-03-19,35.77788543701172,35.876018891993176,35.622027974650386,35.62780169660621,5646600
2007-03-20,35.95106506347656,35.985700794326966,35.67398582276351,35.777890813284664,6516400
2007-03-21,36.34360122680664,36.366691718289694,35.87603088544242,35.98570741694121,8562700
2007-03-22,36.85735321044922,36.886217426334596,36.482142626274886,36.65531691143461,14690800
2007-03-23,36.8284797668457,36.932384746100645,36.62644353053321,36.67262229796328,7081600
2007-03-26,36.886207580566406,36.89775062140285,36.52254013738073,36.7130311396009,7491800
2007-03-27,36.522544860839844,36.805395640542066,36.45904711787765,36.68417387781254,8039100
2007-03-28,36.37245559692383,36.64376330976155,36.17041934397871,36.64376330976155,7296800
2007-03-29,36.516761779785156,36.65530247456632,36.308954040657866,36.64953095488069,5366300
2007-03-30,36.459049224853516,36.597589963143704,35.78944042751668,36.430187213301906,8527800
2007-04-02,36.378231048583984,36.56872206726734,36.16464954217231,36.493681285195464,6484000
2007-04-03,36.3089485168457,36.620661179129485,36.21658880171916,36.4936679470988,11410000
2007-04-04,36.395538330078125,36.51098853660769,36.28008812354856,36.42440033120313,9728200
2007-04-05,36.36668014526367,36.4705851218411,36.25700364866741,36.25700364866741,6453000
2007-04-09,36.516761779785156,36.59757846959146,36.26277307505426,36.38399480671926,7690700
2007-04-10,36.4879035949707,36.67839679497211,36.43017958395627,36.50522255989893,6554400
2007-04-11,36.389793395996094,36.49369843757977,36.22239058433004,36.48792471191893,9100200
2007-04-12,36.666847229003906,36.707254472355594,36.30895355844764,36.38399432351244,7570100
2007-04-13,36.58604431152344,36.66685882378195,36.4475035747729,36.66685882378195,6548000
2007-04-16,36.7880859375,36.82849319950046,36.53409711892132,36.655318904922694,8574400
2007-04-17,36.886207580566406,36.99011256433374,36.672623890583594,36.70148809876446,12344700
2007-04-18,36.805397033691406,36.886213747267014,36.59181551003159,36.741901490356,8303800
2007-04-19,36.72459030151367,37.05362434283791,36.655321020091556,36.811178554814376,8840500
2007-04-20,36.8284797668457,36.94392998846562,36.64953401526316,36.93815846829804,18753200
2007-04-23,36.730350494384766,36.943931984602365,36.68416952242964,36.828481756744495,6754000
2007-04-24,36.7880859375,36.79385966180328,36.233927314038915,36.64377365834676,10107400
2007-04-25,36.87515640258789,37.002853232086835,36.75907079125187,36.77067758103259,7323400
2007-04-26,36.561710357666016,36.84612311355805,36.52107774977676,36.71842632525283,9165200
2007-04-27,36.55590057373047,36.689400739800746,36.34113962954698,36.51527018467387,9744800
2007-04-30,37.380126953125,37.58327892651104,36.770666604585976,36.776472211934404,19243300
2007-05-01,36.54429626464844,36.71262344902199,36.352753293684735,36.68940544824141,18845800
2007-05-02,36.201820373535156,36.68938707480991,36.16699560399437,36.68938707480991,19498800
2007-05-03,35.987064361572266,36.39337036978277,35.894194606626115,36.352739990380684,17770600
2007-05-04,36.225040435791016,36.2598674215142,35.841952449593705,36.13217068805196,12431700
2007-05-07,36.09154510498047,36.445611757192054,35.98706634812493,36.34113300033652,12124700
2007-05-08,35.84196472167969,35.96966149886459,35.696855552766,35.88840071854336,16578900
2007-05-09,35.99287414550781,36.1437889079689,35.650416448156896,35.69685244097262,10520000
2007-05-10,35.69107437133789,36.01611769490209,35.42987726190839,35.99289968202134,14107600
2007-05-11,35.783912658691406,35.89999819236166,35.6504103094293,35.795519440706734,8479000
2007-05-14,35.82455062866211,35.92902940245354,35.731680853535295,35.841963019563984,8754800
2007-05-15,36.02769470214844,36.503652472508236,35.82454280535692,35.82454280535692,14855900
2007-05-16,36.753231048583984,36.921558128559454,36.05090356698999,36.16118568101406,15809800
2007-05-17,36.78226852416992,36.90996529096718,36.428201826552076,36.59652898020483,10088800
2007-05-18,36.84611892700195,37.397534197078,36.71261876084714,36.857727925909785,16434000
2007-05-21,36.72422790527344,36.834510074049575,36.57331313306382,36.741640296609106,9699500
2007-05-22,36.56751251220703,36.753252081165556,36.451424728060374,36.57331590502872,9681300
2007-05-23,36.625553131103516,36.81709829574582,36.5791193487052,36.58492274118367,7685800
2007-05-24,36.4920539855957,36.799686936146486,36.468838200840565,36.776468937201095,8971500
2007-05-25,36.54429626464844,36.79388423756358,36.480447869597064,36.741644842902495,9440800
2007-05-29,36.94479751586914,37.03766730099879,36.50946998291321,36.51527337577554,9891900
2007-05-30,37.06089782714844,37.06089782714844,36.701027543410916,36.79970297484015,10316200
2007-05-31,36.886775970458984,37.10153706996476,36.75327570783693,37.00286382923218,8615300
2007-06-01,36.84611892700195,37.02024948223909,36.54429159796885,36.886749316084284,9025800
2007-06-04,36.67779541015625,36.8577315898293,36.48044683748561,36.83451358970561,11481300
2007-06-05,36.83450698852539,36.991225139989,36.60233367146779,36.61974606134487,13480400
2007-06-06,36.67779541015625,36.91577437594816,36.666186410094404,36.77066519646064,9903700
2007-06-07,36.17280960083008,36.428200913835695,36.05672183521299,36.34113675026535,21180400
2007-06-08,36.608158111572266,36.68361553474118,36.091569582428406,36.196048410141906,15468500
2007-06-11,36.59652328491211,36.6893930424419,36.42239276631745,36.45141415038495,8119600
2007-06-12,36.0799446105957,36.567511519422276,36.0799446105957,36.39338095502498,10403400
2007-06-13,36.201820373535156,36.46301721603758,35.99866850391622,36.155386609417675,15511000
2007-06-14,36.23085021972656,36.335328981143334,36.04511069147226,36.15539505862876,11103000
2007-06-15,36.317928314208984,36.451428504843165,36.13218872600572,36.37016771177806,17155500
2007-06-18,35.853572845458984,36.27729134263818,35.8245514552229,36.27729134263818,15244900
2007-06-19,35.88259506225586,35.93483445156021,35.46467994782108,35.876791669751015,19293000
2007-06-20,35.952247619628906,36.27148956904383,35.88259583711576,35.88259583711576,18520400
2007-06-21,35.917423248291016,36.21925059490408,35.754899468305354,36.00448742388557,13153300
2007-06-22,35.4240608215332,35.96967288646512,35.4008450299417,35.91743348055017,19720000
2007-06-25,35.453067779541016,35.714262472212184,35.319565416108816,35.464674562788296,11690800
2007-06-26,35.51693344116211,35.74910908897792,35.40084783144528,35.5227390501626,14784000
2007-06-27,35.656227111816406,35.662030504646516,35.35439975827319,35.49370554228941,10475800
2007-06-28,35.6156005859375,35.87099196780435,35.435664390005286,35.75490417088648,9235900
2007-06-29,35.51693344116211,35.81295750283682,35.267345394726995,35.667848276499704,11984900
2007-07-02,35.83615493774414,35.87097971499065,35.60978281469278,35.60978281469278,9868700
2007-07-03,35.86518859863281,35.9290369976904,35.66784000799597,35.66784000799597,5091700
2007-07-05,35.795528411865234,35.94644318616257,35.63881245929596,35.94644318616257,11880600
2007-07-06,35.685245513916016,35.77231189840376,35.60978812830598,35.69685451279372,8197100
2007-07-09,35.708465576171875,35.79552975150314,35.644617185748125,35.6852475770741,12073500
2007-07-10,35.4240608215332,35.812954668720266,35.412451818642005,35.720084859781565,12677700
2007-07-11,35.7316780090332,35.795524175320814,35.34278433439275,35.44145970809164,12056600
2007-07-12,36.526885986328125,36.56171298951572,35.731688234164274,35.737491627600264,17559900
2007-07-13,36.37015914916992,36.56750769194803,36.13218021942484,36.329528762202955,12006400
2007-07-16,36.65457534790039,36.85772728980596,36.10316008734087,36.19602986281057,12873100
2007-07-17,36.381771087646484,36.834510987117724,36.381771087646484,36.59072864561481,13777400
2007-07-18,36.53352355957031,36.76116458617526,36.20081710120569,36.42262214898976,11066000
2007-07-19,36.650264739990234,36.84872142771584,36.46931821609766,36.46931821609766,8714300
2007-07-20,36.276702880859375,36.708636621444406,36.24751630310846,36.32923560353845,12207800
2007-07-23,36.9713020324707,37.187268913264035,36.35842172249737,36.35842172249737,9577000
2007-07-24,36.74950408935547,37.578351441251364,36.5101887893522,36.521862977965014,14793500
2007-07-25,36.761173248291016,37.105553972067554,36.5335321680465,36.726150687244356,13581900
2007-07-26,36.51601791381836,37.24563782095219,36.3642557262255,36.375929911934435,22062300
2007-07-27,36.66778564453125,37.01216640273613,36.36426343165376,36.3934477887985,16874600
2007-07-30,36.930450439453125,37.08804864479417,36.21834052493959,36.486840181465624,14882700
2007-07-31,36.10743713378906,36.88375170362199,36.037394232941985,36.807872822130854,15470800
2007-08-01,36.86623001098633,37.058850711383734,35.89729498342545,35.90896916768799,14824200
2007-08-02,36.94794845581055,37.117220794012546,36.5627092672333,36.8020244870067,11878500
2007-08-03,36.70280838012695,37.169764776490155,36.3876119775979,36.91877529595298,20336700
2007-08-06,37.940242767333984,37.940242767333984,36.74366632538127,36.77285068218525,18583700
2007-08-07,38.074485778808594,38.4013540600223,37.49078987478621,37.49078987478621,19227700
2007-08-08,38.033626556396484,38.3780049959886,37.70675382784297,38.1445257479493,13785200
2007-08-09,37.9227180480957,38.96169589271547,37.356532391517455,37.36237059661242,19540900
2007-08-10,38.16788101196289,38.459729011414055,37.519978096921555,37.537488264369095,17234900
2007-08-13,37.51997756958008,38.17371868233132,37.36238161152016,38.05697681224342,15379400
2007-08-14,37.1931037902832,37.61919930724314,37.07636416392353,37.49078994883153,10928800
2007-08-15,37.05303192138672,37.823512900078285,36.971314815352926,37.32736982874944,12162400
2007-08-16,37.374061584472656,37.8176718794176,36.49851741071835,36.49851741071835,22611500
2007-08-17,38.14453125,38.202899957117495,37.455769818221064,37.88186984134785,19957300
2007-08-20,37.94606018066406,38.40718033599896,37.77678788668708,38.02777722558468,9519000
2007-08-21,37.62504196166992,37.92856636206513,37.479117968123305,37.735945621804355,9745800
2007-08-22,37.78847885131836,38.0044479805353,37.58418613624677,37.870195937347,9600400
2007-08-23,37.963592529296875,38.0453096219806,37.671744497355704,37.934405944803736,10711600
2007-08-24,38.48307800292969,38.494749963666216,37.99860924729183,38.12118487463747,8496800
2007-08-27,38.074485778808594,38.372167483522645,37.88770326765128,38.33130894837093,7794300
2007-08-28,37.765132904052734,38.16204639881384,37.473284877118026,38.027798800242465,10828200
2007-08-29,38.01027297973633,38.09199003736978,37.64837997218411,37.876020983198124,8875500
2007-08-30,37.94606018066406,38.12116622553184,37.654212319306154,37.82931836417393,8297200
2007-08-31,38.12117385864258,38.29628439181818,37.87018446948866,38.016108429386385,8392900
2007-09-04,38.20289993286133,38.25543488650655,37.87603161061341,37.9635868978575,8808600
2007-09-05,38.20875549316406,38.319659204259864,37.899397197211485,38.16205872499226,8978200
2007-09-06,38.588134765625,38.6873619958868,37.99276247756193,38.02194905269593,11114600
2007-09-07,38.21457290649414,38.71655175804664,38.17371436989087,38.34298672246057,11491200
2007-09-10,38.46556854248047,38.58230596498077,38.191230701032836,38.261275826481345,8823000
2007-09-11,39.1017951965332,39.10763340365193,38.43638208890995,38.693209763167076,12452300
2007-09-12,39.28857421875,39.34110917160877,38.839130282387224,39.04926118732865,9591100
2007-09-13,39.37612533569336,39.527887518360146,39.20101923561294,39.29440826500656,8547100
2007-09-14,39.580421447753906,39.6037698204404,39.07260881487459,39.10762914728096,8319800
2007-09-17,39.662139892578125,39.86059884063028,39.25939269628307,39.39364027729912,10281900
2007-09-18,40.088233947753906,40.315874988846474,39.62711365975336,39.860592906661346,15487900
2007-09-19,40.15243911743164,40.27501471478276,39.74968754524508,40.24582814021276,15034600
2007-09-20,40.26334762573242,40.46180210641911,39.95398503891742,39.97733341074761,9045200
2007-09-21,40.502685546875,40.82372029036992,40.26337238165551,40.666119796927205,16085200
2007-09-24,40.74198532104492,40.858722747596254,40.333395421620544,40.461809262775425,11617600
2007-09-25,40.77116012573242,41.05716988666915,40.50849873656045,40.50849873656045,9845200
2007-09-26,41.15640640258789,41.284820235717966,40.6602656908784,40.80618969157219,10491400
2007-09-27,40.91709899902344,41.23813366105481,40.759502998820516,41.156416556764675,8618800
2007-09-28,41.05717849731445,41.14473379648302,40.80619346801073,40.82953739142468,9747600
2007-10-01,41.38988494873047,41.44241545047532,41.0921987457686,41.11554711984865,11500200
2007-10-02,41.284820556640625,41.44241651918626,41.06301322378372,41.35486122743996,9366500
2007-10-03,41.09803771972656,41.36653734678837,40.99297226102872,41.27898205566565,8697700
2007-10-04,41.34320068359375,41.48328651712407,40.97546924736017,40.97546924736017,11694600
2007-10-05,41.34320068359375,41.629210559248925,41.197276641468896,41.384059237258775,10286200
2007-10-08,41.273136138916016,41.3957117422919,40.88789916448412,40.88789916448412,6046800
2007-10-09,41.48911666870117,41.64671264416224,41.15057188793592,41.54748538356648,8256800
2007-10-10,41.6758918762207,41.88018456883397,41.51829147531425,41.52996788817598,7719800
2007-10-11,41.891845703125,42.014425740263604,41.6817193116266,41.82180505704072,9204200
2007-10-12,41.85099411010742,42.02610466082605,41.79262541094998,41.98524612609121,8210600
2007-10-15,41.44241714477539,41.96774444993606,41.24979639067527,41.82182044590517,8233500
2007-10-16,41.337345123291016,41.76344510686572,41.17391097723382,41.43073860860741,9637700
2007-10-17,41.40774154663086,41.55439030599764,41.237632924086554,41.4370730886502,11854600
2007-10-18,41.58959197998047,41.64825059278457,41.35495305339876,41.38428459748346,8079900
2007-10-19,41.53093719482422,41.95914913558857,41.41948268746866,41.64825443124483,15979700
2007-10-22,41.6834602355957,41.71865899654945,41.36083550852707,41.413626936907285,9040800
2007-10-23,41.80075454711914,41.85941314305675,41.43706409172356,41.74795867802049,7704700
2007-10-24,41.87116241455078,41.93568824249916,41.43121602873876,41.74211523402008,10096300
2007-10-25,41.85354995727539,42.0471273702735,41.73036555137598,41.771427020009114,10406100
2007-10-26,42.08820343017578,42.094070634975836,41.718650084359645,42.0002132596388,9320000
2007-10-29,42.135128021240234,42.34630261985106,42.000209176152275,42.205516570533476,11479700
2007-10-30,40.44572448730469,41.00299243667989,39.829802406877114,40.78595067003505,25799200
2007-10-31,40.78009796142578,40.99713980521472,40.49853476040021,40.68037784753616,14144500
2007-11-01,40.234554290771484,40.973665342868856,40.234554290771484,40.604112054502814,15104800
2007-11-02,40.797691345214844,40.92087578022799,40.39293929062489,40.504393792698174,11447900
2007-11-05,41.167232513427734,41.601311510075924,40.69795477760623,40.70382198002915,12740000
2007-11-06,41.33734130859375,41.43706136265647,41.102702464932754,41.29627984660535,8733700
2007-11-07,40.7214241027832,41.63651535225303,40.60997409527343,41.31975351305556,11873500
2007-11-08,41.554405212402344,41.659992536037336,40.53373073417514,40.92088574595897,14437100
2007-11-09,41.308021545410156,41.64824774189634,41.237633005009556,41.38428176466412,11899000
2007-11-12,41.513328552246094,41.92981496435838,41.26695971226005,41.3197555924656,10793800
2007-11-13,41.982608795166016,42.09406329008984,41.51333095109589,41.800765756387314,12264600
2007-11-14,41.96500778198242,42.381489704316714,41.76556315030184,42.22311101991091,11907300
2007-11-15,42.135128021240234,42.52227846844971,41.83009605641769,41.882891943753165,11440000
2007-11-16,42.93288803100586,42.96808229769961,42.32282871458181,42.504671726318904,15145900
2007-11-19,42.71584701538086,42.99154737688503,42.39908518356955,42.745178555042216,11337900
2007-11-20,42.94462966918945,43.32005020081993,42.50468331411945,42.80971529317281,12771000
2007-11-21,42.38737106323242,43.29072822230239,42.287646476405726,42.85078181547154,10381700
2007-11-23,42.739322662353516,42.77451693896909,42.41083081296602,42.75105259610344,4592500
2007-11-26,42.34629440307617,43.14406395961629,42.18791124716758,42.82143492007261,13661100
2007-11-27,42.89768981933594,43.18512458543721,42.393217772120366,42.6513209987045,13090300
2007-11-28,43.35524368286133,43.431499430673284,42.53987241989939,42.81557281829178,13638700
2007-11-29,43.49602508544922,43.58401524051627,43.02674724200171,43.30244763937473,7878900
2007-11-30,43.408023834228516,43.75997988916296,43.02673624331451,43.75997988916296,13784500
2007-12-03,43.12645721435547,43.5546734817198,42.95048142085994,43.40802474945812,9036200
2007-12-04,42.991539001464844,43.29070364134326,42.844890282456724,42.956344741019294,9185600
2007-12-05,43.29656982421875,43.45495295959499,42.76863797393556,43.2027169637504,9682600
2007-12-06,43.51362228393555,43.54881655586688,43.108870255264414,43.27898336187452,8469600
2007-12-07,43.47842025756836,43.889034941417556,43.44322151654958,43.54880878887714,7692200
2007-12-10,43.60161590576172,43.75999461741013,43.454967127234625,43.50775853932891,6521600
2007-12-11,43.31416320800781,43.94182401750859,43.267239019515884,43.75410936208605,13287400
2007-12-12,43.80105972290039,44.10022450896741,43.54296089457195,43.78932978880788,13647300
2007-12-13,43.642677307128906,43.99463347989496,43.46669698306311,43.67200437756284,10568700
2007-12-14,43.34937286376953,43.70132898062103,43.32004132262989,43.625073239168735,13648100
2007-12-17,42.962242126464844,43.372861556165006,42.87425192900285,43.249677069865164,13268800
2007-12-18,42.727569580078125,43.20271448356557,42.539859394553396,43.20271448356557,10732100
2007-12-19,42.80971908569336,43.18513965058241,42.62200880324883,42.69239736206168,8169000
2007-12-20,42.93288803100586,43.10886383983915,42.821433552656266,43.04433803399092,7362200
2007-12-21,43.45497512817383,43.60162393370192,43.020891441546866,43.061957403446456,16176800
2007-12-24,43.37282943725586,43.666126894688496,43.23204343542608,43.425620831418996,2827000
2007-12-26,43.43149948120117,43.52535236512775,43.27311630623757,43.34937652950345,6433800
2007-12-27,43.34349822998047,43.560539961257206,43.185119570926254,43.29070683541709,6901300
2007-12-28,43.55466842651367,43.69544994004301,43.30243245728497,43.44321397081431,6637900
2007-12-31,43.06779479980469,43.56053682372592,42.95634481641026,43.55466962185345,7996700
2008-01-02,42.41667938232422,43.16752020191085,42.158580647694,43.16752020191085,12255300
2008-01-03,42.41667938232422,43.015008737245275,42.23483638002679,42.47534245758792,11162800
2008-01-04,42.24658203125,42.81558006028271,42.05887175649997,42.05887175649997,10049000
2008-01-07,42.522274017333984,42.62786130558681,42.17618508522839,42.37562525450313,11916000
2008-01-08,42.633724212646484,43.296574942709555,42.23483943893089,42.6454541433302,17169100
2008-01-09,42.551612854003906,43.17340228287357,42.270045211943284,42.551612854003906,14875400
2008-01-10,42.51640319824219,42.733440461696176,42.27589712479248,42.27589712479248,13039700
2008-01-11,41.167232513427734,42.410815380599814,41.06751244905902,42.410815380599814,18046500
2008-01-14,41.23177719116211,41.58373341648253,41.06753125103699,41.54267193145125,13145800
2008-01-15,40.88566207885742,41.525052836709655,40.609966239620285,41.061642336157924,12660600
2008-01-16,40.584999084472656,41.245302873879155,40.54373037875673,40.82671900220282,14936800
2008-01-17,40.13103485107422,40.95051647585811,40.00133194678602,40.64984197027641,15130900
2008-01-18,39.58864212036133,40.472975133483544,39.32333951765448,40.32558629796318,17975000
2008-01-22,38.397762298583984,38.869408672220615,37.02999546155815,37.843582982207096,25636100
2008-01-23,39.052146911621094,39.20543256906163,36.98870534117208,36.98870534117208,18489400
2008-01-24,38.99909591674805,39.37051425002992,38.52744973338419,39.287976842633945,12026900
2008-01-25,38.50385284423828,39.39997936417792,38.49206371805868,39.39997936417792,13000400
2008-01-28,38.49208068847656,38.733796114298556,38.262154394031775,38.63357275476143,12868600
2008-01-29,38.13246154785156,38.6748516937371,38.11477559713073,38.65716574301627,12683500
2008-01-30,38.37417984008789,38.86940898620206,38.08529879532733,38.14425346801984,12264900
2008-01-31,38.568729400634766,38.88119317430499,37.601858498052216,37.60775531395712,19878500
2008-02-01,38.940155029296875,39.311573493833556,38.58052569943232,38.99910969856339,12166500
2008-02-04,38.99909591674805,39.512006305858534,38.99909591674805,39.24081132470729,10343000
2008-02-05,38.344696044921875,39.09342966378667,38.309324148929704,38.946040766549714,14270600
2008-02-06,38.50385284423828,38.59228703340926,38.2090752123015,38.33288127796098,13839800
2008-02-07,38.77506637573242,39.11111285785257,38.368276106609216,38.368276106609216,16197800
2008-02-08,38.3328971862793,38.76327468661339,38.23267382933559,38.645365384085686,9271000
2008-02-11,38.91067123413086,38.92835718320125,38.1619375697853,38.26805776216012,10332800
2008-02-12,39.594547271728516,39.736039324199886,38.95782628868048,39.1641698022744,11107400
2008-02-13,39.500213623046875,39.93648337975575,39.36461389569023,39.73013987982256,11051700
2008-02-14,39.28207778930664,39.76551307562042,39.063945152744395,39.582752326511276,10952100
2008-02-15,39.087528228759766,39.441260600025466,38.99909401145556,39.28207810928766,11755100
2008-02-19,39.093421936035156,39.458947948190634,38.96961582658362,39.458947948190634,10404000
2008-02-20,39.0108757019043,39.04625208085029,38.686622964226274,38.99908657422249,10843400
2008-02-21,38.8870735168457,39.10521063339332,38.78685017868223,39.06983425090271,11931400
2008-02-22,39.034461975097656,39.1464789389521,38.527443978004804,39.022672846352776,11139700
2008-02-25,39.31155776977539,39.606335496154045,38.9401394538007,38.981408155575664,11879700
2008-02-26,39.901126861572266,40.04261895917266,39.11701676187154,39.20545100960404,11259700
2008-02-27,39.6240234375,39.877532474883004,39.506114140185225,39.58275473364469,11769800
2008-02-28,39.4825439453125,39.55918456316063,39.270303544245415,39.35873779434883,11149300
2008-02-29,39.01677703857422,39.47662953663784,38.93423964138079,39.23491415855731,14640200
2008-03-03,39.11700439453125,39.14058715300077,38.6335690907842,38.9990951001349,11568500
2008-03-04,38.940155029296875,39.0580643678299,38.6335835523863,38.88119586207742,16500300
2008-03-05,39.32333755493164,39.59453695694917,38.94013020006573,39.081622215676994,11694500
2008-03-06,39.21135330200195,39.43538286265424,39.099336272699155,39.20545648520883,9957900
2008-03-07,38.792755126953125,39.11111115047294,38.716110030443225,38.981412713978635,13753900
2008-03-10,38.76917266845703,38.86349921372903,38.66305249380621,38.76327585376762,13774100
2008-03-11,39.299766540527344,39.35282436942474,38.79864083409154,38.79864083409154,14169500
2008-03-12,39.523799896240234,39.87163547022368,39.28797680478549,39.28797680478549,9641200
2008-03-13,39.71245574951172,39.87163374302622,39.25849553098493,39.405884394515496,16206400
2008-03-14,39.34693145751953,39.91880099252644,38.9106616619483,39.91880099252644,19283500
2008-03-17,39.529693603515625,39.88342596391948,38.91065859934564,38.91065859934564,17066600
2008-03-18,40.408138275146484,40.408138275146484,39.588656413619994,39.97186842391953,14680900
2008-03-19,39.97774124145508,40.608565197629915,39.96005530310574,40.526027820033185,15093900
2008-03-20,40.897464752197266,40.90925388255032,40.08977213549901,40.37865305763727,16523000
2008-03-24,41.251190185546875,41.268876127072105,40.714692636878674,41.09200771591872,10100000
2008-03-25,40.99769592285156,41.257101819610156,40.867992974472266,41.257101819610156,10581200
2008-03-26,41.056644439697266,41.20993012830057,40.71470117202507,40.86798686062838,8431200
2008-03-27,40.921058654785156,41.327848983039274,40.867996308867866,41.08613351239002,11899700
2008-03-28,40.93874740600586,41.29247991050511,40.89747868878016,41.003598889925215,7432200
2008-03-31,41.31015396118164,41.375005426419804,40.620375101413764,41.00947939489121,13745600
2008-04-01,41.940975189208984,41.97634707756973,41.18044810379462,41.510602220982626,11590300
2008-04-02,41.5518684387207,41.93507586758405,41.42805784095916,41.89380716764718,10209400
2008-04-03,41.54596710205078,41.62260767988964,41.139172462708885,41.38678463537332,9580000
2008-04-04,41.62261962890625,41.811277219089014,41.29836678531649,41.545979029065414,10160300
2008-04-07,41.569557189941406,41.84075216469636,41.32783728973191,41.84075216469636,9465400
2008-04-08,41.652076721191406,41.66386584636026,41.22759624792358,41.27476174449763,8748100
2008-04-09,41.392696380615234,41.44575872129983,41.05664988278641,41.357324485460225,11440400
2008-04-10,41.374996185302734,41.675670684437435,41.23939647064966,41.321933862890475,9656800
2008-04-11,41.26887130737305,41.54596302010884,41.12148248127529,41.12148248127529,11862200
2008-04-14,41.33964157104492,41.534191506624026,41.12740118863826,41.33964157104493,9079300
2008-04-15,41.40449142456055,41.504714796222856,41.15098233873973,41.498817980845004,8604100
2008-04-16,41.072425842285156,41.90846270753502,40.894548834415055,41.90846270753502,19498400
2008-04-17,40.058528900146484,40.76412021028491,39.90436966624577,40.74633295435154,21014000
2008-04-18,39.82728958129883,40.31942482291785,39.64348188631341,40.28385030742845,18345800
2008-04-21,40.20082092285156,40.33126225869664,39.57230946530664,39.67311141733147,10496700
2008-04-22,40.00516891479492,40.17118934252645,39.815430636856405,40.02888676500191,13148900
2008-04-23,39.82728958129883,40.24234519811827,39.578258925437744,40.24234519811827,14184800
2008-04-24,39.62568664550781,40.01701980820547,39.60196879872058,39.75613254097927,12614800
2008-04-25,39.45966339111328,39.88657103129325,39.23434612476997,39.88657103129325,13674700
2008-04-28,39.258056640625,39.667181475264194,39.15132861957632,39.5011611144586,18166400
2008-04-29,39.074241638183594,39.34698996843923,39.01494930964361,39.25804921377192,16567800
2008-04-30,39.75612258911133,40.60994224113775,39.64939456714358,39.75612258911133,21859500
2008-05-01,39.7442741394043,40.01109654166137,39.4418772263331,39.7442741394043,13493700
2008-05-02,39.60790252685547,39.90436884959026,39.34701071525938,39.7857796062661,13290300
2008-05-05,39.518951416015625,39.66718453871357,39.26399026402652,39.54859532632567,10193200
2008-05-06,39.518951416015625,39.65532335561683,39.25805967247815,39.25805967247815,9819900
2008-05-07,39.014957427978516,39.74426181583371,38.9556605633852,39.483370087513144,13045900
2008-05-08,39.08612060546875,39.287720066038915,38.943818031000994,39.19284866724889,10081900
2008-05-09,38.66512680053711,39.00902872749808,38.59990386529569,38.90823129074892,9756700
2008-05-12,38.74814224243164,38.985316173324435,38.540616749294124,38.79557793335349,11162200
2008-05-13,38.97346496582031,39.204708336775525,38.688855304181615,38.8370884662666,10942500
2008-05-14,38.83708953857422,39.42409160999734,38.760009920699986,39.09205076534866,13205200
2008-05-15,39.34701156616211,39.35294215938584,38.6117763365207,38.7066432095145,11877400
2008-05-16,39.57825469970703,39.70870060753077,39.38258583797142,39.39444702434657,12286200
2008-05-19,39.643470764160156,39.70869370673723,39.37072233325439,39.43594527583146,9182900
2008-05-20,39.050537109375,39.607895139755406,38.97938357665104,39.50709317080074,11931600
2008-05-21,38.64141845703125,39.18098932235245,38.54655158845206,39.18098932235245,11650300
2008-05-22,38.90824890136719,39.020903048369725,38.57620348338006,38.730367265884155,8639100
2008-05-23,38.70071029663086,38.98531994598758,38.59991283645496,38.76593324703101,8415300
2008-05-27,38.582115173339844,38.83707631329176,38.487248331624265,38.76592278921831,10901600
2008-05-28,38.46353530883789,38.78964549000146,38.39831236786192,38.73035314103683,10195500
2008-05-29,38.81928634643555,38.98530670060564,38.39237427930366,38.46945386553538,10548200
2008-05-30,39.1631965637207,39.21062772948643,38.730353813700496,38.85486910580365,9761700
2008-06-02,38.75407791137695,39.086118743893195,38.50504728698977,39.086118743893195,9980200
2008-06-03,38.78373336791992,38.92010536720485,38.510980321914325,38.81337729120375,11417400
2008-06-04,39.40035629272461,39.47150980948278,38.896364655904385,39.13353852138309,12590900
2008-06-05,39.53081130981445,39.61975209545355,39.19283994335889,39.46558836859353,10784800
2008-06-06,38.760013580322266,39.35887237114676,38.694790619148485,39.34108511332076,16364700
2008-06-09,39.17505645751953,39.240279405011414,38.671064655395945,38.74814426437875,12983000
2008-06-10,39.52488708496094,39.815422776130895,38.91416274106993,38.91416274106993,13803400
2008-06-11,39.252132415771484,39.61975221983292,39.14540437741277,39.38850889067507,12619500
2008-06-12,39.40628433227539,39.5782352605227,39.16911048215099,39.37070983805695,11939500
2008-06-13,39.40035629272461,39.613812319283916,39.18097419922187,39.59009448036452,10941500
2008-06-16,39.074241638183594,39.37663839456657,38.997157539738396,39.28176704993085,12204700
2008-06-17,39.014957427978516,39.287705814988364,38.9793784044794,39.11575485984214,8220900
2008-06-18,38.540611267089844,39.10389531458406,38.49317558291548,38.89043925951522,11511700
2008-06-19,38.481327056884766,38.87859081744751,38.368668414088816,38.51097097297222,11544300
2008-06-20,37.44963836669922,38.588070604262086,37.414061581761246,38.33310930018819,21461900
2008-06-23,37.313232421875,37.71049600488552,37.20057609128785,37.609698592548185,10507400
2008-06-24,37.2717399597168,37.508911619450906,37.01084819359369,37.24802211518594,11172200
2008-06-25,37.64529037475586,37.98325950142973,37.253954963726095,37.43776261532811,12888400
2008-06-26,36.91005325317383,37.87653399577405,36.89819433010322,37.48519858187738,15244000
2008-06-27,35.86649703979492,37.12944195737924,35.86649703979492,36.87448073660301,21773200
2008-06-30,36.05624771118164,36.38236032891834,35.83686092638806,35.98509414007378,14977700
2008-07-01,36.749961853027344,36.76774910702766,35.60560176726762,35.90206806385079,19060400
2008-07-02,37.17094421386719,37.31917736519968,36.554296023336384,36.7321753525637,18876400
2008-07-03,37.75201416015625,37.88246004421608,37.17094053585234,37.176871127959515,11550400
2008-07-07,37.3013916015625,37.835031872429454,37.11758167229533,37.835031872429454,18716900
2008-07-08,37.74610137939453,37.92398076429824,37.159096921167254,37.159096921167254,18142100
2008-07-09,37.82909393310547,38.32122674345882,37.597850614589966,37.906175793229984,15553100
2008-07-10,38.0781364440918,38.137428805807865,37.56821399064264,37.77573951850748,17753500
2008-07-11,37.62156677246094,38.11963015227923,37.461474729463134,37.906174094948824,21841200
2008-07-14,37.90617752075195,38.1729953546709,37.7223676188037,37.888390268319526,14939400
2008-07-15,38.155216217041016,39.96959325420465,36.77961261053765,36.96935088303062,25356900
2008-07-16,38.1193962097168,38.28049184187488,37.81511027654202,38.02393373303403,19482200
2008-07-17,38.1193962097168,38.232759465531004,37.707714705773284,38.16712858606066,15878800
2008-07-18,37.988162994384766,38.16715726416232,37.73757465830688,38.16715726416232,15478100
2008-07-21,37.970245361328125,38.14327185446436,37.83301815932524,38.14327185446436,9811300
2008-07-22,38.24470138549805,38.60268520797473,37.904616071343504,37.97621465664335,13192200
2008-07-23,38.60268783569336,38.74588501604061,38.07764516378819,38.33420108856254,11255000
2008-07-24,38.489322662353516,38.88310346250587,38.42965945651356,38.60268138784618,11091700
2008-07-25,38.459495544433594,38.76378386532394,38.34016911177664,38.554960332168456,11002700
2008-07-28,38.0836296081543,38.453544440122,37.976233951644474,38.41774740528992,12599100
2008-07-29,39.1038818359375,39.14564655605837,38.065724694060215,38.1552218234658,16520700
2008-07-30,39.71841049194336,39.83177379368349,39.03823978552616,39.03823978552616,13648100
2008-07-31,39.06806182861328,39.64083674713531,38.93083237062916,39.39024402177346,14043700
2008-08-01,38.75186538696289,39.36640998392609,38.614640384777395,39.21724960206401,11147400
2008-08-04,39.270938873291016,39.67665522914322,38.72202984831829,38.853291691684134,12657600
2008-08-05,40.5537223815918,40.63128413575984,39.27094228103864,39.50363209555604,20383200
2008-08-06,40.43437576293945,40.643203843356964,40.14799051027166,40.54177137069275,13002200
2008-08-07,40.2613639831543,40.69094197075283,40.01673882231521,40.47018756435067,10964600
2008-08-08,41.544124603271484,41.693284901426004,39.85563348769078,39.980927591899245,15116500
2008-08-11,41.42481231689453,41.69926681288281,40.016738257815454,41.53817563880739,10843500
2008-08-12,41.96773910522461,42.08110238792922,41.227905304441734,41.29950388594112,14375000
2008-08-13,41.52622985839844,41.90807989211155,41.28757244932488,41.89614907006303,10701100
2008-08-14,41.59187316894531,42.05128961508431,41.23388922453347,41.49641290804147,9447400
2008-08-15,42.71950149536133,42.946228024767905,41.591850189872815,42.057229515692164,17615400
2008-08-18,42.52262878417969,42.95817899072108,42.379436128774095,42.552462673728215,12509100
2008-08-19,42.19447326660156,42.79111456380574,42.152708557877745,42.3734629245557,12332900
2008-08-20,41.94388198852539,42.218336419199396,41.57396277221964,42.170604026383515,10981000
2008-08-21,41.70522689819336,41.83052102230153,41.34127534873124,41.663462190157304,9722500
2008-08-22,42.725467681884766,42.83883094261079,41.806639881498945,41.806639881498945,11870400
2008-08-25,41.84245300292969,42.61808851878863,41.71715887535467,42.55842529880223,9493700
2008-08-26,41.66943359375,41.97968967387556,41.5143101056999,41.78279691748965,8432900
2008-08-27,41.80067443847656,41.90807001965948,41.394958304231125,41.57395245687279,8307800
2008-08-28,42.367496490478516,42.48085523275362,41.65152425836895,41.97371108001653,8106700
2008-08-29,41.62766647338867,42.40926976517275,41.60976796057137,42.188510819063715,9569400
2008-09-02,42.045310974121094,42.61808604638356,41.8543859500336,41.97371238308392,11255200
2008-09-03,42.61211395263672,42.659846341725526,41.872280129804885,42.01547274506014,10433900
2008-09-04,42.02742385864258,42.67179314462895,41.985659140550744,42.45700641730874,12298000
2008-09-05,42.23025894165039,42.403285417593445,41.60378847910894,41.99756926241919,11578800
2008-09-08,43.17893600463867,43.244566917096606,42.54649308022697,42.55842845631691,16521200
2008-09-09,42.892539978027344,43.232625315421735,42.64195174037076,42.75531503683941,18542200
2008-09-10,43.19087219238281,43.87701073837075,42.844819074995804,42.86868527812727,19047700
2008-09-11,43.602535247802734,43.6502676310957,42.70757354510732,42.83883532315768,16200400
2008-09-12,43.64430618286133,43.70396939449935,43.155060564211546,43.155060564211546,11378700
2008-09-15,43.04169845581055,43.89489560645988,43.04169845581055,43.161024882358284,19748500
2008-09-16,42.95817565917969,43.554816987779404,42.54052854996472,42.671785818566505,21425800
2008-09-17,42.32572937011719,42.970098424636454,42.266061606837106,42.76724259592013,25324200
2008-09-18,42.546478271484375,43.53093706369005,42.00353720068674,42.492782753805656,28178600
2008-09-19,41.97966766357422,43.40563951154526,40.661091394413184,43.29227624724295,28562500
2008-09-22,40.595462799072266,42.00353622197328,40.4284040119502,41.770846546766045,14998700
2008-09-23,40.14202117919922,41.55009484451574,40.0167270672869,40.6551330005609,15133400
2008-09-24,41.013126373291016,41.090692664440766,40.100265808316266,40.23152763763517,13053800
2008-09-25,40.87588882446289,41.8842093308956,40.59546673942747,41.18017255110853,17513200
2008-09-26,41.07279586791992,41.41884900675219,40.46422358239859,40.46422358239859,13417000
2008-09-29,39.825809478759766,41.46657316515061,39.37832847338044,40.66110826587027,23388500
2008-09-30,41.579933166503906,41.71715811476957,40.00480051711871,40.088329933979146,23102600
2008-10-01,42.52262878417969,42.62406127743723,41.371110748597914,41.371110748597914,17760000
2008-10-02,42.624046325683594,42.922366908473634,42.07513299382169,42.307827236247896,21833600
2008-10-03,42.37346649169922,42.83885056638606,41.806659032444195,42.37346649169922,22923700
2008-10-06,40.917659759521484,42.0393437185522,39.98689627452711,41.62765978188139,25914800
2008-10-07,39.52750015258789,41.57994840960809,39.42607218807581,41.186162826895085,23857700
2008-10-08,39.437992095947266,41.17422059934698,38.459500651781255,39.247067047134685,37290900
2008-10-09,36.323524475097656,39.72438048016008,36.21016116679176,39.46185684071992,30092600
2008-10-10,35.535953521728516,37.5883985938396,32.767536221385036,35.06460638994534,47113800
2008-10-13,37.76142501831055,38.143275051718355,36.3951160182686,36.7948645607406,25023000
2008-10-14,38.24470138549805,39.30672203138377,37.325875634206376,39.10983388782892,29454500
2008-10-15,35.69108581542969,38.11941595782038,34.98108341952883,37.7554643656674,23606500
2008-10-16,36.854549407958984,37.1409370834333,34.08016524554071,35.74479574299168,27622600
2008-10-17,36.83662414550781,38.059737999431064,35.69703968512002,36.18628522668932,19589700
2008-10-20,38.1313362121582,38.256632584758655,36.45477374341451,37.31393846522156,16636400
2008-10-21,37.564544677734375,38.3580788888307,37.37361959819366,37.86883308800683,12739400
2008-10-22,35.28281021118164,36.952080236918576,35.036623226565034,36.86201087816855,34940700
2008-10-23,36.36963653564453,36.80796934324055,34.35810892275668,35.5049803208665,25829200
2008-10-24,35.348854064941406,36.23152536728071,33.99782768326703,34.16595696834408,26572200
2008-10-27,34.44816207885742,36.32759010934158,34.22599398731356,34.8444629702461,23484700
2008-10-28,37.96683883666992,38.12295870500644,34.26802936120278,35.06663707174687,35638500
2008-10-29,36.62181854248047,38.41718099855385,35.673096805125596,37.83473784864464,31023600
2008-10-30,37.87678146362305,38.128971989914874,36.892031286585755,37.426439274765784,36499800
2008-10-31,38.75345230102539,38.98762990452359,37.68463847016817,37.80473019494033,42624100
2008-11-03,38.66938781738281,39.17977477174902,38.47123613286193,38.861533656007204,50502400
2008-11-04,39.67213439941406,39.91832359969537,39.08969124861828,39.209785217456655,46653300
2008-11-05,38.31509780883789,39.70815324137346,38.31509780883789,39.27582877375055,71833400
2008-11-06,38.03890609741211,39.311875116289556,37.55253795514503,38.45922826059826,49444500
2008-11-07,38.72341537475586,38.927572845532346,38.086933329208875,38.24905676266662,19003000
2008-11-10,38.999637603759766,39.49801746738601,38.44721886825803,39.305871621075916,16157100
2008-11-11,38.32109832763672,38.95758016505704,37.966829227530866,38.81947786276769,16256000
2008-11-12,37.13821792602539,38.128971648873176,36.928059155995285,38.128971648873176,26012800
2008-11-13,39.05966567993164,40.12247081274258,36.5497570588195,37.054140203968146,44886300
2008-11-14,37.8947868347168,39.630104688686615,37.20426136709967,38.951590909127795,42262700
2008-11-17,37.534515380859375,38.753443002574095,36.874014488930904,37.82873992142736,23074600
2008-11-18,38.57931137084961,38.72341957808235,36.483718196711735,37.378398954636396,35518000
2008-11-19,37.39039611816406,38.82548790999375,37.2943232479279,38.35713066335428,23344900
2008-11-20,35.625064849853516,38.08092832998492,35.42691321882255,37.03013005654527,31313100
2008-11-21,37.88277053833008,38.026880991526816,35.00058208941683,36.05738368081377,34196200
2008-11-24,38.8375129699707,39.02965879927627,37.63660039153143,38.092946163492414,26076500
2008-11-25,37.93682861328125,39.2998623768895,32.28653501185765,38.75344953476989,22843100
2008-11-26,37.924808502197266,37.94282145284455,36.86800673732091,37.090174860684556,15151600
2008-11-28,38.63935470581055,38.75944869184536,37.852758567030435,37.852758567030435,7768400
2008-12-01,36.32160949707031,38.30911876180052,36.237543675025655,38.267086996057905,20431200
2008-12-02,36.89204025268555,37.018137837036555,35.63708628978176,36.98811318470194,20242400
2008-12-03,37.756683349609375,37.90679738709448,36.327597071394834,36.33960646926066,19967600
2008-12-04,36.77793884277344,37.786705348562755,36.375634325512365,37.39640793849772,17919600
2008-12-05,37.60655975341797,37.78669609450197,35.66708715694594,36.513730021542806,22060500
2008-12-08,37.52251434326172,38.42920232783821,37.240299155687794,37.834749596483526,20894200
2008-12-09,35.901268005371094,37.378389347941344,35.643071719000105,37.21026238586091,21421800
2008-12-10,35.498966217041016,36.42366921876982,35.13268760657971,36.189491691572165,14721200
2008-12-11,35.17473220825195,35.94331556232056,34.526238285337264,34.68836176606593,18856600
2008-12-12,35.39088821411133,35.56502106485027,34.256026343017304,35.02461184986004,16817900
2008-12-15,35.64307403564453,35.93729623840845,34.91652271307935,34.91652271307935,12230800
2008-12-16,37.00010299682617,37.07816292855837,35.77517433482837,35.96732009712443,17789000
2008-12-17,36.44768524169922,36.861999120569024,36.0333690722712,36.621818058109305,16119000
2008-12-18,36.21351623535156,37.33036290461658,35.72714586204028,36.62783021150348,17195600
2008-12-19,36.13544845581055,37.21626898292021,35.877252148318576,36.507730598252685,23247400
2008-12-22,36.30356979370117,36.56176606109528,35.57701857175864,36.56176606109528,11407100
2008-12-23,35.925296783447266,36.627829462188274,35.82922158920026,36.36963310404619,10645200
2008-12-24,36.261539459228516,36.447681654022674,35.95530789030443,35.9973396293615,4036600
2008-12-26,36.34560012817383,36.627815174794186,36.08140031872694,36.38763186398224,4455600
2008-12-29,36.14745330810547,36.495716612912275,35.685101892133936,36.495716612912275,8586300
2008-12-30,36.69988250732422,36.910043552831496,36.27956270686831,36.32760030260436,10007100
2008-12-31,37.12020492553711,37.34837894025716,36.66986274126687,36.837989757082276,10844800
2009-01-02,37.70864486694336,37.8107236011111,36.6638524734523,37.04213818977232,11135700
2009-01-05,37.43844985961914,37.49249101892115,36.98210407372589,37.42043690337148,14322800
2009-01-06,37.33034896850586,37.798706212960234,36.93404809431085,37.528500550882306,13401600
2009-01-07,36.675872802734375,37.02413627418286,36.41167055829856,36.82598688141506,12415600
2009-01-08,36.27355194091797,36.777935143073876,36.02736503811319,36.573779982902245,11508100
2009-01-09,35.943302154541016,36.50773005831908,35.877251617709476,36.411657174898174,10843200
2009-01-12,35.99132537841797,36.279543932003676,35.84121140526557,35.87723958342283,11373200
2009-01-13,35.70912551879883,36.201499344707905,35.438919811761345,36.00334772936099,15791900
2009-01-14,34.74238204956055,35.534983729808054,34.358090603447536,35.45692381401707,16108100
2009-01-15,34.50220489501953,34.514214291169054,33.955789968286034,34.28003679264871,18807200
2009-01-16,34.664337158203125,34.9765746661413,34.298058499072596,34.87449820864391,18904200
2009-01-20,34.484195709228516,35.096661236341795,34.3641040251862,34.68835088493294,17999300
2009-01-21,34.81071472167969,35.19165596838399,34.15767489109622,35.19165596838399,18204700
2009-01-22,34.441864013671875,34.80466593732933,34.024644223420694,34.695825590894465,19133700
2009-01-23,33.86139678955078,34.230244516496896,33.61348308389227,34.18791795503992,21067500
2009-01-26,34.085121154785156,34.41768796311348,33.62557466981547,33.83116180150244,17032100
2009-01-27,34.284664154052734,34.70188409876458,33.98233025905513,34.151636502133925,11962900
2009-01-28,35.17957305908203,35.30050708133701,34.405599007249585,34.76839876738989,17743200
2009-01-29,35.2037353515625,35.675375166491676,34.80465497586327,34.94372819548026,14550300
2009-01-30,32.954383850097656,34.36930611133928,32.7971712906814,34.1637190372572,35110700
2009-02-02,32.0776252746582,32.88183452941305,31.56970424708265,32.65206012710816,19427200
2009-02-03,32.59762954711914,32.706469897389894,31.769235598168457,32.34367026756991,14898500
2009-02-04,31.757144927978516,32.92415366499862,31.569697128022913,32.85159419360007,14760300
2009-02-05,32.240867614746094,32.41017375929353,31.52131419379627,31.618060891626698,17727500
2009-02-06,32.652042388916016,32.93018886308386,32.083655814752596,32.30133415978182,15338000
2009-02-09,32.011104583740234,32.63995949378429,31.847844041327413,32.58553931298002,13422200
2009-02-10,31.110143661499023,32.325524334288296,30.819903535260146,31.89016529824172,22520700
2009-02-11,30.934795379638672,31.388296095118104,30.753395554771686,31.32178228778796,16404400
2009-02-12,31.007360458374023,31.079922246748446,30.203153576864374,30.795727675509468,18019300
2009-02-13,30.892471313476562,31.24922533059012,30.674790583492136,31.061777522742624,11644800
2009-02-17,30.29990005493164,30.801773067007122,29.79802473623184,30.233386236152214,20833900
2009-02-18,30.807823181152344,30.9408485213496,30.08222139963524,30.136641590914635,16755100
2009-02-19,30.916662216186523,31.472955430241033,30.8561940581647,31.140388634306326,13503700
2009-02-20,30.38455581665039,31.05573741867513,30.112454855474887,30.37851015379072,19555100
2009-02-23,29.56824493408203,30.52966645739356,29.501731132685684,30.52966645739356,15129900
2009-02-24,30.094310760498047,30.342224417445824,29.61057707701752,29.79802258189014,14983500
2009-02-25,30.185001373291016,30.523616013552555,29.7617359562435,29.985462291914832,17411600
2009-02-26,29.610572814941406,30.35431367873243,29.56824626789325,30.293845535360916,13606800
2009-02-27,29.12683868408203,29.695227733578285,28.87892504758599,29.42312683824752,20748000
2009-03-02,28.34077262878418,28.98172117990956,28.298446077038776,28.61287353759326,19033100
2009-03-03,28.195650100708008,28.951484581054707,28.044483204638667,28.618917871026916,19531800
2009-03-04,28.60682487487793,29.024044686867065,28.219835674822352,28.377050541918894,15699900
2009-03-05,27.451915740966797,28.304497144160568,27.16772117102743,28.08681639328142,19466600
2009-03-06,27.639360427856445,28.171468657690074,26.986320501508846,27.73610716904217,19553000
2009-03-09,26.714221954345703,27.572849070641254,26.563055013593015,27.391449203062916,16927300
2009-03-10,27.312833786010742,27.32492741454046,26.829100177940944,26.913753271025186,20635700
2009-03-11,27.252370834350586,27.657499359791313,27.064923032236337,27.566798289530603,13395900
2009-03-12,27.681682586669922,27.754244361003444,26.919802409159033,27.143528780127674,13715200
2009-03-13,28.389150619506836,28.467758070911465,27.60912868776886,27.875181660783454,13905600
2009-03-16,28.91520881652832,29.27196284669844,28.522173894491612,28.643107894089383,15181900
2009-03-17,29.011945724487305,29.108692430059076,28.667285441723916,28.993806438012413,11481500
2009-03-18,29.0361328125,29.477539798326283,28.41332604308562,28.872872315283693,16707400
2009-03-19,28.002151489257812,29.277997919006285,27.935637698205504,29.169159896021014,16169800
2009-03-20,27.566791534423828,28.38309174024372,27.52446499377382,28.147271783301242,25558100
2009-03-23,28.8668270111084,28.903105584299063,27.81470456273415,27.88121835574826,16278000
2009-03-24,28.46170997619629,29.15103082199146,28.35286959984712,28.673342759861704,12158800
2009-03-25,29.06032943725586,29.386848230366137,28.540314865076787,28.842648704099584,15275900
2009-03-26,29.483577728271484,29.519858598126387,28.727743572631987,29.187292030969566,16256400
2009-03-27,29.36870574951172,29.64685229762384,29.10265283044237,29.151025039989573,10402200
2009-03-30,28.588680267333984,29.084507460648258,28.15936687181468,29.048228884849976,12747900
2009-03-31,28.47381019592285,28.921265436293453,28.3891570628696,28.758004833994377,13847500
2009-04-01,29.151025772094727,29.314286308336495,27.990065034318523,28.26821158941608,17104300
2009-04-02,29.882673263549805,30.408735764111334,29.459407766487367,29.459407766487367,18320500
2009-04-03,30.009660720825195,30.082220204105898,29.45941316714572,29.955240531708572,14799800
2009-04-06,30.02175521850586,30.215248717252315,29.57430006101439,29.90686686782084,10345400
2009-04-07,29.435213088989258,29.88266573214664,29.344512044407512,29.88266573214664,9801300
2009-04-08,29.308256149291992,29.628729423301525,28.951501968052536,29.50779537249363,9434300
2009-04-09,29.743606567382812,29.804074727933564,29.247779183989017,29.73151293527266,14766300
2009-04-13,29.048246383666992,29.64686631118632,28.993826180562966,29.556167510429592,12908700
2009-04-14,28.570541381835938,29.0421813268451,28.40728086857347,29.011948411046188,15096100
2009-04-15,29.47755241394043,29.544066234601015,28.81241882058332,28.83055811471825,14181600
2009-04-16,30.493379592895508,30.68082733219508,29.695218745915504,29.74963890851065,16333200
2009-04-17,31.23713493347168,31.41853479169232,30.72921394647928,30.928755405159027,21662400
2009-04-20,30.67479133605957,31.424580279220596,30.60827752175204,31.18271228294306,15444400
2009-04-21,31.06177520751953,31.24317503344435,29.93104739618502,30.72920847555337,12604100
2009-04-22,30.250614166259766,31.080066887938543,30.21402216924823,31.080066887938543,13385400
2009-04-23,30.07985496520996,30.396998891571652,29.732216922699475,30.396998891571652,11859200
2009-04-24,30.19572639465332,30.427485810356895,29.89688086991182,30.189628503486738,11324200
2009-04-27,30.476287841796875,30.74463934209707,29.92738440191907,29.92738440191907,9603900
2009-04-28,30.30550765991211,30.60435551723854,30.037156238688432,30.34210198730456,9004800
2009-04-29,30.750730514526367,31.086172724779928,30.38479651895179,30.43968685094314,11399200
2009-04-30,30.153038024902344,30.63485291784886,29.427267902786017,30.63485291784886,24582200
2009-05-01,30.189626693725586,30.342099555815107,29.610229352475148,30.250614907940896,11888500
2009-05-04,31.098373413085938,31.122767308675474,30.305512479355308,30.476283707792817,12625200
2009-05-05,30.366504669189453,31.098375086959777,30.195733431560157,30.958097965372595,12299300
2009-05-06,31.00689125061035,31.019089362667376,30.43359394324193,30.494582176975086,14932300
2009-05-07,31.311819076538086,31.830225744982,30.872696601069872,31.10445594385039,13718200
2009-05-08,31.452116012573242,31.83024822992263,31.220356506077422,31.714369639950867,13417100
2009-05-11,30.720252990722656,31.43992558696691,30.63486850075348,31.36063899204431,13896700
2009-05-12,31.067874908447266,31.317930352406446,30.494577685518117,30.738535237622916,13779000
2009-05-13,31.080080032348633,31.232552955183806,30.56167302532992,30.817826418947966,11238900
2009-05-14,30.98249626159668,31.49480535565487,30.952002143514473,31.1166731730209,11105800
2009-05-15,30.903202056884766,31.366720912782196,30.720235067052204,31.366720912782196,14120300
2009-05-18,32.03150177001953,32.08639209792879,31.055673976805096,31.092268304261747,14066100
2009-05-19,32.29375076293945,32.635288465007605,31.879024416241467,32.06199137471385,15215200
2009-05-20,32.94634246826172,33.40376113989827,32.66579290803037,32.77557357534727,15964200
2009-05-21,32.33644104003906,32.6169905146731,32.025395135359226,32.6169905146731,11225900
2009-05-22,32.34254455566406,32.77556927619298,32.299852338035365,32.366940773323705,6765000
2009-05-26,32.79996109008789,32.99512616590256,32.12298121548959,32.287652184436574,10918600
2009-05-27,31.58017921447754,32.79996214066425,31.458202783099907,32.76337014187148,14497600
2009-05-28,32.07418441772461,32.12297451322291,31.17154554877416,31.87291916659846,16611400
2009-05-29,31.67777442932129,32.12909531625978,31.40942291575519,32.092500976274856,15133700
2009-06-01,32.543819427490234,32.7206885676847,31.93392776603518,32.0498063441529,12487300
2009-06-02,32.75727081298828,33.01342644424298,32.421830964497616,32.464523181948174,11923400
2009-06-03,32.818260192871094,32.83655619211487,32.263259059147515,32.556006679804334,12643500
2009-06-04,32.5377082824707,32.8487542282387,32.30595120405482,32.787763686641405,9987000
2009-06-05,32.43402862548828,32.90364533751217,32.2754555401029,32.66578803598543,10551000
2009-06-08,32.40962600708008,32.67797969040655,32.07418622947286,32.281549381792914,10651800
2009-06-09,31.96441650390625,32.26326439140342,31.86683394755952,32.22667006031652,11606000
2009-06-10,31.76315689086914,32.28156384058642,31.452110859797237,32.13518882716107,13082500
2009-06-11,31.7204532623291,32.165676067794344,31.683861264354764,31.744849478679495,10862400
2009-06-12,32.04979705810547,32.183973929246086,31.549686226737652,31.641170880070142,10352700
2009-06-15,31.305736541748047,31.94612224819404,31.147163424920333,31.94612224819404,12158000
2009-06-16,30.555566787719727,31.476504363137465,30.512874563858155,31.476504363137465,15721900
2009-06-17,30.50067901611328,30.95199984042498,30.494581123571407,30.573867685927226,12696700
2009-06-18,31.20814323425293,31.32402409449229,30.500669271282984,30.537263594498228,12999600
2009-06-19,30.884912490844727,31.391123672288874,30.640957229089558,31.275242770894582,19541900
2009-06-22,30.83610725402832,31.025172082067137,30.622643887255947,30.695832523804054,12992200
2009-06-23,30.83002281188965,30.99469383855055,30.73244023978156,30.81172680666689,10611800
2009-06-24,30.83002281188965,31.092276410658638,30.531177202675146,30.84832114366444,12399000
2009-06-25,31.519189834594727,31.732650908172474,30.567758349752733,30.756825533886747,13723300
2009-06-26,31.561878204345703,31.73264704240432,31.134953782648232,31.38500914975589,25128800
2009-06-29,31.854633331298828,31.95831609794616,31.47040102804352,31.665566125383982,8899900
2009-06-30,31.165464401245117,31.854642661779696,30.952003240551832,31.854642661779696,14393700
2009-07-01,31.714357376098633,32.03759912024319,31.27523476024082,31.391115631954072,14314300
2009-07-02,31.171558380126953,31.61068105312423,30.945899151637438,31.586284832057338,15212000
2009-07-06,31.818044662475586,31.970517567302213,30.811724886550984,30.951999679805255,16040900
2009-07-07,31.659469604492188,31.98271137472702,31.48870071856459,31.70826204421526,13430500
2009-07-08,32.10470199584961,32.2083848052499,31.433821987927505,31.72656975465092,16899500
2009-07-09,31.96441650390625,32.17177972696201,31.82414172456731,32.110791501702174,11648100
2009-07-10,31.848548889160156,32.01931783980902,31.677777611958835,31.824152660052473,9267400
2009-07-13,32.31203842163086,32.40962092940181,31.744839368165184,31.750939583585527,12289100
2009-07-14,32.653594970703125,32.793869751562426,32.16568218368129,32.366945190461436,12817300
2009-07-15,33.33057403564453,33.37936414968768,32.62919782468029,32.696286267222284,15161300
2009-07-16,33.67212677001953,33.812401609209054,33.23910413688414,33.330588840359006,12622000
2009-07-17,34.10514450073242,34.10514450073242,33.5013529895584,33.702616051098964,13344900
2009-07-20,33.88557434082031,34.172221778681255,33.63551890587054,34.16002366886034,10925100
2009-07-21,33.84288024902344,34.26370454510135,31.714357897237736,34.117329561893,11131800
2009-07-22,33.73223114013672,34.033467702900566,33.596984129127435,33.91051395595313,10000100
2009-07-23,33.91051483154297,34.15642233178733,33.689198550352586,33.76911883970416,15014200
2009-07-24,34.32854461669922,34.36543143286067,34.015014887341174,34.20559090797466,8710300
2009-07-27,34.29166030883789,34.41461402655604,34.027310636545366,34.35928497084023,6866800
2009-07-28,34.248634338378906,34.40232593280187,33.98428460835959,34.18100966160918,8142400
2009-07-29,34.50068283081055,34.6543744001595,34.156415216363136,34.156415216363136,9666300
2009-07-30,34.56831359863281,35.041683997205766,34.38388415188757,34.77733426365012,11966500
2009-07-31,34.12567901611328,34.887990321073,34.07649892764839,34.54986929800399,12663900
2009-08-03,34.18715286254883,34.42691133411644,33.812145060292934,34.40232012032817,11225600
2009-08-04,34.094940185546875,34.37773213522962,33.99657766630298,34.07034896944904,10988300
2009-08-05,33.14204406738281,33.3018822394119,32.77933193397202,33.03753494435357,21314600
2009-08-06,31.635875701904297,33.142053723374765,31.439150658176867,33.08057802664026,29715100
2009-08-07,31.986297607421875,32.47196366521637,31.63588091892405,31.869492826305233,16314800
2009-08-10,32.07234191894531,32.13996655590741,31.70963222095998,31.918650414993735,11763800
2009-08-11,31.92481231689453,32.13997957150365,31.924812316894535,32.03547043216413,9293400
2009-08-12,32.01702880859375,32.26908288817493,31.875630501256804,31.967846380798772,10148400
2009-08-13,32.15227127075195,32.17686248118933,31.814150335252084,32.14612464071606,10486500
2009-08-14,32.19530487060547,32.46580349641812,31.887921774107028,32.30596297295666,12069600
2009-08-17,32.0969352722168,32.330547030511106,32.04160623328252,32.16455991370828,11384000
2009-08-18,32.244503021240234,32.37360342191212,32.017040075511474,32.21376516562522,8342800
2009-08-19,32.45964431762695,32.60718918943062,32.13381908820767,32.13381908820767,12152600
2009-08-20,32.594905853271484,32.66867714435989,32.36744300441312,32.53957679866841,8471400
2009-08-21,32.93917465209961,33.05597938772765,32.5826091246872,32.859254388171486,13272800
2009-08-24,32.7916374206543,33.14820068654639,32.564174526284475,33.055987140522284,11781900
2009-08-25,32.828521728515625,33.19123394341458,32.680976782985816,32.86540620603756,12681600
2009-08-26,32.80393600463867,33.074432380717994,32.75475356618003,32.83467385610145,9380600
2009-08-27,32.61949157714844,32.82851215435394,32.398175395972416,32.76703413450134,10394900
2009-08-28,32.69941329956055,32.822367008461384,32.37358796434821,32.65023322308837,8998800
2009-08-31,33.265018463134766,33.27116509678198,32.465822415544864,32.582627216028186,15366900
2009-09-01,32.594905853271484,33.221967690390585,32.502689980550684,33.105160605591294,14424400
2009-09-02,32.45964431762695,32.71784725699682,32.42890648666882,32.55186015564752,8875200
2009-09-03,32.502689361572266,32.59490523253692,32.28752212285077,32.55187178479262,9120800
2009-09-04,32.49654769897461,32.582614607620215,32.37359396727487,32.45351424465181,7527700
2009-09-08,33.32035446166992,33.32035446166992,32.711734417761775,32.85927945254667,15674300
2009-09-09,33.0498161315918,33.381790304327616,32.90842024582935,33.32031464795993,11148100
2009-09-10,34.45148849487305,34.623622230881814,33.92278933982179,33.953527171945325,26758300
2009-09-11,34.205604553222656,34.67282836373083,34.058061920013245,34.49454553221724,12500400
2009-09-14,33.99658203125,34.11338915013828,33.842890428626674,33.95354857012729,11139000
2009-09-15,33.8305778503418,34.199438918714,33.74451097126558,34.156405479175895,11674300
2009-09-16,34.00272750854492,34.08879442193099,33.572390596467066,33.861331530103875,12932200
2009-09-17,34.13796615600586,34.49453167580105,33.99657021216716,34.01501479277007,10665300
2009-09-18,35.2384033203125,35.35520807038094,34.73429515348433,34.77732860588572,25880200
2009-09-21,35.1031608581543,35.32447713962376,34.88799355402994,35.2568524597139,11672200
2009-09-22,35.1892204284668,35.3552052486836,35.017084287452164,35.22610490178294,11517000
2009-09-23,35.19536590576172,35.68717841008794,35.13389022215107,35.2506949590701,14611400
2009-09-24,35.55807113647461,35.637991385708084,35.22609688133236,35.275279294751904,13589500
2009-09-25,35.66259002685547,35.96382652879044,35.607260969159135,35.65644339606574,13477500
2009-09-28,35.754817962646484,36.062201199032764,35.66260205367141,35.78555581725551,9008100
2009-09-29,35.601112365722656,35.883904269324645,35.50889649295602,35.865462032830145,7625300
2009-09-30,35.60725784301758,35.74250715998932,35.25069465983795,35.55807776557593,14047300
2009-10-01,34.80805969238281,35.42897483386203,34.69740159479536,35.42897483386203,15894300
2009-10-02,34.88798522949219,34.98634773721438,34.54986425576883,34.67281797670837,13087600
2009-10-05,34.84494400024414,35.00478216018069,34.439198453324224,34.912568648921905,10879600
2009-10-06,35.060123443603516,35.18922615666696,34.91258083602739,34.9679099001553,12000200
2009-10-07,35.01094436645508,35.09086464920114,34.8941372581768,35.04782884683977,7593900
2009-10-08,35.4412727355957,35.564224100753194,35.12774065706199,35.269136603110674,12817100
2009-10-09,35.38594055175781,35.42897399478411,35.22610003896292,35.25069124787702,6466800
2009-10-12,35.349056243896484,35.88390217738039,35.29987382258228,35.453565371468784,7928200
2009-10-13,35.20151138305664,35.269136039901554,34.9371640760718,35.269136039901554,11280500
2009-10-14,35.232261657714844,35.34291979239388,35.06012547868767,35.34291979239388,8385300
2009-10-15,35.1892204284668,35.30602516921305,34.96175523233087,35.21380929562853,11793900
2009-10-16,35.31217575073242,35.46586732713818,35.10315511301471,35.11545072054485,12248700
2009-10-19,35.527347564697266,35.668743542328336,35.1769309364056,35.35521139376369,7892600
2009-10-20,35.73636245727539,36.17899255871257,35.58267089611663,35.61340873931896,11321300
2009-10-21,35.61247253417969,36.07706383041962,35.55672148410956,35.87883603669974,11468700
2009-10-22,36.00893020629883,36.126625839581884,35.538142947098656,35.606283394853996,10267200
2009-10-23,35.70539474487305,36.00892881046239,35.439028839264196,36.00892881046239,10811700
2009-10-26,35.24699401855469,35.841670311715,35.04876858750125,35.711585315654965,10452900
2009-10-27,35.420448303222656,35.56911622699255,35.10452482990205,35.23461221699326,10433200
2009-10-28,35.451416015625,35.87883919509956,35.2903587251521,35.296552236579096,15642700
2009-10-29,36.882354736328125,37.154914111273406,36.49209738797071,36.78943553237471,26539900
2009-10-30,35.92838668823242,36.88234786742722,35.841663374311636,36.659343709897726,21382000
2009-11-02,36.51689529418945,36.54167407663354,35.9284122078335,36.169999429076476,14739500
2009-11-03,36.287689208984375,36.498301722742056,36.052295555385385,36.20715936587842,12101200
2009-11-04,36.566436767578125,36.956694173933045,36.36201779674813,36.51068570952742,13176000
2009-11-05,37.45845031738281,37.563756549182656,36.59740811418682,36.696520834777,16328800
2009-11-06,37.811546325683594,38.02216119015759,37.16731234458265,37.27261859530261,16008900
2009-11-09,38.31330108642578,38.34427573516468,37.68765240826329,37.90446077123199,14313000
2009-11-10,38.31949996948242,38.62922757691369,38.07791281377148,38.14605326549182,15118900
2009-11-11,38.54869079589844,38.579663078457585,38.10887823967093,38.32568658061866,9838800
2009-11-12,37.972599029541016,38.48055204754173,37.92304384787533,38.474358535971184,14167900
2009-11-13,38.16462707519531,38.31329496805147,37.811537875869995,37.972595153636426,11793200
2009-11-16,38.57346725463867,38.82744373725143,38.36285243761588,38.40621410320584,12542100
2009-11-17,38.5982551574707,38.827452924540594,38.4557807421011,38.517725318162974,11532100
2009-11-18,38.66019058227539,38.684969352048405,38.24515682222844,38.52390971155739,11983300
2009-11-19,38.49913024902344,38.58585357331193,38.10267705322363,38.50532375945832,9302600
2009-11-20,38.28232955932617,38.542501963078145,38.084104091245614,38.406221067635016,12353500
2009-11-23,38.85841369628906,39.00088806943422,38.48054575040983,38.53010328699949,10581500
2009-11-24,38.90177536010742,38.99469455969829,38.641605382106455,38.883192465402615,9769700
2009-11-25,38.94514083862305,39.32300882153054,38.8398346076009,38.988502505871416,8235200
2009-11-27,38.70354461669922,38.87079773513949,38.158423604342026,38.338066105225984,6195500
2009-11-30,38.623016357421875,39.02566303233383,38.4805419981694,38.6354057403612,12382400
2009-12-01,38.96992492675781,39.24248435280001,38.7778929720027,38.78408884704567,9560600
2009-12-02,39.14335250854492,39.26724395554375,38.93273775755675,38.98229528156941,9023800
2009-12-03,38.75312423706055,39.248688002131004,38.66639851051809,39.08143478835077,9844300
2009-12-04,38.777870178222656,39.21148901802414,38.561061939838204,39.118572214301906,11300000
2009-12-07,38.69736862182617,38.85842594042427,38.43100268630942,38.64781106962112,8948000
2009-12-08,38.325687408447266,38.59205329767005,38.1584342433748,38.49294057351974,11168700
2009-12-09,38.554874420166016,38.660180620014856,38.220368203529226,38.362842548459795,9118300
2009-12-10,38.554874420166016,38.93273992818209,38.45576172964766,38.62301247493312,10030400
2009-12-11,38.61684036254883,38.932761500174905,38.53631051843463,38.58586807266929,8932500
2009-12-14,39.0318717956543,39.075235834404864,38.647810226579494,38.74072945341999,9535800
2009-12-15,38.48054885864258,38.91416788669367,38.338074473989174,38.83983393883833,11430900
2009-12-16,38.50532150268555,38.82124250308245,38.48054273633157,38.641602354599186,9871800
2009-12-17,38.15224075317383,38.480551209035596,38.121268469928445,38.406217256639934,10983600
2009-12-18,38.127471923828125,38.4062272717948,37.421293284335455,38.39383788265913,22847800
2009-12-21,37.972599029541016,38.31329887873167,37.92923735944587,38.189409743050554,9550100
2009-12-22,37.972599029541016,38.09649052825593,37.79915234916042,37.87348630317585,7178900
2009-12-23,37.97879409790039,38.003570506690366,37.638091892908655,37.82393031855278,5630600
2009-12-24,37.960208892822266,38.08410038908761,37.81773449917893,37.94162599544428,3357000
2009-12-28,37.94161605834961,38.18939898598473,37.656667345692405,38.10886918004835,6880600
2009-12-29,38.14604568481445,38.331881739735614,37.87967980631512,37.88587331749791,7281400
2009-12-30,38.015953063964844,38.33806995071149,37.88586807980754,38.0221489373247,5666200
2009-12-31,37.55755615234375,38.11506421731493,37.514194492724876,38.108870707240754,5942200
2010-01-04,37.861087799072266,37.978785757871925,37.55755618150449,37.854894288993286,9190800
2010-01-05,37.87348175048828,37.96020508025376,37.53897545307843,37.86728823966225,8649400
2010-01-06,37.6938362121582,37.761976640979945,37.477027905028386,37.74958725728205,9908400
2010-01-07,37.48941421508789,37.600916296193894,37.31596758360438,37.52658236313427,8972800
2010-01-08,37.43986892700195,37.49561998578526,37.204477668169226,37.39031374310229,8464600
2010-01-11,37.29119873046875,37.334560399865424,36.55404562465778,37.2168647776507,14774600
2010-01-12,37.7186164855957,38.00976110653779,37.477029401423934,37.600920880316316,13460700
2010-01-13,38.10887908935547,38.276132254544414,37.73101108982123,37.81154091669748,16968100
2010-01-14,38.14604568481445,38.245158404974646,38.0221541938558,38.04693060162061,9139500
2010-01-15,37.67525863647461,38.319492501506964,37.43986503905247,38.158432853732045,15768300
2010-01-19,38.232765197753906,38.3009056291214,37.662865341525844,37.662865341525844,11577700
2010-01-20,37.714935302734375,38.083038153067136,37.496567833553364,38.03936513523113,11557800
2010-01-21,37.3343391418457,38.01439320697959,37.09101746000881,37.7835498652369,14298400
2010-01-22,37.62758255004883,37.86466392455048,36.94752833371398,37.278196089729825,17703200
2010-01-25,37.827232360839844,38.04559741730164,37.52775926340625,37.952013413104,11630800
2010-01-26,37.864662170410156,38.02687824018643,37.43417007138934,37.54023241085807,13079000
2010-01-27,37.93952941894531,38.0455917505719,37.40297264012776,37.7211620150078,15228400
2010-01-28,38.482330322265625,39.49929269610648,38.419940985465836,38.47608996058526,26930000
2010-01-29,38.40122604370117,38.831720601809835,38.35131504537025,38.625831486192496,17067100
2010-02-01,38.67574691772461,38.83172266329052,38.37627139183717,38.58839850100686,12908100
2010-02-02,39.243492126464844,39.330838148914744,38.46985150762171,38.63830557091821,17680700
2010-02-03,39.0875244140625,39.218543474578645,38.90659197049196,39.14367577999815,11083500
2010-02-04,38.30763244628906,38.89410021497156,38.251481099713054,38.806754204742276,14306600
2010-02-05,38.24523162841797,38.33257761784017,37.7024369941516,38.114212644284656,14844400
2010-02-08,38.06430435180664,38.376255715509366,37.93952571032557,38.095501392176935,11431800
2010-02-09,38.532249450683594,38.681987222616804,38.06432218589387,38.29516801679096,11427100
2010-02-10,38.47608947753906,38.58839218636929,38.19533508546411,38.51976486875136,9854600
2010-02-11,38.657005310058594,38.78178630859324,38.226513364113636,38.320097328014924,10383400
2010-02-12,38.532249450683594,38.763095281580675,38.23901664981614,38.532249450683594,16188300
2010-02-16,39.1998176574707,39.22477196295652,38.90034219163567,39.056317905924516,13273100
2010-02-17,39.21229553222656,39.28716559233629,39.00016845525029,39.18110086384783,14384400
2010-02-18,39.54920196533203,39.61783166082015,38.90034241889957,39.13742617240384,17709000
2010-02-19,39.586647033691406,39.76757948041146,39.3183685451068,39.47434429986524,10897800
2010-02-22,39.56792449951172,39.85492166932281,39.49305681086579,39.73637858396576,9675300
2010-02-23,39.43690872192383,39.8174899391234,39.25597627768123,39.449387067733774,11948500
2010-02-24,39.861167907714844,39.90484093347056,39.38700260808072,39.443153981195415,12808800
2010-02-25,39.74260711669922,39.84243146518072,39.312112680122596,39.44937205178473,10085600
2010-02-26,39.48056411743164,39.85490718461339,39.393218115755914,39.77379916305733,10640900
2010-03-01,39.62407302856445,39.80500544485945,39.39946997868186,39.5928783588586,7748600
2010-03-02,39.74885559082031,39.84867996565518,39.518012170264846,39.75509595299796,8004000
2010-03-03,39.64903259277344,39.86740005655795,39.57416490404776,39.71766229910568,8608300
2010-03-04,39.72389221191406,40.02336766598259,39.56167852262734,39.7114162496616,8600300
2010-03-05,39.73637008666992,39.7925214361471,39.33707265927685,39.73637008666992,10101100
2010-03-08,39.42440414428711,39.723877104462154,39.324579824228756,39.649009459418274,11293300
2010-03-09,39.49305725097656,39.61783832011096,39.33708150955881,39.35580021692957,7100900
2010-03-10,39.312129974365234,39.48682444605982,39.21854594524434,39.44938940641071,9813200
2010-03-11,39.41194534301758,39.41818570486426,39.00016952116242,39.156145247319685,10047900
2010-03-12,39.50552749633789,39.649024863421815,39.343313805721415,39.51176785751571,8099000
2010-03-15,39.74260711669922,39.74260711669922,39.42441536966431,39.42441536966431,7674900
2010-03-16,39.63654327392578,39.86738901858443,39.56791358659485,39.755086326588405,8939300
2010-03-17,39.9360237121582,39.94849967505481,39.53672387945064,39.7925239588411,10135400
2010-03-18,39.7613410949707,40.0109008869955,39.711430088566246,39.86740585108222,8867400
2010-03-19,39.8299560546875,39.92978041051377,39.630307343034964,39.8299560546875,17458100
2010-03-22,39.85491943359375,39.99217645841148,39.63031400025465,39.63031400025465,9648000
2010-03-23,40.26045227050781,40.291649318652205,39.71765742880425,39.886111492781346,11807900
2010-03-24,39.68646240234375,40.17934624656731,39.60535436190175,40.13567323556022,11732100
2010-03-25,39.692691802978516,40.004645554162025,39.66773750208391,39.8923404901359,8203200
2010-03-26,39.73637008666992,39.88610781194252,39.55544007613271,39.73013210561708,10630300
2010-03-29,39.7613410949707,39.95475189729096,39.67399504876196,39.7613410949707,8176700
2010-03-30,39.71764373779297,39.911054421615006,39.62405738562106,39.76131673413991,6113600
2010-03-31,39.47431945800781,39.72387908056853,39.418168126431716,39.6365330936723,8193800
2010-04-01,39.53049850463867,39.742625641538616,39.43067410962701,39.599128222459434,10554900
2010-04-05,39.78004455566406,39.86115259233353,39.493049816680404,39.54920116822073,8579800
2010-04-06,39.37450408935547,39.67397713254813,39.312112384523545,39.66773915206503,11052300
2010-04-07,38.993934631347656,39.30588610839844,38.81300220345799,39.24973474732926,14043500
2010-04-08,39.03136444091797,39.212294464588666,38.75684565465795,38.962734744352964,8458800
2010-04-09,39.137428283691406,39.305882350794896,39.00016888531064,39.037603915778305,9146700
2010-04-12,39.11870193481445,39.29339393889973,38.93776957058324,38.96272625116686,9164400
2010-04-13,39.30588150024414,39.51800857496929,39.04384343264281,39.056319395861394,11229400
2010-04-14,39.42440414428711,39.449360819301575,39.12493118411206,39.255950157938734,7685600
2010-04-15,39.30588150024414,39.39322752277792,39.13118945517659,39.32459782507264,11314800
2010-04-16,39.21229553222656,39.611595379476505,39.07503851536001,39.18110086384783,12568700
2010-04-19,39.44313430786133,39.46185062956382,39.11870457835026,39.19357224516044,9548900
2010-04-20,39.42440414428711,39.6115768268961,39.324579824228756,39.599098489388865,11230400
2010-04-21,39.698944091796875,39.71766041809167,39.38075226478061,39.43690362366579,9858500
2010-04-22,39.67396926879883,39.76755561749693,39.449363935923145,39.624055914826585,8372900
2010-04-23,39.64279556274414,39.70518490818087,39.430668456257905,39.605360527481515,8452600
2010-04-26,39.892333984375,39.92976899961203,39.555428367240545,39.58662302327156,9262400
2010-04-27,39.37450408935547,39.867387847526814,39.330831085973216,39.455612115636875,12849900
2010-04-28,39.715267181396484,39.89759208525694,39.23745275568794,39.388342910200855,13090000
2010-04-29,39.105430603027344,39.58953348238483,38.244105884379394,39.15572572905103,27302400
2010-04-30,39.08027648925781,39.60838843093634,39.0488417400079,39.31289651168834,15768900
2010-05-03,39.40719985961914,39.507792487790475,38.87908796214029,39.24373533989233,9756600
2010-05-04,38.797359466552734,39.31289703574002,38.703055217545895,39.16829526860873,11402600
2010-05-05,39.08027648925781,39.33804527041533,38.665331563533094,38.740775441396416,11611000
2010-05-06,38.19379806518555,39.40090954420157,24.75209529269099,38.92309518333706,28560400
2010-05-07,37.91716766357422,38.47671426130856,37.72226841337756,38.105778525977655,23976600
2010-05-10,39.24374008178711,39.41977900109613,38.45157333900855,38.70934212973911,16011300
2010-05-11,39.212303161621094,39.58952734070929,38.96710876428844,39.00483190169253,12397400
2010-05-12,39.6209602355957,39.69011811844199,39.04255081405021,39.048839202482135,11004800
2010-05-13,39.451210021972656,39.872440914042755,39.438635643330905,39.55180265278921,11157600
2010-05-14,39.319175720214844,39.73412054905747,39.07398137566925,39.45748906428434,14651600
2010-05-17,39.8472900390625,39.91015952682859,39.394622052531496,39.61466765803006,14659000
2010-05-18,39.740421295166016,40.20566380248041,39.69012616909628,39.859876716427834,15873100
2010-05-19,39.74669647216797,39.98560243863789,39.48892774116409,39.671250210666464,15928300
2010-05-20,38.734500885009766,39.31919650726298,38.7156405095559,39.275187365658404,23365800
2010-05-21,38.8853645324707,38.90422729452671,37.954882347708335,37.973745109764344,23162500
2010-05-24,38.602455139160156,38.967102482007576,38.350972393645435,38.62131550566274,12718900
2010-05-25,38.38241195678711,38.42642108303066,37.75370741237351,37.81657930580537,18250900
2010-05-26,37.99890899658203,38.48301187525017,37.929753498187694,38.2692521937385,17432200
2010-05-27,38.31953430175781,38.45784764121991,38.10577470624331,38.27552518488574,14963400
2010-05-28,38.40755844116211,38.778494196346486,38.25666830417297,38.319540193884016,13952100
2010-06-01,38.451576232910156,38.816226080484846,38.04920564132285,38.281825689899655,15341700
2010-06-02,38.816219329833984,38.8728028343302,38.37612567245422,38.45156954567668,12985200
2010-06-03,38.853946685791016,39.0677063615984,38.79107718044915,38.96082772285365,10739800
2010-06-04,38.2252311706543,38.42641640852744,38.080629430827805,38.42641640852744,17909700
2010-06-07,38.1120719909668,38.39498953922359,38.09321162052224,38.17494388964481,13182300
2010-06-08,39.06770324707031,39.13057514571784,38.03034210172199,38.149795111675736,15336800
2010-06-09,38.64646911621094,39.35690352467671,38.520727727652854,39.26259928199628,14211600
2010-06-10,38.923091888427734,39.16200024779463,38.77220176716519,38.96081501832265,14756000
2010-06-11,38.35726547241211,38.602462273850136,37.961183312748865,38.57102512611253,19772400
2010-06-14,38.508155822753906,38.80364774510036,38.48300706376321,38.59617408090366,10972800
2010-06-15,38.923091888427734,38.935666265059375,38.564730548535955,38.73448103558739,11944100
2010-06-16,38.47043991088867,38.816229416172604,38.24410823240934,38.67791361405903,14628800
2010-06-17,38.828792572021484,38.86651570901744,38.24409953764833,38.46414517433083,12060100
2010-06-18,38.53957748413086,38.941947898064576,38.47670800632253,38.85392966980618,17518700
2010-06-21,38.413856506347656,38.8476642876103,38.212671192664565,38.803655150137004,9688200
2010-06-22,38.174949645996094,38.759645201119724,38.156086874389544,38.388709337098476,13228700
2010-06-23,38.589881896972656,38.70933488553077,38.1686486455947,38.28181564457282,13424400
2010-06-24,38.269248962402344,38.589889656754934,38.193805080685514,38.394990364142224,12932700
2010-06-25,37.59024429321289,38.3446902062455,37.59024429321289,38.28181831447428,44195600
2010-06-28,38.1120719909668,38.313257270101026,37.45193264391274,37.722275812433935,14115500
2010-06-29,37.923458099365234,38.06177386722589,37.56509669928764,37.92974648789573,17814300
2010-06-30,37.70970153808594,38.061776976713645,37.53995100865746,37.804008187207664,17273600
2010-07-01,37.43307113647461,37.904599569807814,37.31990412060923,37.62168203014436,19338700
2010-07-02,37.332481384277344,37.653119688456734,37.22560035067233,37.4896575408652,12101900
2010-07-06,37.30732345581055,37.6782591901377,37.04326633050647,37.6468244462084,13959000
2010-07-07,38.23781204223633,38.29439554989329,37.17530217436412,37.40792219547934,15470000
2010-07-08,38.94824981689453,38.96082419648837,38.21266419971994,38.25038733850145,14770600
2010-07-09,38.822505950927734,38.94195895199782,38.57731156023163,38.94195895199782,9626800
2010-07-12,39.03626251220703,39.08027163535435,38.56473413707084,38.690475516770626,8324500
2010-07-13,39.22487258911133,39.51407607774835,39.086556834407844,39.16828908930693,10497300
2010-07-14,39.39461898803711,39.47635123442889,38.979674165434524,39.11170151846329,13797100
2010-07-15,39.43863296508789,39.53922558907329,39.19972458375358,39.36947508641343,10267200
2010-07-16,38.97339630126953,39.40091319091816,38.747062278426554,39.26259982009443,14142400
2010-07-19,38.89167404174805,39.162017260980896,38.7973673751996,38.97340632620216,9643600
2010-07-20,39.02368927001953,39.05512401627991,38.483003000398284,38.7470601452838,10930100
2010-07-21,38.72081756591797,39.17069065947474,38.562411342799074,39.10732913706203,14913600
2010-07-22,38.88555908203125,39.23405229043961,38.65745373337497,38.68913691175612,13007300
2010-07-23,39.22771072387695,39.25939148001748,38.78417288664935,38.9045631439048,8461600
2010-07-26,39.61422348022461,39.65224183904206,39.06930575594193,39.06930575594193,7807300
2010-07-27,39.96906280517578,40.14647701681551,39.50651446696531,39.74095743758907,12532500
2010-07-28,39.72827911376953,40.00073799630796,39.63957202030809,39.84233178167339,7844500
2010-07-29,39.07565689086914,39.525532527373656,38.7905275431549,39.41147982145283,15776400
2010-07-30,38.75248336791992,38.98692381085297,38.53705089095581,38.75248336791992,11931700
2010-08-02,39.32275390625,39.341761875790375,38.97425835076542,39.25305479515308,11167800
2010-08-03,37.9794807434082,38.144224593132115,37.73236738590983,37.92879200147681,24449800
2010-08-04,37.73236846923828,38.37866626275997,37.73236846923828,38.061853761058416,19654100
2010-08-05,37.92878723144531,38.14421979600722,37.63732035500486,37.73236264058125,12620400
2010-08-06,38.03017807006836,38.04285086187832,37.4915952950403,37.700692734272906,12649700
2010-08-09,38.25826644897461,38.54339809498696,37.928781259925536,38.264601633514076,11104800
2010-08-10,38.51171875,38.86654954665911,38.068183275534935,38.08085364587361,13450200
2010-08-11,38.18856430053711,38.42300478326638,38.01748532651738,38.131537975863864,12946800
2010-08-12,38.01115036010742,38.32162513848304,37.624638870341066,38.01115036010742,11580500
2010-08-13,37.9034423828125,38.397669045142315,37.82107046672846,37.852753646282714,8805300
2010-08-16,37.87176513671875,38.14422406998983,37.58663341386674,37.78305802673979,13138100
2010-08-17,38.20123291015625,38.60041472215023,37.97312763639606,38.2139056939303,10878200
2010-08-18,38.49271011352539,38.689134689605815,38.04283704456285,38.118871350718784,10739300
2010-08-19,38.13786697387695,38.416663367985635,37.922434495286716,38.36597223557088,9822700
2010-08-20,38.00482177734375,38.12520963998337,37.80839718527018,37.97947620086577,12107000
2010-08-23,38.03649139404297,38.2645966813316,37.928776351204725,38.02381860951732,8468500
2010-08-24,37.80206298828125,38.03016834837403,37.751374251086894,37.82740856542207,13728400
2010-08-25,37.80839538574219,37.95413123501056,37.63731879537637,37.8844321115571,10394900
2010-08-26,37.72603225708008,37.96047282518107,37.637325145749294,37.96047282518107,10264400
2010-08-27,37.890769958496094,37.966804272565,37.54227673383575,37.8337436186726,10317400
2010-08-30,37.618309020996094,37.960467041501275,37.59930104777485,37.833741580156335,7462000
2010-08-31,37.80839538574219,37.85908653628547,37.542274096651276,37.580292459558734,12590100
2010-09-01,37.890769958496094,38.04917618944055,37.71969093902561,37.954133901126234,14748800
2010-09-02,38.06185531616211,38.20758878284859,37.83374991888321,37.85276031338156,10257800
2010-09-03,38.20123291015625,38.33429351415424,37.90976613461217,38.18222252595199,8970100
2010-09-07,38.106204986572266,38.302629595761395,37.966806720884016,38.023833064384895,7420600
2010-09-08,38.2519416809082,38.334313610078034,38.11254582049114,38.11254582049114,7719500
2010-09-09,38.20123291015625,38.45468133437818,38.15054177506005,38.44200855060413,7937500
2010-09-10,38.27094268798828,38.41667611641243,38.19490596413366,38.340639392557804,7379100
2010-09-13,38.321632385253906,38.48637620733424,38.15689098026067,38.4293498715506,9808100
2010-09-14,38.423011779785156,38.61309875761372,38.22025201448975,38.264605562080185,11011300
2010-09-15,38.72081756591797,38.910904550243224,38.35331396808029,38.37232435847382,9189700
2010-09-16,38.72081756591797,38.72081756591797,38.435685880886524,38.56874652820548,7647900
2010-09-17,38.632118225097656,38.94893073495193,38.5307383186278,38.84755082848207,17798000
2010-09-20,38.92356491088867,39.0249447646334,38.5940797819467,38.65744128412977,9053600
2010-09-21,38.98060989379883,39.19604248829238,38.796858065565715,38.9362563376167,11303600
2010-09-22,39.15169143676758,39.28475211382627,38.91724843384968,38.986947574334046,9646300
2010-09-23,38.7905158996582,39.018621243030964,38.74616235145651,38.91723894189899,10107400
2010-09-24,39.05663299560547,39.164350470449705,38.879218821846536,38.967925908726,10602800
2010-09-27,38.67647171020508,39.09466412574091,38.66379891978428,38.936257871112375,10284100
2010-09-28,38.41034698486328,38.73349708979227,38.2392679440928,38.657460349169234,11367300
2010-09-29,38.175907135009766,38.41034771366015,38.036508858310164,38.308967807993426,9709400
2010-09-30,37.99848175048828,38.42934682736989,37.91610984597321,38.220249473697834,13101700
2010-10-01,38.11886978149414,38.25193041606112,37.98580914692716,38.07451623663848,10253300
2010-10-04,37.99214172363281,38.23925500431815,37.81472755638934,38.02382247962819,11620700
2010-10-05,38.53705978393555,38.59408611208822,38.011152461715746,38.18222902908701,11412700
2010-10-06,38.568748474121094,38.6447852053572,38.207582460555,38.49271415997225,7229800
2010-10-07,38.52438735961914,38.73981988831959,38.492706603034,38.64477761856418,23255800
2010-10-08,39.19605255126953,39.28475968640796,38.587772981387594,38.651134530175575,30692500
2010-10-11,39.37345886230469,39.41781242090795,39.19604462789165,39.234060582644354,7425200
2010-10-12,39.29740524291992,39.39878510096815,39.005938453167076,39.291067642180764,24975000
2010-10-13,39.683929443359375,39.87401643607114,39.33543622053994,39.430478508352195,9906000
2010-10-14,39.79164505004883,39.81699062730485,39.61423084343124,39.7092731325104,8771400
2010-10-15,39.76629638671875,39.918367421366085,39.633235742081766,39.89935944844283,9943500
2010-10-18,40.140132904052734,40.24785038442731,39.69025984487452,39.842330870965995,11449200
2010-10-19,40.03242874145508,40.2732069245434,39.855014510278224,39.905703254719775,12109100
2010-10-20,40.461483001708984,40.6211069707941,40.07838645017208,40.14862138627649,10344900
2010-10-21,40.550899505615234,40.8509935502058,39.969867961956346,40.601980379447724,9612900
2010-10-22,40.48065185546875,40.672200189539325,40.30825762410446,40.563654590975496,5933400
2010-10-25,40.57003402709961,40.742428229192356,40.53172339252273,40.69134738308985,8928400
2010-10-26,40.1358642578125,40.50619072024159,39.91877549167501,40.30187216807328,12935900
2010-10-27,40.27631759643555,40.44870932488284,40.052842597470224,40.43594155183867,13348100
2010-10-28,40.346553802490234,40.58279903190113,40.263551091726015,40.30824560849705,9231200
2010-10-29,40.58917999267578,40.76795804687067,40.34655089364821,40.37209131158128,11368300
2010-11-01,40.62110137939453,40.95311948167028,40.480633962189195,40.78711164836647,11926700
2010-11-02,40.87651824951172,41.042528599774485,40.767975081444725,40.780745295747195,8129000
2010-11-03,41.061676025390625,41.09360277378911,40.75520067465184,40.86374382506608,8621300
2010-11-04,41.502227783203125,41.502227783203125,41.11274494814615,41.202133972126134,11807500
2010-11-05,41.502227783203125,41.502227783203125,41.259601128305526,41.44476549836019,9747000
2010-11-08,41.34261703491211,41.45116018850813,41.22768755718161,41.41923831051178,7203100
2010-11-09,41.38092041015625,41.46392800020795,41.253223170390086,41.36176631132507,8461200
2010-11-10,41.22768783569336,41.3745440637503,41.09360425599166,41.2915364634554,8151400
2010-11-11,41.093597412109375,41.23406729259432,40.90204668938677,41.06805699099054,7003900
2010-11-12,41.07444381713867,41.195754729767245,40.876506768877945,41.02974929746766,9280400
2010-11-15,41.048919677734375,41.444789059939865,40.953144277210875,41.214930047219156,10861200
2010-11-16,40.51256561279297,41.09998311126508,40.28909058489882,41.09359678824802,14384500
2010-11-17,40.39763641357422,40.544490180214446,40.31463126350153,40.47425524058899,7938500
2010-11-18,40.87651824951172,41.03614227478859,40.550886309641406,40.60196716685129,11296700
2010-11-19,40.89567184448242,41.01698277522362,40.6147320381255,41.01060132241589,9495800
2010-11-22,40.58280563354492,40.729659417634096,40.24440110565614,40.59557584550949,9139700
2010-11-23,39.976234436035156,40.30825264404919,39.79107001385387,40.269942007700635,10488100
2010-11-24,39.969844818115234,40.20609006929162,39.842147578815116,40.19970374592538,8766300
2010-11-26,39.66975402832031,39.905996847671275,39.605902971962784,39.765526959353465,3916500
2010-11-29,39.66975402832031,39.73998897247921,39.3760440404132,39.618673183234286,8433700
2010-11-30,38.992958068847656,39.36967087915446,38.96103374980526,39.27389548635787,17675200
2010-12-01,39.682533264160156,39.803846645325315,39.267509828292596,39.312204360072876,11598600
2010-12-02,39.81661605834961,39.89962123098683,39.56121665131319,39.68253246570665,7866500
2010-12-03,39.79744338989258,39.90598650406293,39.56758451792227,39.874062201993304,8971900
2010-12-06,39.62506103515625,39.79745524046818,39.61867471143979,39.74637439341183,5849500
2010-12-07,39.682533264160156,39.98901109736895,39.59314176493028,39.708071256842246,9882400
2010-12-08,39.9890022277832,40.02092653830696,39.76552718277938,39.76552718277938,8344500
2010-12-09,40.14223861694336,40.206089671630615,39.925149902344096,40.008155055603176,8541200
2010-12-10,40.352928161621094,40.7296407167685,40.263539154580656,40.41677675645919,11510100
2010-12-13,40.346553802490234,40.55725861212669,40.321015818384275,40.42317506181357,8783600
2010-12-14,40.576419830322266,40.67219520345086,40.35294720724743,40.43595236824762,8626100
2010-12-15,40.63389205932617,40.80628630134312,40.58281363706339,40.6147379554363,11074500
2010-12-16,41.18299102783203,41.34261502406394,40.321022422447285,40.77435398718537,14337400
2010-12-17,41.38092041015625,41.52777662009103,41.04890466396176,41.208528649338184,23534700
2010-12-20,41.48310089111328,41.70018727132457,41.291550073353015,41.412865916023826,10616100
2010-12-21,41.41923904418945,41.74486851074553,41.27238281452326,41.64271167947444,8193900
2010-12-22,41.470314025878906,41.48308667406664,41.03613654291759,41.042522867011456,7083400
2010-12-23,41.65547561645508,41.68740236341168,41.349000279557345,41.349000279557345,5950800
2010-12-27,41.291542053222656,41.57248189901302,41.09999614400634,41.527787366395344,7195800
2010-12-28,41.34900665283203,41.393701182657615,41.119147679060895,41.37454708006642,4648400
2010-12-29,41.1191520690918,41.3745514973647,41.08722531380559,41.323470637442334,4916400
2010-12-30,41.04253387451172,41.17661748841592,40.902063934800864,41.17023603394854,3819900
2010-12-31,41.07444381713867,41.15106021009623,40.87012531702301,40.914819836694015,5245600
2011-01-03,41.35539245605469,41.43201374581719,40.86375257626067,41.11276567881515,10004000
2011-01-04,41.470314025878906,41.47670034997277,41.087217392992564,41.12553046621778,11333200
2011-01-05,41.37453842163086,41.55969795548973,41.27237673407263,41.291530832655454,7459600
2011-01-06,41.30430603027344,41.36176832957084,41.061674443006105,41.30430603027344,11585100
2011-01-07,41.18299102783203,41.419236295936855,40.972286183684844,41.26599375219102,11940000
2011-01-10,41.093597412109375,41.20214054836147,40.95951385473845,41.1191378332282,12253700
2011-01-11,40.88927459716797,41.24683071240424,40.69772633033877,41.1829821020173,9624200
2011-01-12,41.48310089111328,41.502254998621375,40.48066200369247,41.12554456072308,10150600
2011-01-13,41.8087158203125,41.821483595579195,41.444773333494545,41.4511547854592,9899100
2011-01-14,41.84062576293945,41.92363332818347,41.674615503787415,41.72569633296281,10947000
2011-01-18,41.821475982666016,42.102415700766564,41.783167792501935,41.9172513294127,12395900
2011-01-19,42.0350456237793,42.24087886150858,41.842079723849565,41.880671922345215,11763500
2011-01-20,42.324493408203125,42.38881536204011,42.03503725476093,42.09293044842957,12492800
2011-01-21,42.39524459838867,42.42096945127422,42.14438066197957,42.388810931442286,9554100
2011-01-24,42.82622146606445,42.90340586561671,42.31806957005494,42.38882520794561,10568200
2011-01-25,42.90338897705078,43.06419628941971,42.7554489978432,42.81977094130083,11064100
2011-01-26,42.523895263671875,43.04490949794004,42.49816549923939,43.025613401478374,9499500
2011-01-27,41.2824592590332,41.48829245164256,40.61350015619019,41.39824073659162,23967100
2011-01-28,41.29532241821289,41.385374134859326,41.06376191271859,41.102356557163596,14927400
2011-01-31,40.6070671081543,41.39823886658178,40.529877824118614,41.39180519938292,12568400
2011-02-01,40.47197723388672,40.915806920990924,40.343333365932835,40.80002547685283,14623900
2011-02-02,40.38837814331055,40.49129475815255,40.07319463013624,40.36907959109129,11626100
2011-02-03,40.45912551879883,40.60706796908283,40.298318187569464,40.30474940117957,8546700
2011-02-04,40.91582489013672,40.98014685236216,40.375512064776025,40.41410671434664,9827300
2011-02-07,41.520450592041016,41.681257906638464,41.03802619452377,41.134511564772204,12847100
2011-02-08,41.57834243774414,41.64909805483486,41.359646826700256,41.41753510934709,8193700
2011-02-09,41.417545318603516,41.73272638586652,41.21814575262407,41.57835268663892,11019900
2011-02-10,41.53974533081055,41.67482288177622,41.21813071209715,41.571903848212116,10977000
2011-02-11,41.63623809814453,41.790611768478726,41.21813803801604,41.21813803801604,8951600
2011-02-14,41.51403045654297,41.726297358786276,41.3918152872299,41.687700253636606,7093800
2011-02-15,41.1152229309082,41.616941088218915,40.9544155775419,41.616941088218915,11785000
2011-02-16,41.012306213378906,41.237437979725804,40.97371401905836,41.231004311522064,9851200
2011-02-17,41.16668701171875,41.30176461458177,40.81291128595694,40.89653180599271,7364600
2011-02-18,41.359642028808594,41.411096638264546,41.12164544370749,41.256722994997425,9093700
2011-02-22,41.21170425415039,41.40467502211161,40.9222505559338,40.99300617702288,9437500
2011-02-23,41.2631721496582,41.42397951976018,41.102364779556225,41.173120414997214,11711100
2011-02-24,40.55560302734375,41.41753030573444,40.41409426329963,41.37250445530338,15218000
2011-02-25,40.420536041259766,40.59420827562789,40.22113404171293,40.497722883070445,11370400
2011-02-28,40.55560302734375,40.67781815313504,40.27901425828164,40.39479571759717,11558200
2011-03-01,40.35620880126953,40.941547387001364,40.29831806405539,40.80003615076121,12134200
2011-03-02,40.143943786621094,40.42053260446136,40.08605304675394,40.266156480240525,10020700
2011-03-03,40.23399353027344,40.49128624011532,39.95097351242746,40.330478909895426,14193800
2011-03-04,39.89952087402344,40.34978196708116,39.5972047095755,40.20827070687645,11875900
2011-03-07,39.69368362426758,39.96384123417861,39.539309950368676,39.880220729476946,11300700
2011-03-08,39.912391662597656,40.041038058752484,39.70655841024029,39.71942329522837,10944000
2011-03-09,39.880218505859375,40.073186814336246,39.71941117317446,39.93810924377495,8781500
2011-03-10,39.55217742919922,39.82876381757291,39.37207152619076,39.700119898785324,12106800
2011-03-11,39.55217742919922,39.68725501616147,39.31418078124616,39.365640311741565,9586700
2011-03-14,39.46213150024414,39.48786127087056,39.10192452637822,39.26273191220436,9135600
2011-03-15,39.01829147338867,39.14693783149783,38.79316218699154,38.9925617110218,13092400
2011-03-16,38.42008972167969,38.92180784177101,38.40079362589935,38.90251174599067,16378600
2011-03-17,38.870361328125,39.04403359850449,38.593772429416106,39.04403359850449,10646900
2011-03-18,38.979698181152344,39.2820167651306,38.670948383222004,39.18553137977256,17016800
2011-03-21,39.429962158203125,39.57147341293473,39.108347454704365,39.21126406167495,9602500
2011-03-22,39.191978454589844,39.50715957429221,39.15981746637701,39.269165317045875,7772900
2011-03-23,39.17909240722656,39.29487386523802,38.94109827852514,39.13406655730264,7998200
2011-03-24,39.32704544067383,39.41709716480425,39.0761863652461,39.38493618528988,8197900
2011-03-25,39.15980911254883,39.48142383352046,39.050458831481166,39.35277745438669,7757900
2011-03-28,39.01829147338867,39.455687618724696,38.98613049729268,39.28844907079042,8381500
2011-03-29,39.4171028137207,39.50715455075656,38.98614022827032,38.98614022827032,7684300
2011-03-30,39.860923767089844,39.860923767089844,39.481418350894685,39.532875423167205,7552100
2011-03-31,39.62291717529297,39.88020983312557,39.616485963023244,39.72583374768108,11569500
2011-04-01,39.93167495727539,40.07318373061559,39.7129769035042,39.80302861028205,8243700
2011-04-04,40.04745864868164,40.0924869610556,39.835194237012836,39.989567908458284,6438000
2011-04-05,39.66795349121094,40.04745891212157,39.622927632266055,39.89308523966063,9105800
2011-04-06,39.72584915161133,39.84163064715849,39.5843403432847,39.80303845112649,8249600
2011-04-07,39.963844299316406,39.976709182082246,39.539312982945866,39.635795923101384,7692800
2011-04-08,39.81589889526367,40.02816331095083,39.64222667130583,40.00886721508617,7271400
2011-04-11,40.002437591552734,40.201839599306496,39.81590292064338,39.89308976563089,7649500
2011-04-12,40.452693939208984,40.51701834725557,39.88022020308335,39.89951629863469,11415700
2011-04-13,40.51702117919922,40.56847825550781,40.343348945922486,40.420535787248106,10414900
2011-04-14,40.716426849365234,40.838642024720066,40.3690823305554,40.3690823305554,10027100
2011-04-15,41.2824592590332,41.3017553540512,40.58133917991845,40.819333348799546,12378300
2011-04-18,41.16668701171875,41.26317241589277,40.883666921854456,40.95442010402621,11323800
2011-04-19,41.07662582397461,41.37251072988849,40.88365751375796,41.308188777724666,9284200
2011-04-20,40.986576080322266,41.3853751473847,40.883659479676226,41.333920527649646,8844700
2011-04-21,40.697120666503906,41.00587045548642,40.52344845012776,40.91581874041551,10600800
2011-04-25,40.76144027709961,40.77430515761704,40.26615341894123,40.574905643909496,7369600
2011-04-26,41.05731964111328,41.1666674236696,40.70354162996145,40.81289186624236,9500000
2011-04-27,41.52105712890625,41.61186062376649,41.222720814053616,41.27460463757043,9896600
2011-04-28,41.83235168457031,41.8907200327403,40.814107043042334,41.01516264723163,13366000
2011-04-29,42.091773986816406,42.22148471325001,41.77397924335118,41.884233855634434,13357700
2011-05-02,42.27338790893555,42.44849795454796,42.15664622914426,42.3123001528163,8909000
2011-05-03,42.61712646484375,42.66901275610809,42.26041934573682,42.32527473574271,9924100
2011-05-04,43.11003875732422,43.12949488060405,42.53281734199214,42.61064183511147,14236900
2011-05-05,42.727394104003906,43.0581631261212,42.565253105653355,42.8571098715747,10812500
2011-05-06,42.331756591796875,43.025719652378825,42.1825896903708,42.94140814062274,11125800
2011-05-09,42.2474479675293,42.409588926860664,42.06585088478207,42.11125015546888,8698800
2011-05-10,42.63010787963867,42.73387553195278,42.318795026396444,42.34473817651246,8076200
2011-05-11,42.7533073425293,42.88302301933652,42.57819736402346,42.66899586371495,9176300
2011-05-12,43.35000991821289,43.44729549557477,42.688476898822124,42.824674727868754,11100000
2011-05-13,43.362979888916016,43.65483164540072,43.161926676588756,43.23975117263825,12601200
2011-05-16,43.41486358642578,43.648346956898074,43.13598094659217,43.2332665089805,9880600
2011-05-17,43.726158142089844,43.92072920765707,43.22027930939237,43.22027930939237,12185600
2011-05-18,43.70022201538086,43.7780514437254,43.43431346113029,43.71319606084589,8870300
2011-05-19,43.752105712890625,43.752105712890625,43.38891163173041,43.641851073702455,7425400
2011-05-20,43.687255859375,43.842909778395175,43.570514183072646,43.72616810209283,9361500
2011-05-23,43.48619079589844,43.60293244031197,43.26567660171845,43.375931224734686,9406300
2011-05-24,43.460262298583984,43.615916227520124,43.32406449224621,43.440806175985614,7105200
2011-05-25,43.05166244506836,43.343519118415145,42.740354597943934,43.19434727006247,11639200
2011-05-26,42.928428649902344,42.9997710457136,42.64954608849867,42.928428649902344,8946700
2011-05-27,42.9349250793457,43.27218105379092,42.81170131204606,42.83115743592761,7973400
2011-05-31,43.45376968383789,43.45376968383789,43.01923317455517,43.01923317455517,10603900
2011-06-01,43.06462860107422,43.44727879058289,43.02571141620268,43.427822672221176,9579500
2011-06-02,42.811702728271484,43.129497641198405,42.58470636189511,43.103554492448296,8540400
2011-06-03,42.43552017211914,42.688459601881476,42.31877851621745,42.51983166599058,8579100
2011-06-06,42.480918884277344,42.57171739901786,42.29283483284401,42.39012036953683,7668800
2011-06-07,42.19554901123047,42.506861736915795,42.16312379798377,42.45497545794359,8892500
2011-06-08,42.05936050415039,42.18907623015245,41.95559287149774,42.182589206815095,11292100
2011-06-09,42.16312789916992,42.448492564978515,42.0658423536711,42.17609699610052,10219500
2011-06-10,41.96207809448242,42.18907939497734,41.92965287166127,42.10476292971373,10509000
2011-06-13,42.007484436035156,42.27339802793621,41.8388613734225,41.929659929644764,8873100
2011-06-14,42.000999450683594,42.29933825020383,41.936144050466126,42.17610952608574,7240100
2011-06-15,41.352439880371094,41.8453474356991,41.07355963430185,41.838865358315985,11790300
2011-06-16,41.67671585083008,41.722115123999245,41.1838059220294,41.42377386221995,8894300
2011-06-17,41.955596923828125,42.234479576482514,41.85182433300348,41.92965377612196,10057200
2011-06-20,42.21500778198242,42.344723487565446,41.83884460616219,41.83884460616219,5911700
2011-06-21,41.65076446533203,42.31229730756581,41.61185222406789,42.31229730756581,11024200
2011-06-22,41.546993255615234,41.78696363030565,41.423767030774464,41.55996730189518,9107100
2011-06-23,41.157859802246094,41.33297233214682,40.729807776069215,41.33297233214682,11693900
2011-06-24,40.59360885620117,41.18380182272927,40.496323295336545,41.15137412713259,15278300
2011-06-27,40.74277114868164,41.021653735640385,40.61954493721756,40.70385643628944,6705500
2011-06-28,40.67791748046875,41.08002629581205,40.55468878974513,40.93085693647622,8551500
2011-06-29,40.567665100097656,40.79466391401032,40.44443886905333,40.775205317685234,11386200
2011-06-30,41.22919464111328,41.281080925210084,40.58711795689767,40.684401028467875,11807400
2011-07-01,41.68318557739258,41.7934451636936,41.08002363054779,41.16433760177143,9700500
2011-07-05,41.67671585083008,41.83236979481726,41.4756601595989,41.572943256072186,9224100
2011-07-06,41.96207809448242,42.11773697736169,41.72859471831289,41.851823430221636,9334700
2011-07-07,42.12422180175781,42.24745052170757,41.975054881118346,42.14368287449964,8973600
2011-07-08,42.11124801635742,42.2279896990719,41.85182150497536,42.18259043069122,9227800
2011-07-11,41.97504425048828,41.98801334754857,41.67670553661713,41.69616165628179,9206700
2011-07-12,41.851806640625,42.19554454315873,41.76100813611222,41.819381430811795,11583700
2011-07-13,41.923160552978516,42.1696129975199,41.8258750005034,42.05287132417951,9154200
2011-07-14,41.89720916748047,42.026924861313745,41.74155528302831,41.86478395513298,13269400
2011-07-15,42.0463981628418,42.05936726345175,41.72211621794525,41.949112589742874,20588800
2011-07-18,41.86479187011719,42.020445783997374,41.68967688737186,41.95559039889302,13343700
2011-07-19,41.90371322631836,42.020454924158976,41.71562910490015,41.89722620195227,8393800
2011-07-20,41.97889709472656,42.135831150468434,41.87427937958375,42.01813310300458,13089600
2011-07-21,42.16853332519531,42.40392948332155,42.00506404809023,42.07699092911138,8564400
2011-07-22,42.0115966796875,42.331995008506084,41.93966981156906,42.14891024918118,6047200
2011-07-25,41.3969612121582,41.83505768365421,41.33811217180198,41.82197984198135,8801200
2011-07-26,41.253089904785156,41.651955175984156,41.24655223390057,41.50156380221673,8715200
2011-07-27,40.67115020751953,41.27271585480023,40.63845685613999,41.21386682457992,11165200
2011-07-28,40.488067626953125,40.82154633483761,40.44229643086594,40.64499922378284,7535600
2011-07-29,40.20690155029297,40.65807582410407,40.20690155029297,40.33113729383262,10380300
2011-08-01,40.16766357421875,40.74307602210096,39.88649626981851,40.64499347615938,10103800
2011-08-02,39.80148696899414,40.11534758770092,39.72302243790306,39.97149636309102,9609000
2011-08-03,39.7099494934082,39.87995890845372,39.55302041188918,39.72956500501239,13107900
2011-08-04,38.957984924316406,39.8864888779617,38.905673577683956,39.474545753429204,17790100
2011-08-05,39.61840057373047,40.14804174870156,38.78797663021191,39.925723507961614,23699300
2011-08-08,38.768367767333984,40.11535278535003,38.735674416338576,39.311084378017576,30994600
2011-08-09,39.37648010253906,39.8211167339523,37.637167101190755,39.572642735375915,31875700
2011-08-10,38.258331298828125,39.29145786248073,38.12755793147036,39.21299334319765,23417700
2011-08-11,39.52686309814453,39.94534395733815,38.32372938079154,38.395656246154694,18713900
2011-08-12,39.97804641723633,40.35729634127071,39.618414502807916,39.74265025671061,13520700
2011-08-15,40.461910247802734,40.514219111764994,39.925731296889644,40.455370080843174,12111500
2011-08-16,40.29190444946289,40.4553737173462,39.997659268404306,40.19382438533874,9420600
2011-08-17,40.32459259033203,40.618837733345664,40.049965453081136,40.396519457995666,7973100
2011-08-18,39.79495620727539,40.06304568820088,39.265314918174475,39.76880052758926,17846200
2011-08-19,39.8603401184082,40.21997195868627,39.38301022213473,39.5660949784197,16297700
2011-08-22,40.35074234008789,40.481518217140554,40.1807354459591,40.37036034296835,12676600
2011-08-23,41.20732116699219,41.33809704151178,40.38343490355835,40.507673106806024,15222400
2011-08-24,41.3969612121582,41.44273241084157,40.78885529325834,41.011173613010364,8417200
2011-08-25,40.88692092895508,41.50156679885916,40.671142853392645,41.35771308558929,15063000
2011-08-26,40.913082122802734,40.96539347808289,39.997653360141726,40.697304018128875,10374200
2011-08-29,41.253089904785156,41.38386577155663,41.050387186572266,41.050387186572266,9147700
2011-08-30,41.521175384521484,41.77618692873328,41.12231015102428,41.253086005434476,9181100
2011-08-31,41.638885498046875,41.81543257862734,41.449260578792746,41.49503176697924,8972600
2011-09-01,41.36425018310547,42.01158938949707,41.31847900121683,41.59964625815696,8871400
2011-09-02,40.90000534057617,41.240021675652876,40.80846296081374,41.063474588535584,8817300
2011-09-06,40.788848876953125,40.90000677217178,39.95188460195215,40.00419596041471,11458200
2011-09-07,41.01116180419922,41.226939893811746,40.9457726146632,41.030777313888755,8874900
2011-09-08,41.13540267944336,41.73697082687328,40.795386334259994,40.926162235383266,11124300
2011-09-09,40.43575668334961,40.87385310752351,40.25920958135113,40.8084664005654,12286400
2011-09-12,40.42921447753906,40.488061010597804,39.88649539213211,40.04996463554249,9865500
2011-09-13,40.501136779785156,40.605756990448,39.99765123648816,40.389978897230755,8329200
2011-09-14,40.762691497802734,41.161556859245955,40.2330502399997,40.61883776237266,11547700
2011-09-15,41.05040740966797,41.05040740966797,40.60577074020423,40.83462924338483,9161300
2011-09-16,42.06389236450195,42.305823568322516,41.20077276299632,41.338088775672894,24690100
2011-09-19,41.72388458251953,41.91350698189099,41.534259688805726,41.61272421593676,11022700
2011-09-20,41.90044403076172,42.29276927678364,41.50811629039672,41.75005010896547,8215800
2011-09-21,41.20732116699219,42.14890297371708,41.168087656333604,42.09005644924272,9649100
2011-09-22,39.99764633178711,40.48151630573245,39.42877416196211,40.26573823897494,17381200
2011-09-23,40.04996109008789,40.063038927724115,39.49416670943182,39.84725834824007,9122500
2011-09-26,40.89345932006836,41.05692853465673,40.29843147874039,40.32458465737441,13364100
2011-09-27,41.36425018310547,41.83504233320845,41.0373117442767,41.24655463992207,10732400
2011-09-28,41.01770782470703,41.76966744419831,40.913087594497576,41.42965107243183,9031800
2011-09-29,41.651954650878906,41.88081303842932,41.18770269931808,41.547334457649114,9798600
2011-09-30,41.311946868896484,42.109677564784874,41.305406702411325,41.455800599458044,11358100
2011-10-03,41.089630126953125,41.99198107103281,41.030781098114396,41.6454245703857,12323800
2011-10-04,41.436180114746094,41.51464714181646,40.39651570231771,40.73653200326173,12800000
2011-10-05,41.41657638549805,41.61273902028455,41.05694447266558,41.35772734562777,12023100
2011-10-06,41.593109130859375,41.62580247630136,40.95231008169548,41.23347734231281,8691600
2011-10-07,41.78928756713867,42.10968846056253,41.61928060967559,41.82852109317322,8902000
2011-10-10,42.3712272644043,42.3843026080461,41.933125927784744,42.090059983597016,6663600
2011-10-11,42.22084426879883,42.39738889128423,42.005063627893925,42.005063627893925,5705600
2011-10-12,42.43007278442383,42.724315401872985,42.20121686099837,42.318914905715026,10206200
2011-10-13,42.27314758300781,42.37123012734646,41.82851103886668,42.18160520527453,7305200
2011-10-14,42.43007278442383,42.61315752316419,42.09005898228957,42.501999644455395,7485100
2011-10-17,42.01814270019531,42.79625303572873,41.887364290539864,42.39738761648053,7165000
2011-10-18,42.4496955871582,42.887791999941015,41.913516622145515,41.95275263624897,11796600
2011-10-19,42.6837043762207,43.05945261511511,42.37387591041445,42.406838311636676,9099100
2011-10-20,42.907833099365234,43.03308419020891,42.49912748394924,42.78258703787793,7728400
2011-10-21,43.67911148071289,43.70548039698695,43.15833670035235,43.2506253926333,13026800
2011-10-24,43.0924186706543,43.43520453739535,42.85510344392713,43.34291584137442,9819000
2011-10-25,42.5255012512207,43.09242042375963,42.43321255144525,42.907837994851775,8919200
2011-10-26,42.815555572509766,42.85511147061086,42.307967649324375,42.782598191676136,9401200
2011-10-27,43.019901275634766,43.290173851078066,42.39365086491583,43.09241453402702,16764300
2011-10-28,42.67052459716797,42.868283926460805,42.400246975637565,42.736444373598914,10656200
2011-10-31,42.182716369628906,42.736451129085616,42.14975396152468,42.551873714159605,9438800
2011-11-01,41.33891677856445,41.925611264910884,41.207074727607534,41.77399378644771,13462600
2011-11-02,41.43782043457031,41.89267310584055,41.13458532039016,41.79379340235359,8783200
2011-11-03,41.66853332519531,41.87288869208229,41.45758698536044,41.73445562806792,8532600
2011-11-04,41.54987716674805,41.65535034040222,41.1148000110897,41.45758845413549,7758200
2011-11-07,41.833335876464844,41.90584915326662,41.32574545353115,41.549876256973576,6559500
2011-11-08,42.327735900878906,42.41343111173347,41.846514466957196,41.846514466957196,7422000
2011-11-09,41.34550857543945,42.077229539419356,41.24003544191753,42.05745159804297,9701300
2011-11-10,41.68830871582031,41.95858385431979,41.398255630333054,41.866292635960214,6143700
2011-11-11,42.116790771484375,42.28159274039122,41.91243793943412,42.0245020712451,5731100
2011-11-14,41.563045501708984,41.88605838520571,41.48394128082976,41.820136105574825,6832800
2011-11-15,41.89925765991211,42.12338846057121,41.59602009571775,41.78060002928795,7673800
2011-11-16,41.714664459228516,42.11678157793278,41.543271555436796,41.60260035187969,9228000
2011-11-17,41.49055862426758,41.958598305776384,41.22687688217246,41.62899424214791,8525500
2011-11-18,41.68830871582031,41.85970166341667,41.56965109260799,41.60261098468284,7624000
2011-11-21,40.646751403808594,41.51031449642255,40.50831837424793,41.22685495131561,13254400
2011-11-22,40.66653060913086,41.035687903587906,40.5346910533118,40.554466483748996,8321500
2011-11-23,40.25123596191406,40.547877510202014,40.211682581958975,40.41603793970897,7488200
2011-11-25,40.21168518066406,40.73246006767426,40.21168518066406,40.34352727435609,4734800
2011-11-28,41.02911376953125,41.174137843384045,40.58744302931028,40.64018088502356,7673200
2011-11-29,41.22026062011719,41.49712918823949,41.108196507440624,41.18730073489926,6442700
2011-11-30,42.5650634765625,42.57824542461055,41.655355665819584,41.68172459127396,15034500
2011-12-01,42.242042541503906,42.710079537036385,42.10360697428961,42.57164648450061,9387600
2011-12-02,42.6243896484375,42.75622923036702,42.367293913766915,42.63757159488739,9952600
2011-12-05,42.74303436279297,42.80895917094351,42.48594370494742,42.77599676686824,9820200
2011-12-06,42.74303436279297,42.84851003234844,42.51231262233629,42.61778829189176,8315400
2011-12-07,43.0001335144043,43.178117434422944,42.61779172549652,42.71008042911465,11144700
2011-12-08,42.49912643432617,42.84850575346512,42.387062318631834,42.76281055252643,8352600
2011-12-09,42.8287467956543,42.96058639077869,42.5848380123802,42.62439391440405,7647800
2011-12-12,42.39366149902344,42.79577874939155,42.14975526253149,42.571650461308344,8793500
2011-12-13,42.67052459716797,43.0660482851102,42.452984808524945,42.545273501399585,11126100
2011-12-14,42.48594284057617,42.81554675719618,42.40024763282336,42.49912981368069,10326700
2011-12-15,42.841915130615234,42.98694165678549,42.6177868842478,42.73644449390014,9654800
2011-12-16,42.9408073425293,43.26381784396511,42.72986099045889,43.13197825993026,18291900
2011-12-19,42.815555572509766,43.237448270298515,42.67712250255011,43.07923976596715,8172300
2011-12-20,43.369285583496094,43.44839233702848,42.986943818791474,43.00671924983536,9797100
2011-12-21,43.50771713256836,43.50771713256836,43.17811321489739,43.17811321489739,9479000
2011-12-22,43.632965087890625,43.66592245966988,43.3692809668751,43.402238338654364,7666300
2011-12-23,43.94938278198242,43.96256975441091,43.51430824961375,43.646147797760285,5209800
2011-12-27,44.02849578857422,44.13396643621627,43.55386530079223,43.59341616498837,5604700
2011-12-28,43.86369705200195,44.13396969288089,43.80436572197257,44.107605801042794,4152000
2011-12-29,44.147151947021484,44.153745433954626,43.93620562937324,43.98894346612454,4425900
2011-12-30,43.97576141357422,44.14056339984725,43.89665464959447,44.08782555719409,4062300
2012-01-03,44.05485916137695,44.16692328206201,43.68569936771374,43.70547982667857,11565900
2012-01-04,44.03508377075195,44.08781657330213,43.731843751967,43.92301462061122,10595400
2012-01-05,43.85051345825195,43.93621371608566,43.67252951315354,43.79778064115182,10085300
2012-01-06,43.74504089355469,43.923024830918,43.46158126785931,43.84392309402659,8421200
2012-01-09,43.92961120605469,44.00212447270282,43.65274511304736,43.672520544068334,7836100
2012-01-10,43.72526931762695,44.081242253122085,43.55387382364231,44.06805527623815,10318900
2012-01-11,43.296775817871094,43.71207499144559,43.15834276001293,43.573641933587425,14676800
2012-01-12,43.38247299194336,43.50772411013966,43.217671006677676,43.50772411013966,29758100
2012-01-13,43.38247299194336,43.39565996720479,43.092424917838834,43.217671006677676,33539100
2012-01-17,43.67911148071289,43.84391343540838,43.474753636928035,43.48134712333569,35728800
2012-01-18,43.8751335144043,43.94157977344429,43.73559484956293,43.788753884604766,10386800
2012-01-19,43.90837478637695,44.02133397384993,43.46982019567988,43.82863620547028,9346600
2012-01-20,44.00802230834961,44.02130952969272,43.4897294245436,43.60933469472597,12190100
2012-01-23,43.19071960449219,43.81532547948166,43.04453481932242,43.795392112326454,14828100
2012-01-24,42.858489990234375,43.02460816849109,42.55283315058494,42.95151576449618,9742400
2012-01-25,43.177433013916016,43.29039214246216,42.64585289089782,42.778745386890485,10913100
2012-01-26,43.057830810546875,43.44322110422069,43.01131792667982,43.25716956875248,11932100
2012-01-27,42.7255859375,43.170781318318234,42.30032138680415,42.73222701277924,10979900
2012-01-30,42.001312255859375,42.39335118955295,41.881706985596125,42.39335118955295,12492000
2012-01-31,41.888370513916016,42.22725056378283,41.66244963575052,42.14086838057645,11358600
2012-02-01,42.001312255859375,42.326904943745284,41.98802249974548,42.14085089291256,12900500
2012-02-02,42.07440948486328,42.28039692617059,42.02789660049745,42.09434285394518,12613100
2012-02-03,41.70895767211914,42.433233120507616,41.56941899342585,42.10099672280212,17440500
2012-02-06,42.20066833496094,42.26711713884525,41.71560347303756,41.76876251614501,9851200
2012-02-07,42.326904296875,42.46644293179566,42.107627126489604,42.23387854026123,8901600
2012-02-08,42.287044525146484,42.38007030265018,42.15414947095735,42.34020356072707,8174800
2012-02-09,42.55284118652344,42.592707934585896,42.21395861941621,42.41994611186889,9152000
2012-02-10,42.44650650024414,42.51295274023824,42.22722934569276,42.260452465689816,8295500
2012-02-13,42.67908477783203,42.77875162960907,42.56612056327722,42.625925743867946,6899400
2012-02-14,42.84519577026367,42.84519577026367,42.58604679053775,42.59269293604961,6997700
2012-02-15,42.891719818115234,43.15086379579443,42.778755593094196,43.07112523746046,11651700
2012-02-16,43.323612213134766,43.456509777060475,42.95815531876741,43.04453493317634,10823300
2012-02-17,43.130924224853516,43.54954018951256,43.124278078566284,43.51631452760066,10281600
2012-02-21,42.805320739746094,43.237228914030766,42.75880786371687,43.18406989299071,10037700
2012-02-22,42.81861877441406,42.99802415758958,42.639208321714584,42.68572120398409,7029500
2012-02-23,44.13429641723633,44.23396838334115,42.69239119210384,42.7588374796648,20163300
2012-02-24,44.32697677612305,44.48644881749064,44.20072533071444,44.346910147603396,17777100
2012-02-27,44.32032012939453,44.54624344820721,43.94157095242126,44.23394051693522,17903200
2012-02-28,44.7788200378418,44.845266301638844,44.21401919127946,44.2472397884155,13468100
2012-02-29,44.9316520690918,45.031318932380465,44.72566205606999,44.79211339096256,14742500
2012-03-01,44.29375457763672,44.978160677832804,44.16085699003457,44.81204249547358,11967000
2012-03-02,44.300392150878906,44.43993080468072,44.12098675871206,44.33361781253257,7022200
2012-03-05,44.48645782470703,44.49975012140177,44.16086752904755,44.26053947615477,6933400
2012-03-06,44.41335678100586,44.5794749707664,43.98809462078086,44.18743847630345,9827000
2012-03-07,44.240604400634766,44.56619468378301,44.13428630926559,44.400076468162894,7470800
2012-03-08,44.45322036743164,44.55953335305147,44.36683568024638,44.48644095752113,5811500
2012-03-09,44.47315216064453,44.55953177524729,44.25387498181787,44.55953177524729,5710200
2012-03-12,44.99143600463867,45.037948880618764,44.340255740917414,44.366830181886094,8825500
2012-03-13,45.117706298828125,45.117706298828125,44.89842904762031,45.08448062942377,9056700
2012-03-14,45.084468841552734,45.15091509346289,44.978155852401294,45.00473536707017,8056200
2012-03-15,44.971519470214844,45.04461188404248,44.85191416299917,44.97816561770604,8611500
2012-03-16,44.68578338623047,45.0844659415709,44.606044847352884,45.071178719853165,15713500
2012-03-19,44.65921401977539,44.8386245056308,44.49309582818144,44.53960871904675,7038900
2012-03-20,44.65921401977539,44.81868606423861,44.45322908444685,44.49309582818144,6139000
2012-03-21,44.65256118774414,44.75887924781942,44.42664291437036,44.65920733387988,6120400
2012-03-22,44.865211486816406,45.02468864534955,44.48646210697124,44.51968778238055,7321000
2012-03-23,44.80539321899414,44.87848561968856,44.699075156338886,44.858552250321765,6006400
2012-03-26,44.82533264160156,45.0711893925493,44.68579396766634,44.87849168010782,7818800
2012-03-27,44.619354248046875,45.00474972945087,44.49310278046006,44.85856488688207,7936900
2012-03-28,44.64591598510742,44.72564945327105,44.48643890973283,44.59940310550408,7534600
2012-03-29,44.526329040527344,44.61935483802376,44.36021082078007,44.506395665281794,6917400
2012-03-30,44.65921401977539,44.8386245056308,44.52632149431018,44.619347276040806,8670300
2012-04-02,44.89177322387695,45.13098379735786,44.78546022984338,44.80539359937941,8595200
2012-04-03,44.5794677734375,44.91835024530358,44.479800931292196,44.80539111118956,6954100
2012-04-04,44.69243240356445,44.89177115928131,44.32697041379744,44.32697041379744,8372200
2012-04-05,44.725650787353516,44.83861498649428,44.40670676613816,44.46650686904461,7696300
2012-04-09,44.39342498779297,44.60605607546569,44.32697872343118,44.33362487072487,6890400
2012-04-10,44.0877685546875,44.4532306166004,44.04790180957884,44.3469125369439,9436700
2012-04-11,44.147560119628906,44.466504121134385,44.06782158449079,44.346898853188954,7593800
2012-04-12,43.91499328613281,44.101049879250034,43.82196752433611,43.968152312737736,27847200
2012-04-13,43.728946685791016,44.18743447021093,43.722305608860566,43.88177763710578,29792000
2012-04-16,44.37348175048828,44.58611279088965,43.775455365133205,43.86184005217131,32810100
2012-04-17,44.532958984375,44.65256427546833,44.40671261621083,44.459871649924416,8894700
2012-04-18,44.35354995727539,44.65256062580695,44.340262734695266,44.47315523859283,6081800
2012-04-19,44.233943939208984,44.459867275500805,44.00802567244114,44.4399288376766,7721200
2012-04-20,44.85855484008789,44.92500109832137,44.247236083576134,44.32697463517103,11092600
2012-04-23,44.28711700439453,44.51968149081456,44.1077064937808,44.45988136696038,8420500
2012-04-24,44.51966857910156,44.51966857910156,44.22729898409557,44.406709442676195,6962300
2012-04-25,44.82255172729492,44.88956005170577,44.56121568340738,44.675130346146574,6994200
2012-04-26,44.80915069580078,44.9900736772514,44.64832458739213,44.65502695334431,8415000
2012-04-27,43.18082046508789,43.73029685028554,42.852473573346145,43.623079451999686,30719500
2012-04-30,42.64474868774414,42.9932001605337,42.410216992063205,42.60454471488671,19195000
2012-05-01,42.59785461425781,42.71177186796407,42.410229203688104,42.44373337611776,11899600
2012-05-02,42.87258529663086,42.9596981744255,42.483932364369664,42.65815556375488,9689200
2012-05-03,43.227745056152344,43.395268477422995,42.99321328885526,43.08032362744872,12079900
2012-05-04,43.073612213134766,43.388556996966756,43.04680785787161,43.24113559922344,12006500
2012-05-07,43.053504943847656,43.22102830938792,42.457122171516914,42.52413049525154,11124300
2012-05-08,42.99319839477539,43.18082374361425,42.95969167716532,42.97309129676495,11481800
2012-05-09,42.66484451293945,43.08030425129735,42.59783619705122,42.839070224174286,13842600
2012-05-10,42.979801177978516,43.11381784703759,42.77207380721449,42.88598848715552,8109500
2012-05-11,42.67155075073242,42.9864954876361,42.63134422382867,42.926184419178654,11318000
2012-05-14,42.60455322265625,42.72516772151802,42.41692527244002,42.550944506536105,9902700
2012-05-15,42.69835662841797,43.03340336264923,42.550935247371015,42.69835662841797,12824700
2012-05-16,43.08031463623047,43.42876103028976,42.88598689462523,43.11381624604707,12375000
2012-05-17,42.85918045043945,43.15402323194041,42.82567628605177,42.96639786640626,10261800
2012-05-18,42.5643310546875,43.05349890672771,42.48392056624066,43.01329494060596,11583100
2012-05-21,42.47723388671875,42.75197216688486,42.182393616068666,42.658159469687305,9553100
2012-05-22,42.31641387939453,42.5844497984473,42.202496632738736,42.504039278351904,7535500
2012-05-23,41.807132720947266,42.24939432515464,41.57260102030844,42.21589016166393,13765400
2012-05-24,41.92774200439453,42.20248018416086,41.699910156085615,41.87413586395891,9178100
2012-05-25,41.8741455078125,42.349911297139826,41.813836988305944,41.934454027319056,7377700
2012-05-29,42.182395935058594,42.23600209803095,41.96126380276102,41.97466598255521,7401000
2012-05-30,41.760223388671875,42.14217644874724,41.70661724216841,41.97465308709301,7493400
2012-05-31,41.740116119384766,41.96124559954972,41.53238625699669,41.94784342556952,9268400
2012-06-01,41.24425506591797,41.50559112605763,41.009723359691066,41.384974089654115,12728000
2012-06-04,41.14373779296875,41.34476531155126,40.94270771818265,41.33806294574981,7768200
2012-06-05,40.989620208740234,41.096837628033875,40.889107712458404,41.016424563563646,7855500
2012-06-06,41.411781311035156,41.47208983341285,40.98292184355117,41.05663254381324,9622000
2012-06-07,42.05506134033203,42.108670040177856,41.358166135760776,41.59940017266,13904700
2012-06-08,42.04836654663086,42.34320676234199,41.92774951379362,42.24269427244683,7697800
2012-06-11,41.90764617919922,42.25609508994381,41.88084182694108,42.209188751593935,6345500
2012-06-12,42.05506134033203,42.06176370591451,41.686510475604216,41.88083817824009,7814500
2012-06-13,41.92774200439453,42.0617611897886,41.7267145044051,41.95454635271401,6838500
2012-06-14,42.33651351928711,42.50403691796862,42.014868900563116,42.05507288027599,8389100
2012-06-15,42.13548278808594,42.66485474545288,41.89424870310657,42.571042058228464,14126800
2012-06-18,41.740116119384766,42.04835845231934,41.40506943848979,41.92104163381245,10289300
2012-06-19,41.6865119934082,42.048363061932015,41.61280130653814,41.820531191698905,12844900
2012-06-20,40.46695327758789,40.802000087379085,40.031393958581916,40.802000087379085,39133900
2012-06-21,40.038089752197266,40.52725773865954,40.038089752197266,40.44684722811611,18876100
2012-06-22,40.09169006347656,40.40663222887099,40.04478117293339,40.051483538526774,14395600
2012-06-25,39.74323654174805,40.158693692902716,39.70303002149313,39.89735770175376,11745100
2012-06-26,39.71644592285156,39.92417584833209,39.582426698548126,39.837062969104245,8794100
2012-06-27,40.19221496582031,40.20561714494647,39.63603859120812,39.69634711917371,11454100
2012-06-28,40.39994430541992,40.39994430541992,39.75665505418422,40.00458897380968,9207600
2012-06-29,41.04323196411133,41.056634142517574,40.56746613360818,40.64117683674047,13301800
2012-07-02,41.00302505493164,41.04993140082364,40.72828679061962,40.902512552107716,8914300
2012-07-03,41.11692810058594,41.14373244790235,40.75507708042407,40.96280693782142,4817400
2012-07-05,41.1102409362793,41.27776433464426,41.00302606357389,41.170549461938855,35413700
2012-07-06,41.06333541870117,41.13704612446336,40.78189733074109,41.023131438252165,36773400
2012-07-09,41.24425506591797,41.41177844356687,40.956114651865555,40.956114651865555,33492400
2012-07-10,41.364864349365234,41.47878155404117,41.20404336843891,41.351462174920805,8651900
2012-07-11,41.14373779296875,41.39167164734706,40.86229722199037,41.39167164734706,9975600
2012-07-12,42.68494415283203,43.06689457699464,42.01485084605666,42.10866350001271,37140900
2012-07-13,43.616397857666016,44.05866216760148,42.73187690640915,42.8390917995498,29170000
2012-07-16,43.42876052856445,43.55607993665755,43.04680741669316,43.301446232879336,10675900
2012-07-17,43.790611267089844,43.82411798863264,43.24783714247044,43.314845473148104,12565600
2012-07-18,43.81224822998047,44.02853804993053,43.49457142888843,43.81900873719156,13387400
2012-07-19,43.87983322143555,43.981220191924955,43.616230192216406,43.900109584182324,8077600
2012-07-20,43.751407623291016,43.87982628597513,43.52835735481981,43.609462792987735,10121500
2012-07-23,43.5215950012207,43.74464526021997,43.413452702670895,43.52835550636585,10711100
2012-07-24,43.27151107788086,43.64326153703344,43.06874231932435,43.582432456492946,8271700
2012-07-25,43.27151107788086,43.46752448754723,43.18364513151519,43.33910582082124,9424700
2012-07-26,43.63650894165039,44.00149896132197,43.55540348622725,43.656785305506176,10472200
2012-07-27,43.99473190307617,44.11639522484948,43.636502443620046,43.7176130437206,11141800
2012-07-30,44.00149154663086,44.129915371751224,43.595948867585705,43.8595518668028,8388600
2012-07-31,43.62297821044922,43.92713387808905,43.595941348941714,43.79195472730558,9327200
2012-08-01,43.26475524902344,43.91362455136466,43.19040515801774,43.84603496592898,7782900
2012-08-02,42.926815032958984,43.24449187124584,42.744322570941364,43.028202025971744,9462400
2012-08-03,44.27184295654297,44.54220638762828,43.731116094372325,43.73787659825668,15279100
2012-08-06,44.48138427734375,44.77202414246256,44.069081092948345,44.089362610123565,10034400
2012-08-07,44.758506774902344,44.91396230403993,44.54897751530179,44.55573286404359,10463300
2012-08-08,45.09645080566406,45.15052452527606,44.5827607828575,44.61655814680343,9673200
2012-08-09,45.10321807861328,45.2383972411764,44.88016781930508,45.008586476713695,9677800
2012-08-10,45.13024139404297,45.13024139404297,44.751735683843336,45.06941232922669,7293600
2012-08-13,44.93425369262695,45.116746127089776,44.846382572130565,44.98832227821408,6633900
2012-08-14,45.10321807861328,45.27894995859444,44.73822815158745,44.96803375929566,8887400
2012-08-15,45.042381286621094,45.23163416615875,44.98830756196628,45.19108145104474,9873600
2012-08-16,45.285709381103516,45.285709381103516,44.913958957810614,45.00183005245496,10165100
2012-08-17,45.285709381103516,45.488483276854986,45.03562226391062,45.19784344321355,9394300
2012-08-20,45.11673355102539,45.31950744991156,44.981554389604256,45.2383968590062,8938700
2012-08-21,45.13024139404297,45.380328470712605,45.06941232922669,45.123486046899075,9145400
2012-08-22,45.184329986572266,45.19109049269529,44.954524345942026,44.99507706916966,7749600
2012-08-23,45.06941223144531,45.17079916267269,45.008578010007476,45.150522807777925,8006500
2012-08-24,45.299224853515625,45.40737230547507,44.83285314801492,45.01534552725357,8580200
2012-08-27,45.36005783081055,45.53579485701062,45.19108130935968,45.23839452909576,6419600
2012-08-28,45.27894973754883,45.43441041481653,45.1843232928657,45.1978443031087,7605400
2012-08-29,45.19784164428711,45.407370879937574,45.150528424728805,45.26543122126266,6752200
2012-08-30,45.20460510253906,45.245162981404334,45.028873202224915,45.04238905734327,7285600
2012-08-31,45.414127349853516,45.589859203026265,45.21135348018808,45.380329985991374,10088600
2012-09-04,45.55608367919922,45.603396911880765,45.292480646151226,45.434420344195864,7628600
2012-09-05,45.48172378540039,45.650700316707386,45.42765005776108,45.42765005776108,7741100
2012-09-06,46.123836517333984,46.13059702306025,45.69125697244202,45.745330704742244,13200500
2012-09-07,46.313087463378906,46.36716119339041,45.94810267768808,46.06976599183659,12656300
2012-09-10,46.30633544921875,46.353648677197164,46.04273244237399,46.23874586021459,8920600
2012-09-11,46.13736343383789,46.400966466595996,46.01570009896834,46.25226626211592,8840900
2012-09-12,46.029205322265625,46.36039787416399,45.99541311062546,46.19818185072971,6896000
2012-09-13,46.576690673828125,46.62400389338731,45.88726358110372,45.88726358110372,10495400
2012-09-14,46.745662689208984,46.786215400135696,46.48205459792436,46.50909145746006,12269800
2012-09-17,46.806514739990234,46.806514739990234,46.54291167601671,46.556427534044694,11274600
2012-09-18,46.78622055053711,47.10389723911049,46.71187046781763,46.76594419284166,12833500
2012-09-19,46.81327438354492,47.029564205295024,46.651053149665266,46.705126894291816,8682900
2012-09-20,47.01604080200195,47.07011454388117,46.71188502825412,46.71188502825412,8652700
2012-09-21,46.92140579223633,47.198529801362895,46.894368926217524,47.11065869761305,20290300
2012-09-24,47.151214599609375,47.212043678037055,46.7997405128449,46.86733009668278,8361000
2012-09-25,47.03630065917969,47.293148264590364,47.00250844993104,47.11065073898235,10026700
2012-09-26,46.84030532836914,47.21205067293227,46.84030532836914,46.968724009661095,7698400
2012-09-27,46.84030532836914,47.01603724103296,46.67808411501805,46.91465542863286,6773100
2012-09-28,46.88084411621094,46.92139682911514,46.3941909343448,46.80649403805061,8955100
2012-10-01,46.94167709350586,47.15796684159114,46.70511098728045,46.860571660945354,8588600
2012-10-02,46.49558639526367,47.124179344259574,46.313088840237995,46.995755520852974,11241400
2012-10-03,46.752418518066406,47.00250560378218,46.455023373618,46.6510315829517,8869500
2012-10-04,46.89438247680664,47.164746058363974,46.847069236790844,46.88086661826916,7792700
2012-10-05,47.0633544921875,47.212054705415746,46.914659435715166,47.16474147000275,6907800
2012-10-08,46.705108642578125,46.96195625080369,46.563168985968574,46.96195625080369,6577000
2012-10-09,46.43475341796875,46.826780247712065,46.31309009690203,46.58345360557863,8200100
2012-10-10,46.05624771118164,46.59697472984164,45.927823883980004,46.49558776924851,8937500
2012-10-11,45.96161651611328,46.225219492415334,45.83995320730045,46.18466677506256,6600700
2012-10-12,45.92106628417969,46.272535219353735,45.873753059122514,46.11707968991792,6537400
2012-10-15,46.44152069091797,46.563184029712595,45.941351478875966,46.14412027236316,8359300
2012-10-16,46.63752365112305,46.81326069138089,46.49558398056062,46.610486786717644,7702700
2012-10-17,47.34077453613281,47.45662087046679,46.68657704924159,46.71383592774949,11061000
2012-10-18,47.34077453613281,47.361217395238874,47.04774809104721,47.32714249732913,7358100
2012-10-19,46.72746658325195,47.354405242831525,46.64568994105031,47.26581777977134,10125600
2012-10-22,46.67979431152344,46.71386923372786,46.250478366904815,46.57757474401333,7516800
2012-10-23,45.95744705200195,46.42764869629661,45.8347846232506,46.32543433825602,8030800
2012-10-24,46.39356994628906,46.59119299853858,45.90973634903058,45.90973634903058,10209600
2012-10-25,47.749671936035156,48.26758049652815,47.41575960056698,47.53160599463318,24479700
2012-10-26,47.320343017578125,47.94728177621038,47.28626811150217,47.52477685673175,11945200
2012-10-31,47.18405532836914,47.667888908935716,47.02732321588637,47.36805152888548,9095400
2012-11-01,47.190879821777344,47.36806003209153,47.11591916353297,47.12955120999688,7703800
2012-11-02,47.149986267089844,47.54522716430511,47.061393577062766,47.52478429709933,6963100
2012-11-05,46.79561996459961,47.17042314613032,46.57755407691834,47.17042314613032,6525700
2012-11-06,46.972801208496094,47.020502960056746,46.58437117461618,46.74791929438115,6639800
2012-11-07,46.37993240356445,46.93191575961865,46.19594141761373,46.8978408515421,8849600
2012-11-08,45.59626388549805,46.40037768736808,45.58944786370725,46.32542224407449,7917700
2012-11-09,45.66440963745117,45.971063037317634,45.49404548216948,45.5417472376843,8147700
2012-11-12,45.71211624145508,45.93018217538091,45.596269851360546,45.75981800202942,4371300
2012-11-13,45.55537414550781,46.066466612059735,45.50085636795793,45.50085636795793,6769100
2012-11-14,45.337303161621094,45.69847429905014,45.17375504637227,45.58262793404476,9680100
2012-11-15,45.19419479370117,45.657585420862006,44.86028256502808,45.49403731689362,9290000
2012-11-16,45.53493881225586,45.6371583622983,45.07154802461878,45.22146933813405,11354200
2012-11-19,46.28453826904297,46.28453826904297,45.56219582368853,45.65078332387851,8741400
2012-11-20,46.54349136352539,46.672964591883535,46.17550414793045,46.20957386103453,7611600
2012-11-21,46.659332275390625,46.67977514067636,46.31860398969226,46.44808240196997,6201400
2012-11-23,47.42255401611328,47.436186057229165,46.82287418452343,46.85013306765483,4598200
2012-11-26,47.34761047363281,47.40893907675058,47.054583905277376,47.11591250839515,7493600
2012-11-27,47.01368713378906,47.34760459520054,46.95917455970849,47.15679238906498,8154300
2012-11-28,47.320343017578125,47.52477685673175,46.952355868180746,47.020500481231956,11255800
2012-11-29,47.36122131347656,47.56566031964952,47.10908056574325,47.29989273108462,8783800
2012-11-30,47.58610916137695,47.62699488811037,47.272639791852825,47.272639791852825,8886800
2012-12-03,47.41574478149414,47.654253518000544,47.36122701340681,47.59291972912717,7404600
2012-12-04,47.23175048828125,47.59973763882283,47.06820237662968,47.361228892851635,6634900
2012-12-05,47.2999153137207,47.620195617624844,47.0750333393839,47.34761707805556,7623400
2012-12-06,47.667877197265625,47.86550019414267,47.32033814674753,47.347597028982314,10686900
2012-12-07,47.899593353271484,48.15173421071964,47.59975073350634,47.59975073350634,11590900
2012-12-10,47.85188293457031,47.98817217393499,47.722404517803014,47.78373831488798,8124100
2012-12-11,48.15168380737305,48.36293350520554,47.797323773289875,47.89954321385605,9298000
2012-12-12,48.21986770629883,48.37659980381341,48.11764818234096,48.21986770629883,8405900
2012-12-13,47.7905387878418,48.13808303178823,47.63380671642484,48.07675444708597,8478200
2012-12-14,47.65424346923828,48.022230527580206,47.5520239754045,47.64742744988951,8997600
2012-12-17,47.65424346923828,47.80416470031455,47.442993661321395,47.667870308836385,8791500
2012-12-18,47.681514739990234,47.8927646028111,47.31352758600821,47.626996969229765,13568900
2012-12-19,47.2521858215332,47.69513353579962,46.86375586882879,47.53840147018375,10304800
2012-12-20,47.57929229736328,47.87231879832774,47.22493720738556,47.22493720738556,10218200
2012-12-21,46.8297119140625,47.57931335081975,46.59801389958683,47.313545615961296,17746900
2012-12-24,46.69340515136719,46.80925672767878,46.50259813029125,46.7956246838297,3578800
2012-12-26,46.339046478271484,46.7411033565586,46.134607428874006,46.7274765128459,6937000
2012-12-27,46.3186149597168,46.44809340265997,45.9370008530661,46.25728115023235,7648800
2012-12-28,45.75981521606445,46.277723727270036,45.69848141385904,46.15506132196086,6463300
2012-12-31,46.264076232910156,46.3185939946418,45.54173408681555,45.657580431170366,9061900
2013-01-02,47.28627014160156,47.28627014160156,46.57755469742078,46.781993744452116,9987000
2013-01-03,46.98643493652344,47.36123818163028,46.97962411323186,47.3203524454738,7741900
2013-01-04,47.08182907104492,47.13634684112362,46.80243459781783,47.02731650006693,5853700
2013-01-07,46.76155471801758,46.96598858272905,46.59800138732676,46.96598858272905,5269800
2013-01-08,46.686588287353516,46.836509555685375,46.61162765318758,46.69339910929535,7362000
2013-01-09,46.93872833251953,47.09546563677571,46.75473733970692,46.8637676912363,5762900
2013-01-10,47.204490661621094,47.21812270346224,46.8024338120177,47.00687284683,12855000
2013-01-11,47.17041778564453,47.22493555114462,47.02731255053201,47.22493555114462,12193500
2013-01-14,47.4498291015625,47.681527087745344,47.17725057537392,47.23176316115036,11570700
2013-01-15,47.62018966674805,47.674707447490015,47.12272921500732,47.1295452373755,7563400
2013-01-16,47.63527297973633,47.88258662629904,47.477270241863245,47.690232732583716,7061000
2013-01-17,47.861995697021484,48.06122094369716,47.63529056377822,47.78642731927373,6263300
2013-01-18,48.0474853515625,48.088702562272175,47.86199742086369,47.875739985268666,10610800
2013-01-22,48.05434799194336,48.07496183709209,47.91695380513205,47.99252218025395,8313600
2013-01-23,48.5627326965332,48.569598739073086,47.951319470237166,47.978794122904404,10588600
2013-01-24,48.37723159790039,48.67263382584067,48.226094842965495,48.55584823930095,8877200
2013-01-25,50.321414947509766,50.321414947509766,49.29094228646861,49.29094228646861,28760300
2013-01-28,50.67862319946289,50.99463930332819,50.28017791084472,50.651148551629575,14010000
2013-01-29,51.52362823486328,51.73659088769928,50.50689299821,50.52750685215772,17576700
2013-01-30,51.57856750488281,51.853361127704325,51.296902600146346,51.351862372961136,12677800
2013-01-31,51.63353729248047,51.70223440119716,51.29691254963787,51.40683211658731,11661500
2013-02-01,52.15564727783203,52.18999845793206,51.64041102385679,51.72972199561519,12204000
2013-02-04,51.69534683227539,52.07318867306516,51.489250329798836,51.99762030490721,11086000
2013-02-05,52.00450134277344,52.68461685233951,51.74345024010118,51.82588991311766,14851700
2013-02-06,52.31364822387695,52.34112811595311,51.551098252837406,51.74345225611702,17015800
2013-02-07,52.31364822387695,52.49913094382415,52.06633443644502,52.196862613493394,9897000
2013-02-08,52.038848876953125,52.54034768053248,51.90832071412023,52.31364252653415,9130700
2013-02-11,52.080074310302734,52.1556427068966,51.606060562241076,51.80528585860185,6928200
2013-02-12,52.19685745239258,52.423557367411725,52.08006661230353,52.18311488708658,6281000
2013-02-13,52.595314025878906,52.60905659413248,52.19686864784505,52.21747725897131,7113300
2013-02-14,52.746421813964844,52.8769499343013,52.38232257434337,52.416673734827036,10049400
2013-02-15,52.58156967163086,52.87010067134601,52.35486449703179,52.70522656311641,11165600
2013-02-19,53.15860366821289,53.42652591842013,52.54719081607321,52.595279290693725,11783500
2013-02-20,52.95254135131836,53.2548096819352,52.84262178290969,53.08306428723678,9275400
2013-02-21,52.92506790161133,53.03498224214601,52.14190922575546,52.4029603706227,10305200
2013-02-22,52.89070510864258,53.02810455570946,52.72583101341531,52.93192756338914,8433200
2013-02-25,52.15564727783203,53.35786520377424,52.155647277832024,52.945677248844895,9970400
2013-02-26,52.26555633544922,52.471647650782295,52.05258849597593,52.20372527197208,8378900
2013-02-27,52.72582244873047,52.863216632226305,52.00448988224698,52.176235232242846,7567800
2013-02-28,52.3342399597168,52.835738656226596,52.32736867859973,52.663993317062555,10466900
2013-03-01,52.54720687866211,52.70521491000108,51.908313954121475,52.00449093276181,9599700
2013-03-04,52.67775344848633,52.67775344848633,52.18999710300315,52.38235112755944,7631000
2013-03-05,52.931949615478516,53.16552091092135,52.705244364309756,52.74646159497492,9716200
2013-03-06,53.03499221801758,53.20673766592729,52.76706973857884,52.90446924165968,7194700
2013-03-07,52.82888412475586,53.23420073788967,52.74644444896858,53.04871801893513,7111400
2013-03-08,53.0212287902832,53.03496611320195,52.526601305167425,52.904443201089904,7252800
2013-03-11,53.138004302978516,53.16548418485759,52.828864804029195,52.91129920841485,6621000
2013-03-12,53.014366149902344,53.20672014963516,52.8975805416722,53.028108716313774,7016700
2013-03-13,52.76018524169922,52.966276562358175,52.56782600466292,52.94566795441761,6340300
2013-03-14,53.16550827026367,53.220468058920076,52.7808002321767,52.808280126504904,8079100
2013-03-15,52.44414520263672,53.15860631923648,52.44414520263672,52.95251509254962,15237000
2013-03-18,52.32051086425781,52.58843321617475,52.07319711768023,52.14189421589564,7081800
2013-03-19,52.97314453125,53.02123302718718,52.28616302286004,52.30677162951127,9326400
2013-03-20,53.296016693115234,53.460890756686766,53.08304890136452,53.09679146405914,8615800
2013-03-21,53.04185485839844,53.35786580209629,52.99376635047168,53.1861203821787,6319500
2013-03-22,53.08306121826172,53.20671810494555,52.897578508862566,53.0212353955464,5868400
2013-03-25,52.67775344848633,53.32351788057164,52.51287931904581,53.08307010862221,6843600
2013-03-26,53.1723747253418,53.24107183429665,52.82201265604255,52.91131837355852,5386000
2013-03-27,52.938785552978516,52.97313671983378,52.60216613105615,52.883831023763165,5274600
2013-03-28,52.938785552978516,53.00748788668904,52.663997183145185,52.863217178898694,8016700
2013-04-01,53.37846755981445,53.48151584678393,52.71209981875285,52.79453425532555,7266000
2013-04-02,54.244049072265625,54.374577211513255,53.34410514272116,53.474628040716816,13373600
2013-04-03,53.666988372802734,54.3264898819287,53.474629179878754,54.18909045841157,8426700
2013-04-04,53.955528259277344,54.25780179995351,53.756302993036506,53.80439148893926,8770600
2013-04-05,53.7425537109375,53.85246800229299,53.46776012067111,53.502106043672036,6562600
2013-04-08,54.127281188964844,54.1891070175012,53.502125413744196,53.667004772348534,6284500
2013-04-09,53.7631721496582,54.19596859566854,53.63264399111819,54.14788010166739,6760600
2013-04-10,54.4364013671875,54.60814670677211,53.87994814413395,53.92116534843367,7947600
2013-04-11,54.7318229675293,55.04783387546473,54.49825173867628,54.525731631703756,11831600
2013-04-12,55.01347732543945,55.41192783557751,54.594418209820574,54.62189809754589,9383400
2013-04-15,54.71805953979492,55.53556369206475,54.6837083795835,54.81423649888549,10877200
2013-04-16,55.02722930908203,55.10279771014648,54.525735637931454,54.8417465690855,9365600
2013-04-17,54.31276321411133,55.05470459448396,54.1684977081367,54.944790264754836,10964600
2013-04-18,54.86923599243164,55.08219866445666,54.31277719330227,54.33338580785243,10896200
2013-04-19,55.940921783447266,56.12640454207389,55.095931959970294,55.21272283596219,13147600
2013-04-22,55.920284271240234,56.050807166800354,55.72793032725531,55.858453222815434,7530300
2013-04-23,56.703460693359375,56.703460693359375,55.30888891346285,55.961519323154654,12684800
2013-04-24,53.3692626953125,55.092412920539545,53.237775534433084,55.009367564232434,25708200
2013-04-25,52.99558639526367,53.749895532297124,52.83641738922909,53.749895532297124,14702300
2013-04-26,53.35542297363281,53.438468335871455,52.99557029678756,53.09245391285209,8769100
2013-04-29,53.75678253173828,53.96439322623937,53.445371769745925,53.673737197985986,6638100
2013-04-30,53.127044677734375,53.9021187764542,53.009401057679504,53.88135875876927,9653800
2013-05-01,53.279296875,53.8190785047882,53.09245141844287,53.16857501031155,8388800
2013-05-02,53.8121452331543,54.17199778084867,53.38308560188557,53.556092751303076,7288200
2013-05-03,54.10972213745117,54.296567550908165,53.742947795649194,54.047436813125756,7884000
2013-05-06,53.80522918701172,54.2550488792538,53.646060269537834,53.99899637019052,7204200
2013-05-07,53.93671798706055,54.116641645697044,53.47305475043287,53.96439976833384,9574200
2013-05-08,54.2827262878418,54.331168079735086,53.44537229668107,53.90903020191101,12067300
2013-05-09,54.12356185913086,54.59414156776451,53.992074721792704,54.37269260368748,7189400
2013-05-10,54.50418472290039,54.524944740217684,54.13741033760082,54.26197572126485,6162500
2013-05-13,54.386539459228516,54.64951377551331,54.268895833396165,54.33118116927015,5420200
2013-05-14,54.99554443359375,54.99554443359376,54.490360950062424,54.62184814709705,6867400
2013-05-15,55.83287811279297,56.054327095064544,54.99552398358607,54.99552398358607,11154400
2013-05-16,55.50071716308594,55.87441341272336,55.28618988783103,55.70140618306316,8065600
2013-05-17,55.37614822387695,55.48687537810134,54.88480835646918,55.30002990504932,8549900
2013-05-20,54.73255157470703,55.348462022641684,54.51802435066622,55.348462022641684,7307300
2013-05-21,54.5318717956543,54.82252262581088,54.13049382271761,54.787919073751915,7377700
2013-05-22,54.545711517333984,55.1408567264001,54.40730786489294,54.559549770673726,8873300
2013-05-23,54.46266555786133,54.74639990592804,54.13741645023288,54.165092956607374,7141200
2013-05-24,56.663307189941406,56.98856151873582,56.35881815682826,56.663307189941406,25580900
2013-05-28,55.957454681396484,56.83632902054429,55.89516933780894,56.780970723730235,14372700
2013-05-29,54.601078033447266,55.53531593718601,54.58031801243815,55.473035874158654,9992500
2013-05-30,54.73255157470703,55.27925492349011,54.60106970179188,54.60106970179188,14761500
2013-05-31,53.1201286315918,54.53878440933458,53.113206865719384,54.52494615735014,16461900
2013-06-03,53.74295425415039,53.77063075744365,52.677229365511,53.19625091830394,11720600
2013-06-04,53.542266845703125,54.30349742267709,53.113207115521966,53.777554088867994,11379300
2013-06-05,53.0509033203125,53.43151579858753,53.030138031890466,53.34155400112429,8826900
2013-06-06,53.161659240722656,53.26546463041338,52.47655211638216,52.981730250576156,11099900
2013-06-07,53.80522918701172,54.172003537994414,53.47305310173394,53.59070198845801,7839500
2013-06-10,54.02667999267578,54.13048535284936,53.46613843940235,53.76371098936132,8966400
2013-06-11,54.06128692626953,54.49726313060064,53.59762365908027,53.75679259195305,6781200
2013-06-12,53.70143127441406,54.59414901760095,53.61839120140351,54.42114182581497,7834200
2013-06-13,54.27581024169922,54.45573917901366,53.3830926001036,53.65990513141199,6927700
2013-06-14,53.99900436401367,54.52494771032906,53.749873583114834,54.317336966326515,6825900
2013-06-17,54.642574310302734,54.99551035324232,54.1512346676561,54.15815643156912,7359900
2013-06-18,54.69795227050781,54.829439420696815,54.46265975331487,54.635666938401336,6051400
2013-06-19,53.70836639404297,54.9955406433443,53.694522858592265,54.70488975602124,7424500
2013-06-20,52.075164794921875,53.514585899585164,51.97135942376396,53.43154054670672,15555700
2013-06-21,53.58379364013672,53.65299546863362,52.3796649290553,52.76719939244678,20055700
2013-06-24,52.99558639526367,53.583810037129126,52.3381556239624,53.251633767030434,12563300
2013-06-25,53.07170486450195,53.452317640656084,52.79489221290482,53.35543400456142,7909400
2013-06-26,53.56304168701172,53.694523597030766,53.30006730744987,53.44539803287188,7326500
2013-06-27,53.74984359741211,54.241183119034105,53.68064181460406,53.950532463385755,14731500
2013-06-28,53.279296875,53.93672741570579,53.217016816067904,53.715278406568046,9865300
2013-07-01,53.992088317871094,54.289660933260656,53.28622121705178,53.30005947089639,6699200
2013-07-02,54.2827262878418,54.4003698853313,53.77754307544666,53.94362846482945,10228500
2013-07-03,54.37269592285156,54.497261302733925,53.58378361018327,54.172006961943296,5339900
2013-07-05,54.21353530883789,54.68411511836025,53.82600085855861,54.59415327233425,7264700
2013-07-08,54.50418472290039,54.725633707218634,54.324255773216734,54.351937556226545,11141400
2013-07-09,55.064735412597656,55.29310620036179,54.71872098741362,54.71872098741362,11456200
2013-07-10,55.2238883972168,55.43149382441861,54.877874072120854,55.120083043736095,6862800
2013-07-11,55.89516830444336,56.04741549733017,55.56299741065501,55.74292639131771,9185400
2013-07-12,56.434974670410156,56.4972547545208,55.825985689259035,55.825985689259035,12586300
2013-07-15,56.40725326538086,56.46261154135373,55.950511850229624,56.31036968272925,10024700
2013-07-16,56.03354263305664,56.31035506007551,55.99202261691908,56.27575152678894,11208600
2013-07-17,55.839744567871094,56.36962753826234,55.783971612547575,56.11863062172486,7644300
2013-07-18,55.98615264892578,56.299896072068606,55.797902339593705,55.797902339593705,5526000
2013-07-19,56.73219299316406,56.7600821363741,55.81187254447352,56.028006755213596,7862600
2013-07-22,56.62759780883789,56.78795369853361,56.40449003064153,56.63457142296219,4813600
2013-07-23,56.439334869384766,56.75308360326345,56.320810052263134,56.62758517357354,4311700
2013-07-24,55.96522903442383,56.474196354409585,55.867619737874406,56.43933361165291,5606600
2013-07-25,56.06285858154297,56.17440981331996,55.665442357780535,55.78397252313681,6239900
2013-07-26,56.04890060424805,56.06981612373835,55.35168825159482,55.79093011881543,6543500
2013-07-29,55.839744567871094,56.09074148440858,55.81186074986386,55.84671818202743,4389400
2013-07-30,56.0837516784668,56.404468655628484,55.888533111438555,56.118609097260695,6434100
2013-07-31,55.98615264892578,56.7600587666066,55.88854334753432,56.08376195031724,11857000
2013-08-01,56.92042541503906,57.331783536860534,56.62062384127391,56.90648350618651,10724800
2013-08-02,56.67641830444336,56.82283232610747,56.16745071734479,56.76705403614672,6626300
2013-08-05,56.75310134887695,56.92740448243044,56.44632613164378,56.50907802576397,4662800
2013-08-06,56.990142822265625,57.150504022459096,56.68337296866965,56.68337296866965,6212500
2013-08-07,57.143524169921875,57.31782725925886,56.7391397260261,56.760060564965386,5828500
2013-08-08,57.289947509765625,57.450308718715675,56.829790044590254,57.24811646365214,6207900
2013-08-09,56.92042541503906,57.213253374723436,56.60668193242137,57.11564405482864,6127200
2013-08-12,56.906494140625,56.98318795191869,56.50210955731466,56.63458165306011,4922200
2013-08-13,56.934364318847656,57.164440356783764,56.70428296160333,57.01802639834871,4936400
2013-08-14,56.64851760864258,57.01803939549252,56.606686559356746,56.941345592262216,5167500
2013-08-15,56.111663818359375,56.52999025060487,55.89552432824034,56.446322836432095,7415300
2013-08-16,55.70729446411133,56.11167909709312,55.12163304404966,55.96525975259473,9451600
2013-08-19,55.491146087646484,55.83975237386909,55.372621226965144,55.526008843992656,5959400
2013-08-20,55.44930648803711,55.846717380298095,55.27500337179441,55.58177855856043,5172500
2013-08-21,55.344730377197266,55.86067149478211,55.114654278068485,55.42839779825931,7390900
2013-08-22,55.61663055419922,55.81185449352919,54.98914365250387,55.28894519591077,6274400
2013-08-23,55.783958435058594,55.82578947149701,55.49112522206629,55.68634913716375,5219600
2013-08-26,54.759063720703125,55.7630513006338,54.75209010714566,55.721214938597626,6385400
2013-08-27,54.36164855957031,54.63356095442206,53.915433074720866,54.29192838743287,7052200
2013-08-28,53.58076858520508,54.284954555360315,53.58076858520508,54.284954555360315,9008500
2013-08-29,53.90147399902344,54.27099561749372,53.280955560590904,53.51801047691393,5961000
2013-08-30,54.30588912963867,54.431387610737346,51.321820044970345,54.05489216744134,9039100
2013-09-03,54.208255767822266,54.67538672738702,53.992121659222256,54.570803819600435,6743800
2013-09-04,54.0269889831543,54.20826570191761,53.76902379188854,54.04790450468302,6031300
2013-09-05,53.782981872558594,54.12461457197816,53.566847659357876,54.08975713205139,7163200
2013-09-06,53.78992462158203,54.110641609144,53.26701544895351,53.76900910576604,6977400
2013-09-09,54.4941291809082,54.52201299870218,53.943330691569685,53.943330691569685,6089300
2013-09-10,54.34770584106445,54.828784111536514,54.22918100666973,54.73117479858691,6650200
2013-09-11,54.570823669433594,54.570823669433594,53.859669212560085,53.86664282743118,7049800
2013-09-12,54.5638427734375,54.940338099888635,54.501090892708135,54.66145208185353,6944900
2013-09-13,55.114646911621094,55.205282616175346,54.66843136421584,54.689346886858445,4894100
2013-09-16,55.888553619384766,55.92341105096937,55.574804819269545,55.58177843331005,7512800
2013-09-17,55.6584587097168,55.951286596579074,55.525986671671056,55.749094392991026,5457700
2013-09-18,55.98615264892578,56.11165108204451,54.75208383670698,55.121605523304346,10372100
2013-09-19,55.86066436767578,56.14651871104124,55.623609364566654,56.12560318827168,8157300
2013-09-20,55.351715087890625,55.902513751848595,55.351715087890625,55.83976184364544,11146100
2013-09-23,55.27500534057617,55.48417121524105,54.84970529625096,55.219227064757646,6304900
2013-09-24,54.81486129760742,55.41446461133699,54.793940449566236,55.0588846649833,7692100
2013-09-25,54.18735122680664,55.079782291323504,54.18037761305953,54.96822574860453,7589300
2013-09-26,54.41741943359375,54.480165984202266,54.11761794674683,54.31981014199777,4632600
2013-09-27,53.83176040649414,54.20825568234762,53.52498529595257,54.20825568234762,6551300
2013-09-30,52.70227813720703,53.79690661567082,52.53494866529942,53.5459097481554,15028300
2013-10-01,53.099708557128906,53.33675826280618,52.59771468709533,52.65348764652506,8076100
2013-10-02,52.9393310546875,53.085745001867764,52.583751286216696,52.92538914894511,8522900
2013-10-03,52.87659454345703,53.08576042551908,52.430378959746704,52.91145729690382,9251600
2013-10-04,53.00210189819336,53.071827416781105,52.646527286084996,52.974218073930544,4984700
2013-10-07,52.74412536621094,53.057868855619574,52.625600520817365,52.75109898044264,6373300
2013-10-08,53.21822738647461,53.68535844959672,53.02300875229276,53.260058431139626,9656600
2013-10-09,53.65048599243164,53.79690526088498,53.05785658323107,53.392520837926334,8470700
2013-10-10,54.30588912963867,54.32680465660345,53.78995329370415,53.97123005958223,10121900
2013-10-11,54.71723937988281,54.72420767498518,54.25010296187154,54.38257503914585,6082200
2013-10-14,54.89850616455078,54.94034252817857,54.333765789009185,54.389544060973705,6326100
2013-10-15,54.103694915771484,54.80788110800594,53.99214366948345,54.647519874786475,11192500
2013-10-16,55.046669006347656,55.15206962839886,54.28779632155526,54.35103347824699,6562600
2013-10-17,55.8055419921875,55.84067731665166,54.79371005057366,54.94126876370697,8671300
2013-10-18,55.79852294921875,55.91094634540961,55.35584141930331,55.78446667413351,7958500
2013-10-21,55.48933029174805,55.735261412830795,55.11691954255184,55.700126098006244,6478700
2013-10-22,56.480079650878906,56.64169458448761,55.70715101742386,55.72823006074324,9572300
2013-10-23,56.85252380371094,57.091426893788956,56.38876317817309,56.45200033934714,8960700
2013-10-24,56.641700744628906,56.880603742758865,56.38874147549328,56.75412410819105,7521100
2013-10-25,56.21308517456055,56.7190037988752,55.86878152891768,56.599552279494674,9606500
2013-10-28,57.12654113769531,57.520030957709814,56.177941183036914,56.29036990926776,9820900
2013-10-29,57.941627502441406,58.05405622778581,56.98600478060073,57.23896405172895,9482900
2013-10-30,57.28114318847656,58.01191408901162,57.077375430494406,57.99083503548923,6490000
2013-10-31,56.74009704589844,57.33736015314916,56.719017991427066,57.05629358476679,7786800
2013-11-01,57.021141052246094,57.147620689927955,56.66278118533136,56.69088836713808,6802300
2013-11-04,57.14762878417969,57.42869528115971,56.85251137475456,57.238973117316746,5460100
2013-11-05,57.21788787841797,57.43571184358714,56.810341769929806,57.007086688262866,4949300
2013-11-06,58.187557220458984,58.391330259508926,57.147618340841454,57.3654422897688,9526400
2013-11-07,57.84324264526367,58.39131916155544,57.695683995561694,58.25781677995587,10087700
2013-11-08,57.97677993774414,58.01893804174768,57.38653967720318,57.81516493756677,9768400
2013-11-11,57.80109786987305,58.09621523721971,57.632454779192,57.864335008205856,6173600
2013-11-12,58.180545806884766,58.34918356282626,57.702734364302515,57.7800277859627,8201700
2013-11-13,58.67241287231445,58.67241287231445,57.94164205670481,58.01893548457012,7581600
2013-11-14,59.24859619140625,59.34696866928035,58.62322599882174,58.62322599882174,7580500
2013-11-15,59.61397933959961,59.670193716184805,59.136173221319545,59.14319599771918,9664700
2013-11-18,59.42425537109375,59.68424281085063,59.1502170193299,59.57884220765744,8507300
2013-11-19,59.262630462646484,59.4382963182188,59.17128614767161,59.24155141772124,7924200
2013-11-20,59.50857162475586,59.71234467653778,59.19236984334382,59.24155607233277,7680900
2013-11-21,59.494503021240234,59.64908981199086,59.38207967580983,59.61395450103998,7287700
2013-11-22,59.6912727355957,59.726408061167355,59.18535942929073,59.396155300026635,7436200
2013-11-25,60.01447677612305,60.30256594985743,59.62098167124061,59.69827506536596,9670500
2013-11-26,59.47343444824219,60.260419448372566,59.47343444824219,59.86692426785902,7111600
2013-11-27,59.220489501953125,59.649114742398474,59.037795458263794,59.64208660509173,4905000
2013-11-29,59.178314208984375,59.87394949513033,59.12912798392146,59.56477587422259,4954500
2013-12-02,58.55997848510742,59.129139613806124,58.39134073185106,59.05184619337664,7497500
2013-12-03,58.904293060302734,59.02374459011959,58.482695956838626,58.531882196227805,7533200
2013-12-04,58.56699752807617,58.66536998227625,58.032971804635245,58.58807657384809,6807200
2013-12-05,58.1032600402832,58.63728056460434,57.829221640437325,58.59512246028907,8186600
2013-12-06,59.38911819458008,59.39614633081271,58.44052351726761,58.482686973766235,7189400
2013-12-09,59.57180404663086,59.68423276735704,59.26263042553035,59.36100823661398,7395300
2013-12-10,58.77779006958008,59.32586662269116,58.623203275441895,59.31181571454037,7373300
2013-12-11,59.037784576416016,59.37506541329808,58.74969533071617,58.84103965527524,9787900
2013-12-12,57.82919692993164,58.93237819560941,57.56920955565109,58.89724288309451,10176300
2013-12-13,57.87839889526367,57.94163604191731,57.3092377708935,57.84326357319111,7441600
2013-12-16,57.40058135986328,58.37025503171833,57.337338859037466,58.124323886055485,8849700
2013-12-17,56.85252380371094,57.51302405097873,56.697936928531654,57.47086594352937,11416400
2013-12-18,57.88542175292969,57.913528938448046,56.55036528664136,57.0633066798833,12036100
2013-12-19,57.548160552978516,57.82219897877708,57.27412212717995,57.604374937988176,6442600
2013-12-20,57.505985260009766,57.997852986363505,57.49193434709576,57.604363093998685,13206100
2013-12-23,57.13357162475586,57.71678365878733,56.92277577596322,57.71678365878733,8653600
2013-12-24,57.13357162475586,57.344372834445956,57.09141352717682,57.147627897880504,2899100
2013-12-26,57.44975280761719,57.54109710653352,57.119500199457,57.260030714850664,5347000
2013-12-27,57.625431060791016,57.95568374017913,57.52003047106552,57.68164006253416,4006000
2013-12-30,57.618412017822266,57.65354734024093,57.316266472073394,57.618412017822266,4145600
2013-12-31,57.203819274902344,57.61838803018245,56.97896188247141,57.49893656112499,5765300
2014-01-02,56.592525482177734,57.16870940441768,56.43793863654546,57.14763035472195,6981700
2014-01-03,56.52927780151367,56.810344280509135,56.34658914692924,56.747107137206186,6925600
2014-01-06,56.66280746459961,56.90171594031013,56.423904349788344,56.64172840869264,7208200
2014-01-07,57.21086120605469,57.323289939919384,56.64873361942252,56.71197076154859,7158200
2014-01-08,56.3817024230957,57.021128607628846,56.24820003977107,56.894648997550625,13458800
2014-01-09,56.50820541381836,56.775221012738314,56.23416703874627,56.59252697572431,10833900
2014-01-10,56.423866271972656,56.83843505410131,56.353595651839434,56.627633915492936,8448300
2014-01-13,56.220096588134766,56.56440013136175,55.9952445287565,56.220096588134766,9360800
2014-01-14,56.824378967285156,56.85950891325416,56.22711091596537,56.25521808927766,8737100
2014-01-15,56.7681884765625,57.04222683039858,56.38874951873621,56.70494596980941,8221900
2014-01-16,56.60657501220703,56.79629717662939,56.395779159501416,56.669817520647,11673300
2014-01-17,56.1287841796875,56.66281018553787,56.07257514820288,56.508223286931226,13629800
2014-01-21,56.339561462402344,56.719000407953736,55.88985723676304,56.62765071903194,13216400
2014-01-22,56.09318923950195,56.5533713560641,55.96575277915111,56.33389955269125,8455600
2014-01-23,55.39226531982422,55.90909227196749,55.307311312285684,55.72501625321713,12667700
2014-01-24,56.05777359008789,57.84187817104688,55.774580929226744,56.163971513092164,20163200
2014-01-27,55.55511474609375,56.14273863097201,55.51971363439698,56.100256216645626,10395400
2014-01-28,56.008216857910156,56.29848542742109,55.52679094131439,55.69670438203911,10060800
2014-01-29,54.967506408691406,55.78876489957702,54.783430298414835,55.78876489957702,13443100
2014-01-30,54.42234802246094,55.257763463860044,54.35154580084739,55.257763463860044,9450500
2014-01-31,54.245365142822266,54.6489130476599,53.28251305383206,53.82765462998201,12988800
2014-02-03,53.593997955322266,54.34445922570405,53.523201149065514,54.29490092117931,14292700
2014-02-04,53.87013626098633,54.08253218758276,53.381634272139,53.80642072387907,12055400
2014-02-05,54.125003814697266,54.37280083816577,53.57278094236041,53.76393833752455,9734100
2014-02-06,54.44358825683594,54.50730377656959,54.14623836184291,54.18163407232228,7819700
2014-02-07,54.73386001586914,54.79049963765469,54.337393466273554,54.50730693017857,7259200
2014-02-10,55.243621826171875,55.28609885410086,54.648921829353334,54.81883534252246,8959700
2014-02-11,55.81707000732422,56.00822739035654,54.96749724248609,55.2931669823891,10500800
2014-02-12,54.86131286621094,55.59761196520172,54.55688155991141,55.31441917305861,11019700
2014-02-13,55.08075714111328,55.165711146880184,54.51437189590054,54.57808740022572,7420600
2014-02-14,56.213558197021484,56.46134987480202,54.69140160286465,55.002914227190736,10791900
2014-02-18,55.20112228393555,56.37636458941353,54.91084830760334,56.27017206290271,15750700
2014-02-19,55.32147979736328,55.902022373577736,54.903774771229656,54.967490289880054,8740000
2014-02-20,55.16575622558594,55.53390855624495,54.86840615952211,55.19407605113313,8275200
2014-02-21,55.20112228393555,55.85246165330653,55.158645273331224,55.25776189904198,8089200
2014-02-24,55.12324523925781,55.767503318950446,54.94625048968441,55.24360037261947,7838700
2014-02-25,55.30733108520508,55.441843445713964,54.7975852519342,55.031219659092024,8177500
2014-02-26,55.12324523925781,55.767503318950446,55.094925431151935,55.385199413148854,7764700
2014-02-27,55.356903076171875,55.385222896285256,54.91087266120289,55.05954766570809,6549800
2014-02-28,55.68963623046875,55.86663099794197,55.22944875474807,55.392280916010506,8489600
2014-03-03,54.85420608520508,55.51262666069736,54.76216537373237,55.4064287482405,8598600
2014-03-04,55.540958404541016,55.73211578693958,55.15157313921945,55.28608549564419,8306900
2014-03-05,55.094932556152344,55.51264302791941,54.90378057853135,55.44892210107788,8542300
2014-03-06,55.26483917236328,55.533874650074914,55.10908292767783,55.25068196896057,6475600
2014-03-07,55.49139404296875,55.647150292723396,55.3002420828298,55.512637950940906,5865400
2014-03-10,55.59761047363281,55.62593029223269,55.363976021273686,55.427696963486675,5229900
2014-03-11,55.89494323730469,56.2064557444274,55.62591314571325,55.64007034992272,6595800
2014-03-12,56.10028076171875,56.248955773281395,55.661337032758645,55.68965685421634,7469300
2014-03-13,56.06486511230469,56.468412972124746,56.06486511230469,56.1569004482455,9676600
2014-03-14,55.916202545166016,56.09319735451182,55.69672530858924,56.00115659672213,14850700
2014-03-17,56.525054931640625,56.60293307327182,55.94451222222331,55.94451222222331,8452100
2014-03-18,56.47549057006836,56.69496776459857,56.29141989265837,56.52504889113288,7703200
2014-03-19,55.774593353271484,56.5746132035211,55.583441370444405,56.41177563178164,8607200
2014-03-20,55.44890213012695,55.88076965150715,55.32854702454883,55.717932142851566,8659500
2014-03-21,55.13739013671875,56.46131251256994,55.13739013671875,55.95864818414299,21244400
2014-03-24,56.142757415771484,56.51798555891921,55.55513333428015,55.57637184782389,11221600
2014-03-25,56.503822326660156,56.63125880797229,56.241873460567966,56.29850769557655,8892500
2014-03-26,56.28435134887695,56.765777463265096,56.1639961706432,56.65957949363697,8269800
2014-03-27,56.39053726196289,56.94276010421776,56.19937987721192,56.31974043116518,8134100
2014-03-28,56.4683952331543,56.864861665217106,56.29847641817021,56.595831643667346,6413500
2014-03-31,57.0631103515625,57.22594790970644,56.31973558990926,56.638324001839,8492800
2014-04-01,56.879024505615234,57.23301396975708,56.786989189460556,57.06310053937515,8222300
2014-04-02,56.73036575317383,56.87196482007204,56.49673674533296,56.772848173969344,6741800
2014-04-03,56.709136962890625,57.048969380238155,56.588781786488525,56.83657344421432,5646000
2014-04-04,56.47549057006836,57.03479470862618,56.461333364672164,56.97107918216546,8649600
2014-04-07,56.9852294921875,57.39585861786446,56.588762971644904,56.652478490395865,13229000
2014-04-08,57.5941047668457,57.615343277848886,56.65249116838659,56.99940485294675,11880700
2014-04-09,57.693206787109375,58.22419103333145,57.572851654313965,57.912683948534564,11550700
2014-04-10,57.41002655029297,58.14632551279342,57.26843288119576,57.75694022204996,12194300
2014-04-11,57.17639923095703,57.813581563683066,56.99232313451343,57.33215551245144,11831400
2014-04-14,57.21177673339844,57.48788808942898,56.99938629107916,57.346294461216125,7105600
2014-04-15,57.2330436706543,57.410038494576085,57.006490512092526,57.19764794674195,9000800
2014-04-16,57.806488037109375,57.96932018682292,57.36753910038572,57.54453385530556,8300700
2014-04-17,57.88438415527344,57.97641951191932,57.58702876946954,57.679069527568366,8374700
2014-04-21,57.742801666259766,57.91979652708225,57.55164959321147,57.91979652708225,6391000
2014-04-22,57.5233039855957,57.82065392215736,57.452507153288465,57.728618580303156,9259100
2014-04-23,57.34776306152344,57.60467233911976,56.64839770704277,57.60467233911976,9577500
2014-04-24,57.911529541015625,58.07566267865258,57.09798539943836,57.27639429793526,9523200
2014-04-25,58.09705352783203,58.21837022451025,57.78305224738923,57.94718532063497,7497400
2014-04-28,59.188941955566406,59.21748803463109,58.168442768587404,58.18985096673395,11595100
2014-04-29,58.832115173339844,59.19606537561291,58.775023023906286,59.053340446636064,7214300
2014-04-30,58.91061019897461,59.053335115065686,58.68937950104493,58.79642591041651,6243300
2014-05-01,58.760738372802734,58.85351446274551,58.34683396355743,58.79642232195091,5305000
2014-05-02,58.46104049682617,58.94631303426875,58.33972372361772,58.67513340393067,6629200
2014-05-05,58.304019927978516,58.43247453963119,58.13988680701545,58.26120353896327,4563600
2014-05-06,57.897239685058594,58.34683348436587,57.89010725097251,58.34683348436587,4591300
2014-05-07,58.58232116699219,58.61800511105461,58.10418680634617,58.125594994941444,6639500
2014-05-08,58.63228988647461,58.74646872474977,58.38965100765469,58.56092198737057,4631200
2014-05-09,58.79642868041992,59.08902185017972,58.61801980459765,58.66083619252082,7303500
2014-05-12,58.32544708251953,59.02480700665963,58.31117131980178,58.95344452689549,7859000
2014-05-13,58.23979187011719,58.503838957375464,58.104199386848535,58.47529288486592,6540200
2014-05-14,57.925777435302734,58.45387149055581,57.890098936178326,58.33254934863771,6867200
2014-05-15,57.46907424926758,58.068530987096324,57.404849658397126,57.982892754661485,9402100
2014-05-16,57.32634735107422,57.633210867739116,57.09084630336706,57.54043475794742,11558900
2014-05-19,57.04090118408203,57.126539427338244,56.76258369925964,57.09799334625284,6068100
2014-05-20,57.254981994628906,57.50475334568817,57.06943522901041,57.10511373938624,7057200
2014-05-21,57.44051742553711,57.56897202785367,57.10510788367683,57.33347101617222,6339800
2014-05-22,57.55470657348633,57.56897688845678,57.12652634448164,57.35488949625794,5561100
2014-05-23,57.46192169189453,57.6974226874833,57.37628892593947,57.454789257802396,4472600
2014-05-27,57.1479377746582,57.50475555979777,57.126529578687006,57.48334736382657,7003800
2014-05-28,57.16221237182617,57.29066700188182,57.105120215221945,57.11225809594941,4201400
2014-05-29,57.37629699707031,57.37629699707031,57.147933848055985,57.16220416285384,3886800
2014-05-30,57.65461349487305,57.697429883190395,57.21215751870191,57.26924966619628,7433000
2014-06-02,57.34776306152344,57.56898837766156,57.297808782246825,57.5618559410564,4331700
2014-06-03,57.04090118408203,57.30494835066584,56.805400098583625,57.119401545914826,6970600
2014-06-04,56.99093246459961,57.24784168467168,56.83393178071035,57.090841000782426,5427700
2014-06-05,57.169334411621094,57.312059318976594,57.069425887551006,57.169334411621094,5787700
2014-06-06,57.112239837646484,57.262102617366914,56.96237705792605,57.155056219107756,5520500
2014-06-09,57.155052185058594,57.262098575762344,56.98378122669597,57.02660304974082,6352500
2014-06-10,57.19788360595703,57.30493001462325,57.0908371972908,57.11224539010275,5658400
2014-06-11,57.1336555480957,57.30493198569552,57.00520094219918,57.1265231133174,7453700
2014-06-12,56.91954803466797,57.11222715305576,56.86959378585597,56.96236440661975,6526800
2014-06-13,56.83391189575195,57.0480046524412,56.734003394524954,56.89814190060071,5214000
2014-06-16,56.86960983276367,57.04801869237746,56.45569997175418,56.7482876703255,5334600
2014-06-17,56.79113006591797,56.94099290891374,56.62699146000359,56.812538265687614,5337300
2014-06-18,56.94097137451172,57.04801777748452,56.46996937927387,56.69120006397932,9614200
2014-06-19,57.26211166381836,57.497612688272525,56.94811574248631,56.98379425113865,12485100
2014-06-20,57.04090118408203,57.44767331148461,56.96953870367264,57.404856912160625,11659900
2014-06-23,56.748294830322266,57.13365866906259,56.634115976958654,57.13365866906259,6938900
2014-06-24,56.384334564208984,56.69119800445974,56.32010454691621,56.67692224745867,8157300
2014-06-25,56.605560302734375,56.63410637238591,56.12742588643495,56.405743259779754,12569300
2014-06-26,56.106040954589844,56.58417556910409,56.08462731001943,56.54849160609506,7258800
2014-06-27,56.39146423339844,56.512786383535385,56.03464655034968,56.091738686342865,8974900
2014-06-30,56.0846061706543,56.70547095858044,55.97042733235662,56.38433719097405,10297700
2014-07-01,56.5770149230957,56.669791011746184,56.02751804826884,56.28442723365978,8421200
2014-07-02,56.77684020996094,56.9909330437322,56.69120743213798,56.77684020996094,6276600
2014-07-03,57.076568603515625,57.190747450155385,56.83392970692027,57.040884651349444,5501100
2014-07-07,57.226436614990234,57.23356905038781,56.84821064384606,56.91243523006729,6673600
2014-07-08,57.4904670715332,57.69742199444905,57.02660840923182,57.11224117415829,9150200
2014-07-09,58.282623291015625,58.37539941175558,57.447670872004224,57.56185519149708,12113100
2014-07-10,58.23979187011719,58.45388469163542,57.940066275676955,57.99715297608942,8786500
2014-07-11,57.91865921020508,58.21124693106337,57.804474917943594,57.847291305238286,7519300
2014-07-14,58.032840728759766,58.33256634283063,58.01857041387367,58.06138680313894,6802000
2014-07-15,57.99001693725586,58.175558230126285,57.86869477547901,58.16842579589715,9637600
2014-07-16,58.22305679321289,58.41008019920291,58.08638119890644,58.19428269503795,8940500
2014-07-17,57.83464431762695,58.424499912038314,57.82744941737413,58.259050134828634,5844700
2014-07-18,57.94255828857422,58.08642339586184,57.662017487691905,57.94255828857422,6502400
2014-07-21,57.74831008911133,57.8346324100697,57.51092782255062,57.78427909486892,4434300
2014-07-22,57.61885070800781,57.964134631720185,57.381468353461926,57.75552639482547,6073200
2014-07-23,57.53971481323242,57.90657789932499,57.41742894723523,57.784292033327795,5891200
2014-07-24,57.73393249511719,57.77709091656657,57.43900198027874,57.63322585300172,6273100
2014-07-25,57.23040008544922,57.66200629977346,57.09372990647413,57.56129415849041,6293400
2014-07-28,57.014583587646484,57.27354503525299,56.71965313805606,57.12248510549905,6757300
2014-07-29,56.5757942199707,57.18722890307545,56.5757942199707,56.89229842161447,6419600
2014-07-30,56.22333908081055,56.83477396041061,56.20894927859792,56.61177593092708,8296500
2014-07-31,55.619102478027344,56.115446459534525,55.597523259370924,55.935612319927856,11235600
2014-08-01,57.295143127441406,58.028863812117244,56.70528752192522,57.0074074810211,18110700
2014-08-04,56.985843658447266,57.15848289768471,56.583016937525734,57.15848289768471,12075300
2014-08-05,57.12250518798828,57.359882024999216,56.81319032171835,56.82037973416337,7995900
2014-08-06,58.33098220825195,58.48204767185312,57.02179026581491,57.11530750405381,12839000
2014-08-07,57.6475944519043,58.395704652360244,57.55408273488439,58.2806082423983,7904000
2014-08-08,58.23027420043945,58.287822424460145,57.575680988531396,57.58287588855916,6215600
2014-08-11,58.61153793334961,58.892078717328566,58.28783322930346,58.431703816024545,8188000
2014-08-12,58.568359375,58.88486909857781,58.41729941277433,58.62590759530512,6591200
2014-08-13,58.61153793334961,58.84172538400162,58.34538146399189,58.72662891462475,5472200
2014-08-14,58.949607849121094,59.01435097021817,58.58275028593933,58.690646340933704,5930700
2014-08-15,58.82733154296875,59.15103622479361,58.39573078863697,59.15103622479361,7418400
2014-08-18,59.30209732055664,59.597022404412364,58.84891185516893,58.978392632693776,8450500
2014-08-19,59.481910705566406,59.611391437980544,59.07188930093821,59.23733354962878,6867700
2014-08-20,59.56822967529297,59.66174689479059,59.316463099914245,59.316463099914245,4581800
2014-08-21,59.906349182128906,60.04302488778669,59.481943236500584,59.561070698923245,7099800
2014-08-22,59.985443115234375,60.1796669555644,59.80560907172112,59.81999886853789,6978500
2014-08-25,60.093379974365234,60.29479334343689,59.9279301422834,60.23724509852993,5586800
2014-08-26,59.97826385498047,60.30196851056365,59.94230032976072,60.14371363291421,5188400
2014-08-27,59.92792510986328,60.1365333640562,59.82002901985163,60.01424746997484,4248300
2014-08-28,59.72647476196289,59.863150375454424,59.532256432142304,59.719279864384696,4278700
2014-08-29,59.78404998779297,59.79843430135199,59.41718687887264,59.76966018613262,4901300
2014-09-02,59.6905403137207,60.05739794734989,59.496316401233244,59.85598462188253,5528900
2014-09-03,59.63298034667969,60.05019671767728,59.539463115328246,59.89194185363678,5851800
2014-09-04,60.20841979980469,60.244388794324095,59.54663201019266,59.647338609129356,7444200
2014-09-05,60.25882339477539,60.280408102361704,59.75528997981376,60.02144649235211,5888900
2014-09-08,59.935096740722656,60.13651001467739,59.798421095639036,60.11493080505369,4899600
2014-09-09,59.69773864746094,59.913541807339044,59.58264765346766,59.74090257229796,5202900
2014-09-10,60.165313720703125,60.39550121675913,59.81284031788987,59.848803855587576,6715300
2014-09-11,60.05738067626953,60.244409633890484,59.971063840521346,60.14370300011765,6341600
2014-09-12,59.89194869995117,59.97826555340356,59.604213049540746,59.85597968561197,6358500
2014-09-15,60.33073806762695,60.6040838886787,59.8056201485454,59.83439425940882,7004700
2014-09-16,60.481788635253906,60.74793951520721,60.1077307402552,60.12212053750111,7143800
2014-09-17,60.539337158203125,60.78390883164023,60.37388741762534,60.43862504126469,8273800
2014-09-18,60.56092834472656,60.740762430094584,60.474606008033646,60.55373344464363,5309200
2014-09-19,60.76234817504883,60.978145807831275,60.55373995502152,60.79831170312856,11377700
2014-09-22,61.006927490234375,61.10763416231107,60.77674002718733,60.88464160101295,8397100
2014-09-23,60.740760803222656,61.08603916454495,60.740760803222656,60.891820772313736,7723500
2014-09-24,61.316226959228516,61.43132340580382,60.66163375565856,60.66163375565856,11694700
2014-09-25,60.661659240722656,61.23712525106097,60.66165924072266,61.157997782822726,8212300
2014-09-26,60.841487884521484,60.956578880918435,60.32356468047911,60.81271376339664,5478000
2014-09-29,60.740760803222656,60.76234001479273,60.17967934999848,60.5033784997507,6360000
2014-09-30,60.23723220825195,60.683222778688474,60.194073777858634,60.66883297648969,8074700
2014-10-01,59.805599212646484,60.45300276018832,59.726471807497006,60.43861296574374,9024700
2014-10-02,59.74087905883789,60.40266710610697,59.66894104179111,59.77684257926111,8858400
2014-10-03,60.27320861816406,60.388299609362676,59.61860974037067,60.02144192982129,6701500
2014-10-06,60.114933013916016,60.38108941462163,59.84158720180507,60.114933013916016,5656500
2014-10-07,59.82001495361328,60.36670664146255,59.79124084034212,59.97826434445326,7378200
2014-10-08,60.5537223815918,60.62565490497692,59.85596537974666,59.949477111337345,8107100
2014-10-09,60.179664611816406,61.057250099979235,60.086147400447956,60.57529619927768,7765700
2014-10-10,60.92057800292969,61.34498368114154,60.359496705178856,60.38826532056687,13732400
2014-10-13,59.97106170654297,60.76233043864487,59.927897802104866,60.6472340109429,10066100
2014-10-14,60.100563049316406,60.35952461233183,59.72650501913786,60.35952461233183,8210300
2014-10-15,59.668968200683594,60.12215376670924,58.812961386829095,59.41000658812685,13283200
2014-10-16,59.158199310302734,59.561031258094026,58.676245440585205,58.73379364571238,11310200
2014-10-17,59.89912796020508,60.050193404345215,59.007152534402096,59.66894057651076,11786600
2014-10-20,60.5537223815918,60.66162391071935,59.5826195956433,59.884739486720655,8558100
2014-10-21,60.863040924072266,60.88462013360833,60.179673677629594,60.76233428750387,12389600
2014-10-22,61.05440902709961,61.31535118346041,60.82970069522702,60.93117973664316,9747600
2014-10-23,60.32954788208008,61.126885475953614,59.65543403276498,61.076145961712356,14292100
2014-10-24,61.728515625,62.31564508486066,61.547302282554874,61.68502066228238,13465600
2014-10-27,62.30113220214844,62.68530905506622,61.4893001330481,61.58352906101404,10316600
2014-10-28,62.67808532714844,62.808559183138385,62.46062705710069,62.48237177806676,9437700
2014-10-29,62.72882080078125,62.8230497622786,62.272165099411254,62.8230497622786,6880600
2014-10-30,63.018768310546875,63.062257753128456,62.098201221150255,62.45338343621187,5560300
2014-10-31,63.2579460144043,63.323185688090696,62.85202992992676,63.12022764585193,9359800
2014-11-03,63.33769989013672,63.34494997394009,62.48237249772747,62.81580999035944,7789500
2014-11-04,64.25101470947266,64.41773345012389,63.38119270920497,63.417432066603304,10594800
2014-11-05,64.51195526123047,64.86713189342821,64.04804950850895,64.32349182100211,8462000
2014-11-06,64.43949127197266,64.6569440511538,64.20028823769832,64.56996515155916,6628900
2014-11-07,64.606201171875,64.65694070407677,63.968331977025024,64.3235087024374,5975700
2014-11-10,64.838134765625,64.87437964789639,63.9755629755303,64.45396334639564,5927100
2014-11-11,64.99760437011719,65.08458877075218,64.63517766276041,64.78739621622714,6343900
2014-11-12,64.85987091064453,65.14980778500443,64.81637595533743,64.94684976087595,6298700
2014-11-13,64.2220230102539,65.12083985800965,64.12054395632312,64.46847609136702,10191600
2014-11-14,63.86684799194336,64.43223288725798,63.73637412916353,64.294508940381,7559400
2014-11-17,63.671119689941406,63.91757272043556,63.33044323897022,63.787098887866314,9475800
2014-11-18,63.75086975097656,63.9175885066212,63.41743776988118,63.80160928005208,6419400
2014-11-19,64.31623840332031,64.41771742710358,63.73635352725129,63.96105628988682,6570400
2014-11-20,64.12779998779297,64.36700300718356,64.02632092445046,64.02632092445046,5527600
2014-11-21,64.2220230102539,64.8236527801248,64.12054395632312,64.70042900466508,8984100
2014-11-24,63.86684799194336,64.43223288725798,63.68563460087103,64.42498280316082,5569200
2014-11-25,64.36700439453125,64.38149903380936,63.84510889740999,64.04806702846952,6439700
2014-11-26,64.42497253417969,64.42497253417969,64.11328533000875,64.38873317985787,4420000
2014-11-28,65.54850006103516,65.64272902205303,64.49021464961523,64.57719352741844,7661800
2014-12-01,65.29479217529297,65.7224530043747,64.8888705320479,65.36002632337977,6745100
2014-12-02,66.01240539550781,66.08488963658318,65.32379681000211,65.55574969955917,7432900
2014-12-03,65.23683166503906,65.9399406244823,64.97588389596332,65.84570610608596,6465600
2014-12-04,65.65723419189453,65.918181905576,65.30930206358805,65.59924458214452,6406700
2014-12-05,65.51226043701172,65.541255242006,64.66418312915505,65.4687709946171,6383400
2014-12-08,65.7876968383789,65.96166010779167,65.46875956929497,65.48325420416577,4721900
2014-12-09,65.75145721435547,65.80219673575009,65.14258295762002,65.57749393103006,5704000
2014-12-10,65.23683166503906,66.03416961268393,65.207836854009,65.92544045386991,6293300
2014-12-11,65.53400421142578,66.16462318459567,65.22231700128452,65.2368116372523,6468700
2014-12-12,64.91064453125,65.93993535468148,64.89614436179643,65.24407653615621,6574600
2014-12-15,64.65692138671875,65.67171725776079,64.5336976353574,65.01934808850572,6511900
2014-12-16,64.77291107177734,65.93267559920976,64.06255218799114,64.6134424123441,8773800
2014-12-17,65.74420166015625,66.07763909322219,64.80189555121666,64.91786922038483,7412700
2014-12-18,66.68651580810547,66.68651580810547,65.63548054277224,65.96891245818962,8724500
2014-12-19,66.7227554321289,67.2156559487156,66.5125472895942,66.79523966364617,14037800
2014-12-22,67.12145233154297,67.21568685301551,66.68654121228445,66.75902547712838,7157100
2014-12-23,67.6215591430664,67.75928302775705,67.19389285753873,67.22288765064157,5610600
2014-12-24,67.51286315917969,68.05650335352364,67.51286315917969,67.77381089488031,2403000
2014-12-26,67.74478912353516,67.99848667387926,67.45484669591683,67.52008636897207,3148700
2014-12-29,67.15043640136719,67.72307140336038,67.04895734078045,67.49836855923175,4657700
2014-12-30,66.97647857666016,67.28091578337084,66.75902026889852,66.86774942277934,4730000
2014-12-31,66.02690887451172,67.08519995068103,65.98341943008066,66.71552308243541,5712100
2015-01-02,65.55574798583984,65.96166414940521,65.17882109379232,65.84568494256197,7251400
2015-01-05,65.24408721923828,65.9616908792502,65.12810796539645,65.40355592817319,8626100
2015-01-06,64.94689178466797,65.64275068773071,64.70044417596021,65.46153725890619,7791200
2015-01-07,65.28755950927734,65.50501778796021,64.91788264759397,65.19333053795144,5986600
2015-01-08,66.03416442871094,66.12839893970947,65.33105552446483,65.58475871851229,6823300
2015-01-09,65.41802215576172,66.092136067882,65.32379320058959,66.092136067882,4872800
2015-01-12,65.17884063720703,65.68624152399727,64.8816535083995,65.58476245267815,5250900
2015-01-13,65.45423889160156,66.3240604227749,65.07006209297307,65.80216529199473,6727100
2015-01-14,65.22956085205078,65.35279014231921,64.82364468700554,65.0411029355329,6418200
2015-01-15,65.13531494140625,65.59922058934653,64.75838814608507,65.59197050823109,6768200
2015-01-16,66.14286804199219,66.20810218885643,65.14257241206192,65.20055647698831,8815700
2015-01-20,66.09938049316406,66.5342914085545,65.59922989885928,66.14286992564541,9869900
2015-01-21,66.2337417602539,66.56954534720029,65.43072712893802,65.99283737085914,6974500
2015-01-22,66.88343048095703,66.93453089115255,65.60591465654235,66.4600238996074,7211200
2015-01-23,65.75920104980469,66.56951134973578,65.66429633119293,66.55490805324516,6745700
2015-01-26,65.39419555664062,65.6642952725794,64.78098521301284,65.6642952725794,9371700
2015-01-27,63.138458251953125,63.66406546825024,62.79535323189667,63.583764056342346,14417400
2015-01-28,62.160247802734375,63.44506479581661,62.058047020622425,63.240657662067804,14033400
2015-01-29,62.53986358642578,62.86106929730925,62.160261394084884,62.62016501414665,12054500
2015-01-30,61.5324592590332,62.21136785160121,61.50325823069916,62.116463117133925,14685300
2015-02-02,62.13836669921875,62.15296442830145,61.08715198041442,61.744161179667124,10278700
2015-02-03,62.7442741394043,62.78077681885393,62.138370875039534,62.74427413940429,10747900
2015-02-04,62.62745666503906,63.13116452768951,62.45225610958356,62.70045643235175,9212800
2015-02-05,63.29177474975586,63.350176803376506,62.85377048665375,62.9559712957267,6531300
2015-02-06,62.49607467651367,63.22608372021127,62.16027118475601,63.189581040215586,8429800
2015-02-09,62.0872688293457,62.36467024946108,61.75145978193397,62.277067162806695,8811500
2015-02-10,62.33545684814453,62.4668586672819,61.91935201579718,62.29165809827397,7059300
2015-02-11,62.5179557800293,62.92675894274067,62.160253012656845,62.74425673516947,7184600
2015-02-12,62.802696228027344,62.8902993449291,62.350094047856714,62.82459561487061,6074600
2015-02-13,62.70777130126953,62.89027354279271,62.415766600927164,62.80267046183208,6272000
2015-02-17,62.4084587097168,62.824563555989855,62.050755911576125,62.824563555989855,10310400
2015-02-18,62.97059631347656,63.06549550619761,62.43038548544765,62.605591706741066,8132300
2015-02-19,62.204036712646484,62.999749041321905,62.08723822420846,62.86104561487298,7271600
2015-02-20,61.955867767333984,62.08726961421326,61.45946140907079,62.014264256315,9581300
2015-02-23,62.33545684814453,62.41575826925768,61.79525184481347,62.0215528118456,7919200
2015-02-24,62.415767669677734,62.59096826507257,62.05806482963472,62.423069318931084,6502200
2015-02-25,62.38656997680664,62.63477593894878,62.22596710180764,62.561770581566094,5975800
2015-02-26,62.17485427856445,62.60556240910783,61.97045268557127,62.35735649652632,7964500
2015-02-27,62.14568328857422,62.32818559473422,61.73687990502489,62.06538182830154,7685000
2015-03-02,62.35006332397461,62.35006332397461,61.933952900882154,62.14565615192841,7235200
2015-03-03,62.16757583618164,62.37197748716139,61.714968202207,62.30627377390231,6095600
2015-03-04,61.576271057128906,62.22597875895518,61.47407022107945,62.0799791558925,7370000
2015-03-05,61.78067398071289,61.875578737201174,61.38646836102484,61.77337789908145,5914200
2015-03-06,60.3425407409668,61.59085534114031,60.1308374832261,61.568950394869645,11338700
2015-03-09,60.65644836425781,60.74405145394892,60.35714755448539,60.43744899432049,7326700
2015-03-10,59.52493667602539,60.503146097946754,59.52493667602539,60.20384529330174,9681400
2015-03-11,59.41541290283203,59.70011587545254,58.99200648269516,59.51761368430991,10066600
2015-03-12,59.92644119262695,59.94834614287748,59.50304016974484,59.561436661831486,6951100
2015-03-13,59.73662185668945,60.065123591167065,59.240215646451496,59.84612429135705,7492500
2015-03-16,60.999576568603516,61.284279755841965,59.85346216703285,59.91916590152661,15618300
2015-03-17,60.48125076293945,60.8608586009569,60.17464828805961,60.85355695073769,7509300
2015-03-18,61.138240814208984,61.357245695682025,59.875323060828734,60.48853338723794,12607900
2015-03-19,60.86813735961914,61.13824264559009,60.678339064151004,60.9265394056981,9257500
2015-03-20,61.8609619140625,61.89746459235321,61.152852283625926,61.31345515686227,22580300
2015-03-23,61.94856262207031,62.08726611081817,61.583558131282494,61.59085978056568,9891100
2015-03-24,61.262351989746094,62.131064454292655,61.22585488262594,61.97046158828978,7478800
2015-03-25,60.59803771972656,61.59085022622047,60.4885352755716,61.59085022622047,8482200
2015-03-26,59.97024154663086,60.30604502435038,59.82423640227883,60.28414564507927,7311600
2015-03-27,60.08704376220703,60.2549482960844,59.85344108650402,59.91914479785677,6440600
2015-03-30,60.386348724365234,60.55424768475369,59.97024379404009,60.32064501456285,6416800
2015-03-31,59.81692123413086,60.53962836708959,59.81692123413086,60.41552821113683,8649700
2015-04-01,60.094356536865234,60.18925572691229,59.45924653401085,60.18195964504354,7395300
2015-04-02,60.17462921142578,60.29142773026929,59.802323141656466,59.984825352588906,6169800
2015-04-06,60.61995315551758,60.75865665949752,59.50304018217447,59.802341001335165,6856300
2015-04-07,60.14543533325195,60.802444484551685,60.10163657967402,60.53964082403179,6329900
2015-04-08,60.42283630371094,60.72214263649224,60.05783184101731,60.079736787180856,6523400
2015-04-09,60.510433197021484,60.554231945821144,59.868027413349104,60.320629336347054,6185000
2015-04-10,60.84624099731445,61.0506425991854,60.38633739310482,60.44473944207535,7001700
2015-04-13,60.904659271240234,61.28426155162263,60.546956372674295,60.59075513630719,8290500
2015-04-14,61.02875518798828,61.2331568299325,60.62725355403414,60.875453956530116,6792600
2015-04-15,60.96306228637695,61.46676478459181,60.94116290421903,61.21126271020347,7006400
2015-04-16,60.95576477050781,61.37186976831579,60.846262282763,60.99956353779458,7615900
2015-04-17,60.24763107299805,60.75133897490268,59.88262663846441,60.59073613258377,9533800
2015-04-20,60.49585723876953,61.30616780028988,60.44475682360733,60.656454565331074,7416000
2015-04-21,60.649147033691406,61.17475438728368,60.517745195293344,60.87544803389444,7696400
2015-04-22,60.65644836425781,60.83895062396906,60.29874549469131,60.751353103804924,6753100
2015-04-23,59.569522857666016,60.4157865360451,59.53273220210673,59.915387582994015,14569500
2015-04-24,59.6063346862793,59.99635054581126,59.532747741630175,59.63577058700375,8785500
2015-04-27,59.31197738647461,59.75350463960993,59.21631492616444,59.540104198481366,9192300
2015-04-28,59.17951965332031,59.47387303184662,59.0102702503362,59.407646469198156,8395500
2015-04-29,58.76007843017578,59.098582911051665,58.6644159511211,58.870461668669485,11858500
2015-04-30,58.50986862182617,58.98083176105763,58.18607935823324,58.83365227109562,9409300
2015-05-01,59.0838737487793,59.10594927584846,58.598189695956464,58.69385779902324,8193000
2015-05-04,59.128021240234375,59.58426935803257,59.09123056877764,59.2236893375368,7203800
2015-05-05,58.921966552734375,59.34877869985792,58.70856047917261,59.23839547362609,6589400
2015-05-06,59.164798736572266,59.29725746326543,58.51722024415092,59.12064208479242,7335700
2015-05-07,59.01763916015625,59.27520193705347,58.87046524277933,59.14274316568421,7224300
2015-05-08,59.5768928527832,59.76086300324795,59.47387001766883,59.525381435226016,6929400
2015-05-11,59.06913757324219,59.59897254193829,59.061782809021956,59.56953664208586,5237800
2015-05-12,58.83365249633789,59.083854823069444,58.39948563151561,58.892524292548075,6305800
2015-05-13,58.64969253540039,59.30462594265602,58.539314916230495,58.98820261526967,6459900
2015-05-14,59.289913177490234,59.37822089069439,58.93668793899833,58.95140869836138,5634200
2015-05-15,59.64314270019531,59.69465413301667,59.40766106239412,59.48124802152104,7454800
2015-05-18,59.41501235961914,59.70200541348697,59.238402545160035,59.584267408622495,5590800
2015-05-19,59.48125457763672,59.569556692591775,59.11331412712207,59.4223827581162,5729500
2015-05-20,59.223697662353516,59.60635326237656,59.20161651918568,59.55484182363642,5487000
2015-05-21,59.17219161987305,59.29729003760387,58.75273407631747,58.9955761443782,6054700
2015-05-22,58.83365249633789,59.16480213927758,58.81157697633994,59.0470585468572,6003600
2015-05-26,58.23760986328125,58.92197927651432,58.09043593940706,58.84839231457723,6698300
2015-05-27,58.42158126831055,58.82631798871764,58.20081476366568,58.29648286903032,8094600
2015-05-28,58.37744140625,58.46574353357842,58.14931447722307,58.45102838379918,5803400
2015-05-29,57.68568801879883,58.311185495216456,57.53851412352088,58.26703444949792,12551700
2015-06-01,58.02420425415039,58.186098940431584,57.597392011104574,57.87703032898132,7588000
2015-06-02,57.79607391357422,57.92853267116444,57.52379601899308,57.73720210701757,7380800
2015-06-03,57.8107795715332,58.08305742143463,57.597373518527796,58.06834227937241,5985800
2015-06-04,57.50908279418945,58.01683670329722,57.44285060602125,57.700413364723005,7714600
2015-06-05,56.97923278808594,57.48699217822255,56.93508175044734,57.42812038515563,9439700
2015-06-08,57.185279846191406,57.383970749064304,56.73639223815807,57.01603045489424,10916200
2015-06-09,58.06099319458008,58.377422146540106,57.266240624867734,57.376623861937446,11528900
2015-06-10,58.531959533691406,58.71592973377932,58.141943607797,58.30383828216637,9483500
2015-06-11,58.436279296875,58.818934726497716,58.311175331936944,58.818934726497716,7633300
2015-06-12,58.038909912109375,58.37005396473063,57.818143467479274,58.25967074241558,6508600
2015-06-15,57.48701095581055,57.73720773658459,57.3471918051868,57.641545252345985,7527900
2015-06-16,58.208160400390625,58.57610073871715,57.79606901804861,58.57610073871715,8285700
2015-06-17,58.929325103759766,59.01027242619733,58.25231623821279,58.28174652425924,9305800
2015-06-18,59.473876953125,59.768230351058854,59.09122146583786,59.11329698817619,10712500
2015-06-19,59.26784133911133,59.75351975613063,59.2236902869255,59.392939729854554,15598800
2015-06-22,59.20159149169922,59.73878679516897,59.11328941366057,59.5474562688796,6907900
2015-06-23,58.71593475341797,59.201613203721855,58.59083635410148,59.11331109329866,7190600
2015-06-24,58.50986862182617,58.760065333276366,58.5025082437472,58.72327467152847,8843700
2015-06-25,58.42158126831055,58.79688208047663,58.42158126831054,58.657062919913194,5855700
2015-06-26,58.38478469848633,58.6791381651546,58.340633643499984,58.531964238983164,7703200
2015-06-29,57.63417053222656,58.40684743697848,57.5900194911517,58.09777330648353,7966200
2015-06-30,57.575313568115234,58.14194494140488,57.494366229073854,58.07571274840508,8451400
2015-07-01,58.6644172668457,58.701207937618925,57.48700912993037,57.68569447221536,8868000
2015-07-02,58.81895065307617,59.12801923157306,58.70120703403463,58.87782246259694,6602500
2015-07-06,58.907249450683594,59.03234781623576,58.50251283939844,58.583460161655466,6601200
2015-07-07,60.13617706298828,60.21712439635007,58.914612297219186,58.914612297219186,11690400
2015-07-08,59.59895324707031,60.11407290623466,59.52536632842455,59.76084783668419,6724700
2015-07-09,59.356143951416016,60.34222146090129,59.25311548130417,60.1582512735205,10419800
2015-07-10,59.569522857666016,59.871236550593856,59.429709383624676,59.77557410895267,6892500
2015-07-13,60.2760124206543,60.37167492476058,59.856554881667925,59.98901367968304,7332900
2015-07-14,60.37167739868164,60.68074606860659,60.32752633564277,60.37167739868164,6119500
2015-07-15,60.452598571777344,60.57769693908475,60.22447174479585,60.275988781794894,6673700
2015-07-16,60.562965393066406,60.74693551198298,60.415785929339656,60.673342972958366,6623400
2015-07-17,60.51884078979492,60.621863661790094,60.04787748515259,60.261283609806995,5827300
2015-07-20,60.48203659057617,60.59977458324633,60.34221746085144,60.40844402904261,5012900
2015-07-21,60.0699462890625,60.43788668052532,59.87862132781571,60.34958457974213,7512400
2015-07-22,59.968318939208984,60.31701598815689,59.84961115220594,60.11669801266396,6106400
2015-07-23,59.87183380126953,60.012797804043984,59.45636810083406,59.968285239081794,5380900
2015-07-24,59.56768035888672,59.89412106741769,59.52316777510451,59.73090071315221,5660800
2015-07-27,59.33026885986328,59.40445838424264,58.92963863585729,59.2264023936726,8613600
2015-07-28,59.52316665649414,59.842186708300105,59.28575678028724,59.456392121777675,8649900
2015-07-29,59.8125,60.08700176374145,59.47122371244508,59.54541322534015,8921500
2015-07-30,57.4161491394043,58.96673681783814,57.23809314705378,58.90738293362198,22067800
2015-07-31,56.904239654541016,57.67582327504684,56.87456836863197,57.594213088050154,11877200
2015-08-03,56.681640625,57.19355210649801,56.39229763015027,56.763250768193075,9511300
2015-08-04,56.31813430786133,56.63714872095287,56.19942653157751,56.40715947977587,13369100
2015-08-05,56.21427536010742,56.78554676195906,56.19943971474098,56.422014017335066,10895400
2015-08-06,56.19200134277344,56.39231928400139,55.8284687127829,56.39231928400139,9353300
2015-08-07,55.999114990234375,56.17717099676482,55.89524285443502,56.080719512157934,10045400
2015-08-10,56.666812896728516,56.755843708880754,56.23651145540197,56.34779289522096,9165900
2015-08-11,56.54813766479492,56.71877306042466,56.24395315735971,56.41459421328917,7491900
2015-08-12,56.674217224121094,56.7038941529583,55.89521340795696,56.303264104099206,10397700
2015-08-13,56.221683502197266,56.763277832497984,56.11039637566442,56.74843653013446,5948000
2015-08-14,56.10298156738281,56.243939978504706,55.92491990023135,56.19200674066013,5586900
2015-08-17,56.036216735839844,56.243949723209504,55.45753036808167,56.243949723209504,8683900
2015-08-18,55.73944091796875,56.236522642666415,55.642995097507075,56.07330228473269,7445900
2015-08-19,54.990116119384766,55.59105862009916,54.91592093534283,55.59105862009916,9865300
2015-08-20,54.834327697753906,55.435270322048225,54.50046628180229,54.7156199071136,10696500
2015-08-21,53.298553466796875,54.82688451149047,53.29113847815373,54.56721840156332,15763900
2015-08-24,51.29541015625,52.72728979364702,48.238753624626675,50.8725237172414,23696300
2015-08-25,50.76124954223633,53.5879176112289,50.67222437049686,53.550820016138594,21476900
2015-08-26,52.601165771484375,52.67535528066541,51.154444871119054,51.85925935908064,17464700
2015-08-27,53.031471252441406,53.23178348722871,51.948282941884216,52.97211738276496,13434000
2015-08-28,52.8311653137207,52.87567789590352,52.37118121007284,52.80148837216621,10020000
2015-08-31,52.43052673339844,52.675357216962624,52.156024973308526,52.675357216962624,9520900
2015-09-01,51.117366790771484,51.84443210207177,50.835438655113684,51.46606380468618,15437700
2015-09-02,51.79249572753906,51.82217266951014,51.35477356913594,51.673793619952654,8903700
2015-09-03,51.881534576416016,52.27474421281743,51.71089354876885,52.06701124719395,8468300
2015-09-04,51.01349639892578,51.399285317692325,50.8205991093936,51.399285317692325,11497500
2015-09-08,51.918636322021484,52.25991274427865,51.607031188396036,52.16346124517822,9182300
2015-09-09,50.80575942993164,52.33408500320374,50.72414926239795,52.25989548552694,11070600
2015-09-10,50.68705368041992,51.15445275455858,50.264167186590406,50.53867463919109,12591100
2015-09-11,50.76124954223633,50.82802408133924,50.24933782383946,50.494162706421314,11291400
2015-09-14,50.494171142578125,50.67223283640278,49.95258238968441,50.620299590778735,9712800
2015-09-15,51.52539825439453,51.74055179396663,50.37544670739482,50.46447185459931,11043700
2015-09-16,52.00766372680664,52.20056107293593,51.710899885138375,52.02250503205477,8704200
2015-09-17,52.111515045166016,52.8756778942016,51.829592590854176,51.93345905614264,11029600
2015-09-18,51.888938903808594,52.51213760461999,51.466052453887436,51.51798567895506,18210200
2015-09-21,52.41569900512695,52.58633434223642,51.94087926490388,52.044745729309064,7742800
2015-09-22,52.074405670166016,52.41568189326817,51.918606024421294,51.97795422735075,10207800
2015-09-23,52.126346588134766,52.29698189475268,51.90377239829765,52.06699271613863,6294200
2015-09-24,52.942447662353516,53.10566799605738,51.74055710895929,51.79991098672384,13423500
2015-09-25,53.91434097290039,54.44109387912331,53.38016741721037,53.706608070198065,15080700
2015-09-28,53.24662780761719,53.91434479962281,53.231792167927054,53.647258002820564,9207300
2015-09-29,53.6250114440918,53.72146293062122,52.93503803719759,53.24663746991149,9033300
2015-09-30,53.372737884521484,54.20366926891057,53.083394897415204,54.055290281782675,11041900
2015-10-01,53.38016891479492,53.550809895543225,52.97212374740964,53.23921053274779,8547600
2015-10-02,53.72886276245117,53.72886276245117,52.89051052707545,52.942443751208515,9085600
2015-10-05,54.3223991394043,54.478198837512025,53.78822551143617,54.136922499709684,9187700
2015-10-06,54.45594787597656,54.73787035819678,53.85499965554896,54.41142962909034,8851500
2015-10-07,54.693359375,54.804646505030455,54.396595581684984,54.693359375,8013200
2015-10-08,55.19784927368164,55.22752621535911,54.52271158618925,54.6636756440828,6856600
2015-10-09,55.257205963134766,55.57622602699593,55.13849819039659,55.33881048151958,6880100
2015-10-12,55.14590835571289,55.46492835891495,54.83430900197053,55.412995133291226,6255900
2015-10-13,54.982704162597656,55.108826938934506,54.648848422812165,55.07914999268488,8390200
2015-10-14,55.056907653808594,55.35367153122933,54.8269183374501,55.056907653808594,8479200
2015-10-15,55.10139465332031,55.524281142567425,54.92333867371561,55.375902102946434,8607400
2015-10-16,55.56879425048828,55.672660700689626,55.15332278938591,55.43525086304413,9578900
2015-10-19,55.76170349121094,55.783959783849916,55.29429870459946,55.383329535453605,7292200
2015-10-20,55.22011184692383,55.680096004807524,55.019799543184874,55.54655258221539,8531900
2015-10-21,55.087608337402344,55.79875771497943,55.02023935710296,55.20738302838562,8302100
2015-10-22,56.03079605102539,56.59971422820072,55.102565338601266,55.289708949801195,14080900
2015-10-23,57.66270446777344,58.7256791017894,57.12372980512553,57.46059182486615,16451200
2015-10-26,58.007041931152344,58.313960246748586,57.640241990341615,57.640241990341615,11464700
2015-10-27,57.85734558105469,57.9097455873432,57.49802717281032,57.73008923880719,9423400
2015-10-28,57.27345657348633,58.04448766366674,56.65962549780338,57.932200307262214,10178400
2015-10-29,57.65522766113281,57.78248971558888,57.07134024025722,57.45311498128064,8230700
2015-10-30,57.176151275634766,57.74506982333705,57.176151275634766,57.62530080397385,9547700
2015-11-02,57.34081268310547,57.46806899323787,56.92910008364696,57.31835635910221,7152900
2015-11-03,57.67767333984375,57.954642277692365,56.861724082554616,57.11624240809123,8013200
2015-11-04,57.68516159057617,57.74504893418039,57.2734489534329,57.66270526451745,6375400
2015-11-05,57.18358612060547,57.83484776979823,56.86169896679777,57.707585807656024,6860900
2015-11-06,56.56977844238281,56.89166572691613,55.91103489525045,56.801834725010124,9483500
2015-11-09,56.442527770996094,56.61469673619669,56.0906967840586,56.28532778535467,8607200
2015-11-10,56.71950149536133,57.07133251187929,56.31527619039561,56.42755782445741,6551000
2015-11-11,56.861732482910156,57.213563499239456,56.8317888101192,56.9066451365108,5295900
2015-11-12,55.88858413696289,56.899158736545715,55.88858413696289,56.64464039472354,7678600
2015-11-13,55.36457061767578,56.12811982362555,55.35708327337462,55.87360151791885,8468800
2015-11-16,56.36766815185547,56.390124475465505,55.40200625842826,55.58166255847936,7410600
2015-11-17,56.195491790771484,56.89915370224199,56.04577916377253,56.39012277480664,8761800
2015-11-18,56.81681442260742,56.861727071934155,56.00086512242156,56.128127147465776,6447100
2015-11-19,57.05635070800781,57.61029425251333,56.90663237762096,56.996463375853075,7899500
2015-11-20,56.756927490234375,57.53544578079027,56.65212750027215,57.30338947604122,9533200
2015-11-23,56.869205474853516,56.93657443825023,56.44251823983043,56.75691815802214,9421300
2015-11-24,57.2285270690918,57.408189088850534,56.59972713344946,56.607214478732175,7086800
2015-11-25,56.81681442260742,57.445614357866035,56.80183973205113,57.288414374051385,4266500
2015-11-27,56.66709518432617,57.16864450901814,56.51738254813725,56.80932618652534,2390100
2015-11-30,56.0233154296875,56.749433642057326,56.0233154296875,56.57726469734991,8935700
2015-12-01,56.84676742553711,57.056367438368355,56.04579268440512,56.04579268440512,8391700
2015-12-02,56.734458923339844,57.23600244010411,56.62965895599118,56.68954628338181,8104200
2015-12-03,56.69702911376953,57.04137268678578,56.27034189164396,56.76440378629988,11177800
2015-12-04,58.261573791503906,58.313973795222736,56.83179328676252,56.876711655072995,11961000
2015-12-07,58.665802001953125,58.76311465810394,58.04448362278494,58.04448362278494,9460000
2015-12-08,58.201656341552734,58.763087110120765,57.902225456082625,58.149256364933144,8312700
2015-12-09,58.16423797607422,59.1298997931534,57.969612712727674,58.08938166623552,10081900
2015-12-10,58.231624603271484,58.793055609036344,58.06693726112635,58.321455620215616,8984200
2015-12-11,58.22412872314453,58.63584701815938,57.72258513552331,58.0220161036095,12280500
2015-12-14,58.60589599609375,58.785552269933085,57.96960883823654,58.11183410407311,12179000
2015-12-15,59.646419525146484,59.885963149296856,58.74813236237523,58.92030130817398,14113400
2015-12-16,60.62704086303711,60.806702836431484,59.736241184094155,59.870984808555136,14102600
2015-12-17,60.10307693481445,60.657020738906965,60.035702226774916,60.6195954221499,9864200
2015-12-18,58.48613739013672,59.97580510768202,58.48613739013672,59.84854307224929,21342100
2015-12-21,59.099979400634766,59.122441442485275,58.50112297492436,58.860435688116084,9105800
2015-12-22,59.58652877807617,59.698816094783155,59.047554226818804,59.257159883217916,9872200
2015-12-23,59.82608413696289,60.20785880427026,59.5116841573786,59.84854046248015,8254600
2015-12-24,59.7287712097168,59.99825853700497,59.5865402005449,59.631458562540445,2498000
2015-12-28,59.82608413696289,59.86351515360586,59.489227831861335,59.69134047268801,4150000
2015-12-29,60.155487060546875,60.34263080931384,59.77371221393356,60.05068701813129,4406100
2015-12-30,59.93836975097656,60.2602570668613,59.885969755887004,60.23031339664282,3793200
2015-12-31,59.44430923461914,59.91590915682148,59.36944720882164,59.81859651892374,5077700
2016-01-04,58.665802001953125,58.76311465810394,58.04448362278494,58.65831465573482,11529800
2016-01-05,58.85293960571289,59.10745223915223,58.54602126532536,58.71819594354759,8133700
2016-01-06,58.284019470214844,58.605906780291896,57.73007585909539,58.14178846703607,9551000
2016-01-07,57.775001525878906,58.089401561584204,56.94408306639184,57.5279704787509,11973900
2016-01-08,56.869205474853516,57.99955456492772,56.64463084119076,57.90972356922858,9676400
2016-01-11,57.39320755004883,57.67018218074958,56.59223303550385,57.01892028696855,10209200
2016-01-12,57.27345657348633,57.65522558962067,56.70453815589632,57.64025660731375,8774700
2016-01-13,56.779380798339844,57.632755363361206,56.734468151076875,57.617786384663816,9310100
2016-01-14,57.00395202636719,57.60280822812592,56.801833703506134,56.966521015120186,12835100
2016-01-15,56.12812423706055,56.65212415593848,55.746349604066175,55.76880592756512,17023900
2016-01-19,57.438133239746094,57.57287690010783,56.68207127265129,56.74195861307231,13457300
2016-01-20,57.25917434692383,57.45549599319425,56.22468635763066,56.851420083135636,17795000
2016-01-21,57.93120193481445,58.27854681787507,56.94202399042556,57.40262912593624,12712900
2016-01-22,58.41447830200195,58.87508930428291,57.80284975446006,58.444682963244155,9465800
2016-01-25,58.02937698364258,58.41447921934069,57.81039750691032,58.29366057247455,9870400
2016-01-26,59.50935745239258,60.09078697795093,58.55038414270066,58.89772903286265,16374800
2016-01-27,59.501827239990234,60.29467804969394,59.01101154201148,59.29794720253037,10816100
2016-01-28,60.271995544433594,60.40791358042746,59.358326542843336,59.95485538076377,9895100
2016-01-29,61.68406677246094,61.91814572376605,60.27958154272872,60.39284759563308,19895000
2016-02-01,61.25364685058594,61.46507369680074,60.80813534381947,61.321603010748056,9657200
2016-02-02,60.57405471801758,60.81568621551285,60.264461301347424,60.475888141537126,9116400
2016-02-03,61.238525390625,61.344238785680034,60.42301711938787,60.7703677156521,10149600
2016-02-04,60.93650436401367,61.23854520229233,60.65712134138952,61.04977039848689,8295100
2016-02-05,61.314048767089844,61.314048767089844,60.83833837582193,60.845890980399005,9957600
2016-02-08,62.38628387451172,62.4617926252518,60.62690175362062,60.62690175362062,16530200
2016-02-09,62.40138626098633,62.6732223852198,61.1781237019357,61.78975786193535,14308900
2016-02-10,61.63120651245117,62.673241465281166,61.51038786003298,62.60528529400875,10585400
2016-02-11,60.33241271972656,61.155467884491586,60.12853275863637,60.70240962566095,12343900
2016-02-12,61.15547180175781,61.17812385200805,60.24935522605594,60.67976146365663,9306100
2016-02-16,61.5179557800293,61.91060497623176,61.04223941889816,61.91060497623176,9352600
2016-02-17,62.257911682128906,62.544852995756486,61.54812252319635,61.653835924759676,10892900
2016-02-18,61.903045654296875,62.15977666143164,61.321615943631684,62.091820486937394,7702600
2016-02-19,61.759578704833984,62.11447633359623,61.46509040882936,61.88794421623065,7709600
2016-02-22,62.01628112792969,62.42403529457541,61.69914091863247,61.759550223531484,6916500
2016-02-23,61.77467346191406,62.26548917159742,61.62365590245024,61.91814417607013,5840600
2016-02-24,61.58589172363281,61.6463010450221,60.90630702132826,61.35936540984795,6759800
2016-02-25,62.17486572265625,62.17486572265625,61.51793310186127,61.691602692734754,6789700
2016-02-26,61.238525390625,62.408931099953165,61.12525939279518,62.31076454672495,9281100
2016-02-29,60.62693786621094,61.427341470525384,60.56652852525653,61.23856660075675,11065300
2016-03-01,61.33669662475586,61.43485742452725,60.80812384819474,60.81567645154589,9483900
2016-03-02,62.333438873291016,62.41650024298079,61.04976682596241,61.600991755635484,12096600
2016-03-03,62.55242919921875,62.62039113838024,62.05406660948893,62.32590284423284,8747100
2016-03-04,63.043216705322266,63.23199146373162,62.114448120079366,62.386284233064714,9406700
2016-03-07,62.748714447021484,63.20177261323791,62.67320571280993,62.80912373876958,6792400
2016-03-08,62.718536376953125,63.23955665739553,62.42404815608121,62.65058021565172,7788400
2016-03-09,62.643043518066406,63.194268597157375,62.43161661461816,62.89978030150431,8954800
2016-03-10,62.12957000732422,62.84691780495702,61.72936829669406,62.771403265558455,10385600
2016-03-11,61.7293701171875,62.52222671665091,61.49529116881003,62.48446944583811,11109500
2016-03-14,61.291404724121094,61.80487244442715,60.921407704782204,61.59344557623349,12389300
2016-03-15,61.39710998535156,61.51037600993508,60.98180890981107,61.16303109257512,9297800
2016-03-16,61.41973876953125,61.767089316248594,60.77035904722844,61.39708672538602,9490300
2016-03-17,62.48444747924805,62.846897564398255,61.374450934602066,61.38200353829962,12061500
2016-03-18,62.78649139404297,63.050774927176676,62.25037172370061,62.56751196346106,33635200
2016-03-21,62.91486740112305,63.33017428060334,62.60527971356041,62.76384986001199,8625600
2016-03-22,62.47690200805664,62.91486089733483,62.288127220707345,62.88465624004503,7205900
2016-03-23,62.53731155395508,63.04322660329468,62.35608937049524,62.46180279092592,5594600
2016-03-24,62.590171813964844,62.76384716363628,62.24282687557164,62.26547892967016,6645700
2016-03-28,62.38628387451172,63.013011690507966,62.31076936282324,62.66566682834487,4988500
2016-03-29,62.52220916748047,62.74118284168948,62.03894619366576,62.416495752017816,6731400
2016-03-30,62.43159866333008,62.945066321614775,62.408946610324044,62.741186322661626,6925400
2016-03-31,62.152217864990234,62.6732381946911,62.031404979827066,62.48446338085167,6819200
2016-04-01,63.07343292236328,63.14139484354452,61.86527539921996,61.918132110827806,8028600
2016-04-04,62.831809997558594,63.16405552214794,62.69589189758571,63.16405552214794,5593400
2016-04-05,62.79404830932617,63.09608336167333,62.665677075034345,62.79404830932617,5259100
2016-04-06,63.28485870361328,63.30751075664259,62.733639543402084,62.7789436494607,6292100
2016-04-07,62.85444259643555,63.18668801817286,62.57505963810963,62.85444259643555,6655900
2016-04-08,62.82423400878906,63.013008757326226,62.499541210867214,63.0054619152674,5453000
2016-04-11,62.46936798095703,62.929973256515886,62.41651126009286,62.695894315681805,7081500
2016-04-12,62.54487609863281,62.8318117573006,62.25793467901458,62.454262109129616,7081600
2016-04-13,62.26548767089844,62.99793491464113,61.79732403032309,62.71099925419522,11738600
2016-04-14,62.432945251464844,62.70700814393054,62.07514059696019,62.38726423062725,6904400
2016-04-15,62.653717041015625,62.752681935666196,62.31113552912089,62.46339591489849,7299300
2016-04-18,63.057220458984375,63.17902300497539,62.44057583043448,62.65374045016726,5628000
2016-04-19,63.39977264404297,63.719510742174,63.07242007458315,63.11810109441604,6606100
2016-04-20,62.082763671875,63.44545804340918,62.02947398029623,63.40739729693337,9124200
2016-04-21,61.511802673339844,61.90005366695534,61.32148150889033,61.694509364931896,8802100
2016-04-22,61.625980377197266,61.62598037719727,60.834249577199635,61.207277370601986,8027700
2016-04-25,61.97617721557617,62.02946690107315,61.222501338795844,61.60314360895718,7672800
2016-04-26,60.56020736694336,62.04471038416662,60.30136751811299,62.04471038416662,13742300
2016-04-27,60.81904220581055,61.01697788008533,60.21762651684871,60.49930398377274,7689700
2016-04-28,60.72007369995117,61.108324743234206,60.438396249601155,60.50691489780164,7615900
2016-04-29,60.994144439697266,61.016982055956916,60.423180800636175,60.65156277137512,9391000
2016-05-02,61.64122772216797,61.8924530860077,60.91800371791497,60.91800371791497,7862600
2016-05-03,61.74017333984375,62.19694288969397,61.42804970723307,61.51179146898861,7617500
2016-05-04,62.120811462402344,62.250228428082245,61.565077053005325,61.565077053005325,7365900
2016-05-05,61.89243698120117,62.49384667175702,61.60314513151885,62.12081886405851,6399500
2016-05-06,62.52431106567383,62.61566732169413,61.793478441935584,61.983799619205165,6297200
2016-05-09,62.516700744628906,62.98108486951834,62.40250687966341,62.58521357872346,6718800
2016-05-10,62.7907829284668,62.94303758962492,62.51671989186775,62.53955751022717,6222400
2016-05-11,62.539554595947266,63.10290378575245,62.52432564565529,62.80600314462926,5975000
2016-05-12,62.73749542236328,62.98871504129383,62.509107614451985,62.79078513645682,4925000
2016-05-13,61.839149475097656,62.74507418288363,61.66405146473944,62.74507418288363,6579000
2016-05-16,62.143672943115234,62.341608607234605,61.4737444444351,61.67168010855447,6497200
2016-05-17,61.37477493286133,62.47102095718255,61.154001671704755,62.151282775428086,10188200
2016-05-18,60.788570404052734,61.48895079895853,60.45360915022052,61.35191934707346,8344100
2016-05-19,61.047428131103516,61.07026574511263,60.48407321421641,60.62871918046336,6242500
2016-05-20,60.91799545288086,61.28341464235519,60.742903235033076,61.23773942172377,6526800
2016-05-23,61.055030822753906,61.15400155129831,60.78858233848313,60.94084276388168,5620600
2016-05-24,61.64122772216797,61.95335145239831,61.13116832877829,61.13116832877829,6293300
2016-05-25,62.02949142456055,62.25025891737172,61.67168661984761,61.724976326412786,6049800
2016-05-26,61.831546783447266,62.120832890307184,61.73257605120295,62.02948243979435,4622300
2016-05-27,61.99141311645508,62.16651115236821,61.78586880382265,61.86960477701267,4322200
2016-05-31,61.69449996948242,62.288300982832446,61.466112283667734,62.10559431906477,6705000
2016-06-01,62.265480041503906,62.27309451523981,61.5574849957486,61.625997834946695,6184100
2016-06-02,62.38727951049805,62.38727951049805,61.91528670864901,62.067541327024564,5186300
2016-06-03,62.78316116333008,62.79838430442115,62.257872769481665,62.37206665616293,6306700
2016-06-06,63.011531829833984,63.057212861200746,62.60044320452226,62.729860209088585,5292300
2016-06-07,62.66895294189453,63.102884965512835,62.61566324805162,63.003920050702,6327500
2016-06-08,62.92017364501953,62.99630094374639,62.44056062757317,62.70701488532808,4712600
2016-06-09,63.31605911254883,63.38457776877647,62.752709953992685,62.866903842277125,6144900
2016-06-10,63.3388786315918,63.445458014701096,62.88972348965128,63.011526009715865,6840800
2016-06-13,62.85927963256836,63.4911473494951,62.82882754653245,63.1561802112416,6167400
2016-06-14,63.45307540893555,63.468304354732815,62.630886580114165,62.844051164288665,6868600
2016-06-15,63.1485595703125,63.56726845223631,63.04959465646731,63.49114114865225,7082200
2016-06-16,63.49878692626953,63.651041608499014,62.92782315569321,62.935431824104015,6630100
2016-06-17,63.285606384277344,63.521608633192415,62.69180514095096,63.422637887209774,11741700
2016-06-20,63.217071533203125,63.71951633031009,63.20945706120656,63.58248487507358,6164300
2016-06-21,63.49878692626953,63.780458669208464,63.25517014167223,63.25517014167223,6594700
2016-06-22,63.62055587768555,63.76520181503777,63.40739711199222,63.567266186262216,4940100
2016-06-23,64.1077880859375,64.1077880859375,63.62056631069969,63.80327302437844,7361300
2016-06-24,62.6232795715332,63.810881816922624,62.41772945482123,62.889728048621706,12401100
2016-06-27,61.839149475097656,62.34159428161435,61.66405146473944,62.29591906506023,9601800
2016-06-28,62.77554702758789,62.79838464341896,61.62600529623777,61.99903904861977,9257100
2016-06-29,63.87940979003906,63.87940979003906,63.118124996782825,63.156185751560415,7927500
2016-06-30,64.45797729492188,64.55694802795338,63.81088643002906,63.87940507660023,10969300
2016-07-01,64.54170227050781,64.70157132667985,64.33615800061236,64.34376666413952,9531100
2016-07-05,65.04415893554688,65.43240990477692,64.29048298980251,64.31332640694013,11403100
2016-07-06,64.7320327758789,65.08983749021539,64.51125953068957,64.99087257677503,8356500
2016-07-07,64.57976531982422,64.89188894358077,64.35137764730788,64.88428028046606,7905700
2016-07-08,65.2953872680664,65.3943579979512,64.5341025551872,64.69397745605629,6827300
2016-07-11,65.2801513671875,65.43240595674115,64.64067512129382,65.17357199287189,6156800
2016-07-12,65.2801513671875,65.42479729296167,64.85383386992504,65.08221575425553,6649800
2016-07-13,65.38674926757812,65.58468493659136,65.02133582586039,65.32584509124452,7572100
2016-07-14,65.37152099609375,66.1480288548968,65.35629204913481,65.80545305415987,11342600
2016-07-15,65.47809600830078,65.83590073204063,65.3106124518148,65.66080270258499,8491300
2016-07-18,65.4172134399414,65.5085697213176,65.24211535267278,65.4857262948663,4781300
2016-07-19,65.59989929199219,65.6075137650497,65.13551517388346,65.21925695309265,6078200
2016-07-20,65.46180725097656,65.77638274086404,65.31602779433052,65.50784040416738,6289000
2016-07-21,65.41575622558594,65.50015421914833,65.12419739195049,65.23161195581996,5407000
2016-07-22,65.7686996459961,65.96818637209904,65.5615387775204,65.59990363572864,6165600
2016-07-25,65.83008575439453,65.83008575439453,65.33137183053508,65.62292487120162,5605300
2016-07-26,65.42343139648438,66.0449081284347,65.34670753617041,65.73800683352353,5379300
2016-07-27,64.80196380615234,65.44645714353203,64.69454922553167,65.40041814208344,7744700
2016-07-28,65.07051086425781,65.20094789369195,64.755941213638,64.77128364751795,5911600
2016-07-29,65.66896057128906,65.82241416732676,65.06283789132263,65.13188761929749,7520900
2016-08-01,66.2981185913086,66.42854977158157,65.53853638079865,65.55388466886416,10420600
2016-08-02,66.566650390625,66.8658775965271,66.16767688031796,66.76613129212217,13083200
2016-08-03,65.96049499511719,66.53593259595353,65.56919578752537,66.37481077015782,8192100
2016-08-04,66.02188110351562,66.39015791618137,65.83006855626968,66.07558838259831,5564100
2016-08-05,65.81473541259766,66.32112346355619,65.62292282123258,66.04491286369803,6729700
2016-08-08,65.79939270019531,65.90680728260905,65.31602122567773,65.68430397513609,5388200
2016-08-09,65.97586822509766,66.24440472679848,65.73802244554216,65.87612776836784,4158800
2016-08-10,66.22135925292969,66.61265847246855,65.98351357715809,66.18300025722849,5981400
2016-08-11,66.54362487792969,66.75077989509913,66.29043085965715,66.52060245055036,7387100
2016-08-12,66.7814712524414,67.09604085244558,66.58198452216092,66.6893991030068,8063400
2016-08-15,66.76612854003906,67.18811860976635,66.74311196417324,67.14975374755255,6871200
2016-08-16,66.42852783203125,67.05767280082183,66.34412983651563,66.73542910175577,8071100
2016-08-17,66.72010040283203,66.8351891444671,65.96052407389108,66.32880102273542,6762100
2016-08-18,67.08837890625,67.10372133911179,66.7047536944872,66.7047536944872,7082800
2016-08-19,66.98861694335938,67.06534665069799,66.78913609451246,66.90421894821075,6199900
2016-08-22,66.63567352294922,66.91188404178529,66.42851856064917,66.8581767661035,5921100
2016-08-23,67.05768585205078,67.13440972100074,66.78147524090619,66.85052496686434,5420100
2016-08-24,66.98861694335938,67.09603150924765,66.41317926024865,66.9962910848242,5713300
2016-08-25,67.44132232666016,67.47201305010283,66.78148640678513,66.98097318233401,10595500
2016-08-26,67.19575500488281,67.90162358529965,66.88117970168344,67.41825820268541,16408200
2016-08-29,67.74819946289062,67.82492331721222,66.99629164176719,67.04999892515781,8934500
2016-08-30,67.16509246826172,67.74820433965927,67.10371103892403,67.3031977574439,11619400
2016-08-31,66.98861694335938,67.40293277763767,66.7737878115828,67.32620892395387,11407800
2016-09-01,67.75586700439453,67.75586700439453,66.73542863121362,67.02698161588604,29793300
2016-09-02,67.67147827148438,68.18554045280996,67.54872125985159,67.88631328573904,17470400
2016-09-06,68.0090560913086,68.0090560913086,67.42594431030322,67.70982898674168,14472100
2016-09-07,67.47966766357422,67.83260798480059,67.29552921389734,67.75587826491743,17556400
2016-09-08,67.34921264648438,67.65611385632684,67.23412396108674,67.47964375822997,23465700
2016-09-09,66.16764068603516,66.88118344525438,66.16764068603516,66.82747617751329,21955000
2016-09-12,67.70983123779297,67.80957165807973,65.95282754912726,66.01420897099047,16105700
2016-09-13,66.78915405273438,67.44898990840993,66.75846333227778,67.17277927795708,19682700
2016-09-14,66.75843811035156,67.21111289533476,66.65102355616389,66.84283609630677,25397900
2016-09-15,67.56405639648438,67.72517824953779,66.55896042348945,66.55896042348945,13833600
2016-09-16,67.55640411376953,67.60243726736086,66.98096627925243,67.22648618783347,23518300
2016-09-19,67.80192565917969,68.246926479837,66.94260303157267,67.45665943794043,19173900
2016-09-20,67.96305084228516,68.24692978156054,67.65614947088815,67.90166939727439,33986500
2016-09-21,67.36456298828125,68.12413896930772,66.32110235507237,67.93232643899218,55409800
2016-09-22,68.27762603759766,68.51547769287673,67.34157941312084,67.34157941312084,52692700
2016-09-23,67.33392333984375,68.23927940360457,67.12676237196806,68.00142770516734,48281400
2016-09-26,67.40293884277344,67.84794542929936,66.45155009344468,67.07302097395669,60276600
2016-09-27,67.79423522949219,68.13949551413404,67.25716237479261,67.56405780396088,65150800
2016-09-28,68.63822174072266,68.84538263177764,67.87864546538545,68.26994481786782,89806000
2016-09-29,67.69451141357422,68.49244674962253,67.16510671712184,68.40805458344877,74587500
2016-09-30,68.86070251464844,69.22131102986135,67.74051797283751,67.74819211353363,123735700
2016-10-03,68.0244140625,68.63053664520704,67.83260148847354,68.5538127863275,26789500
2016-10-04,67.78657531738281,68.03976936788656,67.47967397013491,67.74054216407534,23317600
2016-10-05,68.17018127441406,68.28526997881715,67.67914159903854,67.88630243769505,64580300
2016-10-06,68.45408630371094,68.84538567348159,67.87864846437733,67.9860630594271,61462800
2016-10-07,69.05253601074219,69.09090087221055,67.74821267200169,68.29295975364771,20518800
2016-10-10,68.33130645751953,69.30571756826308,68.11647732075384,69.19830299988024,15492400
2016-10-11,67.93235778808594,68.37736446865445,67.67148958257259,68.1548611283702,11723100
2016-10-12,67.95536804199219,68.2929600928916,67.77122958407251,68.08579920578295,17118000
2016-10-13,67.70217895507812,67.95537301176952,67.2111391289438,67.55640534815656,11158100
2016-10-14,67.84794616699219,68.25458790081791,67.68682430190965,67.90165345535303,7369000
2016-10-17,67.38758087158203,68.01672574915963,67.29550874791677,67.84792978260033,7610600
2016-10-18,67.09603881835938,67.7251838529502,67.08837052971403,67.67915070645626,10749500
2016-10-19,66.13729858398438,67.12696026913086,66.05998237086648,66.99552211694555,12788800
2016-10-20,65.6656723022461,66.12184216029672,65.55742840715443,66.01359826520505,10175100
2016-10-21,65.2017822265625,65.61156361204485,65.13219348059982,65.26363757878465,13974100
2016-10-24,65.02392578125,65.4878289555422,64.99299811645066,65.24814692690849,10573200
2016-10-25,67.24295043945312,68.10117413707296,67.24295043945312,67.64499836411238,20761200
2016-10-26,67.57540130615234,67.83827760563133,67.09603135558326,67.19654773973016,8464100
2016-10-27,66.94140625,67.73004113349631,66.84088985486505,67.66045830503317,6598300
2016-10-28,67.1424331665039,67.44397647966426,66.84089575219356,67.1656333435547,7021100
2016-10-31,67.11151885986328,67.62954412680291,67.02646923109998,67.27388472417941,8207100
2016-11-01,67.1501693725586,67.25841327459791,66.86409873096194,66.94141496115427,8564500
2016-11-02,67.06510162353516,67.58313261339742,66.92593008726372,67.08829589643895,7773200
2016-11-03,66.95687103271484,67.25068094470788,66.85636053057765,67.11150938082955,6899900
2016-11-04,65.78164672851562,67.05738503529668,65.77391333667403,67.02645736677991,9378100
2016-11-07,66.92591857910156,66.93365196835593,66.18367247956883,66.50840404208047,8878500
2016-11-08,67.6218032836914,67.79963591483664,66.94913972090289,67.08831128910569,7674600
2016-11-09,66.43883514404297,66.9104717068846,65.18629127076456,65.92081003365918,11972500
2016-11-10,64.14252471923828,66.26102017062495,63.53944984539358,66.11412109805408,22095000
2016-11-11,64.62187957763672,64.99299976695555,63.90282757462629,63.91828845799414,8905700
2016-11-14,64.17345428466797,64.77652917629815,63.98789414082421,64.60642991992027,12862500
2016-11-15,64.65283203125,65.39507859331557,64.0806788468411,65.39507859331557,9464000
2016-11-16,64.3203353881836,65.10123674067083,64.30486860760752,64.93114344627303,8542900
2016-11-17,64.22756958007812,64.56003466520625,64.11932568248757,64.38220203410748,9083700
2016-11-18,63.40026092529297,64.25075105061859,63.39252753447806,64.11157951019449,14565500
2016-11-21,63.895111083984375,63.980160712126064,63.176058890782286,63.40028010144214,11482100
2016-11-22,63.987892150878906,64.31262386721939,63.91057591825267,64.18118568186972,7426500
2016-11-23,63.92601776123047,64.1193112346378,63.8023071068024,63.856429043402514,7693300
2016-11-25,64.52909088134766,64.52909088134766,64.13477055353184,64.1656982163849,3882900
2016-11-28,64.22756958007812,64.45179076761569,63.98788750667762,64.27395813651692,6990100
2016-11-29,64.08838653564453,64.54456222138904,63.93375410930511,64.49816777440806,6183100
2016-11-30,63.75591278076172,64.04198921905467,63.60128037559416,63.80230132254236,12115500
2016-12-01,63.292022705078125,63.64768202931074,62.7662641608105,63.56263241929322,12516900
2016-12-02,63.70952224731445,63.92600996732053,63.45437347780101,63.6708611978071,9079400
2016-12-05,64.16568756103516,64.23527626561078,63.77137319754769,63.83322261413456,8597500
2016-12-06,64.10387420654297,64.36675059675095,63.87191959259991,64.35901720325928,7327200
2016-12-07,65.08578491210938,65.16310112919882,63.949218234461846,63.97241250970375,8567700
2016-12-08,64.5600357055664,65.08579431612861,64.5600357055664,64.78425689671721,7522800
2016-12-09,65.23267364501953,65.25586791449822,64.53681606641993,64.57547121593515,8004500
2016-12-12,65.82028198242188,65.85894303108705,65.1089635182261,65.1089635182261,7494100
2016-12-13,65.85897064208984,65.99814221724444,65.3564062929844,65.46465019601015,11795900
2016-12-14,65.23267364501953,66.29191794353157,65.0780353504153,65.94399210365567,12292200
2016-12-15,65.47236633300781,65.56514932494062,64.6450704928653,65.06258510828985,8768100
2016-12-16,65.47236633300781,65.81256473791272,65.06258510828985,65.64246553546026,21172400
2016-12-19,65.49556732177734,65.70432760031893,65.1940299406389,65.52649498892607,6431200
2016-12-20,65.38732147216797,65.49556535451256,65.09351749135392,65.38732147216797,7485400
2016-12-21,65.16307067871094,65.5110023413,65.03936596894447,65.09348788550102,6099300
2016-12-22,65.31001281738281,65.41825671225948,64.84610956807572,64.94662007078979,7864800
2016-12-23,65.6888427734375,65.85894194660678,65.3718445952247,65.47235506171214,5284200
2016-12-27,65.41051483154297,65.67339704130674,65.27134328492664,65.6424693755199,3782600
2016-12-28,65.00074768066406,65.43372329788868,64.90796466318005,65.2558965546073,4298800
2016-12-29,65.21723175048828,65.325475648589,65.02393823261555,65.13218213071627,3718300
2016-12-30,65.00846862792969,65.29453922075034,64.88475796163485,65.07805145358361,6209800
2017-01-03,65.10126495361328,65.24816993850806,64.56004537587093,64.85384944680949,8792700
2017-01-04,65.33320617675781,65.41052240074734,65.13217927530523,65.29454511533817,8096700
2017-01-05,65.76616668701172,66.05224313898438,65.24040822591368,65.26360839676154,6852400
2017-01-06,65.74298858642578,65.91308782139375,65.42599029304446,65.67340575331154,4799900
2017-01-09,65.25586700439453,65.45689383515248,64.7533028769235,64.99298485665756,11000600
2017-01-10,64.55228424072266,65.27906956036824,64.35899077476147,65.20948084522102,10918200
2017-01-11,64.75333404541016,64.75333404541016,64.38994125680192,64.47499088387409,9572300
2017-01-12,64.82290649414062,64.85383416255867,64.45951966264009,64.72239599591914,6545400
2017-01-13,64.95436096191406,64.96208845611892,64.51365193936512,64.83065026842988,6762800
2017-01-17,65.88216400146484,66.16824054052388,64.85384103822989,64.86930782350346,13145100
2017-01-18,66.18608856201172,66.47443230939746,65.92112291254381,66.08478148916792,10520400
2017-01-19,66.00685119628906,66.24064408305753,65.67954591129327,65.95230031545643,14074500
2017-01-20,68.14991760253906,68.56295241490749,67.34723796400982,67.71351064075981,22944400
2017-01-23,67.76805877685547,68.0719858909181,67.68233513487895,67.86936583301011,9408900
2017-01-24,68.46944427490234,68.53957857036491,67.9706916885025,67.9706916885025,8704700
2017-01-25,67.92393493652344,68.50061649503625,67.84600001473541,68.45385435284348,8082900
2017-01-26,67.4875259399414,67.97848981546393,67.47973125818388,67.89276615293143,6542300
2017-01-27,67.58104705810547,67.68235414271108,67.03553227908974,67.37063226121643,9332300
2017-01-30,67.6043930053711,67.69011663065108,67.40956766529798,67.62777109488427,7350000
2017-01-31,68.26679229736328,68.31355441809974,67.43294014899382,67.5108690894252,9712400
2017-02-01,68.05641174316406,68.25902588306089,67.60441537767205,67.82261887946834,8291000
2017-02-02,68.39149475097656,68.85127973802915,67.99404935929519,68.27459834805875,8997200
2017-02-03,68.11875915527344,68.71102412039812,68.1031697929493,68.6720626057871,7161900
2017-02-06,68.11095428466797,68.41488140292469,67.90053954396792,68.18888324783146,7483000
2017-02-07,68.58634185791016,68.7967506934102,68.17331292280272,68.29799809868425,6646100
2017-02-08,68.83570861816406,68.8434973529776,68.43046847509484,68.63308854662945,6815800
2017-02-09,69.10066223144531,69.1863858716632,68.60190974959495,68.83570257666169,9914100
2017-02-10,68.55516815185547,69.14743907969522,68.55516815185547,69.01495327851012,11057600
2017-02-13,68.82010650634766,68.85907395559181,68.29797598182488,68.60969773898405,6905100
2017-02-14,68.46944427490234,68.74999334795224,67.97848636986494,68.57854603157732,20123400
2017-02-15,71.00996398925781,71.03334208598062,69.98907484943304,69.98907484943304,25847700
2017-02-16,70.75279235839844,71.00996331109208,70.55796696010312,70.85409942509625,12408500
2017-02-17,70.98660278320312,71.19701761259729,70.48785007400394,70.61254122410439,12152400
2017-02-21,71.4385757446289,71.5398887571028,70.5891398604669,70.5891398604669,9018700
2017-02-22,71.25934600830078,71.53989508279014,71.11127678965366,71.26713474410337,6749900
2017-02-23,71.01775360107422,71.53989019859294,70.84631224112418,71.39182099005485,7611600
2017-02-24,70.9554214477539,71.18141370634699,70.65928299955597,70.89307588543855,6643400
2017-02-27,70.83071899414062,70.84630835502607,70.18389726617445,70.55016995419383,11840300
2017-02-28,70.97101593017578,71.5321141872912,70.64371059539212,70.83853604880159,10535600
2017-03-01,71.43077087402344,71.61000687074464,70.69043095908523,70.95539653308776,8792200
2017-03-02,70.8463134765625,71.3762328729935,70.82292943354389,71.22816960747289,7031200
2017-03-03,70.52678680419922,70.84630327786252,70.05141240644568,70.84630327786252,8334900
2017-03-06,70.42550659179688,70.5346083693655,69.8176461867133,70.05143910756091,9533800
2017-03-07,70.36314392089844,70.51900186652047,70.18390193239354,70.24624748888216,5363000
2017-03-08,70.2462387084961,70.40989131462342,69.95010627058933,70.15272038545244,5503700
2017-03-09,70.40209197998047,70.51898838965671,70.21506129185751,70.2462340641444,5587400
2017-03-10,70.97101593017578,71.04115618511571,70.64371059539212,70.760607056558,6797800
2017-03-13,71.15804290771484,71.29831746451659,70.79956480602165,70.96321746469025,7397500
2017-03-14,70.91645050048828,71.37623562237279,70.77617596497102,71.11907059525761,6686400
2017-03-15,71.2281723022461,71.52430479009044,70.706041621468,70.91645045179955,7855300
2017-03-16,71.25934600830078,71.47754952277032,70.99438035101645,71.25934600830078,6601200
2017-03-17,70.91645050048828,71.6957521543398,70.85410494123622,71.26713386648156,37010100
2017-03-20,71.08789825439453,71.23596747213215,70.86969474126529,70.8852781583746,7772900
2017-03-21,71.06450653076172,71.50091347334806,70.93981543539495,71.1502301724267,8211000
2017-03-22,70.90864562988281,71.53988392180389,70.72161492460198,71.1580218854569,7798000
2017-03-23,70.7372055053711,71.27492552632572,70.60472565677632,70.84631320223684,6831400
2017-03-24,70.58132934570312,70.85408365348354,70.30078035895814,70.7371872514068,9252000
2017-03-27,70.51898193359375,70.69822387143405,70.2774004024853,70.48780916416075,10072000
2017-03-28,70.72941589355469,70.96320280954271,70.2384520733409,70.26962485125918,11855800
2017-03-29,70.60474395751953,70.815158779215,70.44109128820143,70.57357117113499,4252800
2017-03-30,70.29299926757812,70.58134298902434,70.21507029966268,70.5267921169236,3691900
2017-03-31,70.0202407836914,70.40209686590958,70.01244610367914,70.16051529591832,6942400
2017-04-03,69.8877944946289,70.18392707563946,69.70855244191091,70.02806907418162,6967400
2017-04-04,70.0670394897461,70.10600101894588,69.68517726261565,69.94234832686222,5680800
2017-04-05,70.11378479003906,70.52681379800192,69.95013212342741,70.13716289304058,6320100
2017-04-06,69.66954803466797,69.98905852468715,69.59940781526015,69.95788575446124,7231500
2017-04-07,69.53710174560547,69.83323428712602,69.4981342776366,69.71633782882024,4739100
2017-04-10,69.73970794677734,69.88777717338542,69.16302634958826,69.45915885720424,5956000
2017-04-11,69.98127746582031,69.99686087984323,69.58383203385151,69.87217573086396,5186000
2017-04-12,70.37873840332031,70.46446207057116,69.79426209693747,69.90336386514757,6286300
2017-04-13,70.1605224609375,70.55796794376863,69.97349174073436,70.17611182255408,5040100
2017-04-17,70.44107055664062,70.59692849709165,70.23845047757483,70.31638539339966,6931700
2017-04-18,70.76058197021484,71.01774695888736,70.4020980309038,70.44886016615244,7087800
2017-04-19,70.3600845336914,71.02756182734272,70.2815588505193,70.75271894067755,6919000
2017-04-20,70.14808654785156,70.4386322656479,70.13237781162461,70.4386322656479,6983500
2017-04-21,69.59052276611328,70.1087970554013,69.58266840064856,70.02241700866573,9061200
2017-04-24,70.32087707519531,70.40725718837362,69.89683088081,69.98321099398831,8338500
2017-04-25,70.67420959472656,70.8705268436008,70.25801798569348,70.34439805448831,9088400
2017-04-26,68.89950561523438,70.67421536753483,68.79742279428716,70.55642381036344,11951300
2017-04-27,68.8602294921875,69.29212377829947,68.49900652900935,68.7738494367399,8517500
2017-04-28,68.5775375366211,68.78170314612548,68.43618888866531,68.72673456031637,8295400
2017-05-01,68.38907623291016,68.78956511154429,68.38122785630372,68.61680496816771,4546600
2017-05-02,67.70587158203125,68.54610889245691,67.54881423967949,68.54610889245691,13197500
2017-05-03,67.87080383300781,68.02785524563556,67.45461219752961,67.7687210139125,6122000
2017-05-04,67.88651275634766,68.5068760776047,67.76872718172055,68.2006216013184,5986200
2017-05-05,67.92572784423828,68.01210786182719,67.6351763313371,67.95713930437275,4506200
2017-05-08,67.96503448486328,68.02000307533014,67.72159702040115,67.79227434593113,4634600
2017-05-09,67.84725189208984,68.17706347842545,67.70590321349918,68.16136073241663,9577600
2017-05-10,67.91790771484375,68.15349078903404,67.83938202048914,67.9100593391968,6178500
2017-05-11,67.66664123535156,68.02786432551079,67.43891246285654,68.01216157860306,6064700
2017-05-12,67.68232727050781,67.78441006898649,67.470301316041,67.72158712017216,5892400
2017-05-15,67.79227447509766,68.09067453946818,67.72945151697954,68.0435603164431,5820700
2017-05-16,67.72160339355469,68.31840956844998,67.68234353445628,68.22417512258411,6554500
2017-05-17,67.73729705810547,68.0278427170703,67.47815688298041,67.72158832505933,7805800
2017-05-18,67.4310531616211,67.70589612144487,67.15620421067014,67.67448464158969,6985600
2017-05-19,67.72160339355469,67.8315405848344,67.27400026016512,67.53314049295055,7320700
2017-05-22,67.6980209350586,67.84722392070563,67.55667231474175,67.72943240525404,4260000
2017-05-23,67.59598541259766,67.95720858572037,67.51745967776742,67.75303688225813,4394200
2017-05-24,67.92572784423828,68.04351932196164,67.69799925160602,67.88646202128935,4878800
2017-05-25,68.20842742919922,68.30266181296653,67.96499609337154,67.98855319153246,4368000
2017-05-26,68.51472473144531,68.61680755131667,68.17705879971402,68.26343887465417,4337000
2017-05-30,68.63249969482422,68.79740543680771,68.39691663991869,68.51470816737145,4594500
2017-05-31,69.17434692382812,69.37851855193848,68.67177521703903,68.84453536458416,10146600
2017-06-01,69.20574188232422,69.21359624837223,68.60894186744584,69.1193618291739,6251300
2017-06-02,69.56696319580078,69.63764050631472,69.11151182489455,69.41776619116156,6136400
2017-06-05,69.68477630615234,69.70048504274423,69.10367886593183,69.33926198578945,4115300
2017-06-06,69.73188018798828,69.8653744621063,69.45703128217022,69.70046871329119,6503000
2017-06-07,69.70832061767578,69.80255504653779,69.41777494648932,69.63764928937415,4781600
2017-06-08,68.98585510253906,69.73186397309017,68.60107511144417,69.70830087920187,7712100
2017-06-09,69.22930145263672,69.2685612986243,68.7502869972588,68.98586404656109,9696900
2017-06-12,69.29212188720703,69.62193935860849,69.17433036107265,69.22930493224446,7867700
2017-06-13,69.1507797241211,69.41777427441527,68.92305101658755,69.38636279843205,6419300
2017-06-14,69.44918060302734,69.69261203494683,69.15077459886693,69.48844045175171,6183900
2017-06-15,70.18732452392578,70.37579335312556,69.28427017962733,69.28427017962733,7047500
2017-06-16,70.4072036743164,70.49357773071475,69.73972039960928,70.45431788528377,13855000
2017-06-19,70.56427764892578,70.56427764892578,70.04599719771211,70.36010601743608,5246200
2017-06-20,70.3836441040039,70.83910146992575,70.36794136326989,70.49358126251941,5674200
2017-06-21,70.2030258178711,70.63492002566598,70.11664577808712,70.37578589743903,4164500
2017-06-22,69.9124984741211,70.2109045299905,69.81041566039723,70.10096135758326,4536700
2017-06-23,70.2187271118164,70.51713305806743,69.81039001579506,69.91247279201919,8782100
2017-06-26,70.17163848876953,70.42292432973136,70.10096116321279,70.38365848318573,4373300
2017-06-27,69.58268737792969,70.17163913477405,69.58268737792969,70.17163913477405,5180400
2017-06-28,69.39423370361328,70.05385688308655,69.30785362185448,69.95177405515699,4875000
2017-06-29,68.3105697631836,69.27645356805901,68.26345552577027,69.11939612479979,8123500
2017-06-30,68.43618774414062,68.68747355951213,68.31839620762634,68.35766205017323,6070300
2017-07-03,68.89950561523438,69.10367724825628,68.45975685899717,68.63251701069821,3607400
2017-07-05,68.84452056884766,69.10366073447219,68.70317193224574,68.9937235716847,4974300
2017-07-06,68.60895538330078,69.06440685466784,68.60110101570548,68.82882974695255,6038900
2017-07-07,68.82884216308594,68.96233648065187,68.53829042091759,68.86025364800642,5142200
2017-07-10,68.38907623291016,69.00159110246179,68.23202482500083,68.81312222361798,5356400
2017-07-11,68.1377944946289,68.67177770130054,67.77657144175214,68.49902353863321,5838600
2017-07-12,68.28697967529297,68.68746847333557,68.18489687980704,68.50685399857095,4374200
2017-07-13,68.08280181884766,68.3576506887417,67.92575045701571,68.13777039460139,5448900
2017-07-14,68.3969497680664,68.54615284118167,68.10640398289947,68.28701255349586,4577700
2017-07-17,68.75025939941406,69.03295653799653,68.11418784204194,68.37332788426306,5227800
2017-07-18,69.60623168945312,69.70046611002482,68.67961418943898,68.79740571737211,7492300
2017-07-19,69.92282104492188,69.97031093845821,69.32924869982385,69.54293812541201,6008500
2017-07-20,70.12068176269531,70.68259621767866,69.89116638731387,69.89908237629403,7285000
2017-07-21,70.12858581542969,70.18398565260067,69.49543964365041,69.77244486763472,5714800
2017-07-24,69.78826904296875,70.12066805760324,69.6220695356515,70.0811001966968,6202000
2017-07-25,70.54805755615234,70.59554141576511,70.07320084563263,70.17608455417052,6766700
2017-07-26,70.67467498779297,70.7696426878773,70.33435997352207,70.43724366132324,6987000
2017-07-27,71.76683044433594,71.82223027023689,70.43722858458494,71.45817340886947,11089200
2017-07-28,71.39486694335938,72.02009708216463,71.19700953379298,71.67186610912653,6137500
2017-07-31,71.87763977050781,72.075497180803,71.39486720633725,71.39486720633725,7835700
2017-08-01,72.0992431640625,72.59784773048682,71.79850205720463,72.04384332758528,8662100
2017-08-02,72.05174255371094,72.25751591481266,71.64811181719968,71.99634273012138,7167700
2017-08-03,71.9093017578125,72.61367369534919,71.87764384579486,71.9093017578125,6413200
2017-08-04,71.75894165039062,72.08343078086278,71.64814195660269,71.77477362843487,5824400
2017-08-07,72.36833190917969,72.46329960642653,71.64021201422135,71.75892767390917,5011300
2017-08-08,72.4791259765625,72.76404112252904,72.20212681746416,72.33666840357924,5623400
2017-08-09,72.74822998046875,72.76406195873865,72.43165683450661,72.43165683450661,5572800
2017-08-10,72.60578155517578,72.81155503181202,72.56621368075467,72.70075532242281,6338200
2017-08-11,72.28919982910156,72.87486226740602,72.24963195935489,72.76406257110638,7094200
2017-08-14,72.53453826904297,72.77196357271634,72.21796515934862,72.44748051292378,5398400
2017-08-15,72.96980285644531,73.09643448406874,72.71654563932681,72.74029359810247,5293400
2017-08-16,73.15978240966797,73.56340731409063,72.96192493325769,73.0410667161956,7965500
2017-08-17,72.86692810058594,73.34178468600092,72.86692810058594,73.12810133590935,5711400
2017-08-18,73.18350982666016,73.42885111654982,72.69282120875103,72.79571094048266,6815000
2017-08-21,73.49215698242188,73.57129873893497,73.09644216172744,73.11226809777847,4334300
2017-08-22,73.43677520751953,73.57131683048914,73.27848561744017,73.53174896156715,4731500
2017-08-23,73.15978240966797,73.33389795500997,73.03315072646251,73.20726627180451,3631900
2017-08-24,73.02519989013672,73.26263116378261,72.84317448005257,73.15974749887106,5173700
2017-08-25,73.21516418457031,73.49216337552687,73.13602242117265,73.32596386095294,4933000
2017-08-28,73.18350982666016,73.37345127566732,72.79571094048266,73.22307769121635,5386500
2017-08-29,73.06478118896484,73.35761231773107,73.00146537115668,73.19141282458118,3676300
2017-08-30,72.70866394042969,72.87486348766208,72.5424643931973,72.87486348766208,4709600
2017-08-31,73.02519989013672,73.12017360722069,72.68488495157926,72.72445884322963,5864400
2017-09-01,73.23098754882812,73.33387727194632,73.01730419134985,73.14392980071086,4960700
2017-09-05,73.38136291503906,73.39718885229769,72.84319047630424,72.95399015150294,6532100
2017-09-06,73.38136291503906,73.53173649057848,73.0964477393483,73.43676275263842,6747200
2017-09-07,73.57923126220703,73.88788840866593,73.07271666093447,73.39719974700111,7735400
2017-09-08,73.47633361816406,73.721680941672,73.2151663948803,73.41302382841236,6070100
2017-09-11,74.38648986816406,74.54477946095163,73.52383423046145,73.67420179594643,10177300
2017-09-12,74.006591796875,74.3785647162418,73.7691604752832,74.17279130673752,5804000
2017-09-13,74.03824615478516,74.2123556057145,73.95909835930112,73.99867225704314,5369300
2017-09-14,74.03824615478516,74.11738791214015,73.74541501062976,73.78498890837177,5492300
2017-09-15,73.81665802001953,74.25194684432327,73.46051700968408,74.25194684432327,12428800
2017-09-18,73.72166442871094,73.99866356598469,73.49214913264746,73.73749036307159,6177700
2017-09-19,74.5289077758789,74.7505070495896,73.8720199015741,73.8720199015741,6587200
2017-09-20,74.71097564697266,74.92465903996889,74.25986089453147,74.52894413298081,5941500
2017-09-21,73.31804656982422,74.79010628774446,73.16767299535115,74.51310710171202,9376700
2017-09-22,73.00148010253906,73.6029684168369,72.87485447949895,73.24682743652355,6837700
2017-09-25,73.38136291503906,73.67418804029441,73.07270581439566,73.15184757694766,6436200
2017-09-26,73.32597351074219,73.48425705836782,72.96982647138908,73.460515130037,4885200
2017-09-27,71.9172134399414,73.22306751324868,71.4977506594164,73.22306751324868,9631200
2017-09-28,71.93305206298828,72.11508356876526,71.7272786299643,71.90931013574128,4999800
2017-09-29,72.00428771972656,72.36042872366906,71.78268229797597,71.99637173084574,6634500
2017-10-02,72.62950134277344,73.12810592113202,72.21004456538759,72.22587654083392,7302400
2017-10-03,72.90650177001953,73.0806112215602,72.46329705864318,72.7798701273037,5909900
2017-10-04,73.14393615722656,73.44468332708759,72.82736304911855,72.90651085474292,6140700
2017-10-05,72.83526611328125,73.32595464568648,72.76404034661354,73.1993230096611,6912800
2017-10-06,73.07271575927734,73.08854169868981,72.71656872212911,72.81154247299469,5241900
2017-10-09,72.90650177001953,73.30221659631292,72.75612820382675,73.12810110664317,5149000
2017-10-10,72.51078033447266,73.63460888955953,71.11786258220626,73.10435251980948,17125600
2017-10-11,72.38414764404297,72.5978370089891,72.07549059523492,72.09131652983577,7115400
2017-10-12,72.93025970458984,73.05688533697598,72.32877134589714,72.3446033237769,5984900
2017-10-13,73.6346206665039,74.006593594908,73.2784736754634,73.36553142628689,6956700
2017-10-16,73.71377563476562,73.89580715676851,73.37346055825371,73.5792340096199,4159100
2017-10-17,73.44467163085938,73.67418090860475,73.12809857316633,73.63461305022366,5316100
2017-10-18,73.4209213256836,73.56337889519023,72.81943917721438,73.42883731235858,7399700
2017-10-19,73.03022766113281,73.34917300088333,72.67141795602372,73.11793778164862,8585000
2017-10-20,70.36703491210938,71.73052007105285,69.84077428056523,71.53915533384377,19997800
2017-10-23,69.60955047607422,70.85343048754574,69.26668533401786,70.67003495805596,13358200
2017-10-24,69.35440826416016,69.7052426933237,69.19493253874317,69.66537832450213,11519000
2017-10-25,69.25870513916016,69.45804518248416,68.7962347786384,69.29060027609704,9024300
2017-10-26,69.76900482177734,69.98428935997121,69.45005958306005,69.5218251513743,6233800
2017-10-27,69.4022445678711,69.79294943024892,68.93179880497091,69.79294943024892,7433800
2017-10-30,68.78826141357422,69.43412730885436,68.70055738874349,69.29857753558126,5387100
2017-10-31,68.84407806396484,68.97165861842386,68.34971862387529,68.96368331292626,7119000
2017-11-01,69.28263092041016,69.48197098085176,68.66069090517253,68.83611113170126,4884100
2017-11-02,68.97964477539062,69.40224478260966,68.75638485334107,69.19492939068795,5021200
2017-11-03,69.03546142578125,69.49793189457138,68.9397759925698,69.19493106442354,5106500
2017-11-06,68.61283874511719,69.08327828208675,68.59688813649548,69.01151879341333,5186700
2017-11-07,69.35440826416016,69.3703527950134,68.11052193941535,68.60488756314263,6875100
2017-11-08,69.83280944824219,69.84875397593876,69.21086945068916,69.3623637556215,6910000
2017-11-09,69.99227142333984,70.30324138819303,69.60954196661672,69.64940632319723,5280000
2017-11-10,70.2952880859375,70.47867755116324,69.992287273758,70.15973220941574,7227300
2017-11-13,70.96507263183594,71.29199330218324,70.67004710615984,70.70194225083105,6873500
2017-11-14,70.86141204833984,71.00493714566947,70.54246671167662,70.75775131598292,5035500
2017-11-15,70.3510971069336,70.91722215099033,70.16770157386196,70.74977722951235,6688100
2017-11-16,71.1644058227539,71.68269122749403,70.78167020718969,71.63484547343836,7205100
2017-11-17,70.51054382324219,71.03679825078156,70.23146904474602,70.92516833938309,5941800
2017-11-20,70.38298034667969,70.61421552867041,69.93646059297367,70.51056089538163,4926200
2017-11-21,70.74181365966797,71.1325185412672,70.183657745435,70.31123832584605,6196400
2017-11-22,70.43081665039062,70.89328695236159,70.21552602416726,70.56636640267966,6006900
2017-11-24,70.52650451660156,70.93315990614762,70.50258468487097,70.63813445359455,2196700
2017-11-27,70.93315124511719,71.04478116848001,70.28729153375018,70.43081658998447,6199700
2017-11-28,71.28399658203125,71.37967590392677,70.8932918230829,71.34778685221158,4841300
2017-11-29,71.26805877685547,71.61092393645538,70.98898389889648,71.28400938895375,5158900
2017-11-30,71.75444030761719,72.0574410668977,71.1325003456472,71.2441302832636,9789900
2017-12-01,72.04947662353516,72.18502641345034,71.06075156271812,71.90595152733782,7953200
2017-12-04,72.88670349121094,73.28538361686016,71.62687283414917,73.1657783624902,9003700
2017-12-05,72.87872314453125,73.22955749414068,72.61559281979254,72.97440247470858,8683000
2017-12-06,72.7591323852539,73.18173240001428,72.6156072780356,72.87076234827073,6737400
2017-12-07,71.84214782714844,72.61558814091586,71.67470292675164,72.5996436147055,7273600
2017-12-08,72.05746459960938,72.05746459960938,71.42754912684013,71.77838358105005,5883400
2017-12-11,71.94580841064453,72.02554320830394,71.5630728651542,71.94580841064453,4856000
2017-12-12,71.64282989501953,72.16909067295612,71.61891005663641,72.12124491281288,6558900
2017-12-13,72.46409606933594,72.8867021045197,71.7385014178145,71.77836577959542,7141000
2017-12-14,72.5597915649414,72.9026567574295,72.48005674692999,72.5119518908099,5853500
2017-12-15,73.2694320678711,73.57242676947321,72.94251753237616,73.01427703405462,15924000
2017-12-18,73.26145935058594,74.26613499321245,73.20564437507203,73.34120024421388,7405700
2017-12-19,73.10198974609375,73.46079943399377,73.02225493582442,73.35714478898124,5644400
2017-12-20,72.98236846923828,73.33320885746451,72.83884340890707,73.19765910142246,6938500
2017-12-21,73.0940170288086,73.42093767088022,72.98238707380274,73.08604780586268,4860400
2017-12-22,73.46080780029297,73.70001834172022,73.13389321594427,73.26146771022917,4919400
2017-12-26,73.73987579345703,73.97110490379602,73.47674546094973,73.63621507153711,3431900
2017-12-27,73.43688201904297,73.95516742793556,73.30133222878105,73.74785204770328,4276700
2017-12-28,73.41294860839844,73.787708851428,73.28537414802943,73.5963441191869,3005400
2017-12-29,73.26145935058594,73.72392976677325,73.26145935058594,73.54850953419351,4346700
2018-01-02,72.28068542480469,73.30130525440369,72.20095064124989,73.29332995103599,7558900
2018-01-03,72.1929931640625,72.631537623588,72.17704255338853,72.34449354858751,5863600
2018-01-04,72.70330810546875,73.17374773467684,72.24881300463383,72.42423323361854,6322500
2018-01-05,72.75115203857422,72.79899779325034,72.21692209780542,72.77507187422412,5949700
2018-01-08,73.1338882446289,73.1737526099058,72.50397287284095,72.50397287284095,4860700
2018-01-09,72.59966278076172,73.07807777724888,72.56776763654568,72.93455266996506,6630100
2018-01-10,72.1371841430664,72.48802460632328,71.77039915119606,72.48802460632328,6564700
2018-01-11,71.88201904296875,72.17703840635548,71.6986235310086,72.08135908131122,5469700
2018-01-12,71.45145416259766,72.03352375203949,71.24413878939697,71.8022946274948,8111000
2018-01-16,71.93785095214844,72.37639548975652,71.4753804942694,71.87406066484581,9465300
2018-01-17,72.71924591064453,73.1418519156614,72.10528124933765,72.20893588261987,8345500
2018-01-18,72.45413208007812,72.83174940550929,72.044376457828,72.5023364604299,7699800
2018-01-19,73.16919708251953,73.32185246989188,72.50234117213411,72.53447947104164,9364000
2018-01-22,73.8280029296875,73.85210511687357,72.92814911964132,73.01652789249195,8658000
2018-01-23,71.54624938964844,72.47823549412259,71.18469814164492,72.16489475703828,18756300
2018-01-24,70.9516830444336,71.63461097229883,70.46158485443128,71.55426218331328,15141900
2018-01-25,70.97579956054688,71.54624665471847,70.71066934451665,71.2489720128019,11264400
2018-01-26,70.48571014404297,70.83921915575658,70.08399062137711,70.83921915575658,11503100
2018-01-29,69.78670501708984,70.49372905932557,69.65012187195666,70.4535607912142,11685800
2018-01-30,69.85901641845703,70.25270592959593,69.60191619166883,69.75457155842689,9662900
2018-01-31,69.36891174316406,70.22859725146301,69.16002204240675,69.74652900724804,11798100
2018-02-01,68.97522735595703,69.49746385946415,68.74222934270763,69.21626147442255,8606300
2018-02-02,67.68973541259766,68.7824129375314,67.65759711718748,68.74223853583041,12846300
2018-02-05,65.12675476074219,67.7861416670775,64.355454158373,67.480830964435,17462200
2018-02-06,66.1872787475586,66.24351921208935,64.37151167570796,64.70091835945928,19955500
2018-02-07,65.75344848632812,66.99878145771075,65.73738240252311,66.1230358411314,11851800
2018-02-08,64.45187377929688,66.05875168501954,64.39563329778669,65.90609632245501,14596100
2018-02-09,64.2108383178711,65.10265602754313,63.142263061452866,65.06248775857976,18838800
2018-02-12,65.34368896484375,65.61685525590644,64.74110977364398,64.76521196053157,10769000
2018-02-13,65.48027801513672,65.7454143543142,65.00625195092825,65.19907559316957,9278700
2018-02-14,64.82145690917969,65.28745298697773,64.49204398633016,65.12676151372689,9412000
2018-02-15,66.2114028930664,66.2114028930664,64.67683164710853,65.05444891201974,8910700
2018-02-16,66.36405944824219,66.88629601848125,65.9864421416116,66.05071873204938,10371700
2018-02-20,65.35171508789062,66.05874522025769,65.13478928893846,66.03464303479102,7087700
2018-02-21,64.46794891357422,65.72934800149663,64.42778063814255,65.32762846865823,9134500
2018-02-22,64.95001220703125,65.30352736332851,64.41170949521766,64.6527436708301,10277700
2018-02-23,65.11872863769531,65.17496911839054,64.66076868639063,65.08659034447624,10321800
2018-02-26,65.584716796875,65.63292730028023,65.1187268821428,65.44009754616431,9422200
2018-02-27,64.708984375,65.88200469869906,64.68488218330985,65.7936259093327,8919600
2018-02-28,63.086029052734375,64.90983905788862,63.06996296945143,64.82146027544925,16862000
2018-03-01,63.23065185546875,63.69664798351272,62.58790428242007,62.98962381423309,13504200
2018-03-02,63.87338638305664,64.00193953692602,63.00567098369356,63.05388148127046,9317700
2018-03-05,64.50811767578125,64.58846034937007,63.59219771141196,63.69664257410212,8177000
2018-03-06,64.29117584228516,64.61255261704527,63.76894547927114,64.60452264174656,9085300
2018-03-07,63.60024642944336,63.98589379104369,63.39135053288651,63.8975149936448,9089500
2018-03-08,64.25098419189453,64.26705026639671,63.487713863418385,63.60823087630934,7951700
2018-03-09,64.50811767578125,64.87769887809227,64.19477695795771,64.41973889590763,7662200
2018-03-12,64.16265106201172,64.77326653284379,64.08230837289668,64.45992575446711,7182000
2018-03-13,64.0501480102539,64.42776526176014,63.76090952525987,64.27510991419324,9620200
2018-03-14,63.47168731689453,64.14657320177973,63.359206336080334,64.0260622435886,8898100
2018-03-15,63.206539154052734,63.58415643192565,63.1020942998602,63.54398203352329,6996900
2018-03-16,63.447574615478516,63.78501750202536,63.34312362934303,63.41543632203319,17715400
2018-03-19,63.198509216308594,63.929635455602636,62.88516239403677,63.4475733232463,8368200
2018-03-20,62.91730499267578,63.55202252678803,62.63610257370276,63.26278400162921,8465500
2018-03-21,61.89693832397461,62.86106262578695,61.7683851478648,62.70841339134756,9822800
2018-03-22,61.39076232910156,62.2825737675912,61.358624041176014,61.72820515769242,10481600
2018-03-23,60.989036560058594,62.00940104376881,60.9086877837538,61.69606043138334,11728300
2018-03-26,61.39076232910156,61.76034344561798,61.077415554265315,61.51930935105214,12937000
2018-03-27,62.49952697753906,63.02176360723425,61.30240446067133,61.487192017026494,11288200
2018-03-28,63.343109130859375,63.58414321165313,62.62804912218957,62.62804912218957,12857800
2018-03-29,63.696651458740234,64.66881204319746,63.61630877394493,63.81716855081016,10036400
2018-04-02,62.18617248535156,63.76894810927758,61.91300007012585,63.680569339329764,12017200
2018-04-03,63.037811279296875,63.3109836750913,62.00941053460434,62.314715090137454,11933100
2018-04-04,63.511844635009766,63.88945575200235,62.33881849968513,62.52361213544923,9030800
2018-04-05,63.31100845336914,63.72879412075391,63.07801036068661,63.54400041629731,7864700
2018-04-06,63.01369857788086,63.76089682701585,62.58787704026378,62.965494216566,8300800
2018-04-09,62.79680252075195,63.351171327303696,62.32277026788466,63.31100305046147,9031200
2018-04-10,62.965492248535156,63.343103283283945,62.620013367158,63.238658460449265,6779000
2018-04-11,62.88514709472656,63.22259602205546,62.70035961832728,62.820876654533954,7143500
2018-04-12,62.49952697753906,63.23065335530933,62.49952697753906,63.182448971869505,8282300
2018-04-13,62.965492248535156,63.02173271156163,62.443255874860284,62.7164220867744,6198500
2018-04-16,63.1583251953125,63.35918489733811,62.70036531988418,63.11815080300672,5962200
2018-04-17,63.01369857788086,63.42345403830996,62.74856233114726,63.415417934840505,6492400
2018-04-18,62.82892990112305,63.214583333885265,62.68431063005638,63.134240656571194,7349400
2018-04-19,60.774986267089844,61.399362531130656,60.16683094279018,61.1317727036846,16955600
2018-04-20,59.84247589111328,60.75065039012316,59.793819266898616,60.03708382854757,14085000
2018-04-23,59.193782806396484,59.98844179077822,58.99917484171192,59.672195341761785,13653400
2018-04-24,58.788352966308594,59.46137973329791,58.50454836169756,59.242440333686254,16551700
2018-04-25,58.626155853271484,58.99104644950364,58.34234518234227,58.71535243216802,14208800
2018-04-26,58.991085052490234,59.20191403025244,58.68295515151302,58.845127481189905,11204300
2018-04-27,59.03971862792969,59.25865801549942,58.553195591573456,58.812674956728515,8144800
2018-04-30,58.658599853515625,59.12890807917865,58.512648528111896,59.12080379652865,13076500
2018-05-01,58.3504753112793,58.650500831071156,58.10721689398059,58.42345716700201,8103800
2018-05-02,57.523380279541016,58.39101486124552,57.35309755077379,58.33425395165645,10830900
2018-05-03,57.86393737792969,58.15585235263861,57.36119354671449,57.417954448103764,9386500
2018-05-04,58.731590270996094,58.885658274477294,57.84773460165162,57.88017029640957,8107400
2018-05-07,58.3666877746582,59.372169363718285,58.29370592953431,58.926186383724925,6633600
2018-05-08,57.92881393432617,58.480208248542795,57.66122415246925,58.42344734207085,8084100
2018-05-09,58.68293762207031,58.828895149771014,58.17208318187988,58.19640840541733,7528400
2018-05-10,59.31541442871094,59.46947623019693,58.94241325628211,59.14513168824183,7618500
2018-05-11,59.4937858581543,60.08571999834485,59.23430660769954,59.70460849594838,7586200
2018-05-14,59.42081069946289,59.82624746044337,59.266742750618626,59.82624746044337,8646900
2018-05-15,59.15324020385742,59.52624758945168,58.86943561610182,59.44515526168491,11502800
2018-05-16,59.62353515625,59.9478858353841,59.161337449088165,59.17755838560592,8325000
2018-05-17,59.972206115722656,60.004641799612855,59.518118914208124,59.61541977940459,8053600
2018-05-18,59.55867004394531,60.061413958775425,59.28297595890884,59.988438296198225,7042700
2018-05-21,60.053287506103516,60.2073554458385,59.53432897764987,59.80191870882949,6428400
2018-05-22,60.02897644042969,60.76687444521454,59.86680418199186,60.377652363898605,7744200
2018-05-23,60.150611877441406,60.247918949484905,59.77761071432113,60.02086911471674,6592500
2018-05-24,59.818138122558594,60.288446258930556,59.67218063839054,60.06951312591554,6508900
2018-05-25,60.256019592285156,60.50739463325999,59.801932323130686,59.92356460921851,7546500
2018-05-29,60.04518508911133,60.57224791440139,59.81813531270198,60.053289369842,8905600
2018-05-30,60.7263069152832,60.831718227521705,60.04517624579209,60.27221980228913,8128600
2018-05-31,59.33163833618164,60.56417005710465,59.031618969932175,60.54794911561863,15526000
2018-06-01,59.55867004394531,59.79382415637511,59.080257536449565,59.46136916050905,7209300
2018-06-04,60.150611877441406,60.507398288458816,59.55867134884211,59.63165319949359,8743800
2018-06-05,59.9803352355957,60.312790272525156,59.68030970616702,60.2317041308211,6910100
2018-06-06,60.28847122192383,60.34523214557633,59.777622909051296,60.06142752731382,7002900
2018-06-07,61.4317741394043,61.942622184403355,60.08572124650821,60.1505926070878,13476100
2018-06-08,62.58323669433594,62.60756191716379,61.41557650679243,61.504773114811776,13625300
2018-06-11,62.86703109741211,62.99677384679825,62.339962004361816,62.41294384751021,9049400
2018-06-12,62.631866455078125,63.15893545935552,62.52645512881215,63.102174562677874,8786000
2018-06-13,62.007511138916016,62.76162390682284,61.78857178145667,62.76162390682284,8022400
2018-06-14,61.618282318115234,62.08048001655291,61.383128234843504,62.08048001655291,8895200
2018-06-15,62.74540710449219,62.850824648911676,61.56153219910278,61.75614634888848,14943500
2018-06-18,61.496646881103516,62.51834928330272,61.13175625926948,62.323741364089514,7384900
2018-06-19,61.89398956298828,62.17779411407764,61.2777238331405,61.293938584713366,8514000
2018-06-20,61.504756927490234,61.91019369851716,61.253388109125275,61.91019369851716,6603500
2018-06-21,61.98318099975586,62.47781439894191,61.245283041913666,61.245283041913666,8691200
2018-06-22,62.785953521728516,62.948125794069085,62.25077388734848,62.266994826467915,11446400
2018-06-25,63.077877044677734,63.199509358529724,62.58324350509574,62.664329652171574,11300500
2018-06-26,63.248146057128906,63.499514914350584,62.7291874049115,63.07786332935211,9558500
2018-06-27,62.996761322021484,63.8238495322578,62.89134381248526,63.33732669173799,7873300
2018-06-28,63.28870391845703,63.50763712709094,62.972463624610135,63.13463591348886,5714400
2018-06-29,63.29680633544922,63.68602847834495,62.672436236557836,63.191394969434754,7679900
2018-07-02,63.35356521606445,63.499522741646814,62.77784558362179,62.84271696976414,6092800
2018-07-03,63.167057037353516,63.864408854326065,63.069749974587054,63.68601566582497,5897200
2018-07-05,64.22930145263672,64.26173714120486,63.345452138436045,63.361666889482606,7956100
2018-07-06,64.31037139892578,64.56174637545874,63.97791650108648,64.36713229301901,7244000
2018-07-09,63.134620666503906,63.921169069214756,63.06974929202832,63.62114360212125,9095900
2018-07-10,64.72393035888672,64.8212374177986,63.24003018947217,63.30490156208009,12773500
2018-07-11,64.18875885009766,64.74014697372463,64.08334131995444,64.56986425557957,7851600
2018-07-12,63.96983337402344,64.48068163919059,63.71035400634671,64.33472410821769,8556800
2018-07-13,64.31037139892578,64.44011412055228,63.97791650108648,64.12387396967955,6021300
2018-07-16,64.48878479003906,64.56987092327067,63.92117567094241,64.22930545181268,6931200
2018-07-17,64.89421081542969,65.27532238315482,64.50499496626635,64.59419155388177,8983400
2018-07-18,64.64282989501953,65.04015613776362,64.32658975680866,64.64282989501953,9105100
2018-07-19,64.41947937011719,64.79586575737687,63.73216048361828,64.1658229245344,8010600
2018-07-20,64.37857818603516,64.68950450523647,64.08401378147688,64.08401378147688,8234700
2018-07-23,64.23944854736328,64.5912888444984,64.01852223101666,64.22308039812731,5881600
2018-07-24,64.63218688964844,64.64855503639174,63.44575219813424,63.44575219813424,8297100
2018-07-25,65.02497100830078,65.13133904032316,64.41129631964958,64.41129631964958,6208400
2018-07-26,65.53225708007812,66.08865559238806,65.02495677709756,65.09859472716104,9771100
2018-07-27,65.9332046508789,66.13776286368808,65.0167816101502,65.18860975979536,7492900
2018-07-30,65.62226104736328,65.86773335816851,65.32769677144509,65.51589304207845,7090700
2018-07-31,66.17868041992188,66.26050871108595,64.99224510950863,65.77774801223096,9878200
2018-08-01,65.99048614501953,66.12958424297635,65.54863961978457,65.80228982695543,7556700
2018-08-02,67.0950927734375,67.27510499677098,65.9413814744117,66.1132158640454,9261700
2018-08-03,67.36510467529297,67.99514115417261,67.02962624700471,67.20963845314763,7102800
2018-08-06,67.52056121826172,67.85603962947532,67.21781910753946,67.25872699791316,5669200
2018-08-07,67.61876678466797,67.65149684998977,66.8741780871174,67.43057671234469,6418000
2018-08-08,67.38148498535156,67.74969357373298,67.17692673934708,67.17692673934708,4891300
2018-08-09,66.60413360595703,67.45509624268473,66.52231159605651,67.45509624268473,5167400
2018-08-10,66.62870788574219,66.89872625146367,66.27686747536562,66.52233985195275,5566000
2018-08-13,66.70236206054688,67.16057685867219,66.39961979750025,66.84964427376156,5068100
2018-08-14,66.53050994873047,66.86598840820683,66.46505606619215,66.59597007388993,6226900
2018-08-15,67.34056091308594,67.39783695851018,66.12138956493732,66.52232812552776,8753500
2018-08-16,68.47789001464844,68.73154012939249,67.34872500296052,67.47146114457263,12368000
2018-08-17,68.47789001464844,68.89518415646229,68.40424583263339,68.5106200685863,8409300
2018-08-20,68.43699645996094,68.6906466509568,68.16697811576586,68.64155467660181,6795800
2018-08-21,68.64970397949219,68.73152597617829,67.98693144831294,68.3796857720717,8534500
2018-08-22,68.23242950439453,68.60881582569318,67.96241119478228,68.57608576610801,5132600
2018-08-23,68.10968780517578,68.40425207487755,67.78239347854938,67.92149778113414,4323200
2018-08-24,68.20787811279297,68.36334432284194,67.93785982458795,68.09332603463692,5356000
2018-08-27,68.27335357666016,68.5842798240435,67.92969102230632,68.32244555187293,3941500
2018-08-28,68.30607604980469,68.61700226263322,68.1751558069585,68.50245017145319,5405200
2018-08-29,68.31427764892578,68.5352040749318,68.15063353105855,68.33064580628627,4520400
2018-08-30,68.24879455566406,68.51880661039192,68.06878235743197,68.23242640530464,4549700
2018-08-31,67.87240600585938,68.34698251230637,67.41419765073573,68.19970036349939,6674900
2018-09-04,67.6678466796875,67.88058894498462,67.15236228880424,67.48784071648898,5800700
2018-09-05,68.15059661865234,68.29787874200963,67.18508186389226,67.18508186389226,7651900
2018-09-06,67.62696075439453,68.16699130464791,67.4960404739558,67.8397030887962,7541100
2018-09-07,67.02144622802734,67.25872822734472,66.48140962721314,67.17690620248145,11110900
2018-09-10,67.40602111816406,67.99514977931858,67.37329105447533,67.56967143660773,6783000
2018-09-11,67.10326385498047,67.43873600771933,66.7923314412099,67.20144778133333,5210300
2018-09-12,68.00334167480469,68.06061773219014,66.84963020695508,67.013280544215,5925200
2018-09-13,68.28153228759766,68.31426235236695,67.62694972007631,68.13425011744658,5328400
2018-09-14,68.41244506835938,68.4615370388362,67.88877657453705,68.29789297549955,5004100
2018-09-17,68.93611907958984,68.95248099018471,68.19152417378528,68.3224444290297,7098800
2018-09-18,68.73155975341797,68.96884803025266,68.38790345287998,68.96884803025266,6022800
2018-09-19,68.73155975341797,68.96884803025266,68.54336345019692,68.66609962685229,6157600
2018-09-20,69.84435272216797,70.07345690870912,68.9197519000209,68.96884387067375,10053000
2018-09-21,70.22074127197266,70.59712762493191,69.97526892574568,70.2125571957328,17402500
2018-09-24,68.95247650146484,70.13073375147609,68.91975268240537,70.06527362811525,6389400
2018-09-25,68.0114974975586,69.06701832454561,67.97876744370402,68.96064408886339,5657200
2018-09-26,68.12608337402344,68.72338998609433,67.93788703161732,68.11789929584337,6581000
2018-09-27,67.79878234863281,68.42881896977562,67.75786820431803,67.94606452849531,6277600
2018-09-28,68.10152435302734,68.1506163274704,67.74149989345457,67.93787403384819,5125800
2018-10-01,68.4615478515625,68.50246199516903,68.05243138598469,68.16698349693672,4899900
2018-10-02,69.026123046875,69.09158317246062,68.21607428127182,68.30608039329675,7390900
2018-10-03,67.93788146972656,69.15704682859877,67.79059928765581,69.09159293638447,7958700
2018-10-04,67.02959442138672,67.504170695413,66.35864412599761,67.504170695413,7029900
2018-10-05,67.21785736083984,67.46332357063618,67.07875921769289,67.07875921769289,5454600
2018-10-08,67.4223861694336,67.70058233405692,66.89053358354785,67.07872988044443,7192300
2018-10-09,67.25873565673828,67.68422022121882,67.14418356075223,67.41420189098552,6268100
2018-10-10,66.63687896728516,67.65148585690493,66.63687896728516,66.93962109772957,9295800
2018-10-11,64.53401947021484,67.07053975574554,64.37036917405837,66.80052144905272,12560300
2018-10-12,64.68948364257812,64.95131789078461,64.22309119287841,64.94314005741192,9878700
2018-10-15,65.56497955322266,65.90045793390863,64.57491880254062,64.64856298670423,9691500
2018-10-16,66.2850341796875,66.35048805268337,65.37679536402993,65.384979439137,9462600
2018-10-17,66.98052978515625,67.24236400126428,65.76954263401902,66.08047505744864,10375300
2018-10-18,66.23516082763672,67.14316902533463,66.03705143670612,66.62312951247281,9869500
2018-10-19,72.06293487548828,72.44264716538918,70.04880279204673,70.04880279204673,30276400
2018-10-22,71.48509216308594,72.01338796169394,70.35421192127633,71.59240638009808,14124100
2018-10-23,71.9473648071289,72.06292913407478,70.99808100911625,70.99808100911625,16269500
2018-10-24,73.84591674804688,74.869489070345,71.99688145342839,72.04640721647715,26703500
2018-10-25,73.46619415283203,73.7385984066641,72.07115991149371,72.73153271512626,14647000
2018-10-26,72.5251693725586,73.60652373352654,72.13720081007276,73.21030507661733,14335900
2018-10-29,72.83885955810547,73.81290623294691,72.17849288055173,72.88013523073283,12878900
2018-10-30,73.62303924560547,73.82114858139984,72.81408281962322,73.34237858026304,13844000
2018-10-31,73.2020492553711,73.73034500055861,72.03814355883537,73.27633789245276,13362400
2018-11-01,73.95320892333984,74.15132452892341,72.78930965499775,73.3093489496466,9732400
2018-11-02,74.13484191894531,74.25040625367947,73.44971230524531,74.19262408631239,11336000
2018-11-05,75.2822265625,75.48034222606604,74.14308983701964,74.20087199778061,12270100
2018-11-06,75.53810119628906,75.5546076809604,74.64659987728639,75.0015491266422,8857800
2018-11-07,75.35651397705078,75.6289182638832,74.80345530823288,75.60414908507634,9019800
2018-11-08,75.41429901123047,75.55462620758068,74.84472753479602,75.07585616355702,6614400
2018-11-09,76.28105163574219,76.49566751730278,75.25747280981216,75.40605642662238,10713500
2018-11-12,76.5204086303711,77.13950580795591,75.73622139120985,76.11593357106135,12522100
2018-11-13,77.15602111816406,77.23856615165404,75.60414677831004,75.91782672246728,13438700
2018-11-14,77.17253112792969,77.51097396780233,76.75979964386022,77.11474897207127,11623000
2018-11-15,77.45318603515625,77.51096818670503,76.53692170503831,77.04045458187005,12506000
2018-11-16,77.44493865966797,78.26214526894344,77.32111794970916,77.44493865966797,13013500
2018-11-19,77.00743865966797,77.75035656745621,76.69376500872735,77.36238797684555,9458300
2018-11-20,76.02513885498047,77.42017330016851,75.82702950405465,76.96616614410651,12074000
2018-11-21,75.45556640625,76.2480100313058,75.3152329275041,75.66193213041397,8911800
2018-11-23,75.5628890991211,75.9343449561769,74.81171469326524,75.32350405652252,4399600
2018-11-26,75.89305114746094,76.27276327622576,75.2409347857405,75.2409347857405,8171400
2018-11-27,76.53694152832031,76.65250586134935,75.81878634639654,75.88482490749422,9023400
2018-11-28,76.77632141113281,76.94966789898582,76.1159484402594,76.46264141596541,8093700
2018-11-29,76.6194839477539,77.01570900293986,76.48741312788098,76.65250322716804,6126900
2018-11-30,78.01449584960938,78.13006014498346,76.56167946775872,76.91662874577389,16291800
2018-12-03,77.03219604492188,78.14656967821507,76.15720740360429,78.14656967821507,13934700
2018-12-04,77.02393341064453,78.30340329563644,76.90836912012956,77.17251696956113,11123600
2018-12-06,77.2220458984375,77.28807813478913,75.183151815999,76.52039749439288,14199200
2018-12-07,76.3140640258789,77.41193150278609,76.05817247027795,77.25509149243253,7996800
2018-12-10,76.79280853271484,77.09823205682194,75.42254346576844,76.97441136879031,9307600
2018-12-11,77.51921844482422,78.02274498402822,77.0982306324073,77.36237848969637,8743800
2018-12-12,77.61827087402344,78.04751508331306,76.85059017066102,77.7668544391188,9644000
2018-12-13,79.6489028930664,79.89654424933235,78.25387505959343,78.31165720301797,18541300
2018-12-14,79.77271270751953,79.98733476720341,79.26092357989812,79.61587278339127,12657300
2018-12-17,76.57818603515625,79.65716524519125,76.27276881039234,79.24443381905036,12427600
2018-12-18,76.34707641601562,77.02395587117645,75.82703695705244,76.87537226893221,12250600
2018-12-19,75.74447631835938,77.056959286514,75.35650775359959,76.39659275520083,10825600
2018-12-20,75.10064697265625,76.13247600378439,74.39899819326142,75.53814147420904,14439200
2018-12-21,75.09235382080078,76.9083695075686,74.58882099625687,74.79518670147056,24030000
2018-12-24,72.11243438720703,74.83646428515634,71.71620945198866,74.6631115462734,7396300
2018-12-26,74.36595916748047,74.36595916748047,71.60065935768536,72.16197445352478,8630900
2018-12-27,75.95909118652344,75.9838603629755,72.8058232476302,73.96972892738081,11360100
2018-12-28,75.26570892333984,76.99917978716572,74.98504825708832,76.40484548007518,9611800
2018-12-31,75.87657165527344,76.0911938388374,75.2409677972907,75.63718658471825,7239500
2019-01-02,75.34825897216797,75.43906040278483,74.23388522106775,75.14189322945376,9843900
2019-01-03,74.81996154785156,76.35532314408495,74.6053394167161,75.06760295283728,9820200
2019-01-04,76.34707641601562,76.34707641601562,74.59709876489822,74.98506111174059,10565700
2019-01-07,76.0416488647461,76.355322517074,75.44731453588692,75.86830240179258,9012500
2019-01-08,76.32228088378906,76.84232012029666,75.7939852568599,76.52039016944235,9551300
2019-01-09,75.07584381103516,76.73502590562457,74.9602795156689,76.51215370678445,15015600
2019-01-10,75.2574691772461,75.56289279088699,74.79521185738626,75.02634051731619,11102300
2019-01-11,75.75273132324219,75.92608408289776,75.20792905703844,75.6701862887001,7166600
2019-01-14,75.24095153808594,75.86830516335958,74.99331012611977,75.52986232019133,7952000
2019-01-15,75.95084381103516,76.44612029551298,75.23268881498386,75.24094520743012,7834500
2019-01-16,75.42255401611328,76.06641412660476,75.10887405618371,75.72797128516132,7964500
2019-01-17,75.41172790527344,76.17715875321072,75.1704495482424,75.46996707092968,8044500
2019-01-18,76.06068420410156,76.41011921541512,75.74452962447405,76.01908842518898,9100300
2019-01-22,75.24534606933594,76.33525337788818,74.11383662862455,76.0357357996061,13518500
2019-01-23,78.90605926513672,80.21229182265539,77.89935045918102,78.35694825624746,22869000
2019-01-24,78.45682525634766,78.67313854298924,77.53331389789103,78.44850356144809,12146400
2019-01-25,77.87443542480469,78.947705666598,77.42515906678,78.55666848382128,10618000
2019-01-28,77.80785369873047,78.1822537371966,77.35026211517275,77.64145791336263,9765600
2019-01-29,77.82451629638672,78.30707307969926,77.45843786110218,78.03251425323586,9769800
2019-01-30,78.63984680175781,78.75633147081983,77.84945728498688,77.88273771220568,7750200
2019-01-31,80.2622299194336,80.54510401395248,78.2737705217768,78.56496630954393,16044400
2019-02-01,81.09425354003906,81.2107319011493,79.86290270425197,80.16242030356248,12720800
2019-02-04,81.56015014648438,81.71823061003903,80.47024298642228,80.8779171661443,11887500
2019-02-05,81.06928253173828,81.55183294864156,80.8779216259572,81.52687421040787,9772300
2019-02-06,81.46862030029297,81.80141822758809,80.80303079329524,80.91118742193935,8693900
2019-02-07,80.81968688964844,81.2024023746206,80.15409087811788,81.13584150394874,8732500
2019-02-08,81.29390716552734,81.30222885974284,80.45359378236253,80.71151552229996,7483200
2019-02-11,81.75982666015625,81.85966795551039,81.06095663545733,81.11087410933773,8494100
2019-02-12,82.58350372314453,82.65005823965123,81.51855528791675,81.8513469132304,11238800
2019-02-13,82.56684112548828,82.94955648364116,82.37548662020778,82.60844324277112,11587200
2019-02-14,81.91790008544922,82.21741759818227,81.40206295849946,82.11757631140699,7930100
2019-02-15,81.93455505371094,82.5335838162464,81.74319414724437,82.32558586676232,12069100
2019-02-19,83.19084930419922,83.19917099862512,81.92622469796105,82.00110090501516,10098200
2019-02-20,82.60012817382812,83.3822023388014,82.31725406591411,83.01612398964924,8947400
2019-02-21,83.01612854003906,83.08268939764103,82.02605641288606,82.45037394560774,7444800
2019-02-22,83.40715026855469,83.53195026665439,82.69995874277853,82.94123704641352,7925400
2019-02-25,82.8414306640625,83.5735812282588,82.64175439157157,83.49870500642254,7436100
2019-02-26,83.05773162841797,83.34892744932061,82.89132948247874,83.06604697502031,7115300
2019-02-27,82.29230499267578,82.89133370579913,82.21742243628964,82.6500553425887,6013600
2019-02-28,81.99280548095703,82.53359514577585,81.60176826663361,82.2923230771369,10575400
2019-03-01,81.9012680053711,82.1841421469783,81.39375254181165,82.0427050761747,7733200
2019-03-04,82.2590103149414,82.26732566052723,81.43533407531628,82.0094103003413,6895300
2019-03-05,82.44204711914062,82.93292547890502,82.29229472024804,82.29229472024804,6274600
2019-03-06,82.30894470214844,82.45038177729272,81.86799008693785,82.25070553311295,4622300
2019-03-07,81.99280548095703,82.86639318015287,81.74320536827562,82.34224056063537,8408600
2019-03-08,81.87631225585938,82.51694311895874,81.32719464669415,82.21742557715832,5144500
2019-03-11,82.8497314453125,82.93292934221482,81.95950061851302,82.1924572688766,7544400
2019-03-12,83.24076843261719,83.63179918229837,82.97453135432754,83.01612712892717,7597500
2019-03-13,84.18090057373047,84.52201378940049,83.16586992389773,83.19082865338682,9883300
2019-03-14,84.29740142822266,84.68011686048875,83.79820766211874,83.9812468574619,8590200
2019-03-15,85.229248046875,85.60364184429811,84.6385345888371,84.66349332898609,30802700
2019-03-18,84.45547485351562,85.10442733016195,84.1975531235617,84.91306645616984,8442800
2019-03-19,84.77996063232422,84.97963687508714,84.27244515679044,84.78828232715406,7334100
2019-03-20,84.63019561767578,85.1210676673237,84.07276270948795,84.63851731189148,7513800
2019-03-21,85.27082824707031,85.6202695880743,84.26411904361882,84.26411904361882,8221000
2019-03-22,84.58026885986328,85.81993456297619,82.37548985667871,85.26250171599969,11035900
2019-03-25,84.82990264892578,85.14605732040238,84.24751079420702,84.58030886015851,6955500
2019-03-26,85.7117691040039,86.0944908136724,85.19593839092302,85.2292188155721,6909400
2019-03-27,85.61196899414062,85.71180396109659,84.8964554421817,85.49549063429565,6037100
2019-03-28,86.15272521972656,86.26088183317871,85.78664691636298,85.95304268284191,6793700
2019-03-29,86.56874084472656,86.65193874705388,85.78666659814505,86.4106603869895,7535400
2019-04-01,86.22764587402344,86.71852442916568,85.81164989572437,86.71852442916568,6626500
2019-04-02,86.31912994384766,86.54376488666455,85.91145583035436,86.20265162570671,6088800
2019-04-03,86.26923370361328,86.43562952829912,85.48715936288339,86.1777140957579,5226500
2019-04-04,86.05291748046875,86.25259374756256,85.52044320315589,86.09451961209392,4786100
2019-04-05,86.23594665527344,86.26922708717693,85.83658782002497,86.20266622336996,4281800
2019-04-08,87.33415222167969,87.47558925884672,86.11112365273631,86.46888026577695,8468600
2019-04-09,87.07626342773438,87.15946133687119,86.64362414407314,86.9847438234058,5820300
2019-04-10,87.06792449951172,87.35912029765208,86.72680488769561,87.07624619305639,5394300
2019-04-11,87.15115356445312,87.40075367933188,86.8349989201887,87.00971646156599,5078400
2019-04-12,87.4090576171875,87.4090576171875,86.66858541333413,87.15114218705249,6707900
2019-04-15,87.96647644042969,88.00807221271583,87.18440228937948,87.34248272780681,5639200
2019-04-16,88.54055786132812,88.60711872275817,87.89992702594493,88.17448581864906,8136100
2019-04-17,88.68804168701172,89.24103585935502,88.26910903247467,89.03994358264563,6778100
2019-04-18,88.8556137084961,89.4086014580903,88.67128232782981,88.83047238098325,7248900
2019-04-22,88.8221206665039,89.81917623347945,88.59589340883271,88.92266043221886,9057200
2019-04-23,86.4341812133789,87.23015063429393,85.57117464669268,87.1463653887878,15979800
2019-04-24,86.87823486328125,87.68258459773594,86.12415498960391,86.56822247287961,10094800
2019-04-25,86.53471374511719,86.77769541153458,85.9565847321791,86.38389775880307,6085300
2019-04-26,88.69640350341797,88.71315799342275,87.0625690507965,87.09607803080605,7747400
2019-04-29,87.79149627685547,88.60422637370607,87.74122642093576,88.45341041354408,4787600
2019-04-30,89.21588134765625,89.33318195379682,87.6909670754251,87.85853754351062,8251300
2019-05-01,87.91719818115234,89.14048064070221,87.81665205303979,88.93939477688144,6733800
2019-05-02,88.44506072998047,88.61263762865873,88.0177540212623,88.14342870476467,6270300
2019-05-03,88.88075256347656,89.15724964667024,88.46181991345158,88.8053413624215,4793400
2019-05-06,88.54557800292969,88.66287859756142,88.0093448867838,88.07637562440279,4890400
2019-05-07,87.7244644165039,88.46178972002609,87.22174668654053,88.00096140532473,6021700
2019-05-08,88.03447723388672,88.62098018984754,87.27202339113765,87.96744649823326,5392600
2019-05-09,87.33905029296875,88.00934488433394,86.9536331402748,87.69933251715702,6901700
2019-05-10,88.8221206665039,88.9394213214422,87.07097850222854,87.12125477749228,5815800
2019-05-13,88.90587615966797,89.30804787264782,87.85016422638866,88.0931458994992,7575500
2019-05-14,88.47856140136719,89.23264133905123,88.45342646884505,88.62099694726194,7004000
2019-05-15,89.40021514892578,89.65157726832201,88.39477945614928,88.48694514043429,5535600
2019-05-16,90.58159637451172,91.05917922529952,89.30803784414199,89.43371888748686,9284200
2019-05-17,90.02860260009766,90.48943096288855,89.86941257764542,89.87778662613005,6370200
2019-05-20,89.92807006835938,90.59835836771013,89.76887364077675,90.02023574828574,6565300
2019-05-21,89.12372589111328,90.10402666585908,89.05669513923212,90.04537635606414,5226400
2019-05-22,89.4169692993164,89.6934663313499,88.76343550898542,88.88911016681541,4889700
2019-05-23,89.45046997070312,89.67669071002068,88.72152511307507,89.38343923594137,6175600
2019-05-24,89.3918228149414,90.02022159249347,89.26614178095042,89.77723996475166,4372100
2019-05-28,87.52340698242188,89.8610518967547,87.48989160390327,89.40022343262993,7615500
2019-05-29,87.29716491699219,87.81663717656224,86.88660642438603,87.10445313552366,7137300
2019-05-30,88.25233459472656,88.28584996660395,87.44798484687975,87.44798484687975,4729200
2019-05-31,86.2247085571289,87.8920584718779,85.80577596802787,87.88367803022277,10282300
2019-06-03,86.97040557861328,87.10446067925947,85.79739308404088,86.42579194980425,8532900
2019-06-04,87.70771789550781,88.05961969920568,87.01228833648345,87.1463498192655,6906400
2019-06-05,89.42535400390625,89.44210849494776,87.88367873952168,88.1769302757784,6481700
2019-06-06,89.96995544433594,90.22131754053824,89.09020089243522,89.52588794779506,6681600
2019-06-07,91.13459777832031,91.64569607734249,90.27159761871366,90.27159761871366,8063400
2019-06-10,91.09270477294922,91.34406049531624,90.03699284027614,90.75755741738905,4767000
2019-06-11,91.64569091796875,91.83002228001314,91.2183842794884,91.27703458628397,8074400
2019-06-12,91.89706420898438,92.71817499642569,91.81327895942623,91.83003345237594,7687800
2019-06-13,92.92761993408203,92.96112891227112,92.04785903514059,92.1484051469178,8611400
2019-06-14,93.17058563232422,93.63141394022149,92.7097637168296,92.97788026167821,6438100
2019-06-17,92.99465942382812,93.17899079589667,92.366260505815,93.13710137013841,6020000
2019-06-18,91.83000183105469,93.47221644804202,91.6875663166125,93.38005078754352,7731200
2019-06-19,92.51708984375,92.77683244748793,91.54516936777904,91.74625526066868,7028000
2019-06-20,93.62303924560547,93.8576404376942,92.5840883696112,92.81868956169993,7044200
2019-06-21,93.17058563232422,94.2346777642315,93.01976967632172,93.52249379126516,13799400
2019-06-24,94.11739349365234,94.25982903446085,93.33817865127132,93.69008047882306,5518100
2019-06-25,93.60629272460938,94.36874666379492,93.26276495523749,93.93305961174654,6805600
2019-06-26,91.93892669677734,93.37167503970313,91.88027640411029,93.32977923391132,7170300
2019-06-27,91.9808120727539,92.39136410340245,91.57026004210535,92.09811265293921,5613300
2019-06-28,91.87189483642578,93.80736086307638,91.34403581650115,93.72357564492398,12152000
2019-07-01,92.5757064819336,92.75165737324943,91.83838754798109,92.09812366481833,6775900
2019-07-02,93.40520477294922,93.42195926240154,92.40814325184417,92.6762598299056,6578200
2019-07-03,95.58365631103516,95.74284634014387,93.70683380264754,93.80737992029806,6223300
2019-07-05,94.8044204711914,95.05577612101574,94.03358625055316,94.6536045243359,8694800
2019-07-08,95.55852508544922,95.70934107157176,94.93012620867268,94.96363519011862,5317800
2019-07-09,94.60336303710938,95.44122823920623,94.10901924382205,95.43284779731208,7537700
2019-07-10,95.3071517944336,95.93555059747382,95.01390029816213,95.06417015683633,5600700
2019-07-11,95.83501434326172,95.85177522614558,95.04742544262427,95.23175679992363,4625300
2019-07-12,96.34610748291016,96.53043883041872,95.57527311369574,95.57527311369574,7058600
2019-07-15,96.75667572021484,97.09181668494602,96.17854668896648,96.41314792123997,6240700
2019-07-16,97.10016632080078,97.6280189259497,96.73150370567335,96.95773081673867,7644300
2019-07-17,97.1420669555664,97.43531841745593,96.96611607843269,96.96611607843269,7861700
2019-07-18,97.34954833984375,97.627829575178,96.80140771591542,96.91946798152435,5828700
2019-07-19,96.9869155883789,97.7796048831596,96.9869155883789,97.40012644455827,6547000
2019-07-22,97.23146057128906,97.3579490816615,96.62428998630087,97.01220309697663,4018800
2019-07-23,96.00869750976562,97.86394192650081,96.0002627966811,97.57721958583588,8194600
2019-07-24,94.95458221435547,96.03399385707368,94.68472930367592,96.00869615197887,9635900
2019-07-25,95.09793090820312,95.27502769422868,93.92575683837833,94.01009109221917,7809400
2019-07-26,96.75080108642578,96.87728961791993,95.19070723745182,95.46899487434135,5559600
2019-07-29,97.82176971435547,97.99886007712709,96.65803028737015,96.7507928250792,7768700
2019-07-30,101.54070281982422,102.67914472414154,100.18300338835341,101.04315763518379,18788800
2019-07-31,99.54210662841797,101.76839516370359,98.72411303139974,100.9082408616259,12641800
2019-08-01,98.4373779296875,100.49500394313016,98.4373779296875,99.98059583131929,11308600
2019-08-02,98.19284057617188,98.73254649096882,97.56037210410028,98.25187070954648,12266100
2019-08-05,95.35936737060547,98.07476597660816,95.1485445773916,97.89766916856358,12974800
2019-08-06,96.37133026123047,96.97850103625711,95.44371110329627,95.84005904998322,9490600
2019-08-07,97.41698455810547,98.02415517650302,95.02204093420455,95.92436214937855,9507600
2019-08-08,99.03611755371094,99.07827825213896,97.26520094090647,97.41699360960968,7416600
2019-08-09,98.47953796386719,99.54208659810695,97.69527694899035,99.1879058646273,6939500
2019-08-12,97.84707641601562,99.23007346237759,97.47602623105956,98.47954481284462,4996200
2019-08-13,98.87588500976562,99.56738347913434,98.10848699310726,98.25185137492086,6722000
2019-08-14,97.64469146728516,99.45776888319945,97.53506592448157,98.20969504249057,10148300
2019-08-15,98.99394989013672,99.58425113536909,98.19282585249265,98.49641118826959,7758000
2019-08-16,100.5034408569336,100.80702618969313,99.17103927802242,99.55895244014827,8302400
2019-08-19,101.39732360839844,101.57441397353523,100.44440694824314,101.16963783430849,5867100
2019-08-20,100.26732635498047,101.4142029175633,100.17456380699205,101.2371125351676,6744300
2019-08-21,100.52031707763672,100.89980201042638,100.08180844694407,100.57934720934153,4037400
2019-08-22,100.70582580566406,101.01784584180737,100.09865515900725,100.41910990796545,4558400
2019-08-23,98.93490600585938,101.2876888140078,98.18437748396043,100.46969546380778,7336800
2019-08-26,100.62151336669922,100.85763389121932,98.85060299899672,99.2975463395243,5661500
2019-08-27,101.65876007080078,102.08040568464268,101.00942222255544,101.18651260831287,6996300
2019-08-28,102.37554168701172,102.40083939081622,100.88291282454102,101.58284598753461,4600300
2019-08-29,102.19002532958984,102.8815238390247,101.46479440093854,102.70443346348907,5011500
2019-08-30,101.38890075683594,102.88152330506148,100.78173008169297,102.84779088602009,6007100
2019-09-03,102.34185028076172,102.49364299821512,100.88295325002612,101.01788296945276,4959300
2019-09-04,103.90190124511719,103.96093136793885,102.42614174077458,102.75502477275258,5586900
2019-09-05,103.52244567871094,104.08744932682514,103.033335162223,103.92722191498888,7491900
2019-09-06,103.61519622802734,104.0452701249899,103.33690857672109,103.72482177226851,5306900
2019-09-09,103.02488708496094,103.53929524527146,102.69600402296588,103.48026511706213,7662400
2019-09-10,101.09374237060547,102.19002345674521,100.84075888182007,102.063528495452,9582200
2019-09-11,102.26591491699219,102.32494504013286,100.65523216626767,101.07687774121557,7565500
2019-09-12,103.53087615966797,103.90192641230928,102.5610962546685,103.42968531534936,6194300
2019-09-13,102.98272705078125,103.3706402434968,102.45988417339866,102.72973710893127,6777400
2019-09-16,100.984130859375,102.84780381758364,100.3685253936183,102.72130883872384,9626700
2019-09-17,102.17316436767578,102.87309117047566,100.72270248154378,100.88292343375518,6377100
2019-09-18,102.38397979736328,102.84778606137263,101.84426755182024,102.26591311935643,5684200
2019-09-19,102.79722595214844,103.07551366639716,102.24065052365101,102.36714552410979,4525800
2019-09-20,103.08390808105469,103.38749340889444,102.67069722019535,102.99114554011472,15362000
2019-09-23,103.91033935546875,104.37414564028902,102.85622538933033,103.0501787561712,6060400
2019-09-24,104.23921203613281,105.18370037207283,104.02838926386231,104.315105145926,7633200
2019-09-25,103.74169158935547,104.42476190874322,103.68266145645055,104.19706965767999,5812600
2019-09-26,104.82952880859375,105.41140180537586,104.17176269073643,104.26452523902927,6984800
2019-09-27,105.04877471923828,105.31019290801574,104.33197855291901,104.91385148541146,5589800
2019-09-30,104.88856506347656,105.71499333278038,104.67774224755028,105.0487924623971,5206900
2019-10-01,104.4416275024414,105.10782840968918,103.89348686394112,104.8717078721942,5415700
2019-10-02,102.10570526123047,104.27296349869997,101.37203956354644,103.89347857901446,6755100
2019-10-03,102.66226959228516,103.33690513044344,101.90330622030743,102.60323946523141,5171000
2019-10-04,104.56810760498047,104.61870301758584,102.87309051088701,103.04175260924028,4377900
2019-10-07,103.58988189697266,104.47534017901188,103.45495865839386,104.17175484995848,4749700
2019-10-08,101.97919464111328,103.66577686857977,101.93702751190638,103.43809109874407,5545300
2019-10-09,102.86466979980469,103.21041586771578,102.40085703745869,102.72130539720577,3775600
2019-10-10,102.83094024658203,103.04176306556629,101.86958870671792,102.31653205355627,3943400
2019-10-11,102.11410522460938,102.93209853301188,101.88641948297766,102.91523554369834,6292200
2019-10-14,101.23709869384766,102.56106545781104,100.84075084914133,102.56106545781104,7360200
2019-10-15,98.83372497558594,101.66718389101527,98.41207938023992,101.35517026809198,11113900
2019-10-16,99.11201477050781,99.31440285921599,98.25186056814707,99.23007502507103,7973100
2019-10-17,98.98133850097656,99.83850531643756,98.91344916427843,99.55843994976699,5956900
2019-10-18,99.6942138671875,99.9318426906803,98.59092978679968,98.91343159716833,9016700
2019-10-21,101.06058502197266,101.09453292138858,99.59236912800807,99.651776333261,6731600
2019-10-22,103.69147491455078,105.42277875502968,103.19924013664128,105.23606856513993,14410500
2019-10-23,104.38739013671875,105.00692790274591,103.4029205852014,103.53022357546989,8249300
2019-10-24,105.90653991699219,106.73824082151701,104.67595279819527,105.03240251789161,6725600
2019-10-25,104.59956359863281,105.93198780089325,104.53166780459296,105.93198780089325,6093300
2019-10-28,104.7947769165039,105.33793039432685,104.04793602832223,104.7947769165039,5459500
2019-10-29,104.8966064453125,105.71133660222972,104.47226741723688,104.55713392787206,5659800
2019-10-30,106.03382110595703,106.22901340107843,104.81172283254121,105.22757319922906,4734500
2019-10-31,105.66889953613281,106.4666524527722,104.69291854167794,105.90652834002111,6399500
2019-11-01,105.12574768066406,106.20356590698177,104.59956498224396,105.9404777952214,6010200
2019-11-04,101.05207824707031,105.16816480591122,100.68714648763255,105.16816480591122,10351400
2019-11-05,100.9078140258789,101.49339743442196,100.3476834460821,100.84840682573977,9239600
2019-11-06,102.1129379272461,102.13839723156794,100.70413579727587,101.07754971882856,6756300
2019-11-07,101.51886749267578,102.12991023062389,100.8314338907725,102.12991023062389,8909700
2019-11-08,101.58676147460938,102.34208443211836,101.12848101884641,101.71406447894341,4249900
2019-11-11,101.27274322509766,101.84135590827643,101.0690558513538,101.40004621496281,3850400
2019-11-12,101.22183227539062,101.50189759721296,100.6107894935509,101.40854248993885,4759600
2019-11-13,102.39300537109375,102.73247787726673,101.73103754525116,101.75649685010671,7262800
2019-11-14,102.26569366455078,102.83430634090905,101.93470977981096,102.36753735020109,5188300
2019-11-15,102.29965209960938,102.68155462907195,101.81590587400362,102.68155462907195,7108600
2019-11-18,103.44536590576172,104.01397863929024,101.9856386391694,102.0535344364294,7493700
2019-11-19,103.04649353027344,104.20069626630678,102.80037610385014,103.47932117501095,5989000
2019-11-20,103.78482818603516,103.86120609424862,102.63062564599478,103.04647603214347,6480000
2019-11-21,102.12989044189453,103.99698561659298,102.07897184232306,103.35198863079546,7094200
2019-11-22,102.08747863769531,102.35905534199992,101.32366713343256,102.03656002904425,4414900
2019-11-25,102.27420806884766,102.62216275156253,101.85835110366325,102.21480085594997,5134300
2019-11-26,103.75936889648438,103.83574680470755,102.18931597009579,102.46089265749869,8235200
2019-11-27,103.33505249023438,103.91215388638987,102.65610738596895,103.89517669758803,3751400
2019-11-29,103.58965301513672,104.07339930209884,103.2926169573355,103.53024580357646,2927300
2019-12-02,104.1497573852539,104.20067598946748,102.65608240430053,103.48778963088219,6146200
2019-12-03,104.34496307373047,104.35345166715489,103.36898850161079,103.80180964276138,6396200
2019-12-04,105.68588256835938,105.72831906324365,104.1243179750989,104.17523658903998,6857300
2019-12-05,105.76226043701172,105.77074255554507,104.94753028973547,105.46521794095402,7029200
2019-12-06,105.3973388671875,106.4666686473398,105.14273283863679,105.8556258336386,7150900
2019-12-09,105.97443389892578,106.20357413096086,105.38884395331408,105.49916977245692,7452800
2019-12-10,105.46520233154297,105.97441426376173,105.33790582338696,105.89802988396944,4740100
2019-12-11,105.79618835449219,106.31387590793692,105.29546503491017,105.46519802211515,4823300
2019-12-12,105.71981048583984,106.72973930410558,105.13422063660694,105.89803207584578,5897800
2019-12-13,106.48362731933594,106.71276752526599,105.05784805216247,105.41429125023105,5471600
2019-12-16,106.55999755859375,107.2304538923524,106.38177597238935,106.48361965374843,8281900
2019-12-17,106.34783172607422,106.91645087287472,105.49915377700358,106.58546051583018,8832200
2019-12-18,105.24453735351562,106.82307860294372,104.97296071247949,106.3478146249571,8607600
2019-12-19,106.01685333251953,106.25448213457776,105.15120462860756,105.3718627197613,6629100
2019-12-20,106.3902816772461,107.4426406542987,106.1102163646346,107.06073811884646,16250500
2019-12-23,105.99988555908203,106.78066778031013,105.8216639525995,106.52606178539254,6619500
2019-12-24,106.27145385742188,106.34783176491466,105.72830048781022,105.90652208019227,2022100
2019-12-26,106.27145385742188,106.72125213460977,105.97441787011846,106.1696101725326,4760400
2019-12-27,107.00981903076172,107.1880471305227,106.41574694789203,106.56002067160323,5192000
2019-12-30,105.63496398925781,106.9164697313649,105.35489866268937,106.72975951365261,3884300
2019-12-31,105.99988555908203,106.07626347261765,105.19363755844265,105.60100585533088,4798900
2020-01-02,104.7353515625,105.85560622579561,104.33647187994262,105.66040744341043,8130800
2020-01-03,104.03095245361328,104.83719397651578,103.41990324788114,103.67450924190267,7970500
2020-01-06,104.17520904541016,104.54862938198032,103.86119590103085,104.02244676907677,6674400
2020-01-07,103.53022766113281,104.56561585965795,103.4283904448184,104.28555056499474,7583400
2020-01-08,103.97154998779297,104.75233224183954,103.5387223681999,103.69997327008548,5385100
2020-01-09,105.1087875366211,105.1342468451259,103.9715619240699,103.9715619240699,5944000
2020-01-10,105.21062469482422,105.5076607337201,104.64201192395208,105.15121748704503,3927100
2020-01-13,105.98290252685547,105.9998797121932,105.074817358258,105.23606824447127,8409200
2020-01-14,105.82167053222656,106.25449168563858,105.64344891466281,105.78772263246682,7829700
2020-01-15,106.89949798583984,107.03528959650758,106.09325634092633,106.13568636308472,4843700
2020-01-16,106.99282836914062,107.59538893367711,106.5854601061968,107.02677626396084,6233700
2020-01-17,107.2813949584961,107.78211189794416,106.83159015496693,107.23046987277792,11315200
2020-01-21,107.00981903076172,107.45962386482029,105.94897140070864,107.28140223995939,8553100
2020-01-22,107.19651794433594,107.51053114067881,106.78915612330134,107.21349513057037,7396700
2020-01-23,106.70648193359375,108.03828982425246,105.56250003532975,106.11741944699021,11096500
2020-01-24,106.83456420898438,108.24320409088624,106.51868533428392,106.90286340027681,9508600
2020-01-27,107.30409240722656,107.90169393288467,106.50159334702727,106.50159334702727,9338400
2020-01-28,107.59435272216797,108.40539079726085,107.32970155192749,107.50898200725504,6200200
2020-01-29,106.7662353515625,107.62849449027583,106.74062479028635,107.49190265901382,5271000
2020-01-30,107.52605438232422,107.61996412347024,106.2198635452163,106.53574235755909,5894400
2020-01-31,106.39060974121094,108.37977278361754,106.25401138783697,107.56020220347766,6612900
2020-02-03,106.80892944335938,107.52605124936005,106.27962060081039,106.42475797776872,6052300
2020-02-04,107.27848815917969,108.7212709313096,107.0223694826097,107.321170263029,6512200
2020-02-05,108.26024627685547,108.47367630674495,107.05650429523004,107.49190337994749,6125400
2020-02-06,108.5419921875,109.35302382057588,108.08098247037094,108.33710115100996,9102700
2020-02-07,107.6370620727539,108.65298484866247,107.61145150468292,108.58469217159626,5915100
2020-02-10,107.7138671875,108.27732559944766,107.36384532131821,107.961446806686,5216100
2020-02-11,105.9979019165039,107.7992455250999,105.88691412324863,107.7992455250999,6105700
2020-02-12,105.39176177978516,105.83569995526078,104.879530934779,105.58812030227794,6031700
2020-02-13,106.68087768554688,106.9540678948384,105.45151848705088,105.63080546463851,7159000
2020-02-14,107.68827056884766,107.69680959499213,106.53574954734673,106.9626096674114,5889100
2020-02-18,106.60404968261719,107.72242112290498,106.56990009110255,107.42362033886266,6767600
2020-02-19,107.09066772460938,107.96999851928118,106.41622796137361,106.58696940200889,4734000
2020-02-20,108.06390380859375,108.21757370417485,106.82600561825487,107.11627387140503,6094600
2020-02-21,108.16633605957031,109.33594147632115,107.55166304746254,107.67971585413025,8723900
2020-02-24,105.26370239257812,108.07243609552613,105.12710403529394,106.93699318910024,7533900
2020-02-25,103.66722106933594,105.82713165238269,103.19767245851413,105.02463275874788,8903200
2020-02-26,102.5830078125,104.48679994106264,102.31835015893715,103.6586904223468,6894200
2020-02-27,96.89725494384766,102.37813775719857,96.83749478283114,101.69516541891976,13298900
2020-02-28,96.66674041748047,96.66674041748047,91.06633151662038,93.44821163911443,22784300
2020-03-02,102.07080078125,102.26715932343785,96.0862259452205,96.632606436479,12399800
2020-03-03,100.8841323852539,104.01728451241387,100.00480146524596,102.21594056283965,12510900
2020-03-04,106.28815460205078,106.45036350861267,102.10492472467807,102.34396531537921,9459300
2020-03-05,103.83797454833984,104.92220273462614,102.68545370346952,103.5562518624329,9363500
2020-03-06,103.86360931396484,104.67464095058821,100.35481854605315,100.76460062082566,9817400
2020-03-09,99.08275604248047,102.47202599521063,98.28026355067482,98.40831635927253,13116500
2020-03-10,102.91597747802734,103.14647907681233,97.69974629356446,101.55855891025811,11419100
2020-03-11,95.26663208007812,101.11462054343404,94.48975010061758,100.39749220287159,16456000
2020-03-12,86.94286346435547,95.25810303805491,86.22574161103691,87.93318203897823,20988000
2020-03-13,97.38385772705078,97.8619389291152,89.99064457878255,90.92119642042478,17378700
2020-03-16,92.62863159179688,98.98884378238431,86.22573079052059,86.86602087064821,17367400
2020-03-17,100.94387817382812,102.1903089280532,94.56658701343936,95.14711703038773,19451400
2020-03-18,100.26944732666016,103.72701717104252,95.69350596578168,96.48746611083553,23139200
2020-03-19,94.6177978515625,100.73896925043591,93.72992818842916,99.5522988625383,16428100
2020-03-20,87.4465560913086,93.65309877741076,86.72942777125321,93.21770618622247,19922900
2020-03-23,83.40846252441406,88.5734724382062,80.53996207667113,85.53423055255622,17776800
2020-03-24,88.16368103027344,88.78689963397079,82.0168982763458,86.42209757690951,14625500
2020-03-25,86.15742492675781,89.38448563781044,84.1767946932703,85.80740309709266,13789100
2020-03-26,91.67249298095703,92.46645320287165,87.53195039901573,88.68447162092541,15796000
2020-03-27,94.05435943603516,97.57168925036666,90.91266862020208,90.91266862020208,16073100
2020-03-30,98.1778335571289,98.85227336925607,94.07997355113596,97.23874253882147,14571600
2020-03-31,93.90921020507812,97.57167018468026,93.01280150231905,96.89723052978516,21691000
2020-04-01,93.33724212646484,95.77034368307285,91.34807226075571,92.15910394183538,11095800
2020-04-02,97.66558074951172,98.16927248213061,91.77491075642578,91.93711965971472,9168800
2020-04-03,98.24610900878906,98.94615921840884,96.4789086922265,97.10212070719537,7768700
2020-04-06,100.57677459716797,101.59270371863212,97.81926200086274,99.88526331999965,16848400
2020-04-07,96.27400207519531,102.49762169177714,96.04350053978119,99.637660978377,14438400
2020-04-08,98.2632064819336,100.14139507393537,95.49715449836044,97.65706584279877,12564500
2020-04-09,97.88758087158203,101.30246235580198,97.49486376913156,98.39981179154111,12747300
2020-04-13,98.98884582519531,99.67182453010626,96.60697240972975,96.99114386038738,7926700
2020-04-14,103.2660140991211,103.70141330703427,99.24499197986384,101.38783191001123,10474200
2020-04-15,103.48796081542969,105.36614259798249,102.09639275947549,103.18062103088569,14192900
2020-04-16,103.72700500488281,104.58072521068432,102.36105397827406,104.45266587714045,12020200
2020-04-17,106.45037841796875,106.70649058100472,102.90743813233878,104.53804039778389,15899800
2020-04-20,102.95864868164062,105.20393684239127,102.9074275569709,103.70138755619062,10832000
2020-04-21,102.1732177734375,102.70252655924234,101.10606769079104,102.01954790100172,9465400
2020-04-22,101.93419647216797,102.68546792759952,101.40488758627421,102.43788828000574,10259400
2020-04-23,102.6139907836914,102.84602958343329,101.45378367137043,101.96943054831245,17277000
2020-04-24,102.0811538696289,102.92338214459103,101.94365109305082,102.35616597959095,12751100
2020-04-27,100.93814086914062,102.43352549362444,100.4654672474942,102.43352549362444,10635700
2020-04-28,100.45686340332031,101.33346901889435,99.83808451157533,100.63733948727827,9958000
2020-04-29,100.62016296386719,101.4537953466471,98.90133547172107,100.99830055351089,8707900
2020-04-30,101.29910278320312,101.65145901711261,99.39979915045359,99.62324200832529,10026400
2020-05-01,100.39669799804688,101.72879172078187,99.96699119159113,101.06703956702894,7366400
2020-05-04,99.49431610107422,100.72327789180873,98.83257047074295,100.62874186507486,5636000
2020-05-05,99.70057678222656,100.77484381681755,99.01304325736606,99.52010070723195,5425200
2020-05-06,97.19966888427734,99.81228680102089,97.01919282988186,99.29663999463313,7892200
2020-05-07,96.40043640136719,98.09348249646452,96.09964290760009,98.02472782451592,8762800
2020-05-08,99.64900207519531,99.94980207393208,97.44890540643321,97.56062681149197,9279900
2020-05-11,99.09896087646484,99.7005542137409,98.76379016208705,99.47710488522098,6947500
2020-05-12,98.44583129882812,99.60603835684933,98.09346857271206,99.00444489790115,6734400
2020-05-13,97.90438842773438,99.13335004623863,97.74110431455468,98.21377782517635,9312600
2020-05-14,97.80986022949219,98.35988441182508,95.60976350016062,97.57782144127272,9310000
2020-05-15,98.49740600585938,98.65210073621152,96.29730900245667,97.91300441972975,10694800
2020-05-18,99.87245178222656,100.54279332847248,98.58333140658277,99.7177570748771,10020800
2020-05-19,96.6324691772461,99.3825901284568,96.54652257011625,98.90991001646486,8047600
2020-05-20,97.35437774658203,97.77548860144157,96.36605073240464,97.11374297237658,6593800
2020-05-21,95.92774963378906,97.28561815618825,95.76445894949829,96.9418579571842,6552700
2020-05-22,96.76996612548828,97.6293796906468,96.0480618780216,96.50355001846678,5571900
2020-05-26,96.28010559082031,98.10206480279763,95.97931213895757,98.10206480279763,10432400
2020-05-27,97.87860870361328,97.94736336125959,96.09962291704636,96.68402439342997,8279700
2020-05-28,99.74353790283203,100.5427927937527,98.74662156050819,99.28804975494918,6586700
2020-05-29,99.62322998046875,100.31076353179084,98.5059961555777,99.80370606240947,7868000
2020-06-01,100.76625061035156,100.98110402316681,99.05601928024781,99.69198354627532,5105600
2020-06-02,101.46238708496094,101.53114175985365,100.39671585135052,100.61156929278526,6327900
2020-06-03,101.86629486083984,102.43351099469685,101.36783338989986,101.49674674366786,6171000
2020-06-04,99.73497772216797,102.12414712354376,99.3224561982436,101.41083207009497,6895800
2020-06-05,101.6944351196289,102.12414201367942,99.73497273184765,99.90685286674511,7337800
2020-06-08,102.31320190429688,102.37336060002305,100.4138918889293,100.92954534578907,6926700
2020-06-09,101.7030029296875,102.92337523269465,101.53971880326687,102.61398581016388,5563200
2020-06-10,102.46790313720703,103.03511279624486,101.50535738765598,102.27023509195043,6678200
2020-06-11,99.91543579101562,102.76009295992367,99.69198639938719,102.10693673036684,8937500
2020-06-12,99.36540985107422,101.45378530969843,99.05602040855167,100.19903559457597,7998500
2020-06-15,100.28499603271484,100.79204701537626,97.76691339639001,98.44585106904353,8786000
2020-06-16,101.52252960205078,102.24444045972736,100.49123587029068,101.86629636490602,8165200
2020-06-17,101.35064697265625,102.36475529155743,100.92953614097857,101.74597644520342,6320800
2020-06-18,102.51085662841797,103.0952581584694,100.86938000640058,100.94672408575171,6274400
2020-06-19,102.20148468017578,104.69378594222707,102.12414058759403,103.55076404638048,17506200
2020-06-22,101.19595336914062,102.33897505301563,100.8435906390175,102.08114834527649,5695600
2020-06-23,101.17875671386719,102.43349966772975,101.11000205855298,101.98660096499223,5340400
2020-06-24,100.05293273925781,101.37643050977019,99.93261535619357,100.7404662626012,6547800
2020-06-25,101.31627655029297,101.43659393897674,99.71776660714474,100.54280293960738,5489300
2020-06-26,99.03023529052734,101.81473361077838,98.8669446029453,101.05844542139258,23201700
2020-06-29,101.11862182617188,101.45379265369921,99.99278539007148,100.13029473306031,6866900
2020-06-30,102.7601089477539,103.12106117413872,101.23894938981392,101.38504816380677,7818000
2020-07-01,103.11246490478516,103.4648211337531,102.18429647849803,102.82885679284077,6501200
2020-07-02,103.88593292236328,105.33834427457809,103.58513941779985,103.98906493398788,6150900
2020-07-06,104.53047943115234,105.20082758293275,103.88591919647585,104.65079681708083,6023300
2020-07-07,105.03753662109375,105.92273162534441,103.89451490091507,104.24687764222963,6866300
2020-07-08,105.61334228515625,105.91413574947575,104.84846466582705,104.97737802390849,6494100
2020-07-09,105.26097869873047,106.55009907528668,104.68516661403,105.55317617015,5341000
2020-07-10,106.47274780273438,106.99699061059174,105.25238209390145,105.33832214046055,6752600
2020-07-13,106.61027526855469,107.93376663580476,106.00008575347407,106.56730195955812,7681500
2020-07-14,107.50405883789062,107.99393095168715,106.13759417353083,106.55870505944716,6272100
2020-07-15,106.99700164794922,109.05959576216244,106.79074420356969,108.26893676136926,8145000
2020-07-16,107.2204360961914,107.8735856718437,106.48993589167198,107.49544816930948,3959300
2020-07-17,107.9681167602539,108.346260802339,107.28058988723205,107.50403267864168,4868600
2020-07-20,107.63294982910156,108.1485966413353,107.24621635912749,107.83061782814039,4242100
2020-07-21,107.48686981201172,108.83614904135719,107.35795644731124,107.84782198772822,5162300
2020-07-22,108.40644073486328,108.62989012687683,106.74777207532881,107.85641650591148,5929200
2020-07-23,109.10782623291016,109.98995696578415,108.62351308320387,109.07323196520386,6664800
2020-07-24,108.93486022949219,110.50021298031987,108.38136511544762,109.82564122246445,6014200
2020-07-27,109.24620056152344,109.52294811476006,108.57162881289557,108.71864950720017,6464600
2020-07-28,110.5953369140625,111.09695048201252,109.22024945349064,109.28943798687558,7644400
2020-07-29,110.96723175048828,111.7715370109426,110.14563925166755,110.31860400988793,6702000
2020-07-30,113.65686798095703,114.18441903715096,112.12610291685921,112.99959666355326,10400700
2020-07-31,113.39741516113281,113.47526051484016,111.79747474261572,112.99959755935934,8487000
2020-08-03,113.54442596435547,114.0892774110136,112.8352665986327,112.8352665986327,7769400
2020-08-04,115.70651245117188,115.82758907823224,113.03416984196365,113.09471475367513,7773700
2020-08-05,115.40386199951172,116.45030747573793,115.12710779981668,115.53358228288965,5680000
2020-08-06,114.77249145507812,115.34327368360933,114.26222774087066,114.8935680728104,3974100
2020-08-07,115.49899291992188,115.57682508881234,114.547666867817,114.92819728865895,4934900
2020-08-10,115.9746322631836,116.26867363874668,115.18762752591448,115.62868958925908,5812700
2020-08-11,115.22222900390625,116.52814131038706,114.84169861516655,116.12166686753922,5329900
2020-08-12,117.15079498291016,117.59185698609572,115.62867381798077,115.68921872629586,5920400
2020-08-13,117.42757415771484,117.50540632546108,116.69245738313501,116.82219085907825,4989500
2020-08-14,116.83946990966797,117.30647602703405,116.36380697767044,117.28053197586726,5845200
2020-08-17,117.18539428710938,117.35835901947823,116.45893449334228,116.70108775793132,5603800
2020-08-18,118.05886840820312,118.9323620336457,117.11619945062722,117.4534852793178,8670700
2020-08-19,117.4189224243164,117.89458541050803,117.18541274084683,117.22000041422201,6827700
2020-08-20,118.35292053222656,118.4653403419153,116.91728828712293,116.96053276609346,4352200
2020-08-21,118.86316680908203,119.43396223974536,117.53996761750177,118.13670709534419,5706600
2020-08-24,119.78855895996094,120.02206862708847,118.65562468800653,118.90643478879352,7420500
2020-08-25,120.26419830322266,120.34203044486412,119.1745087311569,120.21231020879502,4718300
2020-08-26,119.68476104736328,120.48906611212308,119.56368442643151,119.84043852933955,4746200
2020-08-27,119.52914428710938,120.80909953107053,119.5031870328243,120.07398269975178,6156100
2020-08-28,120.013427734375,120.13450438001263,118.43941814472115,119.6242537445658,4166300
2020-08-31,119.6329116821289,119.97884122639329,119.19184953373691,119.51183502199976,5596800
2020-09-01,119.5031509399414,119.53775180429305,118.54319469417626,119.2264100069443,5671800
2020-09-02,121.51822662353516,122.32253179308167,119.01020492189946,119.44262336675827,8384800
2020-09-03,119.57231140136719,122.54735161175107,118.56045409661921,121.71711581130354,7277900
2020-09-04,119.31288146972656,120.37662695614503,117.72157185205677,119.183148041983,7437700
2020-09-08,117.5659408569336,119.90099805739055,116.7875796592046,119.79722184290603,6847500
2020-09-09,119.47721099853516,120.69663417978248,117.8513266199024,117.98104687477395,6002900
2020-09-10,118.22321319580078,119.97018760026985,118.05889205725242,119.45128013078711,5242500
2020-09-11,119.46854400634766,119.9182627958545,118.6210077154918,119.07937012151106,4398000
2020-09-14,119.89234161376953,120.71393401540705,119.63288790894622,119.72802049416931,4767400
2020-09-15,119.89234161376953,120.87825513500728,119.68477601063816,120.03070548616019,4046500
2020-09-16,119.0880355834961,121.22418373005658,119.00155981342547,120.70528952054237,6049900
2020-09-17,118.93235778808594,119.24369955702184,117.7821232860828,118.53452706252706,4648500
2020-09-18,118.8026351928711,119.28694172287976,117.84266575075992,118.40481762737679,10192800
2020-09-21,118.23184967041016,118.88912091515986,116.49351918416546,118.48264654648115,7092600
2020-09-22,119.31288146972656,120.23824991176308,117.82536123352386,118.04157041673517,4722800
2020-09-23,117.88590240478516,119.71070858541046,117.69563725257873,119.71070858541046,6373700
2020-09-24,118.41343688964844,118.61234563148344,117.3669918946221,118.19722771919632,5708200
2020-09-25,119.01885986328125,119.338858516448,117.52269559671,117.52269559671,4969900
2020-09-28,119.35615539550781,121.02529774839536,119.15724657086399,119.83181840780043,5810800
2020-09-29,118.70751953125,119.71073359861843,118.18862525928934,119.68478954483865,4492100
2020-09-30,120.20366668701172,120.9474268325742,119.18315244246702,119.4858505886836,8727800
2020-10-01,120.4198989868164,121.0685266848708,119.52911800386418,120.7139403761403,5713400
2020-10-02,119.45127868652344,120.31611566096132,118.43942100999492,119.28695754996185,6077900
2020-10-05,120.54959106445312,120.77444386318557,119.60692219746248,119.9701520398893,6333900
2020-10-06,120.73987579345703,121.74308972849556,120.0480036590731,120.57555467694998,6042900
2020-10-07,121.68254089355469,122.279280425283,120.53230631142213,121.14634627495265,4640900
2020-10-08,122.50414276123047,122.74629603980401,121.38850895611412,121.5614736984718,4569800
2020-10-09,123.6025161743164,124.22519993913346,122.54741386150788,122.66849052709082,6551700
2020-10-12,124.96028137207031,125.68674115990171,123.95706745761949,123.95706745761949,5791500
2020-10-13,124.7181396484375,125.26297794153818,124.06951195007034,124.38085377314114,4509400
2020-10-14,124.57112121582031,125.48785956155328,123.74088504884736,124.69219787335244,3860700
2020-10-15,124.38948059082031,124.87378709543557,123.57653187391792,123.72355254879308,4997100
2020-10-16,124.87384033203125,126.15379566795495,124.46736580029058,124.89978439181314,6806100
2020-10-19,122.72900390625,125.73863253155677,122.05443220051508,124.94298419136595,6427600
2020-10-20,123.2219467163086,125.99807872161495,122.72033977593325,125.92889019228429,7582100
2020-10-21,123.88787078857422,124.83053972727309,123.21329914470144,123.23059957556957,5649700
2020-10-22,123.01041412353516,124.14094729574231,122.68865199153896,123.04520710893989,4502900
2020-10-23,123.81918334960938,124.2540027733463,123.27999824082329,123.27999824082329,4278100
2020-10-26,122.8799819946289,123.5322111843354,121.75814035733713,123.05390712462327,5315500
2020-10-27,123.80180358886719,124.65404605907337,123.18435408507327,123.43655681592168,6806700
2020-10-28,119.71449279785156,122.56690729585566,119.41011387845698,122.14077946263053,8192200
2020-10-29,119.63624572753906,120.95808747691284,118.09698095465967,119.44492408256475,5476900
2020-10-30,119.2275161743164,120.00149437927959,117.12297804702114,119.29707561934902,6422000
2020-11-02,120.4449462890625,121.7494041911101,119.52313149475664,120.45363789800864,6682800
2020-11-03,122.81041717529297,124.06269942308987,121.158108429784,121.158108429784,6244200
2020-11-04,122.3060302734375,124.35837887516989,121.9842680848699,122.1495016205035,5820600
2020-11-05,123.81918334960938,124.81926271635001,123.29739473327078,123.8713595573161,5673100
2020-11-06,124.55833435058594,125.28884086764702,123.81914949412761,124.07133885229996,4702300
2020-11-09,120.00146484375,127.76733309129344,119.66230623672827,127.09770748833022,12664700
2020-11-10,121.97555541992188,122.28862597545368,119.27097773091134,120.09714535636847,7854000
2020-11-11,123.54961395263672,124.35837181951948,122.31471494679823,123.35829231903568,5554300
2020-11-12,123.6191635131836,123.96702703267503,122.67996518464784,123.74091242759648,5631700
2020-11-13,125.47148132324219,125.6454064242152,123.38435357229682,123.67133596023787,6466800
2020-11-16,123.86266326904297,125.90632001023612,122.84518733926915,125.90632001023612,7976600
2020-11-17,123.38436889648438,124.76709153495901,123.27131159547476,123.3930605082404,6396800
2020-11-18,121.48853302001953,123.57567402129537,121.45375330800046,123.4800132261998,6097100
2020-11-19,121.34074401855469,121.85382790900259,120.40153218691937,121.6364181313918,5284100
2020-11-20,121.14069366455078,122.05381710499016,120.55803723122783,121.34070688324118,4726900
2020-11-23,120.67110443115234,121.70597697774348,119.88843462883612,121.15811342397741,4770600
2020-11-24,120.27977752685547,121.61032424103806,120.07107264283569,120.73199355829686,7101800
2020-11-25,120.60151672363281,121.218966183531,120.04494835638282,120.14931404811735,8411300
2020-11-27,120.5406265258789,120.78412431200046,119.60141509242405,120.52323003554619,4252200
2020-11-30,120.76673889160156,121.05372129504372,118.91441722521718,120.0101573632038,11640400
2020-12-01,121.20156860351562,121.34940562337468,120.14931297109626,121.0189518664812,7169700
2020-12-02,120.32322692871094,121.69725784824786,119.56664540623015,121.20155735446029,6963000
2020-12-03,119.43620300292969,120.31454678200876,117.87085033343696,120.08843217608195,8742500
2020-12-04,119.54926300048828,119.88842164738651,118.15783542521326,119.32316165910173,6617200
2020-12-07,119.73186492919922,119.78405440426566,118.75787370878825,118.80135830319271,6918000
2020-12-08,120.05366516113281,120.68849790800479,118.64484097471006,119.15793806346863,6493500
2020-12-09,118.62745666503906,120.0449591816966,118.48831124326968,119.86234242655733,6773400
2020-12-10,117.84476470947266,119.07095876553096,117.43603335745323,118.72310850704652,6800500
2020-12-11,118.71439361572266,118.96659631105024,116.70553001263661,116.93164460425938,6548000
2020-12-14,118.14046478271484,119.94930224571816,118.07089206957808,119.15794083176854,6485300
2020-12-15,118.83615112304688,119.61012921811945,118.47960925673273,118.61004978469686,5397000
2020-12-16,119.37532806396484,120.24496690965921,118.8883324335177,118.8883324335177,5382500
2020-12-17,120.22757720947266,120.98415880168622,119.96668288709805,120.01885909764569,7405300
2020-12-18,120.91458129882812,121.81032153301223,119.53185869564824,120.23626404935739,19988800
2020-12-21,119.59272766113281,120.38408885886416,118.46219460341499,119.97537084401895,6732400
2020-12-22,118.74919128417969,120.07104609244958,118.60135426747603,119.39271556046194,5023100
2020-12-23,118.56654357910156,119.61881230159139,118.38392687323005,119.47966691736173,6004200
2020-12-24,119.76667022705078,120.12322536033926,118.44481538512554,118.44481538512554,2588200
2020-12-28,120.60151672363281,121.218966183531,119.96668403980937,120.14060916651812,3714700
2020-12-29,120.37538146972656,121.6972359456223,120.18405990336142,121.07109505017868,5139300
2020-12-30,119.81014251708984,120.81022184030083,119.61882091740225,120.53194432143214,3261400
2020-12-31,121.00155639648438,121.13199692404078,119.47968831668905,120.27975451485364,4076400
2021-01-04,119.85363006591797,121.62768744263785,118.57525992269103,121.45376233035324,8330900
2021-01-05,120.61892700195312,120.81024864408866,118.50571059514445,120.00149074112872,6856400
2021-01-06,121.88858032226562,122.65385346130692,120.53194588480096,120.67978289199797,10578000
2021-01-07,120.74935150146484,121.86248809295722,120.0449329338925,121.53202110592093,7355400
2021-01-08,120.69715881347656,120.93196499641476,119.14051125686187,120.41888130783107,7448500
2021-01-11,119.87971496582031,121.26243748554145,119.66230526386535,120.66238458500413,7239900
2021-01-12,119.1839828491211,120.2275466033246,118.47957764677456,119.87969644180113,6333500
2021-01-13,119.36660766601562,120.071026185952,119.22747555371399,119.22747555371399,6078800
2021-01-14,118.09699249267578,119.70581686669235,117.64477644495173,119.514495203026,6172800
2021-01-15,117.20993041992188,118.4448160712494,117.10557799772525,117.6186617663741,7757600
2021-01-19,116.18378448486328,118.58398352911463,116.14899149123757,118.01001856104179,9184900
2021-01-20,114.73145294189453,116.35768669739443,114.14879647513938,115.25324158626691,12506600
2021-01-21,114.61859130859375,115.47598756406809,114.1811491434366,114.30363241569358,8761600
2021-01-22,113.7349624633789,115.02104349151575,113.72621842599563,114.62734821446222,7202800
2021-01-25,115.69470977783203,116.35961706948875,113.64747027912668,113.69121716600522,9640000
2021-01-26,116.4383544921875,116.77081481581203,114.98604327282058,115.70345484492076,5996700
2021-01-27,112.31765747070312,116.44711268339107,111.72272916904005,115.82593891912126,10826700
2021-01-28,114.0499267578125,115.17852171878732,111.49526600495949,111.8452144123239,8242000
2021-01-29,112.16893768310547,113.98868553419831,112.04645439794197,113.90120510175402,8344100
2021-02-01,112.8338394165039,113.43751177390271,112.16017470683084,112.86008487989723,6534200
2021-02-02,112.67636108398438,114.3648949939711,112.58888064984481,113.38502869367443,6825600
2021-02-03,112.81634521484375,113.03506632357733,111.76648656285799,112.81634521484375,7309400
2021-02-04,112.88631439208984,113.26252156369517,112.49261914714423,113.19252922131105,6613700
2021-02-05,113.35877227783203,113.82245991797785,112.88632725034425,112.96506363836694,5063700
2021-02-08,113.00880432128906,113.82245366854414,112.08142909191506,113.67371158865578,7011200
2021-02-09,112.57136535644531,113.6824721955993,112.18641411455413,113.26253145429777,5917800
2021-02-10,112.17768096923828,113.00007445682584,111.95020915195778,112.64136864208203,8594100
2021-02-11,112.27393341064453,113.14881794121949,112.16895153887266,112.45765168624531,6139200
2021-02-12,111.65274810791016,112.09894101517807,110.74286754252614,111.98520177273122,8407300
2021-02-16,111.91520690917969,112.1339280014857,111.1015641788078,111.9589537975761,8246000
2021-02-17,112.38764953613281,113.28877934915006,111.20655032311855,111.2765426731178,8845200
2021-02-18,113.3237533569336,113.60372271865626,111.62647581309322,111.81895141185908,6936400
2021-02-19,111.2153091430664,113.245040717145,111.12781536177019,113.16630432378444,8277900
2021-02-22,110.74286651611328,111.3202867364863,110.56788563506228,110.92659143508826,6975500
2021-02-23,111.56524658203125,113.67371434182998,111.27653982663581,111.79271837629109,10145300
2021-02-24,111.68773651123047,112.19517102340802,111.03157326526085,111.41651783067338,7263000
2021-02-25,110.74286651611328,112.85134107762056,110.48914924471792,111.53900783167147,7790800
2021-02-26,108.074462890625,111.04907102118261,106.5784114502941,110.70786665802844,17718800
2021-03-01,108.73936462402344,109.78922305785922,108.48564738963175,108.62563207405633,7740200
2021-03-02,108.39818572998047,109.23807400905804,107.98698896656111,108.37194026420285,10206500
2021-03-03,107.7507553100586,108.66062912270996,107.4270457109554,108.28442860071777,7537000
2021-03-04,106.86713409423828,109.15932702110786,106.33345405977511,107.69827162996239,10228100
2021-03-05,110.21792602539062,110.52413419257398,107.21707263731898,107.40079753762899,10490900
2021-03-08,111.38153839111328,112.77260147764729,109.64052018584887,110.02547148393619,9224700
2021-03-09,110.39290618896484,112.79008740945551,110.28791766531761,111.67898723558288,8859700
2021-03-10,111.40779113769531,112.35266801756583,109.77176136358305,110.36668310185274,9070900
2021-03-11,111.0315933227539,111.85398020070768,110.8653631344646,111.22406230281021,6941500
2021-03-12,112.10769653320312,112.70262492037413,111.67900500772282,111.67900500772282,6521900
2021-03-15,112.47512817382812,112.89506891747384,111.27654090461981,112.32639943857184,7172600
2021-03-16,112.8075942993164,113.71746818232177,112.43138707339722,112.43138707339722,6485200
2021-03-17,112.35263061523438,113.59496461324562,112.2913956612915,112.9563028666616,6192900
2021-03-18,112.59761047363281,112.89506794157406,111.14530595839207,112.16892569621027,6871300
2021-03-19,111.99395751953125,113.50751728224812,111.8977263675481,112.94759174883217,20262100
2021-03-22,113.8924331665039,114.51360690099845,111.99393581412221,111.99393581412221,8077600
2021-03-23,116.00967407226562,116.61333308044827,113.72622530757306,114.0936751450358,9503800
2021-03-24,115.97466278076172,116.48209728594915,114.27738507195296,114.55735446088751,8318000
2021-03-25,116.7795639038086,116.90204718365013,115.52848564183257,116.43835952784455,7517300
2021-03-26,118.50309753417969,118.64308225181699,115.90468961787606,116.55210892469051,10821200
2021-03-29,120.35784149169922,120.3840869531467,118.10938239674668,118.10938239674668,11176000
2021-03-30,118.50309753417969,119.8591711182265,118.23188548730582,119.51796671253398,8090600
2021-03-31,118.48558044433594,119.64043418766633,118.33685170763593,118.70430153060224,9202600
2021-04-01,117.4794692993164,118.52932784803444,116.64833183781779,118.1531339858614,9117800
2021-04-05,119.37797546386719,120.07788566408499,117.87317320578576,118.07440623250919,8279100
2021-04-06,119.42171478271484,119.876658386463,118.66931370137884,118.98427260402359,6180600
2021-04-07,119.63168334960938,120.14786187993339,119.20298523901361,119.96413030405667,10244500
2021-04-08,120.08662414550781,120.41034044106414,119.5004532179816,119.77166523746786,6190300
2021-04-09,119.30799102783203,120.09539506146902,118.59933674233307,119.4304743197741,5855400
2021-04-12,119.78913879394531,119.89412062230929,118.73053642548051,119.42168904499837,6440900
2021-04-13,118.20560455322266,119.32545525894888,117.96938208179922,119.00175237750919,9161200
2021-04-14,118.63430786132812,118.8005246526099,117.7419222017978,118.56431552041653,7584000
2021-04-15,120.06912231445312,120.52405252420053,118.87052178384185,118.95801555092574,7945300
2021-04-16,120.07787322998047,120.64654269957836,119.75417030264092,120.39283211998054,7708500
2021-04-19,119.5179672241211,119.92916399039237,118.45060710950342,119.8066806993548,9149400
2021-04-20,120.51531982421875,121.25021947802682,116.82330678050455,117.96940314887385,10040500
2021-04-21,119.7279281616211,121.2327303056157,119.5092070749902,120.63780200814831,8465900
2021-04-22,118.53929901123047,119.56064794685916,118.0374178094659,119.19084710954868,7338300
2021-04-23,117.93172454833984,118.9354731787321,117.32419000769205,118.80339285876066,6708300
2021-04-26,115.5720443725586,117.77324902761707,115.49280422939738,117.5355285981334,9910600
2021-04-27,115.50159454345703,116.12674252460462,114.7179662892524,115.55443473622859,8296800
2021-04-28,115.69530487060547,116.09153243458078,115.23746400104253,115.96826551814672,6262800
2021-04-29,116.67263793945312,117.09527887475203,115.61606247137787,115.61606247137787,6786800
2021-04-30,117.473876953125,117.69399739714639,116.45251486844518,116.88395577535796,9188600
2021-05-03,118.86504364013672,119.46376481851978,118.01097521473034,118.01097521473034,8070300
2021-05-04,118.46002960205078,119.59585878329167,118.16948239624165,118.84744378991317,9624000
2021-05-05,117.50910949707031,118.83863220737692,117.42985592267992,118.31033774184397,8295900
2021-05-06,118.98832702636719,119.19083410766574,117.91413800108064,117.99337815005556,9771100
2021-05-07,118.99711608886719,119.77194441241869,118.6537287063999,118.93548934590473,6299100
2021-05-10,121.21593475341797,121.8762961413327,119.47258445114738,119.64867813424061,8852700
2021-05-11,120.61721801757812,122.20207465928638,120.15936367648445,121.93794084239322,10973700
2021-05-12,119.34050750732422,120.62601695713794,119.296494161614,120.17697603721356,8853700
2021-05-13,121.25996398925781,121.97315215303848,119.20843962370239,119.64868055789658,8753600
2021-05-14,121.51528930664062,122.47502468661388,121.21592871678182,121.21592871678182,5989500
2021-05-17,121.2687759399414,122.44863197069404,121.16312240453519,121.48009644584226,7690700
2021-05-18,120.02731323242188,121.35683622181092,119.87761946886552,120.15058017557656,9239100
2021-05-19,120.27383422851562,120.47634130590431,119.3845389013404,119.79836647367016,9806800
2021-05-20,121.5064926147461,122.13164062586873,120.37947694645972,120.44110368835263,8768200
2021-05-21,121.5064926147461,122.33414768506907,121.31278553722001,121.6825862938371,10161000
2021-05-24,121.4712905883789,122.210892170631,121.26877007519329,121.50650395344853,6981300
2021-05-25,121.88507843017578,121.92910520332981,120.4058755848119,121.55050451139198,8142400
2021-05-26,121.6121597290039,122.26372119306748,121.3920392467634,122.20208100919788,8122900
2021-05-27,118.84744262695312,121.75303557240126,118.56569540632053,121.6121552445412,33095700
2021-05-28,118.73296356201172,119.85997907215571,118.54805649210599,118.99709732604184,10477100
2021-06-01,116.99844360351562,119.7455429363568,116.64624276912055,119.56063581891337,9993900
2021-06-02,117.50910949707031,117.65878979411784,116.6814544374423,117.10408194881687,8254100
2021-06-03,119.61347198486328,119.66629874946824,117.28018687913867,117.30660026144115,11249800
2021-06-04,119.70150756835938,120.29142880919123,119.21723985272513,119.48138710080627,6894400
2021-06-07,120.11534881591797,120.48514963135588,119.46378732104814,120.06252204729665,8418000
2021-06-08,118.72417449951172,120.40589812924797,118.64493435404873,120.34425794827405,6911500
2021-06-09,118.68013763427734,120.13294068642956,118.63612429170695,119.34931241045155,6200700
2021-06-10,119.56063842773438,120.05371960664655,118.53047615544072,118.88267699752085,6515500
2021-06-11,118.74179077148438,119.63107266284051,117.89652222750301,119.52541913300072,10641400
2021-06-14,118.78582000732422,118.89147353934614,117.949364863612,118.84744675597433,6302000
2021-06-15,118.55685424804688,119.42853595824472,118.46881414005028,119.04112186482345,5543400
2021-06-16,116.91036987304688,119.37572154827001,116.79590294222415,119.02352077461768,8936400
2021-06-17,117.97576141357422,118.12544170761123,116.79590558895923,116.94559931808232,7875600
2021-06-18,116.25000762939453,117.41225002074528,116.17076749409853,117.40343660454415,13997600
2021-06-21,117.16572570800781,117.33300597329199,116.5757910482513,116.83113830726593,8014800
2021-06-22,117.20970916748047,118.00215068796585,116.99840217675104,117.13926902554289,6550900
2021-06-23,117.04246520996094,117.4210794542625,116.50538409040523,117.06007861169542,5796000
2021-06-24,117.1217269897461,117.3770608748491,116.83996628264899,117.06008679690986,6056700
2021-06-25,118.79462432861328,119.34051884411451,117.06007379410102,117.33302105185163,24504900
2021-06-28,119.14679718017578,119.88639862775,118.65371611337432,118.77698302130335,6065400
2021-06-29,118.33674621582031,119.59584215127246,117.8260786047515,119.31408153197924,5792300
2021-06-30,118.80342864990234,119.1204027042076,118.23992071281396,118.49526801396794,5776600
2021-07-01,119.07635498046875,119.86878316994738,118.79459437571228,119.24363522507215,5922300
2021-07-02,119.65747833251953,120.30903973973837,119.23485080531408,119.3933445249454,5572000
2021-07-06,119.72791290283203,120.0096735312049,119.18201847921739,119.32289879340382,6534400
2021-07-07,120.62602233886719,121.14550344422663,119.7719538066244,119.7719538066244,5532700
2021-07-08,120.60844421386719,120.97824511406522,119.6487218703705,120.61725763404992,7585200
2021-07-09,120.6524429321289,121.19833745275241,120.48514920868917,120.83735005674353,5948700
2021-07-12,120.74927520751953,121.03983581780356,120.12412720931701,120.53795473592581,6807300
2021-07-13,120.5995864868164,121.12788091135214,120.08890545912128,120.08890545912128,5603800
2021-07-14,121.48888397216797,121.70900443842032,120.07130763209942,120.63481548830192,5903600
2021-07-15,122.52786254882812,122.61590267642504,121.24235308310946,121.5153003183084,7357100
2021-07-16,123.71651458740234,123.9542484769368,122.48384522516521,122.65113894613063,9346300
2021-07-19,123.65486907958984,124.91395163466369,122.21967941226293,123.5492155603071,9544100
2021-07-20,122.9945068359375,125.01080428001303,122.9504800581885,123.65486819691354,8136300
2021-07-21,122.5630874633789,123.44356943285015,122.37819377343959,123.22344894048234,6954700
2021-07-22,122.09347534179688,122.56306453960669,121.12771744589239,121.64159679778825,6013800
2021-07-23,123.8566665649414,124.0250124420573,121.45556116279423,121.80996357387004,7906000
2021-07-26,124.29080963134766,124.76926771404113,123.3516311603516,123.70603353898191,5925800
2021-07-27,124.79586029052734,125.47808561684232,124.04273825755796,124.17563578357111,7075400
2021-07-28,122.94407653808594,124.63637724231256,122.89978637313918,124.63637724231256,8520000
2021-07-29,123.58199310302734,124.20220403419763,122.91747849400538,123.83007747549546,5430500
2021-07-30,126.01856994628906,128.0652731569891,125.41608307889115,125.81478921403234,14394300
2021-08-02,125.70843505859375,126.19573490618353,124.7515324974863,125.6109723851592,7009500
2021-08-03,127.5425033569336,127.77287707772628,125.38948247760986,125.69072586063231,8455700
2021-08-04,126.19574737548828,127.66654294916214,126.12487771469961,126.7362197961957,6628000
2021-08-05,126.25777435302734,127.18809749954544,125.3451753813757,127.01089630963345,5363300
2021-08-06,125.29203796386719,126.80712394618192,125.12369207259077,126.7273854249204,6030100
2021-08-09,125.9742202758789,126.33749144133931,125.54893478827607,125.77043961800824,4743800
2021-08-10,126.05400085449219,126.26663688668799,125.51352840668625,125.73503328661351,5253500
2021-08-11,126.36408996582031,126.91343121958538,126.23119245580355,126.47042149341763,4205000
2021-08-12,126.65650177001953,126.83370298981534,126.12489811063212,126.83370298981534,4956100
2021-08-13,127.26782989501953,127.57794210216045,126.42611414367299,126.65647432753707,4888800
2021-08-16,128.15386962890625,128.19817331117298,127.03748984154745,127.29442956735737,6040800
2021-08-17,128.36654663085938,129.00448193702132,127.48938220498954,127.94124741369235,7577000
2021-08-18,126.96659088134766,128.3665032456401,126.86025935319948,128.20701271320982,7162000
2021-08-19,128.46395874023438,128.72089841975227,126.84254160241485,126.84254160241485,5787200
2021-08-20,128.5525360107422,129.34109264093794,128.27787219297244,128.69430234235932,5273800
2021-08-23,127.89691925048828,128.77406989621693,127.79058771798742,127.84374672444558,4522200
2021-08-24,126.86026763916016,127.71970765007954,126.68306644011783,127.59566545879142,4560400
2021-08-25,126.40838623046875,126.81596110326208,126.03625970465735,126.76280210237232,3861500
2021-08-26,126.18689727783203,126.44385050728187,125.34518144534137,126.31093946872976,4749400
2021-08-27,126.08942413330078,126.49699902363894,125.49579273183936,126.24004581549991,4741200
2021-08-30,126.6387710571289,126.69194358795156,125.85908302634489,126.346396495326,3845800
2021-08-31,126.16033935546875,127.17040123115922,125.85909591455462,126.73624672895676,9642400
2021-09-01,127.4450454711914,127.75515771335915,126.0185534924729,126.1071608529737,6214200
2021-09-02,127.5425033569336,128.23359748014255,127.21468047067884,127.5602275322833,5392500
2021-09-03,127.63113403320312,127.91465329267682,127.16154469752246,127.37418076223098,5466400
2021-09-07,127.15263366699219,128.02979770168668,126.95770832594897,127.87032070605997,6520600
2021-09-08,128.1184539794922,128.41969743267748,126.70967238213711,126.7717002505158,6897800
2021-09-09,127.57797241210938,128.3665293483389,127.27671546061174,128.09186542397387,6354700
2021-09-10,127.70201110839844,127.99439920294823,126.98433738522458,127.63998324610618,5750000
2021-09-13,129.07530212402344,130.44863492370348,128.33991790546096,128.33991790546096,9952500
2021-09-14,128.8538055419922,129.67781068253282,128.42851998019484,129.47402998911096,5831800
2021-09-15,128.57913208007812,129.15505280665803,128.24245389857106,128.78292627788713,6237100
2021-09-16,127.68429565429688,128.64119852376825,126.54133622440975,128.3310862302923,6142100
2021-09-17,127.88805389404297,129.6069339208953,127.79059120634768,127.9146333979976,18737400
2021-09-20,126.60333251953125,128.3399367801246,125.7881961587092,127.78174013929362,10238700
2021-09-21,126.79823303222656,128.0563789197491,126.59445236188532,126.68304618745064,6651300
2021-09-22,127.232421875,127.89693658496083,126.5767624941209,127.42734727148876,6332500
2021-09-23,127.75514221191406,128.1981519214944,127.13493132241825,127.63995536115648,5171200
2021-09-24,127.1881332397461,127.98554557821704,126.78055822079314,127.40963816927558,5009400
2021-09-27,125.51351928710938,126.8514037976113,125.38947710414618,126.83367962302113,5749700
2021-09-28,124.56548309326172,125.2565772485084,123.65288405442095,124.97305802769229,7015300
2021-09-29,125.83248138427734,126.41724392459749,124.2021953821599,124.28194740457103,5460000
2021-09-30,123.86549377441406,126.47039253087506,123.62626479158497,126.38178519809959,6934900
2021-10-01,123.67062377929688,124.24653114121433,122.5542438926746,123.98072254356516,5587200
2021-10-04,122.97061920166016,124.39711089088314,121.91626753534953,123.50223621760725,5816000
2021-10-05,123.4491195678711,124.50348511545323,122.90864704010157,122.97953023451575,6902700
2021-10-06,125.09709930419922,125.15911364096641,122.82002262815244,123.14785904678509,5332900
2021-10-07,126.09829711914062,126.72736337017403,125.59325953320459,125.59325953320459,5334600
2021-10-08,125.57555389404297,126.36411079582481,124.96419820802149,126.07172270600644,6131800
2021-10-11,126.09829711914062,126.49700317564667,125.6109837080403,126.14258727685362,5995600
2021-10-12,125.91222381591797,126.73621541001556,125.54895259892312,126.34637821083258,6734800
2021-10-13,126.20460510253906,126.48812427946488,124.95531450776497,126.1691567556839,5689800
2021-10-14,127.63113403320312,127.8614942764997,126.53246479372338,126.55018897231143,6777800
2021-10-15,127.95895385742188,128.35765998860975,127.30329446153094,128.04756122861326,6923700
2021-10-18,126.11602783203125,127.32101504040186,125.90339177852171,127.18811750695839,9119000
2021-10-19,124.62749481201172,124.769261163855,122.97949815068807,123.2275825066221,9555300
2021-10-20,125.11482238769531,125.77933702780089,123.90983529952047,124.17563033989472,7352700
2021-10-21,124.21440124511719,125.84587026639485,124.08066624792563,125.57841387540887,6545500
2021-10-22,125.55162811279297,125.7120937323264,124.20544998093399,124.267848742955,5265000
2021-10-25,125.56950378417969,125.63190256688458,123.96477903994983,125.17723622410159,5382100
2021-10-26,127.3525161743164,127.64670321307169,125.91718106749201,126.25594643446335,6234900
2021-10-27,126.44319152832031,128.0924811263282,126.31838035007432,127.61107046835029,9643500
2021-10-28,127.200927734375,127.37924102003927,126.33617359519334,126.49663922821867,4538500
2021-10-29,127.47734069824219,127.91417299173573,126.61257273307699,126.7373839031319,6239500
2021-11-01,127.16532135009766,128.19947894327368,127.03159993865202,127.80721133183458,5038900
2021-11-02,128.43124389648438,128.89483404416907,126.8443532867831,127.23662082687042,9954300
2021-11-03,129.3138427734375,129.36733132700903,127.94983024377937,128.49365321074998,7620100
2021-11-04,129.55453491210938,129.61693368053255,126.89781926451543,127.34357528014466,6402500
2021-11-05,130.1964111328125,130.49061173570075,129.09094491960164,129.66151207579261,6062700
2021-11-08,129.22467041015625,130.24991744146138,128.39557072376851,129.71500476396352,5854400
2021-11-09,129.616943359375,130.00921085896343,128.89482073667585,129.29599846002037,4873100
2021-11-10,130.8917999267578,131.32863210578265,129.79523035926934,129.92896532289643,7334900
2021-11-11,130.51736450195312,131.02553292275542,130.34798863174728,130.92746604874418,4096300
2021-11-12,130.66001892089844,131.12360904924523,130.14294023993392,130.8204981821475,5687400
2021-11-15,131.40890502929688,131.7209397696026,130.57980513601257,131.0790498377835,5510200
2021-11-16,131.22166442871094,132.46977589171502,131.06118518152775,131.39996412294084,7603900
2021-11-17,131.1414794921875,131.7477013946057,130.53524398636964,131.02557852709003,4900200
2021-11-18,131.15928649902344,132.01514430084566,130.6154634465964,131.08796388192172,5509300
2021-11-19,130.8917999267578,132.14882152313263,130.86504205131743,131.89919924843454,6274300
2021-11-22,131.7655029296875,132.78182627079028,130.9007350267829,131.0255461878518,6625400
2021-11-23,133.22756958007812,133.28105812920552,131.6495893638453,131.79223456378165,7912800
2021-11-24,132.5321807861328,132.72831451973386,131.6584892079485,132.63024765293335,5665200
2021-11-26,131.47129821777344,133.4772005609034,131.32865300855806,132.46087725118673,6299800
2021-11-29,132.8531494140625,133.42371666745228,130.8650674501137,131.75657963374752,7113300
2021-11-30,128.8948516845703,132.42523282172718,128.4847500356085,131.7744326430035,11696400
2021-12-01,130.51736450195312,131.8278883621965,129.13553164551516,129.13553164551516,8313500
2021-12-02,131.2840576171875,132.35388294386104,130.99878083923025,131.06117960802953,9468800
2021-12-03,133.61984252929688,133.72681963191584,131.64068451047288,131.9616294217253,11200800
2021-12-06,135.64356994628906,135.85753776229595,133.89621372745216,133.89621372745216,11935100
2021-12-07,135.2869873046875,136.02694412301213,134.8590652229881,135.46528703844578,7913400
2021-12-08,135.89320373535156,136.09826134427595,133.97645786745562,135.2156593325589,8329300
2021-12-09,136.68666076660156,137.46227204869692,135.15325865245197,135.78622471383645,8334300
2021-12-10,138.594482421875,138.8975932828054,136.7847002736245,137.15914734112158,7172300
2021-12-13,140.56471252441406,141.1531137808792,138.10414400200784,138.45183318021083,8944000
2021-12-14,141.08180236816406,141.4205813493703,139.66430126795308,140.76976766406395,8677500
2021-12-15,141.6256103515625,142.32098868951394,140.53796451971127,140.53796451971127,9152600
2021-12-16,143.6315460205078,143.81876958746926,141.2333757766099,141.5097424108022,10852900
2021-12-17,140.37747192382812,144.1753077791619,140.24373697473098,143.23030732713465,24349400
2021-12-20,140.7340850830078,141.26899772519712,139.5840405867124,139.6107848584825,9202600
2021-12-21,140.64495849609375,140.99264770679684,139.7801905816841,140.54689161084949,6946000
2021-12-22,142.03573608398438,142.2675243683088,140.20813327802736,140.65388939638774,6626300
2021-12-23,142.73109436035156,143.46212721733917,142.1426931024915,142.19618165258876,5640900
2021-12-27,144.398193359375,144.4160274075386,143.18573654871648,143.2392250898143,4548600
2021-12-28,145.17381286621094,145.6552369709129,144.37145749623264,144.3892915454348,5929400
2021-12-29,146.3773956298828,147.08168430805907,145.3878165076776,145.503717450989,5346100
2021-12-30,145.1114501953125,146.73399538807655,144.968804973,146.5646058870051,5911500
2021-12-31,145.8335418701172,145.96726323543302,144.8350527333743,145.1916521098127,5327000
2022-01-03,145.22732543945312,145.262993543759,142.53496851038656,144.14860334363001,9317300
2022-01-04,145.73548889160156,146.55567841830015,144.5854306266927,144.68349750506945,9253800
2022-01-05,146.39520263671875,147.38478157609757,145.67306643496022,145.70873453557263,9330200
2022-01-06,145.1649169921875,147.2777963178008,144.9687832417581,146.51109536704823,7556000
2022-01-07,145.08465576171875,145.78894419789842,144.38035372214668,145.4323448687884,6098500
2022-01-10,143.10552978515625,145.4234531427934,142.793495100765,144.87963020365703,8055000
2022-01-11,141.44729614257812,142.83805267578757,139.88715015407388,142.83805267578757,11957900
2022-01-12,141.7593536376953,142.07138835700655,140.70737574451468,141.0907194706543,7127500
2022-01-13,141.11746215820312,142.15161958971677,140.66279582696376,142.0268084240787,6551000
2022-01-14,142.47254943847656,143.07878475264147,140.46664717244946,140.92132705892195,10708000
2022-01-18,139.7266845703125,141.33140903592013,139.11153905821334,141.33140903592013,10988400
2022-01-19,144.42498779296875,146.37740184152844,139.94068216149591,140.51124947036925,14088300
2022-01-20,145.2047576904297,147.29319813053186,143.51966106409873,143.51966106409873,10799100
2022-01-21,145.76048278808594,148.20746182714697,145.29440326556048,146.10109093495413,10900400
2022-01-24,144.5773468017578,147.10497831513732,142.26482471607704,146.4865113568122,14838100
2022-01-25,142.9998016357422,144.57734368132793,141.52086964485085,143.81546133641706,9369600
2022-01-26,141.75390625,143.02670079996727,140.1674195829705,141.02788460969074,10707100
2022-01-27,142.63232421875,144.62216852316345,142.13934230966635,142.2737857044865,9083000
2022-01-28,143.8602752685547,144.26361909935926,141.00996609914736,142.16622023769972,9494200
2022-01-31,143.81549072265625,143.9947531707806,142.39929413183222,142.82954041954835,8950100
2022-02-01,143.1790771484375,144.57734310006117,141.37745367651488,144.1202082242144,6284100
2022-02-02,145.74258422851562,145.95769367276222,142.93708002712862,143.53761668706144,7558800
2022-02-03,147.12290954589844,147.8758199010703,144.8641648035372,145.1868426238745,10474500
2022-02-04,144.78347778320312,147.43660766331212,144.67592308429457,146.21760426058805,8959900
2022-02-07,143.69894409179688,145.43780447701343,143.1163241754074,145.0882379979177,6430500
2022-02-08,143.37628173828125,144.5504663541482,143.098409250272,144.41600927733475,5048700
2022-02-09,143.0535888671875,143.98576158829997,142.75779974149978,143.73479148350643,8077400
2022-02-10,140.87551879882812,142.9639594718325,140.4094255716602,142.5964626258569,7033000
2022-02-11,140.0867462158203,142.13933985357943,139.45036258887345,141.6284276083994,9341400
2022-02-14,140.49008178710938,140.77689887188615,137.46049683250206,139.95228094749316,9472200
2022-02-15,140.5618133544922,142.80262777213036,139.9254160420708,141.41332009782553,6659200
2022-02-16,141.62843322753906,142.31860791571322,140.06883510531338,140.5707753596778,9315700
2022-02-17,143.25079345703125,143.75273370810268,141.03686767496217,141.96008213893555,7925500
2022-02-18,143.322509765625,144.36225111982705,142.35448980340732,142.9639848667924,8063200
2022-02-22,141.55670166015625,144.20087323776045,140.41837794548925,143.51069866593252,8179500
2022-02-23,139.7909698486328,142.15726927920304,139.46829203188025,141.88836881910166,6273000
2022-02-24,136.02639770507812,139.80889365355696,134.95080948660913,139.5041461657459,13145100
2022-02-25,141.83457946777344,142.46200470371951,136.46558376100015,136.53729145608605,8888800
2022-02-28,139.72821044921875,140.89343657476778,137.87282339373724,140.0867352523825,8669200
2022-03-01,137.41567993164062,139.2889972129622,136.54624297775575,138.31200556023586,8311900
2022-03-02,137.84593200683594,139.0021998911884,136.7793158456735,137.10199366492932,6111300
2022-03-03,138.35684204101562,139.70133065361549,137.82801313583593,137.82801313583593,7451200
2022-03-04,139.05596923828125,139.2442036540234,136.73448894624892,137.245387485815,8639100
2022-03-07,136.99444580078125,138.50028040855346,135.47069452253209,138.47339172599038,8374500
2022-03-08,131.57164001464844,137.0930094634509,131.38341928164633,136.40283486313947,9517200
2022-03-09,133.3463897705078,134.87014085714364,132.48591100615158,133.40016712887146,7044100
2022-03-10,129.91343688964844,132.9071611627636,129.01711127421203,132.47692869687032,9221000
2022-03-11,128.37176513671875,131.00696482735404,128.2014610690207,130.32574855656182,7086100
2022-03-14,130.01206970214844,130.89942355701243,128.48831846410513,129.47426871138146,7964600
2022-03-15,134.69088745117188,134.932885580004,131.6613017433691,131.76885646729448,9868400
2022-03-16,134.2337646484375,136.05330516908245,132.69208297426817,135.01357749789113,6908900
2022-03-17,134.65499877929688,134.87012185929512,133.10435923190283,134.43988937614267,6003800
2022-03-18,134.58331298828125,135.2286686564582,132.87134110991235,135.2286686564582,15570300
2022-03-21,135.09422302246094,135.72164833479488,133.76766469397688,134.84325289752735,6937500
2022-03-22,136.1339874267578,137.6756691295855,134.9149836077045,137.5232816849615,7292100
2022-03-23,135.18386840820312,137.14681048971457,135.0673416735719,136.42078875483617,5531900
2022-03-24,135.41690063476562,135.84713318012894,134.59228255746675,135.24659654808016,4203100
2022-03-25,136.9854736328125,137.96246547220957,135.80231701211983,135.90988540835772,5047700
2022-03-28,137.92662048339844,137.94453715232925,136.8062132171292,137.71149736461,4234000
2022-03-29,139.34278869628906,140.24807266047597,138.05207759858322,139.26210899504966,5643400
2022-03-30,138.38372802734375,138.4195750385038,136.1877327381819,136.68967295549373,5779300
2022-03-31,136.9585723876953,138.3389079750182,136.6000338945403,138.12379855597024,7538600
2022-04-01,139.01113891601562,139.34278869994614,136.2952733465399,137.60391478642703,5742600
2022-04-04,138.10586547851562,138.3478772469994,135.57822043997248,137.86385371003186,5992000
2022-04-05,138.58987426757812,141.05476992319487,137.62184087796908,137.68459024136115,7653000
2022-04-06,140.5707550048828,140.98305714976058,137.98037439260582,138.41060688021344,8884700
2022-04-07,142.3903045654297,142.86535610334633,140.6962495000479,141.50293717809825,6889700
2022-04-08,143.5017547607422,143.88716825953355,142.44408328799437,143.1432162628424,6045400
2022-04-11,142.95497131347656,144.4966524012943,142.18413076956767,143.36727342019356,6158400
2022-04-12,142.52474975585938,143.97680674230264,142.24689096716793,142.79365021089296,7221500
2022-04-13,142.92811584472656,143.77962260600583,142.25587150526724,142.58750766947642,5247700
2022-04-14,142.13040161132812,143.68104155699115,142.02283320527894,143.39421070999003,7806500
2022-04-18,140.7769012451172,142.49784481332006,140.30184975541323,142.04968199836586,6034500
2022-04-19,142.88327026367188,143.43898777108146,140.09569704040703,140.51697117565092,7897000
2022-04-20,146.68370056152344,147.4276525602565,143.41211711067427,143.86027997664513,10196100
2022-04-21,146.56924438476562,148.63333997750192,146.40699343553618,147.65988929643362,9365700
2022-04-22,145.3433837890625,147.38946194208637,145.03692662177622,147.13708383331235,9394600
2022-04-25,146.51516723632812,147.18216072083874,144.03644252186837,145.74901045951873,6986800
2022-04-26,144.0273895263672,147.4976088895847,143.99134140794732,146.63230275818958,7769500
2022-04-27,143.6398162841797,145.52364339800639,143.41447771782987,144.40597291119897,6754900
2022-04-28,147.29034423828125,147.56075334283835,143.55873710541277,144.70344743409834,9306800
2022-04-29,144.71241760253906,146.87566215183767,144.39693813537852,146.44301599269264,10637000
2022-05-02,142.75650024414062,146.01939845034372,140.78253210155466,145.65886222720508,10351600
2022-05-03,140.80055236816406,143.30631606373066,139.71891627356973,142.6122694455333,10344000
2022-05-04,141.83714294433594,142.00840249782465,139.84514347199925,140.45807167640208,7771000
2022-05-05,139.22320556640625,141.77402639493684,138.03341116616835,140.88169434833495,8217100
2022-05-06,140.61129760742188,140.82762763195205,138.69140818125257,139.50263545805743,7304800
2022-05-09,140.259765625,141.29631773449435,137.6818913642079,138.7725362933642,8540800
2022-05-10,139.52064514160156,141.17012538679475,138.75450213388476,140.20568330565075,7447400
2022-05-11,137.55567932128906,140.52112889619576,137.32133215619774,138.83560076800327,7692200
2022-05-12,136.99688720703125,138.4570772216652,135.09502849806435,138.37595861053651,9600800
2022-05-13,138.466064453125,138.5652139915116,135.58173300039257,137.52866188857843,5675500
2022-05-16,139.81809997558594,140.52115535682273,137.03291798425724,138.33087061225677,5971000
2022-05-17,139.42149353027344,141.28730376059917,137.97032613367804,139.8271140176151,6509100
2022-05-18,130.73243713378906,139.49360306971866,130.28175993030945,139.41248447395074,9670700
2022-05-19,127.72191619873047,129.27224687271487,126.73043460723224,129.26323827996936,9694100
2022-05-20,127.80303955078125,128.39793677996727,125.450503920434,128.1275276981939,7786900
2022-05-23,130.74147033691406,131.26425758679184,128.06444642565913,128.7494708805449,7134500
2022-05-24,133.06695556640625,133.34637323212965,130.5341518821693,130.59723953882778,7207400
2022-05-25,130.88568115234375,132.62528857820402,129.34435904524813,132.59824904593717,8217800
2022-05-26,132.03036499023438,132.84159205694135,130.73241268636252,132.03036499023438,5702600
2022-05-27,134.04940795898438,134.04940795898438,132.16558083801146,132.47203798855188,6028800
2022-05-31,133.29229736328125,134.29280132962646,131.74196664509628,132.7604877974462,12416700
2022-06-01,131.27322387695312,133.5085784204815,130.43497108072003,133.40042031866395,7036000
2022-06-02,132.68836975097656,132.73342646216443,128.56016549377313,131.57068549130526,6479800
2022-06-03,131.4985809326172,132.68837523436247,130.8045342565991,131.92221856245902,4720700
2022-06-06,130.9848175048828,133.0759523933163,130.32681894307837,132.8325828738328,4751100
2022-06-07,132.44500732421875,132.66132356092368,129.2812448266534,129.4975748169339,4918600
2022-06-08,130.79556274414062,131.98534362960334,130.68740459643837,131.86817688745234,4369600
2022-06-09,128.43399047851562,132.39994424664647,128.29877906945293,131.06594361606813,4625700
2022-06-10,127.947265625,129.0288882497748,125.69387942606171,126.99183207722263,6630800
2022-06-13,124.52210235595703,126.63128206228556,124.05340797995193,125.7389362729321,8549500
2022-06-14,120.63729095458984,124.00836195874277,119.46552727640777,123.94526053785354,9980200
2022-06-15,119.43846130371094,121.59269767417348,116.72538963113941,121.1780823705365,12178100
2022-06-16,120.16856384277344,121.7459338935674,117.71687900639623,118.104454760018,9683300
2022-06-17,119.3032455444336,121.01581306724965,118.46497896491806,119.48351363837624,17113300
2022-06-21,122.9177017211914,123.4855594248006,120.26771744245178,121.34033143656805,9017000
2022-06-22,124.83758544921875,125.91019939480597,122.28675082535062,122.29575941813874,8374500
2022-06-23,128.2627410888672,128.4249782882805,125.19812770425611,125.3333391240113,6418300
2022-06-24,130.11050415039062,130.9127089608127,129.00182841242835,129.97529274758816,19440600
2022-06-27,129.11900329589844,130.48004333572348,128.63227802614662,129.90317713466666,5618500
2022-06-28,127.01886749267578,129.87615944985112,126.71241028041588,129.38041175144397,6077300
2022-06-29,128.17259216308594,128.76748936438813,127.22616729802822,127.6317877784648,5174600
2022-06-30,129.60577392578125,130.19166267716616,127.29830831397464,127.71293748808674,7410100
2022-07-01,131.69688415527344,131.82307321367682,129.25420782397995,130.01135592797615,5937200
2022-07-05,130.42596435546875,131.68786862660937,128.47903576816043,130.31780624069887,5760900
2022-07-06,131.642822265625,132.94077489482783,130.6693577937229,131.15608315288512,5485200
2022-07-07,131.59774780273438,131.76900734633767,130.33585709235822,130.95778010088682,6623400
2022-07-08,130.71441650390625,132.32783479827594,130.3088097821777,131.58873135590466,4294200
2022-07-11,131.63380432128906,132.1205434503083,130.4079616586624,130.83159937135105,5482900
2022-07-12,130.47105407714844,132.426991544836,130.12853499172522,131.47155804715774,5204400
2022-07-13,131.3273468017578,132.46306226455647,129.98433741027162,130.16460555804946,5075600
2022-07-14,130.93975830078125,131.17410549485703,129.3173176206269,129.57870434657386,4867000
2022-07-15,130.75950622558594,131.32735021817942,129.8851912448616,131.00286204230667,6264600
2022-07-18,129.173095703125,130.7775054204272,129.04690663840157,130.64230776307227,6047500
2022-07-19,129.83106994628906,130.7053847352583,129.4705337204272,130.3088003882404,5943600
2022-07-20,127.58673095703125,129.99334579767122,126.76649506932867,129.7950467093568,8635300
2022-07-21,127.70735931396484,128.24260739260444,126.05623817839832,127.5531359951803,8310200
2022-07-22,129.7485809326172,129.88465626918568,127.61664170729546,127.69828690923654,5292700
2022-07-25,130.62857055664062,131.01866241332712,129.30404397312978,129.54899341969002,5262100
2022-07-26,130.88259887695312,131.08218528208934,128.5601539912191,129.44921189591275,5375700
2022-07-27,132.1254425048828,132.64255641767497,130.21123785302473,130.5287653969702,5500000
2022-07-28,134.3209228515625,134.81988893761857,131.6174527528388,132.57908893167482,7115700
2022-07-29,126.01994323730469,129.27680827795052,125.40303618197184,128.30609156420294,18694700
2022-08-01,129.6397247314453,130.5832266715482,125.43937059565263,125.5028678138699,12590000
2022-08-02,128.7778778076172,130.38363616491426,128.6145873862974,129.83023999900195,7495000
2022-08-03,131.43597412109375,131.7897838115789,127.83436616886384,128.5147704846323,6811000
2022-08-04,131.22731018066406,132.86936426597325,130.64669903676776,131.4087624104567,6124700
2022-08-05,131.29080200195312,131.3996622495967,129.52175376344707,130.41081141920867,4580300
2022-08-08,131.789794921875,132.87843915030842,131.2998960212194,131.57206053904335,4486800
2022-08-09,131.48133850097656,132.39762527800352,131.0821795510193,132.0619635398879,3977300
2022-08-10,132.72422790527344,132.9056663193893,131.89866720175309,132.35227015847457,4641300
2022-08-11,131.78070068359375,133.62232722661275,131.48132112853526,133.1868723478281,5954300
2022-08-12,133.05987548828125,133.11430562243103,131.50856129356345,132.37040405094692,5038700
2022-08-15,134.7744903564453,134.96500966378252,133.13245008642127,133.24131035183578,6008000
2022-08-16,136.01734924316406,136.6251892675068,134.5930434370914,134.5930434370914,7093000
2022-08-17,135.39141845703125,135.8540884995419,135.06482376735786,135.26441018009515,4834600
2022-08-18,135.8722381591797,136.0718245743627,134.7382307287599,135.05574450355894,3829000
2022-08-19,135.8359375,136.6524311275535,134.91966451114908,135.36420039202366,6502500
2022-08-22,135.4730682373047,136.19883577692778,135.02853233160522,135.15554061282444,6380700
2022-08-23,132.86029052734375,134.66563510557702,132.29782734460858,134.65655418787978,5268200
2022-08-24,132.28875732421875,133.5951220573358,131.6537021854952,133.0054438203634,5903200
2022-08-25,132.1798858642578,132.25246399136304,131.0821745685893,131.75349801930355,5097600
2022-08-26,129.0863037109375,132.93286118266352,128.84136811840162,132.45204322905545,6086600
2022-08-29,128.54200744628906,129.44921335518475,127.93418114847259,128.18819769553429,5272100
2022-08-30,127.172119140625,129.19519830780789,126.92718350924177,129.19519830780789,5203700
2022-08-31,125.1399917602539,127.80717948521415,125.06741362264484,127.3717106595597,8406900
2022-09-01,126.68221282958984,126.79107309198244,124.0694557892761,125.04017260514819,7446500
2022-09-02,124.432373046875,128.05211597514304,123.8789768564442,127.38985949900925,7077800
2022-09-06,123.0443344116211,125.13997771956922,122.73587390067566,123.27113587512825,8217200
2022-09-07,124.90409851074219,124.97667664205156,123.39814727537811,123.40721435071812,6609400
2022-09-08,125.06739807128906,125.63894218210238,123.43442478529572,124.2962675675842,7380500
2022-09-09,126.97254943847656,127.99768273740963,124.55937831607015,125.14905663985587,6434300
2022-09-12,128.00674438476562,128.64178567851312,126.20139985274024,126.47356436230686,5818700
2022-09-13,125.35772705078125,128.30614675341485,125.06742830911993,127.7164683500345,6350200
2022-09-14,125.6570816040039,126.70037667295587,124.89503198618966,125.79317079188277,6137800
2022-09-15,124.68637084960938,126.00181652778014,123.96060342076477,125.90202333327822,5320700
2022-09-16,125.44841766357422,126.1560370843589,124.3869885323972,124.68636810932334,9321500
2022-09-19,125.18533325195312,125.6117210851318,124.49584798492617,125.37583871783862,6056000
2022-09-20,124.74080657958984,125.16719444405457,123.86081578210843,124.65916137393396,5589800
2022-09-21,123.13506317138672,125.37586303816938,123.1169290187403,125.26700275083245,6413900
2022-09-22,123.57051849365234,124.35071610093418,122.69052768626949,123.14413062439002,5061600
2022-09-23,122.99897003173828,123.83359774735348,121.52022007580842,123.08968231045101,6523600
2022-09-26,123.11691284179688,124.12391189594274,122.46372351787183,122.998971650769,7396400
2022-09-27,119.73301696777344,124.23276380257207,119.48808136994374,123.3437059993273,7722200
2022-09-28,119.73301696777344,120.67651874673112,119.0163304804649,120.67651874673112,10455100
2022-09-29,116.75740051269531,119.63324165187503,116.35822768832847,119.63324165187503,7128500
2022-09-30,114.53474426269531,117.06584261930409,114.49845519631751,117.02956047435798,9431900
2022-10-03,116.58502960205078,117.1202916237202,114.9248480030174,115.44195510857179,8477700
2022-10-04,118.0274887084961,118.72602725848289,116.75739219032721,117.12028284245957,7211600
2022-10-05,117.21099853515625,118.01841122571663,116.20399944082918,117.21099853515625,5071100
2022-10-06,114.743408203125,117.08399422451649,114.62546700340145,116.92977087872775,5530800
2022-10-07,112.73846435546875,114.83411450902088,112.27579437008563,114.76153638218116,6095400
2022-10-10,112.27578735351562,112.72031624012398,110.84240058444956,111.92197765907196,6923300
2022-10-11,112.70217895507812,114.03576565968827,112.13063487452857,112.21228699522032,5516200
2022-10-12,112.88360595703125,114.13554733607616,112.86546488839157,113.25555669630167,6823500
2022-10-13,114.58917999267578,114.98835282087673,111.51375241177281,112.04900751517245,6910500
2022-10-14,113.47330474853516,115.23327931914096,113.1920662399386,114.98833679506635,5516800
2022-10-17,115.52359008789062,116.37636580522681,114.18092930041597,114.31701156275727,6664600
2022-10-18,116.45802307128906,118.00028425660098,115.81391460045502,117.3289468719021,7114200
2022-10-19,117.53759765625,120.65838825916481,117.4922345913392,119.4245876450558,9993700
2022-10-20,116.023681640625,118.5636185171255,115.74045415300635,117.51291926238274,8168000
2022-10-21,117.47638702392578,117.81443095738902,115.55773536750684,115.61255179551647,6394600
2022-10-24,118.19815063476562,119.17575666136976,117.26624354939713,118.30779742330081,6946000
2022-10-25,119.55948638916016,119.85184529801647,117.37587720251791,118.40829965992403,6776000
2022-10-26,120.40003967285156,121.12182644650137,119.13920613074761,119.36761719613716,6612800
2022-10-27,120.49139404296875,121.62430385801065,120.14420480746713,120.60102687897842,6676700
2022-10-28,123.54296112060547,123.80791178582153,121.4415768206837,121.66998785456425,6996400
2022-10-31,123.04046630859375,123.95411053508462,122.6658688298674,123.52469663334556,8346300
2022-11-01,123.23233795166016,124.51143429460379,122.28214014738386,123.06787474122196,6428300
2022-11-02,121.4598617553711,124.74897249924828,121.34108354863163,123.08614731041625,7318100
2022-11-03,120.6284408569336,121.185764368475,119.65084882652063,120.35434481269776,5204000
2022-11-04,122.83035278320312,123.34199140586517,121.07615724503032,121.80707553787904,5555400
2022-11-07,124.71245574951172,125.34287259156983,123.39680563410464,123.66177030681929,6746800
2022-11-08,124.99567413330078,125.6443677187311,124.07289841145472,125.00481949858504,5266200
2022-11-09,124.69416809082031,126.05550309402294,124.56625844858758,125.05048880426187,5690700
2022-11-10,128.98831176757812,129.39946290705342,126.26565531545182,127.41685620021083,8068700
2022-11-11,128.79644775390625,129.39945638303416,127.09706867070457,129.00658205516962,7175200
2022-11-14,128.80557250976562,131.1627765315865,128.14774748315952,128.37615856347816,8516200
2022-11-15,128.35787963867188,130.8338476322077,127.63609290824472,129.81970200496386,7732400
2022-11-16,129.4999237060547,130.5688856627547,128.80554524655165,129.28064409656378,6193700
2022-11-17,128.70504760742188,129.45424250598217,127.7822720300009,128.92432722334027,5186300
2022-11-18,130.2582550048828,130.43183568531816,129.0705148048146,129.66437793429694,5671400
2022-11-21,131.9119415283203,132.65199102945468,130.49579036460378,130.70592460713632,6377200
2022-11-22,133.04483032226562,133.20014812408414,132.3321891416392,132.8712357375565,5372900
2022-11-23,133.80320739746094,133.9676706238481,132.9992098786871,133.3007002350361,4296000
2022-11-25,134.04989624023438,134.48844161194262,133.75752336502487,134.1138440934952,2411100
2022-11-28,133.9402313232422,134.61631903840328,133.51994890100198,133.7483599271732,6628200
2022-11-29,132.91696166992188,133.44687700818707,132.04900242009802,133.16364952108609,5634200
2022-11-30,136.27919006347656,136.27919006347656,132.59720457061292,133.0722895792298,12396800
2022-12-01,136.36141967773438,137.37556546715274,135.74014820945973,136.61723898127175,6927400
2022-12-02,137.60397338867188,137.75015982764515,135.29245434419343,135.64877507599942,4938300
2022-12-05,136.21519470214844,136.74510994988688,135.4660137940372,135.86801942619067,5402500
2022-12-06,136.38882446289062,137.11974271508925,135.4751801329189,136.79083019865516,6866700
2022-12-07,137.26593017578125,137.43951088923916,136.14213760395228,136.14213760395228,6175500
2022-12-08,138.25265502929688,138.3074714538896,136.14212509474163,136.5532761613971,5187100
2022-12-09,137.88717651367188,138.8282288938262,137.24762838265974,137.6861736809104,5868200
2022-12-12,139.3033447265625,139.38556936603868,137.99682615453983,138.16128937459757,6142400
2022-12-13,139.09320068359375,140.91134375401515,137.76840541540577,140.1621627450793,7680600
2022-12-14,139.6414031982422,141.10323977750207,139.02926313874534,139.59571819118278,7385600
2022-12-15,138.06080627441406,138.8739492353187,136.80911790364476,138.61812991780536,7117200
2022-12-16,137.44862365722656,138.0242239140375,136.1512506796282,137.37553045468687,19966400
2022-12-19,137.41207885742188,138.3074601898649,136.35226220569746,137.2476295970367,5881800
2022-12-20,137.46694946289062,137.86894130855217,136.37971034170275,136.42539535221889,5646100
2022-12-21,138.7277374267578,139.44952418010396,137.70446034375075,137.7318685555381,5024700
2022-12-22,139.04751586914062,139.24851871253517,137.85064417326672,138.07905522793286,5904900
2022-12-23,139.44039916992188,139.71449526891064,138.57243980737974,139.1571716460393,3401800
2022-12-27,140.65554809570312,140.99360599284995,139.47695299146426,139.5134926322091,4215100
2022-12-28,138.83738708496094,141.2950784196937,138.78255671914815,140.9570345065921,4197500
2022-12-29,139.4129638671875,140.0068409564615,139.00182676913875,139.61396670465206,3809100
2022-12-30,138.471923828125,139.49520095304777,137.44864670320223,139.26678988472713,4532000
2023-01-03,138.4810791015625,138.60898875132986,136.24263931897448,137.9146101316446,6447300
2023-01-04,139.08407592773438,140.1439067228822,138.1704315749048,138.8648102053634,7313400
2023-01-05,137.35726928710938,139.31246736877986,137.16541180709234,139.0657934659008,5373800
2023-01-06,140.6280975341797,141.12147315286447,138.64549151948574,138.73686150549477,7882200
2023-01-09,138.91046142578125,141.43212840166106,138.87392179097486,140.18957170167658,5727000
2023-01-10,138.77345275878906,139.51350252101128,137.90549333323344,138.965324224343,4716400
2023-01-11,137.649658203125,139.38557685493686,136.45278636053717,139.16631113788634,8691300
2023-01-12,136.873046875,138.6272422134999,136.60809616881787,138.5998340004847,7801600
2023-01-13,137.8506622314453,138.00598009603212,136.51673536336716,136.6903300182307,5535800
2023-01-17,137.44862365722656,138.99268445075862,137.41207008540525,137.76839073459703,9611800
2023-01-18,133.7666778564453,136.98269605651814,133.42861995378297,136.7360221099757,10461200
2023-01-19,130.937744140625,134.43138150701807,130.77226292147293,131.75598956869234,12683700
2023-01-20,131.44337463378906,131.60885581524008,128.85072389571494,130.84578499599237,8603300
2023-01-23,129.6781768798828,132.11452122446826,129.34720047565753,131.80193629508466,7473100
2023-01-24,130.38612365722656,130.9009728121531,128.53816590572347,129.3472225940865,6822500
2023-01-25,130.29417419433594,130.32175439573064,127.54523055044167,129.071400494353,6902600
2023-01-26,129.7700958251953,130.31253907528324,129.39316180686927,130.30333632430546,5398600
2023-01-27,129.23687744140625,129.96317935632328,128.0600615579024,129.69656610437733,6870800
2023-01-30,129.6414337158203,130.66194343965012,128.9702919782749,129.59547605748963,6369300
2023-01-31,130.90093994140625,130.9836805286879,129.41153922741765,129.84364766577798,9373400
2023-02-01,131.64566040039062,132.4822972536806,129.9540092452408,130.62515086129508,7207900
2023-02-02,130.7078857421875,131.2043574035684,129.82529127753318,130.7078857421875,6444300
2023-02-03,131.11241149902344,131.82033602461647,129.78850579921834,131.2687039735024,5993100
2023-02-06,129.9999542236328,131.13998721024237,129.6413976112566,130.56077497925565,6108100
2023-02-07,128.7312469482422,129.43915755274088,127.59121374950678,128.68527526557122,6278300
2023-02-08,127.39814758300781,128.28993085642745,127.25104381536826,127.84863358209623,7123800
2023-02-09,126.00067901611328,128.09685842472535,125.9547073391044,127.6831413888178,6547400
2023-02-10,127.11312866210938,127.14991161828102,124.8790480609468,125.90874637635466,8108900
2023-02-13,128.77719116210938,129.12654501299636,127.55441761254255,127.73829027541754,5081600
2023-02-14,128.0509033203125,128.93351193591892,127.44411077386984,128.84156857000164,5253500
2023-02-15,127.75666046142578,128.08763681088217,126.93841532368397,127.89456142845653,5530300
2023-02-16,126.08342742919922,127.05796531638671,125.54099808121177,126.31327179989766,7595700
2023-02-17,128.7220458984375,128.74962610268759,125.57777635663665,125.57777635663665,8034700
2023-02-21,128.6300811767578,129.53106700112144,127.67392093048335,127.67392093048335,6899500
2023-02-22,129.17254638671875,130.16547582885153,128.60253679216757,128.69446613045005,6126300
2023-02-23,128.75880432128906,129.76092229432126,127.88539861976022,128.92428551525677,5835400
2023-02-24,128.03250122070312,128.18879370692707,126.9476425415297,127.7291049726495,5260700
2023-02-27,127.92222595214844,129.14500010404777,127.36140493554187,128.35433463848096,5820900
2023-02-28,126.46956634521484,127.4165240456051,126.21214176813325,127.2878117570643,6709900
2023-03-01,126.5615005493164,127.17748174480691,125.5042080862557,126.92005718635077,7101800
2023-03-02,128.6484832763672,129.108172013629,126.6718273175762,126.87409148425836,5924600
2023-03-03,129.58624267578125,129.85286997974703,128.6852567451697,129.80689830369232,5259400
2023-03-06,129.03465270996094,129.76095484666456,128.6577045243579,129.3840066610615,4943100
2023-03-07,126.46956634521484,129.28285924374026,126.26730217342397,129.10817527459477,5606800
2023-03-08,126.48793029785156,126.58906236173941,125.58694447413154,126.13856243558727,5518800
2023-03-09,125.55935668945312,127.38890842296986,125.1272482633721,127.01196038684243,4467200
2023-03-10,126.12937927246094,126.86488394873925,125.35710567523189,125.90872366100197,5928000
2023-03-13,127.00279235839844,129.926419759562,125.99147161585445,125.99147161585445,8337100
2023-03-14,128.57496643066406,128.8139995628031,126.32248002719123,127.14072555206207,9219700
2023-03-15,130.39527893066406,130.68947236004163,127.61875566763526,127.61875566763526,8823500
2023-03-16,131.36984252929688,131.58129541360142,130.1930405222132,130.49643676243443,7063400
2023-03-17,131.4066619873047,131.82958194713532,130.11953868102339,131.0113362677297,16018800
2023-03-20,133.4292449951172,133.67746678964068,131.6824195383369,131.93065536144604,8379200
2023-03-21,132.4639129638672,133.5211914860559,131.3238798042771,133.22699797852175,7753200
2023-03-22,132.3811492919922,133.99924837299818,132.23404554955937,132.42710693649056,5729100
2023-03-23,132.197265625,133.42003920835916,131.64564762113065,132.6109966636337,5788400
2023-03-24,134.8910675048828,134.92783643219062,132.66617564519797,132.66617564519797,6144800
2023-03-27,134.18313598632812,135.53462195975794,134.10958410691717,135.04735303367363,5917200
2023-03-28,134.56005859375,134.98297831302685,134.04520956408007,134.734742520656,4213800
2023-03-29,134.97377014160156,135.41506728808474,134.46810985470245,135.22200592400355,4987700
2023-03-30,135.5621795654297,135.64492015525582,134.50490128587106,135.07491072056345,4117700
2023-03-31,136.70223999023438,136.70223999023438,135.67254169994084,135.8288341883899,7685900
2023-04-03,137.4561309814453,137.97099418795784,135.23123901764956,136.4632015546245,5721700
2023-04-04,138.1180419921875,139.47873043904934,137.9801410144708,137.9801410144708,6714300
2023-04-05,139.06503295898438,140.06716507668114,138.9639008747613,139.1293961164841,6094800
2023-04-06,139.94760131835938,140.62794551031985,139.2120967378638,139.62581368046034,5399700
2023-04-10,138.78921508789062,139.44196516994498,137.45610666757125,139.42357369439,4891800
2023-04-11,138.51341247558594,139.2305257771992,138.38470019141397,139.06503053835706,6311800
2023-04-12,138.89036560058594,140.1223280832093,137.8422617835808,138.19162972258252,6137900
2023-04-13,139.53392028808594,139.62584961644365,137.74113705636398,138.73405236271256,5489500
2023-04-14,138.8259735107422,139.36840275561264,138.3754735795229,139.14776117998233,4478800
2023-04-17,138.87196350097656,139.2581003378508,138.219199353598,138.98228430334456,4296400
2023-04-18,139.01907348632812,139.36842738567765,137.99856393293373,138.8076065675314,4158400
2023-04-19,139.046630859375,139.6534092285552,138.55936200229908,138.98226771328575,3837600
2023-04-20,139.55638122558594,140.02819418507704,139.11230702280128,139.11230702280128,5370900
2023-04-21,144.38558959960938,146.27285569543037,142.93312325409232,143.3401842456109,14876900
2023-04-24,144.64462280273438,145.47723727411187,143.59921747072917,143.59921747072917,8109800
2023-04-25,144.68162536621094,146.11558509334264,144.126539627832,144.79263686732003,8341800
2023-04-26,143.00714111328125,144.32082901677154,142.78510398672987,143.67323837651819,4843700
2023-04-27,144.75563049316406,144.88514861011373,143.40492945947523,143.67322606228126,4805600
2023-04-28,144.67236328125,145.58823629800634,144.0987709833175,144.5798442961726,5754700
2023-05-01,144.84815979003906,145.6160081774647,144.13580303792193,144.3485797916754,3844600
2023-05-02,144.7186279296875,145.18119468384452,144.01553154527895,144.86665267895785,5262900
2023-05-03,144.53359985351562,145.77328944712823,143.7934902450765,144.91290796884797,5775000
2023-05-04,143.86749267578125,144.87589882934805,143.478938334395,144.41333212059075,4892600
2023-05-05,144.34860229492188,144.60763858763477,143.10892659173592,143.76576357810822,3989200
2023-05-08,143.6732177734375,144.07101835382713,143.27540307663264,143.71947726605413,4950700
2023-05-09,142.20230102539062,144.30234426881714,142.08202913239094,144.18208649223678,4472100
2023-05-10,142.49832153320312,142.76661817157984,141.02736255645212,141.9617423728676,4754900
2023-05-11,142.8313446044922,143.29391130301266,141.90621120745126,143.21989893727954,3495300
2023-05-12,144.28382873535156,144.36708736348717,142.83136234570574,143.11815147578432,5252900
2023-05-15,144.33009338378906,145.01469735592886,143.06266482048414,144.88517921162338,5414900
2023-05-16,144.0802764892578,145.17192709273314,143.33090659987843,144.2005342284991,5591500
2023-05-17,143.46971130371094,144.838904992476,142.37804638425004,144.56136210675425,4286900
2023-05-18,141.11062622070312,142.14677133061778,140.25025875259578,141.8322292960249,6997600
2023-05-19,141.70269775390625,141.84147624998343,140.47226849405726,141.05510712146392,4754100
2023-05-22,137.99290466308594,141.17536589453695,137.68760893974627,141.0828469057374,7876200
2023-05-23,136.50344848632812,137.7338777149091,136.05938836628326,137.65060497281212,6116000
2023-05-24,135.37478637695312,137.1047814999456,135.1527492556532,136.54044950183973,5755400
2023-05-25,134.50514221191406,135.26375836310655,133.54300970322728,134.59766119693296,6510300
2023-05-26,134.51441955566406,135.07875161532328,133.8945817387299,134.4496675443161,4716400
2023-05-30,132.46058654785156,133.25620179513427,131.69273828822708,133.08968456767295,5561000
2023-05-31,131.83152770996094,133.2007213784921,131.27644194672047,132.44211922624197,19854800
2023-06-01,133.1822509765625,133.33026163709752,131.78529008323434,132.52539985158825,6091100
2023-06-02,135.55055236816406,135.6985629865793,133.58001367042266,133.691025163338,6124400
2023-06-05,135.0139617919922,136.78096985794133,134.81967757952268,135.1157270239687,4753700
2023-06-06,133.6725311279297,135.35626658899758,132.80290346627697,135.1342436057096,4635900
2023-06-07,133.9593505859375,134.2553860028863,132.72892118116388,133.22848712319816,6194400
2023-06-08,135.47654724121094,135.67081736419544,134.07034041799477,134.4588947803802,4863700
2023-06-09,135.5875701904297,135.79110069978398,133.89457410793764,134.7734481530125,5569500
2023-06-12,134.52366638183594,136.00387152033613,133.7280510026909,135.99462526719407,5354000
2023-06-13,134.1998748779297,134.77345318036888,133.47827181472616,133.69104858556355,5321200
2023-06-14,135.4580535888672,135.89286748954336,133.98709462262283,134.4311547769495,5693300
2023-06-15,137.3360595703125,137.8171329230079,135.56905127047114,136.15188986861332,5863000
2023-06-16,138.34445190429688,138.8532781324453,137.75236705238316,137.77087367424755,11244900
2023-06-20,137.06776428222656,139.02904252075052,137.02150479017524,138.53872296111953,5340700
2023-06-21,138.25196838378906,138.39999314873717,136.7995018460204,137.16030338781985,4649700
2023-06-22,138.72373962402344,139.7876514204102,138.28892583082077,139.0938014248418,6666800
2023-06-23,137.34532165527344,139.26034060443902,136.8827549186304,139.00130436123223,13843300
2023-06-26,137.48410034179688,137.81714899150688,135.73559845992378,137.01228730321517,4353100
2023-06-27,138.7885284423828,138.92729281763638,137.2805563546832,137.3268158519066,5445400
2023-06-28,138.7607879638672,139.04757710929,136.88276796343615,138.1501964253696,6733300
2023-06-29,138.19642639160156,138.4924617274602,136.08712345160484,137.36379789439349,7343000
2023-06-30,140.37977600097656,140.68507177958688,138.57575420769575,138.61276745648274,7058300
2023-07-03,141.08287048339844,141.1106233613932,139.20485045152304,140.13923028232225,3996100
2023-07-05,140.8423309326172,141.0458614345472,140.10222129981875,140.2779989257053,8279800
2023-07-06,140.6110382080078,140.79606207480433,139.47311390019777,139.88017487699977,7958300
2023-07-07,137.65988159179688,140.54629388743118,137.61362208881948,140.35202373791185,9169500
2023-07-10,137.71536254882812,139.06606356387275,137.60435105480818,137.78937491698002,5529200
2023-07-11,136.99378967285156,137.89117042358265,135.95764452413894,137.5951208859968,5150300
2023-07-12,137.7061309814453,138.21494312757366,136.58671320384477,136.9475147143013,6764600
2023-07-13,137.7986297607422,138.32596262304648,137.10477964702605,137.84488925827327,5561400
2023-07-14,138.8162841796875,139.35286330242604,137.5951011866101,138.094681180657,6128900
2023-07-17,137.83566284179688,138.91806748099708,137.81715621683773,138.44624030126093,4625300
2023-07-18,138.09466552734375,139.21406902769445,137.2712973722206,137.51182697249394,5351200
2023-07-19,139.03829956054688,139.52863327463777,137.71536550700594,138.35370984416417,6203600
2023-07-20,140.16571044921875,140.3425955954637,137.91278292440248,139.22544344672113,6445400
2023-07-21,142.3720703125,143.06098758935983,140.2960281773849,140.71495840836565,9938400
2023-07-24,142.8282470703125,143.32165599678777,141.78557374724906,142.28828718362362,5549500
2023-07-25,143.1634063720703,143.23788507372663,141.92522459208377,142.88411479219909,5883800
2023-07-26,143.31236267089844,144.15022319869502,142.3348492515626,142.54896663882442,7013800
2023-07-27,141.60867309570312,143.92677428874183,141.43178798950024,143.51714861234717,7191600
2023-07-28,145.61187744140625,146.60800013079128,143.92683724896077,143.98269273738342,9397300
2023-07-31,145.5094451904297,146.79416381256374,144.35504654794445,145.60253291951608,7955200
2023-08-01,145.46292114257812,146.319405117622,145.1091507726431,145.11846949102878,5718800
2023-08-02,145.77938842773438,146.84068491995944,145.20219632654326,145.20219632654326,5636000
2023-08-03,146.1611328125,146.8128038119928,145.42567858565005,145.9376966675186,5792700
2023-08-04,144.55984497070312,146.84070008276413,144.4388153091076,146.56140851273722,4785900
2023-08-07,146.0866241455078,146.30074152886323,144.7553546770187,144.92292109737699,4107400
2023-08-08,146.24488830566406,146.7476159851933,145.72355160493723,146.4217734445592,4625500
2023-08-09,146.05870056152344,147.17585267842003,145.94698961144175,146.44970309216924,4293200
2023-08-10,145.33255004882812,147.4458388083479,145.04395395938351,146.31936798255214,4307800
2023-08-11,146.1797332763672,146.58935904235625,145.03463919270857,145.63045461450355,3862300
2023-08-14,145.03466796875,146.6545481269149,144.76469504507068,146.28216874142007,4297600
2023-08-15,144.10366821289062,145.2022112664947,143.79646311186983,145.03463064239673,6921100
2023-08-16,142.6327667236328,144.97878192748598,142.31622868677263,144.0757471923425,6356800
2023-08-17,141.60867309570312,142.95856556174405,141.31075834728625,142.6327372866898,6419500
2023-08-18,142.00900268554688,142.33484521787787,140.73358870338595,141.152518955412,5448200
2023-08-21,141.2921905517578,142.23245761572855,140.81739055861436,141.59009118173063,4504700
2023-08-22,141.3480224609375,141.6459230412326,140.51014778030492,140.96632446882793,4195600
2023-08-23,142.6699981689453,142.8841155590064,141.94384858059905,141.94384858059905,4522500
2023-08-24,142.00900268554688,144.00126171562042,141.95314721265797,142.0183214012679,4088900
2023-08-25,142.93997192382812,143.4426996144951,141.93454495321419,142.80963774575892,3541500
2023-08-28,143.1634063720703,143.71267081575584,142.48380775182622,143.09824638647095,3614700
2023-08-29,143.24720764160156,143.40546957556117,141.53423990365587,143.32168635264637,4034600
2023-08-30,143.4054412841797,144.17814177779746,143.0982361940983,143.4613109604624,3712200
2023-08-31,143.6847686767578,144.44816485071956,143.20998285014218,143.47995576205403,5451400
2023-09-01,143.843017578125,144.5598627145989,142.95860600228278,144.20609240211755,4126300
2023-09-05,141.9159393310547,144.1595625796898,141.87869287249444,143.1820490202292,5097000
2023-09-06,141.63662719726562,141.92522328517643,141.07804404266685,141.77626588323548,3877400
2023-09-07,142.9865264892578,143.5451096695407,141.8507511066136,141.96247626588638,4824800
2023-09-08,142.3720703125,142.8654934440695,141.8321246314591,142.8282469937751,3384700
2023-09-11,144.0664520263672,144.39229459516247,142.51174630041902,142.7444869337411,4288500
2023-09-12,141.5342254638672,144.43882387146985,141.1059906757515,144.28988066993756,4537800
2023-09-13,142.52102661132812,142.9865077989322,141.18975723335257,141.48765780663274,4040600
2023-09-14,144.0850372314453,144.22467589244448,142.78168150557207,143.22855363148372,4606800
2023-09-15,142.87481689453125,144.59710321232077,142.65138077922046,143.39615362489593,10262400
2023-09-18,143.41476440429688,143.81507142845203,142.91203673982383,143.78714369213233,3536500
2023-09-19,142.99586486816406,143.4240997206193,141.26427381761886,143.1355035797555,4704200
2023-09-20,142.87481689453125,144.09437550421163,142.77241045068388,143.1541084873296,5446400
2023-09-21,141.63662719726562,143.09824506876194,141.57146721226627,142.85618573926794,5096400
2023-09-22,141.11529541015625,142.75378427248796,140.92910575392585,141.91592371677112,6327000
2023-09-25,140.25880432128906,140.83599648714608,139.66298892917104,140.74289456120033,5527000
2023-09-26,139.01129150390625,139.97948600410345,138.51786843709945,139.62571579953294,6366500
2023-09-27,137.1680145263672,139.36508664560742,136.5070390910182,139.10441827598237,5403700
2023-09-28,136.23704528808594,137.763823180058,135.62260664482204,137.6148799800159,6237100
2023-09-29,135.79017639160156,136.6373555858821,134.82198174482303,136.42322400577234,6683300
2023-10-02,135.16647338867188,135.54817149564815,133.96552357996373,134.7847752816956,5153800
2023-10-03,135.44570922851562,136.37667152224432,134.99883709966863,135.14779447595095,4670600
2023-10-04,135.89259338378906,136.20911721547068,134.92438445641469,135.53882309816842,4727800
2023-10-05,133.87237548828125,136.00427280789725,133.76996907172767,135.6225748729833,5205700
2023-10-06,134.142333984375,134.57988733521816,131.68459445460002,133.68617161822098,7406700
2023-10-09,133.4627685546875,134.03065617976392,131.82427986521128,133.4627685546875,5062200
2023-10-10,134.7847442626953,135.19437001929106,133.79792632472908,134.03997145119027,5988900
2023-10-11,133.1276397705078,135.51090153829696,132.71801399066393,135.1198989862716,5469100
2023-10-12,133.42556762695312,133.99344117996125,131.88016629035735,132.93214437640938,5965600
2023-10-13,134.7009735107422,135.01749736816973,133.30452968700297,133.30452968700297,7078900
2023-10-16,135.98570251464844,136.90734632072636,135.41781480756492,135.7901941345151,6509800
2023-10-17,136.16258239746094,136.68393337691114,135.21301078981188,136.02294369203068,6160100
2023-10-18,139.6723175048828,140.8546439823806,138.49930974480088,139.70024524640652,10508500
2023-10-19,138.88626098632812,140.78804135909948,137.8838372663367,140.1603614902799,8146000
2023-10-20,138.69891357421875,140.41332938356786,138.57712002046156,139.635751876922,7284200
2023-10-23,138.79257202148438,140.05730929499757,138.2398409206224,138.52089523640495,5981800
2023-10-24,140.4320831298828,140.59135825189034,138.7176812826056,138.76451177082106,6322000
2023-10-25,141.0878448486328,141.64057598015984,139.70131395918645,140.18847384723563,6172900
2023-10-26,140.33840942382812,141.81861596147644,140.28220140132595,141.50945754269347,7582100
2023-10-27,137.8651580810547,140.47893122501947,137.04073562072634,139.5701967298906,8131800
2023-10-30,139.83248901367188,140.10418014434387,138.2211258845753,138.55838826729362,5412800
2023-10-31,140.5538787841797,140.76934763622546,139.25167384308565,140.0198882734539,6762100
2023-11-01,140.160400390625,141.16281009381058,139.7856707304663,141.16281009381058,5896900
2023-11-02,141.8748016357422,142.07152968351105,139.50460176011623,140.09480019844156,5859200
2023-11-03,140.5913543701172,142.671122597181,140.16976562765166,142.20270336779302,6587700
2023-11-06,141.4063720703125,141.69678964949873,140.61943134703026,140.86300415327923,6480800
2023-11-07,141.0784912109375,141.6968079856797,140.63817601938044,141.3876495983086,6003800
2023-11-08,140.5351104736328,141.64995035558013,140.06669131617718,141.4251183088131,4832600
2023-11-09,140.85365295410156,140.85365295410156,139.70133148044155,140.2821809834713,6581500
2023-11-10,141.8467254638672,141.87482947620623,140.45083090593457,141.31272063938223,5387200
2023-11-13,142.8303985595703,143.24259547605254,141.88418256179708,141.88418256179708,6297500
2023-11-14,142.51182556152344,143.80466688052243,142.09961445720396,142.91467342984177,7982600
2023-11-15,141.85604858398438,142.76478284600083,140.88174307672853,142.45562450268432,7672600
2023-11-16,143.17701721191406,143.2332252298198,141.75301881321678,142.39007637119445,7590500
2023-11-17,141.52818298339844,143.1863766476639,141.35954463913956,143.07396061483763,8495600
2023-11-20,140.77871704101562,141.49070911254438,140.20724501813723,140.72250902155548,6856500
2023-11-21,140.160400390625,140.53513005078366,139.42966754680143,140.38524676373234,7310400
2023-11-22,141.48135375976562,141.9122914629918,140.61946405829232,140.61946405829232,4372700
2023-11-24,141.81861877441406,142.15588121113763,141.49071957661957,141.6312396356622,2132500
2023-11-27,141.68743896484375,142.06216859150328,141.21901978400984,141.94975256250922,6021300
2023-11-28,142.6710968017578,143.12078947307901,141.6031017236512,141.6031017236512,6110400
2023-11-29,141.5843963623047,142.82101565528896,141.45323955403333,142.67111807583026,5342700
2023-11-30,143.82342529296875,143.92647808169198,140.60069913109896,141.36889913292967,9771300
2023-12-01,143.0177459716797,143.79532351774438,142.61489804768578,143.64542595090856,5685400
2023-12-04,142.4556427001953,142.8959578852547,142.08091306377085,142.18396585804047,6578300
2023-12-05,137.4904022216797,142.97091273051717,136.94703421932326,142.53059752679766,11895800
2023-12-06,137.3873291015625,137.86512577685178,136.44112757768528,137.72459145675936,7610000
2023-12-07,137.246826171875,137.808934932225,136.79714774060676,137.31241172175766,6119600
2023-12-08,135.9821014404297,137.00326626126082,135.3919029108902,136.70347108211234,6385300
2023-12-11,136.6097869873047,136.65661747287888,135.51367344247612,135.65420778425874,8471200
2023-12-12,136.72216796875,136.9938447545057,135.91648655217662,136.64721919802034,6069200
2023-12-13,139.19546508789062,139.26103634902861,136.26315602865495,136.64726324181777,9055500
2023-12-14,135.5230255126953,139.16732575589916,135.26071194467684,139.08301374368264,10565200
2023-12-15,134.86729431152344,135.13897122209053,133.49950363360762,134.13654703494998,14550000
2023-12-18,136.9376678466797,138.17430140201523,135.0452502673115,135.06399103800373,8421800
2023-12-19,136.9376678466797,137.09692866001478,136.20693503489764,136.4692486445107,5233600
2023-12-20,134.8204345703125,136.84400920020968,134.7548490124354,136.3755899411606,7663800
2023-12-21,135.1483154296875,135.64483868581704,134.08969765653518,135.39190258591617,6104700
2023-12-22,136.10386657714844,136.43176569894322,135.17639151737134,135.3731338494518,4413800
2023-12-26,136.72216796875,136.93763675021253,135.8134337793004,135.9258497878867,3634900
2023-12-27,136.83460998535156,137.0688195777666,136.1788259855933,136.45050282298635,4569400
2023-12-28,136.52545166015625,136.78776526015983,135.8790308976406,136.7784020226665,5023000
2023-12-29,137.28428649902344,137.67777118844836,136.52544971731044,136.77840007622106,5300900
2024-01-02,139.3453369140625,139.97301687329028,137.06881236221886,137.1156571372397,7238400
2024-01-03,138.50218200683594,139.77628276935093,137.88386524818472,138.97060119459852,7697500
2024-01-04,139.2610321044922,139.8418816734072,138.43662397590467,138.6989376025035,7067400
2024-01-05,138.1087188720703,139.46713172906033,137.2936740168803,139.3266116833448,5294200
2024-01-08,139.29852294921875,139.5139918079502,138.3242028753505,138.5677900413283,8255300
2024-01-09,139.86997985839844,139.96365512398486,138.69893182591858,139.18609181003578,9786800
2024-01-10,140.46954345703125,140.52575147041642,139.832485950289,139.91681226538543,8591100
2024-01-11,141.00350952148438,141.27520059927087,139.86056579669523,140.57257196329473,6659400
2024-01-12,141.0878448486328,141.74362875849684,140.42268340754543,141.41572965605627,5684700
2024-01-16,140.3290252685547,141.93102530938037,139.47651314246295,140.6662876826748,8120100
2024-01-17,140.46954345703125,141.08786019430556,139.59827636450498,139.7388106929866,6541400
2024-01-18,139.6597137451172,139.90482484643766,138.5095515880084,139.74455823573214,6526200
2024-01-19,139.1223602294922,140.11224145684096,138.8772347264691,139.7634267152152,7848100
2024-01-22,139.39572143554688,139.72569136050973,137.9061671666425,138.5566702622402,11084100
2024-01-23,145.1654052734375,147.44687055921094,144.13780581554144,144.34521305836623,19101600
2024-01-24,143.41188049316406,145.40109404223847,143.38359899507336,145.11826467603234,11592700
2024-01-25,146.7115020751953,146.74922032417038,143.35529718126756,143.6758303710703,10352500
2024-01-26,147.2017822265625,147.22064135663746,146.44757526187843,146.8906713141815,8356600
2024-01-29,147.22061157226562,148.3236331010257,146.5041086273867,147.7108337726267,8987400
2024-01-30,148.47447204589844,148.87984974158337,146.90007311388155,147.39029529676128,7794700
2024-01-31,148.14450073242188,149.42664794000035,147.72968628507329,148.94584813164508,8870000
2024-02-01,150.06773376464844,150.18087414647852,147.65428327000188,147.79570515096458,7601100
2024-02-02,149.04013061523438,150.46369983474412,148.51219013063445,149.86975959691955,7937700
2024-02-05,149.1532745361328,149.89804465488623,148.54047515636387,149.1155562804518,6931900
2024-02-06,149.86032104492188,149.96402465643527,148.83270729981717,149.24752174587078,6185400
2024-02-07,150.0111541748047,150.68051647927584,149.65291709698033,149.99230943433366,7209300
2024-02-08,149.55862426757812,149.99229781488347,148.73843217638625,149.7094684914493,6121600
2024-02-09,148.4084930419922,149.27582593134997,147.97483378996327,149.20040380375798,5978000
2024-02-12,148.11622619628906,148.5876036567336,146.58896782774434,148.3519149265113,5482000
2024-02-13,147.32432556152344,149.86976114444195,146.57954106746575,148.71959891170184,6046800
2024-02-14,146.720947265625,147.22060620354392,146.04216259801856,147.22060620354392,5727300
2024-02-15,148.02195739746094,148.4084904000012,147.21118752190563,147.35260940311042,6249200
2024-02-16,148.4933319091797,149.37952389315006,147.70142117744848,148.0502359171945,6617600
2024-02-20,149.43609619140625,150.6428214916184,149.07785905825907,149.61522195062997,6622100
2024-02-21,151.21791076660156,151.21791076660156,150.07718516283106,150.07718516283106,7121000
2024-02-22,151.3687286376953,151.86838759772004,149.5492185352088,150.33170685013206,6619500
2024-02-23,151.8118133544922,152.48117563197547,150.99162123283162,151.40643567123846,5486500
2024-02-26,151.0482177734375,151.9438322087696,150.90681026770636,151.81184707498699,4531900
2024-02-27,150.18084716796875,150.6522245825667,149.86031397851343,150.2845507745922,3868200
2024-02-28,150.887939453125,150.9539248222558,149.55865146099518,149.96404358819697,3802900
2024-02-29,149.8414764404297,150.9444980232562,149.1249734604302,150.77479464919872,8348100
2024-03-01,149.7566375732422,149.92632656837665,148.58761619399473,149.00243069583414,4819800
2024-03-04,150.42599487304688,150.61454300773744,148.64418838741494,148.71018814647198,3841600
2024-03-05,150.19973754882812,150.83138168959815,149.69064177935374,150.33172267696963,4481600
2024-03-06,150.43540954589844,150.83136488621147,149.81318784599287,150.5390987772509,5405700
2024-03-07,151.42529296875,151.698699955509,150.34113054824704,150.79364888890146,4783900
2024-03-08,151.17076110839844,152.01923480434968,149.22867383902982,150.69938363613687,5080200
2024-03-11,152.3020782470703,153.31081865062578,151.61387110181846,152.1040933608827,5170900
2024-03-12,152.66029357910156,153.2165299012049,152.0003680282057,152.55660435030904,4229100
2024-03-13,153.0091552734375,153.41453306060902,152.09468167760733,153.0845774075092,5410500
2024-03-14,152.2549285888672,153.31080955844777,151.90611385112345,152.95257244965396,5848100
2024-03-15,152.1417999267578,152.2549259185719,151.12362284453394,151.5007190741136,10956900
2024-03-18,151.9815216064453,153.40507630658018,151.78353675071764,152.2360550684264,6086300
2024-03-19,152.56600952148438,152.88654269788537,151.94378790708487,152.53772802858407,6148100
2024-03-20,152.71688842773438,153.1034070469289,152.2266517972855,152.7357331704172,4870300
2024-03-21,152.5943145751953,153.15997329113284,151.89667074357885,152.81114418267526,5211500
2024-03-22,152.40577697753906,153.11284322858322,152.2266512256266,152.914858348759,6393200
2024-03-25,151.01991271972656,152.40576360096168,150.58623912761757,151.94380851211716,7145600
2024-03-26,151.35931396484375,151.91553594707634,150.97278097300108,151.18018821812157,5842700
2024-03-27,153.30137634277344,153.42393908425078,152.10407358034377,152.12293270640913,6599700
2024-03-28,152.9619903564453,153.80104168499167,152.44347225783827,153.49936758190142,7191500
2024-04-01,151.38760375976562,152.79231392682811,150.65225599051146,152.5189069135951,5971900
2024-04-02,151.37815856933594,151.51014367763216,150.50138904720558,150.50138904720558,6771200
2024-04-03,147.211181640625,151.67042297067655,146.76808565742496,151.43473423005096,9601800
2024-04-04,146.55125427246094,148.08794944606035,146.51355040394822,147.89940133289883,6801700
2024-04-05,147.1640625,148.06909925189416,145.83477448627443,146.4004188598833,5121200
2024-04-08,147.1074981689453,147.72971998189564,146.72097951420443,147.04151279288754,5476800
2024-04-09,147.69200134277344,147.77684584006616,146.7869502157522,147.32432746920534,4608100
2024-04-10,148.23878479003906,148.55931800169785,146.739793574956,146.739793574956,7784900
2024-04-11,146.91891479492188,148.57817256488127,146.8529294346881,148.53103194454422,8209800
2024-04-12,146.4381103515625,147.04147287098232,145.88188845098583,146.3344067442264,6770500
2024-04-15,146.55125427246094,147.84283833748026,146.43812828162382,147.46572772585827,5754000
2024-04-16,147.02264404296875,147.955976701323,146.75867378540795,146.92837717115427,6103300
2024-04-17,147.97482299804688,148.12565285693074,146.8246608104264,147.35260127976716,6621900
2024-04-18,149.24342346191406,149.56604090022063,147.98147573684668,148.34202602478584,7819300
2024-04-19,150.0499267578125,150.0878740809325,145.66627978910753,147.05158149485578,12034200
2024-04-22,152.32716369628906,153.03879554847555,149.20547834176665,150.3251055063436,8926300
2024-04-23,153.238037109375,153.80734830167455,152.21328565014682,153.40882178015383,7707300
2024-04-24,154.2817840576172,154.52847787590827,151.26445761821628,152.9533959760382,7217600
2024-04-25,154.23435974121094,155.9138151123394,153.7884025834639,154.63287187571478,7094600
2024-04-26,153.0387725830078,154.9649358271454,152.2797103037991,154.1868781693161,5659800
2024-04-29,153.38986206054688,153.51320172432625,152.20380908991575,152.92492408391263,4621000
2024-04-30,154.85107421875,154.9934092633034,153.33293509081454,153.5606479970027,8106100
2024-05-01,155.04083251953125,155.8378710883196,153.9212055081865,154.92697607178368,7543000
2024-05-02,155.45834350585938,156.07509978516285,154.31973546169723,155.17368787527215,5647500
2024-05-03,156.046630859375,156.28384146452058,153.86429039639833,155.17368309163527,5581500
2024-05-06,156.02764892578125,156.54001745910713,154.90800734823762,156.35025187188222,5472400
2024-05-07,157.28012084960938,157.54579557997226,156.16997690955301,156.5400248895718,6433000
2024-05-08,156.62542724609375,157.85891082550935,156.4925754065154,157.48886285604738,4579400
2024-05-09,157.54580688476562,157.82097932550678,156.6064620486461,156.6064620486461,4671100
2024-05-10,158.31436157226562,158.79826598821754,157.22318411611127,157.59323207611828,4879400
2024-05-13,157.38449096679688,159.07342935256844,156.90058653430728,158.3143669827463,5725500
2024-05-14,157.28012084960938,157.57427417368473,155.56271831469687,157.06189113785135,6009800
2024-05-15,157.9917449951172,158.15304646796386,156.67285462001908,156.85313699502015,5102700
2024-05-16,159.27268981933594,159.72813012881383,158.06765588736044,158.3902588366495,6793600
2024-05-17,159.06394958496094,159.40553345005281,158.34283452673895,159.09241370053635,4700800
2024-05-20,158.75083923339844,159.29168641772299,158.25743707057063,158.97856664967,3804600
2024-05-21,159.7376251220703,159.91789301785076,158.73184000826657,159.17779709812513,5147100
2024-05-22,159.22523498535156,159.81351261874752,159.05445030914711,159.41500056275166,4536700
2024-05-23,157.02394104003906,159.50990360666327,156.86263956217738,158.73184585419165,4729800
2024-05-24,156.87213134765625,157.80199293834167,156.70133216999466,157.3655334986717,3820100
2024-05-28,154.7657012939453,156.331285633131,153.95917937485717,156.0751085815325,6466200
2024-05-29,153.38037109375,154.41462033289494,153.16214139148036,154.32921351184478,4360400
2024-05-30,154.26278686523438,154.37664331116306,153.2190545169384,153.38035597473237,4748200
2024-05-31,156.1225128173828,156.34075698066476,153.68399552342694,154.1299525830933,10341400
2024-06-03,156.22689819335938,157.73556864005803,155.25908935215503,155.5437304947526,5828400
2024-06-04,158.46617126464844,158.5705445125529,155.98969190817567,156.35973988198486,6277000
2024-06-05,157.5552978515625,158.4661785312373,156.54002944100975,158.4661785312373,5243300
2024-06-06,159.85147094726562,159.95584418429527,156.63489597831477,157.34652773673915,6302000
2024-06-07,158.51361083984375,160.32590331932911,158.30486435120218,159.78505619561608,4558200
2024-06-10,158.78878784179688,159.1398549109504,157.5837538912559,158.24794070243283,4110600
2024-06-11,158.912109375,158.93109027549184,157.5268076809793,158.42820499884508,3947700
2024-06-12,156.7297821044922,159.06394080007206,155.8189015000119,158.93110344199425,5474500
2024-06-13,157.89686584472656,158.45667938094851,156.0561092887016,156.0561092887016,4902200
2024-06-14,158.25743103027344,158.39026839848148,156.7962199799849,157.49836862804875,3695000
2024-06-17,158.9311065673828,160.07921227477908,156.93853167884552,157.36552235366526,6759400
2024-06-18,159.9368896484375,160.02228199876055,158.39976942987224,158.48516178019528,5112600
2024-06-20,159.0924072265625,160.14562289455486,158.32384718092766,159.7565940266058,8483600
2024-06-21,159.65223693847656,160.2405291450694,158.62748528119224,158.91214093235808,14682000
2024-06-24,159.83250427246094,160.74339937472035,158.91212595805848,160.12664310894672,7565200
2024-06-25,158.31436157226562,160.26897461631228,157.41294970208145,160.0032999003168,7968200
2024-06-26,158.8836669921875,159.22525085683074,157.18524535960853,157.5552933397898,5164000
2024-06-27,158.0961151123047,159.50041228022528,157.03341626366077,158.921617840549,5007000
2024-06-28,156.48309326171875,158.68441466915468,156.1604903073076,157.5078448329541,9253100
2024-07-01,154.3956298828125,157.70709492932937,153.90222780202302,157.1188028213239,7638600
2024-07-02,155.51524353027344,155.64808087002964,153.43729110369807,154.26277925231273,5449200
2024-07-03,155.4488525390625,155.80941728503228,154.64233070566254,154.86057488253167,2980500
2024-07-05,156.7582550048828,157.1567670646465,155.13572817467264,155.61963257334588,6509200
2024-07-08,158.00125122070312,158.14357179908373,157.14728431585834,157.46040406648274,5144500
2024-07-09,157.1852569580078,158.22897505385225,156.6918547886299,158.1056353701488,4393100
2024-07-10,158.26690673828125,158.38076318716315,157.07135611228026,157.41293993711122,5037100
2024-07-11,157.07138061523438,158.1056299405993,156.3502655295138,157.79251017914248,5831500
2024-07-12,158.08660888671875,159.0639152523631,157.5267954303174,157.71656098592317,4684600
2024-07-15,156.1604766845703,158.09610872036794,156.04662023487202,157.9537881582451,5752500
2024-07-16,158.40924072265625,158.5231116593726,156.18895291220502,156.47360853671617,6378300
2024-07-17,160.7718505859375,161.464501449637,158.76979264226517,159.16830469308618,7982300
2024-07-18,159.822998046875,162.17612287811343,159.67117980532817,160.1645818512632,5926300
2024-07-19,160.32608032226562,161.35698057834267,159.53380278645915,160.33562057019196,6597100
2024-07-22,160.60287475585938,161.03241890753281,160.07786987480856,160.29741207406167,6383000
2024-07-23,159.04696655273438,160.76515784764106,158.76061347463607,160.4692499567639,4863400
2024-07-24,160.36422729492188,160.63149984185915,158.05422053052877,158.76059201329812,5907000
2024-07-25,159.31423950195312,162.35925347167932,159.28560419407748,160.66971204596277,7338300
2024-07-26,161.42379760742188,161.62425932555294,159.438333747287,159.64833571284782,5581600
2024-07-29,162.20651245117188,162.78878795204238,160.46924076079165,161.1756122985688,6797800
2024-07-30,154.35060119628906,154.99970221978984,150.85694766327123,154.43650712777358,15746300
2024-07-31,153.45330810546875,155.4578670420047,151.9737686523616,153.50103847353168,9660900
2024-08-01,158.1592559814453,158.7510718122235,153.3769552673679,153.56787675559985,12532700
2024-08-02,162.34971618652344,162.60744852737045,157.64378144782415,159.82970709064065,11899000
2024-08-05,160.42153930664062,163.11337509373476,159.09471647573497,163.11337509373476,10338800
2024-08-06,160.4501495361328,162.58834469450176,160.22106708130738,160.2687828825541,7454900
2024-08-07,162.29244995117188,163.91518058701877,160.37379684511558,160.9083566019279,8385500
2024-08-08,163.1038055419922,163.76244677358724,161.31880332583924,161.7197122134919,6386900
2024-08-09,162.78880310058594,163.4760796431185,161.9392549529087,162.3878942116526,5377300
2024-08-12,159.2283477783203,161.93926397757247,158.64607219081586,161.70062668048482,7208100
2024-08-13,159.68650817871094,160.17333752821304,158.89424526473243,159.73423854546292,3770000
2024-08-14,161.12789916992188,161.76744535154575,158.28334678584113,158.93243321545435,5476600
2024-08-15,160.28790283203125,161.96790421109748,159.1710819955465,161.7579167833212,9491400
2024-08-16,160.25926208496094,160.6983611187717,159.21880696898793,160.19245121594943,5640800
2024-08-19,160.76515197753906,161.5478892031296,160.52651471099506,160.5360549581622,3885300
2024-08-20,162.66473388671875,162.80791044168578,160.46926779721232,161.09927376959735,4513600
2024-08-21,162.4260711669922,164.0774369586728,161.89152602507912,162.45470647350447,4082000
2024-08-22,162.41653442382812,163.45700408215913,161.45244501171098,163.11336580051844,4097300
2024-08-23,161.4810791015625,162.37835763936087,160.60289562517335,162.32108702039744,4771300
2024-08-26,162.60743713378906,163.199252886235,161.03242245593069,161.03242245593069,6472400
2024-08-27,161.5574188232422,163.32334030561282,161.39514724049783,163.065607996425,4456400
2024-08-28,161.3760986328125,163.41883350543293,160.91791905757722,161.71973695555548,5644800
2024-08-29,162.30198669433594,162.8460866873678,161.26153164287862,162.0347141043334,4413200
2024-08-30,163.7433624267578,164.06792022251076,161.97745515597367,162.42609444263985,7301600
2024-09-03,166.58792114257812,167.04610065467128,163.21836382030787,163.25653937745562,10101400
2024-09-04,167.9051971435547,168.00065788891567,165.73838096345534,165.73838096345534,7517500
2024-09-05,167.49473571777344,168.5256505180742,166.73109350659544,167.99110533982872,6061900
2024-09-06,167.6092529296875,168.99334604611727,167.37061568322508,167.77152450945056,5785700
2024-09-09,168.05789184570312,168.80243888823748,166.72152909378548,167.56152229559302,6450200
2024-09-10,169.7092742919922,169.85246539295386,167.9147319284295,167.9147319284295,6396300
2024-09-11,166.0151824951172,168.95519555543896,165.738369656878,168.57338173057175,6828200
2024-09-12,165.5856170654297,166.67380234853798,164.60243275548365,165.99606614626106,4838900
2024-09-13,166.1679229736328,166.60700743980908,164.94610118866427,165.49018664723303,3918000
2024-09-16,169.18429565429688,169.2511065204902,166.39701389953578,166.7692874833674,6892300
2024-09-17,167.88609313964844,168.92654811818286,167.38972355074856,168.602004933821,4757100
2024-09-18,166.0151824951172,167.9051856891584,164.72654991224246,167.0938276699996,5102900
2024-09-19,163.7433624267578,165.28974202633125,162.63609643066508,165.02246941707457,8692000
2024-09-20,166.30152893066406,166.60697703853788,163.70515447005795,163.71469471662022,28647500
2024-09-23,165.8719940185547,167.22745193415872,164.74561855528427,166.10107647088833,10265000
2024-09-24,165.36610412597656,166.56883084156658,164.77427373379285,165.0224658407702,5422400
2024-09-25,164.4306182861328,166.74062529797675,164.2397113843362,166.1583643453391,8916500
2024-09-26,165.33746337890625,166.6738263522826,163.57154163919952,163.70517793653715,4957200
2024-09-27,165.66200256347656,166.5210909447199,164.73608875255735,165.14653788251965,4599500
2024-09-30,165.32791137695312,166.0915536169806,164.8601916109503,165.83382126585266,6296600
2024-10-01,165.1751708984375,166.09154444894068,164.37335314503687,165.36609237185394,7130600
2024-10-02,164.10606384277344,164.6119736522094,163.3042461710555,164.19196975790135,6212700
2024-10-03,162.38787841796875,163.58106472086416,162.05379499231555,163.58106472086416,4794300
2024-10-04,161.2042694091797,162.35926575491388,160.61243901602705,161.17563409913765,6002800
2024-10-07,159.52423095703125,161.8724280049286,159.2855936969518,161.4715191558266,6325300
2024-10-08,160.51698303222656,160.92743216126587,158.71288578346162,159.26652601922856,7473000
2024-10-09,161.57652282714844,162.09197290879968,160.3642414474566,160.7269747497099,8758800
2024-10-10,161.27105712890625,162.07287482552053,160.71741693878806,161.12788059924742,6932300
2024-10-11,163.3137969970703,163.61925969099556,161.29015762823562,161.75789191633507,7036500
2024-10-14,164.6692657470703,164.98426870890052,162.97972426806817,163.24699686017917,5909000
2024-10-15,165.6811065673828,166.96019896059366,164.96519468928153,165.03200555730012,7172200
2024-10-16,164.54519653320312,164.7456437096005,163.1229129749975,164.06792193095137,6117000
2024-10-17,164.44969177246094,165.7860544749887,163.95332224069588,164.3542310514542,7045600
2024-10-18,164.45643615722656,165.34939383826003,161.74878874726943,163.5154821290329,8372500
2024-10-21,162.78575134277344,164.64846673464058,161.7391789713511,164.1683860522377,5522500
2024-10-22,162.9393768310547,163.92834184138738,161.85440447704755,161.85440447704755,7511400
2024-10-23,162.8241729736328,163.39066468690817,162.0080299182426,162.7953693035273,4837800
2024-10-24,162.862548828125,163.1890147924007,162.20003521216,162.6705195056028,5861200
2024-10-25,161.51834106445312,162.65132440815398,161.3455044055585,162.19045106926714,4877900
2024-10-28,162.55531311035156,162.90097176883208,161.67196646110116,162.53610578185294,5753800
2024-10-29,160.51016235351562,162.13283729052085,160.18371102856395,162.13283729052085,5681000
2024-10-30,159.54042053222656,160.65421126400935,159.3483911838606,160.43336359503337,5518100
2024-10-31,158.59945678710938,160.3853576195696,158.51304577527273,159.1563521704465,6056500
2024-11-01,158.52264404296875,159.72284572515082,158.41702570890075,158.72426972107164,5454800
2024-11-04,158.50341796875,159.6460121792049,158.02333735265282,159.11792057131848,5130200
2024-11-05,159.15634155273438,159.6940442203923,157.78331784214802,157.78331784214802,4397400
2024-11-06,154.6339874267578,159.4251831581482,153.44338208552463,159.01232081253875,11473700
2024-11-07,156.8999786376953,157.41845934976925,155.04685950839882,155.5077475312427,9056700
2024-11-08,161.02867126464844,161.06707127339962,157.39924777441394,157.485673433179,7506200
2024-11-11,159.4156036376953,161.80641091151566,159.17556327630012,160.3469614119807,6364400
2024-11-12,159.233154296875,160.4045523124827,158.97392128178927,159.52120563120303,6507500
2024-11-13,159.9436798095703,160.1549164791289,159.07952580203985,159.44439180416825,5412300
2024-11-14,160.42376708984375,161.345513821409,159.8764680641205,160.0685120631884,7444300
2024-11-15,162.78575134277344,163.77473102735112,160.2317332470739,161.24950194962406,9939400
2024-11-18,163.9475555419922,164.6196655774309,162.10404745154602,162.3728914657215,6681000
2024-11-19,163.9571533203125,164.35082300555993,162.90098458418296,163.88994964162885,5683700
2024-11-20,164.0819854736328,164.2548221487501,162.75695801770257,163.23703873061635,7081100
2024-11-21,165.86788940429688,166.59760682720707,163.43868212373295,164.8213169468478,6240400
2024-11-22,169.25723266601562,170.33260863292804,166.95285140808937,167.21208441024945,10609800
2024-11-25,170.32302856445312,171.69606697205924,169.8525442085363,170.4094395734276,19357000
2024-11-26,172.16651916503906,172.31055214957956,170.14057825005116,170.14057825005116,6276700
2024-11-27,172.21453857421875,173.2419035898242,171.60963224157015,172.82904124594614,5522900
2024-11-29,172.1185302734375,172.47379996020845,171.17757618737767,171.58084222426044,3823700
2024-12-02,172.54100036621094,172.98268105588105,170.91832525873411,171.98410499701828,5728200
2024-12-03,168.43150329589844,172.46417806054708,168.22026662552594,171.648049698562,8127300
2024-12-04,168.13385009765625,168.1722501042357,166.54958977279418,167.2312961085982,6823500
2024-12-05,169.01718139648438,169.43005834690874,167.5001248837421,167.89379450717286,5022200
2024-12-06,166.89524841308594,169.69891772177996,166.82803008795707,168.38348674494986,5741200
2024-12-09,163.98593139648438,166.8376114455007,163.64027276475824,166.7223967852246,7164300
2024-12-10,165.4165802001953,166.0406791569476,163.16019538566363,163.63067967596334,6219900
2024-12-11,163.8323516845703,166.48239199255704,163.6115040040624,166.11752595597954,5237500
2024-12-12,164.0435791015625,164.97493682057024,163.24664339092186,164.60045981415468,4072800
2024-12-13,164.24520874023438,164.94612246851887,163.34265466909793,163.9667683772393,3884500
2024-12-16,164.32200622558594,165.89667019004116,164.28360621953047,164.6196538879374,5943600
2024-12-17,163.54428100585938,165.09973767130472,163.24663333786913,163.87073234166164,6069200
2024-12-18,162.3440704345703,163.76510502194003,162.28646310210777,162.99697307034344,7517100
2024-12-19,162.44972229003906,163.3234727484551,160.68302869235714,162.27688560608027,8585200
2024-12-20,161.36473083496094,163.10262071415474,160.82704276746463,162.14245926479674,21999300
2024-12-23,161.41273498535156,161.9600193697839,159.73245252030605,161.3647239847416,6983900
2024-12-24,162.20965576171875,162.44008510196718,160.75020645291607,160.94223578675613,2460800
2024-12-26,163.3810577392578,163.5154797413226,161.374324047398,161.60475339328082,3629400
2024-12-27,162.77615356445312,163.9571479304719,162.51690589599548,162.6705352292222,4367900
2024-12-30,160.43333435058594,162.24803846601785,160.06848305046725,161.950390832672,4354500
2024-12-31,160.97103881835938,161.3839158028385,159.95327016721873,160.69259848302616,3957600
2025-01-02,159.36758422851562,161.98883538532738,159.3003805493385,161.39352535785758,5401700
2025-01-03,158.55145263671875,159.86686903296632,157.7065059379262,159.62682868907297,5256600
2025-01-06,154.20191955566406,156.9863816262904,154.04829022256615,156.32386794684288,8731700
2025-01-07,154.87405395507812,156.13186318466362,154.3363658554906,155.0276833123608,8447400
2025-01-08,155.64215087890625,155.93018754501998,154.17310527813189,154.57637126158968,4974800
2025-01-10,152.24317932128906,154.78761565606047,151.1966069796888,153.76983233161232,8501500
2025-01-13,152.5120391845703,153.71224098119575,152.09917679896355,153.00173089417004,6772200
2025-01-14,153.3761749267578,153.69302992128303,152.00313661714856,152.5216319357895,5982200
2025-01-15,153.2897491455078,154.72999112802458,152.99210147993153,154.19230313202883,8059200
2025-01-16,154.10589599609375,154.1827106618633,152.8000759798105,153.26094932352828,5774400
2025-01-17,154.71080017089844,155.30609550867175,153.24175450446486,153.3761765049588,7262700
2025-01-21,155.27728271484375,155.88218900696467,154.5475654194633,154.5475654194633,13914700
2025-01-22,158.17698669433594,161.44152943679293,157.88893535802512,160.44296807526828,14356700
2025-01-23,159.53082275390625,159.8476777978568,156.81357868023315,157.3512667605487,7614300
2025-01-24,158.54257202148438,160.2717492521424,157.65383889755577,160.2717492521424,6199800
2025-01-27,163.89430236816406,164.1647857090002,160.46494211227576,161.05421254914805,9170800
2025-01-28,160.54222106933594,163.82666997567875,160.46493801103847,163.16978609050466,6716300
2025-01-29,160.58087158203125,161.6048464133415,160.2427747503136,161.05422483472123,4850300
2025-01-30,161.72076416015625,161.90430958363365,160.29104967214096,161.78837762445843,4136500
2025-01-31,160.34901428222656,160.95759438872187,159.59552291971954,160.3586691365331,5464700
2025-02-03,163.02487182617188,163.6238118318874,159.61483617036896,159.84668534099134,8668600
2025-02-04,162.4163055419922,163.5368731115355,160.62916970759682,163.5368731115355,6410900
2025-02-05,163.26638793945312,163.39197475870145,160.94795502251762,162.3776548299533,7536800
2025-02-06,163.14080810546875,164.15511324576445,162.31968850212468,163.6141465735437,4957900
2025-02-07,162.26173400878906,163.37264668597538,162.1651264976265,163.34366738067393,4535600
2025-02-10,161.83670043945312,162.75441292468753,160.7450973650941,161.99126657639988,7062900
2025-02-11,163.67210388183594,163.80736028905244,160.8416837299496,161.99124526940025,5438100
2025-02-12,163.8170166015625,164.3000246651099,162.26173004733045,162.6288208925021,6037400
2025-02-13,165.20809936523438,165.55586579676688,163.39198414053826,163.86533739853016,6328300
2025-02-14,157.35435485839844,164.222729609929,156.7844089227028,164.01985975235442,13179500
2025-02-18,159.80804443359375,160.12683153155194,156.6878163999837,157.7987438153355,7075300
2025-02-19,160.83204650878906,161.1991226507038,159.62452622827445,160.455300770878,7910700
2025-02-20,161.52757263183594,162.07819419185904,157.26743772222494,157.60553454252343,6162600
2025-02-21,164.44493103027344,164.75406328475907,160.28140363174143,161.7497523600738,9813700
2025-02-24,164.744384765625,167.10146648757427,164.019872666185,164.43526726812019,8564100
2025-02-25,166.78268432617188,168.03850828371213,164.9955632721895,165.4592469022744,7314900
2025-02-26,165.47857666015625,166.78268967539125,164.85065729112844,166.42526840117856,5519000
2025-02-27,166.12579345703125,167.2077267953464,164.8313353929419,165.0438601187161,5467000
2025-02-28,167.93226623535156,168.71473706211896,166.00990327582144,167.68110730954928,10240100
2025-03-03,169.62278747558594,170.29899589327255,167.61347193429,167.68110014617767,7615300
2025-03-04,167.29466247558594,173.87324455158458,167.0338487394466,170.74334705578843,12117600
2025-03-05,168.6760711669922,169.89324614186287,167.14010911150956,167.48787549579203,6989100
2025-03-06,168.72439575195312,169.86428781103083,166.96623916427205,168.94657535427143,6702500
2025-03-07,169.9705352783203,172.81062506151244,168.1351105257641,168.17374468529488,9566700
2025-03-10,170.27001953125,173.8732707696882,169.85463961756952,170.75302765798816,11047000
2025-03-11,167.2366943359375,170.00917043070206,166.46389328592227,169.85460432460494,11032300
2025-03-12,162.64813232421875,165.9905546450608,162.06853148596676,163.93293555568687,10158800
2025-03-13,162.86065673828125,163.53686508505072,161.5951779592763,162.000902967338,6609000
2025-03-14,162.26173400878906,162.8606593053344,160.9576063092776,162.08784343674375,6790500
2025-03-17,163.9908905029297,165.27569370570313,162.4162942576207,162.64812869164913,9931700
2025-03-18,162.01058959960938,164.47391921186986,161.88500277191807,164.29038850863225,6099900
2025-03-19,162.84136962890625,163.01524548210602,161.43097938969686,162.16514644804894,7569200
2025-03-20,161.8560333251953,163.45962391403773,160.38768442816857,163.1504916240368,8789200
2025-03-21,161.02523803710938,162.42595853818355,158.5425694002491,161.45994236637557,16027300
2025-03-24,160.02056884765625,161.1991097261651,159.74043065074227,160.7740602630653,6102100
2025-03-25,157.3157501220703,159.75010042681131,156.68783072375567,159.68248695513194,8366700
2025-03-26,160.91896057128906,161.15080973725637,157.45096637752027,157.79873275635342,7756000
2025-03-27,162.9766082763672,163.2857258119235,160.95762310814993,162.16514342252566,6211700
2025-03-28,162.31968688964844,163.94260163042495,161.92361674419413,163.62381454312532,5479100
2025-03-31,164.6284637451172,165.32399652373778,162.38731403418996,162.38731403418996,11520100
2025-04-01,164.76373291015625,165.23708618968158,163.31470850289259,164.773402506624,7021100
2025-04-02,163.73974609375,165.0728531682034,162.59018445595177,164.2903824037155,6274500
2025-04-03,166.5315399169922,168.85964260553342,164.92794941233603,168.30900627046645,9393300
2025-04-04,158.18515014648438,167.7004154559708,157.91466679415515,165.93260407023814,13454200
2025-04-07,154.78475952148438,159.10285277777945,153.7801092375778,158.09820249387286,15708000
2025-04-08,153.00729370117188,157.73111197059342,151.38439368381208,156.79407514858104,11541100
2025-04-09,156.80374145507812,159.0835253153944,151.365066059555,152.01229508196894,10670200
2025-04-10,158.00160217285156,159.46029602114373,155.28709909760812,157.36402796393858,10581600
2025-04-11,161.23776245117188,162.31004098934048,157.09354482788368,157.81805695528848,8602800
2025-04-14,163.38230895996094,164.3290006179383,160.14614910410577,161.36332409293382,9877300
2025-04-15,162.7447509765625,164.3773207188523,162.5612055394666,163.39198006405394,8765000
2025-04-16,160.7354278564453,163.91361452890882,160.15581226585195,163.53686881709416,5897500
2025-04-17,164.83132934570312,165.8166551397041,161.6627977652516,161.83667358528626,7227100
2025-04-21,161.11524963378906,165.19780502912656,159.68635302060318,165.13948513995462,8062400
2025-04-22,163.18569946289062,164.05081245250906,159.9390821602595,161.22217908802725,7907400
2025-04-23,161.09579467773438,161.95119255121304,158.54906079529954,161.7470581197266,9309200
2025-04-24,155.06918334960938,156.45920506523706,152.2016749113963,156.0120611675341,20077700
2025-04-25,156.5175018310547,157.27568998859715,153.35837956392203,155.40937953679128,12892800
2025-04-28,157.3242950439453,158.01443344953765,155.90511358978043,156.53693211119506,8127000
2025-04-29,157.72280883789062,157.84917846672087,154.74837628324045,156.77993121996346,8266200
2025-04-30,158.024169921875,158.59766858307745,155.4774211601265,157.90751531652774,12475500
2025-05-01,155.506591796875,156.8382935719976,154.60260382794732,156.16758516557064,6792800
2025-05-02,156.03147888183594,157.2854008530894,155.42880548717605,156.43000302332482,5750200
2025-05-05,154.3887481689453,156.41058834513083,153.60140001274362,156.3911434383269,7576200
2025-05-06,154.7969970703125,155.2441409192219,153.24173088432573,153.62082497774384,7703800
2025-05-07,154.83587646484375,155.5746345987022,154.1068482004001,154.57343696876902,6430000
2025-05-08,154.21377563476562,155.52603246654945,153.59167209818418,153.95133613410349,7230800
2025-05-09,153.25146484375,154.6803614260288,153.008455422711,153.6013990033309,6453200
2025-05-12,156.40086364746094,156.5466782051351,152.30859314093587,153.02789156316823,7378400
2025-05-13,154.29151916503906,156.22587926679384,152.95983244186687,155.54545593495826,7780800
2025-05-14,153.60137939453125,154.7095016197212,153.16396545892502,153.69857425126816,5988900
2025-05-15,157.86863708496094,158.35465590623195,154.26237090499833,155.12748381357605,8727300
2025-05-16,158.7143096923828,158.86010941014717,157.32430294263656,158.1019212135369,7100800
2025-05-19,160.16265869140625,160.53202293781425,158.84068680375822,158.89900669360586,8119900
2025-05-20,161.00833129882812,161.3582654799006,159.99741857135143,160.00713360922717,5576600
2025-05-21,160.80418395996094,161.71790173909997,160.01683582367406,160.21125522255974,6424200
2025-05-22,160.41537475585938,161.55265704467544,159.43362205323638,159.84187609290487,6245600
2025-05-23,161.22216796875,161.57210212199593,158.90871357606207,160.2209703587637,5349800
2025-05-27,163.06903076171875,163.2828802312059,160.64866650670484,160.64866650670484,11423800
2025-05-28,162.6802215576172,164.1188331253892,162.38860729644406,162.96210594974352,5385900
2025-05-29,163.8466796875,164.26466362994836,161.7859644173533,162.07757870685606,4842500
2025-05-30,165.13946533203125,166.20871261232531,163.88554336888325,164.03134307432492,12587500
2025-06-02,163.08848571777344,164.31324789221412,161.58182430158382,164.2938178171488,7574400
2025-06-03,162.1844940185547,162.72883275016855,161.26104635015471,162.11644426104394,6223000
2025-06-04,161.30966186523438,163.3509470758553,161.28050191926428,162.0289751407745,4939000
2025-06-05,158.2477264404297,160.8139051467235,157.965827226536,160.8041752780339,10351800
2025-06-06,159.43362426757812,160.61951142256478,158.7143110455331,158.72402608276096,5697700
2025-06-09,158.0144500732422,159.43363167671023,157.53816108093878,158.8212431641846,6544200
2025-06-10,158.28660583496094,158.93786927430625,157.39233298546662,158.14080612171847,7680000
2025-06-11,157.57704162597656,158.21859010630433,157.168787547255,158.08250541339714,5960100
2025-06-12,158.61708068847656,158.74345031657145,157.15902435980982,157.44092355600367,6509900
2025-06-13,155.79820251464844,158.4713062092975,155.4385533092826,158.20885187537516,7104500
2025-06-16,156.3814239501953,157.4214965367743,155.53574109765088,156.3814239501953,6332000
2025-06-17,154.08741760253906,155.88567841612257,153.88328316305612,155.58434910764802,6809700
2025-06-18,153.60137939453125,154.21375297153352,153.25144527962306,154.11655811479665,7211200
2025-06-20,154.6317596435547,154.88448410688727,153.43615742131303,153.61111708851595,16173400
2025-06-23,156.5272216796875,156.6827512634819,154.5539864356632,154.6220361906173,6588200
2025-06-24,155.87596130371094,157.2173780341517,155.18580803210392,156.67302448015008,7470100
2025-06-25,154.52484130859375,155.8565282712367,154.27211683478467,155.35107932361856,5933700
2025-06-26,154.19435119628906,155.09833917362872,152.77516957202266,155.088624135807,7410400
2025-06-27,155.3899383544922,155.65239267135047,153.86383213408064,154.24292622193488,19257000
2025-06-30,154.86505126953125,155.42882007520782,153.70832404992842,154.80671654938587,11238200
2025-07-01,156.7119140625,157.98528103477406,154.92336831262065,155.40938714674772,10664900
2025-07-02,156.6924591064453,156.83827364660206,155.38993227423248,156.63413922322934,8848700
2025-07-03,156.3328094482422,157.48953656878732,155.3218820352797,157.26595724100488,6999600
2025-07-07,156.01205444335938,156.67303297516668,154.8358822731371,156.39114856180615,7225700
2025-07-08,153.47503662109375,155.3121873378044,153.03762260894715,155.0594628675265,12034800
2025-07-09,153.11537170410156,153.77635017340265,151.58926550485268,153.67915530962628,18770900
2025-07-10,154.05825805664062,155.1469355177143,152.64879154750017,153.34865986736696,7200500
2025-07-11,152.65853881835938,153.63057661429656,152.0655951695529,153.63057661429656,8053800
2025-07-14,149.4604949951172,151.44345999128683,148.58566709405898,151.22961053420744,11491700
2025-07-15,148.41070556640625,149.74240727118521,147.6525173640908,149.2661034693746,9142600
2025-07-16,149.4313507080078,149.46051065229005,148.0121839792118,148.46904288245773,8479000
2025-07-17,151.26849365234375,151.39486329254126,149.57715764166278,149.73267239253965,8320000
2025-07-18,151.7940673828125,152.2540505817674,150.35539906838767,150.50219586228826,7337300
2025-07-21,151.7255401611328,152.61614712926362,151.5885248532318,151.76469592541798,6328400
2025-07-22,154.9454345703125,154.99435687922127,151.59831833558792,151.61789621928125,8187000
2025-07-23,154.90626525878906,155.49348224984857,154.31904826772953,154.84754654639278,4804800
2025-07-24,155.42495727539062,155.63048768929488,154.68116207628216,155.48367598406398,7027400
2025-07-25,154.9258575439453,155.06287286345747,153.67314178453415,153.98631325761204,5799900
2025-07-28,153.76121520996094,154.7203224175326,152.89996755133777,154.27013563856093,7885000
2025-07-29,153.27186584472656,155.26837677032339,151.53958912972797,155.26837677032339,11466100
2025-07-30,149.62136840820312,153.65354585182126,148.8090580616741,153.65354585182126,8162900
2025-07-31,147.2627410888672,148.76012802496086,146.71467984866936,148.56439400111145,11845400
2025-08-01,147.4389190673828,150.21839637848714,147.31170014649018,148.54483811957488,8594200
2025-08-04,147.5465545654297,148.23164605564276,146.82233717704855,147.04743055990627,7679400
2025-08-05,147.3018798828125,148.83842256255264,147.11594226953406,147.49762883750319,6670100
2025-08-06,149.60179138183594,150.20857130993284,147.00828207605258,147.64442135979624,7376200
2025-08-07,150.21836853027344,150.72727398660254,149.44519900459755,149.85624491942409,6719000
2025-08-08,150.23793029785156,150.51196090558255,149.31797893392505,149.5137129489403,5811000
2025-08-11,151.67660522460938,152.07786968010555,150.0422029792883,150.26729635992447,7331700
2025-08-12,151.7842559814453,152.2246612531951,151.02088286146616,151.7548966255652,6938000
2025-08-13,152.0974578857422,153.6633451155789,151.6472561603649,151.90172384870633,5812400
2025-08-14,150.46304321289062,151.40257248717472,150.00306005005726,151.34385377422552,6343700
2025-08-15,151.06982421875,152.28339905123167,150.92302743534637,151.17748017109554,7121700
2025-08-18,152.40084838867188,153.57526754833222,150.88388346290026,151.12855474339406,8274500
2025-08-19,155.02371215820312,155.31732067167744,152.35190604604057,152.41062476202555,7868100
2025-08-20,156.11004638671875,157.59765183875027,155.03350179572843,155.19987646160288,7840400
2025-08-21,155.34666442871094,155.66963226774314,153.82969970606197,154.56371344925844,6417500
2025-08-22,155.2879638671875,157.25511555277865,154.93563663193467,155.98283686271796,5797300
2025-08-25,152.8216552734375,155.31730498560006,152.56720255201753,155.01391502795184,4692500
2025-08-26,152.64552307128906,153.3599590448602,152.0289466519666,152.59658582738962,6338000
2025-08-27,153.61441040039062,153.78078506511198,152.46933576243143,152.8216629740615,4551200
2025-08-28,152.3323211669922,153.66333342453945,151.7255412182812,153.6535519501743,5857400
2025-08-29,153.69268798828125,154.20160837682388,152.33231641651295,152.76294021192993,5318200
2025-09-02,154.62246704101562,155.4739183142355,153.6339855151813,154.00589063844964,6432800
2025-09-03,154.79861450195312,155.2585976758883,153.16421224004372,154.28969408819634,6592500
2025-09-04,155.79689025878906,156.34495154934362,154.44629998310094,155.14117300519342,6934900
2025-09-05,156.6091766357422,157.1376599607776,155.03349320093307,155.17050850250135,6436200
2025-09-08,155.62071228027344,156.8538650629951,154.87691698080363,156.2079293133361,7178400
2025-09-09,156.06114196777344,156.46239153331825,154.8279891104126,155.2292536095078,4984900
2025-09-10,153.99610900878906,155.55221475950825,152.56722216836312,155.21946540404937,6205500
2025-09-11,155.2488250732422,155.95347955300494,154.03525015063974,154.35821803166013,5819500
2025-09-12,154.53436279296875,155.73815615172708,154.41692536618206,154.56372214966544,5957000
2025-09-15,153.4871826171875,155.1411627888325,152.87060623914135,154.51480493608133,5995000
2025-09-16,154.6811981201172,155.01394750250188,153.54591970939774,153.79059100824844,6559600
2025-09-17,156.91256713867188,158.22400144874192,155.05305668687828,155.05305668687828,6764200
2025-09-18,153.9667510986328,155.63051282513092,153.8101578945142,154.77904661120462,7651500
2025-09-19,152.71400451660156,154.26032864596417,152.64550433039255,154.25054717180527,17224800
2025-09-22,149.8073272705078,152.75316388507665,149.78774938817966,152.75316388507665,8712900
2025-09-23,149.24948120117188,150.02263587728814,147.752094158231,149.93455780030334,8853400
2025-09-24,149.1711883544922,150.35540395344802,148.55461193297756,148.80907962873928,6483300
2025-09-25,148.9069366455078,150.6000726735806,148.54482792592634,149.9639183785686,7511400
2025-09-26,149.24948120117188,149.42563735514148,148.30015543753618,148.98523203666764,5721100
2025-09-29,150.2575225830078,150.44347514183943,148.55460512868348,149.17118152195687,8139700
2025-09-30,150.37496948242188,151.08942040433263,149.58223688891178,150.18903184543532,7762600
2025-10-01,149.91497802734375,150.60985102641718,148.18271613427206,150.42389846609262,7566000
2025-10-02,148.80906677246094,149.54308056949685,148.3980208381467,149.46478397245383,6892100
2025-10-03,149.02438354492188,150.15964690522725,148.76013438797045,148.76013438797045,5212600
2025-10-06,147.20401000976562,149.0733018876347,147.19421360258937,148.27077304365204,6737000
2025-10-07,149.2886199951172,149.90519639268422,146.85170363054203,147.54656169532586,6844400
2025-10-08,147.47805786132812,149.53328757988405,147.4193391455907,149.53328757988405,5254700
2025-10-09,147.37039184570312,147.65420393024516,146.391706827416,147.52698503268064,6134500
2025-10-10,146.49937438964844,148.28057349868007,146.26448459056263,147.72273075948178,7374000
2025-10-13,144.34628295898438,146.24491966906194,143.8373624826338,145.82409220864471,7511100
2025-10-14,145.9806671142578,146.0687451855944,143.9450003977024,144.4245614531163,8585300
2025-10-15,144.2777557373047,146.22534446356136,144.13095894563563,145.3640967963042,10003100
2025-10-16,146.4113006591797,147.19423681226363,144.76710188389367,144.85517996108314,8809700
2025-10-17,148.17291259765625,148.7894889662187,147.2235868916517,147.36061713670907,8612900
2025-10-20,148.7209930419922,149.1418204631398,148.07505729769414,148.35886940340424,5601300
2025-10-21,148.38821411132812,149.03414979185396,147.65420036533453,148.72097835900828,6013400
2025-10-22,148.9558563232422,150.18900899983615,147.57590686779093,148.07504578300208,6394400
2025-10-23,148.96566772460938,150.03243091447305,147.3704062105685,149.10268304318316,8205400
2025-10-24,150.28330993652344,155.1222454891489,149.33719555968506,154.13671657234877,11968500
2025-10-27,149.54417419433594,149.56387394676975,147.95747192063496,149.41605061362142,7775300
2025-10-28,149.1795196533203,150.95347485777054,148.44037290463098,148.9331374037572,5819300
2025-10-29,146.6171417236328,148.78530234128826,146.32148003986663,148.47979078198844,7405500
2025-10-30,147.41542053222656,148.61776704110622,147.17888817314298,147.30701174739386,6760700
2025-10-31,148.19398498535156,148.91343195389567,146.3806153070593,146.55801833970665,7930300
2025-11-03,145.8780059814453,148.04616676182263,145.631623732812,147.92790809463196,8946400
2025-11-04,145.040283203125,147.3365672939356,144.13359843971958,146.44959731872822,9295400
2025-11-05,143.6802520751953,145.28666899838325,143.54227863036783,144.74462509442617,11199900
2025-11-06,144.01535034179688,144.55737923416314,142.3695187990984,143.76896810418373,10024500
2025-11-07,144.85304260253906,145.79915702262863,143.887228430557,144.82347793672176,8500100
2025-11-10,143.3944549560547,144.49824251194846,142.0048555978814,144.26172520024414,10208100
2025-11-11,146.3904571533203,146.49886593455332,143.56199400384676,143.8478058079964,7332500
2025-11-12,145.86813354492188,146.99163593923274,145.37536907306662,146.38061280628526,7851100
2025-11-13,145.81886291503906,146.84380635611657,145.50348644825976,146.03566543847782,7566800
2025-11-14,145.53305053710938,147.21831156909852,145.47392120931636,146.942364680746,9150800
2025-11-17,143.7098388671875,145.83856997269334,142.91154778489712,145.611902524575,9902300
2025-11-18,144.8629150390625,145.25712062908306,143.40432127243187,144.21246228134717,10735200
2025-11-19,144.8629150390625,145.40494396584594,143.74926244218437,144.83335037170994,6367000
2025-11-20,146.0455322265625,146.50873201935462,144.0153450690368,144.51795940169347,9021300
2025-11-21,148.73602294921875,149.30763152794248,146.1539419884132,146.2327861066487,12018000
2025-11-24,144.85304260253906,148.23341476144415,144.41940745324712,147.92790318934624,13846900
2025-11-25,146.34120178222656,146.49887498814607,145.0895757830003,145.18813469493128,10477700
2025-11-26,146.1046600341797,146.81424204817648,145.47392213706894,145.77943369126635,9238500
2025-11-28,146.01597595214844,146.55801989379296,145.05014673322594,145.6611849210701,4707200
2025-12-01,145.306396484375,146.7354105102405,145.21770248451648,145.95684922596197,8240700
2025-12-02,143.74925231933594,144.0744786752911,140.4477243429854,143.18749360323747,16376800
2025-12-03,144.5869598388672,146.14408235686736,143.74925421056946,143.80838354188865,9125300
2025-12-04,143.25648498535156,145.28667216259026,142.40892950924456,144.54752546963573,10479300
2025-12-05,141.37411499023438,143.52257577084188,141.1770122216042,143.05937599367348,12791700
2025-12-08,136.33807373046875,140.84194832936856,136.1409709445997,140.84194832936856,17507500
2025-12-09,137.60940551757812,138.84131664614492,136.98851749662762,137.1757703942462,10375700
2025-12-10,137.79666137695312,139.23552518477814,137.5206994432833,137.6291082264464,13650400
2025-12-11,138.72305297851562,139.78742607508474,138.32884740407317,138.95958534596835,11798000
2025-12-12,140.77294921875,141.03904624136598,138.8018913522159,138.9595795906534,10268800
2025-12-15,143.02981567382812,143.21706857300535,141.12773705574003,141.19673129774333,13877700
2025-12-16,143.10865783691406,144.41939803729915,142.55674902235805,143.98577795425717,10251700
2025-12-17,145.67103576660156,146.30177371071878,144.3307157556051,144.5672481238911,9833300
2025-12-18,143.4141845703125,145.36552778348374,143.24664644454327,144.4982574496391,12239900
2025-12-19,142.36952209472656,143.9365095531047,141.85704281799417,143.40431548627296,19345600
2025-12-22,140.6251220703125,142.31036807910905,140.35902505493178,141.6303657655459,11731400
2025-12-23,141.1080322265625,141.6500761734978,140.02395937067072,140.42802986183875,9541600
2025-12-24,142.3990936279297,142.64547588312772,140.76311184429966,140.8320910560058,3259200
2025-12-26,142.6454620361328,143.5324320535533,142.2216767785809,142.2216767785809,4711500
2025-12-29,142.47793579101562,142.97070029462213,141.86689758071768,142.70460325204044,7662100
2025-12-30,141.9654541015625,142.36952459681788,141.49240439671516,142.2019714349967,6006400
2025-12-31,141.2361602783203,142.05415116269117,141.15731615281692,141.91617770255507,5293200
2026-01-02,139.73814392089844,141.2657168088333,139.19611502599955,141.03904935980404,8946100
2026-01-05,138.33868408203125,139.30451321183483,137.57983767172783,139.05813099181955,12297300
2026-01-06,137.88536071777344,139.3735040371015,137.49114011008558,138.35841040902034,10421800
2026-01-07,136.04241943359375,137.77696013475176,135.62849904935726,137.77696013475176,14369100
2026-01-08,139.48190307617188,139.72828529951533,135.82559930302205,135.89457850580993,9297100
2026-01-09,139.81698608398438,140.27033601367305,138.79204260178747,139.64944796852805,9528500
2026-01-12,141.38400268554688,141.7979230777613,139.65932686566353,140.22107059867608,12812000
2026-01-13,142.15269470214844,142.25123856988353,140.9010687818893,141.91616235122444,15549200
2026-01-14,144.23216247558594,144.77419134751472,142.28080439992226,142.58631595696656,13475000
2026-01-15,142.5370635986328,144.2321746759209,142.26111668260722,143.57185701473924,10102800
2026-01-16,142.43849182128906,142.63559459522585,141.58108648377637,141.6796303517559,11729300
2026-01-20,144.8727569580078,144.8727569580078,142.03442874422842,142.3695200191174,12901400
2026-01-21,143.94635009765625,145.23739056286485,142.872127195549,144.93187900703413,14126800
2026-01-22,147.76034545898438,148.72617463905098,145.36551737403482,145.93712595877486,18501900
2026-01-23,149.02780151367188,150.51659080010117,148.68042643368705,149.712647008589,14562600
2026-01-26,148.3727569580078,149.75236786197235,147.41000526839778,148.9980382071651,12655700
2026-01-27,147.23133850097656,148.5216256392456,146.82439910868234,146.96336732095224,9546000
2026-01-28,146.2388153076172,147.59858658033056,145.69292283643657,146.89388627303396,7465800
2026-01-29,148.77967834472656,149.0079702857208,146.01053677970796,146.1891842346614,11035600
2026-01-30,150.63571166992188,150.83421388895187,148.03528262295887,149.30571499844902,12651400
2026-02-02,152.0450897216797,152.58104720148043,150.1195864867234,151.28084031358154,10554900
2026-02-03,154.1591796875,155.36012793207712,151.0624875841251,151.44957220395347,12424700
2026-02-04,155.6975860595703,157.18637541610013,154.5958813299483,154.9631263363213,12178500
2026-02-05,157.42459106445312,158.45681171352453,154.95319521929093,157.65286786424556,13077700
2026-02-06,157.9803924560547,158.794271204482,156.82905843646145,157.05735036526295,10441700
2026-02-09,156.15415954589844,158.08958273935144,154.85395255811076,157.57346483951432,11439900
2026-02-10,157.8910675048828,158.95306264875933,155.54870509985648,156.35264888745172,9910100
2026-02-11,158.80419921875,159.93567853239364,157.00772913824767,157.45436291960067,10217300
2026-02-12,160.00515747070312,161.92072579242517,158.45680385674487,158.8240488540049,13512900
2026-02-13,158.87368774414062,161.35500342594642,158.51637768017062,160.531204802217,13998900
2026-02-17,158.35755920410156,160.95797301763113,157.69256846341835,158.75456362862204,13319100
2026-02-18,155.6876678466797,157.79181864584456,154.60581787124107,157.79181864584456,14434300
2026-02-19,157.3749542236328,158.76450001144985,155.65788811225167,155.65788811225167,10724600
2026-02-20,159.578369140625,159.85627527883125,156.9779552139456,157.94070688728465,11508100
2026-02-23,163.93556213378906,164.12414454817443,159.1019640471176,159.12181881303948,14772400
2026-02-24,164.04473876953125,165.6228518855779,162.7147572180737,163.66757394503628,9709500
2026-02-25,162.16885375976562,163.76682153324356,160.88850163692203,163.31025282164364,7878500
2026-02-26,162.5261688232422,163.27056348960818,161.64282109161113,162.99265735907807,7028600
2026-02-27,165.95037841796875,166.00000775715966,162.46661689113853,162.81399197597887,14878500
2026-03-02,162.2879638671875,165.30525218881115,162.22841471454672,164.05465940435903,9095500
2026-03-03,158.5262908935547,160.97783189673535,157.43450598109627,160.97783189673535,10161000
2026-03-04,157.11691284179688,158.4171198428621,156.13430637443312,158.24839219296612,8752700
2026-03-05,152.83912658691406,155.92588390891444,152.62076959476622,155.76707607012526,10060300
2026-03-06,152.4818115234375,153.27582040185652,150.7548104089041,152.5115860991408,8187900
2026-03-09,154.05992126464844,155.0623672959407,151.75725316200914,152.00538471730655,12494900
2026-03-10,154.84400939941406,155.97548867908492,152.45203273050996,154.32790667166816,7756800
2026-03-11,152.17413330078125,154.21873497118054,150.29824413229485,154.06984694547987,8855100
2026-03-12,149.3751983642578,151.9061432924026,149.20647072168128,151.0724248897603,8489300
2026-03-13,149.52407836914062,151.40988739234177,149.05758980488423,150.2386985039696,7298900
2026-03-16,150.98309326171875,151.49921116919685,149.52407841472717,150.7250418803543,6944000
2026-03-17,150.34786987304688,152.3130827230334,150.06996373876063,151.86643380137835,6147700
2026-03-18,145.613525390625,148.50176512112768,145.36539384075292,148.19408442244597,10059300
2026-03-19,143.7574920654297,146.27851711013417,143.7078627261721,145.12718307624942,10340300
2026-03-20,143.20169067382812,144.7301896282972,143.17191609696502,143.90639099733644,60620900
2026-03-23,142.9138641357422,145.05770938492896,142.4076660416259,145.05770938492896,10315600
2026-03-24,142.09005737304688,144.14457877437948,141.1670001126379,142.25878501317578,8567600
2026-03-25,142.84437561035156,143.0230382100302,141.16700383023758,142.6657281554216,8418100
2026-03-26,141.3555908203125,143.48953140674783,141.1769433595942,142.61610343501624,6443200
2026-03-27,141.6434326171875,143.0031887796008,140.9486521027654,141.65335242791525,11558300
2026-03-30,143.63839721679688,144.48205057019396,141.50447188020192,141.97094527513215,11616300
2026-03-31,143.36048889160156,143.83689723418516,141.21662863285317,143.73765369955214,10407500
2026-04-01,143.0131072998047,143.8865352679399,142.13969447641853,142.8443796504602,8061700
2026-04-02,142.05035400390625,143.1322191412683,141.51439648523746,143.0131056912039,5941700
2026-04-06,141.70297241210938,142.59623995058482,140.85931906874507,141.9411690118371,6823100
2026-04-07,140.24395751953125,141.70297227039742,139.68814526105808,141.454840716097,7207500
2026-04-08,143.81704711914062,144.0254842946808,140.8096938025878,142.08012618705075,10849700
2026-04-09,145.56390380859375,145.84180994767988,141.93125409014817,143.31086497516455,6794800
2026-04-10,144.0751190185547,145.79218524932554,143.67809941810964,145.79218524932554,9790300
2026-04-13,142.5069122314453,144.0056213268027,141.5640153795384,143.9162976044084,7121400
2026-04-14,143.3009490966797,143.63840439700792,141.70298118071463,142.16946974371214,6621600
2026-04-15,142.30841064453125,143.32077645892193,141.1967710080221,143.2810820748224,7698200
2026-04-16,142.04043579101562,143.2116095257885,141.59380199630985,142.12975952100697,6947100
2026-04-17,145.83187866210938,146.48694963990266,142.09006550070504,142.33819707004346,10886000
2026-04-20,143.41012573242188,145.56390591386355,142.51684300551244,144.9683840959239,8084700
2026-04-21,141.25634765625,143.5391459879603,141.25634765625,143.5391459879603,11197200
2026-04-22,141.78237915039062,142.22901292852262,141.15708277415672,141.43498890920546,7236300
2026-04-23,144.62100219726562,145.13710492750891,142.32825390720163,142.32825390720163,11288800
2026-04-24,148.17999267578125,152.4199981689453,147.6199951171875,152.00999450683594,13786200
2026-04-27,148.39999389648438,149.6999969482422,147.4199981689453,147.4199981689453,9166400
2026-04-28,149.1699981689453,151.19000244140625,148.42999267578125,150.02999877929688,7965700
2026-04-29,146.4600067138672,148.75,145.88999938964844,148.3000030517578,9002400
2026-04-30,147.08999633789062,147.72000122070312,145.9499969482422,147.08999633789062,9491700
2026-05-01,147.25999450683594,149.27999877929688,146.4600067138672,147.8699951171875,6814800
2026-05-04,143.4199981689453,146.05999755859375,143.27000427246094,146.05999755859375,9642800
2026-05-05,144.89999389648438,145.89999389648438,142.17999267578125,143.3800048828125,7664300
2026-05-06,147.89999389648438,148.9499969482422,145.94000244140625,146.39999389648438,9399500
2026-05-07,146.05999755859375,147.99000549316406,146.02000427246094,147.99000549316406,9545800
2026-05-08,146.4199981689453,147.52000427246094,146.2100067138672,146.5500030517578,5741000
2026-05-11,143.36000061035156,145.9499969482422,141.97000122070312,145.7899932861328,7489500
2026-05-12,143.91000366210938,145.86000061035156,142.86000061035156,144.35000610351562,9051200
2026-05-13,142.24000549316406,144.6699981689453,141.66000366210938,143.14999389648438,6685900
2026-05-14,142.7100067138672,144.27999877929688,142.6300048828125,143.17999267578125,9636200
2026-05-15,141.57000732421875,143.39999389648438,141.1999969482422,143.39999389648438,6989400
2026-05-18,142.38999938964844,144.42999267578125,141.6300048828125,142.10000610351562,7731200
2026-05-19,141.3000030517578,143.7100067138672,140.85000610351562,142.47000122070312,8355800
2026-05-20,142.44000244140625,143.22000122070312,140.6199951171875,141.4499969482422,8375600
2026-05-21,143.39999389648438,143.72000122070312,140.08999633789062,141.8800048828125,6296300
