Price,Close,High,Low,Open,Volume
Ticker,WMT,WMT,WMT,WMT,WMT
Date,,,,,
2006-05-30,10.771807670593262,10.86324576463562,10.756196848933037,10.843173614394985,57822000
2006-05-31,10.80526065826416,10.865475836652147,10.727203992802838,10.81195137543214,36148800
2006-06-01,10.791876792907715,10.832021086872523,10.687058558510063,10.76065387853182,40404600
2006-06-02,10.666988372802734,10.78295867204017,10.553248737903548,10.742815646818034,41328000
2006-06-05,10.524253845214844,10.713819430508854,10.504182337632804,10.653604907762736,37337700
2006-06-06,10.488572120666504,10.59116032823556,10.381523223344832,10.557707388307099,49392900
2006-06-07,10.490799903869629,10.644682501358258,10.464037685260232,10.497489979975763,29064600
2006-06-08,10.548789024353027,10.602313481839703,10.446199523744104,10.501954645505789,48796200
2006-06-09,10.510875701904297,10.59116239052884,10.481883446083128,10.51533639252549,22483800
2006-06-12,10.479649543762207,10.575548300899396,10.464038726566132,10.504181739444162,22406700
2006-06-13,10.600080490112305,10.689288537731276,10.488571547196603,10.50195233959933,42543900
2006-06-14,10.64022445678711,10.682598777692894,10.564398470914261,10.606772153758266,31289400
2006-06-15,10.852094650268555,10.872166802231103,10.551020027573385,10.646917544237233,47199900
2006-06-16,10.774035453796387,10.96360233038899,10.749504530877084,10.829790567632276,50226900
2006-06-19,10.765115737915039,10.905616945358517,10.704900570118237,10.805258757738377,34856100
2006-06-20,10.800802230834961,10.83648521035122,10.751737814969104,10.760657921786166,26099100
2006-06-21,10.905616760253906,10.927918295763497,10.771806271072794,10.771806271072794,29909400
2006-06-22,10.811946868896484,10.970290798250273,10.765113144365253,10.863241920429381,25397700
2006-06-23,10.691518783569336,10.84540141789186,10.651375765077276,10.782956864251272,24741000
2006-06-26,10.72050952911377,10.749503052083847,10.660295009830998,10.724970856415856,20329200
2006-06-27,10.622380256652832,10.765112079630313,10.608998829217905,10.693745530079994,25269300
2006-06-28,10.687056541442871,10.689287204949968,10.562166183634531,10.626841387984154,21863100
2006-06-29,10.863245010375977,10.865474398387654,10.684829525197593,10.729433236976734,32900700
2006-06-30,10.742812156677246,10.894464103191408,10.740581493063697,10.861011805728287,33358800
2006-07-03,10.609003067016602,10.716051977010727,10.504184183131896,10.649146727295316,27291900
2006-07-05,10.486346244812012,10.557712208945404,10.428361717984655,10.528719945531726,34569000
2006-07-06,10.419437408447266,10.513105529099736,10.372603667151967,10.443969611244563,30522000
2006-07-07,10.258865356445312,10.399367236501563,10.232103123961357,10.365914286381132,31576200
2006-07-10,10.299007415771484,10.421667788348815,10.270015161290507,10.314618875131186,21926100
2006-07-11,10.287858009338379,10.30569885917562,10.127284618245788,10.258865112955764,39618300
2006-07-12,10.069293975830078,10.314614619776265,10.060373236742246,10.305693242626843,39775500
2006-07-13,9.848509788513184,9.951098013415429,9.748150951771281,9.935487191798083,78919500
2006-07-14,9.600957870483398,9.819516365818371,9.547433419143625,9.79721419206257,60216900
2006-07-17,9.594263076782227,9.797210028037496,9.527357222013041,9.641096792283744,53091900
2006-07-18,9.627718925476074,9.641099717653093,9.435922679132348,9.53628085367598,61125600
2006-07-19,9.857428550720215,9.8864214399073,9.64110072314698,9.652252128862834,52826100
2006-07-20,9.877500534057617,9.948866466756801,9.846278257532607,9.890881327407829,30757200
2006-07-21,9.750378608703613,9.926564036745376,9.71469628363325,9.926564036745376,38928900
2006-07-24,9.908720970153809,10.01130915371739,9.819513576593474,9.819513576593474,34950600
2006-07-25,9.962248802185059,9.99124105545954,9.799444774895196,9.859659945589753,32036700
2006-07-26,9.739229202270508,9.917643393095009,9.730307822764436,9.913183341403732,37042200
2006-07-27,9.708009719848633,9.812828628386967,9.694628283921109,9.806137910423205,26120400
2006-07-28,9.915412902832031,9.933255022946726,9.761530279640613,9.761530279640613,37083900
2006-07-31,9.924339294433594,10.062611178102182,9.886426283000114,10.040309631869109,40390200
2006-08-01,9.832900047302246,9.897575285482546,9.76599478251,9.890884567584727,28932900
2006-08-02,9.895347595214844,9.908729034169909,9.812830848532371,9.879736767183438,23969100
2006-08-03,9.975628852844238,10.064836270160876,9.850738468600946,9.873040641960994,33106500
2006-08-04,10.006852149963379,10.136202590979773,9.957787749535228,10.06929734446897,29199000
2006-08-07,9.995696067810059,10.046991108306646,9.924330164617425,9.946632328395875,22005000
2006-08-08,9.915412902832031,10.03361319997924,9.895341395037875,9.995699572070386,23071500
2006-08-09,9.790520668029785,10.009079100678214,9.781599928698453,9.986777571380689,30838800
2006-08-10,10.011314392089844,10.022465162604071,9.75707286838142,9.790525817986044,36422400
2006-08-11,9.966706275939941,10.022460741981307,9.879729538617607,10.013540639953884,24733500
2006-08-14,10.058144569396973,10.131741160022543,9.975627875975023,10.000160072850214,32912700
2006-08-15,9.935484886169434,10.01131086462337,9.823975306131524,9.986779305748106,55768200
2006-08-16,9.94622802734375,10.002193533779076,9.861159893942439,9.973091547289927,49362300
2006-08-17,9.991002082824707,10.07383112182611,9.923842952488426,9.961899451424621,37104600
2006-08-18,9.959662437438965,10.015627960565396,9.91712899853001,10.011151026144255,27250800
2006-08-21,9.87012004852295,9.935040098755891,9.854449492801383,9.917131715687647,28446900
2006-08-22,9.865641593933105,9.932800746487088,9.845494104357769,9.89474359448383,24802200
2006-08-23,9.796241760253906,9.883548376947845,9.733559561210496,9.872354761131831,31738800
2006-08-24,9.782806396484375,9.841010361108443,9.773851891120923,9.836533428665089,22440300
2006-08-25,9.823105812072754,9.863401422121761,9.742515232451732,9.7604236096683,23162100
2006-08-28,9.94622802734375,9.995477493673324,9.885784947345643,9.894738813517533,33606600
2006-08-29,9.959662437438965,9.995480474716205,9.86340194261415,9.995480474716205,29574300
2006-08-30,9.98876953125,10.06040564237024,9.894746815166009,9.991008640080523,36462900
2006-08-31,10.011153221130371,10.069357224228838,9.966380664717255,10.05816488572202,26354700
2006-09-01,10.174569129943848,10.252921875292888,9.854445309834295,10.073831075380811,34149600
2006-09-05,10.201432228088379,10.273068929349511,10.154421223317955,10.23277332491993,31680900
2006-09-06,10.163371086120605,10.2193372133887,10.107405599329121,10.172325589626306,30328800
2006-09-07,10.194718360900879,10.30665004294776,10.140991307232856,10.163377259356032,48023700
2006-09-08,10.458878517150879,10.479026647378166,10.196959228967673,10.228299697414865,42160500
2006-09-11,10.63125228881836,10.633490756242002,10.36485545109218,10.454400552808787,51446100
2006-09-12,10.761092185974121,10.888694434142586,10.626774535647113,10.667070150983754,55311300
2006-09-13,10.763330459594727,10.828250492101699,10.644683371121221,10.734227823921751,33506400
2006-09-14,10.828253746032715,10.837208898528557,10.651401973545662,10.709606621905303,30481500
2006-09-15,10.794672966003418,10.933468198868296,10.779001772045993,10.88869500593108,51441900
2006-09-18,10.767809867858887,10.864071025366933,10.66931088310106,10.749900845088886,32491500
2006-09-19,10.857354164123535,10.857354164123535,10.745421832729864,10.79914889065535,34267800
2006-09-20,10.940183639526367,10.973762571664867,10.839444281202564,10.917796403813215,41135700
2006-09-21,10.84839916229248,10.982716168465288,10.792432995830573,10.94018336786102,39155100
2006-09-22,10.810343742370605,10.884218940187624,10.655878584166224,10.707366543249575,35315400
2006-09-25,10.92899227142334,10.969287256836594,10.752141132531364,10.801389989834458,36589200
2006-09-26,11.025254249572754,11.159571288865308,10.924514868910293,10.953616872741106,44937000
2006-09-27,11.081218719482422,11.13942272488864,10.978241515410694,10.982718450990928,47144400
2006-09-28,11.150614738464355,11.157330781730167,10.9760014564161,11.081217759641437,38317500
2006-09-29,11.040923118591309,11.181956188622777,11.038684010449481,11.105843164206794,37746900
2006-10-02,10.843923568725586,10.937945612769798,10.752139351805967,10.884218547465352,54018000
2006-10-03,11.072259902954102,11.081213770115374,10.758851495140933,10.848396571522722,44959500
2006-10-04,11.09241008758545,11.105842173329346,10.774524650387015,10.814819626664507,74332800
2006-10-05,10.837204933166504,11.074499094594765,10.767806689818674,11.074499094594765,75213000
2006-10-06,10.817060470581055,10.964810875567228,10.79915144703313,10.839446429777357,46336800
2006-10-09,10.794672966003418,10.864069941958745,10.738706795070454,10.787956923015123,28935900
2006-10-10,10.772284507751465,10.855113550443278,10.718556816802467,10.855113550443278,28988700
2006-10-11,10.8148193359375,10.846160441512673,10.716320365356598,10.75213840574132,30018300
2006-10-12,10.817060470581055,10.89541260872252,10.763333399937284,10.855117625978295,37275000
2006-10-13,10.84839916229248,10.861829966241878,10.77228614942942,10.80810290758193,26406300
2006-10-16,10.817060470581055,10.848401582028522,10.770049443887055,10.814821362279663,19855800
2006-10-17,10.808103561401367,10.817058712196813,10.664832036784913,10.790195821718871,33348000
2006-10-18,10.823773384094238,10.873023504845579,10.781239305350265,10.84168240246254,30847800
2006-10-19,10.85511589050293,10.96704694954373,10.832728653931408,10.841683804750856,30279000
2006-10-20,11.052111625671387,11.132702833763558,10.890930490440843,10.908839505466458,56866800
2006-10-23,11.479690551757812,11.674451919136219,10.975998950411704,11.052113236076544,159304800
2006-10-24,11.48416805267334,11.618485036106643,11.428201895686355,11.48416805267334,56346900
2006-10-25,11.38343620300293,11.591628473485644,11.316277034182976,11.428208128246498,51850200
2006-10-26,11.584906578063965,11.584906578063965,11.33865727071785,11.36552015610716,42690000
2006-10-27,11.356568336486816,11.551329734745138,11.334182381132033,11.546851518910834,37599600
2006-10-30,11.087931632995605,11.130465711385625,10.991670499947775,11.018534667753693,78261900
2006-10-31,11.031964302062988,11.143895333837825,10.996146269418729,11.103600367351506,52747800
2006-11-01,10.935705184936523,11.125989639093989,10.8909332763965,11.05435227971253,50362500
2006-11-02,10.810343742370605,10.828252764784944,10.669310671215559,10.67154913889806,73147500
2006-11-03,10.640206336975098,10.850638277587462,10.56633115090886,10.81258113065259,54042300
2006-11-06,10.63125228881836,10.792433471908252,10.566331609716002,10.687217817271966,52292100
2006-11-07,10.667070388793945,10.743184045914655,10.613343327465358,10.676024899015376,53654100
2006-11-08,10.528274536132812,10.635728645884525,10.528274536132812,10.588717632987404,90334800
2006-11-09,10.385003089904785,10.568570871332293,10.367094709778081,10.546184275338993,81691800
2006-11-10,10.402911186218262,10.452160668264389,10.367093788670106,10.367093788670106,39597000
2006-11-13,10.36933422088623,10.485742873717376,10.290982082899813,10.402913800091438,72541800
2006-11-14,10.669310569763184,10.79019679014907,10.564094263482971,10.707366441435335,85865400
2006-11-15,10.673789978027344,10.763335109993706,10.6514033747971,10.693937472600448,49422900
2006-11-16,10.7252779006958,10.7431869259397,10.633493665962868,10.736470881353922,33229200
2006-11-17,10.633492469787598,10.70512856270476,10.613344978773943,10.689458647737023,47462700
2006-11-20,10.682738304138184,10.799146908274475,10.615579814298023,10.633488189842057,37007400
2006-11-21,10.702887535095215,10.74094339748177,10.65587588281753,10.69169391856605,26232600
2006-11-22,10.7521390914917,10.792434069255906,10.691695984368268,10.718559516370112,32466300
2006-11-24,10.723038673400879,10.756617612997642,10.644686533387329,10.691697561204572,15244200
2006-11-27,10.434250831604004,10.67602255448792,10.42081938946004,10.620056397536707,70507500
2006-11-28,10.45663833618164,10.496933949556606,10.405149745943593,10.416343363283723,40095600
2006-11-29,10.496931076049805,10.595430654530444,10.438726459436447,10.496931076049805,38019900
2006-11-30,10.320082664489746,10.461116356591008,10.302173644555525,10.409627764160854,72662100
2006-12-01,10.268595695495605,10.320084296065964,10.16785760255847,10.297697697370392,75074100
2006-12-04,10.362617492675781,10.411866980800486,10.268594811016447,10.353662982064279,43487700
2006-12-05,10.405150413513184,10.420821606890202,10.313366844488602,10.353662460448838,31411200
2006-12-06,10.418581008911133,10.46559202041025,10.378285398714036,10.407388032930772,29517300
2006-12-07,10.38053035736084,10.47679154219513,10.37829124852108,10.45440493713902,42616200
2006-12-08,10.376049995422363,10.436493108326971,10.35366403685158,10.364857016136972,31621800
2006-12-11,10.297697067260742,10.398435154033777,10.279788686068132,10.398435154033777,49509600
2006-12-12,10.219343185424805,10.335751799026434,10.203671994536046,10.279786279529514,54008700
2006-12-13,10.313263893127441,10.342473384067688,10.290795251740422,10.313263893127441,52116900
2006-12-14,10.452574729919434,10.472796641435664,10.315513536026595,10.362698210512125,55315200
2006-12-15,10.43684196472168,10.535706036895498,10.423360909416092,10.477286416323945,48263400
2006-12-18,10.418869972229004,10.515486689644602,10.398648062931734,10.448079468196495,38610600
2006-12-19,10.35595703125,10.38966064460551,10.223390599646121,10.364945261464895,52049700
2006-12-20,10.306524276733398,10.364943908446499,10.306524276733398,10.335733771168512,41810400
2006-12-21,10.270574569702148,10.349216114534988,10.24810528138866,10.324500090243024,33844800
2006-12-22,10.232373237609863,10.290792848691323,10.111040545355944,10.223385654585226,33296100
2006-12-26,10.360448837280273,10.400893292861449,10.066105255740144,10.066105255740144,31479900
2006-12-27,10.371685028076172,10.39190693683757,10.279561785015455,10.279561785015455,36372300
2006-12-28,10.33797836303711,10.380668903840757,10.293040444157453,10.293040444157453,21301500
2006-12-29,10.376178741455078,10.472795458559865,10.342475130839448,10.38067221335428,32431500
2007-01-03,10.684004783630371,10.85252220518389,10.573907000590488,10.580647208891989,107061900
2007-01-04,10.735682487487793,10.782867155050866,10.632324280338016,10.740175959235284,51219000
2007-01-05,10.648053169250488,10.740175766852749,10.594127652189233,10.672768549104743,40670700
2007-01-08,10.560423851013184,10.630077803326312,10.537954564558717,10.540201943194164,49189200
2007-01-09,10.648053169250488,10.71096627248862,10.56042404331523,10.56042404331523,43929600
2007-01-10,10.623335838317871,10.699729989992145,10.45032434358676,10.57165706345422,40044300
2007-01-11,10.695243835449219,10.724453346198379,10.607614660358507,10.6210963686078,44469600
2007-01-12,10.780619621276855,10.809829758586952,10.607608747472078,10.699731345399481,41732400
2007-01-16,10.854767799377441,10.892965525544486,10.737929813407858,10.769386688740374,43447200
2007-01-17,10.830055236816406,10.877239916453814,10.80533920735184,10.8570173598866,33916200
2007-01-18,10.872746467590332,10.960376270917966,10.80309312938971,10.830056541393983,40968600
2007-01-19,10.854767799377441,10.951385804215112,10.827805681725167,10.895212904384607,35880900
2007-01-22,10.77612590789795,10.845779860163038,10.695237633834806,10.82106383793303,38159700
2007-01-23,10.74242115020752,10.818814654257157,10.66377898221344,10.735680301116204,33822900
2007-01-24,10.922173500061035,10.942396049746659,10.782866245002761,10.800840773318603,40474800
2007-01-25,10.818814277648926,10.928912666165306,10.80533386562106,10.922171817308644,29280300
2007-01-26,10.710968017578125,10.866004386520762,10.666029436529236,10.796349778747876,33175200
2007-01-29,10.701977729797363,10.818815696811212,10.672767595201087,10.818815696811212,28611000
2007-01-30,10.623335838317871,10.749162029298974,10.540200837130339,10.728940123601994,49027200
2007-01-31,10.715458869934082,10.776125232389242,10.56941076718591,10.605360466117585,44682900
2007-02-01,10.735682487487793,10.803089063600343,10.659287039351613,10.675016118996481,39706200
2007-02-02,10.803091049194336,10.8794852256859,10.70422758130684,10.728943608989464,37835100
2007-02-05,10.901951789855957,10.987334180855733,10.879483145598886,10.883977902998906,42644700
2007-02-06,10.915431022644043,10.958122208491213,10.857012046510217,10.922171871534172,26885700
2007-02-07,10.915431022644043,10.953628737792949,10.848023819428224,10.872739836796873,30252900
2007-02-08,10.854767799377441,10.919928928882596,10.81432398005611,10.866003407892212,32374800
2007-02-09,10.778373718261719,10.906447313762408,10.710967137910286,10.868249587292244,37218000
2007-02-12,10.726691246032715,10.839036365128667,10.713210191733115,10.818813819415212,30991200
2007-02-13,10.780619621276855,10.823311459321284,10.726694104025272,10.740175804759605,30205200
2007-02-14,10.755905151367188,10.814324145244328,10.72894239046014,10.80308982224379,36827100
2007-02-15,10.866002082824707,10.906445897214068,10.744668711128107,10.762644525442402,33889500
2007-02-16,10.892965316772461,10.976100332661897,10.841285889926837,10.863755820839888,51311100
2007-02-20,11.292908668518066,11.299649516875647,11.101922679232954,11.191798514525088,109508700
2007-02-21,11.227753639221191,11.328863824777072,11.205283709119847,11.214271938297538,71367300
2007-02-22,11.164836883544922,11.274935268611255,11.133380018428053,11.254712722674965,31898700
2007-02-23,11.13787841796875,11.209779121092037,11.074965945578867,11.158100972854418,33151800
2007-02-26,11.23000431060791,11.245732110973725,11.110918903832523,11.169337917404167,31988400
2007-02-27,10.830055236816406,11.185064023742825,10.830055236816406,11.14462019629449,61958100
2007-02-28,10.854767799377441,10.933409344865815,10.787360576718001,10.897460283224728,63995400
2007-03-01,10.760396003723145,10.830050589328694,10.603112948635761,10.735680627707708,61369800
2007-03-02,10.74242115020752,10.857012370546103,10.719951224674638,10.75140809187227,55079100
2007-03-05,10.666028022766113,10.845780394606889,10.65928717221797,10.706472483212083,42993900
2007-03-06,10.794098854064941,10.850271740502922,10.728939668623541,10.749161573462978,44755800
2007-03-07,10.769384384155273,10.841283777737235,10.69748306204497,10.796346496037813,39981000
2007-03-08,10.75815200805664,10.818817738645699,10.645806848262474,10.796349092392626,61187100
2007-03-09,10.654793739318848,10.814322907629819,10.59412737351005,10.735682012782961,41851500
2007-03-12,10.618842124938965,10.701977772105437,10.582891783302484,10.679508487161229,36591600
2007-03-13,10.376178741455078,10.589634084896868,10.342475130839448,10.555930474281238,71961000
2007-03-14,10.324246406555176,10.434871777739469,10.172984290752407,10.425841174739913,82756500
2007-03-15,10.385207176208496,10.421330248171587,10.27006678171593,10.328766046996035,39872400
2007-03-16,10.432618141174316,10.565820400255161,10.32876648485766,10.434876277337688,56977200
2007-03-19,10.518406867980957,10.57033300744056,10.470996353914273,10.498088168512352,36238500
2007-03-20,10.678702354431152,10.701278546686325,10.484543354701254,10.493573960787304,45801000
2007-03-21,10.784811973571777,10.802873186551192,10.599684217572815,10.660640972858321,40896000
2007-03-22,10.838996887207031,10.881893728954084,10.737403353595857,10.750948942770666,45351900
2007-03-23,10.816423416137695,10.870606429177755,10.780300976830878,10.838998971824209,23981700
2007-03-26,10.800618171691895,10.818679388810574,10.644840335523297,10.800618171691895,38118300
2007-03-27,10.721599578857422,10.791586952713537,10.61774790925935,10.739660794954482,38851500
2007-03-28,10.529698371887207,10.653868736942123,10.489060316365249,10.649353756284116,54241500
2007-03-29,10.547758102416992,10.62000360048499,10.466482643750416,10.59516927107911,37689300
2007-03-30,10.599682807922363,10.631290249392833,10.5296961013746,10.579364107502686,45561900
2007-04-02,10.70128059387207,10.72837241731296,10.57710957495465,10.624520750416224,41238900
2007-04-03,10.859317779541016,10.902213335529947,10.717085520478847,10.726116775769274,51485700
2007-04-04,10.848027229309082,10.908983990271674,10.814162936258741,10.836739131625635,32921700
2007-04-05,10.897695541381836,10.938332950100595,10.805131334784729,10.81190445154451,28546200
2007-04-09,10.942850112915039,10.960910036624076,10.811905331304231,10.897696428122337,25613400
2007-04-10,10.823195457458496,10.938335889637427,10.823195457458496,10.938335889637427,29252100
2007-04-11,10.671932220458984,10.861575001258148,10.624521686739213,10.825451920900134,53176200
2007-04-12,10.669670104980469,10.723853736431453,10.588394657803992,10.696761920705962,34715700
2007-04-13,10.703536987304688,10.705795123466668,10.572592864467936,10.701279497062664,37264200
2007-04-16,10.852543830871582,10.863833222081103,10.726115955278651,10.753207781317155,42750000
2007-04-17,10.8751220703125,10.93382070781121,10.811907159282924,10.879637052003112,37173900
2007-04-18,10.829967498779297,10.877378032282872,10.798360045830195,10.836740616685542,23980500
2007-04-19,10.913497924804688,10.92252917718969,10.757720124762088,10.780296963884743,24150900
2007-04-20,11.234084129333496,11.252145341221945,10.951877855056452,10.969939066944901,70264200
2007-04-23,11.046701431274414,11.276982258693751,11.02638337063393,11.227314883474737,42166500
2007-04-24,10.99251651763916,11.057989548592149,10.866088019942223,10.963167206439504,55658700
2007-04-25,11.019610404968262,11.085082152520911,10.978971699447234,11.010579150905782,43509000
2007-04-26,10.994778633117676,11.076053479418352,10.965429311295743,11.012839853611203,27693300
2007-04-27,10.913497924804688,10.992515892854096,10.908982944532113,10.954135330937573,27906300
2007-04-30,10.818674087524414,10.985739941047802,10.807385993836565,10.89317576423212,41966100
2007-05-01,10.911240577697754,10.963166078038798,10.726112830736101,10.81867638125698,44356800
2007-05-02,10.89995288848877,11.003806489035586,10.875119848344086,10.904469161096886,36355200
2007-05-03,10.918014526367188,11.006062457618585,10.881892099416886,10.954135661477599,32854800
2007-05-04,10.897695541381836,10.949622339260184,10.848026879703392,10.927044852780936,28817400
2007-05-07,10.974456787109375,11.035413553932825,10.899953785027359,10.933819373173773,26679900
2007-05-08,10.859317779541016,10.981231329000055,10.854802797815935,10.920274554270536,30517500
2007-05-09,10.820934295654297,10.8999509666042,10.800614948020463,10.852540447298352,45677400
2007-05-10,10.780301094055176,10.911245260926348,10.71257119665832,10.723859297584406,53550600
2007-05-11,10.787070274353027,10.81641958441276,10.70353667860773,10.800615861334466,47667900
2007-05-14,10.800618171691895,10.836740605929254,10.72160018531765,10.755465128895194,38914200
2007-05-15,10.750947952270508,10.859315239365115,10.703537425646612,10.827708436922512,58139400
2007-05-16,10.7010498046875,10.828064456630607,10.655686548319208,10.771361359547127,49549500
2007-05-17,10.685168266296387,10.766820930556811,10.664755262460705,10.766820930556811,37878000
2007-05-18,10.721463203430176,10.744144183516397,10.701050191568987,10.73280304455534,41229300
2007-05-21,10.57403564453125,10.750950167988881,10.57403564453125,10.689710475336774,63066900
2007-05-22,10.555890083312988,10.614861804560167,10.540013006563592,10.562693988561584,33590700
2007-05-23,10.508257865905762,10.691976917637097,10.50598989770262,10.633005850847736,42760800
2007-05-24,10.580841064453125,10.648884668251274,10.51279681173689,10.526405921847372,44194200
2007-05-25,10.639805793762207,10.660218796580681,10.57856613638912,10.61485620758537,26388000
2007-05-29,10.646615028381348,10.782703512452539,10.605789002294378,10.69878219408624,44844600
2007-05-30,10.687438011169434,10.694242562805803,10.540009087330954,10.580835748231417,48114900
2007-05-31,10.796311378479004,10.84167398770502,10.682904530954989,10.682904530954989,52451700
2007-06-01,11.220452308654785,11.327055255014635,10.825797270856327,10.864355976664179,147313200
2007-06-04,11.615113258361816,11.66728109839986,11.374691623588022,11.374691623588022,164037900
2007-06-05,11.458605766296387,11.612839281793695,11.422315680042415,11.547062364851996,98185500
2007-06-06,11.510774612426758,11.576548939616563,11.374686127808197,11.376953447255723,75783300
2007-06-07,11.286227226257324,11.51077359538888,11.252205757026648,11.429120252265054,74399400
2007-06-08,11.358805656433105,11.374683377907116,11.249935414192711,11.315711023316824,44208300
2007-06-11,11.297564506530762,11.367877339936198,11.238593457482711,11.317978160971467,37919100
2007-06-12,11.09343433380127,11.297565708585832,11.091165717121315,11.252203757671765,57197400
2007-06-13,11.227253913879395,11.236325784724613,11.107043189248845,11.154673755775244,42428400
2007-06-14,11.17735481262207,11.261275458815444,11.109311887277569,11.181890748077915,40100400
2007-06-15,11.19096565246582,11.26808175851779,11.161480120676414,11.19096565246582,68178900
2007-06-18,11.138800621032715,11.215916737324017,11.129727449673512,11.186431201619577,33091800
2007-06-19,11.070755004882812,11.107045090145693,10.834868801756171,11.097971919912062,44540700
2007-06-20,11.020854949951172,11.170552513311986,11.014050397267887,11.079826009425341,53974200
2007-06-21,10.975495338439941,11.066220574583271,10.905183767117418,11.048076825190757,49538100
2007-06-22,10.848478317260742,10.98456679918639,10.848478317260742,10.943739475907126,61351800
2007-06-25,10.846211433410645,10.914256330094986,10.816725895540332,10.887038111854034,53461800
2007-06-26,10.880231857299805,10.998175288188932,10.83033331246327,10.866623399223636,48224700
2007-06-27,10.991369247436523,10.998173800012845,10.832599814884235,10.848476239005183,53705400
2007-06-28,10.934667587280273,11.000444508748135,10.925595714010466,10.961885802761588,40659600
2007-06-29,10.91198444366455,11.034463793384848,10.857549321326163,11.00044232861174,42394500
2007-07-02,10.961881637573242,10.998171712535218,10.918787011326467,10.93239611389607,31632600
2007-07-03,10.993638038635254,10.993638038635254,10.916520640104086,10.964151211058207,18636300
2007-07-05,10.907449722290039,10.991370383008752,10.905181105251652,10.968689403968199,33595800
2007-07-06,10.975495338439941,10.998177620852887,10.884770751214687,10.907452384709558,39320100
2007-07-09,11.000444412231445,11.075291908476462,10.946007981746437,10.980030750799568,32103900
2007-07-10,10.791772842407227,10.975491214334694,10.771359834174804,10.975491214334694,50195100
2007-07-11,10.814456939697266,10.862087519434464,10.712390577365863,10.81899287637796,41057700
2007-07-12,11.07529067993164,11.168284507913459,10.814455536025571,11.09116710517136,74922300
2007-07-13,11.147871971130371,11.172821568901744,11.039001706947616,11.05941407033443,39303000
2007-07-16,11.100239753723145,11.145601708183206,11.045804629669634,11.145601708183206,35248500
2007-07-17,10.966423034667969,11.086633805624958,10.955082542823284,11.059415586928832,42296700
2007-07-18,10.896103858947754,11.0548745463466,10.877959471853467,10.984561720653158,58868400
2007-07-19,11.066218376159668,11.109314314831947,10.909717537132522,10.968689902287304,46246800
2007-07-20,10.90064525604248,11.08436430254379,10.868891106430679,11.000443641155048,56925600
2007-07-23,10.91198444366455,10.977760054260644,10.87569371318778,10.955079077745237,38086200
2007-07-24,10.891573905944824,11.036734273761105,10.823530307989959,10.823530307989959,65639700
2007-07-25,10.857551574707031,10.989102823201417,10.784971396525858,10.977762332590103,46463700
2007-07-26,10.61939525604248,10.834867779184481,10.553619644940747,10.775896720656815,79928400
2007-07-27,10.419797897338867,10.633003075738365,10.372167332914271,10.596712349369897,70263900
2007-07-30,10.481036186218262,10.537739911462479,10.388043686133607,10.478768218905445,53850000
2007-07-31,10.422069549560547,10.617129097132976,10.41072905928344,10.510526801341484,81560100
2007-08-01,10.483308792114258,10.490113345560024,10.31546681765365,10.444750737451473,66111000
2007-08-02,10.598980903625488,10.685169512605611,10.451551978159912,10.47876953608802,50003400
2007-08-03,10.324539184570312,10.660223128461569,10.32000324828639,10.592178892859364,61352400
2007-08-06,10.664761543273926,10.671566098199133,10.36536761574552,10.36536761574552,61953600
2007-08-07,10.673830032348633,10.769091163830796,10.558155245047903,10.614858330402418,57748800
2007-08-08,10.9822998046875,10.9822998046875,10.592181292421767,10.676101972947087,73293000
2007-08-09,10.53547477722168,10.88703578360712,10.52186631992948,10.773628944555245,70726800
2007-08-10,10.4492826461792,10.72145883883948,10.36536136683697,10.481036135156995,65011500
2007-08-13,10.471967697143555,10.59898299250731,10.451554037985959,10.589909822492004,46698600
2007-08-14,9.938950538635254,10.02287114815057,9.870906994111829,9.993386282738523,189981000
2007-08-15,9.866011619567871,10.0255815634735,9.822698873898382,10.0255815634735,86341500
2007-08-16,9.916159629821777,10.018740330632713,9.783944620277406,9.813578929010843,108804600
2007-08-17,9.913878440856934,10.189706773404199,9.845490884448017,10.187427362108453,91322400
2007-08-20,9.936675071716309,9.989105451073936,9.793061707472441,9.961750555608063,68875800
2007-08-21,9.961752891540527,9.97315060427592,9.845494395501065,9.934397989660201,58793100
2007-08-22,9.973148345947266,10.005062717010414,9.900202609643266,9.982267296701444,56742900
2007-08-23,9.840932846069336,9.991384438650952,9.809018476617402,9.973147842447597,71297100
2007-08-24,9.970873832702637,10.011906522485756,9.831819874367444,9.83865876469671,53884800
2007-08-27,9.989104270935059,10.036975821488781,9.929835663857228,9.977706562218872,59365200
2007-08-28,9.893362998962402,10.075728304670397,9.893362998962402,9.950352197758157,83790000
2007-08-29,10.073450088500977,10.10308439712795,9.904761231331696,9.932116128262482,67777500
2007-08-30,9.875128746032715,9.950355215626216,9.838656195582953,9.850053256168215,71853900
2007-08-31,9.945796966552734,10.016463968440425,9.881968854052456,9.927561015173614,62468700
2007-09-04,9.87057113647461,9.948077027723064,9.863732247089548,9.918442057785262,58165800
2007-09-05,9.676796913146973,9.852324533457864,9.654001507922434,9.852324533457864,92355300
2007-09-06,9.74747085571289,9.938955136559912,9.722396022365166,9.916159714936127,88295700
2007-09-07,9.663124084472656,9.774823054415002,9.644887491331376,9.674521792137954,76145400
2007-09-10,9.635775566101074,9.729238656893553,9.594742878305665,9.708721986899626,54646800
2007-09-11,9.788505554199219,9.806742809558061,9.644892793407557,9.663129396574025,56692200
2007-09-12,9.736075401306152,9.84777442797258,9.70644043325804,9.756592068153077,46953300
2007-09-13,9.815861701965332,9.909324135770966,9.749754174555914,9.770270191304974,51424500
2007-09-14,9.875128746032715,9.925279725761715,9.722397699113278,9.75887090175535,44528100
2007-09-17,9.875128746032715,9.925279725761715,9.799902928631523,9.854612732594628,42075600
2007-09-18,10.130437850952148,10.178309402905743,9.881964402274555,9.913878770243617,83757900
2007-09-19,10.201109886169434,10.2694974744348,10.123603996281512,10.160077202771738,66558600
2007-09-20,10.103089332580566,10.219347864377827,10.021024601698825,10.185154715654814,50306100
2007-09-21,10.082568168640137,10.210225003738595,10.06433222327427,10.160074034357896,63128700
2007-09-24,10.023301124572754,10.13727955108904,9.998225635949952,10.103085762257244,50254800
2007-09-25,9.838654518127441,9.870568238901923,9.729234928856881,9.868288827173503,63953400
2007-09-26,9.87057113647461,9.938958073748056,9.790785832828597,9.87057113647461,57439800
2007-09-27,9.941234588623047,10.034696985474191,9.911599629266993,9.92983687851265,42612900
2007-09-28,9.950353622436523,10.030138903489398,9.918439249138492,9.941235323235972,39167100
2007-10-01,10.13727855682373,10.182870705589295,9.95263315874971,9.991385767789007,45557700
2007-10-02,10.228464126586914,10.283173932768257,10.112205625403474,10.132721639673393,55058700
2007-10-03,10.287732124328613,10.394872317891009,10.14183931681975,10.18743081916627,51161100
2007-10-04,10.258095741271973,10.335600953528168,10.205665361103275,10.271773515312574,28660800
2007-10-05,10.342440605163574,10.458699084335002,10.251257612125634,10.360677203771163,39368100
2007-10-08,10.3196439743042,10.349278280522537,10.276331894636083,10.303686789343503,24210600
2007-10-09,10.3059663772583,10.369794466001473,10.173751376672092,10.264934360590907,36743400
2007-10-10,10.392594337463379,10.426788131981741,10.280894652182889,10.280894652182889,47490000
2007-10-11,10.691214561462402,10.873580522272373,10.650181894184099,10.79379525136998,123289800
2007-10-12,10.72768783569336,10.777838146154801,10.668418575483924,10.70945058838946,41990100
2007-10-15,10.588635444641113,10.729969420067258,10.545324008990624,10.716292296228225,49338000
2007-10-16,10.45413875579834,10.554440033700674,10.390310017668375,10.549881210801173,54055500
2007-10-17,10.48377513885498,10.568119248939809,10.321925154389753,10.517968926146105,71746800
2007-10-18,10.460975646972656,10.495169420965137,10.335598258269563,10.435900169232038,57064800
2007-10-19,10.25353717803955,10.490613615694253,10.248978354415229,10.44958094211425,68912400
2007-10-22,10.315086364746094,10.3629572760943,10.176032454547851,10.212505654087865,63655500
2007-10-23,10.014187812805176,10.390317720742482,9.916165873682028,10.374361176572398,114216000
2007-10-24,10.000504493713379,10.071172131656937,9.863729998158686,10.052934880057405,66849900
2007-10-25,10.002786636352539,10.087130763089831,9.866012112376238,10.021022587357004,63851400
2007-10-26,10.176032066345215,10.214785328522282,10.055214108333779,10.15551605543468,51100500
2007-10-29,10.2603759765625,10.290010938632113,10.171472394738093,10.194268469238393,41109000
2007-10-30,10.342440605163574,10.451860196809104,10.187429516999075,10.198827228080765,49287000
2007-10-31,10.3059663772583,10.442741505328671,10.150955304596314,10.419945433252893,66366900
2007-11-01,10.036977767944336,10.2444185851375,10.016461105645945,10.189708790059528,59600400
2007-11-02,10.073450088500977,10.116762171689436,9.952632790104714,10.06661185341242,54106200
2007-11-05,10.036977767944336,10.11676239662223,9.979987908927296,10.087128087336378,37737600
2007-11-06,10.096245765686035,10.121321249936235,9.986826182258426,10.032417675353264,37687200
2007-11-07,10.014187812805176,10.164639515103058,9.989112311691327,10.03014500916786,52828800
2007-11-08,9.943517684936523,10.11676542114449,9.761150994630476,10.073453324044399,62400600
2007-11-09,9.779386520385742,9.895645012161896,9.688203517461755,9.836375734165165,61294200
2007-11-12,9.875128746032715,10.160076130818117,9.724677111230331,9.797623516514472,76438500
2007-11-13,10.479214668273926,10.565838834230947,10.258096082203284,10.258096082203284,122207700
2007-11-14,10.602313995361328,10.732249616191435,10.513410401238705,10.540765303107795,87331200
2007-11-15,10.531646728515625,10.72769116509936,10.456420913380617,10.552163393527955,65489700
2007-11-16,10.56356143951416,10.622830067797347,10.399432027386753,10.581798040861651,56775600
2007-11-19,10.365234375,10.565836915083185,10.31508341388317,10.48605165086572,44969400
2007-11-20,10.372076034545898,10.533925365339124,10.189709388057988,10.360677670758239,76708500
2007-11-21,10.22618293762207,10.351560378240437,10.185150913594478,10.264936201883115,52436700
2007-11-23,10.424505233764648,10.543043776165545,10.228462126054072,10.310526819275474,40749300
2007-11-26,10.264934539794922,10.572677278941498,10.258095652833582,10.486053116610275,65968800
2007-11-27,10.44730281829834,10.527088111290295,10.292291708693087,10.319646610388132,63041400
2007-11-28,10.76644229888916,10.832550460748937,10.486054420530117,10.504291019899938,85763400
2007-11-29,10.837111473083496,10.907777816515859,10.6593042779236,10.668422578901225,44294400
2007-11-30,10.919174194335938,10.994400652852628,10.850786623355711,10.873582045554311,49191900
2007-12-03,10.912334442138672,11.012635074495646,10.843946876577272,10.875860595565008,36828300
2007-12-04,10.985284805297852,11.06962893477213,10.825714196051207,10.825714196051207,49381500
2007-12-05,11.147127151489258,11.197278106406374,11.058224253177618,11.065063138337585,52347600
2007-12-06,11.231477737426758,11.263392118542406,10.94197215603731,11.053671837749711,60868200
2007-12-07,11.174483299255371,11.258827380170896,11.124332341613478,11.229193079123606,43161000
2007-12-10,11.267951011657715,11.324939574129978,11.151692518075881,11.183605591306515,37674300
2007-12-11,11.176765441894531,11.409282402824058,11.083303688231174,11.263389612340344,78168000
2007-12-12,11.043952941894531,11.366821484593702,10.901981322304188,11.362242114195254,71838000
2007-12-13,11.066849708557129,11.101196947609129,10.934038156775324,10.947777576501396,49199700
2007-12-14,10.906559944152832,11.037081810685459,10.899690234307624,11.030212100840249,40764600
2007-12-17,10.952360153198242,11.02792567807428,10.821838895434269,10.899694106028173,49522500
2007-12-18,11.046242713928223,11.117227545793872,10.732532890954344,11.00960512775303,50591700
2007-12-19,11.009612083435059,11.103496448672294,10.956945356251364,11.025640546164423,39363300
2007-12-20,10.956941604614258,11.069144080962534,10.835579073939686,11.009608313764966,42476100
2007-12-21,11.039374351501465,11.105781131037928,10.945490689239984,10.950070060505519,69742800
2007-12-24,11.160737991333008,11.23859254721024,11.018766993959009,11.018766993959009,18975000
2007-12-26,11.078304290771484,11.105783143872218,10.972970870991725,11.037087321384217,28039800
2007-12-27,10.93862247467041,11.059985001666425,10.904274564949581,11.039375862754795,32275200
2007-12-28,11.009612083435059,11.098917075073084,10.938626551590264,10.99129327877396,25832700
2007-12-31,10.883666038513184,11.009607936908028,10.837869044108865,10.954651543622846,36529200
2008-01-02,10.73940372467041,10.906563220415695,10.638650352157486,10.856186206593339,59755800
2008-01-03,10.620331764221191,10.739403934058032,10.585983859139152,10.698186316933226,59403000
2008-01-04,10.469200134277344,10.618040820283747,10.389055250294161,10.51270743188327,61053600
2008-01-07,10.661545753479004,10.718791805715083,10.439429943976702,10.487517256781322,60979500
2008-01-08,10.526446342468262,10.780619765202587,10.505837863633513,10.668417319178147,57051300
2008-01-09,10.73940372467041,10.762302545989241,10.359288400805754,10.526447241419252,81592800
2008-01-10,11.08288288116455,11.167607155142951,10.785202096599214,10.785202096599214,107084400
2008-01-11,10.927172660827637,11.130969109346838,10.876795642580282,11.005027873992137,84555000
2008-01-14,10.91572380065918,10.986708647635808,9.871551062123276,10.986708647635808,61687800
2008-01-15,10.760015487670898,10.860769546051225,10.70963911361272,10.760015487670898,73440300
2008-01-16,10.87450885772705,11.002740468214789,10.689031156340288,10.689031156340288,75972900
2008-01-17,10.872218132019043,10.975261871945484,10.785203505654309,10.88824724558075,83734200
2008-01-18,10.895112037658691,11.108068492674954,10.858475107643295,10.966097522664112,101128200
2008-01-22,11.266068458557129,11.341633972918697,10.553924543976656,10.640939140466319,135385500
2008-01-23,11.485896110534668,11.531693757805375,11.062273441901363,11.105782058479942,151266600
2008-01-24,11.199662208557129,11.50421327485658,11.101198536862801,11.497343564010073,107149500
2008-01-25,11.011897087097168,11.279809311606124,10.988998264805456,11.240881379223397,74927100
2008-01-28,11.153868675231934,11.169897131043681,10.968390366738557,11.00502796024858,70322700
2008-01-29,11.222561836242676,11.263780106702525,11.02105509607195,11.2431709714726,65224500
2008-01-30,11.256913185119629,11.449261230817397,11.105783420098152,11.174477934030909,73460100
2008-01-31,11.61870288848877,11.746934405975262,11.15844284330467,11.18592037049166,138653700
2008-02-01,11.719456672668457,11.788152462502707,11.520240323438667,11.65534156301618,77237400
2008-02-04,11.465290069580078,11.735491382606003,11.410333670449802,11.67824595242691,60963900
2008-02-05,11.348506927490234,11.600390737083481,11.325608756690077,11.325608756690077,85211100
2008-02-06,11.181344032287598,11.456125929966824,11.108068859573137,11.357662252848836,85476900
2008-02-07,11.412623405456543,11.449262317400613,10.954653384455556,10.956943070777562,108858600
2008-02-08,11.16531753540039,11.472159048728226,11.137839992726509,11.373695342807812,67626900
2008-02-11,11.357666969299316,11.375985770085103,11.069145529357188,11.18363901696634,64658700
2008-02-12,11.506502151489258,11.614125872964566,11.330183942991859,11.330183942991859,70102200
2008-02-13,11.600393295288086,11.680536910762502,11.499639225126218,11.591233238789677,48235800
2008-02-14,11.442384719848633,11.655340469111081,11.39429675429368,11.582065316235267,54035700
2008-02-15,11.321028709411621,11.449261617719385,11.245464479479292,11.375985108573273,77497500
2008-02-19,11.371403694152832,11.52253343714179,11.28896845508197,11.472157729654587,66081600
2008-02-20,11.380561828613281,11.442387919925956,11.222561089556752,11.2889665516391,65030400
2008-02-21,11.40117073059082,11.50192475863419,11.357663428505145,11.41491015446284,67199100
2008-02-22,11.442384719848633,11.495050744629467,11.32789131078286,11.42635496124262,58556700
2008-02-25,11.52482795715332,11.540856418493682,11.38056787429762,11.492769724208449,76609200
2008-02-26,11.769835472106934,11.788154264846028,11.492763240579357,11.492763240579357,93085800
2008-02-27,11.77670669555664,11.808764914532892,11.659924213064537,11.67595397768445,87573900
2008-02-28,11.60954761505127,11.7698374054133,11.593519160120518,11.708011305980413,55191000
2008-02-29,11.355380058288574,11.602683259938884,11.341640627567939,11.53627775847478,60658200
2008-03-03,11.424068450927734,11.453836327979396,11.270649694645368,11.318736366056786,59256300
2008-03-04,11.419486999511719,11.453834241330087,11.362241596481104,11.38743009791989,74967300
2008-03-05,11.34621524810791,11.492765620366596,11.279809774461151,11.44009957168501,68984400
2008-03-06,11.444681167602539,11.54085454052332,11.414913281234865,11.504218250601822,82549200
2008-03-07,11.426361083984375,11.618709118483379,11.37598406182228,11.37598406182228,73038900
2008-03-10,11.185925483703613,11.449259658675206,11.137838806448105,11.449259658675206,72975900
2008-03-11,11.506502151489258,11.538560364924244,11.343922054238266,11.41490819186312,85064100
2008-03-12,11.570469856262207,11.669403482486207,11.489944843532601,11.508349507528283,78821100
2008-03-13,11.641792297363281,11.657897034456608,11.37950743948981,11.487642066757985,89558700
2008-03-14,11.462328910827637,11.667095824913014,11.312779907860905,11.667095824913014,82444200
2008-03-17,11.492237091064453,11.595770497623851,11.340388182543913,11.351891748106214,66378300
2008-03-18,11.729215621948242,11.73611670859708,11.554358252871783,11.563560579402761,79140000
2008-03-19,11.683197021484375,11.837347141293813,11.655588732525157,11.692400662136412,77489700
2008-03-20,12.246891021728516,12.306710127926836,11.687807895145799,11.699312784645054,133599900
2008-03-24,12.338916778564453,12.458554950784142,12.246886908972732,12.297503666372954,66739200
2008-03-25,12.205473899841309,12.357324189702943,12.173264429112406,12.315909756195632,60982500
2008-03-26,12.17095947265625,12.285996458780037,12.11574156133697,12.166358309171022,57679200
2008-03-27,12.049020767211914,12.244584049676307,12.028313555604337,12.196268539090884,56943900
2008-03-28,11.991499900817871,12.118041759524024,11.910973622504523,11.966191529076642,45144000
2008-03-31,12.120339393615723,12.219271622100829,11.878760604303363,12.009903601329814,58783200
2008-04-01,12.442452430725098,12.460858407917748,12.150256719979701,12.23768544076962,72697800
2008-04-02,12.529874801635742,12.628807043471852,12.424040157287964,12.495362789077408,65160900
2008-04-03,12.63801097869873,12.700131292716543,12.421741816116816,12.447048873217744,69571200
2008-04-04,12.516072273254395,12.64261414815482,12.474659167150122,12.633410504298922,62184300
2008-04-07,12.47696304321289,12.610406033573744,12.403337826307832,12.582796412671948,56574300
2008-04-08,12.527576446533203,12.619606307048208,12.421743094315177,12.426342941717214,47271000
2008-04-09,12.456256866455078,12.562091561240502,12.36422698327195,12.509173555598142,58592400
2008-04-10,12.575897216796875,12.73004746217299,12.518379352738302,12.550588830011295,86902800
2008-04-11,12.608104705810547,12.686329770326047,12.453954500839336,12.481562805051029,70383300
2008-04-14,12.688633918762207,12.732348283906397,12.621912408752488,12.628814815512042,52270500
2008-04-15,12.946313858032227,12.973923477031683,12.697833869532596,12.702435033866141,76900500
2008-04-16,13.13037395477295,13.141878840669492,12.964720185751796,12.987728641045749,84398400
2008-04-17,13.038345336914062,13.105068152233988,12.927909480280006,13.063653718621774,62940300
2008-04-18,12.955520629882812,13.197099588434321,12.916407432360373,13.114272027945452,59207100
2008-04-21,12.9716215133667,12.994629966749745,12.82667365469949,12.90029886242661,43120500
2008-04-22,13.010735511779785,13.013035435712403,12.847381670104223,12.941712780318268,43611900
2008-04-23,13.095861434936523,13.176387726077753,12.955516064604305,12.955516064604305,45650400
2008-04-24,13.217802047729492,13.270720044297313,13.116568535338228,13.118869775710419,58024500
2008-04-25,13.26381778717041,13.353546415197554,13.146479540366249,13.328238036818314,50947200
2008-04-28,13.19479751586914,13.330541761657228,13.160286802465118,13.229309545772495,37407300
2008-04-29,13.484688758850098,13.528403108604426,13.206297927887912,13.208599168164092,53074200
2008-04-30,13.339740753173828,13.583619535718721,13.31673230243462,13.505394489402244,60805200
2008-05-01,13.360447883605957,13.595124360768406,13.259214377183337,13.390357424185643,55959000
2008-05-02,13.229310989379883,13.54911372471957,13.091265487701342,13.54911372471957,58466400
2008-05-05,13.107366561889648,13.192494026979583,13.070554613931886,13.132674940672997,55494600
2008-05-06,12.964717864990234,13.169484786507393,12.891093980826613,13.111966949816372,63580200
2008-05-07,13.075149536132812,13.079752014804605,12.891089884215386,12.946307779790613,75089400
2008-05-08,13.151081085205078,13.25231460165135,13.056751290151913,13.20399776739346,79497000
2008-05-09,13.155681610107422,13.22700557954529,13.024539872994184,13.075155312257667,38976000
2008-05-12,13.348941802978516,13.429468081613429,13.261513121432182,13.273016687451635,54615300
2008-05-13,13.033738136291504,13.229302693788265,12.96931790800327,13.194790681760061,87001800
2008-05-14,13.273569107055664,13.308226739377751,13.088732808182847,13.141872748338722,52408200
2008-05-15,13.197322845458984,13.3012930816592,13.08873071098739,13.3012930816592,50018100
2008-05-16,13.178841590881348,13.26895012368724,13.07487132553533,13.259707646606838,43622700
2008-05-19,13.030969619750977,13.181149592805134,12.975518735830676,13.158045388351681,46667700
2008-05-20,12.927000045776367,13.028660665911161,12.818409221590043,12.973209779124934,65506800
2008-05-21,12.760645866394043,12.98476033624655,12.719058036768335,12.924688879892384,61101900
2008-05-22,12.950105667114258,12.98707425106653,12.72830209572205,12.753717253534104,45195600
2008-05-23,12.880786895751953,12.933928141109567,12.799922197435112,12.91082394159047,40674600
2008-05-27,13.030969619750977,13.095662978684674,12.892343070976903,12.892343070976903,51840600
2008-05-28,13.190393447875977,13.225049758182106,13.0679382429433,13.125700082173676,61251900
2008-05-29,13.386778831481934,13.435298183790133,13.15342322178384,13.15342322178384,55637400
2008-05-30,13.340572357177734,13.419127447414029,13.285121471942691,13.396023242412776,36368100
2008-06-02,13.215805053710938,13.39833035423842,13.058693580681535,13.264324403925759,51842400
2008-06-03,13.347503662109375,13.412197027913694,13.252775884968512,13.352124239080114,51219300
2008-06-04,13.32671070098877,13.405265799451708,13.248154280472303,13.282811913657076,44131800
2008-06-05,13.8165283203125,13.839633853258817,13.495375029512056,13.516169612547625,107220600
2008-06-06,13.486127853393555,13.763382226491766,13.47688537993038,13.707931351872123,70562700
2008-06-09,13.763379096984863,13.802657286679322,13.502297459245336,13.627062229283894,70035000
2008-06-10,13.811906814575195,13.851185028096628,13.643243177872945,13.691762546309047,63729600
2008-06-11,13.520791053771973,13.811908624592476,13.509238947587944,13.781872884103237,62267100
2008-06-12,13.657105445861816,13.823458123229255,13.569309191013614,13.613206657410936,57747300
2008-06-13,13.673272132873535,13.804968427758665,13.599337649159676,13.71948052416827,62651700
2008-06-16,13.7033109664917,13.72179459162163,13.516163766281203,13.608581891930864,54270300
2008-06-17,13.560065269470215,13.754142711355788,13.516166485697664,13.744901557958103,40677000
2008-06-18,13.324395179748535,13.726414332382118,13.305911555743004,13.446849023528548,66710100
2008-06-19,13.329019546508789,13.458406273403012,13.255085029456918,13.312846866673736,62031300
2008-06-20,12.998625755310059,13.3313324529373,12.984764022868058,13.262018502512722,81155700
2008-06-23,13.086421012878418,13.169598003022056,13.037901652816881,13.077179859558795,42887400
2008-06-24,13.243531227111816,13.36598509000992,12.996312552184222,13.012485229944115,58876800
2008-06-25,13.428367614746094,13.569306427834814,13.250462869601265,13.266635547504142,66186900
2008-06-26,13.130316734313965,13.463021973195444,13.130316734313965,13.342879075737015,63154800
2008-06-27,13.00786304473877,13.250461113448916,12.903892821592455,13.088729067642152,85960500
2008-06-30,12.984764099121094,13.359057318326016,12.94317493538993,13.10721799642656,66726600
2008-07-01,13.176534652709961,13.18577580962299,12.84844978532683,12.938558336525436,68144700
2008-07-02,13.054078102111816,13.354438146650097,13.042527318153178,13.227362336405813,62302500
2008-07-03,13.07718276977539,13.301297313318624,12.945486390262298,13.137254245881557,35380800
2008-07-07,13.148799896240234,13.370604703079895,12.9847582313867,13.111833970828851,66692700
2008-07-08,13.657105445861816,13.698693284690286,13.148804937323415,13.20887772902405,98142900
2008-07-09,13.324395179748535,13.698688235347285,13.308222504513596,13.698688235347285,76490100
2008-07-10,13.218113899230957,13.43298586121842,12.954722589896623,13.412192610671509,89661900
2008-07-11,13.005552291870117,13.248150364235903,12.855373665974936,13.09566078946036,83675100
2008-07-14,13.01016902923584,13.19962577863164,12.933923611063728,13.169590065366066,63148800
2008-07-15,12.994003295898438,13.123387365776212,12.78606149589777,12.933930515247587,79768800
2008-07-16,13.16034984588623,13.19500613547117,12.855369473738492,12.984754805729382,79238100
2008-07-17,13.32671070098877,13.379850642467384,12.804547152135433,13.164978604935904,74310900
2008-07-18,13.382155418395996,13.416811713539136,13.183456153314994,13.377533521401245,61952100
2008-07-21,13.241218566894531,13.546199032216514,13.169595017716277,13.41912460953,49934100
2008-07-22,13.645549774169922,13.761072106069006,13.204252377471347,13.218115427474137,77735700
2008-07-23,13.421435356140137,13.629377140685769,13.097972561380075,13.285119770855179,93696900
2008-07-24,13.162665367126465,13.426058045327478,13.121077536588045,13.398331943599668,63706500
2008-07-25,13.130316734313965,13.308222775790107,13.072556234402452,13.19269913186088,49356600
2008-07-28,12.943171501159668,13.215806654639682,12.926998823146658,13.12107756956928,46301100
2008-07-29,13.273569107055664,13.285122532532021,12.959347398971875,13.030970969015032,52998300
2008-07-30,13.530031204223633,13.631691836439334,13.310537258327722,13.310537258327722,58251600
2008-07-31,13.54389476776123,13.717178981338193,13.379851709067864,13.41681897270952,55843500
2008-08-01,13.34288215637207,13.580858379468818,13.252774962474094,13.57392685346845,51886800
2008-08-04,13.49998950958252,13.64785849331056,13.296668334903467,13.303599858772344,41493300
2008-08-05,13.941290855407715,14.0914708453359,13.592412833979687,13.636310298552166,112725300
2008-08-06,14.038324356079102,14.093775225584995,13.793416679607988,13.90200879200683,71464500
2008-08-07,13.16034984588623,13.631682787736542,13.141864904977684,13.490744037164633,113628300
2008-08-08,13.368291854858398,13.51385119735041,13.125693832073623,13.183455643799388,71747400
2008-08-11,13.530031204223633,13.816526825638318,13.248154838023284,13.370610051024991,73047600
2008-08-12,13.689451217651367,13.80266394463767,13.493062818553328,13.564686387430292,60927000
2008-08-13,13.426847457885742,13.675063126349805,13.276063169135314,13.663464437013996,67919100
2008-08-14,13.477890014648438,13.663471798781154,13.197197068378093,13.343342225612998,80443500
2008-08-15,13.772494316101074,13.902401493209217,13.484842045954887,13.484842045954887,67695300
2008-08-18,13.647232055664062,13.825854332954082,13.600835952175704,13.80265561751718,38748600
2008-08-19,13.501082420349121,13.642588312574022,13.429170003322,13.5706758955469,46013100
2008-08-20,13.53819751739502,13.605470717186403,13.380453737343155,13.575313857099577,38570700
2008-08-21,13.570674896240234,13.591553335477679,13.334057894422678,13.42916901443543,34145700
2008-08-22,13.78873062133789,13.80496851882979,13.61938685870206,13.61938685870206,38174700
2008-08-25,13.582277297973633,13.753940087326225,13.524282502501762,13.749300875356386,35895600
2008-08-26,13.686662673950195,13.728418219604887,13.463963333227149,13.582271818736166,32911800
2008-08-27,13.753944396972656,13.886171934935565,13.56604364315631,13.684352213462951,35181600
2008-08-28,13.89080810546875,13.927924459497625,13.691307370717169,13.78409958317488,36336000
2008-08-29,13.702900886535645,13.890801509973725,13.700580617740956,13.828168853750961,38561400
2008-09-02,13.837450981140137,14.148300713658745,13.802653576822234,13.89544577007981,69067800
2008-09-03,13.8699312210083,13.972001860010339,13.723784744926792,13.823535113993133,47470500
2008-09-04,13.867607116699219,14.125102585557345,13.849048944501568,13.91864242208905,82839000
2008-09-05,14.09030818939209,14.12278399906876,13.691305448521534,13.779457108810409,68471100
2008-09-08,14.382596969604492,14.384915911338554,13.976634826399785,14.241089755808598,85692300
2008-09-09,14.180777549743652,14.46610962221171,14.129742242742974,14.301405009143197,76103700
2008-09-10,14.387234687805176,14.493945827898623,14.199334040250596,14.255008552004742,70707000
2008-09-11,14.654008865356445,14.667927824174393,14.213250685354527,14.271245462172669,86970300
2008-09-12,14.477705955505371,14.584415763470634,14.285164778324027,14.547299423950976,57424800
2008-09-15,14.29676342010498,14.498583017790558,14.171495442803932,14.197013092060443,77406900
2008-09-16,14.41507339477539,14.656329625554935,14.150618453958963,14.150618453958963,100169700
2008-09-17,13.83513355255127,14.377961224904459,13.737703455225898,14.308367729363969,123751800
2008-09-18,14.261967658996582,14.303723209874166,13.709861766690663,14.043908828481383,125092200
2008-09-19,13.849050521850586,14.811756643867605,13.791057056743453,14.665611518935238,133640100
2008-09-22,13.661150932312012,13.900088298567734,13.628673789660219,13.791059502919186,66252900
2008-09-23,13.54748249053955,13.89776758381781,13.531243256040588,13.665791034896115,66529800
2008-09-24,13.668111801147461,13.774821665034828,13.48948948952388,13.663472588122541,51601200
2008-09-25,13.946478843688965,14.027671004242022,13.69130234419219,13.76553635238173,64288500
2008-09-26,14.083348274230957,14.127422775632352,13.705223988988017,13.705223988988017,63599400
2008-09-29,13.559075355529785,14.115820426432233,13.517318479673387,13.930238736131416,82605600
2008-09-30,13.893125534057617,13.9209621301936,13.39437512656451,13.728422244507817,80777100
2008-10-01,13.839768409729004,13.988233764649909,13.684343575373061,13.804971012553807,70091100
2008-10-02,13.651865005493164,13.88384276175258,13.508038876255414,13.839766948241747,63599700
2008-10-03,13.856006622314453,13.969675910005979,13.656505965298718,13.779453674189345,93355800
2008-10-06,13.431490898132324,13.814254403682565,12.654366521428576,13.614753698553962,119186400
2008-10-07,12.721637725830078,13.621709604854633,12.631165820446554,13.621709604854633,103654200
2008-10-08,12.654365539550781,13.169355167120171,12.23680598743405,12.459505388645471,143388300
2008-10-09,11.921318054199219,12.837629407661717,11.543195085225163,12.68220453128205,123553800
2008-10-10,11.81925106048584,12.580137685744939,10.99573108225675,11.37385346117429,154762500
2008-10-13,12.642766952514648,12.691481985531091,11.877241402211002,12.220566902473587,88662300
2008-10-14,12.628847122192383,13.00696999668672,12.229845808964614,12.997690248121305,85679700
2008-10-15,11.610465049743652,12.433985300651818,11.571029769840377,12.39686896228111,83835600
2008-10-16,12.670604705810547,12.763395569431912,11.304258077523894,11.73109605018217,142170300
2008-10-17,12.473419189453125,12.846902800424859,11.531591876487758,12.468781306905234,93669000
2008-10-20,12.626530647277832,12.686844385228843,12.150976243182566,12.677565961260413,85245000
2008-10-21,12.45022201538086,12.874740924687766,12.424704369257727,12.568530498595006,58332900
2008-10-22,12.12545394897461,12.42702517816861,11.863320652412845,12.313355900021495,84611100
2008-10-23,12.239126205444336,12.336557607873345,11.598869909573468,12.148655611101564,104835900
2008-10-24,11.92363452911377,12.287839746932708,11.596546975633338,11.59886724446228,89429400
2008-10-27,11.522313117980957,12.065139158313789,11.506073892616527,11.796046406737942,80234400
2008-10-28,12.798194885253906,12.925783184646727,11.784453282110015,11.816930424445056,126016200
2008-10-29,12.76339340209961,13.176312343251242,12.42238687027374,12.788911051185522,102701700
2008-10-30,12.700760841369629,12.990733435000125,12.482701992532634,12.981453685478163,69974100
2008-10-31,12.9466552734375,13.169353315959977,12.589410828737284,12.75875330228977,78094500
2008-11-03,12.98377513885498,13.269107220054865,12.935058772345629,13.167036602929908,56271300
2008-11-04,13.020891189575195,13.280705637074103,12.888665023588928,13.176316069627177,69164100
2008-11-05,12.556940078735352,12.990739021104133,12.526783202745314,12.962901087952892,66570000
2008-11-06,12.408468246459961,13.071923158461853,12.308717916387558,12.893300937420003,97344300
2008-11-07,12.6172456741333,12.68915940336064,12.387588183643462,12.494297979429774,58313100
2008-11-10,12.800508499145508,12.928096732194529,12.607967342586418,12.784270600114207,54605700
2008-11-11,12.700760841369629,12.907220998843028,12.322637927898766,12.756435356345982,71357400
2008-11-12,12.20665168762207,12.691484499444272,12.13705820064855,12.329599429090253,85122300
2008-11-13,12.74251937866211,12.747159918201968,11.844767448589833,12.287844730279325,113225700
2008-11-14,12.227531433105469,12.786597063912733,12.178816379967303,12.619573455702316,77255100
2008-11-17,12.01874828338623,12.31103983302025,11.87260184487662,12.241446354081635,80894700
2008-11-18,12.22984504699707,12.427025422338236,11.823884279484448,11.98858885533254,109886100
2008-11-19,11.830845832824707,12.480381847337304,11.768211836930705,12.178811886731316,89328600
2008-11-20,11.751972198486328,12.410786537916332,11.682378732507432,11.740373508720673,122490000
2008-11-21,12.276244163513184,12.304082089973992,11.64526620743598,11.923638835117101,120777600
2008-11-24,12.241446495056152,12.552296220827918,12.11617849700108,12.36439422374531,91222800
2008-11-25,12.684524536132812,12.7935533105873,12.37599373199431,12.468785929357471,82114200
2008-11-26,13.150798797607422,13.164717759571584,12.457185570093014,12.482703224565556,71235900
2008-11-28,12.962898254394531,13.222712712546661,12.877065530864174,13.125282622585967,27215400
2008-12-01,12.297122955322266,12.92810225658795,12.280885049352237,12.844589802234614,77836200
2008-12-02,12.399190902709961,12.587091561426597,12.113858847096951,12.4734222620734,73387500
2008-12-03,12.6149320602417,12.645088929472081,12.178814272789852,12.222890105475921,75645900
2008-12-04,12.784276962280273,13.037131958087297,12.526781426682176,12.784276962280273,86379000
2008-12-05,13.503402709960938,13.619390950542353,12.526777768657718,12.594050974742641,112969500
2008-12-08,13.352617263793945,13.740019930997756,13.109040760355354,13.589234286861702,81184800
2008-12-09,12.9466552734375,13.299261834816459,12.737876190418936,13.264464436056674,91214400
2008-12-10,12.816751480102539,13.020890058011629,12.56853442012942,12.981454769559187,63895800
2008-12-11,12.765030860900879,12.921129512942258,12.604274258784068,12.697467921627,74848800
2008-12-12,12.72774887084961,12.785994553696824,12.522727160083704,12.522727160083704,70874400
2008-12-15,12.746390342712402,12.841911622094864,12.583302142616754,12.811624289622774,50157000
2008-12-16,12.869871139526367,13.039947611328653,12.613591944508462,12.81628472614022,68988000
2008-12-17,12.858223915100098,13.065576005695128,12.737073225641543,12.858223915100098,66586800
2008-12-18,12.90947151184082,13.095857391877981,12.7626941810722,12.921121712509185,80824200
2008-12-19,12.986360549926758,13.258947886257369,12.937434754495925,12.972381370338537,97314600
2008-12-22,13.044610977172852,13.163430047412824,12.925790573804454,13.044610977172852,51045900
2008-12-23,12.88151741027832,13.14012552769216,12.853559055353722,13.081881176812145,38562900
2008-12-24,12.916462898254395,13.004995903651022,12.876855676596003,12.960729400952708,13682100
2008-12-26,12.89549732208252,12.986359314506178,12.86054937643664,12.977040751085818,19121100
2008-12-29,12.839585304260254,12.907149572697106,12.702125126229195,12.895500698807458,30142800
2008-12-30,12.825600624084473,12.907144039482999,12.657854512354598,12.86986712576525,41927100
2008-12-31,13.0609130859375,13.123818054642628,12.760367420596952,12.876857461507875,41645700
2009-01-02,13.321850776672363,13.398734919248804,12.995677080669232,13.042273894295851,48164400
2009-01-05,13.168087005615234,13.361461229279346,12.972382474112159,13.270599220480666,48063900
2009-01-06,13.051593780517578,13.233319105770377,12.95374219504602,13.189053928059238,57438000
2009-01-07,12.939763069152832,13.095861678047909,12.827932304405689,12.928115530927194,50346000
2009-01-08,11.970563888549805,12.073074763021621,11.721274292571756,11.954254401089134,278516400
2009-01-09,12.017158508300781,12.21053270428059,11.940274358158783,12.017158508300783,86091900
2009-01-12,11.972894668579102,12.159280649878703,11.919309582152874,11.998524057471856,55306200
2009-01-13,12.142967224121094,12.278097050092573,12.012498012689402,12.01948760137135,74980200
2009-01-14,12.012494087219238,12.115004910424412,11.937940276478278,11.947258836257252,61431000
2009-01-15,11.963574409484863,12.077735490255282,11.725933683418425,12.012500206064193,84182100
2009-01-16,12.012494087219238,12.126655109839069,11.884353891803654,12.091707177849687,65023800
2009-01-20,11.779518127441406,12.031138019863972,11.751561102243288,11.977552943909638,67708200
2009-01-21,11.448684692382812,11.723602318004163,11.30423629024456,11.700304575664143,117235200
2009-01-22,11.385782241821289,11.55585737838962,11.129502383412749,11.40209039653409,93343200
2009-01-23,11.264628410339355,11.322874089055787,11.183084993387398,11.204053757675942,69273900
2009-01-26,11.3228759765625,11.413737970704181,11.190076446852807,11.332194540159055,56647200
2009-01-27,11.367143630981445,11.485964008067194,11.306568955017143,11.40442189287655,49435500
2009-01-28,11.353168487548828,11.565181237066229,11.301912364999907,11.53489255873936,73991100
2009-01-29,11.150470733642578,11.432377984219567,11.134162578569075,11.313557616889696,56619300
2009-01-30,10.978067398071289,11.25298511134048,10.931471231971777,11.183090528909142,61844100
2009-02-02,10.849923133850098,10.954764969094356,10.775369961963264,10.849923133850098,62583300
2009-02-03,11.13882064819336,11.183086490077947,10.849923189584961,10.957095332754257,67655400
2009-02-04,10.814979553222656,11.087566934817975,10.784692214504084,10.92448070077913,79518300
2009-02-05,11.313557624816895,11.41141055471054,10.987384524658125,10.9897141658754,99879300
2009-02-06,11.562846183776855,11.667687361251335,11.306567009323736,11.378791879585995,84891300
2009-02-09,11.481302261352539,11.546537539259244,11.362481909765776,11.546537539259244,48831900
2009-02-10,11.117851257324219,11.48130120124693,11.029318245394448,11.416065929363608,76822800
2009-02-11,11.236674308776855,11.304237233952103,11.124842869891433,11.178427948372471,53277900
2009-02-12,11.213375091552734,11.250652015195103,10.957096574793432,11.17842780899702,67178100
2009-02-13,10.840604782104492,11.208714699918625,10.828955244696367,11.124841630025216,77000700
2009-02-17,11.239002227783203,11.388109910207886,11.020000652503908,11.07358572595234,116757300
2009-02-18,11.649051666259766,11.649051666259766,11.304238092391696,11.402091025449845,142068000
2009-02-19,11.75389289855957,11.805147673436027,11.518581129937356,11.518581129937356,81933000
2009-02-20,11.653706550598145,11.800485245016096,11.539546825081642,11.646718295122364,88744200
2009-02-23,11.38811206817627,11.751562779521747,11.367143296438922,11.730594007784399,70857000
2009-02-24,11.651383399963379,11.732926863590121,11.343848013338851,11.364816789629744,78678900
2009-02-25,11.464991569519043,11.663025000599893,11.313553612514841,11.409076200750537,76429800
2009-02-26,11.24133014678955,11.565174863922207,11.21570343276548,11.534886202286309,69507300
2009-02-27,11.471985816955566,11.64905188987377,11.085236692704362,11.152801623999377,84485100
2009-03-02,11.19240665435791,11.530230617947028,11.173768858547385,11.371803021199634,76052400
2009-03-03,11.038637161254883,11.31588505919424,10.95010481840308,11.262298658855869,84125400
2009-03-04,11.297248840332031,11.462664689130927,10.985054271434114,11.173768530799766,95431200
2009-03-05,11.590805053710938,11.882032222424394,11.483634884737722,11.730594201343646,138795600
2009-03-06,11.395097732543945,11.683994489009491,11.20638285131431,11.683994489009491,101318400
2009-03-09,11.06892204284668,11.441691767248678,11.019996270646311,11.31355157041218,79526700
2009-03-10,11.33918571472168,11.397431411290757,11.013012613503701,11.092225747660345,97597500
2009-03-11,11.119648933410645,11.435947959970724,11.047018000240131,11.400802878881958,78197700
2009-03-12,11.466405868530273,11.508578624203517,11.08684704552788,11.215710105429087,75390000
2009-03-13,11.524983406066895,11.59058534025663,11.325831469297205,11.403149327360076,61714500
2009-03-16,11.433606147766113,11.609327556472863,11.400804514260651,11.560125776538646,49141500
2009-03-17,11.714761734008789,11.714761734008789,11.431262948647928,11.457035565498916,55867800
2009-03-18,11.817852020263672,11.972486395893437,11.468752613481394,11.468752613481394,60572700
2009-03-19,11.703043937683105,11.927967095303188,11.623383987854602,11.902194482578249,62254500
2009-03-20,11.618698120117188,11.806134079899893,11.47812047995629,11.747559839724898,78924900
2009-03-23,12.061514854431152,12.061514854431152,11.562466801974967,11.780360927649662,59039100
2009-03-24,11.967799186706543,12.089633248796828,11.85299414172223,11.949055587973263,61909800
2009-03-25,12.108376502990723,12.25129627168426,11.864708385743642,12.012315059473083,70334100
2009-03-26,12.361416816711426,12.417648962914708,12.171638685867968,12.197409965346932,75148500
2009-03-27,12.316896438598633,12.417644772784877,12.192720285813278,12.267694667921244,60853200
2009-03-30,12.127116203308105,12.220835515193174,12.009969074423184,12.18334698605058,50155200
2009-03-31,12.206778526306152,12.288781925719622,11.963111780289566,12.192720494258648,63535800
2009-04-01,12.375470161437988,12.429357493588672,12.000598266526332,12.038085456017496,67957200
2009-04-02,12.567594528198242,12.78549003969552,12.464505403996046,12.49730703741636,65542800
2009-04-03,12.605079650878906,12.722228130857019,12.405929111822935,12.581650491142375,49566900
2009-04-06,12.518392562866211,12.593368298422037,12.394216388880999,12.51370699834645,46532400
2009-04-07,12.274724960327148,12.422330287709439,12.183349084725675,12.408273595088156,42833100
2009-04-08,12.326272964477539,12.42233308527141,12.246611651777657,12.33798754795737,51762900
2009-04-09,11.86939525604248,12.028715169951736,11.632756156393912,11.724132035256119,126973500
2009-04-13,12.073230743408203,12.178664650454614,11.860022158224098,11.90219491665397,58039800
2009-04-14,11.977174758911133,12.019347531823277,11.843626080599686,11.995918362499673,53807100
2009-04-15,12.017003059387207,12.04746124505418,11.86002522506652,11.892826863726402,39026100
2009-04-16,11.897513389587402,12.063863708661533,11.778022749617396,12.019347482739509,63739500
2009-04-17,11.76162052154541,12.007629436276622,11.74756248623276,11.993572741612008,72072000
2009-04-20,11.543723106384277,11.817849387513128,11.52498084989965,11.735845982477704,60895200
2009-04-21,11.674932479858398,11.714763136240839,11.464065955104955,11.635101823475958,46714800
2009-04-22,11.471094131469727,11.768649624725702,11.438292495717846,11.618700822029162,61171500
2009-04-23,11.447665214538574,11.522639617513224,11.309430991473052,11.480465510353927,48756600
2009-04-24,11.215710639953613,11.61166962551984,11.180566228335067,11.438290349448641,80793000
2009-04-27,11.36566162109375,11.466408641141902,11.16182479852108,11.189940199209586,61824300
2009-04-28,11.356287956237793,11.567153079170259,11.253197506401095,11.311770406855805,81424800
2009-04-29,11.820191383361816,11.972482253392098,11.363316091975664,11.445318146258618,102965700
2009-04-30,11.808475494384766,11.913909388605067,11.698357377256094,11.911565936503226,69167100
2009-05-01,11.726475715637207,11.836595207373936,11.534354144114157,11.831908301724834,47331900
2009-05-04,11.911567687988281,12.031058290446635,11.759275454519274,11.763962359412119,63605700
2009-05-05,11.822535514831543,12.038087562446954,11.703044909838981,11.871737292067088,58946100
2009-05-06,11.599954605102539,11.970142346850738,11.49686548491202,11.871737450419182,78267900
2009-05-07,11.688984870910645,11.984196824328142,11.60698147603647,11.91625146072329,93789300
2009-05-08,11.747564315795898,11.808480690773774,11.656188412680839,11.808480690773774,55603800
2009-05-11,11.862361907958984,11.956079864465998,11.651496840980055,11.707727614884265,53983500
2009-05-12,11.92562484741211,12.026371844859485,11.869394058649466,11.920937942862741,51612300
2009-05-13,11.784998893737793,11.848599836645876,11.66957476062647,11.848599836645876,57554400
2009-05-14,11.565929412841797,11.865089445324701,11.483483798277723,11.801488504150205,78991500
2009-05-15,11.342146873474121,11.622462202899113,11.335081301093535,11.532949676803206,60168300
2009-05-18,11.759079933166504,11.773213766710347,11.469343084900494,11.495254663772021,56515200
2009-05-19,11.627169609069824,11.777928283702629,11.624814868262275,11.75908226998131,43863000
2009-05-20,11.528237342834473,11.848596714781232,11.507036584825281,11.72139486248017,60555900
2009-05-21,11.568283081054688,11.667217258672228,11.464636725168061,11.497615233666268,47151000
2009-05-22,11.601262092590332,11.72375177535621,11.56828358266216,11.629528424045098,34034100
2009-05-26,11.777932167053223,11.933400374561188,11.580062436507138,11.584773267552285,52041900
2009-05-27,11.617751121520996,11.971089039529371,11.601262539859786,11.834465511830224,52394400
2009-05-28,11.671929359436035,11.728463373924514,11.523528076857742,11.662506349749343,46216800
2009-05-29,11.716681480407715,11.770860734227902,11.55885724393992,11.754370810075345,38519700
2009-06-01,11.91690731048584,11.942818896236483,11.678993556800542,11.820329234008252,59977500
2009-06-02,11.761445999145508,11.97816047107787,11.747312153611288,11.867447144896753,52197900
2009-06-03,11.985220909118652,12.008777757538484,11.707263037384983,11.71903943977922,59210700
2009-06-04,11.982863426208496,12.013485839483286,11.83681693007912,11.973440419421047,45876000
2009-06-05,12.02997875213623,12.190159142237608,11.827399533779577,12.04175785183495,75981600
2009-06-08,11.968734741210938,12.027624852317084,11.872155282487432,12.011136268188512,56925600
2009-06-09,11.921621322631836,12.051177923443918,11.895708385016876,11.98051007396591,43213800
2009-06-10,11.79206371307373,11.978155677121782,11.714330289501774,11.96873266791106,59491500
2009-06-11,11.617751121520996,11.836820253280575,11.610684201415566,11.789707901870104,64824000
2009-06-12,11.740240097045898,11.744952275415217,11.591838827462931,11.624817336662627,46015200
2009-06-15,11.415170669555664,11.58948354073083,11.358636656103403,11.565928038761689,73821300
2009-06-16,11.365703582763672,11.452861376614441,11.3185925732115,11.426949782209801,62130300
2009-06-17,11.438726425170898,11.516461200845423,11.33036922668202,11.377481579542188,57816000
2009-06-18,11.46699047088623,11.516457549585812,11.401033467368917,11.45992355280389,41781300
2009-06-19,11.3468599319458,11.55415133336279,11.330370000773396,11.55415133336279,71303400
2009-06-22,11.445794105529785,11.518816707253157,11.311525306233536,11.330369979053502,60085200
2009-06-23,11.389263153076172,11.502331220434055,11.365706294801685,11.476419619846496,48711600
2009-06-24,11.426949501037598,11.488194351099372,11.33272613637436,11.424594759344348,50043900
2009-06-25,11.577703475952148,11.648371315613867,11.382189883351659,11.410457558367119,59588700
2009-06-26,11.455216407775879,11.556506698324931,11.408105397033472,11.551795866826168,61609800
2009-06-29,11.48583698272705,11.518815493656778,11.401036637910238,11.474060579817293,51972900
2009-06-30,11.410462379455566,11.56121978223009,11.377483860629264,11.509396588056973,50517300
2009-07-01,11.393967628479004,11.4575685493673,11.3468566339703,11.436367793112224,55294800
2009-07-02,11.257345199584961,11.401035633555468,11.250278280159911,11.368057125530925,59958600
2009-07-06,11.243213653564453,11.349214770802888,11.205524307529572,11.245569069206965,60765600
2009-07-07,11.269124984741211,11.318592081774144,11.243213391461616,11.283258826144134,45279300
2009-07-08,11.393967628479004,11.424591392361979,11.302099706522405,11.332722796466914,56639400
2009-07-09,11.325657844543457,11.507037631079093,11.278546167914813,11.495259880406577,45369600
2009-07-10,11.205524444580078,11.3633487515161,11.153701256178953,11.292680889867052,47913300
2009-07-13,11.266765594482422,11.292677180170909,11.170187518236503,11.212587682146342,48102900
2009-07-14,11.337438583374023,11.34214941530921,11.198459606143391,11.27383763467769,40399200
2009-07-15,11.436370849609375,11.441083028621172,11.297391896000402,11.38925984250973,56225100
2009-07-16,11.426949501037598,11.445794173970246,11.304459126975388,11.389260155172302,56589900
2009-07-17,11.42223834991455,11.474061535997448,11.31152505711224,11.45050468458331,43236900
2009-07-20,11.499972343444824,11.507039264426869,11.358637967435998,11.462282996792155,51321600
2009-07-21,11.509394645690918,11.530595407332234,11.412815195383514,11.521172397310336,51564300
2009-07-22,11.582418441772461,11.667220149223587,11.462283475811859,11.495261992480486,45115500
2009-07-23,11.48583698272705,11.65779645742329,11.457570650413839,11.584772515516235,79989000
2009-07-24,11.528237342834473,11.587127438719753,11.48583582681609,11.49761492429478,39274200
2009-07-27,11.535306930541992,11.565929356165327,11.43166055346853,11.565929356165327,42810600
2009-07-28,11.523528099060059,11.540016681197006,11.462281905671619,11.485837408117895,35418000
2009-07-29,11.629528045654297,11.67663904583843,11.495259268950749,11.523526947362903,49822500
2009-07-30,11.773219108581543,11.872153292524814,11.660151084681472,11.671928835353084,52130700
2009-07-31,11.749665260314941,11.879221883807336,11.723753666040992,11.789709348656846,43985700
2009-08-03,11.740240097045898,11.829752615783455,11.664861417662085,11.829752615783455,45601500
2009-08-04,11.742595672607422,11.843885937083606,11.66015007715292,11.686061665542368,54801600
2009-08-05,11.589484214782715,11.77086536455051,11.584773383690342,11.763798443973311,53149200
2009-08-06,11.537662506103516,11.631884520514316,11.483483230364552,11.601263444132641,48633000
2009-08-07,11.610685348510742,11.66015244625874,11.52823973630497,11.608329258950429,40184700
2009-08-10,11.711973190307617,11.714329279376422,11.544725911225566,11.631882336492756,39144300
2009-08-11,11.787355422973633,11.860378031617607,11.664864364096301,11.709620634770088,48754800
2009-08-12,11.963335990905762,12.041497204798304,11.866228082426284,11.866228082426284,54929400
2009-08-13,12.287823677062988,12.316245078433928,11.97281247081373,12.27598131355246,96432000
2009-08-14,12.266498565673828,12.375451491175376,12.207286786950041,12.28544796119033,51714000
2009-08-17,12.214393615722656,12.283080098639397,12.112547720451701,12.150443804493412,53142600
2009-08-18,12.164655685424805,12.280711600629568,12.136232943565075,12.230973157645966,36855300
2009-08-19,12.238081932067871,12.280714700347279,12.067549503678975,12.095970897441491,42990300
2009-08-20,12.247553825378418,12.273606198991063,12.138600882577206,12.221500096494816,27902700
2009-08-21,12.164655685424805,12.339924742656722,12.138600601872767,12.309134342489298,63281400
2009-08-24,12.209656715393066,12.245185144504799,12.11491649654677,12.20255102957072,34857300
2009-08-25,12.238081932067871,12.448879469830873,12.21202819721066,12.240450946244444,49747200
2009-08-26,12.268874168395996,12.373089123355648,12.212030017128404,12.2546641470327,42874800
2009-08-27,12.136237144470215,12.254663469517276,12.10781574804347,12.23334640574367,51652200
2009-08-28,12.110180854797363,12.174130677368554,11.987019237453671,12.164657332313398,44379900
2009-08-31,12.048596382141113,12.190707356921317,12.015436973989639,12.084123448200815,51727800
2009-09-01,12.072287559509277,12.169396822802483,11.99412634598513,12.034391459971161,49847100
2009-09-02,12.060437202453613,12.09122759350719,12.024908785645234,12.029646811400035,40324200
2009-09-03,12.254660606384277,12.2807129823256,12.07702251558778,12.114917250212725,48886800
2009-09-04,12.240449905395508,12.33992680801234,12.197817140741316,12.245186578074607,39809700
2009-09-08,12.174126625061035,12.268866820432713,12.157547599097489,12.249918781358376,42396600
2009-09-09,12.105447769165039,12.202555683473872,12.04149792764524,12.202555683473872,45269700
2009-09-10,12.08649730682373,12.148078121456408,12.015441790947664,12.058074558364808,68593200
2009-09-11,12.013071060180664,12.088861874390796,11.989384990764671,12.077020872589141,48269400
2009-09-14,11.932543754577637,11.968070834402507,11.889910987733549,11.930176095752046,49630500
2009-09-15,11.825959205627441,11.979912569970656,11.802274489658023,11.965701198280605,79187700
2009-09-16,11.852014541625977,11.885173961639913,11.783326687571684,11.837803168009835,52833600
2009-09-17,11.833065032958984,11.875697793267891,11.807011302972704,11.866224448875252,53304300
2009-09-18,11.868589401245117,11.937275875879473,11.828325663850194,11.842537032469911,100336800
2009-09-21,12.058067321777344,12.072278687477926,11.84726991478679,11.849638927493695,45849300
2009-09-22,12.077020645141602,12.150443799716976,12.060440261335579,12.08649398851287,43624500
2009-09-23,11.937276840209961,12.11017822499548,11.937276840209961,12.088861170343847,42050400
2009-09-24,12.008336067199707,12.041495488543545,11.923070532625536,11.99886272125646,35829000
2009-09-25,11.71700668334961,11.994121632921447,11.705164326306305,11.937277505951046,79026300
2009-09-28,11.724109649658203,11.771480422116424,11.683844560832243,11.747794358252026,44375700
2009-09-29,11.660161972045898,11.766744535365294,11.648319615596057,11.759638850441224,51301200
2009-09-30,11.627002716064453,11.679110169356138,11.541737206378823,11.672004484337196,66273900
2009-10-01,11.605687141418457,11.69332303098361,11.541738678632447,11.622267527001249,67401300
2009-10-02,11.624637603759766,11.68621841371599,11.567793466429912,11.579635825631406,45281400
2009-10-05,11.619898796081543,11.65069055426444,11.57016034866463,11.605687423884984,42652500
2009-10-06,11.719376564025879,11.757272651476882,11.636478703317938,11.660163419157065,52748400
2009-10-07,11.721747398376465,11.771485851472562,11.681482290979051,11.731220744075149,34860600
2009-10-08,11.780956268310547,11.81174666708328,11.700427428807176,11.73121782757991,44885400
2009-10-09,11.835431098937988,11.849641111987776,11.75253325742952,11.797533664993193,49148400
2009-10-12,11.750165939331055,11.892276932494863,11.71700652689005,11.849642821383197,49072800
2009-10-13,11.92307186126709,11.979916009074683,11.7596437504578,11.766749438342671,62561700
2009-10-14,11.88753890991211,11.994121477188871,11.866223209619282,11.991753818973487,48216600
2009-10-15,12.067547798156738,12.077022498252685,11.88990970761522,11.908857752536033,65054700
2009-10-16,12.13149356842041,12.176495329489965,11.989382601330169,12.032015349348992,49629900
2009-10-19,12.290186882019043,12.309134925733037,12.138601177036104,12.16228724813184,46234200
2009-10-20,12.245185852050781,12.316240003837876,12.19781641752605,12.311504686710691,39724200
2009-10-21,11.991752624511719,12.309132636513368,11.927802819461332,12.238077146982857,65711400
2009-10-22,11.956223487854004,12.020173281835188,11.849639594371697,11.989381535994207,73812600
2009-10-23,11.946756362915039,12.010706197423866,11.837804742815877,12.003600509670513,45340200
2009-10-26,11.804642677307129,11.98701879320656,11.799906004955096,11.97991310704298,45821100
2009-10-27,11.811747550964355,11.868591681091747,11.78806283556235,11.833064607988739,46772100
2009-10-28,11.818852424621582,11.930173018850432,11.778588682258697,11.79753536906179,51051300
2009-10-29,11.937276840209961,11.953857223362615,11.797534866458935,11.878065058295672,43167300
2009-10-30,11.766748428344727,11.949124572768975,11.752538409066085,11.93491319821906,52905300
2009-11-02,11.908853530883789,11.925432556085635,11.769111579721994,11.797532959392385,45113100
2009-11-03,11.818852424621582,11.977542446399914,11.72884888595252,11.880433222544255,48612900
2009-11-04,11.932543754577637,12.027283989381845,11.809382126967776,11.852014893811866,43565100
2009-11-05,12.145708084106445,12.16228847106774,11.958596641843052,11.96333331443008,50059200
2009-11-06,12.13859748840332,12.143335514345287,12.008330235681374,12.086491400476888,37095900
2009-11-09,12.316242218017578,12.323347905527942,12.176501547884792,12.235713351685638,45853500
2009-11-10,12.389666557312012,12.427562653257253,12.259397880455689,12.261766894679,50464500
2009-11-11,12.54598617553711,12.55309186135331,12.35887339643311,12.45598262889321,69892200
2009-11-12,12.609930992126465,12.728355879802626,12.579139247376435,12.640721381606038,84795300
2009-11-13,12.60046100616455,12.683358865104513,12.567301591534374,12.619409049485943,52907100
2009-11-16,12.590987205505371,12.662042711849669,12.50808934064887,12.63598898101439,46039200
2009-11-17,12.709417343139648,12.74257541488886,12.576780990328391,12.64783516288082,53133900
2009-11-18,12.825470924377441,12.884684079119214,12.697572624358314,12.742573049847447,40082700
2009-11-19,12.917840003967285,12.94389373079177,12.73309625802058,12.78994038329104,52104900
2009-11-20,12.8562593460083,12.996002694886062,12.789941869787185,12.915472491606911,45151500
2009-11-23,12.951000213623047,12.9912639577922,12.913102772504129,12.974684928460306,35796600
2009-11-24,12.991259574890137,13.00783995389919,12.9154674287644,12.969942525565845,31799700
2009-11-25,13.017316818237305,13.048107216526848,12.974684063318772,12.993632104979325,27189600
2009-11-27,12.939157485961914,12.98889728828604,12.811259202941558,12.811259202941558,22586100
2009-11-30,12.920211791992188,12.955740228686906,12.813629192450597,12.915475118856651,35786100
2009-12-01,12.967578887939453,13.045740071087694,12.936788488439786,12.991263602128292,36022800
2009-12-02,12.924942970275879,12.998366108412446,12.903625919556925,12.948627678672118,30120900
2009-12-03,12.89415454864502,12.972314369350217,12.863362796699985,12.962841026652338,34223700
2009-12-04,12.846787452697754,12.979423775392151,12.77810095499705,12.958108070575026,33363600
2009-12-07,13.010214805603027,13.02205852084599,12.823103349615629,12.823103349615629,34088100
2009-12-08,12.887052536010742,12.991266111735781,12.804154665064994,12.984160425052298,47524800
2009-12-09,12.87110424041748,12.91871391903737,12.797310804978146,12.911572399139104,38048400
2009-12-10,13.018691062927246,13.06154017767447,12.904429481145648,12.921092117699235,30339300
2009-12-11,13.009174346923828,13.09248891998529,13.00679338570826,13.049641152846775,34198800
2009-12-14,12.87110424041748,12.997269275812647,12.809212884106707,12.992507354476706,44623200
2009-12-15,12.849678993225098,12.871102187397117,12.733036457001374,12.84491843475414,45641100
2009-12-16,12.69256591796875,12.909188313980506,12.647337215736094,12.904426394299573,51537600
2009-12-17,12.559263229370117,12.664003689169018,12.46404524869177,12.64019953452579,46921200
2009-12-18,12.580684661865234,12.630673919045204,12.452140079342392,12.630673919045204,78155700
2009-12-21,12.711615562438965,12.744942205546609,12.599734914563225,12.602115875537278,40296300
2009-12-22,12.697328567504883,12.794927494996504,12.675904014024697,12.725893276706547,35872200
2009-12-23,12.69256591796875,12.761600132290551,12.675903285401002,12.723512947474124,25893000
2009-12-24,12.759218215942383,12.792544840684688,12.704468402662583,12.716370476762318,13419300
2009-12-28,12.849678993225098,12.852059953513288,12.761602532037971,12.804450282487437,22275900
2009-12-29,12.88062572479248,12.902050282830297,12.830636451476453,12.847299088546615,21792600
2009-12-30,12.925854682922363,12.937756761354791,12.828255732828673,12.837778212837954,20391000
2009-12-31,12.723519325256348,12.942520066674382,12.716377804260368,12.91395398269046,29294400
2010-01-04,12.909185409545898,13.013924463173275,12.775878930575821,12.792542921499512,62259300
2010-01-05,12.78064250946045,12.899664610168363,12.752076442511726,12.875860462447788,46945200
2010-01-06,12.752077102661133,12.813968434780634,12.716370879231832,12.735413108710036,37551600
2010-01-07,12.759218215942383,12.794925800346663,12.678281932696065,12.787784283465806,31988100
2010-01-08,12.694952011108398,12.742560330327128,12.621157209371352,12.718756170717763,34089600
2010-01-11,12.904430389404297,12.959181585844162,12.640200973726527,12.694950808060797,41963100
2010-01-12,13.028214454650879,13.03297501369872,12.821114471855392,12.854441109401478,45351000
2010-01-13,13.094862937927246,13.140091642299765,12.952036669160814,13.042492715800618,39872100
2010-01-14,12.904430389404297,13.054399577363935,12.892528310727524,13.028214459432798,41316000
2010-01-15,12.778265953063965,12.985364561385415,12.75922235590433,12.935375289104567,57262500
2010-01-19,12.861577987670898,12.91632780222752,12.735413002640248,12.833011919481287,43855500
2010-01-20,12.821109771728516,12.840153363044237,12.671142000906626,12.83539280574158,39925800
2010-01-21,12.597350120544434,12.871101978714748,12.578306524863937,12.871101978714748,48086100
2010-01-22,12.602107048034668,12.72827064916822,12.542595324322388,12.606867604542288,58247700
2010-01-25,12.587828636169434,12.668763574921744,12.564023120684922,12.649719979797355,36009900
2010-01-26,12.761606216430664,12.821116619762394,12.552126600070173,12.573549800427267,46752000
2010-01-27,12.711615562438965,12.799692048997452,12.64020307848721,12.740181645704322,39576300
2010-01-28,12.52355670928955,12.723515145166573,12.499751193088553,12.706851147615334,50880300
2010-01-29,12.71875,12.890142317823836,12.711608483160873,12.778261732256007,72842400
2010-02-01,12.730656623840332,12.80206908590286,12.690188472320578,12.763981894627351,33058500
2010-02-02,12.733033180236816,12.787784355931953,12.694945998059799,12.756837328571184,34163700
2010-02-03,12.918713569641113,12.97346476667848,12.768744380044856,12.790168939160209,53966700
2010-02-04,12.6092529296875,12.92585252179423,12.606871969556872,12.825872627887891,63089700
2010-02-05,12.723519325256348,12.74256156510449,12.559267066560505,12.561648027594451,46637400
2010-02-08,12.59972858428955,12.744935802318869,12.597347624511723,12.706848618504454,31517700
2010-02-09,12.675899505615234,12.763975923976854,12.573540056680171,12.666378393302782,32475000
2010-02-10,12.67352294921875,12.735412918307844,12.606869698621093,12.680663104113771,28225200
2010-02-11,12.635437965393066,12.72351579181286,12.594971173795003,12.64734004304576,34738800
2010-02-12,12.59259033203125,12.6425796034856,12.535459541496921,12.6425796034856,51115200
2010-02-16,12.749701499938965,12.7877900612143,12.592592143890576,12.673528463705347,47313600
2010-02-17,12.868720054626465,12.913947394350842,12.771121133614812,12.780643610786633,46602600
2010-02-18,12.728272438049316,12.735412592761818,12.594967302366676,12.66400014879634,88372500
2010-02-19,12.733033180236816,12.754457731000793,12.633054667548414,12.661619373128639,45271200
2010-02-22,12.813966751098633,12.835391299604218,12.697325619292494,12.74017335419873,36291600
2010-02-23,12.763981819152832,12.873482833948783,12.723515029977763,12.79492885372342,42414000
2010-02-24,12.835396766662598,12.842538285872957,12.730657663156865,12.792549013505958,31872600
2010-02-25,12.890145301818848,12.9210909738821,12.675905195469959,12.725894462811008,40530300
2010-02-26,12.87110424041748,12.911572399139104,12.735418086561726,12.906811839908809,47858700
2010-03-01,12.830633163452148,12.885382981599903,12.74493631536741,12.863958429052422,36386100
2010-03-02,12.756837844848633,12.828251654846973,12.728273138112376,12.813968620426278,42245100
2010-03-03,12.773507118225098,12.794931678710732,12.652103999684563,12.699712317956156,34893600
2010-03-04,12.844919204711914,12.87586487978624,12.794929932506811,12.859200880980865,33635400
2010-03-05,12.887764930725098,12.8949064487891,12.735414815535194,12.847296782397512,34125300
2010-03-08,12.890145301818848,12.9210909738821,12.837776436383935,12.856818669556356,22670100
2010-03-09,12.868720054626465,12.973460492990691,12.835393427682833,12.883003089331616,37753800
2010-03-10,12.838321685791016,12.931681988507666,12.814381987585712,12.847896469246704,38091000
2010-03-11,12.919713973999023,12.924502735936052,12.814383127914995,12.840715839436003,32021700
2010-03-12,12.902950286865234,12.984341387639828,12.876617589894723,12.965190459823312,31433700
2010-03-15,13.266820907592773,13.295546620905174,13.010677019053084,13.020251800229646,73121700
2010-03-16,13.40327262878418,13.470300210449219,13.309910972823465,13.376939924271301,55359000
2010-03-17,13.386519432067871,13.436790478510266,13.324279219309028,13.417639538447293,37485600
2010-03-18,13.391298294067383,13.393691303691522,13.295542294762837,13.379327766817614,28416600
2010-03-19,13.247675895690918,13.47030541003778,13.202192240319338,13.247675895690918,51552300
2010-03-22,13.314698219299316,13.391301943795073,13.1973982524967,13.240487505079901,29622300
2010-03-23,13.379334449768066,13.405668527045563,13.312306860513463,13.317094251935302,28107900
2010-03-24,13.305124282836914,13.405667715305139,13.269216794672964,13.341033140783734,26096700
2010-03-25,13.312305450439453,13.403272726733666,13.309911070090676,13.3170928413542,29379300
2010-03-26,13.288361549377441,13.39608671444309,13.2787867705792,13.312301235937793,29841900
2010-03-29,13.343424797058105,13.345817807489748,13.26921544780528,13.285971999957704,29329500
2010-03-30,13.384123802185059,13.417636913401246,13.324276612528127,13.353002332111005,20823900
2010-03-31,13.309913635253906,13.381729991947191,13.285975306283836,13.360184674004284,29900700
2010-04-01,13.283577919006348,13.369756422820481,13.206972825929999,13.345816731954224,35364300
2010-04-05,13.283577919006348,13.341030711476643,13.218943356254437,13.33384894119503,32246400
2010-04-06,13.293155670166016,13.31709399659918,13.235702864856664,13.27161035450641,28701600
2010-04-07,13.233307838439941,13.381727920691091,13.199793361199452,13.285973249848876,38805600
2010-04-08,13.257242202758789,13.33384728632766,13.204578176867464,13.235698264370392,33419100
2010-04-09,13.183032989501953,13.25724232424416,13.07770219718918,13.25724232424416,37605300
2010-04-12,13.171064376831055,13.190215306247765,13.065733580147887,13.171064376831055,35862900
2010-04-13,13.099252700805664,13.216552698806376,13.0848891561968,13.144736345545063,38553300
2010-04-14,13.080100059509277,13.14473463204061,13.008283715609707,13.07770567912559,44060700
2010-04-15,12.958011627197266,13.013071413261331,12.907740601509355,12.962799017790704,52977900
2010-04-16,12.953225135803223,13.068130736718707,12.888590564065412,12.953225135803223,57696000
2010-04-19,13.020252227783203,13.041797540812036,12.926891944223778,12.926891944223778,33946800
2010-04-20,13.051369667053223,13.123185992755825,13.017856568870158,13.044189267287196,27276900
2010-04-21,13.03940486907959,13.063343193211677,12.969981537444063,13.032223097883405,34497900
2010-04-22,13.044195175170898,13.082497050255366,12.962802663279076,13.015468083965995,32763600
2010-04-23,13.053766250610352,13.072917182712004,12.907740564558091,13.039404078871147,49787400
2010-04-26,12.936468124389648,13.09446436411793,12.929286352603553,13.05376811392436,44253000
2010-04-27,12.936468124389648,13.02743540730298,12.814380743591844,12.831138667687036,57523800
2010-04-28,12.83353328704834,12.950831908983126,12.811987971289085,12.90774264724755,44712600
2010-04-29,12.85507869720459,12.981954855860684,12.81917120329894,12.845503913409653,39960000
2010-04-30,12.840712547302246,12.962799919515321,12.840712547302246,12.883803174988845,48838200
2010-05-03,12.864653587341309,12.914924621785323,12.800019008832447,12.898166697115348,36903000
2010-05-04,12.931679725646973,13.063343248496249,12.819168505923773,12.828743287704011,56012700
2010-05-05,13.11121940612793,13.154310031874251,12.88380259485871,12.953224554406336,49829700
2010-05-06,12.742569923400879,13.113619578136818,12.335611398016825,13.01068309858448,72202500
2010-05-07,12.54387378692627,12.835925180736954,12.400241100597293,12.697081255126342,86835300
2010-05-10,12.58696174621582,12.744957958832543,12.407421591720581,12.70186733551016,81270900
2010-05-11,12.558238983154297,12.63244834666686,12.488815641424678,12.53190627486713,58869900
2010-05-12,12.636012077331543,12.655274271962128,12.551739803605127,12.64082728155398,40830300
2010-05-13,12.616743087768555,12.753986667249743,12.60711130677018,12.672121350853896,37374000
2010-05-14,12.549330711364746,12.688982646825519,12.525253314049035,12.619155990224758,55944900
2010-05-17,12.696198463439941,12.741944939577944,12.530060940308594,12.619148358692991,50836200
2010-05-18,12.932167053222656,13.110341989297462,12.809370403896844,12.83826300375785,96683100
2010-05-19,12.770841598510742,12.944201270893307,12.710646751169776,12.888821625572358,61256100
2010-05-20,12.351888656616211,12.751579355014352,12.351888656616211,12.609520563014764,81768000
2010-05-21,12.368744850158691,12.368744850158691,12.161675970626034,12.214647335667495,73645800
2010-05-24,12.279658317565918,12.409678449602165,12.255580923556408,12.289288724073499,40673400
2010-05-25,12.106295585632324,12.159265563712701,12.03887862364811,12.099072093680405,72187200
2010-05-26,12.043692588806152,12.183344471942698,12.041285676620843,12.125557913391786,57234300
2010-05-27,12.207422256469727,12.214645748740583,12.115926524692593,12.16408268058487,41941200
2010-05-28,12.173713684082031,12.262802507979021,12.15926669882951,12.2194629299618,42058500
2010-06-01,12.260391235351562,12.402450007716183,12.164080319997584,12.231497271875364,48160800
2010-06-02,12.453021049499512,12.457837631660054,12.284476495143728,12.335040963643177,40997400
2010-06-03,12.453021049499512,12.539701617757673,12.395234463241033,12.455429340579784,31527300
2010-06-04,12.135185241699219,12.448196721149253,12.091845678206402,12.37837148614975,72125700
2010-06-07,12.217056274414062,12.368745506639689,12.115928741856449,12.149637919375653,58501800
2010-06-08,12.226685523986816,12.274841684135584,12.166490668235957,12.229093814203395,60946500
2010-06-09,12.277249336242676,12.366336781260161,12.180937020950967,12.27002584370878,49592700
2010-06-10,12.332627296447754,12.443385216262783,12.294102922402553,12.33021900641732,47551500
2010-06-11,12.245945930480957,12.344665148889153,12.171305477513425,12.272431608047551,42082200
2010-06-14,12.337445259094238,12.390416629693046,12.253172999798117,12.306144370396925,41700300
2010-06-15,12.43375015258789,12.436158441982773,12.29409967796317,12.327808840791873,42932400
2010-06-16,12.274842262268066,12.41930799403776,12.260395275768957,12.400047182359566,47702100
2010-06-17,12.378373146057129,12.397635329941375,12.270023533925748,12.291692629707985,38001900
2010-06-18,12.412084579467773,12.498765121271424,12.378376781076799,12.378376781076799,76277400
2010-06-21,12.284470558166504,12.49153940328671,12.209830103641885,12.450608118890077,43965600
2010-06-22,12.202607154846191,12.392822112240156,12.183344967878465,12.296509799661242,40974600
2010-06-23,12.233907699584961,12.289285968939696,12.13518847744104,12.221869005279158,47837700
2010-06-24,12.046104431152344,12.238726349793314,12.026842239288246,12.214648954398353,44457600
2010-06-25,11.749944686889648,12.087033636639992,11.749944686889648,12.02683878768736,135999600
2010-06-28,11.935345649719238,11.983501814885706,11.800510316089886,11.812549012946368,44091600
2010-06-29,11.774020195007324,11.86070070854621,11.660855385008801,11.839030235726483,61052400
2010-06-30,11.574176788330078,11.79087741919621,11.559729804057618,11.788469129237383,55166400
2010-07-01,11.639187812805176,11.656043088445495,11.501944895094486,11.581401248624866,54343200
2010-07-02,11.55732536315918,11.663268100157438,11.51880098202173,11.663268100157438,40743900
2010-07-06,11.694565773010254,11.904041521211708,11.61992394398616,11.879964134054333,54676800
2010-07-07,11.778839111328125,11.790877806036727,11.595847645180644,11.716235970006974,48528600
2010-07-08,11.841440200805664,11.875149370714952,11.747536183039802,11.875149370714952,37950000
2010-07-09,11.901636123657227,11.930528716374706,11.8342177777492,11.858296545710834,34821600
2010-07-12,12.067768096923828,12.118331149787917,11.961825412644892,11.985902794439246,40322700
2010-07-13,12.168899536132812,12.205017002394051,12.062958183160928,12.123151664028885,39659400
2010-07-14,12.12315559387207,12.125563884983647,12.04851510230415,12.050922015674814,32124900
2010-07-15,12.137598991394043,12.144822484849149,12.017210648536793,12.1207450918258,36766800
2010-07-16,11.959423065185547,12.11833577450997,11.923305600970643,12.07499619519247,47766600
2010-07-19,11.923307418823242,11.993132689963918,11.819772968522745,11.971463585871644,35688000
2010-07-20,12.250764846801758,12.28688231704317,11.860705812378805,11.860705812378805,48851700
2010-07-21,12.12315559387207,12.27966145034264,12.065369006862447,12.27966145034264,36933300
2010-07-22,12.245945930480957,12.30132557548027,12.16167369578912,12.171305477513425,35952600
2010-07-23,12.440979957580566,12.474689137518714,12.255581534531704,12.25798844740831,39139200
2010-07-26,12.310956954956055,12.440977063225391,12.257985595625538,12.440977063225391,42336300
2010-07-27,12.270027160644531,12.35189112191454,12.197793605293123,12.231501403748702,36885600
2010-07-28,12.310956954956055,12.37355871903377,12.231499915960281,12.231499915960281,27985500
2010-07-29,12.294105529785156,12.46746524975538,12.231502375379359,12.335038202541956,28891500
2010-07-30,12.32540225982666,12.339847864978477,12.159264712049621,12.185751765844918,40654200
2010-08-02,12.378373146057129,12.448198390420014,12.267615244287693,12.41208093454951,41583000
2010-08-03,12.349480628967285,12.436161155477123,12.28687886844032,12.33984884702609,32005800
2010-08-04,12.42411994934082,12.45060562214872,12.282059805307561,12.289283295867895,24206700
2010-08-05,12.428939819335938,12.44097851554545,12.332628871919379,12.433755022271649,22317000
2010-08-06,12.469870567321777,12.469870567321777,12.306142652720983,12.380783117062462,24810900
2010-08-09,12.534878730773926,12.60229706970236,12.472276971583382,12.479500463450014,24796200
2010-08-10,12.573404312133789,12.636006070488664,12.445791127847063,12.498762482335117,26537400
2010-08-11,12.356165885925293,12.501476117662142,12.346479276226074,12.501476117662142,33918900
2010-08-12,12.213279724121094,12.298043806973476,12.111563379010745,12.244763288760904,38390700
2010-08-13,12.206009864807129,12.288352959394919,12.109138244408866,12.189057608393592,30285900
2010-08-16,12.2084379196167,12.24718714021165,12.12367382634256,12.15031408872427,28946100
2010-08-17,12.356165885925293,12.501476117662142,12.26898085550804,12.300464415702107,48946500
2010-08-18,12.31741714477539,12.428821475246572,12.259293327022746,12.351323051576381,47235000
2010-08-19,12.123671531677246,12.341636895605303,12.109141616040317,12.27866838472057,46902300
2010-08-20,12.162422180175781,12.222968352708579,12.116407310775871,12.15031322282549,35105100
2010-08-23,12.38523006439209,12.472416491697462,12.20359294447204,12.247185465234104,43973400
2010-08-24,12.423977851867676,12.5256941838832,12.25444970798774,12.271401968063298,50102400
2010-08-25,12.484524726867676,12.54264855290404,12.373121766300633,12.411869597876887,44527200
2010-08-26,12.344060897827148,12.501480135167172,12.290781755797395,12.501480135167172,35696100
2010-08-27,12.351325988769531,12.411870780546451,12.283515544823091,12.356169294955395,35805000
2010-08-30,12.242339134216309,12.411865869901385,12.237494444165751,12.35616440634812,25507500
2010-08-31,12.143047332763672,12.375542635198158,12.138204027074948,12.232654724020966,76078200
2010-09-01,12.399762153625488,12.455463634480271,12.220545982172705,12.227811633724432,40294500
2010-09-02,12.535379409790039,12.547489749399695,12.38038396931388,12.38038396931388,33618300
2010-09-03,12.603190422058105,12.615299375125776,12.484520464745566,12.559597913858319,28839300
2010-09-07,12.559599876403809,12.729128017403136,12.554756571576101,12.610458041547393,31751400
2010-09-08,12.552335739135742,12.588663994174654,12.477258269242817,12.566867041151307,26880000
2010-09-09,12.5717134475708,12.617728324782881,12.554761181558593,12.608040325789066,21869100
2010-09-10,12.586240768432617,12.61045867957753,12.525694604789201,12.56928712200627,24481200
2010-09-13,12.644366264343262,12.707333395987165,12.5959290498455,12.654054261555343,23604000
2010-09-14,12.75334644317627,12.842953822128122,12.629833157496895,12.63225550289926,33604200
2010-09-15,12.80178165435791,12.859905462920382,12.69279830074498,12.707329599330826,30594300
2010-09-16,12.872020721435547,12.903504293272176,12.726710435963247,12.75335070115922,32228100
2010-09-17,12.838109970092773,12.915608390292952,12.806626410109084,12.876859180192863,62399400
2010-09-20,12.966463088989258,12.997946640556417,12.857481137939642,12.859903482591228,27780300
2010-09-21,12.973734855651855,13.068186940678181,12.913188682834502,12.961625898244653,28275300
2010-09-22,13.034281730651855,13.077874256822465,12.944674332386159,12.961626596513224,29730000
2010-09-23,12.9931058883667,13.058495348992514,12.964043289963685,13.01248049204172,21873600
2010-09-24,13.097247123718262,13.172323208007825,13.039123301299533,13.065763559797439,29305200
2010-09-27,12.951934814453125,13.080289995805922,12.94951246949556,13.056072089353728,25986600
2010-09-28,13.034281730651855,13.075453296679411,12.847799896347036,12.964047556656277,33441900
2010-09-29,12.920454025268555,13.031858370842958,12.862330199635993,13.029436025106941,29592300
2010-09-30,12.961627006530762,13.07545371029765,12.869597259429396,12.9640479667504,32703000
2010-10-01,12.922870635986328,12.985837739365547,12.884121436094395,12.980994435824229,24688200
2010-10-04,12.973734855651855,13.005218422066848,12.869596159012307,12.91803337442246,21427500
2010-10-05,13.077866554260254,13.138411308898464,13.036695012481788,13.063335258834842,30648000
2010-10-06,13.213497161865234,13.230449426806564,13.0536569677078,13.058500274007969,31241400
2010-10-07,13.165059089660645,13.27646204453699,13.08755927312302,13.237712829158804,23309400
2010-10-08,13.177164077758789,13.22075658548545,13.082712027606716,13.162632779922957,26380800
2010-10-11,13.225600242614746,13.25708518402661,13.182007733724205,13.20380329527904,21111900
2010-10-12,13.05849838256836,13.186854988510841,13.017328206307939,13.186854988510841,45104400
2010-10-13,13.034281730651855,13.203808529266766,13.012484774675839,13.121466782993075,40840800
2010-10-14,12.896234512329102,13.046388056377829,12.818736087759582,13.046388056377829,46640700
2010-10-15,12.920454025268555,12.976156890946413,12.84053324535579,12.92287637100457,37677000
2010-10-18,13.019752502441406,13.053658421882668,12.896239170448103,12.896239170448103,27689700
2010-10-19,12.913187980651855,13.019749017290895,12.867173113537842,12.944672931136134,30675000
2010-10-20,12.949517250061035,13.039124645639152,12.896236727571978,12.905923339416509,29226900
2010-10-21,13.085137367248535,13.160213446947965,12.978576339772024,13.002795636968328,28806600
2010-10-22,13.092409133911133,13.102095748689807,13.043971902672363,13.068191211182647,17386500
2010-10-25,13.06575870513916,13.174740658458749,13.053649753190399,13.121460161259614,23889300
2010-10-26,13.213497161865234,13.254668729870378,13.036703316984983,13.03912566302581,30880800
2010-10-27,13.046388626098633,13.230446699598273,12.968890198144846,13.135996010197548,39060900
2010-10-28,13.097247123718262,13.133575378843242,12.978577133278725,13.123887382216168,24550800
2010-10-29,13.119043350219727,13.220759687373828,12.98342110542054,13.0875584022614,24098700
2010-11-01,13.152950286865234,13.198966544516997,13.082717498994095,13.089983150950614,24622500
2010-11-02,13.269198417663574,13.317635637166092,13.196544667081996,13.211074585729433,26547600
2010-11-03,13.298258781433105,13.307946778010612,13.131152966056893,13.26435287208368,27567600
2010-11-04,13.407236099243164,13.44114199676874,13.307942137192137,13.32004970357465,39740400
2010-11-05,13.368488311767578,13.494423921988904,13.295833205323769,13.429034464767566,30784200
2010-11-08,13.298258781433105,13.339430341770353,13.201385744564197,13.298258781433105,29823300
2010-11-09,13.332159996032715,13.370909197135243,13.278879498071555,13.33942564446203,30141300
2010-11-10,13.20137882232666,13.261923572509387,13.09966253339528,13.261923572509387,33710700
2010-11-11,13.160210609436035,13.20380311774043,13.068182288744728,13.20380311774043,37698300
2010-11-12,13.109354972839355,13.160213139937179,13.043965504918976,13.102089322428078,32033400
2010-11-15,13.06575870513916,13.162631706509986,13.046384104864996,13.119039202338296,34378500
2010-11-16,13.140838623046875,13.404818841912654,13.135995318000282,13.215916087284173,70665600
2010-11-17,13.022168159484863,13.184432037456231,12.971309993926592,13.162635086882224,43514100
2010-11-18,13.073025703430176,13.23528817070468,13.053651101155323,13.111774907979882,34761900
2010-11-19,13.172323226928711,13.186854528999575,13.06576357856526,13.102090447961183,30922500
2010-11-22,13.169903755187988,13.223184278280565,13.05849940302571,13.12631122983106,28505400
2010-11-23,12.99794864654541,13.140836515865828,12.971308394389307,13.12630660305597,41554200
2010-11-24,13.080292701721191,13.12146425983176,13.014904617929636,13.014904617929636,30937200
2010-11-26,13.014904022216797,13.060918883357388,12.973732465990716,13.00279506703997,12465000
2010-11-29,13.041546821594238,13.058499084992013,12.9398290838635,12.993109605658454,32362800
2010-11-30,13.099664688110352,13.18200639337124,12.980994740983826,13.019743941786684,52670700
2010-12-01,13.247400283813477,13.28372715207607,13.172322815977111,13.17958846678587,53648700
2010-12-02,13.259510040283203,13.29583691073859,13.169902651201557,13.249823429140944,47324700
2010-12-03,13.228025436401367,13.261929958517515,13.152947969930082,13.230446396106139,30290700
2010-12-06,13.196544647216797,13.305526658706576,13.191701341008276,13.290995354299548,25898700
2010-12-07,13.341856956481934,13.402403149855271,13.20865699399877,13.20865699399877,47679900
2010-12-08,13.269526481628418,13.381546946934442,13.25978490517142,13.359629444990214,37439100
2010-12-09,13.232994079589844,13.337708685338132,13.22812398927353,13.325532762824844,32198400
2010-12-10,13.218382835388184,13.247606165105049,13.18429080864525,13.2256886678174,36149700
2010-12-13,13.20134162902832,13.247610988964741,13.150202176847428,13.225693483696258,33975600
2010-12-14,13.259781837463379,13.291439515095112,13.155067230364942,13.174548985326396,32238600
2010-12-15,13.206208229064941,13.232994423222747,13.159937492800875,13.206208229064941,31650600
2010-12-16,13.303617477416992,13.303617477416992,13.150199156116022,13.172116656349836,37005900
2010-12-17,13.250040054321289,13.3328371545332,13.242734222913642,13.315791143545262,64686600
2010-12-20,13.094183921813965,13.286567089143475,13.055221812185025,13.286567089143475,40846800
2010-12-21,13.06496524810791,13.116104684459781,13.06252950601682,13.091752837329391,24875700
2010-12-22,12.98217487335205,13.064972032658453,12.945645690241978,13.050360359414423,34376400
2010-12-23,13.052791595458984,13.074709097756607,12.940771128346759,12.948076962445967,27185100
2010-12-27,13.045483589172363,13.084447102250122,12.962686472243414,13.043047847063075,17628600
2010-12-28,13.086883544921875,13.13315289335923,13.030872620971026,13.06009595406629,20367300
2010-12-29,13.169681549072266,13.213515158208192,13.04548516198271,13.04548516198271,22886100
2010-12-30,13.167238235473633,13.196461553724308,13.111228733419182,13.150192228790411,18911400
2010-12-31,13.133153915405273,13.21107955835145,13.09906048862266,13.14289409823155,21281700
2011-01-03,13.286571502685547,13.345016776710525,13.186726970350907,13.206210121804482,42894900
2011-01-04,13.337711334228516,13.364498926455813,13.218385040387888,13.298747817069776,36463200
2011-01-05,13.250040054321289,13.410764164954966,13.228122560098345,13.3328371545332,42646800
2011-01-06,13.140460014343262,13.242738903309151,13.096625010404722,13.225691492851269,46756500
2011-01-07,13.169681549072266,13.186727565556984,13.091754513521588,13.123412197533387,23905800
2011-01-10,13.084443092346191,13.17698175590743,13.03817376056557,13.064961341777757,31437900
2011-01-11,13.220819473266602,13.27682900109272,13.084447176718307,13.138022355866426,36070200
2011-01-12,13.357195854187012,13.471652080406049,13.23299944338731,13.276833060891448,40659900
2011-01-13,13.342581748962402,13.48138980474738,13.318229898509173,13.320665640932626,38596800
2011-01-14,13.34744644165039,13.391280028849524,13.25247204370022,13.327964692512484,27856800
2011-01-18,13.427815437316895,13.491132203177413,13.332842378694231,13.420510996492036,31602600
2011-01-19,13.401029586791992,13.43025292767613,13.323103929140657,13.403465329680866,29685000
2011-01-20,13.634809494018555,13.70299495380581,13.422944493959427,13.422944493959427,58837500
2011-01-21,13.571493148803711,13.695689527688318,13.486258891675126,13.673772027845663,38876400
2011-01-24,13.649418830871582,13.649418830871582,13.466777178581493,13.488694678496584,33222600
2011-01-25,13.94408130645752,13.951387139955548,13.58853956804011,13.666466600758735,61443300
2011-01-26,13.958696365356445,14.06341101519796,13.880769313701883,13.97574238536378,39633600
2011-01-27,14.019577026367188,14.073150827879164,13.885639038973338,13.992789428888416,30519600
2011-01-28,13.80771255493164,14.099939002879994,13.759007450217439,14.048799548669734,43794600
2011-01-31,13.654289245605469,13.773614131051678,13.56418629764472,13.74682793562547,47065500
2011-02-01,13.717608451843262,13.778489479392833,13.615329551792025,13.727350029367214,38554800
2011-02-02,13.603153228759766,13.681080272899639,13.552012386778193,13.676208787556797,42115800
2011-02-03,13.617768287658691,13.646991636198504,13.488701749648415,13.617768287658691,33850800
2011-02-04,13.644542694091797,13.661590095398452,13.556875520166097,13.646978435262634,21318000
2011-02-07,13.654289245605469,13.695688499942078,13.595843977189434,13.654289245605469,20162100
2011-02-08,13.729784965515137,13.751702470796722,13.625070318245726,13.661599493715036,26458200
2011-02-09,13.815014839172363,13.815014839172363,13.661596515977644,13.700558638909955,25743900
2011-02-10,13.537400245666504,13.67620690301003,13.466777652381579,13.673772554119521,47286000
2011-02-11,13.561749458312988,13.608018799579366,13.469210775780233,13.522785949188144,28747500
2011-02-14,13.345014572143555,13.469210933110324,13.31335689479046,13.45703501054721,48821700
2011-02-15,13.381547927856445,13.405899780615998,13.274397546201683,13.340148663408842,33992100
2011-02-16,13.284139633178711,13.442429485685293,13.254917684369635,13.369372523494128,46191300
2011-02-17,13.332841873168945,13.369369649689897,13.235433075667721,13.276830943702395,25617000
2011-02-18,13.486254692077637,13.532524026151568,13.271956818648036,13.315790411238419,59923800
2011-02-22,13.06983470916748,13.15263182148889,12.894498910074752,13.103928129574555,86089800
2011-02-23,12.913980484008789,13.05278851221466,12.882322806020442,13.018695092286807,60355800
2011-02-24,12.68507194519043,12.948076387297858,12.633932502212943,12.938334811116507,70616100
2011-02-25,12.60227108001709,12.7045499356337,12.54626016884045,12.685068182495066,60968400
2011-02-28,12.658284187316895,12.767868893553281,12.585227252010922,12.602273266422754,53704500
2011-03-01,12.680196762084961,12.80926318890534,12.650974832165607,12.702114254608041,52932000
2011-03-02,12.65584945678711,12.75325824716587,12.594968440258414,12.728905004487242,33432600
2011-03-03,12.665586471557617,12.728901821107922,12.590095200435707,12.709421461349278,37542000
2011-03-04,12.680196762084961,12.78247700041458,12.597399668294582,12.7605595078915,47178000
2011-03-07,12.668024063110352,12.733775163954306,12.602272962266396,12.726469331255522,39093600
2011-03-08,12.770307540893555,12.794659396377702,12.665592890176994,12.687510396180091,35746500
2011-03-09,12.916215896606445,12.957903922687793,12.805863093243309,12.81812295671474,34149000
2011-03-10,12.911309242248535,13.212940868991506,12.815670527783753,12.837741647988818,54933900
2011-03-11,12.896598815917969,12.984880505720495,12.786244598846574,12.908860083767644,43617900
2011-03-14,12.8303861618042,12.879431230583842,12.766625607893744,12.837743202763562,30649200
2011-03-15,12.766624450683594,12.837742039107072,12.599869548093533,12.695508265472071,41569800
2011-03-16,12.599870681762695,12.720033345331803,12.499326326334744,12.634201668600655,49214400
2011-03-17,12.597417831420898,12.720033309365483,12.516491784362923,12.688153734127757,32648100
2011-03-18,12.634203910827637,12.724939829894206,12.567991933698904,12.661179264710626,35415600
2011-03-21,12.732295036315918,12.751911941897943,12.673440109933452,12.685701377528282,26150100
2011-03-22,12.751911163330078,12.786243552426718,12.700413281291139,12.74455552579198,25284000
2011-03-23,12.663625717163086,12.722480622460674,12.599866587226941,12.715123583897022,40587000
2011-03-24,12.896598815917969,12.984880505720495,12.69551009418925,12.710224176893725,45207900
2011-03-25,12.83774185180664,12.916215076165749,12.820574956970626,12.889239729890813,22837800
2011-03-28,12.798503875732422,12.874524277524586,12.754361639325564,12.827930630125206,25064100
2011-03-29,12.815672874450684,12.845099636900498,12.761722172878493,12.764174987754382,26129100
2011-03-30,12.840192794799805,12.933380096130842,12.771529427595594,12.881882219924712,25660200
2011-03-31,12.76417350769043,12.830385469540147,12.724936893498896,12.788696040757138,32699100
2011-04-01,12.783795356750488,12.840197479073467,12.732297461757245,12.81322352715371,23879700
2011-04-04,12.911309242248535,12.955451482658663,12.766624061732028,12.827931793493706,27660300
2011-04-05,12.933384895324707,13.043737728602474,12.91621939795702,12.92357644060386,26605200
2011-04-06,12.99223518371582,13.048638689418818,12.916214775591488,12.916214775591488,25095300
2011-04-07,12.997146606445312,13.056001549581584,12.93583744459447,12.960361389977313,36501300
2011-04-08,12.884332656860352,13.03392345183894,12.818120705827017,12.99959106922688,29199900
2011-04-11,12.952998161315918,12.977520691776135,12.850002410813524,12.884333392173081,22400100
2011-04-12,13.124663352966309,13.181066876957079,12.916218963430506,12.921123190625941,40248900
2011-04-13,13.15163516998291,13.232561211396657,13.119754193756659,13.173706291244473,25788900
2011-04-14,13.119754791259766,13.178611117304381,13.05109141622779,13.114851968372108,22244400
2011-04-15,13.132014274597168,13.166346655387782,13.070706551986195,13.132014274597168,26143800
2011-04-18,13.073162078857422,13.156539532469099,12.975070544251924,13.016758569451763,28522200
2011-04-19,13.082975387573242,13.112403560485664,13.021669032693223,13.060904257888925,18443400
2011-04-20,13.166350364685059,13.230109516107563,13.154087694138793,13.181064446770899,22202400
2011-04-21,13.139375686645508,13.225205965582425,13.10013906788647,13.198230614784064,17559900
2011-04-25,13.08787727355957,13.158993466798666,13.053544882723145,13.144279384552753,17441400
2011-04-26,13.22029972076416,13.298774357843437,13.06580606779271,13.092781417336063,35973600
2011-04-27,13.345361709594727,13.391955350486505,13.212937825292997,13.212937825292997,29148300
2011-04-28,13.411579132080078,13.43855448273563,13.311034770837766,13.313487585701784,29473800
2011-04-29,13.482696533203125,13.526837377622702,13.32329724647247,13.342915555460298,29445600
2011-05-02,13.497407913208008,13.507217768363649,13.40667341827537,13.507217768363649,24530100
2011-05-03,13.600400924682617,13.676421315273165,13.47778549034669,13.507213643615017,33367800
2011-05-04,13.578333854675293,13.681329615373402,13.536644426196535,13.56361977365785,24491400
2011-05-05,13.50476360321045,13.634734699343706,13.46062276745445,13.524381908347769,33390300
2011-05-06,13.492497444152832,13.622468493145403,13.453260848109364,13.561160785623223,24127800
2011-05-09,13.512118339538574,13.575877469562457,13.414026830574285,13.480238774526635,19639500
2011-05-10,13.617572784423828,13.634738279722061,13.512124191219257,13.524385459748313,26265300
2011-05-11,13.618806838989258,13.727422181695005,13.586716327507101,13.6039968115721,28266600
2011-05-12,13.754568099975586,13.781721920021758,13.554618013724234,13.63607947386275,26850000
2011-05-13,13.754568099975586,13.831091474654187,13.660764251178964,13.766910488633693,26857500
2011-05-16,13.838505744934082,13.939715371989761,13.695332252999094,13.727422765846818,42520500
2011-05-17,13.710143089294434,13.89528186951985,13.636088707201706,13.715081178098055,43771500
2011-05-18,13.621278762817383,13.710144596094086,13.564503447807098,13.70027124239532,34248300
2011-05-19,13.695328712463379,13.724950173397067,13.586713393215039,13.6336153344817,23075400
2011-05-20,13.648429870605469,13.74717045030125,13.621276034627046,13.712610894283559,26396700
2011-05-23,13.631147384643555,13.700265066870319,13.574370682728956,13.574370682728956,22018200
2011-05-24,13.522533416748047,13.653364488563366,13.480568147016303,13.636085419407241,36721800
2011-05-25,13.468226432800293,13.502785985353428,13.37936062623112,13.485505502828596,30593400
2011-05-26,13.483036041259766,13.502784152538664,13.376889766573639,13.460818886384878,17315100
2011-05-27,13.502784729003906,13.59905624591247,13.483036616881915,13.515127122518102,15946500
2011-05-31,13.631147384643555,13.631147384643555,13.529937786119156,13.547216853551769,26703300
2011-06-01,13.404043197631836,13.618803371718759,13.39169939251522,13.571902844760055,33544800
2011-06-02,13.218903541564941,13.38182509004079,13.12016299514076,13.38182509004079,44354700
2011-06-03,13.246062278747559,13.29296423224776,13.093014021930594,13.120167858825274,39862200
2011-06-06,13.270745277404785,13.376891566372404,13.206562847740662,13.29543006670055,33726900
2011-06-07,13.288023948669434,13.404044997371749,13.273212510537821,13.31517778107856,29724900
2011-06-08,13.253463745117188,13.310239032448818,13.189281327377122,13.233715634850151,34981800
2011-06-09,13.236180305480957,13.386760848523197,13.233712675059643,13.263334127587068,34022400
2011-06-10,13.014020919799805,13.290494538771913,13.006615199872398,13.248529263348832,43756200
2011-06-13,12.989336013793945,13.144851893407708,12.979461249812294,13.060922755798533,37635300
2011-06-14,13.060918807983398,13.147315551101086,13.026359263238598,13.048576416109444,26392200
2011-06-15,12.915276527404785,12.994268966639885,12.78444406398745,12.994268966639885,45972000
2011-06-16,13.041172981262207,13.075732532056442,12.885655708936378,12.949838135410372,35231100
2011-06-17,13.038702011108398,13.15472162788823,13.038702011108398,13.097946341218657,61692900
2011-06-20,13.093012809753418,13.206563410349881,13.00908367507446,13.00908367507446,45594300
2011-06-21,13.154726028442383,13.154726028442383,13.021425887978317,13.107825487350016,32673000
2011-06-22,13.085604667663574,13.15472235034,13.041171770764706,13.107821822361172,31747500
2011-06-23,13.154726028442383,13.25593565592375,13.001679183832092,13.172006513315411,54463200
2011-06-24,12.937493324279785,13.186814466903062,12.922683300086364,13.130037763757732,62301300
2011-06-27,12.90787410736084,13.023893752441937,12.902936019274891,12.915279826993167,30501000
2011-06-28,12.967118263244629,12.967118263244629,12.87084532192177,12.944901104670913,32963100
2011-06-29,12.994270324707031,13.031297504782211,12.94243170760323,12.989333649862951,26600400
2011-06-30,13.11769962310791,13.122636299439396,12.972057077603036,12.999210916171418,29952900
2011-07-01,13.209036827087402,13.24359639251221,13.083143789641776,13.13004434182902,28439400
2011-07-05,13.179398536682129,13.221362358126251,13.088062356196707,13.16705615316943,27637500
2011-07-06,13.260869026184082,13.317644311645397,13.189280892890134,13.189280892890134,24234600
2011-07-07,13.450949668884277,13.529942138264946,13.376893875715707,13.470697786229445,38460900
2011-07-08,13.349736213684082,13.408980548748653,13.273211398082115,13.391700068211259,27399900
2011-07-11,13.29789924621582,13.34973786926409,13.255933973987917,13.285556851442093,22645200
2011-07-12,13.315178871154785,13.433667560915048,13.270745965618836,13.295430756194742,28457100
2011-07-13,13.33492374420166,13.396637118134606,13.290490849467991,13.347266136488997,30460200
2011-07-14,13.238651275634766,13.255930341083195,13.176937906182685,13.211497449575695,46566300
2011-07-15,13.238651275634766,13.32258038459252,13.196686014907812,13.263336058417137,30550500
2011-07-18,13.162128448486328,13.21643610876156,13.127570312398786,13.184345603825204,24658200
2011-07-19,13.322588920593262,13.337400364751081,13.167072994427341,13.181883026088101,25756200
2011-07-20,13.302834510803223,13.32258262284612,13.231247781209762,13.307771185689848,26573700
2011-07-21,13.446011543273926,13.500317800746675,13.307773324262225,13.329990483566952,31831800
2011-07-22,13.45835018157959,13.507721167267835,13.391700127773461,13.4731616185357,20407500
2011-07-25,13.322588920593262,13.428735249562532,13.31765224337301,13.337400364751081,24532800
2011-07-26,13.228778839111328,13.35220559969962,13.209030726916769,13.3373941624296,32794200
2011-07-27,13.14484691619873,13.268273650503161,13.125098808209554,13.191748849235038,36600300
2011-07-28,13.080667495727539,13.218904268321452,13.075730821258967,13.159659937209776,26725800
2011-07-29,13.011549949645996,13.12016527584148,13.001676599535374,13.028829018587805,39579600
2011-08-01,12.989336013793945,13.0806708712652,12.853566837150213,13.031299876350214,32064000
2011-08-02,12.757292747497559,12.972052930475444,12.75482370387276,12.895529528062902,45718800
2011-08-03,12.658549308776855,12.848626095935312,12.591899263603718,12.777037964085505,64366200
2011-08-04,12.367266654968262,12.586964915654509,12.35986093691184,12.586964915654509,78213600
2011-08-05,12.55240535736084,12.569684424479096,12.241372261758205,12.488222938429553,81896700
2011-08-08,12.075982093811035,12.670894477771427,12.038953502228564,12.540062004175153,99128700
2011-08-09,12.545001029968262,12.567216774083526,12.014269615047743,12.179660236499966,71966700
2011-08-10,12.036539077758789,12.446790290503214,12.0116742900812,12.436844090889206,81008700
2011-08-11,12.364742279052734,12.531327981033035,12.145940090317964,12.145940090317964,64798500
2011-08-12,12.369710922241211,12.508949169909998,12.252851977672824,12.45673553839158,45481200
2011-08-15,12.426897048950195,12.451760409381096,12.255337585633603,12.402033688519293,44489100
2011-08-16,12.909256935119629,13.048493774741814,12.710347164230791,12.789911072586326,76786500
2011-08-17,12.817258834838867,12.973901155333904,12.72029086326749,12.859527691088198,46540200
2011-08-18,12.876932144165039,12.916715518869383,12.508949799619412,12.558676528248895,75137100
2011-08-19,13.00373649597168,13.11313756858666,12.799854360215727,12.802341265580518,69107100
2011-08-22,12.976386070251465,13.088272611890808,12.94903580542847,12.988817750131995,41313900
2011-08-23,13.229994773864746,13.229994773864746,12.961465967209847,12.968925258807415,51510000
2011-08-24,13.269781112670898,13.282212795216324,13.13054285364644,13.182756489423177,34187100
2011-08-25,13.10319709777832,13.299620004691873,13.06590061862592,13.272269727551848,32912400
2011-08-26,13.152920722961426,13.23745844053123,12.916715909400182,13.125570452302357,31380600
2011-08-29,13.225022315979004,13.287182137168823,13.177782502223613,13.205131343924005,25431000
2011-08-30,13.133024215698242,13.21010118403109,13.03108247005527,13.142970411165145,40452600
2011-08-31,13.225022315979004,13.272263552448939,13.142972945448731,13.177782502223613,39690600
2011-09-01,13.09075927734375,13.314533803561108,13.09075927734375,13.227510613817918,37477800
2011-09-02,12.936606407165527,13.08827635965289,12.921689240666176,12.991308375189716,32428500
2011-09-06,12.849580764770508,12.87692960649817,12.648184138994909,12.799852623226162,51343200
2011-09-07,13.033570289611816,13.068379842118349,12.891846597580178,12.941574732977276,31210500
2011-09-08,12.98136043548584,13.11562345228047,12.944063967447235,12.949037778328904,34807500
2011-09-09,12.770015716552734,12.9738978061222,12.730233776016526,12.904278698826626,36083400
2011-09-12,12.88438892364502,12.88687582867711,12.635752483588748,12.643211775970473,33687900
2011-09-13,12.827205657958984,12.879419293092669,12.735210070083939,12.876932387528262,32312400
2011-09-14,12.978873252868652,13.125569371019836,12.824717841269049,12.857041920450456,37522800
2011-09-15,13.055950164794922,13.055950164794922,12.9142278583149,12.983846981583651,32997600
2011-09-16,13.09075927734375,13.215078932813848,13.06589591533561,13.11562263935189,107053800
2011-09-19,13.04102897644043,13.083297818432548,12.93908722836701,12.973896779259677,27086700
2011-09-20,13.001250267028809,13.157891150865465,12.971413095222974,13.038545309071443,25263600
2011-09-21,12.760072708129883,13.075842829226831,12.752613414576357,13.018655386221397,31421700
2011-09-22,12.50148868560791,12.737694880351622,12.416952405617085,12.593484258350074,63960900
2011-09-23,12.630783081054688,12.670566461877872,12.439332585498647,12.476629060421931,38109000
2011-09-26,12.88687801361084,12.891850401803529,12.630780815037738,12.665590377816136,34081800
2011-09-27,12.936606407165527,13.142976904962104,12.879420378797242,13.018657225129349,34477500
2011-09-28,12.757583618164062,13.033571741526606,12.752611230884751,12.958980241478795,34380600
2011-09-29,12.911741256713867,13.028601625796881,12.760072747892298,12.881905505121567,31033200
2011-09-30,12.904281616210938,13.075842518434731,12.857041796019383,12.891849934822135,40857900
2011-10-03,12.91919994354248,13.15789163592987,12.891849675950422,12.899308969176866,46500600
2011-10-04,13.14794921875,13.172812585488648,12.837151443657042,12.864503138870507,56092500
2011-10-05,13.09075927734375,13.239942294821988,12.961468656729659,13.103192381062517,40813500
2011-10-06,13.11562442779541,13.152920898608055,13.01119715494978,13.113138944884492,30063600
2011-10-07,13.35183048248291,13.433881294420543,13.152920716617318,13.19767505825836,41738700
2011-10-10,13.627813339233398,13.71980889210887,13.473657975330084,13.473657975330084,36565200
2011-10-11,13.605435371398926,13.62283943546308,13.523384592137273,13.620353953576373,30640500
2011-10-12,13.724782943725586,14.02066202976564,13.675054804327418,13.687487906212823,66291900
2011-10-13,13.680027961730957,13.75213255111213,13.605436467548413,13.685000348619281,31503300
2011-10-14,13.789430618286133,13.791916100663054,13.583060177128914,13.744674862926587,32118000
2011-10-17,13.620359420776367,13.789433433653544,13.545767902662469,13.622844903660743,26910600
2011-10-18,13.896343231201172,13.970934733442398,13.627815814933156,13.660138467270954,42211200
2011-10-19,13.98585319519043,14.030607527054963,13.849103294548694,13.851588776882272,38955600
2011-10-20,14.015692710876465,14.142496435264805,13.93612738587851,13.97342385427049,37937400
2011-10-21,14.152441024780273,14.276759252279682,14.085308812024786,14.107686690514827,43495800
2011-10-24,14.117632865905762,14.17233340360761,14.072878527201874,14.1424962293285,27838500
2011-10-25,14.10023021697998,14.209629880693468,14.060448262408725,14.087798534015828,30312900
2011-10-26,14.264327049255371,14.28173253945933,14.07287661601389,14.197194838959142,38174100
2011-10-27,14.373730659484863,14.411025706169644,14.284220555640621,14.371243753953276,45976500
2011-10-28,14.209625244140625,14.388645404012513,14.162385433377006,14.383671594277853,33878400
2011-10-31,14.102718353271484,14.244440689601538,14.0679087843054,14.0679087843054,28442700
2011-11-01,13.980879783630371,14.107684900219489,13.844128470291883,13.878938024842995,41364300
2011-11-02,14.137523651123047,14.219574456572735,14.057959751068111,14.115145770714562,26760900
2011-11-03,14.276762008666992,14.304112280085961,14.072879848570478,14.184766417193137,28726800
2011-11-04,14.296655654907227,14.296655654907227,14.147472601928026,14.192226948735772,21018300
2011-11-07,14.406055450439453,14.411027839523882,14.184767774959258,14.256872396186164,25560300
2011-11-08,14.749175071716309,14.769066051562461,14.38367813920385,14.42594700489509,60312900
2011-11-09,14.433403015136719,14.652203743645398,14.321516456806854,14.552748867050544,41840400
2011-11-10,14.453286170959473,14.542796222825631,14.29913083995965,14.503012870996443,28230000
2011-11-11,14.719334602355957,14.731766282941635,14.515451057149841,14.54777371121553,25193700
2011-11-14,14.642251968383789,14.664629840613454,14.510474484920097,14.622361000639945,31656300
2011-11-15,14.286707878112793,14.43340400903115,14.229521853650924,14.413513032342474,48017700
2011-11-16,14.092765808105469,14.276756925544648,14.082819611714873,14.1971930452775,35342400
2011-11-17,14.105199813842773,14.219573266276427,13.988339456222544,14.057958574300294,30671400
2011-11-18,14.229522705078125,14.261845366291901,14.075367270838223,14.179794549023496,26946900
2011-11-21,14.087798118591309,14.24443902657846,14.0181789887871,14.154930342790053,29796600
2011-11-22,14.13503646850586,14.204654161324044,14.048011862732606,14.062930447877426,22491900
2011-11-23,14.082822799682617,14.172332896603011,14.003258901404369,14.085309705021835,24781200
2011-11-25,14.144987106323242,14.254388212444095,14.09526036551571,14.09526036551571,12776400
2011-11-28,14.234496116638184,14.420974244128773,14.172337689284792,14.304115262532232,27864300
2011-11-29,14.463236808776855,14.49555946145511,14.25686778994068,14.25686778994068,32451600
2011-11-30,14.644747734069824,14.66961252583042,14.498051580357217,14.609938163777064,44535600
2011-12-01,14.572638511657715,14.706902938479004,14.535343469858313,14.580097804560525,26361900
2011-12-02,14.443343162536621,14.66214524363688,14.4309114847858,14.639767370056811,33597300
2011-12-05,14.505507469177246,14.5477749020856,14.420969757931012,14.485616494068973,31545600
2011-12-06,14.614908218383789,14.672095665311145,14.520427146560754,14.56269458264307,34204800
2011-12-07,14.638672828674316,14.81130568683215,14.57612604027328,14.598643743060187,47263800
2011-12-08,14.506077766418457,14.64868563266431,14.478556598503202,14.60865510326115,31050900
2011-12-09,14.591144561767578,14.633677542751304,14.378482520058705,14.551114026114028,30176700
2011-12-12,14.533592224121094,14.62115915433674,14.451028750362422,14.478551339886117,30111300
2011-12-13,14.411005020141602,14.598648307218422,14.365969600487803,14.543605970933559,32916300
2011-12-14,14.42351245880127,14.541101587365068,14.390986405074985,14.441025276373171,26952600
2011-12-15,14.498568534851074,14.611154194001235,14.468544928888722,14.468544928888722,25672200
2011-12-16,14.578630447387695,14.633674210884791,14.53359646293223,14.586136350064365,44741700
2011-12-19,14.456032752990723,14.65368287117438,14.413499796701254,14.586131202528309,21706200
2011-12-20,14.808809280395508,14.828824547165164,14.571128524357643,14.603653153907734,33202200
2011-12-21,14.858843803405762,14.926395487883688,14.801299033574143,14.808804935361065,25723500
2011-12-22,14.808809280395508,14.896376251463353,14.773782205647409,14.863851621913263,23705100
2011-12-23,15.008963584899902,15.0114645985273,14.79630011991056,14.841334112856792,18571800
2011-12-27,14.968928337097168,15.006457849327598,14.92639679870869,14.998951946881512,14599200
2011-12-28,14.943912506103516,14.996452401780262,14.918893780848833,14.953919423563473,15725100
2011-12-29,15.008963584899902,15.008963584899902,14.846339003321237,14.941411879678142,18996600
2011-12-30,14.951414108276367,14.996448087098866,14.933901291957723,14.983938728070637,13995900
2012-01-03,15.094018936157227,15.276657242147078,14.97893086271998,15.00394957341383,38006400
2012-01-04,14.938899993896484,15.099022029054755,14.878854230712133,15.063994975962903,28779900
2012-01-05,14.866353988647461,14.916391439505103,14.603653076830444,14.848839735563448,38304600
2012-01-06,14.761270523071289,14.873856191087702,14.728744470182502,14.866350289006014,24208200
2012-01-09,14.806303024291992,14.898873421374383,14.741252356619682,14.768773517634065,20037900
2012-01-10,14.771278381347656,14.938906387597555,14.756266576225688,14.86885225143139,20721900
2012-01-11,14.861346244812012,14.89387086794552,14.771278277919915,14.776281735724027,19096800
2012-01-12,14.886367797851562,15.011464287987993,14.861349072466195,14.958924392036801,21709200
2012-01-13,14.89637565612793,14.913889908604423,14.763774698028971,14.806307675066458,23187900
2012-01-17,14.973934173583984,15.038983423425163,14.891370673059303,14.978937631663014,25500000
2012-01-18,15.013960838317871,15.018965727190961,14.923892881063402,14.958919945153193,17734200
2012-01-19,15.16407585144043,15.194099457949118,14.94891287508036,14.99394685323904,27703800
2012-01-20,15.26415729522705,15.32420452847016,15.17909276747404,15.199108034686798,31136400
2012-01-23,15.239134788513184,15.256649037732348,15.139058477276818,15.214116068605213,21402300
2012-01-24,15.359225273132324,15.511842889602153,15.199103186505702,15.199103186505702,22088400
2012-01-25,15.379243850708008,15.41427092261275,15.271661621603599,15.306688693508342,17747400
2012-01-26,15.254145622253418,15.471811048487572,15.204106754017705,15.461804133803064,22308600
2012-01-27,15.189093589782715,15.291670888661915,15.146560631181403,15.226621660357427,18861900
2012-01-30,15.336703300476074,15.341708187993852,15.099022681124952,15.129046279815693,22910700
2012-01-31,15.351720809936523,15.404260695583696,15.156571640672368,15.394253780034003,29284500
2012-02-01,15.556870460510254,15.669456077343735,15.459295209411792,15.459295209411792,36391800
2012-02-02,15.496831893920898,15.629432824870435,15.466808285311103,15.611918575979903,18633900
2012-02-03,15.519351959228516,15.619428293029772,15.43678987859548,15.591907122283827,23181600
2012-02-06,15.481817245483398,15.50683596032579,15.43678327244626,15.474311344709845,16441800
2012-02-07,15.434284210205078,15.486824095528057,15.416771392298921,15.416771392298921,18253200
2012-02-08,15.416769981384277,15.516844853523086,15.31919469048194,15.489325122647537,21780000
2012-02-09,15.501835823059082,15.551873263458292,15.406762968375185,15.406762968375185,19359300
2012-02-10,15.486824989318848,15.489327434137511,15.356725059235563,15.431782656144975,16503000
2012-02-13,15.45930290222168,15.531858049992197,15.444292529017247,15.514345232118107,12525000
2012-02-14,15.56688117980957,15.57188606788293,15.459298991898542,15.48932259392215,15519300
2012-02-15,15.45179271697998,15.621923117248329,15.409261190615972,15.591899515952225,17501100
2012-02-16,15.521848678588867,15.55937675306885,15.436784184138341,15.454296999241478,21769200
2012-02-17,15.631933212280273,15.654449484170007,15.489323953360158,15.591901262200635,24575400
2012-02-21,15.028973579406738,15.136557222824944,14.928897269766559,15.094024254376198,71684400
2012-02-22,14.661192893981934,14.986441972495196,14.60364955305954,14.90638092515737,85890600
2012-02-23,14.646177291870117,14.736246662571912,14.563615252964558,14.65868807992643,44640900
2012-02-24,14.708733558654785,14.748764093859977,14.63617839254598,14.698725209051053,29777700
2012-02-27,14.626173973083496,14.706233625565318,14.5836409853104,14.686219786148694,36776400
2012-02-28,14.743752479553223,14.786285436534035,14.59864222760139,14.621158496446702,32285700
2012-02-29,14.781281471252441,14.843829688668546,14.691213527041581,14.721235697910481,34453200
2012-03-01,14.716232299804688,14.866347449557782,14.671198327520427,14.851335648261639,48851700
2012-03-02,14.76377010345459,14.831321784030578,14.711230225585334,14.758766646420447,29544300
2012-03-05,14.861346244812012,14.908882672962378,14.698721697539947,14.751263015098946,28953000
2012-03-06,14.753769874572754,14.816316694851334,14.698726095838692,14.771282697929767,27171300
2012-03-07,14.976434707641602,14.976434707641602,14.78879143543806,14.78879143543806,44750700
2012-03-08,15.054000854492188,15.099337684449921,14.973405408445831,15.071632324315537,23386800
2012-03-09,15.132086753845215,15.162311320660876,15.0691198671037,15.0691198671037,18878700
2012-03-12,15.283201217651367,15.338610501605908,15.134600513602866,15.154749737182557,22730400
2012-03-13,15.363801956176758,15.383952627874754,15.242906573108664,15.34617191992432,26203800
2012-03-14,15.383955955505371,15.40158599557128,15.285727534773567,15.323508250896168,19125000
2012-03-15,15.421731948852539,15.42928809046919,15.308392706976097,15.336098079174928,20265000
2012-03-16,15.323502540588379,15.482177165612283,15.305871065905887,15.467064884794837,36231300
2012-03-19,15.298318862915039,15.33357893566058,15.22779583505065,15.258018960430633,24755700
2012-03-20,15.26305866241455,15.32854330736188,15.184979486189553,15.195054822974333,23734500
2012-03-21,15.252985000610352,15.293283469801212,15.205130388297837,15.225279622893266,21908400
2012-03-22,15.27564811706543,15.305871237853426,15.169865032527783,15.169865032527783,17132400
2012-03-23,15.300834655761719,15.32602083054946,15.215200796771514,15.265573146346997,20873100
2012-03-26,15.41417407989502,15.444398642974598,15.303352603518551,15.338614113382562,18644400
2012-03-27,15.386467933654785,15.48973326404559,15.368837900206488,15.451954003290778,22054800
2012-03-28,15.411656379699707,15.484697152476008,15.358764835316403,15.401581044909962,21372000
2012-03-29,15.318465232849121,15.351208990657575,15.268092881488155,15.305872145008879,20075100
2012-03-30,15.41417407989502,15.469584818083252,15.343652501353485,15.381431764016469,20824200
2012-04-02,15.454474449157715,15.487218210275058,15.356247489365698,15.383952861888575,19397700
2012-04-03,15.27564811706543,15.467065058553244,15.172382785234694,15.399061235297204,33540300
2012-04-04,15.177428245544434,15.26054439641132,15.11698052887413,15.245432106946932,32555100
2012-04-05,15.280683517456055,15.28572046354664,15.129563605248158,15.162307357802693,19586100
2012-04-09,15.144679069519043,15.197570617558616,15.132085981051201,15.167347493473116,20495100
2012-04-10,15.094313621520996,15.210170664906101,14.998604375953079,15.119499809979736,28659300
2012-04-11,15.061566352844238,15.18498095355971,15.026306273657179,15.18498095355971,23243100
2012-04-12,15.14720344543457,15.16231573324042,15.001120398623156,15.061568108659474,22103100
2012-04-13,15.054000854492188,15.164822295029724,15.048965350522694,15.111930767931728,20077800
2012-04-16,15.258021354675293,15.315951302622668,15.07919744505099,15.096827484190214,20533800
2012-04-17,15.582925796508789,15.603075027094848,15.386470437998042,15.391508826534547,32029200
2012-04-18,15.630781173706055,15.678635778867173,15.502329642207625,15.502329642207625,23871900
2012-04-19,15.552701950073242,15.628261928565797,15.48218036035045,15.605594943848732,19138800
2012-04-20,15.729002952575684,15.739076843530858,15.530028473756786,15.540103805898076,26993100
2012-04-23,14.996076583862305,15.172382684377357,14.892811252718019,14.897849640471225,114021900
2012-04-24,14.550277709960938,14.94822540337446,14.520054582469493,14.925556976865808,90271800
2012-04-25,14.447010040283203,14.716506129120635,14.401673199053189,14.585535434211229,84035400
2012-04-26,14.847478866577148,14.968374255850676,14.499904982712442,14.504941930302158,75278700
2012-04-27,14.867631912231445,14.975934239720953,14.84496492166942,14.905412631813302,27083700
2012-04-30,14.83740520477295,14.85755443663546,14.741695993129332,14.814736778482594,22447800
2012-05-01,14.877704620361328,14.928076982647019,14.729103845719605,14.847480050040446,29747100
2012-05-02,14.862585067749023,14.940662767588433,14.814730482265274,14.849991983335322,22043100
2012-05-03,14.857548713684082,14.910440246801642,14.812211878566583,14.910440246801642,20675700
2012-05-04,14.784509658813477,14.905405017341476,14.779471271318377,14.824808111656143,20833500
2012-05-07,14.907925605773926,14.950743260509162,14.746731763740039,14.746731763740039,25974600
2012-05-08,14.872672080993652,14.95327048648852,14.766888925636957,14.875191276573537,30819900
2012-05-09,14.968517303466797,15.02176922020725,14.77579995022119,14.829051866961644,33472800
2012-05-10,15.009086608886719,15.115588972836967,14.983729525026899,15.049658523448874,23222100
2012-05-11,15.067413330078125,15.125734927420838,14.912731598362303,14.981196902310886,22420800
2012-05-14,14.978657722473145,15.100373460666681,14.940620647433883,14.98372884882303,18603000
2012-05-15,15.049662590026855,15.125735313128082,14.948232776214056,14.948232776214056,31684200
2012-05-16,15.009086608886719,15.128267514766875,14.998944355729238,15.095301564589771,32514300
2012-05-17,15.640491485595703,15.848422236995837,15.531455707531673,15.554276508327328,87877200
2012-05-18,15.830673217773438,15.881388851239208,15.660778094661248,15.68867147542244,49892100
2012-05-21,15.9853515625,16.0005663957868,15.757134867063405,15.817992749244254,33449700
2012-05-22,16.160320281982422,16.216107040308515,15.949853244542897,15.972675495939878,36223200
2012-05-23,16.3758544921875,16.403747864613905,16.048742889331802,16.074099973004493,47046600
2012-05-24,16.500106811523438,16.528000184436355,16.34542656706955,16.40881927735697,33908100
2012-05-25,16.56096839904785,16.60914628928743,16.431645209698274,16.4468600439668,30539700
2012-05-29,16.6547908782959,16.675076840436784,16.53561139483064,16.58378928531958,30110700
2012-05-30,16.593929290771484,16.723252451946248,16.566035917678285,16.586321875294598,29939100
2012-05-31,16.69028663635254,16.903288449048002,16.57871315277604,16.58378427903878,50296500
2012-06-01,16.62181854248047,16.70549719004578,16.515316203177502,16.59138888811797,45902100
2012-06-04,16.73339080810547,16.768890134363527,16.58378028616503,16.71056856896899,41630400
2012-06-05,16.609148025512695,16.710579297261624,16.591398350988268,16.670007368948696,28023000
2012-06-06,16.718183517456055,16.728325772111045,16.599002593978778,16.634503387203903,32540700
2012-06-07,16.702966690063477,16.756217148059545,16.68014444336538,16.756217148059545,37640100
2012-06-08,17.298870086669922,17.301406375983635,16.756220250849204,16.784113629434355,54037800
2012-06-11,17.123905181884766,17.364801901611404,17.108690346751178,17.341979648911025,31474200
2012-06-12,17.17207908630371,17.20504358467343,17.065576725071452,17.159400544697363,26963400
2012-06-13,17.007251739501953,17.179681611995875,16.97935837316439,17.139111157555355,32246700
2012-06-14,17.149259567260742,17.1898314872377,17.01232897459693,17.014865263707858,29983200
2012-06-15,17.1796875,17.25829650052005,17.139117031654738,17.25576021145072,38226000
2012-06-18,17.27351188659668,17.314083807208505,17.098545660328984,17.10868791499877,22660500
2012-06-19,17.194900512695312,17.306474004477053,17.167008590716012,17.265902089459352,23718000
2012-06-20,17.37493896484375,17.380010091383813,17.187292773200273,17.207580181292744,26969400
2012-06-21,17.167007446289062,17.410438920167064,17.16193486902541,17.367330719222235,29530800
2012-06-22,17.065582275390625,17.331836088617127,17.037690345364886,17.265907070435286,34202100
2012-06-25,17.288726806640625,17.30140535052488,17.004721909961166,17.004721909961166,35491800
2012-06-26,17.39015769958496,17.476372673986077,17.306477563539907,17.364800610225767,32435400
2012-06-27,17.392688751220703,17.433262116714822,17.309008633394406,17.392688751220703,26393400
2012-06-28,17.31915283203125,17.331831374312504,17.113758415722344,17.222794169534346,25735200
2012-06-29,17.679229736328125,17.679229736328125,17.38508260897681,17.48144127577864,31990200
2012-07-02,17.585405349731445,17.73755074845673,17.534689733167664,17.648799507694655,31275600
2012-07-03,17.94040298461914,17.945475560290006,17.5727210515884,17.66147226327598,28184100
2012-07-05,18.02408790588379,18.07987464550134,17.844050597350552,17.844050597350552,37321500
2012-07-06,18.095090866088867,18.095090866088867,17.93533950049918,17.93533950049918,24027600
2012-07-09,18.196523666381836,18.196523666381836,18.00887744676716,18.06973532721795,33451200
2012-07-10,18.285280227661133,18.40445973400352,18.166099270352,18.239637166824338,39984600
2012-07-11,18.323312759399414,18.36895726345459,18.20159698385194,18.29034825155945,36731700
2012-07-12,18.33598518371582,18.41459416936965,18.16609012235782,18.275127316257702,30587400
2012-07-13,18.556598663330078,18.57181349523452,18.295416035846728,18.325845699655606,24540300
2012-07-16,18.50588607788086,18.556600253954436,18.404454823800993,18.490671244672242,24241800
2012-07-17,18.53630828857422,18.53630828857422,18.335983585465392,18.48559267796339,36528900
2012-07-18,18.472915649414062,18.627597331304546,18.43995115275468,18.483059352752488,28485300
2012-07-19,18.13820457458496,18.47546000513263,17.808558013087964,18.472923715449074,50634000
2012-07-20,18.320768356323242,18.381627668110976,18.082409489661938,18.120445108563416,33156000
2012-07-23,18.21934700012207,18.2548477952397,18.06973640277159,18.161023954364584,19969500
2012-07-24,18.29288101196289,18.31823809756848,18.117914799738404,18.176236386824495,22427100
2012-07-25,18.277664184570312,18.3740228405101,18.224413730226235,18.323307223870085,20945700
2012-07-26,18.68085289001465,18.75185302892724,18.43234877640458,18.434885065673974,24577200
2012-07-27,18.896381378173828,18.967381480757407,18.711271532317138,18.723950070244,32584500
2012-07-30,19.013031005859375,19.07896000096757,18.878636726998035,18.88117156467694,27436800
2012-07-31,18.873565673828125,19.013032541241895,18.873565673828125,18.957245794276385,24968700
2012-08-01,18.668170928955078,18.964852876653723,18.61745530961399,18.942030630305315,29097000
2012-08-02,18.777206420898438,18.805099793504507,18.495739307999923,18.523632680605992,24279000
2012-08-03,18.90399742126465,19.007963511079957,18.827924708008723,18.95217675796119,26220000
2012-08-06,18.83553123474121,18.997818908172878,18.83553123474121,18.997818908172878,18352500
2012-08-07,18.761995315551758,18.91667557705477,18.75692418836304,18.868496241346243,22843500
2012-08-08,18.945049285888672,18.996037739279245,18.720696881580196,18.776783888547108,19734900
2012-08-09,18.827777862548828,18.99859184412219,18.80483217828473,18.93740481156519,15854100
2012-08-10,18.7844295501709,18.929749245777952,18.720693993266096,18.827770895916878,16932600
2012-08-13,18.713045120239258,18.78697924029455,18.656956664054775,18.715593667184596,18903000
2012-08-14,18.868566513061523,18.93485209079375,18.75638957337894,18.82522515749076,21726000
2012-08-15,18.98073387145996,18.998579530667644,18.820117103338877,18.843062772731315,23323200
2012-08-16,18.394365310668945,18.547333593938234,18.30003550147214,18.503992239955412,53439600
2012-08-17,18.353572845458984,18.532033872470674,18.31533005060305,18.46064975342869,29204700
2012-08-20,18.43260955810547,18.460653794200486,18.269444154508133,18.358673958138368,16646100
2012-08-21,18.21080207824707,18.44280302300645,18.21080207824707,18.43260591670297,22902600
2012-08-22,18.29747772216797,18.317874846164983,18.190400844655382,18.190400844655382,19983000
2012-08-23,18.24394416809082,18.340823968356784,18.203152826801304,18.305131180025096,18015300
2012-08-24,18.384170532226562,18.407116215268022,18.190410876713376,18.20060944433642,15570300
2012-08-27,18.48359489440918,18.557527558422237,18.37396652487648,18.39946220697901,17300700
2012-08-28,18.46065330505371,18.53713745066683,18.396916273907156,18.402014827931033,14468100
2012-08-29,18.552427291870117,18.616164303019033,18.46574606540569,18.51163595485,12692400
2012-08-30,18.419857025146484,18.547331063416745,18.39436280101782,18.516736827411574,15711600
2012-08-31,18.509090423583984,18.598321670204893,18.447903408085093,18.506540417549793,17655300
2012-09-04,18.74109649658203,18.825229219497675,18.501448362484194,18.55243683056832,25572300
2012-09-05,18.75128936767578,18.853267731670673,18.705399468581476,18.830323511530317,23892300
2012-09-06,19.07251739501953,19.07251739501953,18.825219369526657,18.86091215379833,19525500
2012-09-07,18.820119857788086,19.06996641732727,18.738537188647683,19.04447219792419,19864200
2012-09-10,18.74109649658203,18.89661482539229,18.738547948466245,18.837976336518707,19500300
2012-09-11,18.88130760192871,18.973088837726475,18.751285035522937,18.794626377262613,15874200
2012-09-12,18.883865356445312,18.955249494635225,18.802281191806504,18.881315349833088,12893400
2012-09-13,19.15665626525879,19.169403379729925,18.8532696891163,18.8532696891163,22222200
2012-09-14,18.993486404418945,19.11841189940224,18.932299389342347,19.08016910322092,25607100
2012-09-17,18.86347007751465,19.039382608305132,18.832875832778626,18.957799900760914,20563800
2012-09-18,18.85326385498047,18.909352308347906,18.784428291086485,18.827769633927375,15912300
2012-09-19,18.960346221923828,19.026631794215476,18.863466410843053,18.9297519831347,16967700
2012-09-20,19.057226181030273,19.07507184792015,18.947597797060098,18.947597797060098,13569600
2012-09-21,18.98073387145996,19.143899185860434,18.95013964560338,19.110756413724463,31686900
2012-09-24,19.05467414855957,19.110762608268438,18.911904452181926,18.917003005206332,13241100
2012-09-25,18.932296752929688,19.13370489460155,18.932296752929688,19.098012109407215,19274100
2012-09-26,18.914453506469727,19.08016888412098,18.90170639416017,18.906804947321294,14414700
2012-09-27,18.86091423034668,18.993485359646893,18.82267289508241,18.96034403613527,16170300
2012-09-28,18.815021514892578,18.88130706960295,18.718141729507753,18.830318630229804,18063000
2012-10-01,18.878755569458008,18.9909324612989,18.81502002528759,18.81502002528759,13986900
2012-10-02,18.802274703979492,18.957792959758017,18.77168192925826,18.860913165316315,12709500
2012-10-03,18.916996002197266,19.05721709956005,18.80226911933211,18.873654670500965,24494100
2012-10-04,19.04956817626953,19.123500813362444,18.99602828451841,18.99602828451841,15002700
2012-10-05,19.154102325439453,19.24843357901915,19.092915313254846,19.105662425108292,15615300
2012-10-08,19.184694290161133,19.261178416858176,19.136255850693498,19.161750073321386,13637700
2012-10-09,18.901700973510742,19.217834519855273,18.899150968254727,19.16174607472752,24921900
2012-10-10,19.2280330657959,19.58240796468845,19.02917494648692,19.03172495193424,58094400
2012-10-11,19.123512268066406,19.531427230565605,19.108216605788524,19.528877224112414,24976500
2012-10-12,19.327468872070312,19.38610588629556,19.197446271227367,19.22803905205378,24087900
2012-10-15,19.669095993041992,19.72008444534904,19.263731086658478,19.342765230073415,29008800
2012-10-16,19.6079044342041,19.783816888027502,19.5518159826044,19.783816888027502,18930300
2012-10-17,19.638500213623047,19.758324234193186,19.498280521967768,19.714984344895683,22483500
2012-10-18,19.518678665161133,19.689492614485033,19.419248844269532,19.63595269464374,21977100
2012-10-19,19.279029846191406,19.55692072782389,19.23058993709015,19.523777939241707,20827500
2012-10-22,19.28667640686035,19.31981919200638,19.143906700716318,19.294324966326904,16276200
2012-10-23,19.059772491455078,19.245883533522015,18.996035473505554,19.133706615341,17501700
2012-10-24,19.075069427490234,19.120959321393823,18.998585298441974,19.10311365676838,13749600
2012-10-25,19.202539443969727,19.248430790570154,19.092912547335203,19.197440891729645,13298700
2012-10-26,19.149003982543945,19.228036660427755,19.039377068825463,19.17194965941995,13340700
2012-10-31,19.126054763793945,19.294320112097378,18.89915241941741,19.184691759867054,19653600
2012-11-01,18.725797653198242,19.16175540010607,18.64931350523934,19.154106839428803,38830800
2012-11-02,18.552427291870117,18.756383976970707,18.537131634597536,18.728341209231,25690500
2012-11-05,18.64676284790039,18.662059968721003,18.521840251368694,18.524388798962974,14303100
2012-11-06,18.804819107055664,18.937391648184956,18.644203805292456,18.654400907556987,16003200
2012-11-07,18.639108657836914,18.840515323062828,18.575371651199426,18.718141320664333,20429700
2012-11-08,18.47849464416504,18.86091382381881,18.47849464416504,18.613615776429178,21411300
2012-11-09,18.43515396118164,18.50908954452652,18.33572561277319,18.389264066440315,20674200
2012-11-12,18.47849464416504,18.509088878767773,18.330626400420893,18.424956192423657,13148400
2012-11-13,18.30767822265625,18.432602232190412,18.147062889380784,18.34846955734334,26932200
2012-11-14,18.180213928222656,18.356126456650227,18.121575446204222,18.320433657875597,27333900
2012-11-15,17.5199031829834,17.767199842629026,17.29809929481063,17.75955128178026,69146700
2012-11-16,17.343982696533203,17.512248054473456,17.305741365444927,17.48675237493467,36771300
2012-11-19,17.596376419067383,17.624420640839705,17.2471001083184,17.374574108885874,38507100
2012-11-20,17.591279983520508,17.652466985980226,17.451060316605275,17.652466985980226,28183800
2012-11-21,17.56324005126953,17.606581402327162,17.509701593382793,17.555591491740916,21118800
2012-11-23,17.897218704223633,17.907417269486725,17.560689391557815,17.67796486860905,15404700
2012-11-26,17.82328987121582,17.90487258230152,17.70601435932664,17.879378349790723,27219600
2012-11-27,17.71875762939453,17.8895701031267,17.706009058142115,17.820734528905792,22146900
2012-11-28,17.989004135131836,18.05273971228108,17.66522185972105,17.708563219233614,31489200
2012-11-29,18.057830810546875,18.111369252446426,17.879368365006286,17.96859958777658,28861500
2012-11-30,18.36121368408203,18.386709358229282,18.06292727999454,18.09352150544606,37455600
2012-12-03,18.187854766845703,18.44279988684171,18.187854766845703,18.38416288853407,27260400
2012-12-04,18.386722564697266,18.509096636773954,18.21590857340514,18.2210071283715,38461500
2012-12-05,18.368257522583008,18.46311077729513,18.260586419062086,18.4426019258193,28539600
2012-12-06,18.352882385253906,18.419537277675488,18.227266539774533,18.37339124440455,21498300
2012-12-07,18.532333374023438,18.609241954699314,18.419535393686765,18.43235324598122,21849000
2012-12-10,18.496442794799805,18.54515151442092,18.404153670082355,18.47849809469063,17704800
2012-12-11,18.173423767089844,18.637437842518473,18.155479071085725,18.52207426264863,43785000
2012-12-12,17.673524856567383,18.03499476179721,17.665833851465766,17.99653973628913,70205700
2012-12-13,17.69915008544922,17.781186935669087,17.688896395989463,17.69915008544922,42730500
2012-12-14,17.624805450439453,17.76580320166229,17.622241294870445,17.701712514611064,31506900
2012-12-17,17.740169525146484,17.81964075389827,17.660696829486312,17.678642986687827,31595100
2012-12-18,17.817081451416016,17.8580976846093,17.665827032017823,17.717099890599595,34769400
2012-12-19,17.565845489501953,17.817079982089265,17.565845489501953,17.79913382295672,29919600
2012-12-20,17.688901901245117,17.704283907130403,17.476122376194724,17.517140080616272,29058900
2012-12-21,17.59917449951172,17.729918608364702,17.501757090263027,17.655574206646094,39693000
2012-12-24,17.578664779663086,17.640191329793733,17.512011383748717,17.56328277540326,8714400
2012-12-26,17.429975509643555,17.599173151175087,17.363322115541532,17.576100145412713,18278700
2012-12-27,17.481252670288086,17.54021654884132,17.378708389009752,17.440234957776752,22152600
2012-12-28,17.33255386352539,17.5222603080882,17.314607707801926,17.409462396991596,16540200
2012-12-31,17.491500854492188,17.509445546466825,17.2710303709624,17.30179437652866,21037500
2013-01-02,17.750425338745117,17.750425338745117,17.54790100884241,17.67095410048398,31172400
2013-01-03,17.63762855529785,17.778627827212,17.529957450860707,17.752990662467475,26730300
2013-01-04,17.704282760620117,17.73504530348972,17.51970310267632,17.619683200638438,19314000
2013-01-07,17.53508758544922,17.66839587963056,17.46587001478513,17.645322867106174,18604200
2013-01-08,17.58379364013672,17.66070220333911,17.48637769144978,17.504322387203175,17600700
2013-01-09,17.578664779663086,17.614555633966464,17.488938377358977,17.60173778605283,15165600
2013-01-10,17.52482795715332,17.696589747140095,17.360757168737123,17.60173650595055,34361400
2013-01-11,17.59404754638672,17.63506524825138,17.486376445719166,17.586356543923504,18673500
2013-01-14,17.509443283081055,17.604296509801465,17.460734591836562,17.558151974325547,16471200
2013-01-15,17.683780670166016,17.750434094288728,17.458183224212057,17.481254773457227,18421200
2013-01-16,17.74273681640625,17.78375451935165,17.660701410515454,17.673519259322294,14753700
2013-01-17,17.650442123413086,17.770931037531945,17.614551277985317,17.765804193016066,21697800
2013-01-18,17.740169525146484,17.740169525146484,17.650443139864063,17.650443139864063,23440200
2013-01-22,17.83759117126465,17.855537334228096,17.67864866272978,17.70172020524156,17243700
2013-01-23,17.81452178955078,17.85297534300718,17.727358054661824,17.78888462033748,19096200
2013-01-24,17.891429901123047,17.942702775519745,17.778631924504904,17.85554050264539,27417000
2013-01-25,17.688901901245117,17.9452618204254,17.670957205651497,17.92219027850629,23903100
2013-01-28,17.778627395629883,17.817082408358768,17.63762812713854,17.709409839626634,21164400
2013-01-29,17.917068481445312,17.996539756067303,17.74017976464142,17.742742455071955,28682700
2013-01-30,17.88117027282715,17.97602351873103,17.817081034734596,17.97602351873103,21061800
2013-01-31,17.93244743347168,18.05806325042237,17.865792556188126,17.865792556188126,21048600
2013-02-01,18.07088279724121,18.083699181189214,17.93244766093117,17.973465370437182,19349400
2013-02-04,17.850404739379883,17.919622284130867,17.722224807241414,17.8016975093559,32277900
2013-02-05,18.142662048339844,18.219570616121743,17.883736487910486,17.911937811903066,31576500
2013-02-06,18.281097412109375,18.283660102026083,18.02217184834954,18.068317869757593,29273400
2013-02-07,18.260583877563477,18.365690809930403,18.175984326909408,18.314419421831136,24920700
2013-02-08,18.32468032836914,18.365696571570933,18.219571896119295,18.252898602220704,17719800
2013-02-11,18.30416488647461,18.33236473765153,18.08113170022343,18.265711344092598,18607800
2013-02-12,18.30416488647461,18.370819746942157,18.227257801710586,18.327237892048984,14286000
2013-02-13,18.301612854003906,18.381084141298977,18.25546828289417,18.27597567724564,11905800
2013-02-14,18.15547752380371,18.26058593492141,18.137531362420184,18.227259235520364,20463000
2013-02-15,17.76580810546875,17.945259438310437,17.46586489815643,17.827334653933832,77051100
2013-02-19,17.62737274169922,17.804261382533618,17.57097303972054,17.737607989418052,44046900
2013-02-20,17.74273681640625,17.906807628187845,17.5094484475407,17.61712101795395,35920800
2013-02-21,18.011911392211914,18.322108240748424,17.873476313781705,17.945256541951345,61239300
2013-02-22,18.04780387878418,18.083693262674146,17.917059789160675,18.001659337419568,27495600
2013-02-25,18.05806541442871,18.288791155304448,18.05806541442871,18.073447423868927,35452800
2013-02-26,18.22981834411621,18.301600041732513,18.101638417696748,18.1221472646002,31672800
2013-02-27,18.370826721191406,18.447735302061403,18.093956416823087,18.181118692790857,26457000
2013-02-28,18.14522361755371,18.42722070406493,18.14522361755371,18.352876297667294,56650800
2013-03-01,18.391326904296875,18.432344599160924,18.1452192682041,18.1452192682041,26706900
2013-03-04,18.781003952026367,18.781003952026367,18.332371783922564,18.33493594116371,31701600
2013-03-05,18.898927688598633,18.98096310629689,18.711783841883612,18.834836968431002,27426000
2013-03-06,18.8117618560791,19.00403252819884,18.778436621633787,18.906615113835194,21448800
2013-03-07,18.796377182006836,18.87072157127337,18.765613177119445,18.839959033294473,20040000
2013-03-08,18.84282112121582,18.935707104164802,18.793799644972665,18.912485239334405,17233800
2013-03-11,18.829917907714844,18.897001311735387,18.78605488703941,18.85829821220639,15446100
2013-03-12,18.989891052246094,19.067295796349214,18.79380070707391,18.82218249579081,24460200
2013-03-13,19.002790451049805,19.144699386077576,18.97440866404425,19.064713947323938,15978300
2013-03-14,18.891847610473633,19.093099365166967,18.86862574311075,19.059556175740767,19059600
2013-03-15,18.706077575683594,18.964091440972087,18.688015630707344,18.837663731629583,51585300
2013-03-18,18.64156723022461,18.76541568527545,18.579643740885412,18.651888549967364,17313000
2013-03-19,18.693174362182617,18.801541596014367,18.626090938648236,18.685433740025154,17258400
2013-03-20,18.832504272460938,18.933129416654545,18.76800154273664,18.786062011784875,18960900
2013-03-21,18.868623733520508,18.956348318038174,18.796378915889996,18.80154031455833,16520100
2013-03-22,19.16533851623535,19.16791773890666,18.909903936683897,18.925385178201548,21971400
2013-03-25,19.312406539916992,19.37948994848885,19.124055379756513,19.129215301253026,31316100
2013-03-26,19.29177474975586,19.37434092199244,19.20405012949434,19.33305857406076,19927200
2013-03-27,19.29435157775879,19.340795317140568,19.15502478873221,19.17308525868762,17910900
2013-03-28,19.307252883911133,19.343375301615957,19.191146483634824,19.309833583880398,22104900
2013-04-01,19.462060928344727,19.591067865953995,19.3253133677867,19.351114460033976,25246200
2013-04-02,19.614290237426758,19.622030860573876,19.459480727230265,19.493022443285827,19928400
2013-04-03,19.6091251373291,19.784575784017825,19.536881795543835,19.689110577173388,22361700
2013-04-04,19.660730361938477,19.7587762759761,19.598806859868304,19.598806859868304,22524600
2013-04-05,19.709749221801758,19.714909143475136,19.46205526501035,19.493016271423055,17640900
2013-04-08,19.941967010498047,19.983250823505117,19.56526605780368,19.634930185420586,24225300
2013-04-09,20.15611457824707,20.243839147454736,19.872296755926243,19.929061796762767,26009700
2013-04-10,19.96260643005371,20.223200953409506,19.96260643005371,20.19739838990212,25797000
2013-04-11,20.07097625732422,20.220624364775023,19.936807919477623,19.960029788443247,21387300
2013-04-12,20.269641876220703,20.344465909828163,20.01678799086231,20.029688533583684,19010400
2013-04-15,20.24642562866211,20.45541653039194,20.23610430655163,20.238685006172446,25636500
2013-04-16,20.300609588623047,20.3470518496565,20.132899537303597,20.184503197852987,20563200
2013-04-17,20.256746292114258,20.401234472884145,20.1535404487072,20.261906215191402,21745800
2013-04-18,19.90842628479004,20.39607520231543,19.76651879920526,20.321249671625267,42656700
2013-04-19,20.199987411499023,20.238690534519392,19.970353802822128,19.99615490058692,23521500
2013-04-22,20.117414474487305,20.238682241764344,19.996146707210265,20.19997913460249,15464700
2013-04-23,20.40639305114746,20.43993623987044,20.13805787597282,20.15353912055685,19960800
2013-04-24,20.132892608642578,20.512174142028613,20.104510826563825,20.44251003626665,24250800
2013-04-25,20.292865753173828,20.339308006855042,20.094193241701866,20.17159798208564,17187300
2013-04-26,20.393484115600586,20.421865893536577,20.272217861121483,20.274797083242486,17770800
2013-04-29,20.22578239440918,20.447676787769918,20.16385889267109,20.40381375373233,18470400
2013-04-30,20.05291175842285,20.202559835802788,19.96260647686666,20.19739843726566,23897400
2013-05-01,20.14063835144043,20.295446366440093,20.04517313818897,20.086455472371913,18780900
2013-05-02,20.24384307861328,20.2515837003954,20.07355235215197,20.101934139895523,13558800
2013-05-03,20.447677612304688,20.47089800365985,20.357370841042435,20.362532240341626,16812300
2013-05-06,20.339309692382812,20.42445506149826,20.323828447748596,20.408973816864044,14417100
2013-05-07,20.339309692382812,20.41929366237169,20.323828447748596,20.408973816864044,19713300
2013-05-08,20.310760498046875,20.417181556841616,20.188766821197582,20.391225708189125,24025500
2013-05-09,20.34969139099121,20.49504619158427,20.219910690340104,20.326330241078285,19550400
2013-05-10,20.47687339782715,20.48206426838433,20.318539221398193,20.367857689988142,17493600
2013-05-13,20.375646591186523,20.489853179967472,20.22509944951797,20.45351411230763,23141700
2013-05-14,20.448322296142578,20.46908726452732,20.16020743153696,20.24067261229515,30041100
2013-05-15,20.728652954101562,20.754608796834432,20.41458220725901,20.453515971358314,24003300
2013-05-16,20.375646591186523,20.469088210622957,20.074553793077182,20.271820259236186,36385800
2013-05-17,20.21213150024414,20.399016316537534,20.090136316895922,20.323743451184033,32007900
2013-05-20,20.09012794494629,20.219910127210852,20.079746202092736,20.2147177705562,16747800
2013-05-21,20.08753204345703,20.29258556214431,20.05119297519986,20.14723077434341,22452900
2013-05-22,19.99408531188965,20.19394792322293,19.921407188553445,20.035615243731044,27093900
2013-05-23,19.812397003173828,19.97073121196249,19.79163351670153,19.94217919022119,24144600
2013-05-24,20.066768646240234,20.09272448907454,19.76567581958743,19.80980194058807,22768800
2013-05-28,20.069355010986328,20.256239675249965,20.00186925353128,20.12126816033987,18177600
2013-05-29,19.78644561767578,19.999286254248403,19.74231948591086,19.999286254248403,17646900
2013-05-30,19.630699157714844,19.866900848668976,19.625508287147014,19.853924414863208,18684000
2013-05-31,19.42565155029297,19.6307051095551,19.420460678151315,19.56062462257256,29237100
2013-06-03,19.646268844604492,19.674820854159886,19.373728150398087,19.482745319217027,25321500
2013-06-04,19.711162567138672,19.825369135525907,19.589168950984295,19.667036458200705,28032000
2013-06-05,19.532066345214844,19.71376167810424,19.485345536887696,19.654061464748928,20335800
2013-06-06,19.630699157714844,19.659252658907,19.425645660622973,19.537257546583337,28275300
2013-06-07,19.812397003173828,19.952560933457335,19.77605941661938,19.82537492483298,25041600
2013-06-10,19.661849975585938,19.895455519818597,19.63848882707154,19.799417717972457,20194500
2013-06-11,19.532066345214844,19.682613482400996,19.464582053389154,19.576192460718534,18019200
2013-06-12,19.42565155029297,19.651471568577882,19.376334551877047,19.58917664719378,14193300
2013-06-13,19.46717643737793,19.552832488975255,19.352968368581497,19.410072402979715,21718500
2013-06-14,19.43343734741211,19.53726220968757,19.415267068246415,19.42565029708795,19054500
2013-06-17,19.454200744628906,19.58398144065768,19.339992662759524,19.467178665709,19441800
2013-06-18,19.656660079956055,19.695593844184643,19.41526598900951,19.46717915987553,20219100
2013-06-19,19.327016830444336,19.716360445836777,19.295870113531514,19.6592578839586,24987300
2013-06-20,18.955839157104492,19.378927089561422,18.950648285938122,19.337395664547053,27209100
2013-06-21,19.08043098449707,19.259530168249444,19.012946681776572,19.08302716296738,43693500
2013-06-24,19.259531021118164,19.412672882632894,18.922099095977494,18.961034348616508,29091900
2013-06-25,19.303653717041016,19.40228769257007,19.16608449578851,19.277696391482795,21653400
2013-06-26,19.469783782958984,19.51390992643883,19.347790071308104,19.368555053199444,16435200
2013-06-27,19.53466796875,19.75529712254332,19.52947709642836,19.591772019972463,21263400
2013-06-28,19.334802627563477,19.63849015260948,19.32442088434156,19.4957315293266,43644900
2013-07-01,19.360759735107422,19.539857441817976,19.23357520358017,19.464586085474032,20093100
2013-07-02,19.391908645629883,19.64368450974858,19.262127930772902,19.28808377669868,20179200
2013-07-03,19.404884338378906,19.498327452291562,19.23097751725284,19.31403740285168,6949200
2013-07-05,19.521684646606445,19.53466256643557,19.31403495888499,19.506110548720407,16331700
2013-07-08,19.911029815673828,19.926603914837397,19.643681377762512,19.643681377762512,20140200
2013-07-09,19.99408531188965,20.100506319193546,19.918812496080555,19.975916523669355,15819300
2013-07-10,19.926605224609375,20.11608466438514,19.84354533724796,19.975922218383708,15432900
2013-07-11,20.149822235107422,20.180970424957774,20.071953245708986,20.103101435559335,14042100
2013-07-12,20.149822235107422,20.160203974905915,20.071953245708986,20.144631365208177,13373100
2013-07-15,19.99408531188965,20.064167257525444,19.908430755733967,20.064167257525444,14661600
2013-07-16,20.08234405517578,20.10310902784245,19.960348912491607,19.981113885158276,14122800
2013-07-17,20.03821563720703,20.19135747874464,20.009663617405664,20.14723135991928,16053900
2013-07-18,20.074556350708008,20.129064216528548,19.988900284288327,20.043408150108867,12449700
2013-07-19,20.26662254333496,20.28998368291793,20.07454701307695,20.10309902193594,20477700
2013-07-22,20.21213150024414,20.310764039366504,20.175792414657746,20.217322373834055,12474600
2013-07-23,20.388622283935547,20.40938725252415,20.19395051776392,20.235481940168835,15758700
2013-07-24,20.30556869506836,20.424966178757753,20.173191803368496,20.422371485338108,14790000
2013-07-25,20.24846076965332,20.36526503135413,20.149828271111932,20.25884399778961,17760600
2013-07-26,20.24587059020996,20.253657641741274,20.01226498518344,20.227701793455708,16047300
2013-07-29,20.243270874023438,20.31075517168566,20.188761526828394,20.20173944775126,10395000
2013-07-30,20.21731948852539,20.339314654463106,20.165407789577817,20.30037939502414,13601100
2013-07-31,20.23029136657715,20.370455288206895,20.175783504882876,20.22510049527956,18122400
2013-08-01,20.302967071533203,20.419769830478568,20.27441505497781,20.354878748741072,15506100
2013-08-02,20.440534591674805,20.440534591674805,20.245862833658855,20.310752429512405,18371700
2013-08-05,20.445728302001953,20.5054270355243,20.3574775482474,20.406794539082316,11718300
2013-08-06,20.21213150024414,20.39382544294762,20.13166627607223,20.391229263538413,20102700
2013-08-07,20.20429039001465,20.272185974901458,20.008436476940044,20.14945003918647,17459100
2013-08-08,20.17294692993164,20.340075392359687,20.089382698717618,20.240842494231455,13424100
2013-08-09,20.081552505493164,20.191230208012346,20.04760471634421,20.162506305076022,17293800
2013-08-12,20.128557205200195,20.20951100552114,19.97448692819534,19.992766047366317,17361000
2013-08-13,20.071104049682617,20.1729473984979,19.903975583372603,20.152056340209146,19143000
2013-08-14,19.95097541809082,20.165108341835236,19.90658136928271,20.058041132840025,20460300
2013-08-15,19.43131446838379,19.60627727181083,19.332081565978058,19.44437119329301,39664500
2013-08-16,19.352981567382812,19.45482496528275,19.24591577595528,19.355593511270147,21763500
2013-08-19,19.21457862854004,19.30597724034681,19.117957623150705,19.292920509266857,16094700
2013-08-20,19.1231746673584,19.225019532088062,19.115340332052526,19.206738918292135,19989300
2013-08-21,19.20673179626465,19.358191571357743,19.044825746555073,19.104888463546075,24233700
2013-08-22,19.1832332611084,19.3320811170138,19.125782477444947,19.27463033335035,11842200
2013-08-23,19.178014755249023,19.25896706821162,19.070947491502917,19.232853611674884,16422300
2013-08-26,19.070945739746094,19.25896529918431,19.070945739746094,19.230241396180386,16044600
2013-08-27,19.02655029296875,19.091835412700565,18.93515172304277,18.979545783769975,17362800
2013-08-28,18.901216506958008,19.02656294433249,18.87249109494543,18.974334514969424,16825800
2013-08-29,18.914262771606445,19.031774804820653,18.862035865398607,18.893371710273996,12264600
2013-08-30,19.057889938354492,19.081391448678986,18.953433136425197,18.96910180613925,18198600
2013-09-03,18.979549407958984,19.21457349307766,18.942989674158145,19.188460037897073,21471000
2013-09-04,19.039609909057617,19.094448760490703,18.91948592797976,18.98477105762453,14002500
2013-09-05,18.976930618286133,19.188453115128326,18.963873895406415,19.021324671474094,14041500
2013-09-06,18.956045150756836,19.104894525107017,18.85158984268125,18.984770547258446,17370600
2013-09-09,19.1962947845459,19.232854521975785,18.984773684641436,19.02394387130049,16569000
2013-09-10,19.31380844116211,19.37909358020626,19.21196356448336,19.235466573158497,20535900
2013-09-11,19.33730697631836,19.3869249295147,19.235463609577323,19.32425174361715,16007400
2013-09-12,19.30075454711914,19.460048755767463,19.264194804114606,19.371262089253936,15785400
2013-09-13,19.418262481689453,19.42870726646689,19.319029555070074,19.35819973935558,12061200
2013-09-16,19.52794075012207,19.635008015502,19.504439236579085,19.559278093841773,12601800
2013-09-17,19.62456512451172,19.708130890776935,19.530556065614807,19.543612796336767,12875400
2013-09-18,19.956205368041992,19.984930764124094,19.559275203151582,19.627170778847507,20645100
2013-09-19,19.901371002197266,19.984935266262426,19.747299203546262,19.977100929725452,21328500
2013-09-20,19.802135467529297,19.96404158147937,19.802135467529297,19.93009379043684,26542800
2013-09-23,19.956205368041992,19.95881731104821,19.637617056625803,19.687232019771358,16814100
2013-09-24,19.781248092651367,20.037164786184498,19.765579418711177,19.950988573760444,20624400
2013-09-25,19.49399185180664,19.830860806456585,19.209351302312207,19.823026470970923,44916900
2013-09-26,19.486160278320312,19.58017082322676,19.381704947450327,19.527942410668306,15234300
2013-09-27,19.418262481689453,19.44437593787979,19.34253256218943,19.423484874078174,12643800
2013-09-30,19.31380844116211,19.48093696263816,19.256357638343,19.397372701900135,20257500
2013-10-01,19.217187881469727,19.29552825697944,19.146680348113478,19.290305864128168,17026500
2013-10-02,19.251131057739258,19.251131057739258,19.07355629517694,19.16495487225727,22128300
2013-10-03,19.104900360107422,19.20152136280641,19.05006149339973,19.20152136280641,21538800
2013-10-04,19.010881423950195,19.16234122656904,19.00826948125986,19.065720266476106,17243100
2013-10-07,18.768028259277344,18.911653767918292,18.67401772154656,18.911653767918292,20659200
2013-10-08,19.03700065612793,19.11273207468625,18.749748137043582,18.762806360215144,27672600
2013-10-09,19.0631103515625,19.151898481521755,18.95082220612244,19.01871778082942,19402200
2013-10-10,19.530546188354492,19.551437245793718,19.133614602762933,19.188454936006405,23040600
2013-10-11,19.53838539123535,19.540995840161926,19.27985830421134,19.483546538570664,19587600
2013-10-14,19.501829147338867,19.50966348401365,19.258969193161438,19.413042488769566,17712000
2013-10-15,19.420873641967773,19.682011181835712,19.321640719349414,19.436540818502234,26979900
2013-10-16,19.7420711517334,19.7472935431788,19.473097819967908,19.535771000052126,17743500
2013-10-17,19.789079666137695,19.877866315655005,18.72102344581535,19.713349744998215,19185300
2013-10-18,19.770795822143555,19.828245114432384,19.710733092857996,19.794297329910577,20365500
2013-10-21,19.62456512451172,19.799528005830638,19.53839040289739,19.77341454438672,16092300
2013-10-22,19.930095672607422,19.974489746603787,19.64023120837541,19.697682011371448,20845500
2013-10-23,19.820417404174805,19.937930959267245,19.796915888553855,19.89353688315468,17610300
2013-10-24,19.956205368041992,19.97970687811166,19.799521661093543,19.85436051025153,17592900
2013-10-25,19.867420196533203,20.044993483643587,19.78907833728018,19.94315011258734,19376400
2013-10-28,20.144227981567383,20.16250859689624,19.859587414736442,19.888312815184534,21097200
2013-10-29,20.12333869934082,20.27218810732402,20.042384883386337,20.172955168668555,22312800
2013-10-30,20.08416175842285,20.24606634740897,19.992763187150388,20.17817077820534,13938000
2013-10-31,20.042387008666992,20.146843845668066,20.003216815476907,20.07633630252824,13837200
2013-11-01,20.125944137573242,20.2121188244483,20.00059778007639,20.099830686656343,15348300
2013-11-04,20.193838119506836,20.277402351266144,20.15989033713541,20.165112728058784,14112300
2013-11-05,20.217348098754883,20.266964565269618,20.03455090512098,20.058052419511696,15256500
2013-11-06,20.410585403442383,20.44192124686914,20.18600613093904,20.274792763935768,14487600
2013-11-07,20.2408504486084,20.426259593381715,20.17034440827919,20.418425256845826,25042800
2013-11-08,20.358362197875977,20.358362197875977,20.05282907704567,20.23562626202195,17381400
2013-11-11,20.63256072998047,20.64822940489008,20.313972309469463,20.33225143403262,22351500
2013-11-12,20.55421257019043,20.622108143457428,20.43408710414702,20.590770805490187,15798300
2013-11-13,20.60382652282715,20.627329525151907,20.460201048833042,20.478480165588003,24860100
2013-11-14,20.650836944580078,20.76834899284617,20.28524257731066,20.303523192222194,27906300
2013-11-15,20.687393188476562,20.705672306056123,20.564657274239043,20.611661786762564,17733300
2013-11-18,20.687393188476562,20.713506640517796,20.60643939520362,20.69000363713278,17888100
2013-11-19,20.69523048400879,20.72134393978633,20.59860800798777,20.708285717650835,13365000
2013-11-20,20.60382652282715,20.731784822851196,20.496760776589404,20.71089376331134,13533900
2013-11-21,20.5933837890625,20.682170427378868,20.512429991387247,20.562047943758262,11523000
2013-11-22,20.841468811035156,20.857137483987387,20.564662562031252,20.595999907935713,14436300
2013-11-25,21.003366470336914,21.039926194391708,20.867575344199533,20.90674551652848,17011200
2013-11-26,21.068655014038086,21.068655014038086,20.91980564531965,21.005981831563986,16613400
2013-11-27,21.13393783569336,21.152216951579955,20.990310874275924,21.034704934031563,14439900
2013-11-29,21.154830932617188,21.2436190669551,21.10521596774751,21.196614550935784,10341600
2013-12-02,21.180946350097656,21.22533892400348,20.987704395545276,21.12349555466425,18535200
2013-12-03,21.207063674926758,21.238401021517344,21.07388294041063,21.207063674926758,22519200
2013-12-04,21.07047462463379,21.37253194186125,20.9890510924977,21.180790765707126,22923600
2013-12-05,20.86560821533203,20.952286073289777,20.715893828062597,20.93915333777107,19350000
2013-12-06,20.996936798095703,21.073107559420134,20.918138888711937,20.93652441629193,15264300
2013-12-09,20.99955940246582,21.125635438045943,20.933895739941736,21.075731655705596,13474800
2013-12-10,20.771045684814453,20.960159724830174,20.763165745279032,20.939147053717313,18857100
2013-12-11,20.773672103881836,20.939147834405627,20.763166519406116,20.77629925147319,17996400
2013-12-12,20.618703842163086,20.818323462847022,20.592436876512892,20.77892526878888,17074800
2013-12-13,20.50838851928711,20.68962263721935,20.46899032076095,20.679117052123683,14943600
2013-12-16,20.419082641601562,20.618703764478155,20.38231009218565,20.553037102072462,18440700
2013-12-17,20.290376663208008,20.45847800534639,20.282496724927203,20.419079816886914,17296200
2013-12-18,20.47161102294922,20.48211810845302,20.17480652295472,20.298256887165373,31901100
2013-12-19,20.28775405883789,20.442721191764306,20.277246971907665,20.40069584993296,17866200
2013-12-20,20.337663650512695,20.455859770330495,20.290385503174615,20.298265444888496,28706400
2013-12-23,20.453235626220703,20.48475539538962,20.321906761555958,20.416463063172074,13475700
2013-12-24,20.490005493164062,20.550417879571487,20.390196403480246,20.47424711244255,6284700
2013-12-26,20.589811325073242,20.62395672982602,20.479495170803524,20.5031349908377,8334600
2013-12-27,20.610824584960938,20.731646318582904,20.56617209452794,20.64496998819713,9150000
2013-12-30,20.652854919433594,20.718520101964533,20.600323975765072,20.647602125655798,9259500
2013-12-31,20.668609619140625,20.71588926011688,20.5793061355381,20.660729678977916,11577300
2014-01-02,20.72639274597168,20.87348144057439,20.618703748192306,20.67648746529195,20634000
2014-01-03,20.65810203552246,20.784178060037977,20.62395513047284,20.70012737702763,14872200
2014-01-06,20.54252815246582,20.726389366476322,20.432212025237327,20.713256637324786,21840600
2014-01-07,20.60556983947754,20.71063319442496,20.4663610820403,20.532026242486733,15036900
2014-01-08,20.442726135253906,20.62133463270089,20.382315255366986,20.61870898754198,17865600
2014-01-09,20.511018753051758,20.59244231010118,20.353422929345907,20.589815161959525,17748900
2014-01-10,20.49787712097168,20.676485556544854,20.366548317221906,20.56879506576216,15543900
2014-01-13,20.35342025756836,20.479496298805074,20.287756592098173,20.38231287155323,18473700
2014-01-14,20.476871490478516,20.487377076204936,20.324528473885216,20.345541148283083,12264600
2014-01-15,20.398069381713867,20.513638315610894,20.374429564284043,20.476867270201897,14977200
2014-01-16,20.161684036254883,20.348172499398494,20.053994997061718,20.327159820660153,21604500
2014-01-17,20.011966705322266,20.17744096251947,19.969939851062453,20.15380264174565,34322100
2014-01-21,19.92003631591797,20.06449789930322,19.66262990861842,20.02772684364197,26913300
2014-01-22,19.791332244873047,19.983073467896688,19.707281544853654,19.983073467896688,17561100
2014-01-23,19.68889617919922,19.730921529553356,19.56019298013527,19.657376414961078,18018900
2014-01-24,19.547054290771484,19.73091551829156,19.49714901456206,19.62847781867156,27998400
2014-01-27,19.47613525390625,19.533920465534912,19.392084583517118,19.470880959798524,27266100
2014-01-28,19.61272621154785,19.80446745857921,19.463011822733396,19.505035675059787,18070200
2014-01-29,19.46300506591797,19.796580643977435,19.455125126671994,19.775567973636413,25301100
2014-01-30,19.633743286132812,19.72304680351204,19.531305528218116,19.57858368413118,20198700
2014-01-31,19.61534881591797,19.7493047926833,19.34218406993148,19.415727673147696,31634400
2014-02-03,19.08477783203125,19.568069309009893,19.053259574135534,19.486645765079793,31292100
2014-02-04,19.103164672851562,19.200348096249037,18.99022136918831,19.087404792585783,23266500
2014-02-05,19.13993263244629,19.21610336485754,18.982336873499573,18.982336873499573,14322900
2014-02-06,19.126802444458008,19.229240160317275,19.042753258977246,19.16620214399806,22059300
2014-02-07,19.371070861816406,19.38420509444551,19.04274961381404,19.18721114328843,21862800
2014-02-10,19.373703002929688,19.373703002929688,19.163576267923286,19.329052011081426,18612300
2014-02-11,19.646862030029297,19.65999626221451,19.3500590427118,19.410469897807868,19533600
2014-02-12,19.68889617919922,19.746679908727348,19.494527806602527,19.494527806602527,16019400
2014-02-13,19.793960571289062,19.82810598233666,19.583832305785496,19.615352071641837,15750600
2014-02-14,19.906898498535156,19.95943093037526,19.725664389134803,19.804462285422524,14726700
2014-02-18,19.78607749938965,19.87012819111501,19.662627106577446,19.82810284525233,17981400
2014-02-19,19.660001754760742,19.783450646467568,19.544431300443758,19.70202559830471,24390900
2014-02-20,19.31066131591797,19.436738835928466,19.124174437612357,19.18721244614527,39237300
2014-02-21,19.20560646057129,19.27915158785172,19.126808539326635,19.223993493864068,26913000
2014-02-24,19.26601219177246,19.389461073458325,19.210852613906514,19.23711958053857,21964500
2014-02-25,19.26601219177246,19.368448401919572,19.1977198820629,19.2213597011483,28448100
2014-02-26,19.641616821289062,19.725667523231664,19.381584774286004,19.420984480162286,27066600
2014-02-27,19.583831787109375,19.641617021018792,19.46038288098028,19.641617021018792,16344600
2014-02-28,19.6205997467041,19.749302918801817,19.48927093010006,19.562816029282974,22333800
2014-03-03,19.468259811401367,19.612721370888302,19.39208906163954,19.565443233612836,16042800
2014-03-04,19.733543395996094,19.828101167659355,19.61009451657343,19.638985624332832,22631400
2014-03-05,19.646862030029297,19.78607226645854,19.589078321959175,19.783445119432592,16574400
2014-03-06,19.667879104614258,19.728291476192155,19.570695684100524,19.66262631232983,15319800
2014-03-07,19.7154598236084,19.81591431016534,19.657301803744808,19.81591431016534,15163800
2014-03-10,19.675811767578125,19.7207523439891,19.575357251272074,19.69960410437948,14481000
2014-03-11,19.805343627929688,19.818561087488018,19.61500948753543,19.75247378969637,27016800
2014-03-12,19.96660041809082,20.024758455112735,19.7789103590054,19.786841137930338,25882800
2014-03-13,19.807994842529297,20.138435988149215,19.802706646692723,20.014190613542645,17473500
2014-03-14,19.636154174804688,19.844992418290825,19.633510078314604,19.739251248302715,19857000
2014-03-17,19.741901397705078,19.78684197596929,19.56478469459048,19.641446877256534,17341200
2014-03-18,19.76569175720215,19.82385130795859,19.68110030990956,19.736614250786086,11831400
2014-03-19,19.662595748901367,19.855574016732167,19.567427907358024,19.710178913352273,17283300
2014-03-20,19.926939010620117,20.006245251307963,19.525122640479957,19.567417587853985,25912500
2014-03-21,20.117286682128906,20.36049073532539,19.94545662990316,20.06177272990625,51480600
2014-03-24,20.29176139831543,20.302336277872595,20.11993284112817,20.146367771058223,21838500
2014-03-25,20.32083511352539,20.392210615789335,20.133145042393867,20.323479210883875,22146600
2014-03-26,20.151647567749023,20.495306077321157,20.151647567749023,20.37634742064778,23183400
2014-03-27,20.127857208251953,20.307618015811325,20.1014222847596,20.19130193221852,16789800
2014-03-28,20.09348487854004,20.249453295934444,20.030040175496943,20.159573678116985,17613300
2014-03-31,20.204524993896484,20.297047244836577,20.096139667953796,20.183376748296094,14086800
2014-04-01,20.294404983520508,20.421294459148527,20.23360283104758,20.291760885537556,17310000
2014-04-02,20.402788162231445,20.405430747294194,20.18073084695008,20.244175578081656,18234300
2014-04-03,20.4768009185791,20.500593253789077,20.35519968343828,20.408069522605366,18121500
2014-04-04,20.43714714050293,20.593115575597587,20.42128558478183,20.50852262860667,20280600
2014-04-07,20.43714714050293,20.545532421075496,20.378989111286373,20.415998903755202,23027100
2014-04-08,20.667137145996094,20.70150284744771,20.30233037851118,20.378992560617323,22496100
2014-04-09,20.611618041992188,20.677706843703348,20.429214703933045,20.672420163105958,20633400
2014-04-10,20.326122283935547,20.656564880175342,20.262677559581284,20.606337617648027,22798800
2014-04-11,20.2230281829834,20.41600648218046,20.16751422999397,20.297046282755378,23937000
2014-04-14,20.455650329589844,20.50059089783028,20.299681901744968,20.33933578920451,16127700
2014-04-15,20.32347869873047,20.437150680016536,20.207162620152552,20.36313108225941,20785800
2014-04-16,20.413354873657227,20.479443680950393,20.363127622137014,20.437147207316656,15110400
2014-04-17,20.5296688079834,20.553461139180712,20.376342972446928,20.376342972446928,20894100
2014-04-21,20.513811111450195,20.54817681010359,20.40278323693286,20.463583855682508,13785300
2014-04-22,20.503232955932617,20.574608438887665,20.458293901486137,20.49265959464207,19396500
2014-04-23,20.6301212310791,20.693565933251527,20.50587592323182,20.57196472190181,17418600
2014-04-24,20.701505661010742,20.743803660055498,20.540250495679192,20.664497369889297,13042500
2014-04-25,20.783451080322266,20.825747556613948,20.624838537907806,20.701500712106316,16177800
2014-04-28,21.084810256958008,21.145612378841943,20.83896221069286,20.846892988009945,28796100
2014-04-29,21.061017990112305,21.11388781840428,21.034581563325318,21.105957041632283,14087100
2014-04-30,21.07159423828125,21.129752267484964,21.018722890102996,21.039872639487267,18335100
2014-05-01,21.068950653076172,21.07688143055817,20.926199683682505,21.07688143055817,15294000
2014-05-02,20.915630340576172,21.08481627122318,20.886551319666026,21.042519788561428,16860000
2014-05-05,20.783451080322266,20.87068812991435,20.75437206379157,20.84689579475979,13773000
2014-05-06,20.6221981048584,20.72265263205929,20.61162474022756,20.70679258511303,16916700
2014-05-07,20.736572265625,20.77380967261429,20.622195011564745,20.707313215843175,18258600
2014-05-08,20.930742263793945,20.967981190152855,20.74720962089064,20.74720962089064,14461800
2014-05-09,21.06639289855957,21.087672063319655,20.885519237095902,20.885519237095902,14689200
2014-05-12,21.053102493286133,21.07438166702405,20.920108037925804,20.999905319944624,17999400
2014-05-13,21.05043601989746,21.11161457819316,21.010538151274627,21.058415898023256,13091100
2014-05-14,20.94404411315918,21.026500326601983,20.765829351189954,21.026500326601983,16824900
2014-05-15,20.43600845336914,20.598261978737057,20.281734809184133,20.289713168360333,39107400
2014-05-16,20.483875274658203,20.58229121998944,20.388118273629548,20.48121633035562,21731400
2014-05-19,20.377479553222656,20.515793361830017,20.348220511708195,20.510473951192637,18393900
2014-05-20,20.13277244567871,20.313646141750905,20.087553641159108,20.310985674894617,22310100
2014-05-21,20.124794006347656,20.20459127567465,20.021058621626985,20.19927186358787,17112300
2014-05-22,20.0529727935791,20.19394860205285,20.013074927524247,20.15936862506474,15731100
2014-05-23,20.11149787902832,20.148736813506783,20.063620118702616,20.09819858571599,11110800
2014-05-27,20.106168746948242,20.164686826840587,20.026371503641027,20.13808825307346,16112400
2014-05-28,20.090219497680664,20.19927583795212,20.039681267896654,20.05032161617011,15110700
2014-05-29,20.20991325378418,20.265770888596712,20.100856929336707,20.127455513150977,12010500
2014-05-30,20.420047760009766,20.43068658643079,20.21789483794389,20.231194131973492,17894400
2014-06-02,20.417390823364258,20.51048741967814,20.34025399144862,20.36951305217643,13171200
2014-06-03,20.404083251953125,20.47324169562864,20.31098669339549,20.412063130915925,21640800
2014-06-04,20.515798568725586,20.5610173756346,20.356205555058192,20.374824258017398,18599700
2014-06-05,20.56633949279785,20.598259012933614,20.446644336301734,20.494522094498883,14087400
2014-06-06,20.537078857421875,20.638153771223788,20.499839930228397,20.603575310974943,12566700
2014-06-09,20.483875274658203,20.68336763162916,20.401419083166054,20.499835028497294,16642800
2014-06-10,20.38014030456543,20.46525696397754,20.35087974063585,20.430676989336185,10097100
2014-06-11,20.25779151916504,20.412065135580278,20.228532467430004,20.361526911856714,13389900
2014-06-12,20.143413543701172,20.265769149556238,20.103514149397203,20.228530222207954,16009800
2014-06-13,20.023714065551758,20.15138906534865,19.98115725429218,20.127450954140517,14944500
2014-06-16,20.03968048095703,20.07691941544185,19.954563786138333,19.978503427308553,11540700
2014-06-17,19.946590423583984,20.06096467913708,19.927970190674667,20.026386203457267,19632600
2014-06-18,20.135433197021484,20.20459011619991,19.927960917479968,19.959878910175306,20222100
2014-06-19,20.1806583404541,20.289713165254838,20.162038110361262,20.18331728617686,15765900
2014-06-20,20.13011932373047,20.260453319271313,19.981165098821897,20.2577943736521,33992100
2014-06-23,20.159372329711914,20.199271725105028,20.029038363444563,20.09819528611755,12802200
2014-06-24,20.207256317138672,20.271093842650224,20.13011949739638,20.223214557011563,16956900
2014-06-25,20.11415672302246,20.1726748264788,20.02371910058759,20.151394132488825,12954600
2014-06-26,19.9252986907959,20.111491784760652,19.869441067007692,20.087552150848808,20766300
2014-06-27,20.03968048095703,20.050320828812648,19.86146721092957,19.89604567794884,41882400
2014-06-30,19.96786117553711,20.13277513652559,19.933282711814858,20.055638329451885,19961400
2014-07-01,20.023714065551758,20.0609529876607,19.88274129886617,20.02105512097644,19813500
2014-07-02,20.11415672302246,20.18863306396163,20.01573922084296,20.018399688093314,13100400
2014-07-03,20.14873695373535,20.228534236171264,20.087558377664976,20.111498018997718,8622000
2014-07-07,20.23384666442871,20.271085586311507,20.095531321152343,20.13277024303514,15084000
2014-07-08,20.388118743896484,20.475895870030236,20.223204835102432,20.23916458930965,23881500
2014-07-09,20.537078857421875,20.568996850726094,20.380144791826616,20.420042663958455,18720300
2014-07-10,20.4971866607666,20.63284160445817,20.45728877462482,20.45728877462482,16117500
2014-07-11,20.4333438873291,20.473243285241033,20.364186960290294,20.44664317929761,13642500
2014-07-14,20.361520767211914,20.547713846424323,20.342902068093064,20.51579433707089,14468700
2014-07-15,20.438669204711914,20.46260885037555,20.364192843769796,20.364192843769796,13970700
2014-07-16,20.443979263305664,20.494515951695817,20.401420930551616,20.45461808549116,11172600
2014-07-17,20.377479553222656,20.494514197274587,20.332260757790145,20.36949967626363,13890900
2014-07-18,20.50516700744629,20.507827475385465,20.350891829117547,20.380152410427986,14739900
2014-07-21,20.420047760009766,20.457286696496634,20.342910941434095,20.41738729240119,10372800
2014-07-22,20.385467529296875,20.45196399369786,20.321630010268027,20.43866470081766,13149600
2014-07-23,20.478561401367188,20.497180104543286,20.372165550347397,20.38280437444622,11982900
2014-07-24,20.308326721191406,20.425361388711398,20.265768383546643,20.396102341329847,21684900
2014-07-25,20.207256317138672,20.310991725342447,20.162037499148823,20.26577442935926,11845200
2014-07-28,20.138093948364258,20.19661052279996,20.04499739184467,20.063616094346088,16529700
2014-07-29,20.06627655029297,20.21788968116526,19.98913822938557,20.00509798695305,18880500
2014-07-30,19.890724182128906,20.193953517172186,19.861465131098075,20.183313170430793,29931600
2014-07-31,19.57154083251953,19.749754122334355,19.5609004834825,19.68059718061718,28894800
2014-08-01,19.56089210510254,19.65132970615728,19.475776959296677,19.502375537486387,24671700
2014-08-04,19.56089210510254,19.584831738676925,19.43321710338463,19.51833377119657,16206300
2014-08-05,19.50769805908203,19.555575811858482,19.356083399615894,19.499718179951568,31739700
2014-08-06,19.86646842956543,19.890564243407706,19.59337130444484,19.596049297997503,23804400
2014-08-07,19.799537658691406,20.029796140566503,19.748666491856213,19.903957986628562,21147000
2014-08-08,19.992311477661133,20.008376378870953,19.772763445249062,19.828989067450124,14988900
2014-08-11,19.909311294555664,19.97356936495095,19.818277879137405,19.890568399836262,14164200
2014-08-12,19.871828079223633,19.930731696516514,19.815602456183456,19.89592543139799,11784600
2014-08-13,19.82095718383789,19.92269951836608,19.68173058942563,19.88521525848201,19857300
2014-08-14,19.917341232299805,19.928050143331475,19.708502146851718,19.783469120172565,18408900
2014-08-15,19.786151885986328,19.986958570574846,19.676378627287775,19.986958570574846,20828100
2014-08-18,19.944116592407227,19.994987753845116,19.826309369701978,19.853084713428824,12047100
2014-08-19,20.048534393310547,20.064599292351605,19.850405745247826,20.029793032451376,15143700
2014-08-20,20.069955825805664,20.09405164298938,19.949470611754542,20.035148032925832,14694900
2014-08-21,20.227928161621094,20.324316054717396,20.08067062531777,20.096735529506084,15781800
2014-08-22,20.276119232177734,20.401957384304712,20.25202188022364,20.289506139252236,12413400
2014-08-25,20.265398025512695,20.353753403723935,20.217204879230426,20.329656064566553,10180800
2014-08-26,20.219884872436523,20.388563211941474,20.19846705437602,20.30288581156841,12668700
2014-08-27,20.30825424194336,20.310932237060264,20.19848095469139,20.21722232440826,9601200
2014-08-28,20.321638107299805,20.332348554128135,20.20651037910519,20.20651037910519,8771100
2014-08-29,20.214542388916016,20.31628320537428,20.158315225356336,20.281476935002566,15241500
2014-09-02,20.28147315979004,20.332344324566744,20.19044127483696,20.19311773696209,13597200
2014-09-03,20.351078033447266,20.436755429893175,20.3162717826452,20.335014670638177,14128200
2014-09-04,20.49834632873535,20.509055242139922,20.377862626750293,20.3912495345227,15846900
2014-09-05,20.752696990966797,20.81160060043348,20.47692336887852,20.48763228039985,23525400
2014-09-08,20.49030876159668,20.701824302842443,20.46353495273681,20.65095314678889,17816700
2014-09-09,20.54654312133789,20.61615719886009,20.39392958819733,20.4983499384638,16896000
2014-09-10,20.48495101928711,20.63756447437363,20.44746830290758,20.559919516111922,20091300
2014-09-11,20.37518310546875,20.466214990719237,20.3725051113016,20.442119171347997,14859900
2014-09-12,20.28683090209961,20.361799430345375,20.257379089719738,20.340380069708516,16956900
2014-09-15,20.297544479370117,20.318963843310954,20.243995303501148,20.28951202638808,11245500
2014-09-16,20.434085845947266,20.50102037692728,20.241311639065042,20.25202055120856,12328500
2014-09-17,20.412668228149414,20.47424830830237,20.351086615963116,20.444796499349504,12717000
2014-09-18,20.407306671142578,20.503692983239727,20.324305729690963,20.43140248315046,14255100
2014-09-19,20.57331657409668,20.634898198034225,20.450154858255228,20.468897757729103,39970500
2014-09-22,20.43140983581543,20.57866888233696,20.415346466040376,20.559925986216022,13352100
2014-09-23,20.241315841674805,20.407316270630915,20.23328338988282,20.34841111347852,20124000
2014-09-24,20.637571334838867,20.69915294885191,20.268087778894156,20.276120229940787,25303800
2014-09-25,20.380538940429688,20.62953879365373,20.380538940429688,20.59741052164097,14890500
2014-09-26,20.479598999023438,20.501016819594057,20.310920639749778,20.415340941212744,11258700
2014-09-29,20.369831085205078,20.415347799290323,20.254701834781716,20.364475096230255,14877900
2014-09-30,20.47425079345703,20.541186870295792,20.28683100393533,20.3591215379518,16922100
2014-10-01,20.380538940429688,20.57866915730298,20.32431331538233,20.484957739512872,19574700
2014-10-02,20.40999412536621,20.59205947032492,20.33770358634096,20.404639667817506,14763600
2014-10-03,20.70182991027832,20.744670160904317,20.49031431174003,20.501023225371462,17459100
2014-10-06,20.709861755371094,20.862475260402892,20.613475407375606,20.6295387773526,16289100
2014-10-07,20.69647216796875,20.80089248548267,20.54118222073078,20.624181650315478,21179700
2014-10-08,20.948150634765625,21.015086698536567,20.565278678686358,20.725924618923322,24321300
2014-10-09,20.846405029296875,21.1061152612842,20.792857412328843,20.913341082539905,21218100
2014-10-10,20.961536407470703,21.250698471445475,20.865150074167875,20.865150074167875,30234000
2014-10-13,20.766088485717773,21.039185706297122,20.736638206509003,20.891928182119432,24603600
2014-10-14,20.878536224365234,21.052567523207752,20.79553526765595,20.838373976914582,23703300
2014-10-15,20.134218215942383,20.80089636712745,19.909314171048173,20.771444555770262,63173100
2014-10-16,19.76473045349121,19.831666518677228,19.44076210411879,19.60676250399749,43039800
2014-10-17,19.839696884155273,19.946792125945294,19.553211290641187,19.861116238919898,34386900
2014-10-20,20.11815071105957,20.13957006818242,19.79150436591118,19.85040798100733,21122100
2014-10-21,20.3537654876709,20.401958662565256,20.083344738909787,20.128861451441544,24899100
2014-10-22,20.35643768310547,20.525116057929036,20.351083227469204,20.474244899301805,17782800
2014-10-23,20.41535186767578,20.52244715597893,20.289512146258804,20.447480147759972,19101300
2014-10-24,20.45014762878418,20.482277426790322,20.214536259560223,20.3832131029932,13438800
2014-10-27,20.506376266479492,20.61079505352641,20.431407753702317,20.43676220974834,12322200
2014-10-28,20.442121505737305,20.562605212451974,20.34841008358501,20.517088498612306,14938800
2014-10-29,20.452821731567383,20.51975777665716,20.340370524005426,20.495660432736965,17279100
2014-10-30,20.468896865844727,20.509057593766894,20.34305869272842,20.39392833528307,14617200
2014-10-31,20.42070198059082,20.72325103087753,20.351089439969762,20.58670241225404,22712100
2014-11-03,20.423377990722656,20.45015180650862,20.238636210546044,20.442120887399557,20683200
2014-11-04,20.685760498046875,20.71521383419568,20.423373786879264,20.47960093330305,20714700
2014-11-05,20.803569793701172,20.945474372813877,20.69647300986448,20.84908650134423,17021400
2014-11-06,20.83302116394043,20.932085495408064,20.661666313394637,20.92405304528458,13865700
2014-11-07,21.090051651000977,21.173052607215105,20.779471776745243,20.841051846424755,28496400
2014-11-10,21.269441604614258,21.45418336886092,20.996344417452548,21.04453912015163,37921500
2014-11-11,21.154312133789062,21.26408691267608,21.1114734198868,21.258732456446612,16807200
2014-11-12,21.205188751220703,21.269446838598835,21.057931208825106,21.106124391350292,20373600
2014-11-13,22.20654296875,22.238671242237405,21.649638085311576,21.67641343392344,68437200
2014-11-14,22.211898803710938,22.262769977586103,21.981640289970784,22.110156455960606,31909800
2014-11-17,22.375219345092773,22.415381601084633,22.096767675694014,22.110154583680163,23980200
2014-11-18,22.434127807617188,22.468934082299786,22.313644077705508,22.356481273286303,18289200
2014-11-19,22.755409240722656,22.92944207715402,22.468925171905802,22.47963561557892,36569400
2014-11-20,22.645639419555664,22.83573719702702,22.50105835658499,22.707221037060528,23438100
2014-11-21,22.664384841918945,22.87590047091441,22.645641942314924,22.849126650947113,19948800
2014-11-24,22.865188598632812,22.921414226106045,22.696510184179672,22.717929543790113,23986500
2014-11-25,22.744707107543945,22.894641107386388,22.594770043634313,22.891964644695314,20026500
2014-11-26,22.752735137939453,22.787541402427976,22.618863004327235,22.731314248372197,11828400
2014-11-28,23.438152313232422,23.58540980753035,22.999054760217685,23.074023270355898,23461800
2014-12-01,23.084735870361328,23.312316367015963,22.95889617938794,23.21860801242097,27422700
2014-12-02,23.132925033569336,23.213247998470344,23.007086896449817,23.09811877291996,20298900
2014-12-03,22.869070053100586,23.15446314385934,22.79906864279394,23.14099991210024,19122900
2014-12-04,22.82061004638672,22.83676469480637,22.52175675358353,22.650990859756597,20704200
2014-12-05,22.648303985595703,22.836769272767974,22.484067594725808,22.83407785788654,19710300
2014-12-08,22.677919387817383,22.79638323365477,22.575608652372157,22.656378826109883,18798000
2014-12-09,22.497526168823242,22.672531276117336,22.25251963484838,22.521758142947586,19900800
2014-12-10,22.34136962890625,22.699455643043056,22.31983060895372,22.597146453712703,20920800
2014-12-11,22.57022476196289,22.75061581311618,22.389835251402054,22.400605533219878,24098400
2014-12-12,22.564834594726562,22.885226902467185,22.48675584882648,22.48675584882648,21852300
2014-12-15,22.59984016418457,22.804461644816595,22.36021796514809,22.685996252747024,18953100
2014-12-16,22.335979461669922,22.820606514518797,22.33059509322738,22.513675945008387,22312200
2014-12-17,22.677919387817383,22.685995172717305,22.333293509382045,22.422142549204317,19923000
2014-12-18,23.138317108154297,23.14100852303417,22.69138047589612,22.831384889197857,25937700
2014-12-19,22.928312301635742,23.24601327575043,22.928312301635742,23.224472712177196,36206400
2014-12-22,23.25678062438965,23.26216499466433,22.963311646422664,22.971388972130864,13727400
2014-12-23,23.332164764404297,23.445244227595538,23.251393059013925,23.34024208900255,16657800
2014-12-24,23.270238876342773,23.442551024369,23.259470137387197,23.41562763638793,7475400
2014-12-26,23.39947509765625,23.461400744308047,23.157161502789226,23.202932498958617,9747900
2014-12-29,23.326784133911133,23.442556578369025,23.262167063092253,23.278321715945093,10816800
2014-12-30,23.367164611816406,23.45870505288596,23.283701495045943,23.294470233716673,9796200
2014-12-31,23.12215805053711,23.542169669815973,23.11677368121099,23.445243318985437,12454200
2015-01-02,23.127546310424805,23.348322436447955,23.033312898701237,23.227164092380264,13505400
2015-01-05,23.060230255126953,23.240619705718544,23.022536592184245,23.079077856894273,20937000
2015-01-06,23.237934112548828,23.356399499874417,23.09792970394516,23.149085072054636,24615300
2015-01-07,23.854482650756836,23.876021666840064,23.33485331002701,23.364469649715442,25495200
2015-01-08,24.357955932617188,24.4118026960029,23.981022426550116,24.018716085275177,38140800
2015-01-09,24.056413650512695,24.336420889059166,24.029490262723563,24.3175748257252,25567500
2015-01-12,24.23680305480957,24.314881803537624,24.021412871907316,24.05910653906324,22117500
2015-01-13,24.045642852783203,24.49257783042036,23.943332139234073,24.446806842624174,24646200
2015-01-14,23.318702697753906,23.832946184026348,23.289084814305372,23.598709936787554,35862900
2015-01-15,23.52602195739746,23.633717078631875,23.34293948100269,23.423711207076636,28238100
2015-01-16,23.36178207397461,23.547557478484716,23.216394837381745,23.47755604524456,25226700
2015-01-20,23.340248107910156,23.612178096943104,23.03331585639447,23.37524882980036,23559300
2015-01-21,23.326784133911133,23.399478531156436,23.076393177062027,23.18139688001302,24521400
2015-01-22,23.773706436157227,23.800631356587072,23.38600422035739,23.48562349882366,21371400
2015-01-23,23.830251693725586,24.03218017067025,23.66332546742318,23.806021262471116,22697400
2015-01-26,23.862567901611328,24.00526373799289,23.725256435891296,23.77641180865699,14000100
2015-01-27,23.566404342651367,23.816796818772865,23.493709951595754,23.768332864340884,18061500
2015-01-28,23.375247955322266,23.754873051581793,23.361784717628893,23.698333307521064,17810400
2015-01-29,23.61756134033203,23.61756134033203,23.227165966069446,23.442556198643466,19568400
2015-01-30,22.879844665527344,23.520630838172067,22.858304106868133,23.364471801741406,30840600
2015-02-02,23.076393127441406,23.119471174561365,22.597150238379996,22.828693586205404,20781600
2015-02-03,23.205629348754883,23.297169821941573,23.06293349745405,23.10870450434371,24850500
2015-02-04,23.3294734954834,23.434475641665436,23.154469918513332,23.18408472339115,26796900
2015-02-05,23.499094009399414,23.520634571477643,23.3052428160264,23.45332455161211,15272400
2015-02-06,23.512556076049805,23.692944024001182,23.364474347831457,23.493708470317145,16852800
2015-02-09,23.1302433013916,23.474867705836807,23.057548898504862,23.415635001174632,16368600
2015-02-10,23.50178337097168,23.534092668556028,23.267547125853586,23.32139390103802,17196300
2015-02-11,23.246013641357422,23.4560195038711,23.132932613485462,23.324092408316712,17559300
2015-02-12,23.124849319458008,23.337548082718747,22.94715280807709,23.30523878578109,20824800
2015-02-13,23.10331153869629,23.19754493902049,22.97138601071613,23.11138886336318,16791000
2015-02-17,23.143699645996094,23.146392601255116,22.877154077266475,23.001003829113095,15261600
2015-02-18,23.2325439453125,23.235236900201002,23.025231096067174,23.143696461688528,18098100
2015-02-19,22.486757278442383,22.831381580513682,22.451756565337284,22.750611415159835,55940400
2015-02-20,22.69676399230957,22.718303012038035,22.225596972879252,22.27406092271246,41521200
2015-02-23,22.777536392211914,22.8475378233043,22.677918615520685,22.72099511569178,20191200
2015-02-24,22.76946258544922,22.836771071672654,22.594457440083296,22.755999347612036,15593100
2015-02-25,22.500225067138672,22.809848739970363,22.48676336926676,22.78561675944538,20425200
2015-02-26,22.562143325805664,22.578297975293427,22.419447516712143,22.57560656077358,17664300
2015-02-27,22.59714126586914,22.65906535629407,22.454443943425822,22.540601544048144,17632200
2015-03-02,22.605224609375,22.615993349450836,22.400603142011228,22.59714728402198,18184500
2015-03-03,22.446378707885742,22.567535531658557,22.3925303747686,22.524457481401885,19382400
2015-03-04,22.23368263244629,22.403303439262725,22.131371865235458,22.403303439262725,18643200
2015-03-05,22.500225067138672,22.580996794962715,22.335990196271744,22.387145572540554,17992500
2015-03-06,22.236366271972656,22.37367770925748,22.179824999661847,22.2955974181685,17193000
2015-03-09,22.314449310302734,22.438299077223576,22.222907307461167,22.23637054480268,14014500
2015-03-10,22.096359252929688,22.212131657673986,22.096359252929688,22.150206023178033,18933300
2015-03-11,21.855302810668945,22.20199707355652,21.814673608083304,22.161367870970878,18482700
2015-03-12,22.183029174804688,22.24261761966106,21.879671791702368,21.88779762962325,15677400
2015-03-13,22.183029174804688,22.27783010059991,22.0178079366671,22.196573271236225,14286600
2015-03-16,22.55952262878418,22.581192568015737,22.32929618528757,22.332005315152884,19557300
2015-03-17,22.378053665161133,22.4836864937505,22.275128416887004,22.47556065311353,14406000
2015-03-18,22.35367774963379,22.470145557390623,21.982605933056103,22.204708126839048,30756900
2015-03-19,22.08011245727539,22.3292997499183,22.03948480188274,22.299505516025405,21638700
2015-03-20,22.54598617553711,22.613698937369968,22.13157756376778,22.164079379478395,37095900
2015-03-23,22.5649471282959,22.724751737939087,22.51348449554251,22.52973617953745,19517100
2015-03-24,22.494524002075195,22.673289428879915,22.470148025580666,22.53244408198946,16077300
2015-03-25,22.025936126708984,22.54868653996355,22.02322699716435,22.505349766321057,19937700
2015-03-26,22.18032455444336,22.29408320082185,21.844463774850766,21.920303905666636,24801600
2015-03-27,22.034069061279297,22.258878840677426,22.00698240664588,22.169496135063277,17152200
2015-03-30,22.35367774963379,22.426808770776255,22.05573695419857,22.128867975341034,17105100
2015-03-31,22.2778377532959,22.491812542616476,22.2778377532959,22.315756276825308,16763100
2015-04-01,21.860715866088867,22.28595778308339,21.784875733839407,22.28595778308339,24920100
2015-04-02,21.866132736206055,22.025937291192076,21.817379250742032,21.866132736206055,17387100
2015-04-06,21.93655776977539,22.02864803793312,21.70903890449959,21.7930033328426,19142100
2015-04-07,21.8038387298584,22.017815064794743,21.79300530902005,21.963644860911767,19818300
2015-04-08,21.947389602661133,22.00156134756041,21.765916659508864,21.774042498736026,20084100
2015-04-09,21.89592742919922,22.044897018448285,21.825505554270233,21.89592742919922,11770800
2015-04-10,21.84446907043457,21.93926848201323,21.817383967082293,21.901348407412627,16440900
2015-04-13,21.746965408325195,21.917605007394418,21.741548696408437,21.776759648636425,14094300
2015-04-14,21.709041595458984,21.782172613011017,21.58173882237573,21.746960119500606,16595100
2015-04-15,21.59798240661621,21.933843135391893,21.5736048932898,21.825501214794105,18601200
2015-04-16,21.462556838989258,21.638611503166047,21.432762615087373,21.532978704659975,24045300
2015-04-17,21.094194412231445,21.43818102931491,21.004813283261186,21.38130170637602,35468400
2015-04-20,21.164623260498047,21.351512955176332,21.13211989628667,21.232336019528898,26542800
2015-04-21,21.134822845458984,21.354215840184587,21.102319490753594,21.29191826028101,18600600
2015-04-22,21.243167877197266,21.300047206384466,21.004815590684217,21.05356908000961,22784100
2015-04-23,21.446311950683594,21.54381894173047,21.180874530783004,21.229628026306443,22406700
2015-04-24,21.62507438659668,21.920307570367857,21.46256222886463,21.500480750766574,20603400
2015-04-27,21.497770309448242,21.630489767978425,21.476101921311397,21.606112250132462,19349400
2015-04-28,21.42464256286621,21.527567809624912,21.33525986702119,21.522151099228562,14687700
2015-04-29,21.094194412231445,21.340672511530165,21.069818445169243,21.316296544467964,21325200
2015-04-30,21.14024543762207,21.256713241318757,21.015651792987747,21.080656970643172,26387700
2015-05-01,21.289213180541992,21.33254840882913,21.17274539558001,21.18087123521055,14999100
2015-05-04,21.446311950683594,21.546528071977313,21.251296418744158,21.392141744512145,20007600
2015-05-05,21.161907196044922,21.400259439392848,21.142947939697834,21.400259439392848,17566200
2015-05-06,21.164640426635742,21.29274663724074,21.03380954748198,21.238232991113122,16440300
2015-05-07,21.268211364746094,21.352705707187585,21.069238854304977,21.186441690354023,16614300
2015-05-08,21.404491424560547,21.60073925144745,21.369058265703014,21.423571897533083,16042200
2015-05-11,21.28729248046875,21.42630047341911,21.268213563643005,21.34725701853106,11234700
2015-05-12,21.521696090698242,21.663430297868363,21.224601216769262,21.265485274415944,25347000
2015-05-13,21.303647994995117,21.649805663776892,21.254586806222616,21.581663997417753,25263600
2015-05-14,21.45628547668457,21.469913498957755,21.265490045605624,21.360887761145097,18510600
2015-05-15,21.598012924194336,21.600739151642586,21.415394675828747,21.453554061970816,19851600
2015-05-18,21.783363342285156,21.78881579905941,21.576215214052976,21.633453533164857,24900900
2015-05-19,20.832111358642578,21.35816107885373,20.777597715062118,21.309098331743204,67375800
2015-05-20,20.687644958496094,20.851184282602432,20.66856604652187,20.84573338769931,31625700
2015-05-21,20.744888305664062,20.829382649578456,20.59497697339421,20.660392402122824,20268600
2015-05-22,20.67675018310547,20.81848285642778,20.67675018310547,20.769421666402913,20445000
2015-05-26,20.415084838867188,20.6685694290523,20.39327969605958,20.652215182039885,31720800
2015-05-27,20.494131088256836,20.581351671410832,20.44234367205577,20.445068340512428,20961300
2015-05-28,20.39873504638672,20.48595563666378,20.346947625956318,20.461424260788164,15076500
2015-05-29,20.243366241455078,20.40963024297271,20.21065931048724,20.39327755730213,19125300
2015-06-01,20.368751525878906,20.46414923560444,20.281530940944368,20.35784973257563,16938000
2015-06-02,20.314237594604492,20.44234380169122,20.284256883628853,20.31696382270549,17393400
2015-06-03,20.41236114501953,20.49685705865459,20.29788452097587,20.360573729469536,18281400
2015-06-04,20.21065902709961,20.436887551783958,20.15614539674869,20.295153360572886,26948400
2015-06-05,19.9135684967041,20.24337192452914,19.89176490968891,20.216115881133035,31905300
2015-06-08,19.790910720825195,20.030768844785086,19.78818605281543,20.01441459821931,28779000
2015-06-09,19.752756118774414,19.856329391483044,19.722773848381085,19.815445328015983,25006800
2015-06-10,19.878128051757812,19.987153745059295,19.71731495918481,19.818165090161905,33647400
2015-06-11,19.880859375,20.079831901137673,19.853603334594737,19.95990282795142,22260000
2015-06-12,19.741846084594727,19.869950687803783,19.73366896274339,19.826341970640858,21739800
2015-06-15,19.605567932128906,19.733672558681633,19.54287717305377,19.679160482574705,22700400
2015-06-16,19.720046997070312,19.78273620433066,19.54833206438305,19.68461383125994,18646800
2015-06-17,19.82361602783203,19.869950972818874,19.717315001866393,19.796358434727754,17111700
2015-06-18,19.891765594482422,20.028047375781686,19.826350152303515,19.826350152303515,25129800
2015-06-19,19.82634925842285,19.95718013688209,19.815445905404367,19.842701948509937,43652100
2015-06-22,19.839969635009766,19.94899689324526,19.8127136002642,19.891758596428925,19468500
2015-06-23,19.780012130737305,19.880860734836293,19.71732136196487,19.867232713701515,23628900
2015-06-24,19.728225708007812,19.801818273542793,19.662810267490844,19.777286898488757,22015200
2015-06-25,19.586484909057617,19.796359182087212,19.578307786780282,19.747298008049803,15879600
2015-06-26,19.6573543548584,19.750025815370993,19.589212703513613,19.61374407230815,20693400
2015-06-29,19.466556549072266,19.62464341367859,19.463830321893127,19.570129787481545,24563400
2015-06-30,19.3330078125,19.572864439835342,19.29212218534629,19.572864439835342,33307800
2015-07-01,19.59193992614746,19.611020402017946,19.17764218789669,19.515622701546313,32321700
2015-07-02,19.586484909057617,19.777280269857833,19.531972840044187,19.630095188119004,19758300
2015-07-06,19.769105911254883,19.812716196412882,19.455656791728394,19.455656791728394,31609500
2015-07-07,20.112537384033203,20.131617858639366,19.624647121758144,19.804539158908604,37263900
2015-07-08,19.9135684967041,20.0580289578831,19.86995820341949,19.978983936631018,23373000
2015-07-09,19.837244033813477,20.09618103059118,19.818165122314713,20.07982678666279,26087400
2015-07-10,19.929920196533203,20.04712303969273,19.919018404420505,19.919018404420505,16737900
2015-07-13,20.13707160949707,20.199760818711866,20.03622144565937,20.03622144565937,18253500
2015-07-14,20.112537384033203,20.194307058965894,20.02804304103308,20.164324792836346,16554600
2015-07-15,20.074384689331055,20.14252636777161,19.949006246863814,20.058031996592295,13700100
2015-07-16,20.123441696166992,20.207936043202093,20.10436122064965,20.16160108757477,15695100
2015-07-17,20.003517150878906,20.18886169419534,19.981712002231518,20.098914871164638,17041800
2015-07-20,19.92446517944336,20.017136631741444,19.91356182995892,19.992606824747988,15256800
2015-07-21,19.82634925842285,19.97625905513057,19.769109384423228,19.924471637453735,19323300
2015-07-22,19.940824508666992,20.12071656420581,19.837249680473406,19.837249680473406,20884800
2015-07-23,19.763660430908203,19.957182099089987,19.739129053924987,19.91629647078463,12758700
2015-07-24,19.51017189025879,19.777284516964688,19.488365186418577,19.769107392931343,17853300
2015-07-27,19.45565414428711,19.529246685430433,19.35480556853562,19.45565414428711,18592800
2015-07-28,19.65190315246582,19.73094659967317,19.414772810843772,19.496540926117483,25776900
2015-07-29,19.687335968017578,19.796360111161114,19.649176582141337,19.692785303622745,14819100
2015-07-30,19.668258666992188,19.76910726336426,19.564683842751226,19.632825502831214,13813500
2015-07-31,19.61919593811035,19.758203915568117,19.531975368695818,19.744575896550447,23785200
2015-08-03,19.673707962036133,19.728221597589133,19.581036497185515,19.581036497185515,15395400
2015-08-04,19.692790985107422,19.842702344433434,19.605571957354734,19.739127507013123,17620200
2015-08-05,20.173036575317383,20.222434342574058,19.827260055904617,19.8656800181231,26147400
2015-08-06,19.975446701049805,20.137357912356837,19.93977158893959,20.12912652287307,19103100
2015-08-07,19.55282974243164,19.986422296835563,19.530875708921016,19.953492031707796,23392500
2015-08-10,19.61595344543457,19.690048523232637,19.577533484673214,19.621439992330394,18060300
2015-08-11,19.739442825317383,19.860189242917638,19.525390573348087,19.552832726855883,20487600
2015-08-12,19.917816162109375,19.93977019651154,19.55831865248942,19.629668871727347,26524200
2015-08-13,19.788837432861328,19.969957829912946,19.750417478857514,19.868420613834367,22957200
2015-08-14,19.862932205200195,19.92330619342071,19.769626379667965,19.840978170417863,17737500
2015-08-17,19.73395347595215,19.821771195177103,19.692790244986337,19.71199943871506,22813200
2015-08-18,19.067096710205078,19.347011038080264,19.001234607780116,19.209797146987636,63945000
2015-08-19,18.817367553710938,19.04239598930713,18.597827233549715,18.899695566340455,49000200
2015-08-20,18.778949737548828,19.01770084425808,18.644482257603332,18.682900640286952,29580300
2015-08-21,18.26028823852539,18.746021903935432,18.26028823852539,18.636251717143043,47239500
2015-08-24,17.54952049255371,18.156000385109582,16.877176938625936,17.49189135912941,66718800
2015-08-25,17.31626319885254,18.032515047332378,17.288821044506456,17.961164817921908,44403000
2015-08-26,17.79102325439453,17.796511372016607,17.294311708090593,17.626367163517422,41784900
2015-08-27,18.134044647216797,18.161486790020355,17.82394340865349,17.925480593247432,41738400
2015-08-28,17.82120704650879,18.145029482032335,17.68673798219096,18.136796521943836,42909000
2015-08-31,17.763580322265625,17.837675402905223,17.642832318178343,17.78827763562763,24525600
2015-09-01,17.513845443725586,17.65105932394292,17.362912059818033,17.508357328194247,40181700
2015-09-02,17.683996200561523,17.821210132091743,17.57971411508715,17.72516100813133,28543800
2015-09-03,17.79924964904785,17.840412871441792,17.67026872571619,17.760829699314403,25571400
2015-09-04,17.533063888549805,17.645577372502093,17.428781796364362,17.582460090535612,27697200
2015-09-08,18.216379165649414,18.24931100502095,17.88706862331669,17.90078969962932,53120400
2015-09-09,17.87060546875,18.38926945689236,17.840418468080767,18.34810622158528,28392600
2015-09-10,17.596176147460938,17.741621438069163,17.516592964124918,17.582455071397124,43574400
2015-09-11,17.74161720275879,17.749850160486993,17.560496843566725,17.61263786232792,24187200
2015-09-14,17.640079498291016,17.74710637538956,17.513843433899027,17.741616690211934,20870100
2015-09-15,17.651060104370117,17.755342155457633,17.57696504545406,17.69496817111472,20582400
2015-09-16,17.75259780883789,17.774551842824078,17.576965536948375,17.727898931749788,16876200
2015-09-17,17.692222595214844,17.917251035390375,17.607151308274755,17.755341419968314,21399300
2015-09-18,17.382123947143555,17.626363184372842,17.360169911334513,17.494638969518586,38655600
2015-09-21,17.48640251159668,17.56324083641833,17.390353427862472,17.494635469662605,21358800
2015-09-22,17.450725555419922,17.513842800194098,17.266860365524334,17.351933209662423,26402400
2015-09-23,17.48640251159668,17.544031647781964,17.321748061106746,17.48640251159668,17629800
2015-09-24,17.516597747802734,17.55776255751254,17.371152417474264,17.387618341358184,20868600
2015-09-25,17.502872467041016,17.689482562290085,17.45896439407377,17.58245565300958,21489000
2015-09-28,17.46993064880371,17.549515359592093,17.42053448749851,17.453466308552414,28183200
2015-09-29,17.502872467041016,17.57422269304365,17.351939055069817,17.49463950707509,22920300
2015-09-30,17.79376220703125,17.82120592903091,17.54403485768675,17.681248756855613,23937600
2015-10-01,17.637338638305664,17.821205446648232,17.53031330731632,17.771807690551825,23511600
2015-10-02,17.832183837890625,17.832183837890625,17.401336048285014,17.49738358834492,21252000
2015-10-05,18.076419830322266,18.090140904996428,17.876088685471544,17.895299446236447,18900900
2015-10-06,18.024274826049805,18.098369869156986,17.88706253931754,17.985854883276453,22232700
2015-10-07,18.21089744567871,18.21089744567871,18.048984605599507,18.068195375406113,21408000
2015-10-08,18.353595733642578,18.383782736605802,18.153264518648857,18.175220130146556,17923500
2015-10-09,18.30145263671875,18.392013635450862,18.25205644208156,18.370059596692474,20262000
2015-10-12,18.3673152923584,18.386524487982307,18.271266173685348,18.295965056867594,16931700
2015-10-13,18.312423706054688,18.370052840315267,18.183442794364503,18.28223671757988,26575200
2015-10-14,16.47377586364746,18.647227024455606,16.47103102026026,18.279496524397537,242694300
2015-10-15,16.281675338745117,16.59452148878985,16.084089040426697,16.3832125457631,138760500
2015-10-16,16.160930633544922,16.325586700519217,16.018230174425387,16.32009858369384,78585300
2015-10-19,16.14995765686035,16.27344894685728,16.053908526801198,16.133491732786908,53417400
2015-10-20,16.12250518798828,16.191113691199696,16.07310901281842,16.152693745944873,31271100
2015-10-21,16.092329025268555,16.202099238928163,16.073118256454997,16.1362371107324,39352800
2015-10-22,16.16366958618164,16.454561655782562,16.09231938262574,16.174647386108116,43765500
2015-10-23,15.999019622802734,16.267957764417407,15.977067155209413,16.243258882959942,39121800
2015-10-26,15.922173500061035,16.04017659227183,15.908452429377345,16.02645552158814,32519400
2015-10-27,15.77398681640625,15.927665039498073,15.746544669137482,15.9194320812622,31534200
2015-10-28,15.817900657653809,15.839854697542808,15.68617641831981,15.82338877505686,35504100
2015-10-29,15.905712127685547,15.949620194518012,15.773987927188154,15.83985002743685,38566500
2015-10-30,15.70812702178955,15.949621407737554,15.70812702178955,15.842596075546085,47416500
2015-11-02,15.809663772583008,15.809663772583008,15.579145625822813,15.721847634822248,32157600
2015-11-03,15.946874618530273,16.007247023997976,15.78770672154422,15.79868452180496,30761700
2015-11-04,16.01822853088379,16.125253864242165,15.968832343970423,16.0758576773288,30169500
2015-11-05,16.08408546447754,16.185622648920923,16.03194445106251,16.056641751438708,26581500
2015-11-06,16.1307430267334,16.246002897375558,16.00176364968396,16.169162983614118,29931900
2015-11-09,16.05116081237793,16.13074242607023,15.922179869854805,16.053904085446604,25321200
2015-11-10,16.103300094604492,16.111533054271966,16.001762875833126,16.001762875833126,22844700
2015-11-11,15.801434516906738,16.117025602513326,15.771249086468504,16.053906757281297,26069700
2015-11-12,15.628551483154297,15.853580060256169,15.620318519686553,15.817904932080758,28654500
2015-11-13,15.483100891113281,15.658733198305518,15.450169048376393,15.5709170447094,37544700
2015-11-16,15.88101863861084,15.924925145720158,15.466635176857253,15.474868137651722,39964800
2015-11-17,16.443586349487305,16.71252286001886,16.246000053331738,16.284420003486616,74037900
2015-11-18,16.720760345458984,16.75918030601531,16.342053567869176,16.476521074401226,44633100
2015-11-19,16.65764045715332,16.8387608566567,16.583545391384558,16.772898750448523,34698300
2015-11-20,16.484750747680664,16.868947136069714,16.471029672420542,16.734479656354672,37113300
2015-11-23,16.53689193725586,16.66861771564694,16.432609879929316,16.545124896547577,31731000
2015-11-24,16.443586349487305,16.580798662581817,16.4271204322386,16.451819308111656,37361700
2015-11-25,16.531408309936523,16.6603892801605,16.432614341886733,16.465546187995614,23460600
2015-11-27,16.43535041809082,16.654890707442835,16.429862303426024,16.58628534844284,16022700
2015-11-30,16.147216796875,16.482017197775953,16.117031355661748,16.429876138862873,44827800
2015-12-01,16.188373565673828,16.270700024853802,16.09506773282737,16.226791951847193,36612300
2015-12-02,16.146867752075195,16.40698722631382,16.13856583089722,16.218815624378237,40760700
2015-12-03,16.337799072265625,16.50936833003925,16.216039733384736,16.24094548454549,47532300
2015-12-04,16.50937843322754,16.561956217790247,16.335041235271248,16.340575322217394,31305900
2015-12-07,16.741825103759766,16.805471053094944,16.484470304768692,16.484470304768692,34787700
2015-12-08,16.49553108215332,16.739048158073324,16.465089666306085,16.622822911540013,31132800
2015-12-09,16.362707138061523,16.63389788165478,16.299061203393453,16.398681064911226,26945100
2015-12-10,16.481698989868164,16.62836411768005,16.35163928386857,16.362707453837853,34078200
2015-12-11,16.42635154724121,16.47339363494323,16.274152366187735,16.340566122439565,29235000
2015-12-14,16.71137809753418,16.72521568344606,16.346103198384625,16.409749126491732,43574700
2015-12-15,16.503835678100586,16.835906087194125,16.48446559038939,16.78056049120218,43846200
2015-12-16,16.686485290527344,16.78333895729738,16.520449980798688,16.633907495227604,29881500
2015-12-17,16.321203231811523,16.694781765046958,16.318436980391347,16.694781765046958,38928300
2015-12-18,16.285228729248047,16.43742638866649,16.25755513200238,16.307366656986883,48770100
2015-12-21,16.478933334350586,16.487235253842027,16.235416168508873,16.27692418253684,28936500
2015-12-22,16.752885818481445,16.7971616548563,16.495532717481193,16.545342637545705,27798900
2015-12-23,16.905088424682617,16.913390344393065,16.725218775720464,16.880182665551267,22559400
2015-12-24,16.83313751220703,16.90785319262122,16.791629504612036,16.819301509675366,7448400
2015-12-28,16.811004638671875,16.87188433483243,16.741824605243487,16.763960949196996,16265100
2015-12-29,17.048986434936523,17.08772661728758,16.874650864068737,16.88018336619964,23650800
2015-12-30,17.0683536529541,17.120931415499243,17.01577747383804,17.062819568325423,17150100
2015-12-31,16.96320343017578,17.079428744281888,16.92722949370112,16.97150535142833,19725300
2016-01-04,17.007478713989258,17.015780634188737,16.703081834869046,16.741823601323482,35967600
2016-01-05,17.411497116088867,17.44747105140414,17.11540212915216,17.165212071632578,39978000
2016-01-06,17.585832595825195,17.696523819308847,17.286971359393775,17.289739194181198,49693800
2016-01-07,17.99538803100586,18.05073365189825,17.4114998852545,17.425335894620154,79290000
2016-01-08,17.58306121826172,18.10053533257793,17.54708729366073,18.009215812370698,53303700
2016-01-11,17.771228790283203,17.840408783888222,17.607959888461114,17.643933801821433,37961400
2016-01-12,17.60520362854004,17.912368358098686,17.552625853508747,17.815513145235744,36587700
2016-01-13,17.134765625,17.63563744204401,17.109861455063548,17.63563744204401,41177100
2016-01-14,17.45023536682129,17.605200832618564,17.107096757984152,17.156908273848035,38804700
2016-01-15,17.137535095214844,17.286966462818512,16.952129802711973,17.032379571091592,45523200
2016-01-19,17.31188201904297,17.37829582793584,17.15968430078309,17.226098109675963,39153900
2016-01-20,16.83591079711914,17.248229506405327,16.658807373885907,17.10156593196899,52107300
2016-01-21,17.12370491027832,17.375524053563897,16.855281924188738,16.874653601936615,36267600
2016-01-22,17.347848892211914,17.505580619960174,17.192881832047007,17.278667282026102,27592500
2016-01-25,17.558156967163086,17.66054466520704,17.30910572416811,17.372751660311078,38470200
2016-01-26,17.71035385131836,17.840415135774105,17.505578463853762,17.533252054577208,28323600
2016-01-27,17.696514129638672,18.03688478436497,17.67991029686455,17.738022128145335,30642900
2016-01-28,17.771228790283203,17.851476949493602,17.552615893577098,17.7186494616577,33834900
2016-01-29,18.363431930541992,18.410474044162235,17.915137641279188,17.917903893004073,49317300
2016-02-01,18.678892135620117,18.797883681081778,18.23336579874546,18.238899884168738,44185200
2016-02-02,18.501787185668945,18.772976349857252,18.34128605439661,18.623544971934017,40757700
2016-02-03,18.338520050048828,18.678890822812406,18.006451196551335,18.62631305641332,36946800
2016-02-04,18.380023956298828,18.415997876128085,17.98984333854603,18.197386523539212,38500200
2016-02-05,18.540525436401367,18.68719054831235,18.230594542854437,18.501785262279757,42589500
2016-02-08,18.512853622436523,18.582035219961476,18.031353440555357,18.40216559988304,62230800
2016-02-09,18.211225509643555,18.377260718223493,17.89852676409449,18.12267382064868,43927200
2016-02-10,18.2056884765625,18.427067663197754,18.16694672304412,18.316378069880127,29127900
2016-02-11,18.07562828063965,18.19738763218326,17.926196924992098,17.992610684898906,33560100
2016-02-12,18.313613891601562,18.33298398051254,17.951105203202125,18.13097642203082,29086500
2016-02-16,18.23613929748535,18.48519063661288,18.12544805406223,18.432612850187326,34081500
2016-02-17,18.29424285888672,18.432604475154985,18.21122525575413,18.291475024858304,37280100
2016-02-18,17.743562698364258,17.926200175366525,17.253760536454894,17.638408747017028,83683800
2016-02-19,17.89299201965332,17.92343185955159,17.555389113665463,17.679914723794457,46686900
2016-02-22,18.16141700744629,18.302546470799534,17.89299408530375,17.89299408530375,31761900
2016-02-23,18.396631240844727,18.42983891671656,18.064562399272088,18.219527858672652,34296000
2016-02-24,18.57373809814453,18.631849958363773,18.18632516887312,18.316384895703855,30873600
2016-02-25,18.82832145690918,18.853225630291732,18.631846403396093,18.665054079145005,28743900
2016-02-26,18.404935836791992,18.87260011714735,18.34682397899311,18.839392436445493,32952900
2016-02-29,18.357891082763672,18.526694144133273,18.324684987422117,18.438140861887483,28035600
2016-03-01,18.39109992980957,18.510091480581735,18.263806458817328,18.443677702250483,31288500
2016-03-02,18.321916580200195,18.449210039126335,18.263804727597424,18.321916580200195,27496800
2016-03-03,18.30254364013672,18.31914747641721,17.95387099539126,18.24996588086781,35540400
2016-03-04,18.479652404785156,18.618014052887094,18.288712982050004,18.302548988517252,30031500
2016-03-07,18.78681182861328,18.950080789514498,18.338519290808893,18.435372900331103,38476200
2016-03-08,18.82832145690918,18.94731298929423,18.676123832204354,18.742537600273046,30203700
2016-03-09,18.825538635253906,18.953774476446476,18.711241229711355,18.89801913869469,23474400
2016-03-10,18.792076110839844,18.967703825225758,18.51051601723254,18.831104669053484,30677400
2016-03-11,18.725175857543945,18.939832189328055,18.6220301785874,18.89244024163391,24872700
2016-03-14,18.77815055847168,18.864571110573202,18.666641455076196,18.719608478583055,20137500
2016-03-15,18.981647491455078,19.0541279801708,18.67778391347111,18.67778391347111,22700700
2016-03-16,18.953767776489258,19.05133838670092,18.747476449548053,18.939829345766327,24654000
2016-03-17,18.803237915039062,19.2130340086091,18.750270899391037,18.906383620981916,35514300
2016-03-18,18.663848876953125,18.964922564216515,18.60809354514788,18.81159819326729,69459300
2016-03-21,18.948200225830078,19.062496041074358,18.669426715536776,18.686151881935984,28247400
2016-03-22,18.920318603515625,19.146125061348812,18.898016790216722,18.956560445883913,22543500
2016-03-23,18.806020736694336,18.984435223441242,18.800444087619994,18.959345088060708,18331800
2016-03-24,18.956562042236328,18.967712152248986,18.783720980675323,18.797661010918617,18914100
2016-03-28,18.99001693725586,19.118252793365972,18.937049918533162,18.937049918533162,16810500
2016-03-29,18.964920043945312,19.01510031444698,18.797657261060415,18.99837355761309,19473000
2016-03-30,19.17958641052246,19.23534176874933,19.037412081469093,19.048563791175383,21625500
2016-03-31,19.093158721923828,19.28829999388959,19.087583667192355,19.165640814039286,18850500
2016-04-01,19.252063751220703,19.29109233276492,18.962138512736725,18.962138512736725,19807200
2016-04-04,19.263212203979492,19.33848103506378,19.213033514973887,19.23533533177102,20470200
2016-04-05,19.134971618652344,19.305022730212855,19.03182594090997,19.24369394557642,17337000
2016-04-06,19.24648666381836,19.252063314735313,19.101525643014845,19.15170433520438,16088100
2016-04-07,19.01788902282715,19.215818610605023,18.939833474732062,19.18794014793039,18331500
2016-04-08,18.973278045654297,19.065273587019366,18.91752433220944,19.042971782611247,19548000
2016-04-11,18.789302825927734,19.059713007896537,18.78372617422786,18.95935401427592,23596200
2016-04-12,19.17958641052246,19.1991015037204,18.80324372431222,18.836695663126505,23203800
2016-04-13,19.27714729309082,19.352416111106567,19.19909174542913,19.238118721684234,18788100
2016-04-14,19.17958641052246,19.30224724153019,18.998385085377812,19.277157091055255,20931300
2016-04-15,19.252063751220703,19.34963440750529,19.218610225567975,19.218610225567975,22753500
2016-04-18,19.475080490112305,19.48623060106609,19.19352024913196,19.24927399420445,19868700
2016-04-19,19.44998550415039,19.536406020704124,19.374718286076522,19.45556055823894,24598200
2016-04-20,19.29387092590332,19.511313965483286,19.271569116591305,19.447195266741723,16237500
2016-04-21,19.08757781982422,19.424893252593186,19.023460722175226,19.366351207967785,19852800
2016-04-22,19.157278060913086,19.21860685526824,19.034617281899543,19.185154930633757,18645300
2016-04-25,19.36635971069336,19.374723091476195,18.97328878965897,19.109888017192326,17688600
2016-04-26,19.318960189819336,19.48343622548463,19.263204871473793,19.430469231359268,19945200
2016-04-27,19.352418899536133,19.4527778697347,19.232548033550092,19.371933985627038,15441900
2016-04-28,19.210237503051758,19.408167044898107,19.165635482455976,19.254841118798662,14330700
2016-04-29,18.64154052734375,19.185147244880906,18.4993663155124,19.160057115092677,36297000
2016-05-02,18.84226417541504,18.872929369919145,18.546763935262543,18.571854074898162,22829100
2016-05-03,18.67778968811035,18.817177249690793,18.60809750247201,18.63876270221363,17767800
2016-05-04,18.730754852294922,18.8143870548125,18.52167514357677,18.63597094503759,18088500
2016-05-05,18.736330032348633,18.747481737162936,18.56070224637242,18.669424588917597,24273000
2016-05-06,19.02625274658203,19.029039476293903,18.622031779572172,18.652696972463414,29476200
2016-05-09,19.22139549255371,19.26321079781401,19.001164070788523,19.02625421103569,25968600
2016-05-10,19.176794052124023,19.27157637862876,19.082011725619285,19.21303430651843,19208700
2016-05-11,18.648853302001953,18.954939988311207,18.42420237564377,18.946515377719003,43792500
2016-05-12,18.772415161132812,18.828578710058494,18.64043331174484,18.688170641159573,28600500
2016-05-13,18.236064910888672,18.688174091448555,18.15462750888653,18.66851772945234,41234100
2016-05-16,18.539337158203125,18.632006278819286,18.16304641045493,18.213594079971212,30545400
2016-05-17,18.28099250793457,18.609544382109544,18.219213083571923,18.550573697701793,27758100
2016-05-18,17.733402252197266,17.910315895727038,17.612653761535675,17.696896670346483,66767700
2016-05-19,19.432329177856445,19.468834761489124,18.954944637140855,19.123433676647668,105230100
2016-05-20,19.617666244506836,19.69629328623882,19.334044575365102,19.46883516704616,50239800
2016-05-23,19.516571044921875,19.67382510373613,19.499721821895225,19.544652012079396,30299400
2016-05-24,19.72437858581543,19.774924662961542,19.530615677565493,19.55869825982962,26484000
2016-05-25,19.791770935058594,19.937794877798623,19.724375639985638,19.727184379841813,21791700
2016-05-26,19.895675659179688,20.044506763708654,19.825471610682808,19.850745453781098,26081700
2016-05-27,19.867591857910156,19.906906186931895,19.79458228715114,19.898483179912976,17321100
2016-05-31,19.87601661682129,19.937797654447028,19.791773691370892,19.819854666521024,25170600
2016-06-01,19.797386169433594,19.912520397364712,19.7721123320349,19.797386169433594,21662700
2016-06-02,19.923755645751953,19.937797740218233,19.69910462992285,19.797389650201936,19526100
2016-06-03,19.901288986206055,19.951835059102926,19.803003973621166,19.81704446015748,19123500
2016-06-06,19.95183753967285,20.09224563615401,19.937798658221798,20.08382102181867,27054000
2016-06-07,19.94622230529785,20.024850970394986,19.895676224495944,19.965880274987605,22090200
2016-06-08,20.016420364379883,20.06415929724448,19.881629784700326,19.895670269229804,18417000
2016-06-09,19.963069915771484,20.10347639853878,19.895674611223484,20.038889834241836,18209700
2016-06-10,19.977108001708984,20.052927911064238,19.84793328181372,19.93779528390528,22534200
2016-06-13,19.80580711364746,19.98833660067144,19.794575370326413,19.937790542066264,23722800
2016-06-14,19.923755645751953,19.98553507681266,19.713145117558316,19.842319853367755,27199200
2016-06-15,19.971492767333984,20.109092104538753,19.937795921448924,19.99395786686758,24051000
2016-06-16,20.02203369140625,20.066963878920753,19.881627257130987,19.937790794939243,20115600
2016-06-17,19.923755645751953,20.024849406290457,19.769308674931,19.95183662102289,54177900
2016-06-20,19.96587371826172,20.156826230507846,19.95183162731001,20.02484439430333,21427500
2016-06-21,20.066970825195312,20.13998361030278,19.92375560206444,19.92375560206444,20024400
2016-06-22,20.148405075073242,20.288809929175027,20.09785739939993,20.106282012012148,25372500
2016-06-23,20.246694564819336,20.286008899895165,20.159642886351683,20.274777150919807,20910600
2016-06-24,20.207374572753906,20.42079218804912,19.8001924855592,19.81142583732761,45361200
2016-06-27,20.07819938659668,20.15401929309572,19.9040960824602,20.11751370974999,33910200
2016-06-28,20.081010818481445,20.182104576309733,19.84512806160006,20.1512148616075,25683600
2016-06-29,20.3477840423584,20.35620865572618,20.095050461817017,20.114708428618744,21044100
2016-06-30,20.505041122436523,20.55278006578949,20.308471082175938,20.37867512707781,26140800
2016-07-01,20.446073532104492,20.547165700988447,20.33655514117731,20.535933951926253,22916400
2016-07-05,20.53873062133789,20.673522789225274,20.409557538780803,20.4292138930403,32245800
2016-07-06,20.729694366455078,20.774624574383065,20.547164794186006,20.57243863870712,33188100
2016-07-07,20.64825439453125,20.76057989166168,20.541544770549674,20.704417946511793,23378400
2016-07-08,20.735307693481445,20.73811643369352,20.56682023786505,20.72969181988808,27382800
2016-07-11,20.797088623046875,20.87852441993021,20.639832903278496,20.687571849341197,27120300
2016-07-12,20.575246810913086,20.704423173764607,20.49942688035393,20.65668422287001,37083600
2016-07-13,20.67353057861328,20.67633771209075,20.482576408419355,20.569629682837654,19197000
2016-07-14,20.69598960876465,20.811122218334038,20.670715773897278,20.721261836801652,19939200
2016-07-15,20.68757438659668,20.783050683601004,20.622986203786706,20.774626068154873,17984400
2016-07-18,20.735307693481445,20.830785578722544,20.648256028876563,20.67914574388624,16371900
2016-07-19,20.684762954711914,20.76900749138176,20.662297852055346,20.679147080755495,14394300
2016-07-20,20.721263885498047,20.811124275914864,20.67633369028964,20.746537722864225,15846000
2016-07-21,20.64544105529785,20.684755372243007,20.53873145508828,20.62016882834263,13175700
2016-07-22,20.65387535095215,20.754969126665774,20.617369756253936,20.712846050605492,12949800
2016-07-25,20.710025787353516,20.732492486639757,20.614549546122696,20.653863859628384,14202000
2016-07-26,20.704416275024414,20.79989253816973,20.614554277744055,20.698798795498405,15744900
2016-07-27,20.58928680419922,20.729693295009312,20.53873911776963,20.68476308940361,17333700
2016-07-28,20.566818237304688,20.589283336323717,20.350591860100355,20.53873565840793,13809600
2016-07-29,20.490999221801758,20.56962787521623,20.432026928325552,20.54716116838578,18906600
2016-08-01,20.71845054626465,20.77742282036062,20.44606230255262,20.44606230255262,17605200
2016-08-02,20.53592300415039,20.70160326572589,20.395514967907637,20.695987394188634,19539300
2016-08-03,20.482576370239258,20.61175110805635,20.361826246500545,20.49942399156518,19704300
2016-08-04,20.58367156982422,20.637028002488936,20.384294363250987,20.44326506369052,14834700
2016-08-05,20.712839126586914,20.766193933873456,20.628596216289708,20.628596216289708,16246200
2016-08-08,20.59489631652832,20.79989091884408,20.510651805332625,20.780234562524928,19731600
2016-08-09,20.651060104370117,20.746537975473416,20.52188699669603,20.600514035852843,19283700
2016-08-10,20.908353805541992,21.066686018470115,20.75002159261387,20.800913685168865,24156900
2016-08-11,20.865938186645508,21.148673393499756,20.78959926015906,21.06385218431148,18870900
2016-08-12,20.891386032104492,20.956416335015664,20.79808414636486,20.865940798643777,29982600
2016-08-15,20.730234146118164,20.9253218817921,20.670859758550506,20.86877384449912,28908300
2016-08-16,20.608654022216797,20.727402777872467,20.416392668356252,20.523832789106837,29289900
2016-08-17,20.61996078491211,20.625616719681574,20.354190092638518,20.354190092638518,43029900
2016-08-18,21.007307052612305,21.258942728456496,20.6199580810425,20.6199580810425,80574900
2016-08-19,20.586036682128906,21.004485326022074,20.546453221324516,20.950766879438962,46039200
2016-08-22,20.554933547973633,20.67933661857702,20.484248918833472,20.656717731391822,30936300
2016-08-23,20.34853172302246,20.659541767085642,20.345705373806233,20.608649685062247,28174200
2016-08-24,20.42205047607422,20.569072450303047,20.289163487857508,20.348537871129196,30152100
2016-08-25,20.1364803314209,20.52100135638307,20.088414596614307,20.46162698858092,31542600
2016-08-26,20.113862991333008,20.269368840683374,20.04317836728009,20.190201932317677,30115500
2016-08-29,20.187374114990234,20.260886706970606,20.10255450689263,20.113863140840184,22404300
2016-08-30,20.16193199157715,20.289163041191287,20.116694213144093,20.187377230801633,17322600
2016-08-31,20.19868278503418,20.255229186004502,20.116689532929097,20.204337101565173,18934800
2016-09-01,20.594512939453125,20.600167255675604,20.19019939968898,20.235437165129014,35284200
2016-09-02,20.49838638305664,20.693474075606417,20.475765878875137,20.636926050813386,24248700
2016-09-06,20.63974952697754,20.662370028009796,20.413562312786517,20.57189287737119,28712700
2016-09-07,20.373977661132812,20.65388652647963,20.359839444363942,20.63974830971076,28854900
2016-09-08,20.308950424194336,20.447491703194345,20.275022905195936,20.325914992608684,28983600
2016-09-09,19.876367568969727,20.218478883134644,19.876367568969727,20.164758817748044,36517800
2016-09-12,20.34005355834961,20.424874790784042,19.99511592903481,20.01490684887632,32592000
2016-09-13,20.204341888427734,20.331572938585047,20.116694299025973,20.31178201712256,22523700
2016-09-14,20.221302032470703,20.373979906363303,20.18737289701447,20.249575233464082,20941500
2016-09-15,20.470111846923828,20.515349620256334,20.14779149855693,20.20999545917711,21886800
2016-09-16,20.60300064086914,20.628445879476924,20.41922156375257,20.44749477013034,41807100
2016-09-19,20.382465362548828,20.60299992384761,20.382465362548828,20.53796961004527,20762100
2016-09-20,20.34853172302246,20.512518219447912,20.328740807188396,20.399423805045856,17731800
2016-09-21,20.410736083984375,20.509693908650164,20.21847475147734,20.407908116656962,20027700
2016-09-22,20.43335723876953,20.50969618678629,20.3541919409417,20.47859501405128,17615700
2016-09-23,20.455970764160156,20.574719488688796,20.453142797259936,20.52665537619532,23089200
2016-09-26,20.249576568603516,20.450320191684906,20.221303365745968,20.444664256849133,17846100
2016-09-27,20.4503173828125,20.495555148303257,20.238265154845816,20.33722296908561,19033200
2016-09-28,20.297637939453125,20.447487823745202,20.181715567722467,20.419214626972355,18554700
2016-09-29,19.997941970825195,20.27502291107527,19.966840801333305,20.235439457373747,23990400
2016-09-30,20.39093780517578,20.48706762781186,20.18736629467749,20.215639486424035,29947800
2016-10-03,20.359840393066406,20.3994238426376,20.243919629234504,20.308948310949226,17573100
2016-10-04,20.286333084106445,20.51817625289458,20.22978506220455,20.357016089195966,19707900
2016-10-05,20.263713836669922,20.43335629505679,20.24392291758462,20.32026186207567,19393200
2016-10-06,19.610595703125,20.263715500532513,19.47770872231679,20.263715500532513,60330900
2016-10-07,19.423988342285156,19.641696555690373,19.274138410960884,19.582320558869547,37961400
2016-10-10,19.220420837402344,19.49750346566314,19.15539051460082,19.438129078987455,26965200
2016-10-11,19.053600311279297,19.21476046564871,19.02815346022196,19.21193249847672,25774500
2016-10-12,19.073396682739258,19.2006277279601,19.047949826562885,19.15256198334823,26822100
2016-10-13,19.291099548339844,19.37874711737871,18.963124920582096,18.997054055584368,27581400
2016-10-14,19.353307723999023,19.45509192405977,19.285451051348296,19.344825437688847,19248000
2016-10-17,19.288265228271484,19.409841892269554,19.169516530535574,19.409841892269554,22480200
2016-10-18,19.472047805786133,19.503148969098607,19.2910967594808,19.387226598373015,23573100
2016-10-19,19.477706909179688,19.604937942657987,19.421160502225053,19.571010422051277,21369900
2016-10-20,19.432466506958008,19.5314243235684,19.387228740383552,19.5031511239169,18882000
2016-10-21,19.322208404541016,19.404201689648396,19.22325054518222,19.322208404541016,23533800
2016-10-24,19.56252670288086,19.613418788974084,19.336337855988486,19.401366542783702,21490800
2016-10-25,19.610595703125,19.75479131924469,19.508809896169126,19.511636246081736,22889100
2016-10-26,19.67563247680664,19.737834850042912,19.54840137926138,19.593639174736637,15151500
2016-10-27,19.743480682373047,19.791544808258436,19.619075989381603,19.678451986019645,21394800
2016-10-28,19.78871726989746,19.850919612657332,19.715206292725096,19.73499721186215,20858700
2016-10-31,19.797197341918945,19.839607142971293,19.749131606462118,19.808505975067487,19167000
2016-11-01,19.593626022338867,19.808504597691567,19.548388257229867,19.78588733296716,26515800
2016-11-02,19.636037826538086,19.783061387077893,19.56535482247783,19.56535482247783,22935900
2016-11-03,19.686933517456055,19.814166183719735,19.60776821484835,19.686933517456055,20411700
2016-11-04,19.554044723510742,19.774579257123904,19.545562439391357,19.70955056931566,21786300
2016-11-07,19.729345321655273,19.74630989319129,19.554048524054455,19.684107542779618,29266200
2016-11-08,19.732168197631836,19.802852821366738,19.64169427364001,19.709550930006607,22863900
2016-11-09,20.10255241394043,20.215645212962716,19.590798762081757,19.593626729189378,50338500
2016-11-10,20.184547424316406,20.382463075526843,20.074280964954742,20.14496397050826,42963900
2016-11-11,20.13930320739746,20.153439803983293,19.96117853119049,20.105374081327646,24671700
2016-11-14,19.930084228515625,20.161927385562556,19.84526300887351,20.1195159668264,38752500
2016-11-15,20.193031311035156,20.193031311035156,19.89050349333316,20.014906563677954,29175300
2016-11-16,20.184547424316406,20.37398079129436,20.167582855851446,20.28633321727588,33577200
2016-11-17,19.56252670288086,19.65582859108006,19.25999891793353,19.531425534204377,70320900
2016-11-18,19.37875747680664,19.621911014873074,19.35048426107735,19.48902560668057,33405900
2016-11-21,19.61341667175293,19.621898954824534,19.344818051749154,19.37874556620549,25068000
2016-11-22,19.825469970703125,19.91029118819114,19.71520352044982,19.71520352044982,32952000
2016-11-23,20.026214599609375,20.04317754971269,19.84243555526637,19.853745806498825,22196700
2016-11-25,20.13930320739746,20.258051912982257,20.068618606638534,20.105374081327646,12703200
2016-11-28,20.128002166748047,20.221305688290855,20.017735692240606,20.054491183743085,21297600
2016-11-29,20.178897857666016,20.2976466292143,20.130832108310436,20.181724207855318,21930300
2016-11-30,19.91312026977539,20.119516581890267,19.839607680995464,20.0516599276682,27978300
2016-12-01,19.98098373413086,19.997948307925988,19.805686913186417,19.862234953226576,20549400
2016-12-02,20.040355682373047,20.06014660416835,19.918778948041872,19.955534441564918,20022600
2016-12-05,19.774581909179688,20.071455421852036,19.73782641828643,20.046008566081095,31583700
2016-12-06,19.89333152770996,19.901813813333888,19.65017968375647,19.794373685871555,23334000
2016-12-07,20.10405158996582,20.118289369895695,19.90471941212861,19.913262405968432,20898600
2016-12-08,20.03001594543457,20.18948137346881,20.0243211589286,20.069882709795525,20532600
2016-12-09,19.955982208251953,20.05564832130842,19.85916430363505,20.010085133324736,32270100
2016-12-12,20.40874481201172,20.440068579880926,19.93889155279257,19.953129332840483,27252300
2016-12-13,20.44576644897461,20.568214960551195,20.391663528398304,20.408747889386213,26662500
2016-12-14,20.314773559570312,20.63939915590747,20.26921201519284,20.47423896489147,26008200
2016-12-15,20.240737915039062,20.445764896008626,20.226500133925708,20.28060467980221,21408900
2016-12-16,20.212268829345703,20.400209881436574,20.1040597029197,20.237897821207692,53534400
2016-12-19,20.383119583129883,20.431529343863538,20.172396180003663,20.172396180003663,17667900
2016-12-20,20.451459884643555,20.48278365267064,20.363183366728276,20.425830902782444,18324300
2016-12-21,20.286300659179688,20.502717208618442,20.286300659179688,20.405899321485567,15303000
2016-12-22,19.816455841064453,20.28631099411035,19.708246696512774,20.28631099411035,36320400
2016-12-23,19.802207946777344,19.862007277876174,19.75095161003686,19.770884177266613,14411700
2016-12-27,19.847759246826172,19.881929577202914,19.719616027039404,19.733855429889164,13307100
2016-12-28,19.73670768737793,19.93319162446846,19.722469909839102,19.916107269067382,14627100
2016-12-29,19.72247886657715,19.796515995165844,19.68261372312781,19.708241082572396,12895200
2016-12-30,19.6826114654541,19.770886367922067,19.600029720643086,19.6826114654541,20668500
2017-01-03,19.551616668701172,19.716776857961452,19.377911856875425,19.716776857961452,31419600
2017-01-04,19.6655216217041,19.82783361246601,19.534531768376855,19.55161775563898,23754000
2017-01-05,19.708234786987305,19.742406761210788,19.397846958367914,19.486121842762895,21297600
2017-01-06,19.437711715698242,19.50605403342299,19.366522819782492,19.480426682657072,28473300
2017-01-09,19.56585121154785,19.591478557368465,19.454793948294963,19.457642155345727,26055600
2017-01-10,19.429168701171875,19.725318719487294,19.426320493813453,19.54591913231929,30769500
2017-01-11,19.51460075378418,19.540229738854197,19.417782859202497,19.420631067346843,20092800
2017-01-12,19.355131149291992,19.523137903079814,19.34089174224361,19.466186792523104,19634700
2017-01-13,19.115938186645508,19.369373314404434,19.10170040458352,19.35798374051873,30037500
2017-01-17,19.483274459838867,19.73101474508956,19.38076017081177,19.392151371552266,39502500
2017-01-18,19.395000457763672,19.395000457763672,19.232686824734913,19.329506340616746,21964500
2017-01-19,19.255470275878906,19.417782288321302,19.215603510078637,19.40069629877695,20463300
2017-01-20,19.130176544189453,19.31527097538281,19.084614988456607,19.289641989254424,36164100
2017-01-23,18.979257583618164,19.13018006105236,18.95362859277818,19.08177028815797,23854200
2017-01-24,19.19281578063965,19.19566235825935,18.982092454556117,19.047588180945088,32131800
2017-01-25,19.047588348388672,19.286787229226302,19.01911116607793,19.226986286960095,26168700
2017-01-26,19.002025604248047,19.1415584116523,18.97070184628346,19.115929438024285,19512300
2017-01-27,18.697336196899414,19.070371527053172,18.58912712690474,19.039047763138434,40300800
2017-01-30,18.91374969482422,18.930835677766968,18.688790227244425,18.688790227244425,25924500
2017-01-31,19.00487518310547,19.04758851282672,18.759979886046064,18.85395116672372,27962700
2017-02-01,18.859649658203125,18.996334283657358,18.805543494208738,18.925143763538138,27150000
2017-02-02,18.993488311767578,19.118781751809493,18.890974015906508,18.890974015906508,26996100
2017-02-03,18.936532974243164,19.058978179282164,18.919446990504106,19.027654418896923,22875900
2017-02-06,18.90806007385254,19.03904992983684,18.899517080048188,18.899517080048188,27291600
2017-02-07,19.047588348388672,19.07891047893507,18.939379292071433,18.95361706852227,17417100
2017-02-08,19.309572219848633,19.312420427765588,19.04759412082361,19.04759412082361,22982400
2017-02-09,19.671213150024414,19.688299134457033,19.292481432344104,19.309567416776723,33241500
2017-02-10,19.36937141418457,19.5345332546019,19.29533430296171,19.43486716053595,37336800
2017-02-13,19.298181533813477,19.54877004553499,19.23838220628339,19.454798742610873,25122900
2017-02-14,19.551616668701172,19.55731145433548,19.28109398345485,19.329503734869807,25386900
2017-02-15,19.560157775878906,19.565852560964125,19.29532990180143,19.30672110138105,25689900
2017-02-16,19.611413955688477,19.71677481132856,19.537376861899634,19.554461217029175,25241400
2017-02-17,19.75379180908203,19.873390432655427,19.560156097525965,19.60002121911107,38512200
2017-02-21,20.346101760864258,20.582450898118065,20.132531771356145,20.27775942939805,67238700
2017-02-22,20.420133590698242,20.608074546203444,20.354639484367286,20.573902574615616,45728100
2017-02-23,20.306232452392578,20.645097488555102,20.26351748219043,20.502716427093947,38399100
2017-02-24,20.61377716064453,20.73052926869893,20.303389238081756,20.314780442740435,41669700
2017-02-27,20.42867660522461,20.62231234639637,20.36887565488259,20.58244558930479,27764100
2017-02-28,20.198020935058594,20.217955128555833,19.933193039921594,20.180934949035052,47857800
2017-03-01,20.06134033203125,20.24073833305599,19.975912014177243,20.209416191605506,40568100
2017-03-02,20.149620056152344,20.18948683129048,19.98161158823665,20.052802141739747,26748900
2017-03-03,19.94173812866211,20.223650410040232,19.899024788523704,20.14961330203654,27893700
2017-03-06,19.899019241333008,20.058484614569306,19.870543689178785,19.933189578036274,27547800
2017-03-07,19.896177291870117,19.992995169360984,19.893329084228554,19.904718655975994,21848700
2017-03-08,20.022396087646484,20.088371786719247,19.947814577148456,19.990841992884082,23939400
2017-03-09,20.03960418701172,20.091237405094137,19.953547729280743,20.008050097797348,22693500
2017-03-10,20.108449935913086,20.183031436676583,20.022393474283405,20.07976335444287,21296400
2017-03-13,20.065418243408203,20.208844554587138,19.9965734170755,20.076891560435254,20407500
2017-03-14,20.286298751831055,20.426857579131614,20.286298751831055,20.314983690826136,29875200
2017-03-15,20.246139526367188,20.280562767419518,20.085501564700763,20.22319124612913,26441400
2017-03-16,20.205976486206055,20.280559616434648,20.099840911769085,20.111315870800492,21183000
2017-03-17,20.048208236694336,20.294900986490944,20.02525995940696,20.246136923124183,42235200
2017-03-20,20.07402992248535,20.20885046462694,19.996579265036996,20.11992484540557,22398600
2017-03-21,20.051084518432617,20.194512545275455,19.990845469370658,20.128535193338273,26240400
2017-03-22,20.15147590637207,20.177291691940543,19.99944213613556,20.088366093342938,19366800
2017-03-23,20.03960418701172,20.168688052912973,20.008050097797348,20.137133963698602,20696400
2017-03-24,19.967891693115234,20.12852966025339,19.9449434120955,20.076896438306616,17577000
2017-03-27,19.982234954833984,20.099845515238716,19.89618012864528,19.942075051111566,17377800
2017-03-28,20.171554565429688,20.18589703294416,19.887569441028667,19.887569441028667,21756600
2017-03-29,20.29203224182129,20.418248579909843,20.168685053740262,20.180160012380203,20973000
2017-03-30,20.535856246948242,20.573148629268093,20.2633461024821,20.277688568886624,24424500
2017-03-31,20.67641830444336,20.81410797330746,20.43259305433697,20.458408841380034,29819400
2017-04-03,20.60470199584961,20.805499817310643,20.590359528800985,20.676415972482875,24873900
2017-04-04,20.656339645385742,20.670683756907636,20.51864996245569,20.57889063495427,16701900
2017-04-05,20.553071975708008,20.742394868075973,20.527254546179943,20.550202825296978,19063500
2017-04-06,20.48996353149414,20.68215557177534,20.47562106240619,20.567414177681368,17823300
2017-04-07,20.911630630493164,20.937448050142926,20.596091503018428,20.68214792712786,32304000
2017-04-10,20.95753288269043,21.078012565833685,20.862872267623136,20.937453756194994,22487700
2017-04-11,21.063671112060547,21.06940777113678,20.92024314542265,20.94032227288461,17431500
2017-04-12,21.06654167175293,21.178415567587642,21.01204094055049,21.098095763327308,19881900
2017-04-13,20.983346939086914,21.129642384028113,20.983346939086914,21.046455099922323,16009200
2017-04-17,21.080881118774414,21.106696903338666,20.983349714984506,20.986218864998385,16396200
2017-04-18,21.19561767578125,21.25585832729988,21.078008805107075,21.095218778436763,19883700
2017-04-19,21.247255325317383,21.33617927745988,21.187016307235027,21.255861133813454,17821800
2017-04-20,21.4566593170166,21.545584918852153,21.25873062729694,21.26733643659653,23043900
2017-04-21,21.496824264526367,21.54558998155272,21.399294471864337,21.439454377568943,17267100
2017-04-24,21.450925827026367,21.628775415582016,21.347659382955694,21.53698229134562,23437500
2017-04-25,21.52837371826172,21.562796956128455,21.473871352566267,21.505425440147334,17161200
2017-04-26,21.637380599975586,21.734910381306648,21.56279909903951,21.59148403918562,20845500
2017-04-27,21.640241622924805,21.714823095849642,21.51976196505791,21.668926552297457,18156600
2017-04-28,21.565662384033203,21.640245511750752,21.493950047714627,21.582874001305726,21991200
2017-05-01,21.58001136779785,21.720568563569444,21.539851465552882,21.539851465552882,18497700
2017-05-02,21.663190841674805,21.717694840218883,21.585740210002786,21.60008431779285,21955200
2017-05-03,21.732040405273438,21.766463645253637,21.56566578907694,21.628773968113688,16570800
2017-05-04,21.898414611816406,21.915626230194434,21.7521191383837,21.78080407475357,16502400
2017-05-05,21.944313049316406,21.972997988147352,21.852519931945057,21.921364769973568,16793400
2017-05-08,21.835308074951172,21.950049470419227,21.820965605691462,21.944312810993424,19536600
2017-05-09,22.00741958618164,22.102080205540492,21.895545706861693,21.927099793778073,24765900
2017-05-10,22.1489200592041,22.17202025628476,22.001645562379927,22.04207255964569,22535700
2017-05-11,21.984323501586914,22.15469988459619,21.926568039310478,22.0478540143785,25048200
2017-05-12,21.8630313873291,22.018969262289744,21.76484730168758,21.932336925936678,17678700
2017-05-15,22.030519485473633,22.082498226633643,21.889020057031754,21.889020057031754,26531700
2017-05-16,21.68977165222168,22.024747672227203,21.68110825137674,22.00164747314038,25115400
2017-05-17,21.692659378051758,21.86881078382228,21.64645567646032,21.689771027061777,32913000
2017-05-18,22.391496658325195,22.426150271085728,21.98432662264017,22.20379344474779,57500400
2017-05-19,22.746675491333008,22.940153650468336,22.457901601580872,22.51565704048102,55745100
2017-05-22,22.683147430419922,22.81309511637644,22.61095518954101,22.712025979145963,26692800
2017-05-23,22.66582679748535,22.804437910423903,22.651388346434437,22.691815348427077,22754700
2017-05-24,22.567636489868164,22.7004725163869,22.5647497918755,22.686034069300526,22281000
2017-05-25,22.61383819580078,22.769776054439873,22.56763450823173,22.62827829399354,18405000
2017-05-26,22.56186294555664,22.680260532881775,22.46368050739952,22.631168487615984,18377400
2017-05-30,22.567636489868164,22.639830377674386,22.504107653162986,22.52432114860904,16231200
2017-05-31,22.69759178161621,22.78999918914621,22.587857572080637,22.625397874842854,24605100
2017-06-01,23.047000885009766,23.047000885009766,22.697586489489986,22.709136586550844,24459300
2017-06-02,22.99213981628418,23.081658868834076,22.876630561844934,23.044118567688162,23989500
2017-06-05,23.176952362060547,23.23759616487567,22.95171056110306,22.98636251033703,30437100
2017-06-06,22.79288673400879,22.974814857071205,22.59940851076375,22.93727455291543,34577700
2017-06-07,22.856412887573242,22.95748368060212,22.735128596888405,22.83619938991728,25533600
2017-06-08,22.79288673400879,23.139414525110006,22.590746761814213,22.856417242137724,32799000
2017-06-09,22.93437957763672,22.974808221348727,22.73223801145104,22.82175704532286,28215300
2017-06-12,22.882400512695312,23.20871470341564,22.766891283994447,22.92860420417566,31231800
2017-06-13,22.963258743286133,22.97769719195965,22.78133230715039,22.87373970056052,16584000
2017-06-14,23.07299041748047,23.11341906077797,22.888175650833997,22.963256236690537,15019500
2017-06-15,22.787107467651367,22.899728359280612,22.45501818941185,22.865076412769515,33891600
2017-06-16,21.727312088012695,21.80239434500596,21.16420424862441,21.35479411126167,168699000
2017-06-19,21.80239486694336,21.949667728614987,21.519395938741493,21.76774126252076,48285300
2017-06-20,21.813941955566406,21.923676151256828,21.75041145781147,21.912124400585668,30057600
2017-06-21,22.01608657836914,22.122932438008988,21.82549505886312,21.83127176118134,27034200
2017-06-22,21.80816650390625,21.964104406469218,21.744637654884947,21.955441006062976,24333900
2017-06-23,21.611797332763672,21.883244433155486,21.528053348548248,21.831265693362177,39240900
2017-06-26,21.80239486694336,21.926565876458188,21.634905199525477,21.643568600631127,25762500
2017-06-27,21.949663162231445,22.05362230149689,21.787950230776445,21.802390331198296,19363200
2017-06-28,22.094051361083984,22.177797011388993,21.987205513642635,22.018972415641645,20966700
2017-06-29,21.92656135559082,22.039183894368694,21.799502021113216,22.01897039753971,21190500
2017-06-30,21.854368209838867,22.02474288148079,21.8514798593939,21.969877442021595,20889900
2017-07-03,21.761960983276367,22.044958191100502,21.681103693969806,21.900572062909546,14545800
2017-07-05,21.750410079956055,21.93233816178627,21.707094735525967,21.816827271890418,18110700
2017-07-06,21.793731689453125,21.938117853820884,21.727312831086586,21.75907808467496,18485400
2017-07-07,21.753299713134766,21.89479750470728,21.672442415915125,21.845707108600315,15921300
2017-07-10,21.146875381469727,21.747523464503583,21.117998482879056,21.701319765808673,45200100
2017-07-11,21.2161808013916,21.38366879505558,21.175752152184042,21.19019060139219,22597800
2017-07-12,21.35190200805664,21.429870944031034,21.27104472172233,21.27104472172233,17100600
2017-07-13,21.672443389892578,21.730197188466764,21.51650548994284,21.56270918975205,24481500
2017-07-14,22.044958114624023,22.108488605662437,21.920785483003268,22.02474296618031,27455700
2017-07-17,22.05362319946289,22.198009338190264,22.00164445390096,22.03052135117153,26506800
2017-07-18,22.004533767700195,22.102716221514985,21.946778313919616,22.018973870426386,12944700
2017-07-19,21.90924072265625,22.010311532370796,21.83127176509432,21.969882878010015,15940800
2017-07-20,21.952545166015625,22.018963990680398,21.860137803328975,21.940995071866787,14896200
2017-07-21,21.990093231201172,22.01319508004684,21.81682853867136,21.90057418656466,21459900
2017-07-24,22.20378303527832,22.281751975061294,21.955437768173212,21.955437768173212,22164000
2017-07-25,22.674484252929688,22.77266834528499,22.348171685739896,22.41170218023462,34512000
2017-07-26,22.784217834472656,22.86218677520208,22.506995668490013,22.68314704657801,20148300
2017-07-27,23.03833770751953,23.06144120661217,22.662933111442047,22.73223865159671,24157500
2017-07-28,23.047000885009766,23.090317879923987,22.969031946538568,23.04411418693175,14925600
2017-07-31,23.098979949951172,23.200050729103573,23.012347617481357,23.04988790933094,18789600
2017-08-01,23.246253967285156,23.31267280830347,23.101869493004624,23.174061730144892,17179500
2017-08-02,23.254920959472656,23.422410610741554,23.18850376056622,23.200055511718226,26019000
2017-08-03,23.353105545043945,23.610112598101544,23.29535009283598,23.488828296551905,29840700
2017-08-04,23.240482330322266,23.506152757381937,23.162513386409504,23.407970316014744,21425400
2017-08-07,23.471506118774414,23.520598180201986,23.257814373501464,23.2664777756578,16453500
2017-08-08,23.561025619506836,23.638994582501706,23.361772337353248,23.439741300348118,22144200
2017-08-09,23.715030670166016,23.82545509276458,23.508712754483856,23.569736339928326,19819500
2017-08-10,23.438968658447266,23.654004442713017,23.407003610067036,23.55810929757233,24135000
2017-08-11,23.36341667175293,23.61041753103882,23.351793923507188,23.45931182723625,23716500
2017-08-14,23.450593948364258,23.60751268914934,23.392475218797642,23.418628896517816,23376000
2017-08-15,23.47093391418457,23.65400632742481,23.40409895673467,23.488369698829917,21198300
2017-08-16,23.531963348388672,23.66563494984573,23.404103121924987,23.616234105481446,34608000
2017-08-17,23.16000747680664,23.191970868904736,22.761899213107604,22.913004931273683,51881100
2017-08-18,23.046672821044922,23.34888587156951,23.03795492904919,23.136756596488908,29259000
2017-08-21,23.16291046142578,23.2675235109698,22.895567294743973,22.991462451595318,28841700
2017-08-22,23.25299644470215,23.29367939643792,23.162914309857776,23.18906799228112,19638300
2017-08-23,23.235557556152344,23.40991041492934,23.212310397464215,23.348886831218994,23397900
2017-08-24,22.764802932739258,23.502900688237425,22.622415115077562,23.424442977117096,57384000
2017-08-25,22.849077224731445,22.98274883293083,22.80548941593023,22.81130245398505,29706600
2017-08-28,22.67471694946289,22.799670622694272,22.625316118679578,22.78514135782101,25864500
2017-08-29,22.889751434326172,22.95077667121439,22.520701808918076,22.570102636905023,22995600
2017-08-30,22.822919845581055,22.985649954771116,22.817106808891175,22.90428406879212,17489400
2017-08-31,22.68634796142578,22.883949693782217,22.68344310505349,22.84036188328237,24584400
2017-09-01,22.773523330688477,22.811301425267846,22.727029004956595,22.75608754284696,19423200
2017-09-05,23.189067840576172,23.215219860060138,22.636947296474474,22.65147656569185,36205500
2017-09-06,23.270429611206055,23.3634182545436,23.16581821883537,23.21231254050414,25278300
2017-09-07,23.28205680847168,23.46803411739709,23.247186894432314,23.34017388612672,20462400
2017-09-08,22.921720504760742,23.212310825099816,22.5875423846164,23.17162788095411,29998800
2017-09-11,22.97983741760254,23.058296781264957,22.857788594812195,23.000178056683673,21000600
2017-09-12,23.133853912353516,23.2210311839914,23.00599369224886,23.043770121979374,18015000
2017-09-13,23.206504821777344,23.444787842175213,23.128045433755336,23.13385680918739,26471100
2017-09-14,23.15419578552246,23.194878736150955,23.020525846378938,23.186160842247116,20817900
2017-09-15,23.357606887817383,23.46512646163437,23.035051491902628,23.191970243279098,39953400
2017-09-18,23.2471866607666,23.57264694811475,23.232655728730595,23.308210256798343,24528300
2017-09-19,23.261709213256836,23.38085152324202,23.160004350479934,23.29948730046691,18523200
2017-09-20,23.392475128173828,23.409910913253064,23.209404373145787,23.29658163577399,15954600
2017-09-21,23.250085830688477,23.412815934563667,23.16581509188481,23.412815934563667,19290900
2017-09-22,23.110605239868164,23.270428841782053,23.029241011022126,23.215216628779935,17265900
2017-09-25,23.000181198120117,23.27624226774277,22.915910449319963,22.93334623535257,25643400
2017-09-26,23.06992530822754,23.113513115507665,22.93334884853519,22.96821876180564,17505900
2017-09-27,23.040857315063477,23.122221521151666,22.860691459255058,23.07863373175809,18943800
2017-09-28,22.94206428527832,22.979840713428615,22.700874786071292,22.956591890047417,37118400
2017-09-29,22.706680297851562,22.956585962842816,22.660185988629795,22.91299817148528,31060200
2017-10-02,22.796772003173828,22.9071964497915,22.52071088662965,22.636948371424936,23127600
2017-10-03,23.02052879333496,23.14838737383306,22.883950655048547,22.907197820845337,23810100
2017-10-04,22.982742309570312,23.18324883357399,22.9769309359333,23.035047997839133,18520200
2017-10-05,23.075735092163086,23.191970899663517,22.979841590205325,23.005993607662827,15416100
2017-10-06,22.956588745117188,23.005989578190427,22.7386464363802,22.892660309265054,18740100
2017-10-09,23.40119743347168,23.64820000129013,23.07283228732222,23.101890826088525,40479000
2017-10-10,24.44732093811035,24.665263299770725,24.005624839713285,24.025965483864525,75372000
2017-10-11,24.912260055541992,25.07498849635801,24.438597347710733,24.578080293639783,55683000
2017-10-12,25.019790649414062,25.09825005416335,24.71757578375895,24.903554802150065,38631000
2017-10-13,25.17088508605957,25.266780240412995,25.060462327954134,25.060462327954134,28167000
2017-10-16,24.9151668548584,25.170885609012405,24.70594241964148,25.159262860662135,27900900
2017-10-17,24.984909057617188,25.095333483986167,24.793120402133418,24.845426096762072,17554500
2017-10-18,25.05465316772461,25.09824263679692,24.993629573791605,25.034312524003017,16416300
2017-10-19,25.106950759887695,25.182505260957633,24.92388003720893,25.03430443950772,21087000
2017-10-20,25.409175872802734,25.412080729150187,25.072091154407094,25.165079812893012,22853400
2017-10-23,25.76078224182129,25.839241612122713,25.356862642075136,25.380109801321186,31758000
2017-10-24,25.56609344482422,25.804376455272614,25.545751137508873,25.772411397578466,23102700
2017-10-25,25.711383819580078,25.74625372808493,25.40626422201446,25.528311395933493,19224000
2017-10-26,25.7520694732666,25.8944573035565,25.577714924102864,25.763692223067803,19454700
2017-10-27,25.62130355834961,25.685233672627728,25.324901812849482,25.61258566433275,19851000
2017-10-30,25.26678466796875,25.55737503759305,25.104054526554254,25.55446851867255,21156000
2017-10-31,25.371400833129883,25.414990311278792,25.165082845786962,25.240635724220308,18020700
2017-11-01,25.55446434020996,25.688135921635592,25.28130980323619,25.301650444048963,18528300
2017-11-02,25.80436897277832,25.9118868650626,25.513778681582913,25.653261622292433,15549300
2017-11-03,26.060091018676758,26.118208086661962,25.792747850194353,25.868300703682326,19536300
2017-11-06,25.775314331054688,26.06009162894063,25.76950129390562,25.984538773683393,15772200
2017-11-07,25.847957611083984,25.879922660551568,25.661980350740123,25.824710453541,16047900
2017-11-08,26.228639602661133,26.275133934727297,25.89155652656566,25.8944613830895,20302500
2017-11-09,26.24026107788086,26.31872046230031,25.964199972929404,26.135648011065495,20713500
2017-11-10,26.420421600341797,26.644175294685947,26.211197172319846,26.222819920270425,22943400
2017-11-13,26.440767288208008,26.728451139503317,26.405897374931623,26.455296557303857,25474800
2017-11-14,26.46982192993164,26.501786982344427,26.20538528066952,26.3564926500056,29502300
2017-11-15,26.10367774963379,26.400079439958812,26.051372058037597,26.251878594796302,25300200
2017-11-16,28.94856071472168,28.965993178015356,27.524668998584573,27.64090481950641,114367200
2017-11-17,28.323789596557617,29.096757320637757,28.06516263190652,28.838133681523047,70726500
2017-11-20,28.326696395874023,28.37319072598968,27.82688317851492,28.02448491289066,49182900
2017-11-21,28.047725677490234,28.454551828667274,27.98960860604673,28.402247794582618,38239500
2017-11-22,28.015758514404297,28.131995974078617,27.928582913800554,28.085501655316087,26754600
2017-11-24,28.076791763305664,28.254049522986588,28.05063641679164,28.149438113540736,13488300
2017-11-27,28.076791763305664,28.37609672159621,27.983799779253324,28.14362507530723,26714700
2017-11-28,28.120378494262695,28.15524674571533,27.84431738565878,28.06807112877881,26128800
2017-11-29,28.34993553161621,28.553348572022834,28.152332202027353,28.25113386682178,34272000
2017-11-30,28.254047393798828,28.605659693083634,28.04482126513738,28.50395481041888,38564100
2017-12-01,28.288911819458008,28.393523194579892,27.96345162143997,28.364464664020236,24888600
2017-12-04,28.19011116027832,28.466170535973905,28.094216010690815,28.399337243517945,26869500
2017-12-05,28.42839813232422,28.46036318483718,28.16396148223337,28.18720697922313,27030300
2017-12-06,28.268573760986328,28.518481151953427,28.256951012125015,28.474893349571385,21423000
2017-12-07,28.27149200439453,28.505192115496023,28.233518160060683,28.353286708973826,22507800
2017-12-08,28.204307556152344,28.248125075004392,28.084535659615195,28.131275015003194,17463300
2017-12-11,28.315317153930664,28.414636205978567,28.128359711178405,28.324079321469714,26786700
2017-12-12,28.248125076293945,28.405870818618446,28.21891339705791,28.291942595147994,23431800
2017-12-13,28.557777404785156,28.601594930569718,28.204312018447506,28.236445539302107,23638200
2017-12-14,28.373743057250977,28.794397341073974,28.36498088892809,28.62788939843458,28157400
2017-12-15,28.367904663085938,28.77103468529739,28.30948128189089,28.543178149734782,48428400
2017-12-18,28.59866714477539,28.677540012006464,28.440924753375477,28.446765083094153,23893200
2017-12-19,28.861581802368164,29.185835469661683,28.712598219192724,29.185835469661683,36036600
2017-12-20,28.84697723388672,29.10988571471802,28.759338844901148,29.051462350769444,32189400
2017-12-21,28.64541244506836,29.016405466889513,28.622041094882267,28.920004915614125,22107300
2017-12-22,28.689226150512695,28.750571339882274,28.53440225895498,28.71259415452868,16436100
2017-12-26,28.966745376586914,29.048540090760905,28.73012674436715,28.73012674436715,12887700
2017-12-27,28.99595069885254,29.095273068785282,28.870338489904277,29.08358906734082,15422400
2017-12-28,29.036853790283203,29.101124172294632,28.95506241622382,29.071909146630244,29291700
2017-12-29,28.84697723388672,29.12156971889519,28.84697723388672,29.036853166719588,21432900
2018-01-02,28.80023956298828,29.15078311029864,28.779790047182015,29.007643185780605,30451500
2018-01-03,29.051467895507812,29.21213217703064,28.852823071269135,28.87619442714683,26710800
2018-01-04,29.077749252319336,29.147856613347937,28.89371366867409,29.077749252319336,20491200
2018-01-05,29.250102996826172,29.323132199771493,29.098200917474855,29.106963084603247,21852000
2018-01-08,29.68244743347168,29.723346470122742,29.273477125340953,29.28516447470601,26531700
2018-01-09,29.3260498046875,29.898609370957583,29.302681800342103,29.805127324389574,21938100
2018-01-10,29.115724563598633,29.179991597896652,28.782708731588507,29.139095913826342,23791200
2018-01-11,29.217975616455078,29.343587877744756,28.85574467624322,29.124496879823845,19613100
2018-01-12,29.466262817382812,29.63277068480123,29.299754949964395,29.32604478611952,20853600
2018-01-16,29.41368865966797,29.77007918829804,29.311447777005704,29.60356792767475,21512100
2018-01-17,30.000856399536133,30.07096377002759,29.41661271114748,29.548068627530345,26045700
2018-01-18,30.46825408935547,30.655211559762737,30.26961261281356,30.596788186026284,36923700
2018-01-19,30.552967071533203,30.65228612662133,30.281293066627732,30.567572913253894,25135800
2018-01-22,30.80419921875,30.80419921875,30.392307025091473,30.526681470939995,21924900
2018-01-23,30.935630798339844,31.008659975456645,30.547110227180163,30.75743893756256,24863400
2018-01-24,30.90351104736328,31.09339033544622,30.620153033737626,31.067100488594498,20469300
2018-01-25,31.140125274658203,31.201470470639883,30.921034333848635,30.921034333848635,17571300
2018-01-26,31.663028717041016,31.668869048068533,31.163501560318863,31.25698028738894,20358900
2018-01-29,32.00188064575195,32.127492864279624,31.546171124045454,31.58122647411415,25065600
2018-01-30,31.470237731933594,31.946397031889877,31.30080790239329,31.88212996843251,27541500
2018-01-31,31.140125274658203,31.6016785058745,30.98530136641277,31.481906607431135,29438400
2018-02-01,30.824628829956055,31.12843626750755,30.725309803555344,30.953162874422528,19160400
2018-02-02,30.520822525024414,31.102144176072727,30.42442199865628,30.716542070600177,27759300
2018-02-05,29.238420486450195,30.558806595684366,28.362056634091665,30.205341223699048,37684800
2018-02-06,29.47502899169922,29.527612014224733,28.40878944771607,28.522714315261663,49241400
2018-02-07,30.0446720123291,30.55296462406812,29.215047565412483,29.35818747725925,33495600
2018-02-08,29.217975616455078,30.22871403839737,29.21213194176688,30.155684820111507,41925300
2018-02-09,29.02808380126953,29.53345446607118,28.1692478605524,29.366943239819673,42553800
2018-02-12,29.08066749572754,29.343575917459898,28.861576587106914,29.250097218930083,27405300
2018-02-13,29.49840545654297,29.56851616540854,29.016406033811283,29.016406033811283,19868400
2018-02-14,29.708742141723633,29.869406429991077,29.27347861838497,29.463357938491804,21922800
2018-02-15,30.155683517456055,30.27545209888381,29.746713226595148,29.957042046461368,22484700
2018-02-16,30.60847282409668,30.65521219266347,29.79053220264622,30.114789288317276,48192900
2018-02-20,27.491531372070312,28.610355729107052,27.48860953555335,28.332841435118386,156265500
2018-02-21,26.734941482543945,27.850845895871824,26.653148430693008,27.783657014908055,148511100
2018-02-22,27.10009002685547,27.281205464690366,26.673593784851207,26.70864914060761,61095000
2018-02-23,27.135143280029297,27.31041670216742,26.8050459488702,27.13222144343221,38374500
2018-02-26,27.202329635620117,27.40097104605264,26.939419526709667,27.138062608673266,44097900
2018-02-27,26.734941482543945,27.377608578155165,26.7320196454476,27.35131705888262,40128300
2018-02-28,26.29383087158203,26.904365958544588,26.290910706774092,26.875154281278686,42431100
2018-03-01,26.02216148376465,26.34349498394672,25.62195678051717,26.34057481881468,56728800
2018-03-02,25.931596755981445,25.969572263452793,25.484651159069532,25.493414994875344,57130200
2018-03-05,26.285072326660156,26.43697607812508,25.72712018775001,25.747568030346823,40149600
2018-03-06,26.01631736755371,26.43697322172527,25.890705145740526,26.393154032993266,33164100
2018-03-07,25.630720138549805,25.861495084687544,25.513870075645425,25.700829173373688,34359000
2018-03-08,25.836423873901367,25.89813480699002,25.665982312302862,25.792343434911746,28766100
2018-03-09,26.071516036987305,26.071516036987305,25.721818479409528,25.930461983887938,29263200
2018-03-12,25.8804988861084,26.283091202636264,25.8246647924661,26.065633340079515,25422000
2018-03-13,25.948087692260742,26.12440606685459,25.85405335570643,25.974535952898812,21519000
2018-03-14,25.762964248657227,26.15086380443862,25.713008646899393,26.00980804474764,33121800
2018-03-15,25.715938568115234,26.092082664670695,25.24281919110529,25.765895836500288,49845600
2018-03-16,26.203752517700195,26.474106944912677,25.71300261631046,25.777651125864008,85188000
2018-03-19,25.69830894470215,26.177305200404298,25.595456822901376,26.127349608556095,36160200
2018-03-20,25.84523582458496,25.904007491834303,25.674794290269478,25.818787565424834,24774000
2018-03-21,25.912824630737305,26.353618878997526,25.765893775149436,25.82760470086641,35508000
2018-03-22,25.607206344604492,25.939269961365508,25.563127594498038,25.7218121037792,36744600
2018-03-23,25.101764678955078,25.768832922729302,25.060623498800194,25.668920069350342,30375300
2018-03-26,25.71300506591797,25.76883749278393,25.304534129684193,25.33685922828892,27599400
2018-03-27,25.28689956665039,25.871687180158897,25.119398938858996,25.848178172618276,19637400
2018-03-28,25.79235076904297,25.930467275155195,25.328047329139416,25.3486170855191,34728900
2018-03-29,26.14497947692871,26.253708420848042,25.79234270103272,25.830544626072207,27823800
2018-04-02,25.139976501464844,25.93046859695209,24.931334625273315,25.85993987091847,57386700
2018-04-03,25.507299423217773,25.551379867959167,25.13997135169034,25.345675609824752,29086500
2018-04-04,25.630720138549805,25.713002505258007,25.107643462397142,25.1546614772313,19609800
2018-04-05,25.804100036621094,25.962786261723156,25.58076361884828,25.742389100525155,19142700
2018-04-06,25.474971771240234,25.830544437900347,25.310407046889328,25.516111270831207,19050000
2018-04-09,25.354488372802734,25.698307389198686,25.34273471007822,25.52199067785322,25104300
2018-04-10,25.404447555541992,25.595457200420505,25.17229504354004,25.5190533424691,27382200
2018-04-11,25.245756149291992,25.524924939980146,25.213431058749727,25.272204409234735,18837000
2018-04-12,25.10470962524414,25.51611647554895,25.098831111391984,25.328044388210273,20568900
2018-04-13,25.278085708618164,25.351551994224977,25.034181205177187,25.23988377818166,22677600
2018-04-16,25.51905059814453,25.75707991635342,25.307469542457778,25.330978548645195,21062100
2018-04-17,25.830549240112305,25.90989236071207,25.686557601780603,25.707127355400257,20405700
2018-04-18,25.733577728271484,26.02450196710818,25.71594554858509,25.918710570487015,17562000
2018-04-19,25.827611923217773,25.871690687771196,25.442651662361136,25.68655785885032,19764900
2018-04-20,25.56019401550293,25.97160081902664,25.469095557621383,25.821732362780146,24974700
2018-04-23,25.301591873168945,25.58957676905111,25.278081186263563,25.533742671018405,22081500
2018-04-24,25.427955627441406,25.539623842484957,25.14584751459264,25.498482655653596,25409100
2018-04-25,25.616025924682617,25.771772880763525,25.239880143519738,25.36624126218842,20281200
2018-04-26,25.84229850769043,25.953966701639008,25.536681443170995,25.616024545108317,17347500
2018-04-27,25.651287078857422,25.83054303058441,25.589576151336384,25.821728625078542,16953300
2018-04-30,25.99510383605957,26.34773885563777,25.83641765687528,25.842294486827484,26057700
2018-05-01,25.686553955078125,25.862870667992766,25.375058349150773,25.76295780795791,20873100
2018-05-02,25.372121810913086,25.63953530691902,25.319225281530162,25.604272635493963,18249000
2018-05-03,25.339792251586914,25.357422743445813,25.013603770496534,25.328036908851047,20628300
2018-05-04,25.721811294555664,25.889313566384235,25.084128977064232,25.272202676825852,20914500
2018-05-07,25.11646270751953,25.71300573739769,25.057689340840565,25.710066480539773,32350800
2018-05-08,25.19580078125,25.22812587422449,24.95483389357268,25.131150595301026,19654200
2018-05-09,24.408248901367188,24.59044412049033,24.096753306899636,24.26131803242771,96795600
2018-05-10,24.452611923217773,24.77198216824879,24.251525575383727,24.43782643606815,47572800
2018-05-11,24.656652450561523,24.69805282664007,24.233782136024004,24.452610036297102,29804400
2018-05-14,24.9553165435791,25.073602091576987,24.736488702805506,24.807460031604236,28497600
2018-05-15,24.993759155273438,25.10021699460215,24.78084516870597,24.85773204403391,27968700
2018-05-16,25.469865798950195,25.469865798950195,25.05882489213277,25.097267493831218,41200800
2018-05-17,24.984895706176758,25.9016093649121,24.795638780094126,25.738965636503345,89162100
2018-05-18,24.73353385925293,24.97010667536064,24.689177408033444,24.910963048311174,36129300
2018-05-21,24.990806579589844,24.99967820845249,24.786764192019554,24.881392643767526,32147100
2018-05-22,24.653688430786133,25.079516382256347,24.630029630281253,24.987845721681875,24201900
2018-05-23,24.5472354888916,24.55019157047643,24.298834954985306,24.52949223102182,28197600
2018-05-24,24.49992561340332,24.544283765955022,24.183511457593358,24.544283765955022,25728600
2018-05-25,24.384592056274414,24.64482028560635,24.343191687676352,24.49991984155819,17740500
2018-05-29,24.366849899291992,24.40233472248481,24.192378480694344,24.23673493270791,25284600
2018-05-30,24.8754825592041,24.908011305934476,24.325453330977442,24.38163919423078,27942300
2018-05-31,24.408245086669922,24.931659267601354,24.399373459118042,24.822245347944712,34406100
2018-06-01,24.541318893432617,24.66847607381776,24.499918527055822,24.55610437597647,15713700
2018-06-04,25.25990104675293,25.289472008575324,24.632986841997145,24.692128765641936,32766000
2018-06-05,25.02332878112793,25.274685328876007,24.913913181813,25.26877147520999,24844200
2018-06-06,25.005590438842773,25.180061846927508,24.943490732929575,25.120919914473063,22088400
2018-06-07,25.120914459228516,25.360441602579535,25.044027594808338,25.07064247388721,23117100
2018-06-08,24.946449279785156,25.191892029678556,24.881391798396272,25.070648695462015,22807200
2018-06-11,24.92870330810547,24.999674636776852,24.777889023167532,24.961232045257763,18756900
2018-06-12,24.86956024169922,25.014460675495464,24.683261134324034,24.934617717451818,24185100
2018-06-13,24.866607666015625,24.949406716935922,24.79563632575956,24.80746403642379,19075200
2018-06-14,24.77788734436035,25.079515893799606,24.742400836384046,24.90504451112572,22552200
2018-06-15,24.75127601623535,24.837034525458122,24.562019125434897,24.69213239181517,37509000
2018-06-18,24.544281005859375,24.712836890329594,24.491051228783217,24.559064798926777,25506900
2018-06-19,24.72466468811035,24.727620769695744,24.357978588486148,24.42599215421296,28057500
2018-06-20,24.72466468811035,24.786764398576185,24.59159194615191,24.75423565650547,23899800
2018-06-21,24.902095794677734,25.00263811702686,24.51471029952828,24.66256685499351,24276000
2018-06-22,25.082473754882812,25.09134538250652,24.869559768183624,24.976017607578193,32439000
2018-06-25,25.570405960083008,25.60884855599309,24.981934235076725,25.01446297594452,47818500
2018-06-26,25.42550277709961,25.741916831031823,25.360445302364397,25.58814477184768,30378600
2018-06-27,25.69460678100586,25.872035978694722,25.298349705978932,25.401849789282394,30899100
2018-06-28,25.390026092529297,25.81289642959911,25.339754083748762,25.682783130535515,25401000
2018-06-29,25.32791519165039,25.49055886966945,25.289472601961304,25.40184429003086,24766800
2018-07-02,24.83999252319336,25.41367878675893,24.662563328334464,25.327920270920004,24375300
2018-07-03,24.970108032226562,25.15049331258075,24.86660794833346,24.86660794833346,13188600
2018-07-05,25.008548736572266,25.30721956274463,24.919834143940736,25.117962667578766,16102500
2018-07-06,24.990806579589844,25.097264433851407,24.786764192019554,24.89913590149282,16841100
2018-07-09,25.410720825195312,25.570406760969583,25.06769184064652,25.13570540598843,19726200
2018-07-10,25.78923225402832,25.82471876630001,25.395932998193956,25.410718480943817,18145200
2018-07-11,25.588150024414062,25.771493085353313,25.54675134298448,25.744879889018623,16787700
2018-07-12,25.585193634033203,25.848379664982506,25.496479032443627,25.709393061004437,14665800
2018-07-13,25.934133529663086,26.01989034763514,25.579275163848923,25.58519071081189,19165800
2018-07-16,25.916393280029297,25.940050394355833,25.676864362939263,25.910479424470235,13341600
2018-07-17,26.07903289794922,26.229847189578336,25.84541787315155,25.84541787315155,17734500
2018-07-18,26.04355239868164,26.374752023639996,26.005109796581703,26.120437602881513,15136500
2018-07-19,25.940048217773438,26.164791631062858,25.848377541983886,25.981448587393615,14649300
2018-07-20,26.04058837890625,26.073117117209783,25.786275711234072,25.845417641175043,14445300
2018-07-23,25.913429260253906,26.06720131235764,25.83950185335874,25.919344806477426,12450000
2018-07-24,26.01102066040039,26.1707065985156,25.90752057799573,26.05833488709451,16768500
2018-07-25,25.99327278137207,26.0287592911291,25.759659463134668,25.80697368141743,17427300
2018-07-26,26.09086036682129,26.445717022652705,26.076074884339562,26.170703325894607,19644900
2018-07-27,26.061298370361328,26.28308406809057,26.031725703130995,26.212112712500836,14038200
2018-07-30,26.2830810546875,26.300824314573283,25.990324034933646,26.022851088603723,18032100
2018-07-31,26.386579513549805,26.513736714704642,26.259422312394967,26.318565944320834,20124300
2018-08-01,26.093822479248047,26.357006818531207,25.987364618750934,26.277165538271234,15150000
2018-08-02,26.247589111328125,26.271246222257393,25.910475703608572,26.005104147325643,12918300
2018-08-03,26.495996475219727,26.69708112408326,26.318568943404284,26.37475311581433,17241600
2018-08-06,26.516693115234375,26.60836549200804,26.357007168414057,26.410236945414372,13954800
2018-08-07,26.5462589263916,26.720732016531016,26.51077410737798,26.564002181943405,13580100
2018-08-08,26.629064559936523,26.68229433639144,26.42797993363005,26.605407445542216,15123300
2018-08-09,26.474397659301758,26.658805576667877,26.400039161450817,26.60824159389908,14183700
2018-08-10,26.8223934173584,26.87890560592065,26.36732265804218,26.382195719805335,24734700
2018-08-13,26.661779403686523,26.92946898058562,26.581474402726595,26.828342714780007,17637600
2018-08-14,27.02166748046875,27.101974169646546,26.658801605005745,26.661774855249327,17510400
2018-08-15,26.834291458129883,26.89080364654839,26.670703096413664,26.843212912479824,25850700
2018-08-16,29.33866310119629,29.805628498427374,29.12153583260156,29.7758857830222,127893900
2018-08-17,29.103700637817383,29.64502296699155,29.03231537886207,29.07990441688678,49389900
2018-08-20,28.553442001342773,29.234559703444802,28.538570643889443,29.05015350948929,38037900
2018-08-21,28.577239990234375,28.660518235610443,28.36308766423767,28.54154736859563,31593900
2018-08-22,28.455289840698242,28.80625933310478,28.32442087009112,28.61292827666305,23297100
2018-08-23,28.309558868408203,28.51181144489511,28.273866236134996,28.404735249993866,18289200
2018-08-24,28.241140365600586,28.452317740820327,28.062682361752998,28.282781190534912,25782900
2018-08-27,28.11919593811035,28.437449512200487,28.044839137455806,28.333346587447977,21120900
2018-08-28,28.574268341064453,28.657549999903882,28.116222621283733,28.1876061708955,29949000
2018-08-29,28.446369171142578,28.80031534873944,28.413651500152568,28.636726993789374,23588400
2018-08-30,28.583194732666016,28.70216903782039,28.389865316106473,28.404734976852815,21176100
2018-08-31,28.511802673339844,28.68431417305716,28.2887288960153,28.609953978058503,18974100
2018-09-04,28.36309051513672,28.633753349403822,28.3273995918284,28.493959503157953,24842100
2018-09-05,28.737857818603516,28.800318214192338,28.36309204123431,28.455295158166738,28423800
2018-09-06,28.687286376953125,28.76759306524924,28.556415713976442,28.7110791863114,18452400
2018-09-07,28.502880096435547,28.696211161218248,28.446367912854175,28.49395694093134,20017200
2018-09-10,28.821130752563477,28.907387351594345,28.580210669583096,28.586160574287174,24997800
2018-09-11,28.743799209594727,29.047179678725755,28.699185135512213,28.931180363042685,19390500
2018-09-12,28.544525146484375,28.773547165264574,28.532628738663192,28.63078005990148,17700000
2018-09-13,28.291711807250977,28.440427133330253,28.229251404336047,28.351197256915352,22958700
2018-09-14,28.134071350097656,28.20842815696296,28.062687794356037,28.116225035682696,18958200
2018-09-17,28.20247459411621,28.39878061154472,28.068630665271794,28.181653330615546,15989400
2018-09-18,28.383913040161133,28.431502077483046,28.00320074158582,28.09540556509592,20279400
2018-09-19,28.327402114868164,28.52073151233678,28.220325931570148,28.425553439146633,17025300
2018-09-20,28.47909164428711,28.490988052168724,28.24114476555519,28.360117353962075,16656900
2018-09-21,28.523700714111328,28.63970003112176,28.4433940183096,28.529648917006828,28590300
2018-09-24,28.232221603393555,28.553448442991012,28.21437699157448,28.38688681925259,16011000
2018-09-25,28.2857608795166,28.70811229684403,28.253043204583687,28.55047553002591,18579600
2018-09-26,28.134071350097656,28.431501981395304,28.1132500826408,28.285761618788378,17755800
2018-09-27,27.99724769592285,28.244115997079884,27.905042888357446,28.015094007312015,16090200
2018-09-28,27.93181037902832,28.068629253467616,27.86637504317677,28.041859788278032,18918900
2018-10-01,28.077552795410156,28.154884537799646,27.97047663509424,28.044835127033565,14982900
2018-10-02,28.30062484741211,28.437443715412137,27.913962755154735,27.937757266897446,23263800
2018-10-03,27.97940444946289,28.416628914884473,27.970481292790843,28.404730805349043,18982200
2018-10-04,28.021047592163086,28.10730251121952,27.720642001060888,27.97940675823018,18135900
2018-10-05,27.753355026245117,28.015096410625585,27.62843423964031,27.91694339148291,20080200
2018-10-08,28.1638126373291,28.23519618943229,27.66710102357892,27.73550962279184,17287800
2018-10-09,28.87467384338379,29.07097988087246,28.312526902107415,28.4463708446291,34796700
2018-10-10,28.4820613861084,29.103695424082147,28.46421507456662,28.731904641939487,27008400
2018-10-11,27.93478775024414,28.63970174401509,27.839609690552294,28.496932952559362,29779500
2018-10-12,28.199501037597656,28.30657720712451,27.860429620945585,28.184629678314092,25661700
2018-10-15,27.905044555664062,28.253040840873616,27.905044555664062,28.107298792350658,24916500
2018-10-16,28.496936798095703,28.574270258469603,28.05971231464502,28.16678849720678,33725100
2018-10-17,28.720003128051758,28.737849436419808,28.226264907402324,28.3095465451748,28618200
2018-10-18,28.6040096282959,28.925236436415545,28.47611389557552,28.672416519776217,34195200
2018-10-19,28.89548683166504,29.044203811089265,28.553442203975546,28.553442203975546,26852100
2018-10-22,28.892520904541016,29.023391599589647,28.773546617086925,28.95200634634995,21368700
2018-10-23,29.088825225830078,29.145339121886412,28.58616708656469,28.702166427870708,28217400
2018-10-24,29.017436981201172,29.49630219843109,28.934155333892562,28.999590670789637,31094100
2018-10-25,29.49928855895996,29.588516741688867,28.850884843983444,29.15129047710847,32211300
2018-10-26,29.427900314331055,29.645024245987425,29.15426248292409,29.389236133925888,44776800
2018-10-29,29.683692932128906,30.257736387596978,29.472515495245172,29.597436304607257,38118300
2018-10-30,30.46295928955078,30.516498229930363,29.761020178032098,29.805634259763625,38125500
2018-10-31,29.826457977294922,30.483783061102166,29.77886893876976,30.483783061102166,37064700
2018-11-01,29.915685653686523,30.091167019284747,29.659894179465795,29.731276026033672,23205300
2018-11-02,30.1417293548584,30.210139648779133,29.835377316175247,30.00491217085283,21909600
2018-11-05,30.608701705932617,30.68603346260984,29.9305554018346,30.09711872685961,22850400
2018-11-06,30.733623504638672,30.766341180132,30.35291121077915,30.498653273991575,19106100
2018-11-07,31.028085708618164,31.072699796828154,30.650344925898708,30.831779635890104,26017800
2018-11-08,31.194643020629883,31.30766741019647,30.94182647159604,31.031058044325693,17884200
2018-11-09,31.396907806396484,31.498032412127184,31.173833917636607,31.230344426382814,25351200
2018-11-12,30.894229888916016,31.59021896704648,30.82879455284076,31.379045004806105,26829300
2018-11-13,30.61762237548828,30.977516784892973,30.49865149252463,30.83474968303487,23870100
2018-11-14,30.198244094848633,30.680080906965742,30.04357719101633,30.635466828563267,31445700
2018-11-15,29.606351852416992,30.575978700496968,29.3327140969205,30.433211619868672,48247800
2018-11-16,29.056108474731445,29.570666442488974,28.82708814169824,29.39220669722497,42705600
2018-11-19,28.78544044494629,29.222666572264924,28.681340931109993,29.130463464957025,27643200
2018-11-20,28.006175994873047,28.31550474078159,27.839614362460754,28.250069388282917,37861800
2018-11-21,28.009145736694336,28.232219536322468,27.753354264916158,28.065657924779146,28052700
2018-11-23,28.2857608795166,28.419604830294244,27.997251711048644,27.997251711048644,14670000
2018-11-26,28.30062484741211,28.574262583412168,28.17867733651156,28.46123822715485,30103800
2018-11-27,28.26791000366211,28.4166252914243,28.080527141278925,28.25303864507768,27126900
2018-11-28,28.987695693969727,29.03528472280099,28.270883607061652,28.389857881057733,30212400
2018-11-29,28.9371337890625,29.097747198372655,28.773545427017698,28.85682708440742,18723900
2018-11-30,29.044204711914062,29.276203343164863,28.871694916579372,28.969847921813503,31992000
2018-12-03,29.371387481689453,29.62122907126227,29.05016063576076,29.154260163470646,27246300
2018-12-04,28.496936798095703,29.43384786427704,28.437451353719975,29.222670452139575,31278900
2018-12-06,28.341428756713867,28.53282368146271,27.84200655544385,28.39226867530238,31101600
2018-12-07,27.868919372558594,28.44908475344753,27.647619440344066,28.260681034595503,25489500
2018-12-10,28.093212127685547,28.185920110161344,27.614724834925088,27.97957096785355,21830700
2018-12-11,28.06629753112793,28.257694165952692,27.88686393463216,28.185921069595505,19357500
2018-12-12,27.84499740600586,28.20087169820365,27.830044891591438,28.20087169820365,28917600
2018-12-13,27.800134658813477,28.015453906245288,27.64163427103823,27.88685854170092,24126900
2018-12-14,27.46818733215332,27.680515425626872,27.384451200706643,27.527997387867632,34480800
2018-12-17,27.145206451416016,27.516034942102706,26.962783393218942,27.27978249371094,27005400
2018-12-18,27.237916946411133,27.29174634157954,26.99867157756191,27.15418081063306,28820100
2018-12-19,27.079416275024414,27.812101467074474,26.98969947643789,27.300717939698583,36694500
2018-12-20,26.101505279541016,26.947831587588766,25.76058351774756,26.947831587588766,49121400
2018-12-21,26.05664825439453,26.756437203982628,25.957959608487027,25.978894497064367,44764500
2018-12-24,25.664880752563477,26.188227180302626,25.652917717344078,25.88019998566626,18330900
2018-12-26,27.037548065185547,27.04053754116994,25.80843194458442,25.84431934604103,30084900
2018-12-27,27.39043426513672,27.39641492861768,26.448410463059368,26.84017386715996,29644500
2018-12-28,27.551921844482422,27.952657090653155,27.408375656841653,27.53397985443148,29622000
2018-12-31,27.856956481933594,27.92872957204619,27.587807821812724,27.713410301708404,21017400
2019-01-02,27.913782119750977,28.006490114124915,27.405389733747324,27.405389733747324,24458100
2019-01-03,27.770233154296875,28.323484744287377,27.722384423634093,27.874902466522407,24831900
2019-01-04,27.943681716918945,28.009472427888664,27.719390613107905,27.874898107843105,24087300
2019-01-07,28.27264404296875,28.46104948423721,27.865929843603034,27.99751470488295,23369100
2019-01-08,28.470020294189453,28.6374908407477,28.084239286308584,28.428152229748523,21602700
2019-01-09,28.377307891845703,28.751125803960246,28.34142220735085,28.622533865915578,18816900
2019-01-10,28.398244857788086,28.404225520441365,27.84798453596369,28.075265117636313,28188900
2019-01-11,28.362356185913086,28.49693050119847,28.275630592116073,28.40721543181172,16183800
2019-01-14,28.395254135131836,28.544782682346014,28.19488738772556,28.254699148852307,21255300
2019-01-15,28.78402328491211,28.888694289927624,28.523846499410315,28.550762047374757,21174600
2019-01-16,28.813934326171875,28.96645064475821,28.658423398062986,28.688330135563362,16230000
2019-01-17,28.930559158325195,29.071114131024903,28.757107976864877,28.804956696661186,16843500
2019-01-18,29.226619720458984,29.36717466758987,28.963450098248146,28.993355114879417,18361800
2019-01-22,29.15485954284668,29.43597300029481,28.942529711541944,29.05317969745309,24189600
2019-01-23,29.519699096679688,29.711097416363447,29.166814327031187,29.56755124340867,25037400
2019-01-24,29.415037155151367,29.444942185788594,28.837861165583263,29.367188421649523,22829100
2019-01-25,28.990373611450195,29.579514272051075,28.933554745355366,29.531665544977724,21654600
2019-01-28,29.02625846862793,29.02924965550993,28.73318717999392,28.867759787988245,17627400
2019-01-29,28.921594619750977,29.05616724512487,28.861781141618188,28.93953832094971,15760200
2019-01-30,28.35039520263672,28.948504228445838,28.188905337866938,28.91261683129465,35547900
2019-01-31,28.65842056274414,28.96943896578045,28.299555149092946,28.299555149092946,44169000
2019-02-01,28.06928825378418,28.709265446841425,27.84499711748073,28.685341081785133,37775700
2019-02-04,28.341428756713867,28.341428756713867,27.91677083962597,28.0692888841859,21805800
2019-02-05,28.58963966369629,28.691317773308132,28.41618675764628,28.484970367164408,18299700
2019-02-06,28.60160255432129,28.712254230749163,28.47600007609099,28.53880131520614,12794700
2019-02-07,28.92757225036621,28.954489512140164,28.41020981615044,28.443104318571343,21030300
2019-02-08,28.58365821838379,28.91560808679418,28.452073376790654,28.810940504333644,18507600
2019-02-11,28.769071578979492,28.813932538048814,28.601601046433068,28.60459223335911,16628400
2019-02-12,28.999347686767578,29.059157741066404,28.85879269020094,28.954490146043458,17643900
2019-02-13,29.28943634033203,29.3073800442276,29.03524014289939,29.098041395328085,16375500
2019-02-14,29.46288299560547,29.6662392374173,29.0143007352719,29.211678024990203,21602400
2019-02-15,29.902490615844727,29.905478380236268,29.564558377831993,29.60044235222524,28443000
2019-02-19,30.563398361206055,31.15552670339203,30.524523201024046,30.617229455008577,62091900
2019-02-20,29.869592666625977,30.60527065291773,29.501755384685463,30.446771967581718,52895400
2019-02-21,29.723058700561523,29.881557385744966,29.579512527806102,29.80380363663712,19239600
2019-02-22,29.770904541015625,29.95332585944913,29.648289844090232,29.851649469269756,24260700
2019-02-25,29.64231300354004,29.94435785372513,29.62137811771394,29.94136666683417,27705000
2019-02-26,29.513717651367188,29.624367603103057,29.268491676552603,29.61240627863685,25464300
2019-02-27,29.340274810791016,29.42400752827346,29.1847638588706,29.34326599836069,23706900
2019-02-28,29.603435516357422,29.746981690750008,29.238589417577618,29.340269241176397,34127700
2019-03-01,29.286436080932617,29.773896855601613,29.044201286993772,29.746979596890288,31057500
2019-03-04,29.26251983642578,29.483819793674233,29.118973640717766,29.343264785412245,23051400
2019-03-05,29.409048080444336,29.66324420536426,29.33428552088277,29.346246845930498,18357900
2019-03-06,29.385128021240234,29.606427954983,29.265504492983904,29.38811920836855,14089800
2019-03-07,29.142894744873047,29.36718587763379,29.08009350149293,29.22064850227648,18379800
2019-03-08,29.184757232666016,29.432974408421845,29.00831485264076,29.172795907514462,16977000
2019-03-11,29.45092010498047,29.480825131093095,29.253542825744123,29.31933525215624,16035900
2019-03-12,29.41802215576172,29.52867211481311,29.322324708884267,29.465870879200445,15211500
2019-03-13,29.615398406982422,29.711099284045556,29.42400349767803,29.51671318758123,16446900
2019-03-14,29.531213760375977,29.594352912637373,29.341792862766052,29.588338349250293,14777400
2019-03-15,29.591341018676758,29.618399668049637,29.344795570620427,29.549245963179832,43800000
2019-03-18,29.96417236328125,29.997245583505237,29.543242346335628,29.555268033464515,17310300
2019-03-19,30.02128791809082,30.213712617516506,29.93710125188582,30.063382971605837,16243200
2019-03-20,29.65749168395996,29.93109582052025,29.62742574906222,29.82586160755246,18969300
2019-03-21,29.78376579284668,29.80480987981635,29.49512872948207,29.540227625478064,19653000
2019-03-22,29.549251556396484,29.925082641657013,29.447028061180053,29.639452806088453,20124300
2019-03-25,29.51618003845215,29.651480200370493,29.35382122048055,29.40493469144584,16222200
2019-03-26,29.56128692626953,29.720638486746747,29.47409293995814,29.573312615159406,14837700
2019-03-27,29.227540969848633,29.723639236827708,28.56307621375997,29.507159680252673,25413600
2019-03-28,29.2034912109375,29.42598190251642,29.02309214396167,29.34179521248423,24162900
2019-03-29,29.323753356933594,29.365848420059002,29.17643095847214,29.341793606726508,22319700
2019-04-01,29.410947799682617,29.57330660961825,29.332775676533217,29.456046704481206,25517400
2019-04-02,29.1463623046875,29.558273896722138,29.13433661813582,29.392907803539405,18822000
2019-04-03,29.221527099609375,29.284666247501775,29.101259925969966,29.20047957003674,17062500
2019-04-04,29.498144149780273,29.549254181516115,29.23656566367403,29.23957294573523,12078900
2019-04-05,29.71462059020996,29.825865941827992,29.513177420791216,29.540236077966192,13968000
2019-04-08,29.834884643554688,29.84089576627879,29.543240246247883,29.600364836668927,16267200
2019-04-09,29.67252540588379,29.834884211120407,29.51016660064717,29.705598623277385,13102500
2019-04-10,29.946125030517578,29.98220552419799,29.61539290648921,29.618400187766785,12273300
2019-04-11,30.30692481994629,30.315946665319558,29.907042362377453,29.97619608026914,16820700
2019-04-12,30.53542709350586,30.67373451583236,30.367057178670986,30.367057178670986,15486000
2019-04-15,30.796998977661133,30.941317491450917,30.445222815350085,30.457248497959707,15335700
2019-04-16,30.947343826293945,31.08564783098075,30.830083913973468,30.93531469828337,14485200
2019-04-17,31.016496658325195,31.088657669017188,30.790998661152273,30.96839046480599,11187600
2019-04-18,31.022510528564453,31.208920733969762,30.93531654940069,31.001462994112586,11183400
2019-04-22,30.77897834777832,31.13075473426504,30.718846455585336,30.90224941493933,15238200
2019-04-23,30.98943328857422,31.05557972471054,30.649682703340314,30.827074480026127,15152400
2019-04-24,31.127750396728516,31.223966250498783,30.995460909552406,31.010493884023038,14093400
2019-04-25,31.12472915649414,31.314146593440537,30.917271472101607,31.04054248202062,11883300
2019-04-26,30.526409149169922,30.76994734182957,29.964167929384885,30.20169155895705,24323100
2019-04-29,30.53542709350586,30.667719952835377,30.300910749006228,30.63163945650451,19139100
2019-04-30,30.920278549194336,30.94433336191555,30.50235585528517,30.598568224518566,18400800
2019-05-01,30.475299835205078,30.911262816122257,30.451245020405175,30.899237129135322,16011600
2019-05-02,30.412158966064453,30.685763114369983,30.13855481775892,30.496345651887502,15021000
2019-05-03,30.691770553588867,30.89321365562142,30.607583887307705,30.76392809552626,15950700
2019-05-06,30.8060245513916,30.833086644594573,30.228750361836724,30.29188951126769,13841100
2019-05-07,30.45725440979004,30.718832842064803,30.294895620159185,30.60758751447706,13726800
2019-05-08,30.156591415405273,30.379082068914574,30.024298559537442,30.141558449131693,17646000
2019-05-09,30.087072372436523,30.20797497642857,29.878512613267013,30.005461731100276,18720300
2019-05-10,30.803438186645508,30.863889500660978,30.13544009763946,30.153576183665045,26228100
2019-05-13,30.1928653717041,30.57371622493456,29.926877539085357,30.36213318627417,22084500
2019-05-14,30.313766479492188,30.48907732071191,30.192860423314276,30.268428005589406,19061100
2019-05-15,30.18984031677246,30.33492898296699,29.96314446449979,30.28656724727021,20220900
2019-05-16,30.622072219848633,31.423062283813792,30.48001028800814,31.08151037970289,51366000
2019-05-17,30.48605728149414,30.815523119680076,30.198910124033553,30.298656852609344,37113900
2019-05-20,30.685546875,30.824585550623762,30.301676294363823,30.34399151065703,21582300
2019-05-21,30.56464958190918,30.724844163913847,30.347020031115125,30.68252894028095,20667300
2019-05-22,30.900156021118164,30.960607324077177,30.54651105606221,30.709732341334817,22022700
2019-05-23,30.788311004638672,30.809466879218395,30.42257311532161,30.77621798018957,19363800
2019-05-24,31.033153533935547,31.099651362270635,30.854822851351944,30.88504850803068,13449600
2019-05-28,30.95758628845215,31.305188223616625,30.95153977408075,30.99990497084328,30815100
2019-05-29,30.86690902709961,31.096624684412124,30.67043882119324,30.863885769943334,19560600
2019-05-30,30.8880615234375,31.28100189218123,30.80343108696364,30.978741932665084,15058800
2019-05-31,30.661373138427734,30.836687485826992,30.407474849111896,30.6341707386024,17782500
2019-06-03,30.818546295166016,31.036172375933294,30.64927849092108,30.71879956685427,19844100
2019-06-04,30.99990463256836,31.027107028734154,30.661369013550793,31.01501745922761,17894700
2019-06-05,31.562105178833008,31.670918208067228,31.01199006006022,31.057328533982496,20708700
2019-06-06,31.770671844482422,31.936916410835707,31.495614225199983,31.58327139448751,24191100
2019-06-07,32.05780792236328,32.14848831762629,31.752524753035157,31.806932990192962,20428200
2019-06-10,32.49912643432617,32.577713844001075,32.151527877021195,32.18477333652142,18977100
2019-06-11,32.62605667114258,32.93738633049614,32.56862864091484,32.644192748873216,20241900
2019-06-12,32.892059326171875,32.919261722694294,32.620021524530365,32.620021524530365,13905300
2019-06-13,32.84067153930664,33.121775629523135,32.69558633834743,32.94646131831471,16455000
2019-06-14,32.96762466430664,33.12479945300453,32.78324401898855,32.879967498049474,13577700
2019-06-17,32.99483871459961,33.11272157730791,32.72280426605449,32.98274914022344,12441000
2019-06-18,33.142940521240234,33.23664075708761,32.91926787466746,33.18827901028526,14733600
2019-06-19,33.133872985839844,33.20037081763026,32.90717708986519,33.18827778704665,11773800
2019-06-20,33.34545135498047,33.396836350407106,33.031098327085026,33.19431962592053,15004500
2019-06-21,33.59027862548828,33.91067815619974,33.32731406166409,33.35149320033803,39535800
2019-06-24,33.6235237121582,33.919737121831076,33.56004570390313,33.6990878280283,18098400
2019-06-25,33.46635437011719,33.680960666939065,33.3696308925502,33.51471610890068,18315000
2019-06-26,33.297088623046875,33.57516947421212,33.27895253937259,33.505648396644744,12485100
2019-06-27,33.27894592285156,33.402871767698585,32.904141672678236,33.266856355840446,16443900
2019-06-28,33.396820068359375,33.70512297240268,33.321252511118885,33.4149526846303,19520100
2019-07-01,33.436119079589844,33.84417221394617,33.25476174664221,33.64165554540868,16544100
2019-07-02,33.73234176635742,33.73536502326424,33.35149095549147,33.49959941198912,12188700
2019-07-03,33.9499626159668,33.9741452083989,33.55097924321661,33.60538748186124,9621900
2019-07-05,33.847198486328125,33.92578586381726,33.614456151411126,33.853241540532686,10738200
2019-07-08,34.07087707519531,34.134351639740096,33.762570564933085,33.82906838666654,14147100
2019-07-09,34.11923599243164,34.27036424832889,34.034602093666756,34.122259249370394,16270200
2019-07-10,34.14945983886719,34.33988350669656,33.97112573904987,34.19177851556518,13737000
2019-07-11,34.43357849121094,34.43962500385209,34.16154422711577,34.2582676747542,11689800
2019-07-12,34.639122009277344,34.69050699475382,34.34290512295677,34.484967052847935,11229900
2019-07-15,34.75398254394531,34.78420819295001,34.593784528758135,34.66027888110619,10038000
2019-07-16,34.687496185302734,34.90814557135136,34.46986659786859,34.85978382515543,10464600
2019-07-17,34.639122009277344,34.811409587306734,34.518215957620725,34.70259656218837,8065500
2019-07-18,34.67539978027344,34.69353240480681,34.37918284603258,34.56356348042827,9670800
2019-07-19,34.42754364013672,34.85373294619212,34.41545407107738,34.760029273445745,11388900
2019-07-22,34.101104736328125,34.56054300113105,33.94997299993673,34.48799866074973,13550700
2019-07-23,33.88045120239258,34.215960087564476,33.72327297063023,34.191780949818956,17262600
2019-07-24,33.853248596191406,34.09203749418483,33.72327620580427,33.86231836804415,12531900
2019-07-25,33.919742584228516,33.97112757493656,33.75047824560066,33.907653015563106,11554500
2019-07-26,34.16154861450195,34.258272074562626,33.79883736882631,33.88951431546928,14187000
2019-07-29,33.93485641479492,34.14946269570557,33.780704897209745,34.107147474571484,11239800
2019-07-30,33.87138748168945,33.97415748322551,33.75350465158689,33.87138748168945,9105600
2019-07-31,33.36357879638672,33.95601259169999,33.13688296757077,33.826040224269406,18633900
2019-08-01,33.06132507324219,33.90463399204919,33.043188988427524,33.34545245653254,22365000
2019-08-02,33.06736373901367,33.29103630012942,32.68953622311577,33.17013370886844,16970100
2019-08-05,31.985267639160156,32.644195714078535,31.915746578061682,32.644195714078535,22710000
2019-08-06,32.42355728149414,32.59584490462661,31.915757266165585,32.097114661576114,21049200
2019-08-07,32.704654693603516,32.83765033423572,32.01550081076141,32.34798645323766,21835500
2019-08-08,32.962825775146484,33.06002531914651,32.7350141266383,32.80791552270326,13123200
2019-08-09,32.5861930847168,32.94461701824859,32.41305739605985,32.82311926512277,12580500
2019-08-12,31.96047019958496,32.45254441460781,31.845045254969794,32.41609370028061,17605200
2019-08-13,32.62568283081055,32.83830738071681,31.84808606595643,31.969583822399017,20025900
2019-08-14,32.258148193359375,32.82312041263576,31.93617148882987,32.03944736350271,27938400
2019-08-15,34.22946548461914,34.518029518451435,33.460983376811434,34.180865701970525,59438700
2019-08-16,34.32060623168945,34.90988013991977,34.03811835915325,34.65169390667355,32895600
2019-08-19,34.56967544555664,34.86430887174421,34.50588843331556,34.73370018449984,21534300
2019-08-20,34.03507614135742,34.63953719816286,34.02292706123427,34.58486459954285,18336900
2019-08-21,34.025962829589844,34.648649201261094,33.98343583792433,34.62130942772429,24469200
2019-08-22,33.9925422668457,34.25984280491041,33.82244476854774,34.0806308921981,17986200
2019-08-23,33.664512634277344,33.992562223173096,33.451888029479456,33.904477022238304,18710100
2019-08-26,34.01685333251953,34.10190036719632,33.78296529682945,33.88624116539185,17807100
2019-08-27,34.14746856689453,34.26593167693008,33.871056960899736,34.14746856689453,17201100
2019-08-28,34.23859786987305,34.347946569193205,33.92269737878623,34.10494752840815,16113000
2019-08-29,34.651695251464844,34.80660560697164,34.417807172299625,34.68814249761619,15811500
2019-08-30,34.70635986328125,35.046558415246025,34.59701119775399,34.93113347202727,17115900
2019-09-03,34.82178497314453,35.02529856320703,34.47247547910223,34.530186212922096,17828100
2019-09-04,35.20753860473633,35.222725820069506,34.87645452956845,35.14071346681804,17348700
2019-09-05,35.064788818359375,35.83023653946847,35.013150878944586,35.74214788092185,17479200
2019-09-06,34.8491325378418,35.158956755265116,34.81572342797121,35.064795276940856,13039200
2019-09-09,35.335121154785156,35.4201681824127,34.74888204466078,34.77925995582064,17921100
2019-09-10,35.250064849853516,35.52647633448163,35.07692573210062,35.23183949660949,14572200
2019-09-11,35.240966796875,35.44751857878489,34.997967767686,35.23489399372797,15852300
2019-09-12,35.51432418823242,35.55988930992959,35.204500131797644,35.432311835760544,13422900
2019-09-13,35.669246673583984,35.90009657224025,35.52344728645343,35.587234301064825,16915800
2019-09-16,35.104270935058594,35.5902688430417,35.04655672816178,35.398907818547954,18270900
2019-09-17,35.389801025390625,35.44447710536513,35.00707889396504,35.028338917178466,13813500
2019-09-18,35.58723068237305,35.60849417712519,35.289555660367945,35.51129459558857,11868000
2019-09-19,35.57204818725586,35.78467273460982,35.46877231461398,35.66013336439303,10141800
2019-09-20,35.53255844116211,35.73303390322234,35.477885843241395,35.644948728291595,33997200
2019-09-23,35.72696304321289,35.96692389724411,35.404986335579494,35.42017355539758,15487500
2019-09-24,35.963871002197266,36.407345286419336,35.84540795531574,35.9183093614368,21819300
2019-09-25,35.98514175415039,36.06107783740984,35.78466632298816,35.98514175415039,13840800
2019-09-26,35.933502197265625,36.31318607247284,35.900089626920725,36.085374356896146,11960700
2019-09-27,35.97907257080078,36.215995282961444,35.76644801962142,36.209922480782,10304100
2019-09-30,36.048927307128906,36.279773686164496,36.012476598180314,36.0458891686947,10204200
2019-10-01,35.79682922363281,36.17955487853408,35.75734383554348,36.100580626223,11187900
2019-10-02,35.271331787109375,35.70569174077897,35.11641800746642,35.66012661515213,17833500
2019-10-03,35.329044342041016,35.47788185233102,34.80355758606698,35.198432187718275,15619500
2019-10-04,35.890987396240234,35.93351439627894,35.29260254143704,35.356389565363,13881000
2019-10-07,35.60850524902344,35.93351666810183,35.50219121833729,35.872767779785356,14085000
2019-10-08,35.714805603027344,36.04589320682797,35.43535593000028,35.480921059356035,15375300
2019-10-09,36.12487030029297,36.2372571109487,35.84845874411123,35.89705853996591,11710200
2019-10-10,36.33142852783203,36.4134409230876,36.02464244961898,36.115765788288485,13024500
2019-10-11,36.522789001464844,36.66555027314296,36.06108912797663,36.425585917875395,18383700
2019-10-14,36.197757720947266,36.58959411275955,36.17649770628887,36.404309400313196,13719900
2019-10-15,36.3071174621582,36.44684056037063,36.106642016950914,36.246368591294654,13550100
2019-10-16,36.27370834350586,36.483294748856025,36.17650875041211,36.240295766121655,11344800
2019-10-17,36.401283264160156,36.52581915956263,36.255483870957846,36.349645327292976,11732700
2019-10-18,36.18865203857422,36.632126414636375,36.185613900001606,36.58656476444044,16776900
2019-10-21,36.37091064453125,36.398246945833,36.09146092454788,36.23726032504374,10230300
2019-10-22,36.322303771972656,36.501515717445656,36.264589565189844,36.37394170136847,7634100
2019-10-23,36.25243377685547,36.404309398239896,36.051958373763696,36.19775771888573,8520000
2019-10-24,36.17650604248047,36.319267282376074,35.997294088870255,36.19169326050633,8700900
2019-10-25,36.15829086303711,36.24637953328636,35.903142747481496,36.14614178042312,7692900
2019-10-28,36.21295928955078,36.35875867847755,36.00336940909516,36.22207023055112,10213800
2019-10-29,35.584205627441406,36.06413091032162,35.56294560100351,35.994267599113506,14373300
2019-10-30,35.87276077270508,35.954773146365646,35.553822219077695,35.593311074449375,8988600
2019-10-31,35.61759948730469,35.92742353899771,35.486987353001446,35.821113034303075,14643900
2019-11-01,35.72696304321289,35.8332735819395,35.60849994772637,35.81808636212141,11287800
2019-11-04,35.711761474609375,36.17953743575838,35.59026375305537,35.963874808643126,13938000
2019-11-05,36.103614807128906,36.18866533776236,35.56294413096646,35.745190798725105,12651300
2019-11-06,36.29800796508789,36.33445868299848,36.05804711175145,36.09449782966204,10843200
2019-11-07,36.51974105834961,36.72932743840834,36.31015467829088,36.44987777295296,13324200
2019-11-08,36.279781341552734,36.71717951283836,36.12790914910529,36.544043822995604,11498100
2019-11-11,36.15829086303711,36.33750286708983,35.92744091270948,36.055014970487285,13317000
2019-11-12,36.18259048461914,36.44988766786773,36.088425540253176,36.32838989624532,15189300
2019-11-13,36.74755096435547,36.862975895993756,36.04285229649303,36.19472793836047,23135400
2019-11-14,36.64731216430664,38.084042275970816,36.301037379643624,37.84711961875777,67512600
2019-11-15,36.10664367675781,36.75362821913764,35.95780615539507,36.65642863083521,30413100
2019-11-18,36.525821685791016,36.71414808761818,35.91528777082128,35.97907479250075,19644000
2019-11-19,36.416473388671875,36.559234654129305,36.361797308310045,36.48329855040344,11146200
2019-11-20,36.18561935424805,36.59568122008212,35.9638838708604,36.51366884691531,15227700
2019-11-21,36.40736389160156,36.4498874161493,36.04590176648322,36.09450157002299,12908400
2019-11-22,36.25548553466797,36.54100805590862,36.22814923347928,36.495446395216845,11529300
2019-11-25,36.121822357177734,36.455948035573336,35.81199830817938,36.44987175919136,17644500
2019-11-26,36.20384979248047,36.23726237424181,35.97907613852168,36.13398648950091,18877500
2019-11-27,36.0732421875,36.38914268463512,36.064131244104075,36.26460328400724,10302300
2019-11-29,36.173484802246094,36.440785526182054,36.146148492255556,36.18867202736673,9471900
2019-12-02,36.23118209838867,36.26155653734231,35.79378392041921,36.191696718201634,17012700
2019-12-03,36.0458984375,36.13398361795648,35.772525002352445,35.96388605934255,19784400
2019-12-04,36.05197525024414,36.20688908227729,35.9335156167195,36.18259091811457,16669800
2019-12-05,36.20451354980469,36.241127750632515,35.826174955269366,36.1129815394575,13058400
2019-12-06,36.54624938964844,36.552352922272135,36.28385335440495,36.33267114022412,13022400
2019-12-09,36.4181022644043,36.570659150824575,36.36318094727939,36.48217538852167,14448000
2019-12-10,36.3509635925293,36.47910979218075,36.314349394994004,36.415036692355024,12846900
2019-12-11,36.30825424194336,36.50657360654621,36.16484919758822,36.43029692785281,10519200
2019-12-12,36.5401496887207,36.64694057049297,36.21063221867981,36.308267800556486,12447000
2019-12-13,36.70185470581055,36.811693840976375,36.31436072911131,36.35707847014252,16098900
2019-12-16,36.77812957763672,37.02527023831945,36.74151537048602,36.74151537048602,16052100
2019-12-17,37.00392150878906,37.132067777208555,36.82695744803243,36.90323415739548,13727400
2019-12-18,36.570655822753906,37.125958509052026,36.564552290832125,37.07408896288606,15309000
2019-12-19,36.63778305053711,36.76897756973973,36.54624752447061,36.595065307798315,13392300
2019-12-20,36.70185470581055,37.26020917146516,36.619474481505385,37.06493455423692,23863200
2019-12-23,36.31741714477539,36.82390212786366,36.311313611925755,36.674396998559956,13457400
2019-12-24,36.463871002197266,36.49133340866949,36.31131410439968,36.347928318546884,6682200
2019-12-26,36.466922760009766,36.56761010302886,36.29301048043729,36.49438167475183,12671400
2019-12-27,36.48828125,36.59506863310393,36.38454214160587,36.59506863310393,10632000
2019-12-30,36.4303092956543,36.55540728124829,36.347929058008965,36.55235551472,8837400
2019-12-31,36.25944519042969,36.55235189712991,36.06112228640328,36.46081636895899,14736000
2020-01-02,36.28996276855469,36.57981776413478,36.21673433209604,36.26555212582713,20294700
2020-01-03,35.96958923339844,36.24419234508404,35.878057190652314,36.085531915911034,16197600
2020-01-06,35.896358489990234,36.03060825767694,35.627858954616826,35.82007830831931,19336500
2020-01-07,35.56378936767578,35.85669607622461,35.45395022490082,35.77736761245806,20540700
2020-01-08,35.44175338745117,35.61566568754102,35.29530000534287,35.48446764783624,17627400
2020-01-09,35.807884216308594,35.81093598305906,35.41734187362359,35.43870074915292,16691100
2020-01-10,35.50886535644531,35.80177553449507,35.38682264967078,35.77126485780144,18164400
2020-01-13,35.356319427490234,35.56074240112729,35.200714245200345,35.5088728431227,18337800
2020-01-14,35.44784927368164,35.45700457308488,35.12748362904126,35.23122273860274,19757400
2020-01-15,35.17324447631836,35.35326026247194,34.94135914301491,34.97492158577523,22362600
2020-01-16,35.36241912841797,35.37157442830204,35.17325149816651,35.240376397087694,16108200
2020-01-17,35.07560729980469,35.484456634426856,34.977971742035905,35.408179946083415,30135000
2020-01-21,35.26782989501953,35.29834057316468,34.94136075045383,34.962719621844755,22061100
2020-01-22,35.42343521118164,35.554633209897354,35.1427321102407,35.154935682006055,14778300
2020-01-23,35.33495330810547,35.48751018418401,35.100019699508906,35.45699950731293,12915300
2020-01-24,34.895606994628906,35.40209211159508,34.82848208243435,35.39294030162515,13150200
2020-01-27,35.350215911865234,35.4631068361793,34.379963617751294,34.53556880011905,21055200
2020-01-28,35.57598876953125,35.667520786840335,35.37766590697225,35.3868177120141,15810600
2020-01-29,35.359371185302734,35.73465817442291,35.359371185302734,35.563794158888655,11326500
2020-01-30,35.56989669799805,35.61261095482579,35.188506186224686,35.27393819160393,13744500
2020-01-31,34.932212829589844,35.47226027297023,34.75219701512972,35.331906947821565,23327400
2020-02-03,34.86508560180664,35.2068101006048,34.81321604996949,35.057304977682456,13041300
2020-02-04,35.170188903808594,35.46614732458214,35.054246249705415,35.16103709846589,15696600
2020-02-05,35.64006805419922,35.682782304665324,35.0420475973343,35.27088117197229,17048700
2020-02-06,35.487510681152344,35.768213800709646,35.41123398790646,35.646167599793046,16058700
2020-02-07,35.53022384643555,35.624807641517826,35.319697386124865,35.42648824513241,11068800
2020-02-10,35.16409683227539,35.69193718914021,35.103071979845815,35.31665023404046,18434700
2020-02-11,35.20985794067383,35.2403686167703,34.916951260080076,35.21900974681355,17390400
2020-02-12,35.34716796875,35.52108026098018,35.21291816828689,35.240377085027475,14206800
2020-02-13,35.83228302001953,35.86279369399593,35.26477680226833,35.347157018693736,15999600
2020-02-14,35.96958923339844,36.17706745038077,35.746859167682025,35.90246433869517,24391800
2020-02-18,36.50048065185547,36.59811621622264,35.80787640303152,36.146552603955264,34539600
2020-02-19,35.905513763427734,36.595066280659196,35.905513763427734,36.46081650000823,21563400
2020-02-20,35.908565521240234,36.036711769386685,35.655324791183844,35.762112167398094,15068700
2020-02-21,36.180118560791016,36.231984622372536,35.79262454005521,35.83229051956013,18726300
2020-02-24,35.490562438964844,36.14350070982251,35.377671536297946,35.83838695346363,19848000
2020-02-25,34.901702880859375,35.719401733483444,34.79796376806906,35.49971993337565,23292900
2020-02-26,34.7155876159668,35.139692433291344,34.67592162942961,34.99629081347657,20019900
2020-02-27,33.684303283691406,34.804064071074684,33.669047944017336,34.34334513112622,28476900
2020-02-28,32.854400634765625,33.11069313233788,31.844482492288538,32.85745240101737,52369200
2020-03-02,35.356319427490234,35.51497637643755,32.735410544582834,32.8299978523436,51222600
2020-03-03,34.45012664794922,35.85974214104966,34.27621440856261,35.41733038232093,33340800
2020-03-04,35.62785720825195,35.64921607707963,34.62099098340116,34.85592806533702,24625200
2020-03-05,35.3685188293457,35.774316453807124,34.75524648906927,34.90474812040497,25638300
2020-03-06,35.768226623535156,35.97570139857709,34.48065323292423,34.74305283355073,29411100
2020-03-09,35.74685287475586,36.80558867972194,34.395210394497546,34.72777955130808,59243400
2020-03-10,36.54930114746094,36.82084898985336,35.06340870077178,36.0336643760294,37797300
2020-03-11,34.91389846801758,36.31741047754464,34.41656538378167,35.85363983437307,31620000
2020-03-12,31.746850967407227,34.016879998375664,31.42038177134331,32.347919801816936,56323200
2020-03-13,34.81321334838867,34.96271845970909,31.69497535651037,33.025262528105465,42962100
2020-03-16,32.573699951171875,33.968060436703375,31.121369869386637,32.097725640045006,36753900
2020-03-17,36.387596130371094,36.390647896990885,33.70261414766394,34.40742209271075,52806000
2020-03-18,37.40056228637695,39.07867410584617,34.9352623633024,35.08781576124831,77355900
2020-03-19,36.606815338134766,38.92059880347793,36.0490556525254,38.14218886156847,57100500
2020-03-20,34.927425384521484,37.63041506938843,34.289982443228524,36.62215509173949,55423500
2020-03-23,35.02241516113281,36.0214789697587,34.38803771757485,34.988704214718176,39366000
2020-03-24,35.25227355957031,35.96939247786563,34.112235028807376,35.50970014415341,42705000
2020-03-25,33.52688980102539,34.936612285263756,33.11316605937043,34.62095613369192,53287500
2020-03-26,33.655601501464844,33.97738817756588,32.74541281954212,33.526888233893835,58250700
2020-03-27,33.58205795288086,34.40950202307197,33.28172460892253,33.74448219822031,36160500
2020-03-30,35.301300048828125,35.48823940807848,33.998837537399595,34.28078271824638,29212500
2020-03-31,34.820152282714844,35.60775817588122,34.51981900999182,35.031610278514286,26258400
2020-04-01,34.979515075683594,35.405496383642124,34.26239627113151,34.36965616197043,28269600
2020-04-02,36.36165237426758,36.502626706691785,34.42788126483552,34.68530777493446,29515500
2020-04-03,36.616024017333984,36.74780256654227,35.86519070953457,35.92035504658938,28625100
2020-04-06,38.63560104370117,38.733668626783306,36.4505302969707,36.48730651741985,47768700
2020-04-07,37.3852424621582,38.76431934358272,37.27797905644356,37.99510141966255,41369700
2020-04-08,37.339271545410156,37.9429999243616,36.95619348935303,37.906223701487995,27876600
2020-04-09,37.32699966430664,37.65491679833134,36.05825190689206,36.22986838534884,32828700
2020-04-13,38.399627685546875,38.51301811902601,37.13394129829884,37.1645869822474,24194100
2020-04-14,39.53354263305664,39.77564638550359,38.62641549500776,38.95126751903174,34098900
2020-04-15,39.459983825683594,39.80322040243422,38.95738828652077,39.53353627428848,22435200
2020-04-16,40.55403518676758,40.73484744866715,39.303672188738524,39.53351822492998,31882200
2020-04-17,40.48970031738281,40.750192163976315,39.75725507104789,40.29356511490422,30915300
2020-04-20,39.79401779174805,40.87582630833563,39.766437384252505,40.57243130436605,24401700
2020-04-21,39.5978889465332,40.1556487662764,39.27610578405576,39.86144601567604,27900600
2020-04-22,40.32726287841797,40.569366532174854,39.50288084081924,39.839986794600264,19448100
2020-04-23,39.38949966430664,40.17404040140895,39.14433068396217,39.79402760508159,28839900
2020-04-24,39.66838073730469,39.806286319921725,39.39869309759767,39.64080032221605,17343600
2020-04-27,39.31901168823242,39.93500115002437,39.27917019534677,39.83999532249098,17923800
2020-04-28,39.227081298828125,39.91355454642657,39.13514072546941,39.31288782439723,20732100
2020-04-29,37.87864685058594,38.540601388702505,37.55686013093682,38.4823752863209,44612100
2020-04-30,37.250396728515625,37.82960997098332,37.094103040089095,37.7192848081426,40497900
2020-05-01,37.670249938964844,37.90622662892531,37.0144224448229,37.22894575192134,31143900
2020-05-04,37.9092903137207,38.12381361184867,37.29943137363579,37.95219357047679,17807700
2020-05-05,38.22494125366211,38.387365463217854,37.77444133697431,37.93993081598833,19337400
2020-05-06,37.78669357299805,38.457847202677094,37.6487880314044,38.37203720582625,17309100
2020-05-07,37.51890563964844,38.1622276221767,37.39885893328749,38.002164172828564,27345600
2020-05-08,37.84211349487305,37.8636612481018,37.43580607282565,37.78363126516833,20830800
2020-05-11,38.066802978515625,38.26380441317501,37.86365108333026,37.872883819320286,25341900
2020-05-12,38.100669860839844,38.6793522242926,38.100669860839844,38.3161368107191,19100100
2020-05-13,38.07912826538086,38.85788738776946,37.88828428495047,38.014488528206456,29175300
2020-05-14,37.9898567199707,38.516210804998906,37.337301931898644,38.43002684919387,22233000
2020-05-15,38.76552963256836,38.76552963256836,37.888271816268485,38.00523975994849,31770000
2020-05-18,39.29496765136719,39.57199554569163,38.81478432399112,39.24571816965171,38633700
2020-05-19,38.46080780029297,40.6277851414188,38.41771229926994,40.55391267518093,74746200
2020-05-20,38.61470413208008,38.965607978363906,38.362299240268854,38.93482749541628,32246400
2020-05-21,38.47311019897461,38.827089247806114,38.245331824884744,38.44232971843276,22448100
2020-05-22,38.26996994018555,38.583935897560174,38.0975984764396,38.50698466576302,22359600
2020-05-26,38.12528610229492,38.63317108935243,38.05448888168802,38.27303452621347,23730600
2020-05-27,37.700523376464844,38.31921902322035,37.254199191611725,38.15915905375352,31073700
2020-05-28,38.07297134399414,38.460813295611516,37.909832621700026,38.0822076052192,24424800
2020-05-29,38.186851501464844,38.386928175920204,37.53121801431776,38.242258487846556,29311200
2020-06-01,38.15607833862305,38.2945940698578,37.663583440501604,37.99601837738392,20550300
2020-06-02,38.149925231933594,38.2145649746055,37.80210353212845,38.042193501681005,19187700
2020-06-03,38.0052375793457,38.16530100617677,37.75591146548588,38.13759575623671,20262900
2020-06-04,37.58662414550781,38.13452240043561,37.497357923246206,37.799012304570944,24015000
2020-06-05,37.41733169555664,37.76207808466131,36.909446610341774,37.72821884414026,39337200
2020-06-08,37.31883239746094,37.31883239746094,36.77093057007164,36.80786856351383,28344300
2020-06-09,37.352691650390625,37.552768338569436,37.10952298491522,37.42964286792058,20746200
2020-06-10,37.29421615600586,37.70668113599975,37.284983416405346,37.41734166049149,28141500
2020-06-11,36.96485900878906,37.7313067129504,36.77709728653882,37.24189050638105,34162800
2020-06-12,36.24150466918945,37.16801230001755,36.03219520399629,37.09413629900725,32359200
2020-06-15,36.34614944458008,36.530835864958725,36.016793345234994,36.44464839910196,32703300
2020-06-16,36.829410552978516,37.007943002900554,36.48774294090149,36.87558480327602,25167600
2020-06-17,36.63856887817383,36.977157725592456,36.44464971494496,36.89405253215203,20166900
2020-06-18,36.318458557128906,36.647814754801644,36.216880819465096,36.48775126396706,20070000
2020-06-19,36.890987396240234,37.029499625701824,36.244586424280456,36.59549041293324,40078800
2020-06-22,37.454261779785156,37.58046245547585,37.06026246712594,37.23571613917424,27338400
2020-06-23,37.266502380371094,37.8144041815882,37.23264314176664,37.78362369605702,19727700
2020-06-24,37.02949142456055,37.28189636287603,36.80787049746495,37.164928392564036,20614800
2020-06-25,36.84789276123047,36.98640851658951,36.43850652602976,36.863283009314586,20569800
2020-06-26,36.42002868652344,37.19570897859164,36.327687220425304,36.81402810063843,26991600
2020-06-29,36.64781188964844,36.838652335113835,36.3892494351002,36.47543691994961,16511400
2020-06-30,36.86942672729492,36.9771584235888,36.487742376886864,36.6970553087046,20509200
2020-07-01,36.84172821044922,36.912521922293834,36.524683554672166,36.76785222274929,19733700
2020-07-02,36.69397735595703,37.20801639255339,36.586242134712954,36.96484774039214,17695800
2020-07-06,36.59547424316406,36.897128601312545,36.38924008322571,36.875580854987554,21695100
2020-07-07,39.07642364501953,39.261110089993664,36.38924626231872,36.460043496122346,93458100
2020-07-08,38.30382537841797,39.43964235530539,38.291513887074785,39.39962912778974,52217100
2020-07-09,39.32267761230469,39.45503584227358,38.46081326323885,38.66396521619931,42771600
2020-07-10,40.22454833984375,40.43693648064165,39.17183684867981,39.6273971344292,44236800
2020-07-13,39.867496490478516,41.13259290086664,39.673577296990054,40.42463461148358,42338400
2020-07-14,40.63394546508789,40.784772683922974,39.71667066061771,39.793625408093504,26455800
2020-07-15,40.6308708190918,41.286504480066384,40.26149785715031,40.71397955939855,31731300
2020-07-16,40.69242858886719,40.85556730275966,40.396931651710865,40.646257852924265,17676600
2020-07-17,40.55082702636719,41.05255805121101,40.46771831435626,41.05255805121101,18189600
2020-07-20,40.46772766113281,40.858644811851384,40.36614993159147,40.618554878700145,18342600
2020-07-21,40.732425689697266,41.24338933735101,40.46155186668097,40.49541109455801,21712500
2020-07-22,40.83401870727539,40.9479079194658,40.381537089166756,40.80631345059055,16164600
2020-07-23,40.52005386352539,40.98484346159235,40.41847613909583,40.9386727293792,16796400
2020-07-24,40.39692306518555,40.75398090770505,40.172223417796644,40.30766036585597,13037400
2020-07-27,40.387699127197266,40.62471031533183,40.27996388682588,40.27996388682588,14045700
2020-07-28,40.55698776245117,40.747831717876046,40.2984288476315,40.47695778989275,14414100
2020-07-29,40.22762680053711,40.58776691787356,39.96906791664483,40.495421943197314,14223300
2020-07-30,40.05217742919922,40.14451888311155,39.62124359907365,39.836710514136435,13788300
2020-07-31,39.83055877685547,40.04295049229588,39.28266043479539,39.90751352219515,21631500
2020-08-03,39.799781799316406,40.0521867638102,39.48274062010032,39.98754702648642,14971500
2020-08-04,40.52005386352539,40.54159809166422,39.688966593284476,39.907512286214654,18219600
2020-08-05,39.956748962402344,40.24608827626234,39.65509463915261,40.153746841438924,25483500
2020-08-06,39.81516647338867,40.08603685301676,39.71666399045038,39.74744447523079,14496300
2020-08-07,40.006011962890625,40.15683917552788,39.74129553307853,39.88596523893834,16558500
2020-08-10,40.59392166137695,40.7355161176655,39.90750769599768,40.08911537322815,17683200
2020-08-11,40.07681655883789,40.898667734468596,39.93214330381383,40.81248023676532,25360200
2020-08-12,40.59699249267578,40.70164893798045,39.73204977182242,40.15990476497977,19094400
2020-08-13,40.75154495239258,40.78554339562137,40.40538123584326,40.553737114364395,19867200
2020-08-14,40.98335266113281,41.09771010040832,40.68354948297587,40.90299366627029,20106300
2020-08-17,41.910579681396484,42.07438908918288,41.36969949460966,41.52423466964394,39465000
2020-08-18,41.635501861572266,42.538002872051166,41.15952714247276,42.086752366811716,80232600
2020-08-19,40.924625396728516,41.62004424652509,40.75154530549573,41.48096259881568,38155200
2020-08-20,40.35593032836914,40.81954290296894,40.195208802969056,40.553738171553945,26810700
2020-08-21,40.68354415893555,41.00498009632102,40.210660946900724,40.34974258004847,24864000
2020-08-24,40.590816497802734,40.94625081760093,40.2817391777983,40.8751625388084,19813800
2020-08-25,40.37446975708008,40.56300689592922,40.077758006718945,40.42701312607627,21722400
2020-08-26,40.39609909057617,40.4517338605294,40.08702528847284,40.24465183104998,18814800
2020-08-27,42.22891616821289,43.06960292239244,40.457916520016894,40.51355129461315,119018700
2020-08-28,43.36322784423828,43.601216945373935,42.60290352936525,43.57958060788439,64050900
2020-08-31,42.915061950683594,42.92742405424019,41.88893307675215,42.49163072293898,45236400
2020-09-01,45.61637878417969,46.23452995625579,43.28595420644754,43.6413885660064,106798200
2020-09-02,45.64419937133789,46.77232370308275,45.00441533222834,46.74759949279092,51666000
2020-09-03,44.6737060546875,46.23762734271552,43.82993134660117,45.34130926533447,48015000
2020-09-04,44.14518356323242,44.828240220856294,43.301408940432125,44.512983574036255,33982200
2020-09-08,42.79143524169922,43.85774187136502,42.73270905798854,43.70629460232085,33966900
2020-09-09,43.23651123046875,44.077194593809786,43.10051744918685,43.29832529938475,33669000
2020-09-10,42.284549713134766,43.43740167201024,42.21655283629988,43.289045814483956,33709200
2020-09-11,42.250553131103516,42.78834534894223,41.89511875430354,42.358731271578506,28879800
2020-09-14,42.442176818847656,43.61047867263232,41.997105740462416,42.07746825258919,45733800
2020-09-15,42.45453643798828,42.98614574326825,42.24436655116208,42.72343250046495,30427800
2020-09-16,42.114559173583984,42.862521311034335,42.04965370443707,42.77907091683362,27860400
2020-09-17,42.24746322631836,42.51945075530124,41.731310862679734,41.8580303957288,37245000
2020-09-18,41.814762115478516,42.50708951985311,41.647861316931404,42.17019651221487,54709200
2020-09-21,42.36491012573242,42.41745349025191,41.81475934615437,42.188738644303804,47275500
2020-09-22,42.7481689453125,42.95834242940102,42.21038020345334,42.364915368714655,33102000
2020-09-23,42.03111267089844,43.03560528305085,41.97856930565005,42.96142558221011,23133300
2020-09-24,42.250553131103516,42.58744611984537,41.74676289025886,41.95074999264354,29453100
2020-09-25,42.42673110961914,42.510181510030556,42.02184121282371,42.194924834818885,22618800
2020-09-28,42.42053985595703,42.66779959745402,42.25673049828292,42.39272424037685,21197100
2020-09-29,42.386539459228516,42.69561323752847,42.154733241233004,42.42053789317891,27702900
2020-09-30,43.24268341064453,43.808291244717324,42.40509159577635,42.46381424418216,34826400
2020-10-01,44.22244644165039,44.624244849026454,43.35085629275808,43.51775706083483,43290900
2020-10-02,43.42504119873047,44.228638175439336,43.31068376601288,43.99374048879881,24585000
2020-10-05,43.82684326171875,43.94738352547328,43.601219788483796,43.66921667895644,14259000
2020-10-06,43.46522903442383,44.17919289702307,43.34778017334507,43.84848265419394,21475500
2020-10-07,43.54558563232422,43.74957630668391,43.34777777976333,43.659943076018266,16949100
2020-10-08,43.690853118896484,43.91648014800268,43.61667693762093,43.737213674329155,14676900
2020-10-09,44.12973403930664,44.30281412428254,43.75266330056478,43.78357033227179,14494800
2020-10-12,44.58407211303711,44.93641863931605,44.203909965790864,44.203909965790864,18402300
2020-10-13,45.1960334777832,45.31039442853453,44.6180635892635,44.71696748957615,23800200
2020-10-14,44.48824691772461,45.28875224712432,44.43261215457661,45.248570995337104,19710900
2020-10-15,44.67061233520508,44.80351468834119,44.148277154042,44.22554473013872,13692600
2020-10-16,44.726253509521484,45.17132117824667,44.65207379619225,44.939514879717926,16935000
2020-10-19,44.18227005004883,44.930232118877456,44.120452459846675,44.846781732332886,14643300
2020-10-20,44.475894927978516,44.97968517221141,44.38935312243305,44.5408003978669,14523000
2020-10-21,44.63043212890625,45.04150483987835,44.45735204693962,44.45735204693962,13114200
2020-10-22,44.36772155761719,44.67989037322652,44.101916828698926,44.565529398943966,13344000
2020-10-23,44.4604377746582,44.55006744617736,44.15136396538372,44.49752762215425,10540500
2020-10-26,43.93809509277344,44.23481030852528,43.56102444326606,44.148268517976085,16111800
2020-10-27,44.15754699707031,44.41408100409861,43.87938019140171,43.90410440044286,11831100
2020-10-28,43.282875061035156,43.92884203397578,43.233423094739464,43.56722475150628,16849200
2020-10-29,43.24577331542969,43.61357331899833,42.86870261820285,43.27050106032264,15153900
2020-10-30,42.88416290283203,43.29832351424391,42.45764018556329,43.01706526777203,18601800
2020-11-02,43.39413070678711,43.52085377181099,42.97069945214287,43.45285689230617,16575600
2020-11-03,44.12973403930664,44.55625673619634,43.75575117406904,43.780478921684484,15413100
2020-11-04,43.87628936767578,44.62734293639799,43.684664365254655,43.755749120010584,17927400
2020-11-05,44.34299850463867,44.577896206622704,44.17918910282743,44.506807906449914,14202600
2020-11-06,45.053855895996094,45.19294103923349,44.36770794621753,44.618059081795565,16198500
2020-11-09,44.36463165283203,45.80492125795812,44.34608672642129,45.743103657561285,28198500
2020-11-10,44.988956451416016,45.26094041760607,44.36153459227489,44.42953146809305,18199200
2020-11-11,45.73692321777344,46.03981424260719,45.24858293351827,45.40930090890622,18805800
2020-11-12,45.8141975402832,45.96255343258012,45.46494238063105,45.89146512884926,12564300
2020-11-13,46.52814865112305,46.65177675901452,45.59474087337939,46.03362914539214,19738200
2020-11-16,47.115394592285156,47.41210632944403,46.138717573199806,46.52506252843253,34560300
2020-11-17,46.166534423828125,47.362655544100896,46.10780823917358,46.51578951019652,42711600
2020-11-18,46.079994201660156,46.877408309203226,46.06763209707603,46.31798328458952,24936900
2020-11-19,47.01648712158203,47.118478891958645,46.15107625026229,46.19434537899533,18590700
2020-11-20,46.43543243408203,47.21429808437858,46.30253008192834,46.72286993728684,21937200
2020-11-23,46.64869689941406,46.79396136597344,46.166539414229575,46.47561327413425,18557100
2020-11-24,46.781593322753906,46.97321831341464,46.44470034688872,46.89904215276885,17155200
2020-11-25,46.92686080932617,47.099940886761495,46.73523226917508,46.7475979109856,13833300
2020-11-27,46.85577392578125,47.20193762814083,46.701238769333315,47.02576613495699,10999500
2020-11-30,47.223575592041016,47.27302755122491,46.392162980788044,46.855775540272376,32695500
2020-12-01,47.17721176147461,47.49246842147544,46.87431720613896,47.473923495936226,22935300
2020-12-02,46.52197265625,47.17103092915271,46.215990214661154,46.979405918974145,23547000
2020-12-03,46.1448974609375,46.447791999773166,45.86363925689943,46.447791999773166,25725900
2020-12-04,46.024356842041016,46.20980254872514,45.61328770675883,46.20980254872514,20889300
2020-12-07,45.777099609375,46.049087132491515,45.48347928752539,45.88527775137192,18479100
2020-12-08,46.19125747680664,46.31488912656204,45.48965944839038,45.54529068426006,20716500
2020-12-09,45.82655334472656,46.361254180485844,45.70910450400825,46.361254180485844,20139600
2020-12-10,45.61250305175781,45.956829311465945,45.466707631882635,45.83274931157607,20652300
2020-12-11,45.600101470947266,45.75830420061627,45.271285170057254,45.57528333785517,16860900
2020-12-14,45.18132781982422,45.82345401944437,45.103777804174605,45.81724859818753,25088100
2020-12-15,45.15961456298828,45.40157273441536,44.9362655547377,45.14100184979973,31871400
2020-12-16,45.11308288574219,45.56598279217923,45.00451286263015,45.36434919924468,25650900
2020-12-17,45.32093048095703,45.42639781337521,45.02623326240271,45.30852318596893,30679500
2020-12-18,45.27438735961914,45.65593908268017,45.02932294195291,45.48222280306956,41384100
2020-12-21,45.28059387207031,45.49773746883725,44.998307551274515,45.134798420672965,25553100
2020-12-22,44.73153305053711,45.36124844173272,44.402716706367954,45.026226675970804,37599000
2020-12-23,44.42752456665039,44.737728124303615,44.14213558960389,44.526789989100344,20430600
2020-12-24,44.51438522338867,44.79046965788608,44.41511978739258,44.5267960653972,9054600
2020-12-28,45.04793930053711,45.07275743535265,44.46165479692017,44.68189754959589,19344900
2020-12-29,44.76255416870117,45.24337495371967,44.54231139686859,45.178228675416975,17938200
2020-12-30,44.7253303527832,45.026225844239114,44.65087949509478,44.94247040434578,18751200
2020-12-31,44.71602249145508,44.75324792052481,44.312758843240765,44.73153249523208,17814000
2021-01-04,45.45431137084961,45.56598410784886,44.75635055208277,44.76255242357521,32182200
2021-01-05,45.21235275268555,45.62182539996322,44.82149637120691,45.476029934650356,26498100
2021-01-06,45.494632720947266,45.94133073715977,44.982795533635006,45.00761366787439,21918900
2021-01-07,45.49152755737305,45.83585740755336,45.30230482530394,45.79243011249124,20538000
2021-01-08,45.485328674316406,45.600104115244804,45.23095965792834,45.56287868845395,24478200
2021-01-11,45.69007110595703,45.90721472470773,45.289906589259864,45.289906589259864,26264400
2021-01-12,46.21120071411133,46.508996989538666,46.00956715366355,46.220508844599976,23373300
2021-01-13,45.73970413208008,46.242233264477846,45.73349871007035,46.14296781239772,16069500
2021-01-14,45.59080505371094,45.91031328065109,45.3023132861692,45.85447868371641,23017200
2021-01-15,44.868011474609375,45.25886772619413,44.567112511082364,45.02311502127595,35920500
2021-01-19,44.480262756347656,45.001408073244185,44.25691729911488,44.8680199210036,24123600
2021-01-20,45.13789749145508,45.1844274977218,44.32516131195577,44.5423048912124,23775600
2021-01-21,44.93316650390625,45.20614825288935,44.73463561374121,45.091372803888454,14325900
2021-01-22,45.392276763916016,45.70558313699929,45.016926818430306,45.165825002173236,19219500
2021-01-25,45.35193634033203,45.36744634173013,44.75324105633487,45.09136547683458,19031100
2021-01-26,45.758304595947266,45.85136815833179,45.12549012179211,45.1751192883813,15031500
2021-01-27,44.61985778808594,45.86688120676763,44.52989693014123,45.587697601095165,29910300
2021-01-28,44.59193801879883,45.37055149087482,44.554712593437664,44.81218076049317,22301700
2021-01-29,43.5806770324707,44.59194422886958,43.53724618016365,44.41512520878542,32509200
2021-02-01,43.20221710205078,43.89087325067422,43.1774025192237,43.71095510013638,25945200
2021-02-02,43.66752624511719,44.09560799349298,43.25495449921808,43.35421993507369,27002400
2021-02-03,43.80091857910156,44.06459219639623,43.624103113977895,43.633407696347625,14966700
2021-02-04,44.21348190307617,44.415115465952226,43.8195229079248,43.983931048421226,17346300
2021-02-05,44.78116226196289,44.93316312895596,44.21348693115673,44.501978662389455,20451600
2021-02-08,44.98900604248047,45.15961964088317,44.81218702231313,44.92076060311938,15825300
2021-02-09,45.23716354370117,45.38916440626147,44.84940638614987,44.84940638614987,15906900
2021-02-10,44.70981216430664,45.258874757797955,44.52679484982145,45.2371628848998,18576900
2021-02-11,44.67570114135742,44.96418936253711,44.579534850951624,44.71292302311403,12791400
2021-02-12,44.81529235839844,44.858723213270025,44.56712872346316,44.71912961548839,13423500
2021-02-16,45.18442916870117,45.410877337580736,44.957980999821615,45.27128731361834,27891000
2021-02-17,45.662147521972656,45.75521109586997,44.824596656971,44.871126668913476,25571100
2021-02-18,42.70279312133789,43.64581839899406,42.65316039883032,43.118467616090335,96927300
2021-02-19,42.913734436035156,43.2487526471851,42.705895415679485,42.74622355545403,36606000
2021-02-22,42.71209716796875,42.91373074949536,42.26540270813018,42.72760717039295,32106600
2021-02-23,42.0234489440918,42.619041669938014,41.89626619013901,42.532187059928276,31300200
2021-02-24,41.32237243652344,42.237476667008096,41.27273972487023,42.14751937401815,46565700
2021-02-25,40.9315299987793,41.57055004605526,40.78573452464482,41.28826723124903,33324600
2021-02-26,40.30180740356445,40.88809545752593,40.28319468994528,40.785727307626544,42470700
2021-03-01,40.75160598754883,41.12384962265265,40.67715513052071,40.816748712442305,34634400
2021-03-02,40.360740661621094,41.17968222876134,40.32972065870081,40.79502780252862,29230800
2021-03-03,39.579017639160156,40.30489907138143,39.56661035015078,40.171510951999984,41837400
2021-03-04,39.5604133605957,40.19633409548269,39.17265975884523,39.66278150426183,45348000
2021-03-05,40.05363464355469,40.24906276683603,39.3184485988167,39.343266727969464,34073700
2021-03-08,39.66898727416992,40.27698717067242,39.64727185107671,40.11878443816857,40988400
2021-03-09,39.98229217529297,40.28939304820202,39.805476736346044,39.954374882304464,31988700
2021-03-10,41.002872467041016,41.272747949803836,39.8520117393544,39.972992607497076,44929200
2021-03-11,40.987361907958984,41.40924184691285,40.80124185107973,41.368917254594024,35489700
2021-03-12,41.604671478271484,41.72875150990303,40.971853376916044,41.10834070170827,28437600
2021-03-15,41.390628814697266,41.80010145673034,41.20140604831456,41.79699874580357,25071900
2021-03-16,41.37821960449219,41.654300513974626,41.201404139993585,41.201404139993585,19881000
2021-03-17,41.03388595581055,41.30066223548304,40.94082239894124,41.102131380844135,24156300
2021-03-18,40.498111724853516,41.10242244428182,40.473193532729844,40.85633836409745,29815500
2021-03-19,41.0369987487793,41.273739346291045,40.46383767741754,40.53548370254615,57703500
2021-03-22,41.233253479003906,41.25817523693743,40.80338434695236,40.80650001229837,24654000
2021-03-23,41.72230911254883,41.83444810996587,41.00274371319009,41.02766190602301,29154900
2021-03-24,41.46376037597656,41.874942621514165,41.445069949830824,41.874942621514165,23547300
2021-03-25,41.744110107421875,41.90609261422643,41.389002701166696,41.51048512522721,28125900
2021-03-26,42.09299087524414,42.11479696738208,41.560326186763824,41.74099912476198,28653600
2021-03-29,42.572696685791016,42.67860433454542,41.92789310441674,42.05249117702989,30146400
2021-03-30,42.28300094604492,42.85927773296256,42.19889582013714,42.466785957114965,27230100
2021-03-31,42.311031341552734,42.631873467840336,42.04002558474026,42.22381056530466,24546000
2021-04-01,42.24562454223633,42.6412284263037,42.15528808481251,42.345300864639846,25595100
2021-04-05,43.43243408203125,43.65983126455526,42.4262918287782,42.588270746452494,40043100
2021-04-06,43.641143798828125,43.905918281568184,43.14897211815197,43.33275713656573,31044600
2021-04-07,43.547691345214844,43.84361891030335,43.50096706593792,43.703442507638584,20361600
2021-04-08,43.519657135009766,43.958873199258726,43.504082375378054,43.75016642942625,19095600
2021-04-09,43.541465759277344,43.63802998758241,43.20816089298721,43.49473791282789,20676600
2021-04-12,43.547691345214844,43.72836069731934,43.40440284246549,43.631796473846904,18723000
2021-04-13,43.41374969482422,43.60999380604401,43.257998532911344,43.547691202378466,17397900
2021-04-14,43.39817810058594,43.441790286398714,43.11782881753265,43.335879052092885,21924600
2021-04-15,43.65984344482422,43.75640768942219,43.360803714229654,43.42310276689482,21710400
2021-04-16,43.80000686645508,43.9090337499388,43.51965762509326,43.88722766027525,26488500
2021-04-19,43.519657135009766,43.78754727847594,43.48850761574634,43.70032648563798,19281000
2021-04-20,43.85607147216797,44.16134242170388,43.24241747347515,43.4293145627419,24452100
2021-04-21,43.98379898071289,44.13955016874794,43.775095739690435,43.849853885859744,17335200
2021-04-22,43.50719451904297,44.06166518562443,43.4293171623534,43.94641054774425,19705200
2021-04-23,43.57883834838867,43.71589907822064,43.30783611829723,43.32964220663426,22971000
2021-04-26,42.95896530151367,43.61000033632638,42.874860160563344,43.58196291278659,22846200
2021-04-27,43.10536193847656,43.2829156205597,42.84681523017363,42.98699162880983,16151400
2021-04-28,42.952735900878906,43.17078614407304,42.94650813468373,43.096027995888164,14286600
2021-04-29,43.49473190307617,43.60999010590292,42.9558395591718,42.9558395591718,19596000
2021-04-30,43.58195495605469,43.606876709669606,43.33275524407486,43.5196559192682,19680000
2021-05-03,44.27037048339844,44.46350248717172,43.510312257130785,43.510312257130785,27139500
2021-05-04,43.83427047729492,44.242337012225704,43.641142036686816,44.089701519728706,19084200
2021-05-05,43.79689025878906,43.98378735723883,43.68786338652638,43.83115187497127,18351000
2021-05-06,44.1096076965332,44.206551126312824,43.60925104718705,43.78124976378512,16302000
2021-05-07,43.843807220458984,44.31914797604668,43.568609187469434,44.29100044523282,23408400
2021-05-10,44.03768539428711,44.43171853791196,43.87819825963349,43.9219781294436,26307600
2021-05-11,43.64053726196289,44.053334317739115,43.25588773742956,44.053334317739115,26464200
2021-05-12,42.51160430908203,43.46228582511905,42.50222418465223,43.42788607081943,25998300
2021-05-13,43.230873107910156,43.46228769469797,42.45531823109782,42.60229737904853,21475200
2021-05-14,43.63115310668945,43.85631186282648,43.290283492819285,43.40911867254923,16091700
2021-05-17,43.43413162231445,43.90634440670912,43.39660755152505,43.78125701307716,19675800
2021-05-18,44.37855911254883,45.213529669228016,44.15965258538132,44.87891586640775,58183800
2021-05-19,44.38168716430664,44.944587619604825,43.93761830697472,44.003289907465046,34874700
2021-05-20,44.53804397583008,44.67877087136875,44.000163177168126,44.250341541255175,30540900
2021-05-21,44.328529357910156,44.74445074143088,44.28162157700198,44.56932764360681,22927500
2021-05-24,44.33165740966797,44.53805236213196,44.2065664146536,44.33165740966797,18945900
2021-05-25,44.513023376464844,44.60683891134031,44.11586593512548,44.344152550622404,21505200
2021-05-26,44.459861755371094,44.681896158899015,44.33164646966017,44.528661248825756,19294200
2021-05-27,44.30976867675781,44.9320886350742,44.30976867675781,44.8288893624462,56577000
2021-05-28,44.41609191894531,44.547435134723386,44.29412882765101,44.38482006555379,21186300
2021-06-01,44.300376892089844,44.656878821551764,44.17841382209835,44.47237205570149,20767500
2021-06-02,44.20343017578125,44.316009535760585,43.80939704760356,44.21593819826044,23298000
2021-06-03,44.281612396240234,44.35979201487848,44.01579811403666,44.2159408008174,18374400
2021-06-04,44.359798431396484,44.49739744316993,44.172163740690344,44.23783534561238,13635900
2021-06-07,44.062713623046875,44.39732745994685,43.903222878416535,44.35979980487687,16630800
2021-06-08,43.72808837890625,44.06270212851635,43.72183257841513,43.940739070772196,20120700
2021-06-09,43.49354934692383,43.78437967338229,43.47791342331316,43.57485686546598,17085300
2021-06-10,43.74372863769531,43.840672081918406,43.4935502757485,43.4935502757485,16378500
2021-06-11,44.01580047607422,44.04707232520767,43.73747457688579,43.85318185021305,25232400
2021-06-14,43.956382751464844,44.0720900291402,43.790639797528954,44.0720900291402,15140700
2021-06-15,43.78125,44.06582806952809,43.67492286937787,44.04393634761575,19327200
2021-06-16,42.88999938964844,43.793769500323336,42.8337079094764,43.73435369805897,28794900
2021-06-17,43.06824493408203,43.265263300376084,42.75239497827229,42.8430861995082,19341900
2021-06-18,42.27080154418945,42.65232309095943,42.03000331002717,42.355236963287474,44812800
2021-06-21,42.65544509887695,42.764896549118475,42.32708716931937,42.42403059815704,20775000
2021-06-22,42.85247039794922,43.06824903028575,42.602292014165286,42.602292014165286,19107000
2021-06-23,42.517852783203125,42.83995854190169,42.508472660390005,42.68672362450786,19390500
2021-06-24,42.81494140625,42.91814065736374,42.561638708395634,42.58352685584367,23444100
2021-06-25,43.32155990600586,43.42475917128488,42.81807518425132,42.88374679327719,28640700
2021-06-28,43.18708038330078,43.3559512247462,42.717995507915425,43.16831655882534,15549000
2021-06-29,42.9369010925293,43.302786714798735,42.91500936797609,43.12453575438974,35962500
2021-06-30,44.100242614746094,44.58809140893951,43.371595535195155,43.64366567444742,45511200
2021-07-01,43.568603515625,44.172159505919375,43.47166006801821,43.90947311141487,26348700
2021-07-02,43.815650939941406,44.11899283955844,43.577980629021546,43.577980629021546,26280600
2021-07-06,43.76250076293945,44.015807073488304,43.62802964420985,43.74998915834376,18279300
2021-07-07,43.6905632019043,44.15339225706374,43.58111173895897,43.706199125182195,25607400
2021-07-08,43.65304946899414,43.98453544274759,43.22462002425009,43.26214768361245,21267000
2021-07-09,43.87507629394531,44.0439471527935,43.75936901345066,43.90947604588972,15185400
2021-07-12,43.79689407348633,44.02830862077587,43.571731748740405,43.9970367715566,19515000
2021-07-13,43.96263122558594,44.15026587499737,43.762488553902614,43.77812447645079,18947700
2021-07-14,44.26598358154297,44.34416321273671,43.728099129728164,44.0032935788306,18812100
2021-07-15,44.300376892089844,44.60684314909802,44.12212234852529,44.40670045928305,17974800
2021-07-16,44.26911163330078,44.44736262456313,44.07834903793754,44.312891511151534,18095400
2021-07-19,44.16591262817383,44.71317720923017,43.709335704369245,44.222200531617226,27383100
2021-07-20,44.36604690551758,44.553681565232665,44.02517733334906,44.08459670536168,19020300
2021-07-21,44.14714431762695,44.5755736673689,44.00328951491522,44.5630656432999,18591900
2021-07-22,44.17840576171875,44.44421999945417,44.03142667173361,44.13462231953905,13013400
2021-07-23,44.541168212890625,44.63185942815252,44.09710299522318,44.25659012347112,15947400
2021-07-26,44.60371780395508,44.988370860491294,44.237832151852025,44.51928595700865,18517200
2021-07-27,44.60684585571289,44.719428809690214,44.394195129589846,44.719428809690214,15395700
2021-07-28,44.42547607421875,44.7976176052444,44.300388649303294,44.55681930191379,14071500
2021-07-29,44.48175811767578,44.672520694767634,44.412958617047046,44.606845516030745,11063100
2021-07-30,44.578704833984375,44.70692014246084,44.15652767593083,44.15652767593083,16332300
2021-08-02,44.47550964355469,44.67878027820407,44.303510863646075,44.666272252074634,19958400
2021-08-03,44.975868225097656,45.0008878571633,44.51929483353607,44.54431088676721,18915300
2021-08-04,44.669395446777344,45.01338939151568,44.63812359533149,44.83826272881813,15301500
2021-08-05,45.498104095458984,45.513740019068,45.02901922952138,45.104074525911486,27005400
2021-08-06,45.41679382324219,45.80457114713471,45.329230509040656,45.7232636335309,19263600
2021-08-09,45.52625274658203,45.807702957336275,45.46996127289774,45.629448413419496,15811800
2021-08-10,46.495697021484375,46.580132447446026,45.735778187829496,45.96094051667184,38262000
2021-08-11,46.911617279052734,47.4025938987221,46.64580298308642,46.7552544548469,41455800
2021-08-12,46.78607940673828,47.14703274019837,46.70760847963485,46.76724652791363,18269100
2021-08-13,46.933589935302734,47.19410359031261,46.817456866056894,46.886505951767596,15981300
2021-08-16,47.31651306152344,47.62411068433396,46.77978872311121,46.980667923639686,47791500
2021-08-17,47.300819396972656,47.865791248051245,46.798621397790924,47.20665502712394,50950200
2021-08-18,46.798622131347656,47.88776428364528,46.773510434993234,47.2537397487406,28211700
2021-08-19,47.115638732910156,47.28827043621609,46.453363029684375,46.55694205166794,22630500
2021-08-20,47.53622817993164,47.620974322581255,47.00264321836191,47.23176994863502,19400400
2021-08-23,47.222354888916016,47.64294618723036,47.20979724418749,47.56133586450955,16166100
2021-08-24,46.735843658447266,47.23804524645772,46.67306980694723,47.23804524645772,18828900
2021-08-25,46.75467300415039,46.855112595772546,46.462772461500265,46.58204492555197,21921300
2021-08-26,46.24935531616211,46.538116548525416,46.03591841571395,46.28701748211969,23466900
2021-08-27,45.988826751708984,46.35605882189283,45.882108327619996,46.29956019878628,23088600
2021-08-30,46.35919952392578,46.45336030638864,45.83188980292438,45.95744110487847,16440600
2021-08-31,46.4847526550293,46.59146749428566,46.214820757609765,46.4502263150336,25078500
2021-09-01,46.384307861328125,46.43139184479888,46.00452172642227,46.31525877571185,19056600
2021-09-02,46.62913131713867,46.701323405417476,46.35606001973938,46.49102596286744,20018100
2021-09-03,46.845706939697266,46.97125465730112,46.42197620877663,46.51614058898333,17211900
2021-09-07,46.2242317199707,46.820590502238865,46.15831845649903,46.757816649790314,25345200
2021-09-08,46.28387451171875,46.55380643635154,46.05474775374147,46.123800440694424,19508400
2021-09-09,45.95744323730469,46.33095415734478,45.77539689422737,46.283870171925045,22328700
2021-09-10,45.791099548339844,46.214830358127955,45.64671533581712,46.2022727104272,15775200
2021-09-13,45.53056716918945,46.18656395626083,45.39874064799861,45.988824174474566,19529400
2021-09-14,45.292022705078125,45.787945462193186,45.172750234177116,45.66239416945405,16533900
2021-09-15,45.37049865722656,45.43327251457766,45.13195368888791,45.21983924438169,14850000
2021-09-16,45.52115249633789,45.609038041070725,45.10056123797715,45.33596676622381,18428400
2021-09-17,45.42699432373047,45.875836749241955,45.2041464086345,45.24180856836663,73032600
2021-09-20,44.802391052246094,45.57138164442603,44.45085239319229,45.04093244831529,25054500
2021-09-21,44.8902587890625,45.3799026640592,44.780404564442875,44.789819204037684,17437500
2021-09-22,44.78668975830078,45.07231870826907,44.66114204508752,45.03151354627255,15044400
2021-09-23,44.81180191040039,45.081733806949615,44.71136230201016,44.953046681200796,15585300
2021-09-24,44.937347412109375,45.100564461709276,44.723914152790805,44.72705356389911,13360500
2021-09-27,44.648582458496094,45.05661606787187,44.51989175799778,44.84318282665968,21250800
2021-09-28,44.099308013916016,44.59209143191699,43.939233953752336,44.53245339177477,20580900
2021-09-29,44.080467224121094,44.516755527035635,44.042805070375785,44.146380483179406,21375600
2021-09-30,43.74776840209961,44.48537201106091,43.706966831120916,44.143251610685354,22457700
2021-10-01,43.01644515991211,43.826237297982885,42.66176710157698,43.71010421948426,30014400
2021-10-04,42.60212707519531,43.38681466135144,42.281975373388484,43.02899720827234,29970300
2021-10-05,42.881465911865234,43.22358621846633,42.65547505575931,42.67116851598862,20597400
2021-10-06,43.195335388183594,43.24869458566282,42.72766384369348,42.762190171944596,19376700
2021-10-07,43.703826904296875,44.16208396560056,43.553167491375575,43.55944272191163,21068100
2021-10-08,43.83564758300781,43.970613513545295,43.63162898177642,43.83564758300781,13847400
2021-10-11,43.79484176635742,44.187185500662714,43.76659425313654,43.791705947557595,13048200
2021-10-12,43.74776840209961,44.07105951864118,43.65046820360759,43.73521434887569,15789300
2021-10-13,43.430755615234375,43.945507711610645,43.35542411273828,43.78543365681205,17937900
2021-10-14,43.90156555175781,43.964339407484246,43.471559611226674,43.471559611226674,19783500
2021-10-15,44.114990234375,44.28762189604286,43.92980452240483,44.13696251640626,20737200
2021-10-18,44.46967697143555,44.5732559888727,43.889011620353415,43.94237083466986,19887000
2021-10-19,45.4144401550293,45.703204930930895,45.091149038791514,45.395607279209216,33444300
2021-10-20,45.82560729980469,45.979406093688034,45.47720455757797,45.47720455757797,17453700
2021-10-21,46.07984924316406,46.1143719869862,45.76597280984122,46.007657160619345,13954500
2021-10-22,46.560089111328125,46.98381991086448,46.17088465812452,46.17088465812452,21195600
2021-10-25,47.09994888305664,47.2443294874455,46.456506006445494,46.698190409622505,19287900
2021-10-26,46.68876647949219,47.253741957842536,46.59774510696046,47.08111026234629,17418600
2021-10-27,46.305843353271484,46.77351506917543,46.26190237030206,46.75468219304458,14565600
2021-10-28,46.594608306884766,46.76096118932025,46.36234215374857,46.56008196585069,12598500
2021-10-29,46.89906692504883,47.11250020367535,46.31526212621529,46.42511638091892,22022700
2021-11-01,47.015193939208984,47.316512737941075,46.87708859178926,47.07482837995655,12549600
2021-11-02,46.99322509765625,47.137609277630375,46.85511974011707,47.07169601007825,13638900
2021-11-03,47.137603759765625,47.17213009510882,46.776646944087126,46.95555744250302,14209500
2021-11-04,47.48286437988281,47.66177488153416,47.02774678249423,47.13760461221044,15149100
2021-11-05,47.15330505371094,47.70886233032127,46.96184047209803,47.70886233032127,15081900
2021-11-08,46.85198211669922,47.24118288458944,46.68248983751961,47.15016151481004,15373200
2021-11-09,47.015193939208984,47.040305635105035,46.72642919242321,46.930447802565375,15001800
2021-11-10,46.59146499633789,46.96183648261445,46.44708441355361,46.682489958356456,16803600
2021-11-11,46.61030578613281,46.764104628348676,46.51300557738528,46.69505194033322,13603200
2021-11-12,46.378028869628906,46.84256110830234,46.30897619760935,46.76723320646494,18313800
2021-11-15,46.111236572265625,46.59460168605531,45.951158943307284,46.50043731843178,28896000
2021-11-16,44.937347412109375,46.03904723089358,44.66427970974722,45.54312803588794,73986600
2021-11-17,44.55128479003906,45.42385793156582,44.51362263078191,44.93421394118533,33116100
2021-11-18,44.934207916259766,44.97500948131848,44.21229787657267,44.61405625747657,24394200
2021-11-19,44.69252395629883,45.19786134766217,44.55127920278607,45.07858887829664,28119300
2021-11-22,45.44268035888672,45.62473026517915,44.57011094101533,44.77726894969094,29126400
2021-11-23,45.765968322753906,45.81932752670743,44.96245162887393,45.27632443942006,29907900
2021-11-24,45.9951057434082,46.158319199201976,45.71261621883745,45.740867326496634,18089400
2021-11-26,45.480350494384766,46.415693850499856,45.329691089533945,45.96371563594739,21039600
2021-11-29,44.76785659790039,45.59020991902792,44.64230888548644,45.511739006765524,33039600
2021-11-30,44.14011764526367,44.7270619119421,43.945513632266135,44.406910167208025,64818900
2021-12-01,43.04468536376953,44.168353796778554,43.01329843891496,44.10244053618328,36621300
2021-12-02,42.5205192565918,43.45272682076141,42.44833075916723,43.1984883941697,39805800
2021-12-03,43.16081619262695,43.276949245390185,42.464017876047556,42.642924775276725,44142600
2021-12-06,43.62849426269531,43.74149151343873,43.03213544912083,43.17651603573256,32589300
2021-12-07,43.48725128173828,43.88900968902469,43.34286710911754,43.81681760271432,37739100
2021-12-08,43.047828674316406,43.47155938224514,42.69001123295396,43.333454026771534,34496400
2021-12-09,43.64658737182617,43.66864451778264,42.767352603789895,43.057276404221554,32351700
2021-12-10,44.44389343261719,44.52898080409883,43.353517863321755,43.59617537626079,38575500
2021-12-13,45.24433517456055,45.301061278549184,44.12244293878085,44.19492569279978,54039300
2021-12-14,45.67607116699219,45.78321926939773,44.796836415128936,45.15924656870116,46721400
2021-12-15,45.93763732910156,46.158234029911235,45.190759876267876,45.76115852586746,33489900
2021-12-16,45.17184829711914,46.17713978832227,45.03003845979139,45.93763440196547,39069600
2021-12-17,43.725364685058594,45.3640812956684,43.6119161000104,44.9859145368871,78581100
2021-12-20,43.867183685302734,44.04050683246832,43.362963680616396,43.52683428052297,31017900
2021-12-21,43.999542236328125,44.07517343594777,43.49217016597904,43.77264142453707,24620400
2021-12-22,44.0562629699707,44.116141123468104,43.65603902211667,44.08777626908895,17028000
2021-12-23,43.95857238769531,44.169716547402466,43.756884381897095,44.056264339291445,17592600
2021-12-27,44.35879898071289,44.39346794063724,43.983787802120055,43.993240350123976,16040700
2021-12-28,44.99537658691406,45.05525113489497,44.308377278431365,44.308377278431365,15783000
2021-12-29,44.97331619262695,45.23173030060368,44.850411437965754,44.95755954269254,13045200
2021-12-30,45.1182746887207,45.28530093576735,44.90083005086127,45.14663954163505,14949000
2021-12-31,45.597293853759766,45.707594021733264,45.039499730047325,45.12773914313285,17947800
2022-01-03,45.584686279296875,45.62880417972771,45.067858040995446,45.37984621482613,20706600
2022-01-04,44.74956512451172,45.73910000032061,44.67393393002605,45.39244650673603,33930000
2022-01-05,45.354637145996094,45.99437019697045,44.98277799695353,45.0174433524569,35418000
2022-01-06,45.22858428955078,45.58153834427059,44.875630234830965,45.26009759362817,21828900
2022-01-07,45.66032028198242,45.80843785590921,45.05210415409205,45.222278876354274,19723500
2022-01-10,45.57208251953125,45.880915041168066,45.10252783089403,45.83364508845015,22731600
2022-01-11,45.442874908447266,45.57523582876297,45.121434172041766,45.446026960008695,21668700
2022-01-12,45.203369140625,45.367243362390894,45.06471133116103,45.279003951665615,18946800
2022-01-13,45.84310531616211,45.9092839771406,45.09937978662614,45.200223803971134,24252600
2022-01-14,45.713897705078125,46.20866525670371,45.44918305383555,45.44918305383555,26867400
2022-01-18,44.91343688964844,45.600436130874826,44.790532147997894,45.50904468575711,21123900
2022-01-19,45.36094284057617,45.69183975530383,44.72436542541362,44.91974935858368,22674000
2022-01-20,44.50376510620117,45.52480980850261,44.456495152602585,44.85987119365661,22387200
2022-01-21,44.17917251586914,44.831506533924006,44.13820666515632,44.5037653023562,27508200
2022-01-24,44.18232345581055,44.2863195154491,43.27157533080558,43.82621737574499,28699200
2022-01-25,43.22114944458008,44.2358935380789,43.114001343097854,44.11614083832403,29479500
2022-01-26,42.77995681762695,43.737974826461,42.594025465508324,43.28102477103502,26185500
2022-01-27,42.80831527709961,43.829363424847635,42.660201336595144,43.14866465968229,27759000
2022-01-28,43.33775329589844,43.35350994652017,42.212712573055846,42.85874246147908,25131900
2022-01-31,44.059417724609375,44.13190048090835,43.07933891473855,43.20224367401374,20193600
2022-02-01,44.406070709228516,44.481701909540256,43.801006680870245,43.8703337784618,20323200
2022-02-02,44.38715744018555,44.63611537502414,44.166560751737286,44.434427386324664,18149700
2022-02-03,44.431278228759766,44.74641843647466,44.04681092607218,44.20122897868861,20741100
2022-02-04,43.90815353393555,44.43443433881395,43.59932100695869,44.399768984928166,22036500
2022-02-07,43.476402282714844,44.141340683164415,43.36610215341597,44.13819223911269,20010300
2022-02-08,43.485862731933594,43.879786169442326,43.33459673781649,43.589858779101434,19458900
2022-02-09,43.391326904296875,43.737976820875616,43.3219961996879,43.64658896950278,21473700
2022-02-10,42.88395690917969,43.17703278585089,42.68856938493259,43.032070873284454,27810600
2022-02-11,42.64759826660156,43.23060150286074,42.28203606910109,43.1171529067579,23733300
2022-02-14,42.212711334228516,42.8461366048583,41.821939918638606,42.6476006489713,29363400
2022-02-15,42.34506607055664,42.754742556324125,42.162286775911795,42.46166671725191,21824400
2022-02-16,42.080352783203125,42.50578957429017,41.818790212013546,42.3324664128198,28490700
2022-02-17,43.76633071899414,43.952265654825766,42.15913100327243,42.22846169623595,53831400
2022-02-18,43.485862731933594,43.99008271232393,43.224300194934884,43.52052808098954,31103400
2022-02-22,43.00055694580078,43.56465514957435,42.83983477787888,43.41653758115625,25380900
2022-02-23,42.559356689453125,43.233751342202346,42.4931780445733,43.129755298401,21030900
2022-02-24,42.39549255371094,42.546758565948224,41.60134508784865,42.20010503386307,31717500
2022-02-25,42.9785041809082,43.10456101877713,42.25683933302432,42.483740198601616,24997800
2022-02-28,42.594024658203125,42.88080000581626,42.15598331206216,42.54360265869385,26286600
2022-03-01,42.855594635009766,43.45435458020898,42.54991055948403,42.81777723038538,24024900
2022-03-02,42.9091682434082,43.12031242938568,42.600335700146346,42.75160172331536,23863800
2022-03-03,43.89555358886719,44.26741636645548,43.03207530815653,43.26527665549834,29885100
2022-03-04,45.00798416137695,45.045801566005345,43.359814679706815,43.429145386036794,35576400
2022-03-07,44.64556884765625,45.26324103070877,44.26110156203189,44.52896820217507,45870000
2022-03-08,43.72221755981445,44.894531758933056,43.67179556006094,44.59199976041197,28305600
2022-03-09,43.949127197265625,44.19493314305497,43.53314291082218,44.1193019314531,22122900
2022-03-10,44.94810485839844,45.06470912077776,43.80730749739918,43.95857350559465,27512700
2022-03-11,44.771629333496094,45.395602063670786,44.71175117704093,44.844112088928,19162200
2022-03-14,45.39560317993164,45.647713197996154,44.74642123584033,44.7558737836888,22646400
2022-03-15,45.9407844543457,46.05738509143992,45.332568468344924,45.546861043752465,22872600
2022-03-16,45.8052864074707,46.3063544260263,45.28530968547405,45.81789100760927,24615900
2022-03-17,45.874881744384766,45.96662667824006,45.128279784728875,45.6977239823256,19023000
2022-03-18,46.01091766357422,46.052045578971835,45.590163883313245,45.92866545319408,31233300
2022-03-21,45.62812423706055,46.59617609573359,45.43514526567133,46.00775007431097,21350700
2022-03-22,45.49209213256836,45.862228873646444,45.23267854138259,45.74834148110279,20235000
2022-03-23,44.906822204589844,45.46993782086808,44.770788758534266,45.28328736280146,19625400
2022-03-24,45.18522262573242,45.52688840005711,44.88468114177515,45.04602492205722,13440900
2022-03-25,45.38136672973633,45.53321779784191,45.00490149201155,45.38136672973633,14085300
2022-03-28,46.18807601928711,46.20705785434476,45.33391154376705,45.39718191368265,20105700
2022-03-29,46.57719039916992,46.85242155213752,46.26715982179459,46.3778865796063,19934400
2022-03-30,47.412376403808594,47.510446199557215,46.517084031146325,46.54555497303082,24991500
2022-03-31,47.111839294433594,47.62433801852657,46.877736011699305,47.0707149990425,27163800
2022-04-01,47.77301788330078,47.85527008250806,47.086525728844734,47.345935675479716,20939700
2022-04-04,47.78251266479492,48.46584060627393,47.47881055293431,47.74138475321568,25332600
2022-04-05,47.918548583984375,48.50697100331278,47.73189447148202,47.73189447148202,18657900
2022-04-06,49.03211975097656,49.168153212670916,47.6116790092912,47.7761834121354,28018500
2022-04-07,49.52247619628906,49.83883167727413,48.85812642784694,49.066923000321175,27088200
2022-04-08,49.79770278930664,50.11405824110524,49.418073350816606,49.63952325320002,23294400
2022-04-11,48.81066131591797,50.060268951510096,48.60186479619973,49.658497121519595,24712800
2022-04-12,48.475337982177734,49.16183023197923,48.26021291700317,48.79485771672807,26761200
2022-04-13,49.73759460449219,49.9179202226155,48.51329704882503,48.54493223295532,29284500
2022-04-14,49.693302154541016,50.07609219684815,49.48766985348494,49.70279126086638,22360500
2022-04-18,49.313682556152344,49.97803236409867,49.10172534880079,49.588913759795346,14671800
2022-04-19,49.873634338378906,49.96854352311607,49.36429984493765,49.56360370226287,15855000
2022-04-20,50.50001525878906,50.727793658211084,50.076097265198925,50.09507910018533,19821600
2022-04-21,50.57594299316406,50.860663279350916,50.32285789206298,50.59176058570695,18168300
2022-04-22,49.62371063232422,50.73096025515194,49.56044025970978,50.696160826131,21046200
2022-04-25,49.64901351928711,49.81668578649921,48.82965211970945,49.46869152302185,18057600
2022-04-26,49.13019943237305,50.02548834170924,49.098564242414014,49.468701033516304,19601100
2022-04-27,48.79486083984375,49.41491851226787,48.7252619755285,49.20296129673849,17496900
2022-04-28,49.4180793762207,49.66167538466781,48.750568965700715,49.108048750999856,14955900
2022-04-29,48.3994026184082,49.42123564745526,48.31082193685941,49.29153067761151,21088800
2022-05-02,48.07988739013672,49.032121659053225,47.55473535716124,49.0226289313574,20016000
2022-05-03,48.247562408447266,48.8075139426994,48.016623356516476,48.22225570541541,17950500
2022-05-04,48.915077209472656,48.97834758840907,47.93120761126689,48.095712044667714,20022600
2022-05-05,48.4959716796875,48.84205522654699,48.07051267263918,48.78172696994295,23234400
2022-05-06,47.486289978027344,48.88014386558533,47.07670614179698,48.16892970507794,34258200
2022-05-09,48.041927337646484,48.61026204413484,47.05130583143263,47.14020850682614,28207200
2022-05-10,47.36563491821289,48.353080668117656,47.16878237053467,48.08002478999963,24861300
2022-05-11,46.870323181152344,47.864116688178285,46.6448925900093,47.435482080673744,27878700
2022-05-12,46.825870513916016,47.67361250550465,46.52106448623413,46.94652335407023,25244400
2022-05-13,47.006858825683594,47.11163660321983,46.40042237419093,46.898908936904846,19962300
2022-05-16,47.057655334472656,47.540266760444275,46.50201995256254,47.429137503917275,21449100
2022-05-17,41.70449447631836,43.63810864902349,41.479063853321925,43.3174274924891,132940200
2022-05-18,38.872337341308594,40.72657607663051,38.58657847243034,40.650372742642986,104253000
2022-05-19,37.80551528930664,38.66913618228913,37.65628798827795,38.37702943615463,71008500
2022-05-20,37.8467903137207,38.36749977884937,37.23400242456059,37.98649400525461,49356000
2022-05-23,38.92631530761719,39.29779748841941,38.05634659660959,38.075393797123745,43680900
2022-05-24,39.4120979309082,39.5454501328162,38.44370296123231,38.484976739474085,34584900
2022-05-25,39.17078399658203,39.58354349383564,38.9263062222439,39.37081225746984,27121800
2022-05-26,40.005836486816406,40.132837204423375,39.497826349238274,39.783581597429084,28197600
2022-05-27,40.79325866699219,40.83770819650653,39.78676187749291,39.8439143870761,25299900
2022-05-31,40.84088134765625,41.244113733419276,40.4566961636357,40.46939914289776,36912300
2022-06-01,39.831207275390625,40.93295449967084,39.586729438057645,40.79960229138464,28534800
2022-06-02,40.48526382446289,40.49161167888656,39.47559161366337,39.869300297330945,23214300
2022-06-03,39.78993606567383,40.45669715017876,39.71690846743743,40.2185671532626,18302700
2022-06-06,39.64704895019531,40.10108227558627,39.55814627825469,39.94867925236293,19855500
2022-06-07,39.17078399658203,39.20888565586758,38.38019091749087,38.49449589534752,47707800
2022-06-08,38.831058502197266,39.3422443425827,38.71993288338839,38.84693359059853,22522800
2022-06-09,38.424644470214844,39.48194190831969,38.41512087208002,38.7358019683751,19880100
2022-06-10,38.64055252075195,38.970760888934294,37.89123674573119,38.02141682657529,25238100
2022-06-13,37.91347122192383,38.49450900641775,37.811869184939944,38.01824900385886,24897900
2022-06-14,37.92934036254883,38.10079422725748,37.51975653391982,37.82456259705189,21544200
2022-06-15,37.903934478759766,38.23096708875691,37.43402608398103,38.091267048129815,25914000
2022-06-16,38.29765701293945,38.659612004291574,37.5388138352339,37.57691550808429,30706800
2022-06-17,37.557857513427734,38.3801972665266,37.45625549424159,38.10714501934181,36838800
2022-06-21,38.7897834777832,38.98346392847982,37.535633249078614,37.56103557222778,23916600
2022-06-22,38.31986999511719,39.13268609213735,38.28811982052416,38.76755545074295,20235000
2022-06-23,39.25017166137695,39.35812154157947,38.48180498739721,38.65643096917555,18040800
2022-06-24,39.28192138671875,39.786755759561835,39.10411602885107,39.39939849926258,31845900
2022-06-27,39.40892028808594,39.60577647050466,38.98663712452657,39.300966780515196,19889100
2022-06-28,38.8532829284668,39.86930306420024,38.82788060828615,39.580372111002625,15399000
2022-06-29,38.71040725708008,39.164444251498054,38.40877693136043,39.01838907185382,19111500
2022-06-30,38.60245132446289,38.75485433568606,38.065863224365586,38.380192845324565,19166100
2022-07-01,38.93584060668945,39.027915402967125,38.46910423507686,38.71676145546729,17460900
2022-07-05,39.450199127197266,39.53275031627022,38.61198062490087,38.80248532545573,18218100
2022-07-06,39.729610443115234,40.09474482488991,39.4660817367634,39.523230614317676,21300000
2022-07-07,39.78993606567383,39.85661217412432,39.40892661717782,39.748658649216196,17487300
2022-07-08,39.81533432006836,40.19951950923486,39.73595886649383,39.94868653550371,14751000
2022-07-11,39.831207275390625,40.11061467071421,39.56767860350602,39.694679322416626,11532900
2022-07-12,39.71055603027344,40.36462138675324,39.59943039669888,39.723259009542204,13732200
2022-07-13,39.80581283569336,40.15189273854096,39.34225216830308,39.51053031897427,12689100
2022-07-14,40.58369827270508,40.74245280250733,39.41527496202781,39.42162281773184,20905500
2022-07-15,40.9805793762207,41.36158512909131,40.65672248781454,40.894852445949226,21184200
2022-07-18,40.88532257080078,41.37110968880572,40.72339595384884,40.84722090790342,14243700
2022-07-19,41.136165618896484,41.26316634839209,40.83135950781648,41.08218885543067,16995300
2022-07-20,41.479061126708984,41.69179239129819,41.117106216197776,41.4377873516523,18564900
2022-07-21,42.085514068603516,42.08868981387211,41.43462436442339,41.49177687853058,18764700
2022-07-22,41.9775505065918,42.35220842014841,41.66639294893971,42.08232827397923,13616400
2022-07-25,41.9172248840332,42.13312826904534,41.73941953149977,42.034701993052664,20535300
2022-07-26,38.729461669921875,38.95489231570093,38.11984947309005,38.459581497381244,95391600
2022-07-27,40.19316482543945,40.25031732761652,38.427828716487475,38.49450481890652,42159600
2022-07-28,41.19647979736328,41.437785482536086,40.091557016349235,40.091557016349235,33262200
2022-07-29,41.9267463684082,41.99342246385048,40.64401820006333,40.74244810466474,30141900
2022-08-01,42.08232498168945,42.61890948753817,41.59336573904319,41.612416571039105,24996300
2022-08-02,42.12677001953125,42.453802605787196,41.720362003047846,42.27599728178857,19695000
2022-08-03,41.434608459472656,42.209322863142006,41.23140444319385,41.96166933089262,32003100
2022-08-04,39.86931228637695,41.52987080691876,39.79311257535849,41.488597023243265,53106000
2022-08-05,40.18999481201172,40.26302241405602,39.726437773579875,39.85026276225863,32007000
2022-08-08,40.517024993896484,40.70752971622368,40.199519545734724,40.21221889160311,18175200
2022-08-09,40.917076110839844,40.94882628518809,40.39001158922037,40.605918588507734,19325100
2022-08-10,41.0028076171875,41.32348880264931,40.76467762828687,41.275863531584235,25251000
2022-08-11,41.398231506347656,41.573621685444344,41.00918718586072,41.35996389465378,23854500
2022-08-12,42.1635627746582,42.361272673328386,41.39822883712834,41.455626601568035,26625000
2022-08-15,42.28474044799805,42.59406359387805,41.889317007394745,41.97541730211804,26516100
2022-08-16,44.44362258911133,44.94108689557716,44.06732930959493,44.293741732658205,91773300
2022-08-17,44.491458892822266,45.511904193281424,44.134299388261304,44.188511229110745,41792100
2022-08-18,44.347957611083984,44.77845911687791,44.16619193059335,44.49464525593955,19197600
2022-08-19,43.69424057006836,44.3479650534094,43.65916252854661,44.30013235571636,22918800
2022-08-22,42.9129524230957,43.59856521494275,42.87149523825841,43.43274377439372,18667200
2022-08-23,42.73118591308594,43.03731948164703,42.47926053215337,42.92570623198829,16955100
2022-08-24,43.04051208496094,43.142556614993026,42.6036314317984,42.84279852714861,15766500
2022-08-25,43.32750701904297,43.365774625871055,43.059637420646204,43.13936220977136,19414500
2022-08-26,41.96586608886719,43.63365704758956,41.93716354821032,43.40405496934075,21331800
2022-08-29,42.374027252197266,42.68972955366152,41.643771349507325,41.72030656782596,17381700
2022-08-30,42.24647903442383,42.619579149803165,42.010501495585665,42.52072418750617,14468100
2022-08-31,42.268798828125,42.66422229313378,42.07108527092049,42.34214082489741,22460700
2022-09-01,42.884254455566406,43.094719011705934,42.2209613804232,42.26560814187715,21741900
2022-09-02,42.41229248046875,43.2637266647664,42.23371639675007,43.00223986545693,17234400
2022-09-06,42.20183181762695,42.6100099315101,41.685230023718525,42.428240606208874,21899700
2022-09-07,43.286048889160156,43.35939452574172,42.32938063579973,42.43142515217418,17058900
2022-09-08,43.50608444213867,43.64639657189749,43.01180606181552,43.17762749731233,16956000
2022-09-09,43.6368408203125,43.84730541052958,43.41042834885097,43.46464019687987,16140600
2022-09-12,44.02907180786133,44.08646957888634,43.678291432039615,43.71336946962179,14284500
2022-09-13,43.12022399902344,43.99079189368219,42.989480613357294,43.6432011910875,17687400
2022-09-14,43.02455520629883,43.53796732489387,42.76306843366248,43.25096760038596,19934700
2022-09-15,42.56217956542969,43.09791154443309,42.40273361246894,43.066023083721014,20189400
2022-09-16,42.47288131713867,42.90656867665157,41.86380015946736,42.093402140515124,41874300
2022-09-19,42.836421966552734,42.97354087908286,42.24328495717044,42.354898211923086,16853100
2022-09-20,42.58768844604492,42.692922554976924,42.265610616810854,42.56536506401076,13963500
2022-09-21,42.97673416137695,43.83135806533825,42.92890146924339,43.19039196206752,24903600
2022-09-22,42.536659240722656,42.96078153378433,42.36126908777994,42.91294885099989,16744500
2022-09-23,41.47476577758789,42.46970184993115,41.063398048626745,42.37084688779333,27195300
2022-09-26,41.87336730957031,42.138043661009284,40.903944463695765,41.05701122883385,23011200
2022-09-27,41.758575439453125,42.54941870605446,41.55129680787368,42.16675355109257,17171700
2022-09-28,42.44736862182617,42.6195691963082,41.36633614239974,41.90525759444185,16838400
2022-09-29,42.17313003540039,42.769456636749446,41.97542012649555,42.57174307844434,15241500
2022-09-30,41.359962463378906,42.20820714663768,41.359962463378906,42.16994318566825,19602300
2022-10-03,42.262420654296875,42.345331380436285,41.458819051822054,41.53216469969168,17574900
2022-10-04,42.8109130859375,43.11385712156582,42.53029243326512,42.68654516575515,16134300
2022-10-05,42.38678741455078,42.92889852029237,42.256040352419994,42.654653391618346,14553900
2022-10-06,41.991355895996094,42.88424718080585,41.95946744288139,42.43780153840097,14200500
2022-10-07,40.996429443359375,41.98179673685855,40.840173067971406,41.87337670144268,17080500
2022-10-10,41.23878479003906,41.43330877136387,40.9071382438624,41.30575128455739,11411700
2022-10-11,42.30705642700195,42.66740180263883,41.2834217079502,41.29936593523326,21276000
2022-10-12,41.828731536865234,42.976734401486894,41.76495461366417,42.41548944863643,16947600
2022-10-13,42.182701110839844,42.39316568539512,40.93584329656352,41.22603267380532,20545500
2022-10-14,41.59274673461914,42.48244852555153,41.4715684120685,42.23371637888435,16641000
2022-10-17,41.89250946044922,42.358088999057784,41.643773636652746,41.761762396874055,17812500
2022-10-18,42.77582931518555,43.08196288583551,42.517528430687136,42.549416888121506,16842300
2022-10-19,42.6546516418457,42.96397479286578,42.402729904728346,42.83642096117095,11339400
2022-10-20,42.75988006591797,43.17762318853989,42.61956795016114,42.72480203697876,12754800
2022-10-21,43.62407302856445,43.81859699403622,42.73118529128737,42.98948617026465,18134700
2022-10-24,44.45637512207031,44.797586703478046,43.72930520224462,43.83134971912544,18806700
2022-10-25,44.666847229003906,44.78483599356085,44.1087918669751,44.35433812395599,15051300
2022-10-26,45.00804901123047,45.29505239397886,44.58711631227891,44.75931688216809,20754300
2022-10-27,44.87731170654297,45.31419234102409,44.73699957139866,44.96660157885299,16602900
2022-10-28,45.444942474365234,45.56930674946554,44.6572850348603,44.66047461102198,13648200
2022-10-31,45.387535095214844,45.62351260860147,45.208958997003414,45.39072467095794,22572000
2022-11-01,45.18344497680664,45.776578322053496,45.12285763671479,45.59162307670986,14814300
2022-11-02,44.88368606567383,45.782952895937996,44.867741838327994,45.014429459789625,15522000
2022-11-03,44.874122619628906,45.18982492714227,44.351145332231184,44.48826789317938,10976400
2022-11-04,44.95384216308594,45.3492619211108,44.25866071239124,45.29186416237801,14669400
2022-11-07,45.425804138183594,45.59162558805327,45.04632489958927,45.04632489958927,11364000
2022-11-08,45.53422546386719,45.94240356512921,45.12604371320507,45.46725897221639,15068400
2022-11-09,44.47550964355469,45.65221118210589,44.392595279024924,45.52465370924458,15932100
2022-11-10,45.39710998535156,45.502340453358116,44.80397289622012,45.444942679791026,20310600
2022-11-11,45.467262268066406,45.639462873193885,44.64133727863648,45.4959611524542,19270800
2022-11-14,44.1311149597168,45.70324015070978,44.09284734730065,45.16750452508486,37525800
2022-11-15,47.01706314086914,47.9195196873989,46.095472788656735,46.43349484044946,76548600
2022-11-16,47.35508346557617,47.89719455901209,46.915016899125845,47.1573699136665,32593200
2022-11-17,47.19564437866211,47.428435998622874,46.784276635239,46.879945674058725,24791400
2022-11-18,47.90676498413086,47.90995455997473,47.441185444732845,47.728185230876726,18987000
2022-11-21,48.20012664794922,48.5158288780489,47.893993142676386,48.027929744457595,21157200
2022-11-22,48.37234115600586,48.61469782994862,48.19057547524894,48.471199760740625,16898400
2022-11-23,48.60512924194336,48.90807323779581,48.43292865180827,48.496705566850885,16920600
2022-11-25,48.81240463256836,48.81878013401037,48.42654629343442,48.50946065677876,8777400
2022-11-28,48.95271682739258,49.31306223994898,48.70079509098945,48.70079509098945,17674800
2022-11-29,48.780513763427734,49.01649124130102,48.6465771481757,48.79964391620698,13841700
2022-11-30,48.60512924194336,48.71673884326793,48.21608495102336,48.665716581353834,31338000
2022-12-01,48.908077239990234,48.98461246382435,48.06620802481664,48.487144457103604,22732200
2022-12-02,48.86024475097656,48.866623902789115,48.30537532409555,48.30537532409555,20733000
2022-12-05,48.359580993652344,48.790082451041506,47.99604602414595,48.71036131056199,23608200
2022-12-06,47.798336029052734,48.44249160124573,47.58149233779368,48.21608283291049,20625600
2022-12-07,47.54960632324219,48.21927123495744,47.457126876224336,47.9928624549966,17550300
2022-12-08,47.623233795166016,47.783277168912434,47.41837534624419,47.7448689571081,13512600
2022-12-09,46.51251220703125,47.28393291668356,46.483701471990884,47.2039075743197,27929400
2022-12-12,47.37995147705078,47.40556060826207,46.59252655544932,46.70135528941529,19432200
2022-12-13,47.21030807495117,48.07775475005983,46.9702393878994,48.01373741035468,23408100
2022-12-14,46.947837829589844,47.54320722357694,46.7205718489196,47.08227572534584,20334600
2022-12-15,46.52852249145508,46.86781885045696,45.974762876341124,46.598943043422736,17514000
2022-12-16,45.693077087402344,46.32366040548193,45.63546294078643,46.24683665911692,40343100
2022-12-19,45.70907974243164,45.95235004609396,45.36658182266323,45.77629868644916,15067500
2022-12-20,46.10919952392578,46.29805363637914,45.53303604935807,45.747495636470504,17009400
2022-12-21,46.47089767456055,46.71416796958034,46.176412773386986,46.19561870858934,13726500
2022-12-22,45.92673873901367,46.40687608565942,45.43059705835689,46.339657150181594,13082400
2022-12-23,46.019561767578125,46.02916656559189,45.542626034627276,45.78909789944751,9547500
2022-12-27,46.03237533569336,46.237233767346986,45.833916440555335,46.10599381614796,10044600
2022-12-28,45.22574234008789,45.98755822533895,45.10410719379179,45.92354088407496,15246300
2022-12-29,45.50102233886719,45.77950293054369,45.37298764311757,45.497824401999786,9171900
2022-12-30,45.38578796386719,45.44980897149164,45.07210077808557,45.31216948299354,11505900
2023-01-03,45.96514892578125,46.00035552879287,45.48180999736889,45.62905059751998,17249700
2023-01-04,46.016357421875,46.109185481348916,45.47540438707958,45.9075286929807,13338300
2023-01-05,45.859527587890625,46.13480291223818,45.66106868404646,45.92034333482421,13274400
2023-01-06,46.98304748535156,47.2295193997665,46.17001692146465,46.28524887871676,21231900
2023-01-09,46.39727020263672,47.328737805563,46.34925720172609,46.83579773586432,17756700
2023-01-10,46.36846923828125,46.557323330581305,46.0067653894247,46.39407471020788,11970600
2023-01-11,46.77498245239258,46.79098678743738,46.326853744823076,46.650149371674594,14834700
2023-01-12,46.35246276855469,46.86781041471827,46.21802488923505,46.864608815085425,12472800
2023-01-13,46.506107330322266,46.675755482016136,46.04837748071724,46.58292740695839,13699800
2023-01-17,46.22442626953125,46.64054632262322,46.15720732718964,46.50610843794,15122400
2023-01-18,45.08171081542969,46.17322213935799,44.966478840006616,46.157217800081405,22674300
2023-01-19,44.43832015991211,45.30256531167124,44.425513760314985,45.25775390255464,17342100
2023-01-20,44.985679626464844,45.06249971356066,44.22706157691918,44.6207741390751,29543100
2023-01-23,45.65786361694336,45.776297164997786,44.876841787099416,44.96006506439515,13149900
2023-01-24,45.779502868652344,46.909425907641555,45.13291886441191,46.909425907641555,13669200
2023-01-25,45.56183624267578,45.72188325617535,44.93765618686919,45.52982757260737,12491700
2023-01-26,45.520233154296875,46.01317704260423,45.37619410614179,45.78270943713445,15819000
2023-01-27,45.86912536621094,46.24363194663882,45.37298363766392,45.64506100527123,18412800
2023-01-30,45.50102233886719,45.59705202383732,45.21934381032328,45.49142120194914,15897600
2023-01-31,46.051578521728516,46.05477645821651,45.34417518953347,45.555433145088095,14103600
2023-02-01,46.307655334472656,46.608543475888496,45.67707563966916,45.98436331824827,12849300
2023-02-02,45.9715576171875,46.36847175888779,45.75389644134844,46.22442906620795,17806800
2023-02-03,45.36017608642578,46.08038209945562,45.08809874770214,45.88832643001622,17155500
2023-02-06,45.030487060546875,45.48501899535873,44.8224270290077,45.395392515699776,17454000
2023-02-07,45.12650680541992,45.228936007036054,44.39349806030181,44.73919753154555,16341300
2023-02-08,44.883243560791016,45.16492205475504,44.80962142187836,44.918453830431204,11691300
2023-02-09,45.29935836791992,45.43379624256819,44.99527235020052,45.091302020061676,13064400
2023-02-10,46.003562927246094,46.07398346846066,45.507421202181476,45.801906102763056,15002700
2023-02-13,46.70456314086914,46.77178574561369,46.25643442151763,46.32045542653754,16015800
2023-02-14,46.57011795043945,47.09506666502524,46.27243515959405,46.64694167914601,13831200
2023-02-15,46.91582489013672,46.925429689336276,46.27244254375481,46.40047722782152,14674200
2023-02-16,46.17960739135742,46.73016524006263,46.15080032448793,46.566916647102424,16312200
2023-02-17,46.87421417236328,46.954239517761636,46.27564319762526,46.44849296179108,24770700
2023-02-21,47.159095764160156,47.48238774118357,45.501018745158724,45.734687907499065,54393900
2023-02-22,46.170013427734375,47.2359153621848,45.6962755714877,46.97984233035859,29844000
2023-02-23,45.4818115234375,46.211618676361375,45.04008238184852,46.211618676361375,22021200
2023-02-24,45.60344314575195,45.68986800775637,44.66237079807858,45.08169237454809,20623500
2023-02-27,45.27375030517578,45.801900638113565,45.02407684099325,45.68026550536054,16647300
2023-02-28,45.4946174621582,45.66106401235963,45.11690929297671,45.13291362806694,18054000
2023-03-01,44.86084747314453,45.222551397577575,44.61117758548304,45.15213084032881,14180100
2023-03-02,44.972869873046875,45.04969361757316,44.65277948488879,44.76161190191511,14785500
2023-03-03,45.02729415893555,45.19374075105741,44.73921239159896,45.145727733694386,16888800
2023-03-06,45.02088165283203,45.12651246709332,44.819224823691926,44.97286864539262,16720800
2023-03-07,44.572757720947266,45.35057798546522,44.42551343193097,45.190534623261975,17387400
2023-03-08,44.20464324951172,44.46711944793498,43.94216705108846,44.3518875138387,19090800
2023-03-09,43.906959533691406,44.486328166100115,43.826937860997326,44.43831516248367,15415800
2023-03-10,43.84293746948242,44.26225904814479,43.5612590140684,43.858941802296044,20065200
2023-03-13,43.97098922729492,44.33269312042644,43.7181177610675,43.75012643647268,28142100
2023-03-14,44.20464324951172,44.25905944879964,43.85254424854533,44.07340698187866,25542600
2023-03-15,44.69758605957031,44.75200226219818,43.75971886938476,43.81733667154793,33133500
2023-03-16,44.44367599487305,44.88399721240739,44.31511288076186,44.8132880513719,28905600
2023-03-17,44.80364990234375,44.83257504130507,44.22191033238918,44.414749496359704,43081200
2023-03-20,45.2857551574707,45.613586885579736,44.93542405563547,45.02863259406865,33928500
2023-03-21,45.13148498535156,45.44324680638498,44.845433583490205,45.44324680638498,19013400
2023-03-22,44.842220306396484,45.38860530739182,44.82293565389212,45.20219190407811,18548400
2023-03-23,45.205406188964844,45.51395697298677,44.832579355605326,45.06077680206907,22044300
2023-03-24,45.57502365112305,45.79036589562249,45.18934159374119,45.321115775605655,22752300
2023-03-27,46.33675003051758,46.59708734509166,45.889999296144836,45.89321401820841,26775600
2023-03-28,46.156761169433594,46.413883755219004,45.976777198469605,46.16961637917996,21282900
2023-03-29,46.35602951049805,46.59065270054675,46.1053327119256,46.40102457985068,24216900
2023-03-30,46.818851470947266,47.11775806916777,46.609938692189765,46.76421223491003,21879000
2023-03-31,47.390960693359375,47.709148333981254,47.07598409704909,47.1113386880262,20868000
2023-04-03,47.78948974609375,47.87305780354059,47.407022434584306,47.48094264807503,19766700
2023-04-04,47.32024002075195,47.82162993947573,47.25274557767099,47.73806188787903,18113700
2023-04-05,48.10446548461914,48.171959931297856,47.29131372442863,47.30095789005215,26540700
2023-04-06,48.4676513671875,48.544789978777274,47.73485294794189,47.82484309056803,17891700
2023-04-10,48.37444305419922,48.57050062777779,48.136605130954045,48.326233260812465,14519100
2023-04-11,48.23302459716797,48.53192749952778,48.08839155022723,48.53192749952778,18370500
2023-04-12,47.99839401245117,48.522283248596835,47.943754783886355,48.14302704817152,11209800
2023-04-13,48.046607971191406,48.21052198040273,47.63199718790627,48.0980288007573,13272600
2023-04-14,47.72199249267578,48.175172625448035,47.61592874431025,47.89876540661834,10464900
2023-04-17,48.056243896484375,48.10445367825531,47.72841223100318,47.77340729168861,16166700
2023-04-18,48.16231918334961,48.319807450805285,48.030541334407964,48.13981980852124,13482300
2023-04-19,48.2137451171875,48.663710557965906,48.136606503032766,48.48050818843421,12433500
2023-04-20,48.52229309082031,48.6572819898492,48.08197180797165,48.27802571249584,13641600
2023-04-21,48.76655960083008,48.94975829222567,48.58978667516758,48.840479814875835,25335000
2023-04-24,49.09759521484375,49.15866388848815,48.760123022657176,48.760123022657176,13579500
2023-04-25,48.71512985229492,49.41578835762073,48.63799124640964,49.26794426723551,17246700
2023-04-26,48.50300598144531,48.66370897024346,48.28123799024331,48.525505356201634,12910200
2023-04-27,48.654075622558594,48.834063304285095,48.461232728757984,48.461232728757984,12861000
2023-04-28,48.52229309082031,48.907975134021186,48.26838522463876,48.62514212609676,14088600
2023-05-01,48.721561431884766,49.02689749208716,48.50943759672724,48.544792182282094,11409600
2023-05-02,48.589786529541016,48.689420840735245,48.036972056887166,48.68299507502141,11329500
2023-05-03,48.4098014831543,48.8854773312823,48.29730828669311,48.71191913195528,12334500
2023-05-04,48.54530334472656,48.71307067886622,48.22913397206474,48.57111512388038,14011200
2023-05-05,48.96471405029297,49.0421420001589,48.33882181524113,48.4904544733425,14556000
2023-05-08,49.27119827270508,49.345402968850635,48.73564180987289,48.80339263952116,14926200
2023-05-09,49.35508346557617,49.419611058550096,49.14860402920415,49.27120165606799,15209700
2023-05-10,49.21636199951172,49.797088267616694,48.79049902328335,49.58415493343046,15827700
2023-05-11,49.4002571105957,49.448650040098435,49.03891806797389,49.216358809483914,11926800
2023-05-12,49.38412857055664,49.70675180863597,49.26798110344709,49.55511914518877,16119300
2023-05-15,49.00020217895508,49.63577151334698,48.83888872202781,49.52285467799859,16113900
2023-05-16,48.32269287109375,48.88728446461204,48.25494202755732,48.667900956596164,15512100
2023-05-17,48.24203872680664,48.76468757182821,47.97748552426398,48.76146433001252,26985900
2023-05-18,48.86792755126953,49.777727180131464,48.37753700399991,48.974390519425825,46768500
2023-05-19,48.36463928222656,48.86470700390529,48.10653993207446,48.84534909112583,27594000
2023-05-22,47.93876647949219,48.41947991930819,47.84198062006672,48.29688228208294,16117800
2023-05-23,47.84843444824219,48.02587519037644,47.451606517493595,47.75164489675237,16302300
2023-05-24,47.62904357910156,47.92263176033662,47.1999537283955,47.912954652007365,20515200
2023-05-25,47.15479278564453,47.56775170526222,46.809584708017624,47.38708033185749,21299100
2023-05-26,47.23867416381836,47.36772197892255,46.932181910801944,47.00638292762928,15720900
2023-05-30,47.122528076171875,47.51935599554728,46.97411866552223,47.19995602300076,15742500
2023-05-31,47.383853912353516,47.52580576234407,46.78376979190289,46.916044533176894,30130800
2023-06-01,47.55807113647461,47.71615766594133,47.08381524021842,47.170923993510534,20239200
2023-06-02,48.01297378540039,48.07427076125838,47.458059300184544,47.49677512290752,19178100
2023-06-05,48.329139709472656,48.796945370509455,48.19041110866765,48.19041110866765,15553200
2023-06-06,48.32269287109375,48.45496762425649,47.912960875965034,48.296884784100854,15015600
2023-06-07,48.39366912841797,48.50981290052587,48.083949941367614,48.15170078277588,24256500
2023-06-08,49.09375762939453,49.17764313171737,48.325913603797105,48.51948899998038,18873000
2023-06-09,49.39057540893555,49.5938316165715,48.90986567211359,49.090537036202484,15603900
2023-06-12,49.7164306640625,49.78095457072366,49.416388590657895,49.50027040774618,14713500
2023-06-13,50.10357666015625,50.1713274990431,49.706748735757344,49.85193121459706,15738900
2023-06-14,50.61009979248047,50.75850551760186,50.2035910540406,50.300380607071006,21103200
2023-06-15,50.8875617980957,51.04887158137254,50.64559343103617,50.65204360708068,18160500
2023-06-16,50.177791595458984,51.02306747915858,50.097133005374715,51.00048263087764,34675800
2023-06-20,49.73579406738281,50.151979988066074,49.645458366087965,49.91001160125695,19994400
2023-06-21,49.83257293701172,50.11648033307572,49.47768407675199,49.75191436396517,19251000
2023-06-22,50.248756408691406,50.35522306176974,49.83902077180112,50.00033421817528,13307400
2023-06-23,50.15520095825195,50.42298109593582,50.01324540054698,50.29070264800884,18975000
2023-06-26,50.02292251586914,50.25843698859967,49.78740435099474,50.216494234316436,14106300
2023-06-27,49.84224319458008,50.28101380909431,49.7035146032106,49.7325496179157,12093600
2023-06-28,50.113258361816406,50.22617519794247,49.89064423902319,49.919682950599274,18889800
2023-06-29,49.77450180053711,49.9261344613913,49.40670887860109,49.848706510119705,21530400
2023-06-30,50.710113525390625,50.82303036518069,49.93581554754101,49.99711252214111,19073100
2023-07-03,51.03919219970703,51.11662015380509,50.43588477595591,50.590744376296136,8647500
2023-07-05,51.01015090942383,51.33600104766791,50.76172871576212,51.02628188505114,17585400
2023-07-06,50.68751907348633,51.032727087274075,50.610091136448716,50.952072216996704,14427000
2023-07-07,49.519630432128906,50.422979932523965,49.50672638867459,50.26812033464002,19774800
2023-07-10,49.968074798583984,50.168100380820114,49.787403434121074,49.864835073789116,12967800
2023-07-11,49.89387512207031,50.17133237194315,49.63900271806792,49.93259094580703,11460900
2023-07-12,50.019691467285156,50.29392173800326,49.948713699502555,50.106800210278024,16509900
2023-07-13,49.72610855102539,50.20036813354865,49.58415300043525,50.14552133517119,11859600
2023-07-14,49.897098541259766,49.90032547503454,49.54866353646186,49.72288103886081,10427400
2023-07-17,49.958404541015625,50.0003436081342,49.62610047746489,49.813222042799545,10135200
2023-07-18,49.868064880371094,50.21972313638179,49.639000573991126,49.90032683471013,13437300
2023-07-19,49.88420104980469,50.0713226197343,49.603516848838076,49.94227109680165,12372900
2023-07-20,50.80689239501953,50.82947723672657,49.97452079884462,49.98420159906628,14987700
2023-07-21,51.094032287597656,51.22630702504803,50.79399023604558,50.9423959489864,16960500
2023-07-24,51.39407730102539,51.452151035596,50.832712635419185,51.11984699003945,12529800
2023-07-25,51.35213088989258,51.784447673021354,51.06499288420533,51.76831669775007,15553800
2023-07-26,51.5360221862793,51.84251438896019,51.27792290631487,51.37471244389111,15094200
2023-07-27,51.34891128540039,51.8263941290108,51.33923048356974,51.645726441757176,13400400
2023-07-28,51.59088134765625,51.92318540409572,51.390855742269046,51.390855742269046,11020200
2023-07-31,51.57474899291992,51.826394459962174,51.268256724919404,51.60701094827323,13033200
2023-08-01,51.33277893066406,51.765095763898834,51.28438599924142,51.60378230034604,11782500
2023-08-02,51.368263244628906,51.75863728724948,51.14565282619229,51.14565282619229,12660000
2023-08-03,51.381168365478516,51.458600004200534,51.13920003268783,51.30374041890025,13202700
2023-08-04,51.084354400634766,51.70056951437545,50.9617567646288,51.54248299183766,14262000
2023-08-07,51.77800369262695,52.010294949888454,51.3327827826987,51.45860736755469,14268900
2023-08-08,51.829612731933594,52.1425588155615,51.461819856513664,51.939306315517655,11017500
2023-08-09,51.91350173950195,52.2974256431443,51.848977830630844,51.91350173950195,13209600
2023-08-10,51.887596130371094,52.37001846811493,51.81313133631247,52.059198260402276,15169500
2023-08-11,52.19194412231445,52.39591919236397,51.835797351050346,51.98149224168462,14195100
2023-08-14,51.80341720581055,52.703501205992474,51.5379272552876,52.45096117141154,20813700
2023-08-15,51.53792190551758,52.059193947084104,51.45373819745986,51.65447854743534,14559300
2023-08-16,51.56382369995117,52.11747240174765,51.27566863650663,51.76456035230843,26980800
2023-08-17,50.407958984375,52.17251173871998,50.191030316686664,52.09480484125885,53614200
2023-08-18,51.133209228515625,51.696569448838936,50.28492864025705,50.28492864025705,27954900
2023-08-21,50.997230529785156,51.42784582103297,50.84505882171958,51.036080279208505,15679200
2023-08-22,50.83534622192383,50.932479863655146,50.58604456956418,50.82239630478284,16670700
2023-08-23,51.18824768066406,51.28537759692393,50.673448749734156,50.70582909375624,14210400
2023-08-24,50.79648971557617,51.55411725451668,50.773828288257356,51.19796676499992,14033100
2023-08-25,51.09760284423828,51.16883294829653,50.68317584264093,50.89038934343961,12267000
2023-08-28,51.38898849487305,51.42460354144671,51.11054493266777,51.11054493266777,11871000
2023-08-29,51.81960678100586,51.87788696205908,51.43432176184018,51.4796483213687,12702300
2023-08-30,52.19194412231445,52.22108235938747,51.77751717163511,51.932927278139864,10967700
2023-08-31,52.64846420288086,52.77149766999415,52.11423847517737,52.16604555053283,19582800
2023-09-01,52.311737060546875,52.7617790406357,51.85197986498141,52.732640804743895,12553500
2023-09-05,51.890830993652344,52.709973314537464,51.8616927590648,52.40239153305464,15209400
2023-09-06,52.27936935424805,52.50600958560562,51.7742855159446,51.93293404842187,14594700
2023-09-07,52.92690658569336,52.93014128571943,52.285839432187345,52.45096104955487,19120800
2023-09-08,53.02404022216797,53.05317846132546,52.797400004143284,52.930144988382374,12667200
2023-09-11,53.208587646484375,53.25391791245659,52.988424243361635,53.09850779755771,11912100
2023-09-12,53.26687240600586,53.399617399324754,53.111462277753354,53.260395594519196,11757300
2023-09-13,53.27981948852539,53.69748488071681,53.21830460375434,53.39961455776601,14364300
2023-09-14,53.50321960449219,53.66186812500519,53.23125282948098,53.42227799413633,14923800
2023-09-15,53.305721282958984,53.635968240270785,53.024039291814034,53.490269636500805,63925200
2023-09-18,52.91071701049805,53.487030905874995,52.85567893900517,53.318670875412295,12997800
2023-09-19,52.89776611328125,53.02727639180722,52.564284463983796,52.89776611328125,14019600
2023-09-20,53.06936264038086,53.32837948286263,52.76178083467172,52.968994308657145,10120800
2023-09-21,52.42506408691406,53.26039490493202,52.382975928604836,53.182691694446696,18782400
2023-09-22,52.56427764892578,52.849194296312014,52.42505217229482,52.52542419987848,13215000
2023-09-25,52.79739761352539,52.81034752975686,52.408874189696114,52.57075740576277,10459500
2023-09-26,52.612850189208984,52.94957024875731,52.564285223535975,52.755306680795925,14435700
2023-09-27,52.36030578613281,52.52543111368449,51.89731385739456,52.45096261075319,15711000
2023-09-28,52.62580108642578,52.71969631935896,52.318219259495145,52.45096424252913,11617200
2023-09-29,51.78076171875,52.816829218338505,51.54116786735921,52.784452572135066,18842400
2023-10-02,51.835792541503906,51.8908306052531,51.25624032222266,51.638290595090574,12992700
2023-10-03,51.50878143310547,52.04624180954382,51.37603646784256,51.703044978680445,11253300
2023-10-04,52.12718963623047,52.14337795703897,51.48288409329864,51.69009756386273,15755700
2023-10-05,51.505550384521484,52.11423718906022,51.479646847483025,51.94911557204091,14269500
2023-10-06,50.641075134277344,51.47640580294948,49.09992406494685,51.36632226040122,42616200
2023-10-09,50.4565315246582,50.459769930083844,49.621200777771485,50.21046458608034,21022500
2023-10-10,51.0263671875,51.181777296187306,50.39824994207949,50.58280199351828,16014300
2023-10-11,51.2303466796875,51.638300565976216,50.84506163270373,51.24006189653248,12026100
2023-10-12,51.46345520019531,51.58001184616224,51.081404916771916,51.3274718290224,13514100
2023-10-13,51.748374938964844,51.952349993265024,51.447266259805815,51.5638229043675,13809000
2023-10-16,52.19518280029297,52.47686477770108,51.907024012270696,51.978254107949496,14348100
2023-10-17,52.263179779052734,52.35707131084328,51.92969439879446,52.043016364393594,10893000
2023-10-18,52.302024841308594,52.56751477643272,52.03653120091545,52.41210467833481,10559100
2023-10-19,52.05271911621094,52.39267754525841,51.874643888962744,52.26640938890877,11745900
2023-10-20,51.40194320678711,52.15957076583645,51.38575488458571,52.07215234384112,15056700
2023-10-23,52.130428314208984,52.24051186832247,51.16235257596494,51.39223119531044,17097000
2023-10-24,52.855674743652344,52.930139536637185,52.25345735778247,52.25669576297075,17535000
2023-10-25,52.69702911376953,53.205351303276046,52.60313388452896,52.82653568621799,16621800
2023-10-26,52.37649154663086,53.04993903493431,52.324688178705145,52.68083864898765,16220100
2023-10-27,52.182228088378906,52.44124863376202,51.98149142676652,52.28260012445425,13829700
2023-10-30,52.78120803833008,52.85891123914271,52.0591992781208,52.27612426460572,12653700
2023-10-31,52.9074821472168,52.97547384028133,52.434774995931,52.77473346125368,14168400
2023-11-01,53.38018798828125,53.545309608736666,52.768259060450895,53.16649769802668,14899500
2023-11-02,53.590633392333984,53.80756207670919,52.97870449619677,53.22153301153878,15492300
2023-11-03,53.31219482421875,53.84318216673596,53.26039145216362,53.70719507298047,17240100
2023-11-06,53.38343048095703,53.6262590443223,53.12117518789015,53.26039699636011,14529000
2023-11-07,53.632728576660156,53.94354879915995,53.52912183582689,53.67158203078996,15023400
2023-11-08,53.19563674926758,53.836703924566514,52.962523433851246,53.69424372888468,15591900
2023-11-09,53.072601318359375,53.26686487753621,52.8556763327215,53.2182999140593,15080100
2023-11-10,53.807559967041016,53.88850156722512,53.06612082933257,53.276572695080205,14319900
2023-11-13,54.289981842041016,54.3515004260997,53.762232943369305,53.86907808520609,15408900
2023-11-14,54.2802734375,54.76593053932204,54.150766853157926,54.448637184522184,19792500
2023-11-15,54.96990966796875,55.02171304307038,54.23494719950018,54.51662920951207,35769900
2023-11-16,50.52128219604492,51.625344957050025,50.346445364807025,51.398704757492354,97658700
2023-11-17,50.297882080078125,51.00694093919418,50.187798529249406,50.49214564407674,42487800
2023-11-20,50.28169250488281,50.511571111637615,50.18779727795589,50.35939941065257,26663100
2023-11-21,50.46300506591797,50.78353678217098,49.902879532192756,50.33349479416896,29382300
2023-11-22,50.077720642089844,50.5245242630714,49.983825409149915,50.41767911343028,26416500
2023-11-24,50.52776336669922,50.550424794922066,50.087432845349554,50.2331314523768,13975200
2023-11-27,50.75763702392578,50.948662173973425,50.49214337488371,50.49214337488371,23393700
2023-11-28,51.36309051513672,51.45374363216513,50.722023358974255,50.722023358974255,23535000
2023-11-29,50.53424072265625,51.405182852864755,50.38206530291337,51.405182852864755,29896500
2023-11-30,50.407958984375,50.62164924712432,50.02590871748495,50.51480411574966,29925900
2023-12-01,49.97087478637695,50.38206335166818,49.41722602357714,50.30759484746699,39273600
2023-12-04,49.95792770385742,50.16190279535063,49.637392241279876,49.64063064691049,24883200
2023-12-05,50.42092514038086,50.45977860162685,49.776619444919824,50.00649810114361,21883800
2023-12-06,49.873748779296875,50.453297420739496,49.74747689381672,50.36264058743913,26447400
2023-12-07,49.54551696777344,50.22146198699958,49.47077188518109,50.159718636357816,25362600
2023-12-08,49.02555847167969,49.46427394217946,48.82407625805874,49.3960297266607,34069500
2023-12-11,49.1490478515625,49.21729206563937,48.59659327321425,49.1165509609574,31883400
2023-12-12,49.18804931640625,49.29853800898769,48.820828474432986,49.14255069090417,21381900
2023-12-13,50.06222152709961,50.06222152709961,48.95406195638196,49.24978811869614,35348700
2023-12-14,49.45127487182617,50.026478804320014,49.37328307233483,49.8899903659369,30891300
2023-12-15,49.63651657104492,49.87049570835872,49.24654638348015,49.32454190860564,70003500
2023-12-18,50.361209869384766,50.393706767017385,49.7632565396562,49.83475492109213,26316000
2023-12-19,50.543190002441406,50.59518577530346,50.07522804668293,50.31895846441324,24417000
2023-12-20,49.95174026489258,50.74142447995202,49.922493803307034,50.507445349205234,21967800
2023-12-21,50.30595397949219,50.390450359922056,50.016728670968845,50.045975129406365,20087700
2023-12-22,50.90715789794922,51.06964235572292,50.42294751952805,50.51718776123063,19405500
2023-12-26,50.82916259765625,51.01765051991913,50.7316719225803,50.9071581129417,11679900
2023-12-27,51.3068733215332,51.32962263221716,50.74791788609826,50.79666322125186,19896000
2023-12-28,51.20613479614258,51.453115636190745,51.18338548431342,51.27112857961919,16776000
2023-12-29,51.23213195800781,51.371870826999796,51.07289420973428,51.19313419944471,21948300
2024-01-02,51.76509094238281,51.84633317279998,51.08264504978584,51.10214392889214,23539800
2024-01-03,51.768341064453125,52.09331744557789,51.648101067907554,51.9210816743361,18756000
2024-01-04,51.26788330078125,51.84633770135741,51.18014019665435,51.73909571642107,19282500
2024-01-05,50.926658630371094,51.37837213367947,50.56593865814658,51.31987549533321,21709500
2024-01-08,51.427120208740234,51.44011822272058,50.916910039942096,50.92341090644786,20680800
2024-01-09,51.77159118652344,51.781342486175404,51.25813430912099,51.323128097342845,23322300
2024-01-10,52.415035247802734,52.483279463888614,51.85283307333478,51.85283307333478,20121900
2024-01-11,52.35654830932617,52.61002632387175,52.051070799506796,52.434540114174325,14355300
2024-01-12,52.42478561401367,52.49628026178996,52.119308144512196,52.44103405950548,13629000
2024-01-16,52.59052276611328,52.77575654030746,52.3955376927857,52.46378191059571,17032500
2024-01-17,52.34354019165039,52.64251679833655,52.20055089466604,52.444281298514525,14827800
2024-01-18,53.04873275756836,53.097478092124256,52.21680048024971,52.37278778224695,18190500
2024-01-19,52.76926040649414,53.155980127530405,52.46378291797477,53.11048150209613,19175400
2024-01-22,52.77251052856445,52.95449387213592,52.483281488253155,52.90249809982536,13938300
2024-01-23,52.9057502746582,52.92199872160074,52.57102631719212,52.684769164821006,12066600
2024-01-24,52.15830993652344,52.99349274412102,52.09981329680886,52.938246537562435,22932900
2024-01-25,52.91875076293945,52.928502062979625,52.13231324944018,52.45078877485596,16369500
2024-01-26,53.38346481323242,53.41920842213332,52.86025662733969,52.98699377270698,15746400
2024-01-29,53.633689880371094,53.75392987259948,53.13973189800799,53.40945834248405,18240300
2024-01-30,53.81242370605469,53.88391835484638,53.17222601891096,53.52319839696806,15270000
2024-01-31,53.70193862915039,54.53062435022433,53.65644371872419,54.53062435022433,26134800
2024-02-01,54.69635009765625,54.70935182905478,53.6791840385335,53.84816935640723,20792700
2024-02-02,55.1058235168457,55.43404659938868,54.56961362458978,54.64435871000079,21670800
2024-02-05,54.810089111328125,55.24880082063875,54.61835449590724,55.24880082063875,19145100
2024-02-06,55.18381118774414,55.22930980982121,54.706101689150124,54.85233769689022,14181300
2024-02-07,55.04407501220703,55.4600411827445,54.985582093869525,55.33330404699262,17082600
2024-02-08,55.04083251953125,55.424298108253055,54.96608743033311,55.04407923377496,14427900
2024-02-09,55.01158142089844,55.15782116357894,54.89459185817273,55.047328748263396,14329800
2024-02-12,55.343048095703125,55.36254697358175,54.93682953113164,54.99532616476751,14795100
2024-02-13,54.96608352661133,55.59328321900173,54.68335535627285,55.447043484266395,18574200
2024-02-14,54.79059982299805,54.88158963818204,54.44612828528849,54.83934516378186,18484500
2024-02-15,55.014827728271484,55.19681478466879,54.58586355109337,55.18056261978433,16948800
2024-02-16,55.362548828125,55.872758945786444,55.014826885541346,55.339799516666105,22373400
2024-02-20,57.149898529052734,58.934006697909595,56.945165902176505,58.00132964375602,71788500
2024-02-21,56.447967529296875,57.05891880420361,56.15548804608398,56.87043086910117,40501500
2024-02-22,57.00366973876953,57.02316861794145,56.32122384387602,56.50645761746287,29512800
2024-02-23,57.05241394042969,57.7316093887566,56.971171711357854,57.22464969748049,74365800
2024-02-26,58.10532760620117,58.339310433556555,56.72094067802701,57.63736567052128,32154800
2024-02-27,58.095584869384766,58.30031753599384,57.734864877878614,58.14433021109676,18012700
2024-02-28,58.12483215332031,58.261320599658255,57.82260879900951,58.05658793015134,14803300
2024-02-29,57.14015197753906,57.99808397291291,57.12065310048165,57.95908621879807,29245100
2024-03-01,57.2863883972168,57.37413148510367,56.74043471172565,57.32538615161776,19030900
2024-03-04,57.8128547668457,57.90059786663492,56.93542748798463,57.03291816818106,16033300
2024-03-05,58.534297943115234,58.826773700227825,58.0858348676072,58.36855932536512,19676900
2024-03-06,59.051002502441406,59.09974783986354,58.53429523151129,58.61228702758053,12698700
2024-03-07,58.84627151489258,59.53846499530547,58.836520215714394,59.47022077718199,16195300
2024-03-08,58.61228942871094,58.768276746270494,58.23207057459896,58.49529987029902,12143600
2024-03-11,59.13874435424805,59.18748969064549,58.368555394463755,58.592786917116634,14154000
2024-03-12,59.86993408203125,60.02592138607782,59.12899531756772,59.4214710477762,16613100
2024-03-13,59.74319076538086,59.9186769400571,59.35322438090185,59.723691888302326,15935200
2024-03-14,59.69232940673828,60.103189270108224,59.281465811671126,59.946670693820074,16584700
2024-03-15,59.35972213745117,59.81949705051789,59.14450771317366,59.35972213745117,50946300
2024-03-18,59.53581237792969,59.57494295594313,59.07603741551505,59.36950928722123,16801700
2024-03-19,59.54559326171875,59.741242420434084,59.28146745720766,59.64341970692507,12353600
2024-03-20,59.91732406616211,59.94667013278611,59.418422275068174,59.5162449849463,12007600
2024-03-21,60.112972259521484,60.31840218600967,59.72167396285121,59.94666917734263,14265900
2024-03-22,59.54559326171875,60.19123287329121,59.52602797267749,59.98580293590391,14029400
2024-03-25,59.25212478637695,59.662988416403394,59.0466948372125,59.54559667542582,14186600
2024-03-26,59.193424224853516,59.506465110954586,58.91951764767447,59.14451286917115,13738300
2024-03-27,59.39885330200195,59.72167120993182,59.06625088467294,59.54558735771664,14363400
2024-03-28,58.86082077026367,59.4477682234566,58.85103999197418,59.34016100378637,17535100
2024-04-01,58.69452667236328,59.437989034932976,58.62605002311466,58.99778307024826,13837600
2024-04-02,57.872802734375,58.792348968898736,57.59889613934612,58.59670353341952,19510100
2024-04-03,58.136924743652344,58.20540138792589,57.65758450204029,58.088013387985136,14615100
2024-04-04,58.205406188964844,58.508662589831076,57.99997623919944,58.24453676940517,14436100
2024-04-05,58.54778289794922,58.73365126842785,58.19561890842065,58.25431104082685,10335900
2024-04-08,58.479305267333984,58.733650275785976,58.127137552060184,58.30322140969708,11070100
2024-04-09,58.48908996582031,58.665173824025565,58.009749744773345,58.567347385190935,10013500
2024-04-10,59.30103302001953,59.43798631224333,58.09779572615676,58.32279095362404,15097600
2024-04-11,58.78256607055664,59.56515897935165,58.76300078137459,59.428205686774696,10987600
2024-04-12,58.83147048950195,59.39885261377621,58.6456058617381,58.69451721307628,12280600
2024-04-15,58.62604522705078,59.379292038861735,58.60647993862355,59.19342366465165,10557200
2024-04-16,58.53799819946289,58.97820782151396,58.479302339290456,58.72386282579696,14726300
2024-04-17,58.352134704589844,59.115162243142386,58.273873556175765,58.841255687087006,15329700
2024-04-18,57.970619201660156,58.63582405931932,57.931492357801496,58.52822057408667,12061500
2024-04-19,58.23474884033203,58.3717021321371,57.68693567311175,58.15649141574227,14165800
2024-04-22,58.83147048950195,59.08581548717555,57.75540583327432,58.26409209692461,14910000
2024-04-23,57.804325103759766,59.03690849215069,57.285857991491014,58.93908577607269,17963900
2024-04-24,58.56734085083008,58.73364391244596,57.530406836753365,57.696706166672584,18529100
2024-04-25,58.89995574951172,59.21299292193487,58.52822643957014,58.74343716330015,19263000
2024-04-26,58.851043701171875,59.07603893298257,58.694525116794985,58.80213234324736,11045200
2024-04-29,58.92930603027344,59.07604010696293,58.635830413499484,58.87061016057915,9785100
2024-04-30,58.05866622924805,58.9879969559722,57.87280157658218,58.89017424018962,14209200
2024-05-01,57.56953811645508,58.11735495996989,57.44236934789562,58.01953225620154,15464300
2024-05-02,58.410831451416016,58.586915317569684,57.305420630414616,57.65758463102471,17574100
2024-05-03,58.518436431884766,58.67495500339367,57.85323157004766,58.32278728457437,14207400
2024-05-06,58.56734085083008,58.69451334127791,58.097785191903455,58.69451334127791,11119400
2024-05-07,59.30103302001953,59.47711689050651,58.743435340709894,58.860823343802096,14520200
2024-05-08,58.98798751831055,59.5260198324282,58.9097301045446,59.31080914579922,11015700
2024-05-09,59.329593658447266,59.467024720880154,58.84859804607962,59.09400504064658,14550500
2024-05-10,59.36886215209961,59.46702720078823,59.05474148552345,59.30014849032443,12356600
2024-05-13,59.30015182495117,60.22288086682976,59.18235750451461,59.506292821868634,19260500
2024-05-14,58.760257720947266,59.437579751002644,58.3479719783728,59.40813210675232,18780100
2024-05-15,58.73080825805664,58.83878419850229,58.37742155953966,58.73080825805664,22240600
2024-05-16,62.83401107788086,63.23647466797205,61.783665661119976,63.04015206147304,60545600
2024-05-17,63.46225357055664,63.68802382325162,62.460992531656736,63.059782483850995,29330400
2024-05-20,63.000892639160156,63.570238742541925,62.696586575840854,63.23648128947296,15001400
2024-05-21,63.95307922363281,63.992345250644675,63.265934984768535,63.34446703879226,17131700
2024-05-22,64.05123901367188,64.4831578112368,63.54079565319136,63.78620269922075,14879400
2024-05-23,63.64876174926758,64.31626914991607,63.37390708239373,63.97270081632375,16222900
2024-05-24,64.1788330078125,64.48314276656544,63.815635457533595,63.93342601903942,11795000
2024-05-28,63.845088958740234,64.26718931774683,63.55059754948814,64.02178230644596,13349600
2024-05-29,63.727298736572266,64.01197180340749,63.4622624270242,63.56042374577428,11538600
2024-05-30,63.69784927368164,63.972703954036476,63.58005120100314,63.73711529790781,13051900
2024-05-31,64.55187225341797,64.689299601693,62.9812686379685,63.48189362558663,27632200
2024-06-03,64.61075592041016,64.63038518553294,63.96288532217417,64.30645363102867,11578700
2024-06-04,65.37642669677734,65.41569271752347,64.62057639279038,64.77763298654723,14780800
2024-06-05,65.857421875,65.91632465031289,65.06230555593856,65.34697858739668,14982700
2024-06-06,65.91632843017578,66.20100147795799,65.54330495897175,65.82797800675397,13256000
2024-06-07,64.66966247558594,66.32861651361132,64.43407380691714,66.16174151868877,20213200
2024-06-10,65.72982025146484,66.09302536433685,65.05249442908111,65.95559802200225,21659500
2024-06-11,65.50404357910156,65.7298138383827,65.13102012410671,65.7199954608229,13367500
2024-06-12,65.09175872802734,65.71018924136395,64.68929509021252,65.62183881550375,11704700
2024-06-13,65.47459411621094,65.53349689744267,64.73837300925551,65.08194885055075,11196600
2024-06-14,65.78871154785156,65.8770619706876,65.08194561130323,65.31753425681934,12590100
2024-06-17,66.18136596679688,66.2010027231391,65.18992695913235,65.69055190743607,12103000
2024-06-18,66.3580551147461,66.62309888394142,66.06357119136294,66.38750275816165,12093500
2024-06-20,66.76052856445312,66.87831914226467,66.06357351856552,66.11265042957767,13860800
2024-06-21,66.66236877441406,67.29061016783852,66.58383672792897,67.00593711625116,25883000
2024-06-24,67.63417053222656,67.77159785275185,66.65254253463033,66.79978823211522,12470400
2024-06-25,66.18136596679688,66.34824094956478,65.32735429661511,65.93595893711647,20869200
2024-06-26,67.03538513183594,67.33968745211217,65.97522496611279,66.16173670523858,14177500
2024-06-27,66.6329116821289,67.32005583484033,66.42677068308386,67.03538279161776,12899200
2024-06-28,66.4660415649414,66.84887594676344,66.08320718311937,66.62310566478044,18816700
2024-07-01,66.24026489257812,66.98629682715632,66.01448714314803,66.64272850343903,8666000
2024-07-02,66.8194351196289,66.82925349917798,66.02431862842627,66.20101201416344,9436500
2024-07-03,66.98629760742188,66.9961159851361,66.37769299524149,66.56419723644458,6287500
2024-07-05,68.75322723388672,68.86120691493339,66.84886648367535,66.90776925739098,21586100
2024-07-08,68.39984130859375,68.85138930288518,68.07590226185397,68.61580067308694,12077700
2024-07-09,68.61580657958984,68.9593749212093,68.39002881839525,68.61580657958984,9758400
2024-07-10,69.11644744873047,69.14589509743034,68.43912157171712,68.81213760396396,10803400
2024-07-11,68.51764678955078,69.15569908564676,67.98756669816882,68.89066278456994,15624800
2024-07-12,67.96793365478516,68.74342082217974,67.8992199811795,68.61581185383459,12145300
2024-07-15,68.33113861083984,68.68452535685664,68.02683626980321,68.02683626980321,10171100
2024-07-16,68.70414733886719,68.94955435928385,68.30168371978236,68.53727236239855,9836800
2024-07-17,69.72505187988281,69.79376555631634,68.66489159556917,68.89066938341023,13533800
2024-07-18,69.5188980102539,69.88210308387706,69.13606367094492,69.38147068277004,10682700
2024-07-19,69.45018005371094,70.01952608336791,69.35201875289388,69.89190965200126,11665500
2024-07-22,69.08699035644531,69.95082796976007,68.93975211711107,69.55817519000144,12666100
2024-07-23,69.35201263427734,69.40108953574244,68.82193266955922,69.17531931270463,9263600
2024-07-24,69.3029556274414,69.53854431955162,69.04773017560481,69.22442356699484,22490800
2024-07-25,68.73358917236328,69.46981017137381,68.66487551202472,69.30293520901265,18821200
2024-07-26,68.49800109863281,68.94954908293755,67.56545748810329,68.93973819511575,16789300
2024-07-29,68.34093475341797,68.61578935772785,67.8599317066494,68.5667049687184,10315300
2024-07-30,67.91883850097656,68.56670903682755,67.71269753551367,68.27222515297773,12522500
2024-07-31,67.37895202636719,67.9777457650969,67.03538369002098,67.90903209782766,22908800
2024-08-01,68.50784301757812,68.51766139800122,67.26117082689113,67.64401277109299,17275500
2024-08-02,67.2022476196289,68.94954414794681,66.49547430722463,68.32130286786008,23578700
2024-08-05,66.3482437133789,67.3200609836398,65.68074375450178,66.84887617176527,20770500
2024-08-06,66.49549865722656,67.36914724130709,66.43660335603492,66.5936599889558,14815100
2024-08-07,65.68073272705078,66.76052202348787,65.58256393618875,66.62309470335371,18499200
2024-08-08,66.41695404052734,66.67217192815188,65.4451369287856,65.61201189128487,12489800
2024-08-09,66.70161437988281,66.96665811309046,66.09300986065743,66.60345308541679,13805600
2024-08-12,67.43785095214844,67.94830178444063,66.81942791337782,67.08446421878567,17385300
2024-08-13,66.87832641601562,67.3495112461923,65.90651659723547,67.17281787102964,26557900
2024-08-14,67.39859771728516,67.52620669077993,66.60347376007127,66.67218743644985,22928600
2024-08-15,71.83554077148438,73.07239420755822,71.44288805488009,72.75827353212031,49567500
2024-08-16,72.30610656738281,72.46361837574688,71.39058983535186,71.56778686447322,19872100
2024-08-19,72.57189178466797,72.82784466830684,72.19780506767847,72.24702937588498,13709300
2024-08-20,73.3791275024414,73.58585609656066,72.57189834468143,72.60142992804481,14434000
2024-08-21,74.0682144165039,74.40292318134115,73.42833597741856,74.12728508710741,14832000
2024-08-22,74.40292358398438,75.03295566294953,73.97962007681328,74.19619501219033,16511100
2024-08-23,74.52106475830078,74.6293522475733,73.84181574718163,74.42262363457387,12299100
2024-08-26,74.8459243774414,75.02312139763617,74.39308921707169,74.71795167252476,9508200
2024-08-27,74.9443588256836,75.2593748879223,74.58996481684312,75.2593748879223,11557800
2024-08-28,74.8951416015625,75.23968924415904,74.62934234114852,75.09202382288186,9814300
2024-08-29,75.2298355102539,75.2790598160493,74.49151598677061,74.80653201636717,11856800
2024-08-30,76.0272445678711,76.26350477104944,75.03297192657162,75.24954690889194,23230000
2024-09-03,75.96815490722656,76.59818696537047,75.60392208301576,76.12566667704982,22666100
2024-09-04,76.03706359863281,76.2733312507879,75.53501173659583,76.12566584583459,18442800
2024-09-05,75.76143646240234,76.24380317841467,75.20031385095827,76.04692095041082,13082900
2024-09-06,75.44641876220703,76.11582883777196,75.11171747971227,75.70237166154594,14548600
2024-09-09,76.13551330566406,76.26349350936007,75.29875259709735,75.65314660482036,22260200
2024-09-10,77.58262634277344,77.67122860618628,76.07645545993796,76.14536499344757,17686300
2024-09-11,77.61215209960938,77.69090799215728,76.36193422535649,77.1593169833219,19518800
2024-09-12,78.41939544677734,78.66550199913016,77.39559128772052,77.75982417843409,14877700
2024-09-13,79.34474182128906,79.43334407541225,78.44891797958839,78.57689066823846,12994100
2024-09-16,79.30536651611328,79.75820163399729,78.89190934464206,79.58100463042743,15346400
2024-09-17,77.37589263916016,79.01004362686376,77.04119135863793,78.51783055980731,21065900
2024-09-18,77.7991943359375,78.17328106481494,77.06087475282702,77.41526875356607,15684900
2024-09-19,76.82462310791016,77.8582661325355,76.28318568269496,77.8188956930435,21525700
2024-09-20,77.8287353515625,78.37017278237049,76.893533437159,77.01166728858331,39534300
2024-09-23,79.07894897460938,79.18723644448224,77.83857000824977,77.83857000824977,12147300
2024-09-24,79.41365814208984,79.64992583291634,78.99035458424534,79.22662227507185,14651100
2024-09-25,80.1323013305664,80.32918358389955,79.42351320164462,79.63024182081739,14163800
2024-09-26,78.67533874511719,79.93540305770183,78.02562136981761,79.77789877391662,17061100
2024-09-27,78.53751373291016,79.03957315119644,78.3603167329606,78.65564756973492,11899100
2024-09-30,79.4924087524414,79.67945211759591,78.61627011131004,78.64580169305545,18997000
2024-10-01,80.0042953491211,80.26024820451178,79.18722750132339,79.42348763137488,16054200
2024-10-02,79.1773910522461,79.72866726158148,78.87222136644617,79.72866726158148,16618300
2024-10-03,79.1773910522461,79.32505646848237,78.60642211510586,79.04941836381468,11640400
2024-10-04,79.67945098876953,79.84680162333943,78.60642263357848,78.80331236005051,11583400
2024-10-07,77.86810302734375,79.67945095729544,77.7499767020823,79.43334443223395,16791600
2024-10-08,78.4686050415039,78.57689251543617,77.83857292621174,78.38001029587309,15270000
2024-10-09,79.14786529541016,79.24630640995336,78.5079867850159,78.57689631625371,12413000
2024-10-10,78.37017059326172,79.06911229586919,78.22250516075007,79.05926593088152,10812700
2024-10-11,78.85253143310547,78.88206301528429,78.1339045648365,78.45875947937881,9570700
2024-10-14,79.03958129882812,79.25615626671112,78.51783660924232,78.80332111139937,9914500
2024-10-15,80.3783950805664,80.54574572026148,79.25614989231954,79.41365416774569,13276200
2024-10-16,79.95509338378906,80.3882432946852,79.36443919384239,80.26026308797016,11123300
2024-10-17,79.6302261352539,80.2307266533829,79.39396597567736,80.00430534713138,9424700
2024-10-18,80.04369354248047,80.4177803128382,79.40382250795994,79.61055111288479,12324100
2024-10-21,79.55148315429688,80.27996398961484,79.46288839654473,79.964947888869,9750400
2024-10-22,80.74263000488281,80.94936610693499,79.57116798651519,79.84680610848405,12240100
2024-10-23,81.97315979003906,82.04206931808523,80.52605970106954,80.61465444688237,13058200
2024-10-24,81.74674224853516,82.02238034811045,81.29390715486505,81.6679863599208,11645900
2024-10-25,81.2249984741211,82.00269598347658,81.15608894851111,81.90424736639805,8959400
2024-10-28,81.46126556396484,81.7861280025889,81.1856274380689,81.46126556396484,7990200
2024-10-29,80.4276123046875,81.56955022749128,80.3980807223004,81.38250685827246,9682400
2024-10-30,80.12244415283203,80.55559406440662,80.03384940396025,80.32917274410839,9268800
2024-10-31,80.67372131347656,81.15609554251475,79.95509441809413,80.02400394930308,15539000
2024-11-01,80.90998077392578,81.24468203131468,80.27010232886335,81.24468203131468,12181800
2024-11-04,81.16592407226562,81.61876666040926,80.72293535806708,80.91981756202762,11731000
2024-11-05,82.37677001953125,82.4653647566486,81.22499337355866,81.39234399516333,10612500
2024-11-06,82.14051818847656,84.20781154672457,80.78200533061265,83.81403959501655,19974000
2024-11-07,82.54412841796875,83.07571942247982,82.12082488718634,82.4161557265509,12665800
2024-11-08,83.50887298583984,84.08968081537571,82.91821879173922,82.96743559341186,14396500
2024-11-11,82.89852142333984,84.07983725600639,82.80992667894179,83.62699463827704,10433200
2024-11-12,83.66638946533203,84.19798057070616,83.18402267938346,83.18402267938346,12860200
2024-11-13,84.1684341430664,84.45391862213064,83.44979976327363,83.66637471363791,12802600
2024-11-14,83.15447235107422,84.42438289816663,83.02649215364187,83.70574855362908,15740700
2024-11-15,82.93790435791016,83.45964902339541,82.63273465030382,83.21354248227402,17370600
2024-11-18,82.77055358886719,83.52855842973572,82.35709640293888,83.49902684653736,25093800
2024-11-19,85.25129699707031,86.91497947509198,84.57204810929086,84.8870641543614,36340900
2024-11-20,85.822265625,85.84195084187137,84.57204781285769,85.2512966982563,18183200
2024-11-21,87.01342010498047,87.25952662355108,85.57615893779708,86.08805719177099,18729200
2024-11-22,89.03150177001953,89.49418325369211,87.5450162079295,88.01754405588193,23990600
2024-11-25,88.10614776611328,89.53356279831708,87.67299782063854,89.0905739981369,25078600
2024-11-26,89.887939453125,90.44906199640161,88.44083197031304,88.49005627662181,16657000
2024-11-27,90.44906616210938,90.81330651807559,89.8879435929898,90.5671999963464,14358900
2024-11-29,91.05941772460938,91.19723678302222,90.39000765064328,90.82315755455528,11041200
2024-12-02,91.19723510742188,91.54178274712346,90.51797868159927,91.37443210935058,17173000
2024-12-03,92.05369567871094,92.13244406634286,90.82316293387416,91.3350612510729,17775200
2024-12-04,92.97904205322266,93.04795157973477,91.60085152298042,91.99461595414958,17312600
2024-12-05,93.81581115722656,94.11113448347221,92.87075548362999,93.41219284760979,21932300
2024-12-06,94.20958709716797,94.68211499167172,93.84535419926041,94.05208280605078,18803500
2024-12-09,92.36870574951172,94.4458454884598,92.14228443454412,94.17020737324731,20931100
2024-12-10,93.0774917602539,93.75674066936797,92.3096330851127,92.58527870496029,13164500
2024-12-11,93.48109436035156,94.19972866269795,93.02825929047113,93.06763723270959,19682100
2024-12-12,92.62464904785156,94.22926841327917,92.62464904785156,94.18989046762587,14298600
2024-12-13,92.98772430419922,93.41196568168894,91.79393055061537,92.54375409559576,11495900
2024-12-16,93.59943389892578,94.42818038809531,92.83974208997098,93.15545611354261,16742000
2024-12-17,94.14205932617188,94.2111215306302,93.05679288730593,93.86581050833863,23560800
2024-12-18,92.297119140625,94.61564487093673,91.88273833950757,94.06313964518569,24665600
2024-12-19,92.14910888671875,93.30343744031657,92.10964369763653,93.21464641029297,16606500
2024-12-20,91.00464630126953,92.49442528548816,90.40281530523471,91.76433806285507,49350600
2024-12-23,89.13996124267578,90.27456105647906,87.7192519576707,90.27456105647906,26205400
2024-12-24,91.43875885009766,91.43875885009766,89.13996218578434,89.1596985457272,8992400
2024-12-26,91.54727935791016,91.63607038932271,90.93558020838984,91.30062756769934,10994000
2024-12-27,90.43241882324219,91.11317266715135,89.81085147492297,90.89611788057736,11384400
2024-12-30,89.35700988769531,89.850313466081,88.92290033000702,89.51487064584205,9790200
2024-12-31,89.13996124267578,89.72206341937796,88.85384424425821,89.35701603645572,11267700
2025-01-02,88.7946548461914,89.38661770638944,88.32108004170327,88.77492601264514,14820400
2025-01-03,89.564208984375,90.07724899272186,88.93278091811446,88.94264909867937,10834600
2025-01-06,90.20549774169922,91.23157014598485,89.4556741525644,89.61353491963096,14519900
2025-01-07,89.59378814697266,90.70865898495967,89.23860898956978,90.47186786188122,11238000
2025-01-08,90.57054138183594,90.61986722409655,89.60366304150027,89.8897800245872,13453600
2025-01-10,91.75447082519531,92.32670481536807,90.96518204376973,91.2512990388561,18140900
2025-01-13,90.30415344238281,91.1921014045293,89.87991205642479,90.8862555892626,18617100
2025-01-14,89.57406616210938,90.74813110697893,89.35701137964118,90.62973553639209,13549200
2025-01-15,90.11669921875,90.50148295684302,89.59379860023543,89.85031858322556,17348200
2025-01-16,90.07723999023438,90.49161320595157,88.91304319806547,90.27455841851432,13267700
2025-01-17,90.70866394042969,91.02437792790047,89.83058417755109,90.83692016035947,15868200
2025-01-21,91.83340454101562,92.97786503567298,91.07371274406485,91.24144169707452,23247500
2025-01-22,91.98139953613281,92.74108382570873,91.28090174711608,92.51416084054306,15567100
2025-01-23,92.55361938476562,92.55361938476562,91.08357675864463,91.71500476693348,14198400
2025-01-24,93.49089050292969,93.73754227687256,92.2082982675408,92.28722864173406,14973800
2025-01-27,96.09555053710938,96.15474456517535,93.55010194924589,94.61563961773054,18880600
2025-01-28,95.98701477050781,96.52964421066923,95.43451715078986,95.92782074759961,14641600
2025-01-29,96.19420623779297,96.8552312843824,95.91795741397745,96.12514403183908,11261400
2025-01-30,97.32879638671875,97.60504518304103,96.1152662860571,96.38165443052156,11012200
2025-01-31,96.8453598022461,97.67410618102184,96.39151389705168,97.67410618102184,16391200
2025-02-03,98.20687866210938,98.45353045475264,95.17799494953866,95.47397258438137,20484200
2025-02-04,99.42040252685547,99.59799212089823,98.35487248981431,98.63112129672186,15201200
2025-02-05,101.08777618408203,101.20617176183289,99.19349210336311,99.30201950116411,15926700
2025-02-06,101.47254943847656,101.64027085664551,100.5747407968779,101.15683543424623,13088500
2025-02-07,99.79531860351562,101.72906778934737,99.75585341271716,101.62054039645547,12451100
2025-02-10,101.54161071777344,101.55147889734523,99.89397850841331,100.58460053412847,15274600
2025-02-11,101.0976333618164,101.47254135973672,100.48593423416376,101.24562593609535,11953600
2025-02-12,102.22237396240234,102.50849095749783,100.67340093875829,100.75233132234649,15162100
2025-02-13,103.64309692382812,103.83054718698189,102.14344965530131,102.60715627744821,12604400
2025-02-14,102.64661407470703,103.88974125533792,102.21250449764516,103.88974125533792,14109500
2025-02-18,102.39009857177734,102.59728518973891,101.13711068394807,102.33090454585002,18247300
2025-02-19,102.60714721679688,102.80446564286606,101.17656980975656,102.45915463363725,18508000
2025-02-20,95.9080810546875,98.77911150138569,95.38518046459986,97.45705399373865,55450900
2025-02-21,93.51062774658203,95.55290431749636,92.85947091893603,95.23719031953138,35014800
2025-02-24,92.41549682617188,93.37250703739863,90.8862601459529,92.9186686178179,29755900
2025-02-25,96.38166046142578,96.59871525132228,92.97786108091508,93.08638847586333,29331200
2025-02-26,94.91162109375,97.40774393412464,94.78336485205519,96.39153207251252,19069700
2025-02-27,95.49372100830078,96.7269801273347,94.52684254700301,94.61564111772593,16431500
2025-02-28,97.28933715820312,97.53598895963306,95.86862037325767,96.48031955060155,25451300
2025-03-03,96.28298950195312,98.1575446186118,95.5331734770619,96.66777322087229,18372200
2025-03-04,93.6980972290039,95.75024223582298,93.19492539438983,94.47751790545585,25227700
2025-03-05,94.69456481933594,95.09906986765527,93.48103461994639,93.69808941391979,17639000
2025-03-06,93.37250518798828,94.90174936513357,92.91866677739662,93.53036595369787,19957800
2025-03-07,90.49162292480469,92.69175299256183,89.54448081834941,92.68189233913968,35913200
2025-03-10,86.64383697509766,89.02156374730009,85.45004326319395,88.55785719655753,35148800
2025-03-11,86.26893615722656,88.1533519990176,85.97295098572098,86.12094357147377,28687600
2025-03-12,84.05892181396484,87.90669100505238,83.7432078434108,86.70302914006048,33301600
2025-03-13,83.36830139160156,84.30557514192294,82.74674161765091,83.80241093181691,31507800
2025-03-14,84.20691680908203,84.22665316686832,82.93419271160724,83.82214063161466,35500600
2025-03-17,86.28866577148438,86.81156638896405,83.84188410342557,83.98986916330423,26297800
2025-03-18,84.4437026977539,86.50571556376478,84.35491166695726,86.26893195442517,17850900
2025-03-19,85.1738052368164,85.62764366608762,84.47331499638369,84.79888966643276,24555900
2025-03-20,84.6607666015625,85.91376203744262,84.3746495927963,84.6607666015625,18185500
2025-03-21,85.06144714355469,85.30877630098225,83.8742626591703,84.36892097402541,26797200
2025-03-24,86.55530548095703,86.71359975676114,85.4274851834555,85.54620589030858,17900700
2025-03-25,83.85447692871094,86.37722972394099,83.71597320887336,85.83311012397527,27908600
2025-03-26,84.29966735839844,84.64592666201732,83.66650533238484,84.27988434728596,27228800
2025-03-27,84.71517181396484,85.19004706981201,83.87425427237399,83.87425427237399,16782800
2025-03-28,84.24031066894531,84.91304626420629,83.7951136666758,84.51731811148453,14790600
2025-03-31,86.85209655761719,87.25771239826233,83.46863593455691,83.85446876624523,30269300
2025-04-01,87.88099670410156,88.15800414858344,86.43659535224121,86.60477736526424,22080300
2025-04-02,88.80105590820312,89.18688876003142,87.17857736515943,87.25771695300362,19384100
2025-04-03,86.3277587890625,88.91976315495712,85.35822531050775,85.35822531050775,33012900
2025-04-04,82.30123901367188,86.45636514120669,81.767007217637,84.72506133008625,36209000
2025-04-07,82.93441772460938,85.33845751917515,78.95736050995137,79.38276697723296,36884900
2025-04-08,80.91619873046875,86.04085858406609,80.16431606507645,84.93282136916618,34351700
2025-04-09,88.64276123046875,89.82994561732612,82.13305653025392,82.43974979283236,46632800
2025-04-10,89.6419677734375,90.88850866439441,87.21814539180232,87.78205548925425,34735300
2025-04-11,91.80857849121094,92.35269806279848,89.04838442202669,89.71122469637749,25508100
2025-04-14,93.71796417236328,94.42037804761993,91.90751299574998,92.2735553044985,27742900
2025-04-15,92.96607971191406,95.00406944002724,92.86714956404296,93.80699729064808,21871200
2025-04-16,90.21577453613281,93.29254947153203,89.64196915155027,92.99575150077942,22229100
2025-04-17,92.2240982055664,92.86715552986851,90.64119309428297,90.84894868252451,21393900
2025-04-21,91.42274475097656,93.07490155525863,90.36416881106632,92.02622089412044,18361200
2025-04-22,93.83667755126953,94.27197926850968,91.88772265093642,91.88772265093642,15407800
2025-04-23,93.94549560546875,95.56797409050047,93.15404692012105,94.00485218120116,18046900
2025-04-24,94.81608581542969,95.1920309005276,92.65938318060118,93.69816093390588,13444500
2025-04-25,94.07410430908203,95.43936593798604,93.3519074759507,94.77652568075975,15317200
2025-04-28,94.2027359008789,94.97440170708703,93.33213238791608,94.08401518150562,12950000
2025-04-29,95.01396179199219,95.152465504322,93.41126627346495,93.82677741045438,12679000
2025-04-30,96.2110366821289,96.73537325792752,93.9158225356892,94.91503438738997,21639900
2025-05-01,96.36932373046875,96.85408670126834,95.55807695582428,95.98348335204439,13171800
2025-05-02,97.69500732421875,98.15998730091732,96.80462093776256,96.9035510811719,16031400
2025-05-05,98.26881408691406,98.6744299448877,97.47735783288252,97.8829812387424,12439100
2025-05-06,97.49715423583984,98.40732369902335,97.3586505152635,97.68511925782961,10626000
2025-05-07,97.77415466308594,98.16988278543901,97.2597058396611,97.49714724180463,11301300
2025-05-08,96.38910675048828,98.26880960720996,96.31985489750892,97.69500422658902,14461100
2025-05-09,95.91804504394531,96.39406087556152,95.49161009646589,95.94779508765443,13697800
2025-05-12,95.94779205322266,97.15767756669761,94.82716423418742,96.86016200674526,26783900
2025-05-13,95.08500671386719,96.51306935186666,94.4404022522313,95.69986869770257,19746700
2025-05-14,96.02713775634766,96.52299201608366,95.03542923687564,95.23376791431582,25620100
2025-05-15,95.55110931396484,95.91804417068539,91.12809045761175,93.51811149562057,44026100
2025-05-16,97.4254379272461,98.36756551297235,95.20401307403642,95.34285165447858,33746200
2025-05-19,97.30643463134766,97.46510404699016,95.01558299527913,95.84862201734084,20041600
2025-05-20,96.98909759521484,98.00063697020651,95.71970431687956,97.74279063299858,15609600
2025-05-21,95.63044738769531,96.94942145932961,95.18418160580889,96.32464028532645,15742300
2025-05-22,95.13460540771484,96.15606404554568,95.02551685744785,95.73954825332775,13712200
2025-05-23,95.54119873046875,95.73954498151046,94.21231289610054,94.54949017366769,13668600
2025-05-27,96.77091979980469,96.98909688614438,95.77921127363199,96.49324262305802,17180900
2025-05-28,96.43372344970703,97.42543185744279,96.25521563366921,96.71140059329149,11220100
2025-05-29,96.2948989868164,96.95934190147965,96.04697184855677,96.82050330934511,14338000
2025-05-30,97.9014663696289,98.10972425103016,95.7990415820318,96.15605725475841,29980100
2025-06-02,98.9427490234375,99.08159516769716,97.23701683988737,98.02045985953261,16999200
2025-06-03,99.1510238647461,100.05347470818545,97.75271118163803,98.74441972870392,15598600
2025-06-04,98.52623748779297,99.29976890349008,98.49648744351775,98.96259164685713,11115600
2025-06-05,97.14776611328125,98.76424828376179,96.800669643072,98.47665946997097,15817100
2025-06-06,96.66182708740234,97.74278570256142,96.16597284570325,97.55436623568777,15599300
2025-06-09,96.6419906616211,97.03867557633849,95.96762857644217,96.59240977611607,13655700
2025-06-10,96.51306915283203,97.27668135477154,95.68003765980711,96.4833191089576,17162500
2025-06-11,95.00567626953125,96.48331979957479,94.55940290981472,96.48331979957479,16389600
2025-06-12,94.04371643066406,94.47015137724452,92.65532305346245,94.10321651795685,17845700
2025-06-13,93.65695190429688,94.52965264877658,93.23051695237417,93.73628283296935,18694700
2025-06-16,93.50818634033203,94.98582974407829,93.31975932237017,93.96437129832971,14881700
2025-06-17,93.4685287475586,94.03380230577373,92.84375509883732,93.17101316275668,14935600
2025-06-18,94.30155944824219,94.69824436910412,93.30985092915513,93.78587434741657,11333700
2025-06-20,95.3230209350586,95.51144039953462,94.41064339167944,94.45031263844682,20604900
2025-06-23,97.05850982666016,97.11800991317212,94.87674667222204,95.12467378753534,20432400
2025-06-24,97.18743133544922,98.28822835688646,96.44364997318813,96.91967337413475,22403700
2025-06-25,96.45356750488281,97.74278397077724,96.344478968351,97.4948568543204,11154700
2025-06-26,95.22384643554688,96.532901347329,95.1246770991961,96.09655475415855,19361400
2025-06-27,96.4634780883789,96.94942067894428,95.3626886641774,95.52135808258656,31431900
2025-06-30,96.96925354003906,97.32626919656964,95.51144087022841,96.42381841810389,17803000
2025-07-01,97.4254379272461,98.36756551297235,96.6122372848841,96.79074511204333,15635800
2025-07-02,96.8006591796875,97.56427133160742,96.25521652393415,97.3163442273804,12502000
2025-07-03,97.54444885253906,97.66345659657625,96.61224043958624,96.8899176095376,7686200
2025-07-07,98.52623748779297,98.52623748779297,96.81058602808227,97.4155288154629,12930900
2025-07-08,96.28498077392578,98.34773640135258,95.70979555750567,98.00063991744324,16875000
2025-07-09,96.0073013305664,96.48332475883801,95.58086635574617,96.34448616853706,13702600
2025-07-10,94.0734634399414,95.977541833246,93.95445570305925,95.85854166249882,18894800
2025-07-11,93.6172866821289,94.73791459646478,93.44869804801509,94.22222949031203,14595000
2025-07-14,94.98583221435547,95.04533229899202,93.59743889913526,93.72636583736094,13779100
2025-07-15,94.59907531738281,94.98584103570914,94.15280950889414,94.80733319908656,10450800
2025-07-16,94.3610610961914,95.03542314887797,93.82553762204604,94.62881905019655,11181600
2025-07-17,94.30155944824219,94.83708295648546,94.10322077087899,94.29164781066892,11165100
2025-07-18,94.26189422607422,94.68832917591412,93.64703224351997,94.30155590714908,14636300
2025-07-21,94.87675476074219,95.83871326074919,94.31148119228205,94.4701581913551,13450400
2025-07-22,95.05526733398438,95.86846807937975,94.9461787832246,95.04534812951454,9049100
2025-07-23,94.88667297363281,95.49161578554262,94.4999072501017,95.21393860620087,9729700
2025-07-24,95.79904174804688,96.15605742139216,94.55940609508008,94.77758318058393,14991500
2025-07-25,96.66182708740234,96.84033491705942,95.72961869184476,96.0370459005349,12868500
2025-07-28,96.8006591796875,97.3163442273804,96.27505492930779,96.4733935862355,12293100
2025-07-29,97.51470184326172,97.90146756575162,96.53290494820058,96.9692591237833,14034300
2025-07-30,96.78083038330078,98.06013527606551,96.48332236837084,97.792377306015,13864100
2025-07-31,97.1676025390625,97.81220701367482,96.50315209120133,96.63207903903215,15651300
2025-08-01,97.67337036132812,98.01055519370978,96.8601696747008,97.18743530332945,16750400
2025-08-04,98.76425170898438,99.08160571119387,97.38577741796423,97.38577741796423,19050200
2025-08-05,98.486572265625,99.63695779885714,98.08989490422768,98.84358794379114,17977000
2025-08-06,102.50299072265625,102.83025634211553,98.63532607613075,98.63532607613075,23738400
2025-08-07,102.26497650146484,103.03850786988416,101.26334886398438,102.60215373748972,12509500
2025-08-08,102.86992645263672,103.85171575311331,102.29473370442399,102.51291078589333,12394700
2025-08-11,103.06826782226562,103.46495274748013,102.25506713033693,103.03851777694827,12856700
2025-08-12,102.7608413696289,103.44511511546551,102.51291423527786,103.38561502438469,17915300
2025-08-13,100.15264129638672,101.95755049978276,100.01380270890515,101.30302681110327,19398500
2025-08-14,100.01380157470703,100.59891352914588,99.88488219240344,100.38073644668175,10858400
2025-08-15,99.40247344970703,100.16786915839475,98.9452229818952,100.02870630226971,13604900
2025-08-18,100.0982894897461,100.27721424845278,99.32295139661947,99.40247519689066,11656100
2025-08-19,100.68476867675781,101.8179562944983,100.19769866866407,100.35673868641003,16999000
2025-08-20,101.95712280273438,102.03664660635683,100.3269227475107,100.54560941556878,18655000
2025-08-21,97.37466430664062,98.85575907142372,96.37069717838837,98.81600475488536,51825100
2025-08-22,96.25141906738281,98.45815524195002,96.18183763772561,97.48400764294207,32695200
2025-08-25,95.49595642089844,96.99693590101701,95.49595642089844,96.42039973199041,18956100
2025-08-26,95.47608184814453,95.89357042992714,94.8498413916635,95.70470329748909,22270400
2025-08-27,95.50589752197266,95.74446133281614,95.02876231647888,95.32697276788834,12925700
2025-08-28,95.53572082519531,95.99297130729855,95.12816703108608,95.42637749427854,19241600
2025-08-29,96.40052032470703,96.45021701023853,95.22757085610789,95.52577372071713,15600300
2025-09-02,97.26531982421875,97.26531982421875,95.93333030556093,96.64902933568446,15351300
2025-09-03,98.8458251953125,98.8458251953125,96.91741472172352,97.26532187319393,18995900
2025-09-04,100.32691955566406,100.74440813568879,99.05456907341325,99.31301763506015,15640900
2025-09-05,99.90943908691406,100.87364439797074,98.9551761477529,100.476032944035,13748500
2025-09-08,101.66885375976562,101.74837756265072,99.81996705362708,100.24739801437539,13685700
2025-09-09,101.67879486083984,101.87759678176177,100.94321865286017,101.39052676683805,11819700
2025-09-10,99.81002807617188,101.83783187796531,99.79014333438171,101.34081950650855,17934900
2025-09-11,102.03663635253906,102.1658568325845,99.68079509766541,100.38655172032564,15900800
2025-09-12,102.87162017822266,103.35869777043955,101.74837493080204,101.92729969076177,11641900
2025-09-15,103.07042694091797,103.35869502340309,102.7921012292239,103.0306650415607,10756900
2025-09-16,102.80204010009766,103.58732058003429,102.51377200616088,103.22947105540982,14481900
2025-09-17,103.64695739746094,105.4759668819553,103.11019070594264,103.11019070594264,25382000
2025-09-18,102.98096466064453,104.01475133155566,101.5098122478993,103.1598894226062,14869400
2025-09-19,101.71855163574219,103.31893204507706,101.47998024208995,103.18970397756374,34791600
2025-09-22,102.20561981201172,102.58334646954643,101.310996061212,101.8378279411811,12861900
2025-09-23,101.90741729736328,102.06646490268515,100.72453296396257,101.79808154846353,13158700
2025-09-24,102.11617279052734,102.8517490316646,101.86766658626945,102.42431805698872,11391800
2025-09-25,102.43425750732422,102.8915080000616,101.96706464323395,102.6032399012866,13366700
2025-09-26,102.54359436035156,102.87161675619349,101.85771487268727,102.26526106671194,11859300
2025-09-29,102.46407318115234,102.69269462701281,101.47004842988112,102.43425365202333,15477200
2025-09-30,102.4441909790039,103.31893763544589,102.10622619542018,102.3845519192673,13873400
2025-10-01,101.35076141357422,102.24538519486353,99.94919047606005,101.94717473983147,16142800
2025-10-02,101.09231567382812,101.52968899770869,99.27325611564885,100.84380948231546,15605400
2025-10-03,101.4601058959961,102.2056244582525,100.59530163360814,100.85375019198966,11867500
2025-10-06,102.08634185791016,102.45413375662827,100.97303895810563,101.27124184177875,13303600
2025-10-07,102.62311553955078,102.63305791075632,100.34679789713913,101.76825362724571,15538900
2025-10-08,102.28514862060547,102.64299813846051,101.53963005570866,102.40442673735248,13584100
2025-10-09,101.16189575195312,102.83185763994952,99.77026716512864,102.5137700224172,19508000
2025-10-10,101.23148345947266,103.01078878732672,100.91339582221318,101.44023534424973,18519400
2025-10-13,101.50981140136719,101.83783380905545,100.46608236799362,100.76429283004524,10871200
2025-10-14,106.56938934326172,107.27514598455139,102.27520285532272,103.4282751709893,30859500
2025-10-15,108.3785171508789,108.90534905434654,106.65885858234518,106.67873574044658,21416300
2025-10-16,105.83382415771484,108.92524196510313,105.02866647760278,108.54750767858532,16366200
2025-10-17,107.08628845214844,107.55347370900562,105.58530897303353,106.52962944140913,13735600
2025-10-20,106.41035461425781,107.60318130419952,105.97298128883585,107.20556987961658,10581200
2025-10-21,105.58531188964844,106.8377852186507,105.54554998893964,106.68867998694448,10899700
2025-10-22,106.49981689453125,107.12604979088455,105.02866443153405,105.91334590039507,12296500
2025-10-23,106.22148895263672,106.92724563873942,105.14794036653377,106.70855897299913,11408200
2025-10-24,105.53560638427734,106.52963113895748,104.8795539897681,106.43023018025087,10318000
2025-10-27,103.84577178955078,105.72447804978319,103.5276841577603,105.70459330690466,16375900
2025-10-28,102.55352783203125,103.51773301716254,102.43424972009366,103.43820921999968,13323000
2025-10-29,101.8477783203125,103.05054739726272,101.49987116314627,102.29509402278956,11986400
2025-10-30,101.61915588378906,102.75234351833933,101.3507649481388,101.58932877020013,14065100
2025-10-31,100.57543182373047,101.48993284013324,99.58140700142984,101.09232139445147,20237000
2025-11-03,100.98297882080078,101.19173070881288,99.80009443030868,100.21758303871765,14811700
2025-11-04,101.65890502929688,102.00681974920394,100.85374743092096,101.51974217485676,12636400
2025-11-05,100.86369323730469,102.0664622823963,100.24739515821511,101.13207658463627,13356800
2025-11-06,101.07243347167969,101.32093965079143,99.43229117278085,100.73446112450823,14866000
2025-11-07,101.97698974609375,102.35472398355685,101.12213548611386,101.51973929678113,17248700
2025-11-10,101.80802154541016,102.05652775358611,100.99292148594535,101.53963817745549,14507600
2025-11-11,102.82192993164062,103.12013282771579,101.70861940172705,101.88754417289518,13182100
2025-11-12,102.82192993164062,102.98096995945254,102.04659178451462,102.73246375415279,12084400
2025-11-13,101.92730712890625,103.3090010379438,101.41040996961001,102.97102865166431,18088500
2025-11-14,101.86766815185547,101.87760293983706,98.2891726884986,99.60128516379358,23424200
2025-11-17,102.33485412597656,102.70264604652144,101.48993452971649,101.96706978923936,15289400
2025-11-18,100.78416442871094,102.7225095736976,100.7742220581758,102.3646676563057,17604500
2025-11-19,100.00883483886719,101.10226059231125,99.08439147979567,100.97304009963942,22157000
2025-11-20,106.4699935913086,107.26521643985976,102.06646356223699,103.31893689437258,50375900
2025-11-21,104.69068145751953,107.50377318822244,104.09426815224778,107.33479080875999,41420800
2025-11-24,103.43821716308594,105.63501103770798,103.14001427653606,104.73045242289056,42519200
2025-11-25,106.36064910888672,106.77813768714435,103.60720386602709,103.9849305439068,20212900
2025-11-26,108.4480972290039,108.9351672263943,106.52962918431957,106.55944871300372,17783300
2025-11-28,109.84967803955078,110.0385375864264,108.34869853274132,108.64690899341848,9846500
2025-12-01,110.86357879638672,111.09220782502412,109.70057166275286,109.84967689153316,17236800
2025-12-02,111.73832702636719,111.97689084554575,110.12800418334595,110.80394132419111,18711800
2025-12-03,113.72637176513672,114.20349938342612,111.54945520324686,111.82778091121682,24478300
2025-12-04,114.15380096435547,114.20350523638606,112.48384663095018,112.94109711516455,25905100
2025-12-05,114.42218780517578,115.57525255371876,113.99475686595049,114.04446113620267,23956400
2025-12-08,112.8814468383789,114.3029025172968,111.62898112864107,113.8854139473842,22700700
2025-12-09,114.37248229980469,115.02854225777547,112.34467095308604,113.26911424962238,24326700
2025-12-10,112.50372314453125,115.53550170964621,112.31485601246625,114.66075506328801,22859600
2025-12-11,114.8297348022461,115.17764952881979,112.17569056253069,112.46395864762513,21586600
2025-12-12,116.23915100097656,116.48816375599088,114.56578498330971,114.80484269959511,19092400
2025-12-15,116.32879638671875,116.98618609049363,115.18333622489253,116.46824291780027,18713700
2025-12-16,114.9642105102539,116.4184441331518,114.49606530028865,116.11963337733977,19642300
2025-12-17,115.2032699584961,115.93038298119593,114.61559587784929,114.74507978071276,16177800
2025-12-18,114.37654113769531,116.02002685042402,114.15740869609598,114.55583062634328,21476700
2025-12-19,113.90840148925781,114.82476665398586,113.08167727358796,114.68532011149536,50043800
2025-12-22,112.15534210205078,113.86855105354326,111.77684545433789,113.559777672495,21473900
2025-12-23,110.4620590209961,111.90632995222431,110.26284425854885,111.54775097908545,20319900
2025-12-24,111.16925811767578,111.26886170266053,110.11344643815782,110.46206278523768,9009600
2025-12-26,111.29874420166016,111.52783929095921,110.92024753158627,111.27882652397903,9003800
2025-12-29,112.08562469482422,112.3346374601106,111.12941658803649,111.14933426558214,12979600
2025-12-30,111.47803497314453,112.24499855980663,111.39834906297531,111.44815465664773,11730600
2025-12-31,110.97005462646484,111.80673388719316,110.88040607752015,111.2887906685423,11487400
2026-01-02,112.3147201538086,112.34460046985909,110.68119701607182,110.98997041428227,14306600
2026-01-05,112.2649154663086,113.28089181581844,111.70712929749008,112.37448169222175,19557600
2026-01-06,113.88847351074219,114.33670104320107,111.54775506101163,111.95613963952309,20120800
2026-01-07,112.2748794555664,114.27694426311413,111.65732504746875,113.73907576559682,23306000
2026-01-08,112.62348937988281,113.02191131075173,109.37636090231058,110.85051976674569,24058300
2026-01-09,114.07772827148438,115.00405607413008,111.81669567753553,111.81669567753553,21902900
2026-01-12,117.50414276123047,118.37070230512944,115.95030556588084,117.03599755512734,49182100
2026-01-13,119.88470458984375,120.03411376670338,117.26509307273483,117.42445728858974,31222100
2026-01-14,119.56597137451172,120.76122961900302,118.55995766585049,119.71538055488978,32764000
2026-01-15,118.72927856445312,120.39268954357787,118.26114096835724,119.50620474356865,34559400
2026-01-16,119.22730255126953,120.12374997782183,116.43836428998766,118.2013712294854,415144600
2026-01-20,118.24121856689453,121.1397307536994,117.14556393792557,120.41261014762198,45334000
2026-01-21,118.8886489868164,120.01418389072646,117.08579909313113,117.61370491177271,34811700
2026-01-22,117.36469268798828,119.04801373249136,117.185403201674,118.81892625508576,24547300
2026-01-23,117.26509094238281,118.14161311182713,116.6774168838822,117.70334822747184,20806900
2026-01-26,117.17544555664062,118.380666421838,116.92643279277506,117.34477241224526,19552200
2026-01-27,116.47821044921875,117.1654804957765,115.02397685022356,117.03599659697956,22968600
2026-01-28,116.10966491699219,116.99614970020349,115.41243225579208,116.1793881831122,16342000
2026-01-29,116.94635772705078,117.19537049018723,115.61164536502085,115.99014202925233,16381100
2026-01-30,118.66951751708984,118.93845554717745,116.13954702285811,116.44832800552413,22215400
2026-02-02,123.5700912475586,123.70953778708709,118.57988094171775,119.02810087602128,31210100
2026-02-03,127.20568084716797,127.663863426049,123.16171594715138,123.16171594715138,32018700
2026-02-04,127.4945297241211,128.89896530076112,126.58811965421592,127.6240212194025,27531800
2026-02-05,126.43872833251953,129.08822789080259,126.0602240531838,128.07225151910504,30517800
2026-02-06,130.66197204589844,131.17992285780286,126.54829146247491,126.7873415914411,26593400
2026-02-09,128.51051330566406,131.2695638265917,127.58417790733635,130.90102979422613,27197300
2026-02-10,126.19966125488281,128.829235341004,125.89088787029975,128.43082101222566,24662000
2026-02-11,128.26148986816406,129.22766054156153,126.12993376438375,126.19965702951212,19232100
2026-02-12,133.1122589111328,133.95890836521818,128.79935613162505,128.86908699895253,33382700
2026-02-13,133.36126708984375,134.118260374443,131.22971856884888,132.17596397423097,24131200
2026-02-17,128.34117126464844,134.15810517758902,127.65389367589613,132.58434284935956,37995900
2026-02-18,126.11997985839844,128.36108700029487,125.27333043232424,127.62401899026196,36485000
2026-02-19,124.37689208984375,129.5862422047388,123.90874690025707,127.9925545127162,42993300
2026-02-20,122.50431823730469,122.99238873015149,120.57198434058695,122.51428087573963,35151000
2026-02-23,125.31317901611328,126.29927501801508,122.47443506957713,123.0322212206814,25662800
2026-02-24,126.24947357177734,127.53437276929525,124.41674324410326,125.40283167911777,20161200
2026-02-25,125.25341796875,126.89690370051927,124.92471930254288,126.11002246896268,17345700
2026-02-26,123.92866516113281,126.8271772553826,123.45056493068441,125.48250990825551,18638300
2026-02-27,127.4447250366211,128.09216731908256,124.65578673870745,125.02432075277177,29205500
2026-03-02,126.59809112548828,128.24157693224024,126.54829313089985,126.9566701232984,17091500
2026-03-03,127.40489196777344,127.86306693425331,125.17373217031401,126.02037403309,16480400
2026-03-04,127.30528259277344,127.66386157962746,125.74148274426365,126.60804989570529,16434100
2026-03-05,122.82305145263672,125.18369515590186,121.16961067594359,124.88487680384983,28604900
2026-03-06,123.31111907958984,123.69957836870472,121.139727556177,122.01624971636278,21553000
2026-03-09,123.84898376464844,124.01831821839308,122.01625348243766,123.20155666231803,19375900
2026-03-10,124.62590789794922,125.60203365402064,122.86289331517725,123.7194978109023,18793600
2026-03-11,123.0023422241211,124.99444432715642,122.56408492895451,124.81515483391257,18176500
2026-03-12,124.8350830078125,124.89484364052527,121.79712419046949,121.81704946755148,21751600
2026-03-13,126.02037048339844,126.18970493059696,124.47649597694509,124.89483557746023,15194100
2026-03-16,125.49246978759766,126.47856579955872,124.33705452005711,126.25943335245626,20463200
2026-03-17,124.58606719970703,126.68773552385488,124.36693475275074,126.14986704476209,19895000
2026-03-18,121.49830627441406,124.1179177107379,121.34889710216198,123.83902464214266,19734900
2026-03-19,120.61181640625,122.26526477509258,118.79900382312763,121.91664843204333,17927700
2026-03-20,118.79328918457031,121.0689526721321,117.79519396918542,120.40022309052897,57545600
2026-03-23,120.49005889892578,120.89927398864255,118.82324167143548,120.25051817287543,22181500
2026-03-24,121.8175277709961,123.87360154016888,120.26049400975914,120.40022673495365,17269600
2026-03-25,122.82559204101562,123.25477327869513,121.54803141207071,122.57606824271039,16597300
2026-03-26,121.94727325439453,123.56419023849065,121.55801673107064,123.37454971153619,16442500
2026-03-27,122.65592193603516,124.03329060905865,121.58796034687597,121.797559430932,16543300
2026-03-30,123.26475524902344,125.02140490538139,122.90544037352153,123.47435432392255,20428900
2026-03-31,124.04327392578125,124.76190370952608,122.60601435829157,123.19489450352893,21330400
2026-04-01,124.50239562988281,124.99146777045921,122.89546171624545,123.5641913010441,17039700
2026-04-02,125.55039978027344,125.66019086466167,123.91352421376449,124.91161944284859,11898400
2026-04-06,126.54849243164062,126.73813295805967,125.13119906277755,125.57035577652285,10850400
2026-04-07,122.25668334960938,126.11931465504222,121.55801973021642,125.94964029245568,16076000
2026-04-08,127.0176010131836,127.05752573613917,121.09889599882592,122.04708342071828,20194300
2026-04-09,128.884033203125,129.44296405735184,126.57842819971576,126.84791054304318,13853100
2026-04-10,126.52852630615234,128.68440799806444,125.97957851006859,128.47481653280053,13894000
2026-04-13,124.33271789550781,126.05942593004949,123.71389613445722,126.04944284595747,14510600
2026-04-14,124.81181335449219,124.96152154925787,122.31657524356561,122.9154308672155,15320800
2026-04-15,124.5223617553711,124.83176883675557,122.94536948050799,124.39260450328428,17001400
2026-04-16,124.58224487304688,125.70011425915739,123.73386546026387,124.09318034812574,18324500
2026-04-17,127.25714111328125,127.32700747439601,123.13501057778576,124.33272180114233,24763700
2026-04-20,127.67633819580078,129.22338882645656,127.0774825892077,127.62643800392097,18933600
2026-04-21,129.3531494140625,129.52282377758172,127.23718476034317,127.5865165719599,17312400
2026-04-22,129.73240661621094,130.2015125669619,128.5945787256014,129.7523727840388,17624500
2026-04-23,131.77850341796875,132.20769225837955,130.24144356493085,130.32129300569852,16376000
2026-04-24,129.6725311279297,131.86833759939617,129.033750786599,131.68868776733035,16016300
2026-04-27,127.34696197509766,129.5627345211589,127.1573290666003,129.37309399779951,17029500
2026-04-28,127.34696197509766,129.52281741453146,126.53850730580689,129.0936285622354,16341800
2026-04-29,127.76616668701172,127.83604066435157,125.6701758126882,126.43870579994015,16538800
2026-04-30,131.67869567871094,132.17774329103938,127.70628094889952,127.77615492489326,19867700
2026-05-01,131.34933471679688,133.11595225949642,130.73050533514794,131.6687172620817,10480900
2026-05-04,130.08175659179688,131.49905002829192,129.43298553731375,130.1616060398744,10340700
2026-05-05,130.54086303710938,131.47907495130153,130.0518061416393,130.26139760263393,10637300
2026-05-06,129.8322296142578,130.9001835931079,129.28327419067853,130.6107426768886,16371500
2026-05-07,129.95199584960938,130.35124307928913,128.42491136668013,129.6525642347807,14935400
2026-05-08,130.42999267578125,131.41000366210938,130.25,130.32000732421875,15183700
2026-05-11,127.58999633789062,130.60000610351562,126.37999725341797,130.17999267578125,18699200
2026-05-12,130.35000610351562,131.1199951171875,127.72000122070312,128.0800018310547,17935400
2026-05-13,131.47000122070312,132.52999877929688,128.77000427246094,129.19000244140625,13786600
2026-05-14,132.4600067138672,132.77999877929688,130.86000061035156,131.36000061035156,14200400
2026-05-15,131.4499969482422,133.9499969482422,130.7899932861328,133.69000244140625,25323000
2026-05-18,133.33999633789062,133.47000122070312,131.1300048828125,131.52000427246094,17183200
2026-05-19,134.1999969482422,135.16000366210938,132.05999755859375,132.94000244140625,16957100
2026-05-20,130.85000610351562,133.64999389648438,130.3300018310547,132.91000366210938,28471600
2026-05-21,121.33999633789062,125.80000305175781,120.38999938964844,124.41000366210938,52912900
