Price,Close,High,Low,Open,Volume
Ticker,XOM,XOM,XOM,XOM,XOM
Date,,,,,
2006-05-30,30.405170440673828,31.213280502034806,30.359714129304376,31.16277434570713,17866300
2006-05-31,30.76376724243164,30.839528398887204,30.18293684743562,30.41021839011607,25875200
2006-06-01,30.86478042602539,30.884983657284767,30.309203126509658,30.506181741259294,17877100
2006-06-02,31.137514114379883,31.238526403829866,30.561733660411004,31.061752970606474,17354500
2006-06-05,30.329391479492188,31.415290543411622,30.304138416149108,31.364782490040234,20504100
2006-06-06,30.506181716918945,30.96579463092902,30.25364710643679,30.30415325785875,23934600
2006-06-07,29.70818328857422,30.485990661923868,29.698081668917954,30.45568580295508,28005800
2006-06-08,30.086973190307617,30.152632728181246,29.203102057979695,29.48594151393165,33407200
2006-06-09,29.698068618774414,30.253645895611292,29.546548243886576,30.248594124659576,21101200
2006-06-12,29.415218353271484,29.97584330475865,29.35966045699346,29.824322995527382,18915600
2006-06-13,28.612165451049805,29.44552831485513,28.612165451049805,29.167740693586687,27511500
2006-06-14,29.19300079345703,29.288965179200048,28.607120570050405,28.61217234124014,24867900
2006-06-15,29.859683990478516,30.076863852798056,29.27380392453609,29.5364400819152,24902100
2006-06-16,29.698068618774414,30.046567600371155,29.379874482829685,29.773829769561384,27767200
2006-06-19,28.98592185974121,29.70312114491781,28.895009247159866,29.682917913969476,20175700
2006-06-20,28.98592185974121,29.465737997990278,28.920262322502207,29.12229077861323,19858000
2006-06-21,29.324308395385742,29.733413074095576,28.915201789990473,28.96570792200624,22485600
2006-06-22,29.278867721557617,29.425336353195437,29.11724570088478,29.15260039748906,16676600
2006-06-23,29.344518661499023,29.72332054745651,29.299062358116682,29.369773661911672,15689000
2006-06-26,29.70818328857422,29.80919755844989,29.248570190992506,29.344532687696574,14053900
2006-06-27,30.12737274169922,30.258689860637578,29.783925597785704,29.783925597785704,26964700
2006-06-28,30.869831085205078,30.92033916468651,30.203139849540012,30.203139849540012,23103500
2006-06-29,31.50115966796875,31.587022418045834,30.87487505415621,30.920331350859197,26314500
2006-06-30,30.98600196838379,31.642593624823103,30.986001968383793,31.642593624823103,32336500
2006-07-03,31.39005470275879,31.551676708853446,31.167822999363924,31.21327930899594,9459900
2006-07-05,31.592079162597656,31.778954233560956,31.127416407405413,31.263785327303875,19744700
2006-07-06,32.05674743652344,32.071898898203415,31.647640630986498,31.693096942712824,23679000
2006-07-07,31.738554000854492,32.268876365675965,31.561780521476138,32.17291389496863,18527100
2006-07-10,31.839555740356445,32.117343353161345,31.708236698654424,31.81935251445065,13220400
2006-07-11,32.314327239990234,32.46079584395896,31.920373879856914,31.920373879856914,18133600
2006-07-12,32.30927276611328,32.460791192637615,31.996128519235025,32.32442422342855,17614400
2006-07-13,32.359779357910156,32.67797152606685,32.16785254694479,32.400185813560064,21658200
2006-07-14,32.778995513916016,32.82950166888593,32.30928095128782,32.612321734479934,21485800
2006-07-17,32.324432373046875,32.77899547396737,32.10725243890556,32.576967000961304,19717700
2006-07-18,32.63251876831055,32.7991925160855,32.2991731994466,32.526454707009734,21231000
2006-07-19,32.657772064208984,32.77393580717695,32.14765115976636,32.637568836438106,24997700
2006-07-20,32.4506950378418,32.75878754802726,32.38503743120486,32.55170733318664,20779600
2006-07-21,32.2890739440918,32.71838199120968,32.27897232894141,32.612317922159775,27556600
2006-07-24,33.011329650878906,33.09719050679528,32.42544741513036,32.50120858056307,22417700
2006-07-25,33.203250885009766,33.33456996685379,32.7890942607686,33.0113259602935,18624500
2006-07-26,33.63761520385742,33.93055632784455,33.066888271984304,33.08709150674614,31014100
2006-07-27,33.57194519042969,34.167926909137904,33.561841650091196,34.04165962850796,29426300
2006-07-28,33.839637756347656,33.9911600637698,33.45578407001797,33.460835841164666,20512500
2006-07-31,34.2133903503418,34.31440651364758,33.71842463694762,34.056820113933604,20170900
2006-08-01,34.43561553955078,34.470970226674034,33.9456978370058,33.96084929529121,16186600
2006-08-02,34.58714294433594,34.965944870980785,34.405317711276616,34.53158502015823,25421100
2006-08-03,34.53158187866211,34.99119283742459,34.36490812129206,34.38005958043986,21876600
2006-08-04,34.69320297241211,34.75886057815369,34.314401089976535,34.6477447427664,21470400
2006-08-07,34.965946197509766,35.162922898568134,34.58714425649403,34.84977857344766,21017300
2006-08-08,34.98613357543945,35.268974881334884,34.85481838869398,34.97098211953584,23925100
2006-08-09,34.99625778198242,35.56698479383162,34.940699841945275,35.19828630453809,27660900
2006-08-10,35.18397903442383,35.24994513354155,34.70193873337099,34.94549842386345,21961000
2006-08-11,35.381874084472656,35.4985767874698,34.935348622570515,35.18905486365127,18040400
2006-08-14,35.138336181640625,35.34130207462983,34.90492675964139,35.28548635727649,20026100
2006-08-15,34.85416793823242,35.47828318247811,34.590311254628254,35.468136635224276,27260300
2006-08-16,34.28586196899414,34.981018477483104,34.15393363697249,34.65627479192989,26536800
2006-08-17,34.54465866088867,34.58525260730025,34.001727209202116,34.08798644188788,28583200
2006-08-18,35.06219482421875,35.06219482421875,34.361967130663174,34.70700770529547,19556800
2006-08-21,35.432613372802734,35.5340943173393,35.163685385655924,35.163685385655924,22482400
2006-08-22,35.62543869018555,35.645735659025505,35.194138748276714,35.37173238656259,22964300
2006-08-23,35.33113098144531,35.635581578446256,35.03175946464458,35.55946892919602,17693100
2006-08-24,35.884212493896484,35.940028178401285,35.32098431116634,35.41231871569691,20503600
2006-08-25,35.7370719909668,36.1379284366405,35.69140284082616,35.88422211947369,18905200
2006-08-28,35.56960678100586,35.62034724435267,35.392013223667405,35.544238484957056,18132300
2006-08-29,35.21950149536133,35.44276035031018,34.93027267028567,35.37679812268323,21559900
2006-08-30,34.656288146972656,35.26518182421384,34.377209620007015,35.22966309089563,26310600
2006-08-31,34.336605072021484,34.635980478608886,34.301086349672175,34.529424311560945,19244400
2006-09-01,34.55479431152344,34.727316593724446,34.18438531330607,34.42794117244204,17579700
2006-09-05,34.747623443603516,34.83388267361297,34.25035729361949,34.34169173458587,17742600
2006-09-06,34.08797836303711,34.75268762517051,34.03723787767402,34.75268762517051,26709100
2006-09-07,34.346763610839844,34.52435726457324,33.92053497062838,33.99664764258593,24449300
2006-09-08,33.90022659301758,34.47360517374516,33.88500483799826,34.3467520535842,19664700
2006-09-11,32.95137023925781,33.69219205282093,32.78899838794604,33.67189508750067,35989100
2006-09-12,32.829586029052734,33.21014539046177,32.5302145229443,33.10866444258603,24824500
2006-09-13,33.16448974609375,33.362380361733216,32.82959555270318,32.890486461842684,21771300
2006-09-14,32.83465576171875,33.25073377261658,32.69258090988769,33.08836196034546,21166800
2006-09-15,32.80422592163086,33.11881926137556,32.687519318297475,32.931079073786236,33472700
2006-09-18,33.641456604003906,33.74293757452468,32.93107819660584,32.93107819660584,21236400
2006-09-19,33.23553466796875,33.78354135953345,33.04779055939973,33.737872199610386,19852800
2006-09-20,32.53021240234375,33.52474033744409,32.438878006709544,33.240590604915354,30411100
2006-09-21,32.87018966674805,33.159414712007674,32.621558561130406,32.626633771398446,22551700
2006-09-22,32.93616485595703,33.15434863129785,32.62664275564476,33.123905103808845,18240200
2006-09-25,33.01224899291992,33.21013951614913,32.40842894311482,32.778839757091866,29213400
2006-09-26,33.70741653442383,33.80382615967772,32.72811013822837,33.01225993318643,22353500
2006-09-27,34.0626106262207,34.21483597340979,33.560273174498924,33.83427647668845,23424800
2006-09-28,34.23005294799805,34.40764658072077,33.95604968411833,34.06260586375196,23398400
2006-09-29,34.047386169433594,34.33661120918712,33.890089495379364,34.08798010830277,20239000
2006-10-02,33.99665069580078,34.38228542943495,33.94591020035588,34.14380084246713,19082600
2006-10-03,33.18986511230469,33.74294307289273,33.10867722565791,33.69220257936424,22989700
2006-10-04,33.79874801635742,33.87486066804328,32.90062569471483,33.230444604520024,25624300
2006-10-05,34.159027099609375,34.361992979352735,33.96621164304187,34.12858357258613,22066100
2006-10-06,34.260501861572266,34.31124622570158,33.74294264021584,33.99664897585656,19439400
2006-10-09,33.768306732177734,34.44823769059848,33.74293455619166,34.38227545278544,19268100
2006-10-10,34.0981330871582,34.23513668886321,33.46894240104596,33.59579558049409,23040800
2006-10-11,33.75815200805664,34.02200866815984,33.61607713165493,33.92052384840859,20472800
2006-10-12,34.32646179199219,34.377202275713564,33.92560538946698,33.935751937710954,18542000
2006-10-13,34.70703125,34.87447837876416,34.43810312448587,34.54465933244891,20499900
2006-10-16,35.432613372802734,35.457981673311934,34.71715993869529,34.73238169325079,19607700
2006-10-17,35.21950149536133,35.43768514164659,34.996238769162545,35.43261380423293,17190600
2006-10-18,35.09773254394531,35.513810767697215,34.89476670696238,35.26517964980008,19395100
2006-10-19,35.381874084472656,35.55439247020757,35.04697998804605,35.43768589596041,23391500
2006-10-20,35.2905387878418,35.52901939655967,35.17890742519731,35.52394805916668,21210800
2006-10-23,35.4782829284668,35.4782829284668,34.8693894450865,34.93535167989009,17139900
2006-10-24,35.46305847167969,35.63558073062569,35.305761839221624,35.35142710493523,19775700
2006-10-25,36.03136444091797,36.22925501573023,35.194133001423616,35.37680181990421,25839200
2006-10-26,36.340885162353516,36.701147577945626,35.8537696199508,36.53370052145557,26369700
2006-10-27,36.25969314575195,36.59965855752666,36.16835875006997,36.25969314575195,19418100
2006-10-30,35.945106506347656,36.32059461535589,35.777663291520625,36.10240704383793,17618700
2006-10-31,36.239410400390625,36.26985779172934,35.52396057957708,35.86900133515597,20317900
2006-11-01,36.05673599243164,36.406851904600146,35.655879597503386,36.320592696783486,18329900
2006-11-02,36.122718811035156,36.208978058747036,35.73708399545224,35.87915896139003,20154500
2006-11-03,36.60981369018555,36.73159160969804,36.193735583205104,36.24955126949214,25491100
2006-11-06,36.995452880859375,37.06649033200381,36.48296509367386,36.614893447763855,17201800
2006-11-07,36.80263137817383,37.13752551706342,36.625037761149265,36.99545062344377,20127000
2006-11-08,37.61448669433594,37.65000541397884,36.650406055100035,36.80262748017671,22355800
2006-11-09,38.022178649902344,38.11900624287872,37.53295124881722,37.81323571517097,21475900
2006-11-10,37.92535400390625,38.119009204906924,37.736799903606524,37.991606104473455,18387400
2006-11-13,37.93046188354492,38.14449821933721,37.645080102488535,37.762288810550196,17385000
2006-11-14,37.940643310546875,38.04766534077199,37.583916169910566,37.93045277282908,17748400
2006-11-15,38.11901092529297,38.185259140816015,37.71131943029233,37.71131943029233,20348900
2006-11-16,37.03351974487305,38.20562942667761,37.00294425530635,38.19543500480022,22294100
2006-11-17,37.242469787597656,37.29343024268728,36.56978167152759,36.66660536978782,25813500
2006-11-20,36.911216735839844,37.33419585151181,36.844968540675445,36.97237160770678,19025000
2006-11-21,37.40045928955078,37.47180472512312,36.941807283703845,37.084498154848525,13301100
2006-11-22,37.155853271484375,37.47181056741341,36.75325888625152,37.2119070755724,11902600
2006-11-24,36.8857536315918,37.10998438963101,36.61565961197278,36.64114179376271,5568500
2006-11-27,36.931617736816406,37.29344213780376,36.76344468215004,36.83988733318336,18962300
2006-11-28,37.792842864990234,37.83870609703404,37.02332734931726,37.02332734931726,19350600
2006-11-29,38.74583053588867,38.954773488226444,37.79795115140346,37.86420325240524,24851700
2006-11-30,39.1433219909668,39.42870754085326,38.756019417890265,38.94457349245729,27330900
2006-12-01,39.342098236083984,39.49498359877763,38.63373690580687,39.12806183874189,21308400
2006-12-04,39.6325569152832,39.647848554110745,38.990448053760296,39.34207798610828,19348600
2006-12-05,39.780357360839844,40.014778684671505,39.47968780028473,39.805839545444904,20111200
2006-12-06,38.88852310180664,39.851690278824414,38.85794760032489,39.65803895604956,30695700
2006-12-07,38.5827522277832,39.087267387547456,38.36361875224376,38.8834255491205,27762300
2006-12-08,38.47574996948242,38.94459261214098,38.44517445871113,38.832477221932315,16429900
2006-12-11,38.40440368652344,38.64901554346236,38.12921243144062,38.348345992634236,18641100
2006-12-12,38.85794448852539,38.93438712414239,38.378907600823844,38.378907600823844,18619000
2006-12-13,39.42361831665039,39.4491004936361,38.6999695914544,38.95986913414387,20578400
2006-12-14,40.121788024902344,40.25938166923936,39.36755992340178,39.50006024286152,18691200
2006-12-15,39.39305877685547,40.259398712932054,39.30642167281909,40.2339165256209,37021400
2006-12-18,38.4808464050293,39.37266840613728,38.40440374161297,39.37266840613728,22530600
2006-12-19,39.23506546020508,39.39814130540629,38.16997719674227,38.3738229752525,22294200
2006-12-20,38.77132034301758,39.235065701142176,38.59805006940766,39.1637202614307,17603700
2006-12-21,38.6642951965332,39.01083179309651,38.30247084965646,38.776406661509846,17154000
2006-12-22,38.42987823486328,38.852853630122006,38.368723338761434,38.730547725952896,12005100
2006-12-26,38.75602340698242,38.85794432869657,38.42477457936051,38.480832252713476,11285700
2006-12-27,39.21977233886719,39.24015730273142,38.735642083203054,38.88343015519304,10944100
2006-12-28,39.408348083496094,39.464405787356,39.061811317833055,39.12296234892673,10798100
2006-12-29,39.05160140991211,39.36246532155331,38.83246789659182,39.24525663305322,12633200
2007-01-03,37.767391204833984,38.868152431342956,37.46162441347237,38.86305910457918,30510700
2007-01-04,37.059017181396484,37.66036001486047,36.79911374889031,37.63487783770001,31046600
2007-01-05,37.32400894165039,37.395354362506126,36.80420603426805,36.92141470223083,24671500
2007-01-08,37.023345947265625,37.83872510457206,36.61565442459516,37.65016709493093,25981900
2007-01-09,36.73796463012695,37.12017401939437,36.406719603189835,36.61565871421117,27039900
2007-01-10,36.177371978759766,37.257751331725395,35.99900847162774,36.59525386176889,30572000
2007-01-11,36.17228317260742,37.12525569601168,36.06526116693136,36.17737649628088,29161700
2007-01-12,37.02845001220703,37.05392830706684,36.28441226245242,36.28950947663847,24438700
2007-01-16,36.50355529785156,37.02336241486281,36.30990387686798,36.94691973435689,25444400
2007-01-17,36.92652893066406,37.00806881380712,36.391438027671335,36.43220408120724,31292200
2007-01-18,36.67169189453125,37.26793721018727,36.27929222786078,37.03351607466522,23581900
2007-01-19,37.47180938720703,37.52276986352261,36.794023776907935,36.9469090938898,23912600
2007-01-22,37.15076446533203,37.58393445774629,36.946918619479405,37.53297396829216,21929300
2007-01-23,37.96102523803711,38.175065393335004,37.44122231924834,37.481992242927355,29016600
2007-01-24,38.16996383666992,38.215827079563596,37.5839088865943,37.966118129508814,19785400
2007-01-25,37.46669387817383,38.190346285421974,37.385157933489936,38.02727050802096,22630100
2007-01-26,37.512569427490234,37.96102694401143,37.43102957646778,37.65526027874543,20506200
2007-01-29,37.30362319946289,37.75717788885273,37.099781365875266,37.5329510942996,17370600
2007-01-30,37.910072326660156,38.01199326811976,37.36988433846178,37.43103534812367,21590500
2007-01-31,37.76227951049805,38.07824061030676,37.446322298723544,37.910067578729496,24249200
2007-02-01,38.2617073059082,38.36362825035539,37.61449725576068,38.00690105675544,25168000
2007-02-02,38.4961051940918,38.62350824124406,37.940625886731056,38.22091414567902,24299300
2007-02-05,38.562381744384766,38.6693999161485,38.25151776962735,38.55219120385097,18168800
2007-02-06,38.45534896850586,38.71525236582066,38.241312706262526,38.65919469408543,16222300
2007-02-07,38.276248931884766,38.83409049697669,38.143184265922,38.58843685706997,18134700
2007-02-08,38.619117736816406,38.706119848944624,37.994742288194274,38.0152140624465,18742000
2007-02-09,38.49629592895508,38.75730620337825,38.33764453890971,38.619122685616254,17734200
2007-02-12,38.178985595703125,38.41952407026372,38.04080599573844,38.347874810342496,16564600
2007-02-13,38.61399459838867,38.63958528955601,38.173861261531066,38.28133904076087,15839600
2007-02-14,38.69078063964844,38.8954945497764,38.378592805236735,38.84431704839268,17648800
2007-02-15,38.55771255493164,38.63448075242001,38.24040973204905,38.480948262036,17871900
2007-02-16,38.532142639160156,38.66520731279403,38.38884402352111,38.51678977385518,18329200
2007-02-20,38.31716537475586,38.409286400639516,38.02033052417616,38.332518228304565,15840500
2007-02-21,38.2711067199707,38.52187913028095,37.99986253469344,38.2404010098161,17886500
2007-02-22,38.424652099609375,38.491182455425424,37.974280753799924,38.18923248911477,17165300
2007-02-23,38.49629592895508,38.66518515973432,38.40417488531114,38.53212056233926,17687900
2007-02-26,38.58842468261719,38.94667108803714,38.516775401533195,38.64983612092176,17803600
2007-02-27,36.761356353759766,38.50141850759538,36.53105177047108,38.32741033991554,34588800
2007-02-28,36.68458938598633,37.66721137468237,36.42869799905969,36.96607147344271,55723000
2007-03-01,36.33143997192383,36.88928494865667,35.85036705863736,36.2853814193649,39472200
2007-03-02,35.82991027832031,36.46451977479937,35.4716600219879,36.310983392858,27454600
2007-03-05,35.8145637512207,36.25469338775403,35.323248804006006,35.49213807307399,33039300
2007-03-06,36.33657455444336,36.34680849122676,35.927146800443644,36.18303817054536,26626400
2007-03-07,36.66411209106445,37.288487605974886,36.1113858413478,36.336571477438014,31564400
2007-03-08,36.7715950012207,36.940484269681505,36.438935385808136,36.92513140974744,27405800
2007-03-09,36.39798355102539,37.04282688009009,36.285390743051366,36.82276018393862,28671000
2007-03-12,36.270050048828125,36.54129432011246,36.183044001482166,36.234225407424404,20150800
2007-03-13,35.77873229980469,36.6231706752331,35.68661125280983,36.014151885548785,27378900
2007-03-14,36.34680938720703,36.34680938720703,35.64055059396969,35.875970191715474,30053700
2007-03-15,36.17792510986328,36.459403289433574,36.029507638631245,36.188159047199825,23538500
2007-03-16,35.75313949584961,36.27004111268703,35.57913134862255,36.21885971935477,46777100
2007-03-19,36.38776397705078,36.42870754679234,35.881099991428584,35.88621891379471,23184100
2007-03-20,36.848365783691406,36.848365783691406,36.34681686472565,36.397998274211005,23683300
2007-03-21,37.477867126464844,37.52904464051865,36.78184200246981,37.07355812762993,28800100
2007-03-22,38.05615997314453,38.34275702128183,37.60067370538693,37.631379416375374,27263800
2007-03-23,38.39393997192383,38.59865385169567,38.204582854423684,38.20970177518092,26377900
2007-03-26,38.62424850463867,38.73684134526831,38.132937485648974,38.60889564538788,27548800
2007-03-27,38.747066497802734,38.88013108879358,38.3837012610822,38.57306225962333,21797400
2007-03-28,38.67028045654297,39.02341159453947,38.49115738096148,38.97735304850003,24720100
2007-03-29,39.018306732177734,39.043897425589314,38.675413306175564,38.80847788365089,21695900
2007-03-30,38.61399459838867,39.074599707261896,38.352988290519896,39.01830331036677,24020300
2007-04-02,38.97737503051758,39.10020179381672,38.52700372410003,38.562828359420294,21474700
2007-04-03,39.304935455322266,39.39193762709842,38.70614638554699,38.94668501718232,22426100
2007-04-04,39.463565826416016,39.51986223794752,38.910839552066136,39.197436625613946,20873400
2007-04-05,39.51987075805664,39.565929338552785,39.34586256546504,39.458455412801996,20273100
2007-04-09,39.304935455322266,39.775774872151985,39.243520090459725,39.28957868566085,17668200
2007-04-10,39.69896697998047,39.84226545023279,39.2793055008456,39.30489618678658,18697700
2007-04-11,39.28955841064453,39.75016364793657,39.24349983921151,39.71433901306899,24990000
2007-04-12,39.60686492919922,39.658042420979505,39.130906836917106,39.39191712096661,24258000
2007-04-13,39.617103576660156,39.750164277078696,39.448214336214605,39.66316214882217,19044500
2007-04-16,40.006072998046875,40.03166370785378,39.42775965959536,39.73482865430772,20518400
2007-04-17,40.12376022338867,40.297764448807605,39.8934556899562,40.05722598047649,22772800
2007-04-18,40.02140426635742,40.12376314575762,39.79622254086099,40.0060514105954,17428800
2007-04-19,39.642696380615234,39.92417849069723,39.48404495743793,39.883234928395666,19090600
2007-04-20,40.81978988647461,40.84026166334723,39.91905122704019,40.11352725044181,41108500
2007-04-23,40.533180236816406,40.93237394347806,40.48200275788789,40.6867165781933,23617400
2007-04-24,40.22612762451172,40.60996472761697,40.17495012501627,40.430841527086436,24864200
2007-04-25,40.90168380737305,41.04498237843959,40.30801774086973,40.348957400750734,28126000
2007-04-26,41.22410202026367,41.38275342308597,40.722553207900845,40.95797280404095,25949800
2007-04-27,41.12687301635742,41.32646802945729,40.88121551314568,41.065457664406104,16462700
2007-04-30,40.62532424926758,41.39299858137115,40.62532424926758,41.09616747378222,21750000
2007-05-01,40.76860046386719,40.937485740598284,40.45641279097147,40.68671338034455,24303200
2007-05-02,40.850486755371094,41.03984772200212,40.620186148450436,40.85560567462906,17602400
2007-05-03,41.29063034057617,41.41345710108624,40.84026294897773,40.855615805967446,17854800
2007-05-04,41.22410202026367,41.8433586784003,41.05521277588301,41.45440269562459,19889200
2007-05-07,41.367401123046875,41.52093360715987,41.055213329380116,41.19851187638927,20896300
2007-05-08,41.64887619018555,41.66423295158489,41.0756820448958,41.23433343802532,17957200
2007-05-09,41.66933822631836,41.68469107953637,41.14732169394936,41.55163041525274,19709500
2007-05-10,40.805843353271484,41.66420944731529,40.76472303319225,41.66420944731529,20753700
2007-05-11,41.75157928466797,41.75157928466797,40.929188801765406,40.96003099381575,18837800
2007-05-14,41.761871337890625,41.95204988678201,41.494597086766014,41.74131117681184,17667200
2007-05-15,41.70018005371094,42.03427572216846,41.607661313544995,41.63850350789947,17169600
2007-05-16,41.864662170410156,41.88522232851702,41.27871138943673,41.55112662181658,16386200
2007-05-17,42.0445671081543,42.37352183044478,41.638512765009885,41.761869805506414,18843500
2007-05-18,42.79499435424805,42.830973653646815,42.18848336334772,42.21932164241823,25009900
2007-05-21,42.96461486816406,43.33983097603823,42.8155605506751,42.87723711751189,25096700
2007-05-22,42.54314422607422,43.24731514309502,42.522587983365156,42.8669619097719,19085700
2007-05-23,42.65620803833008,42.980025607171655,42.50201274400219,42.72302952850955,19886100
2007-05-24,42.29127502441406,43.093101552934904,42.09081839228385,42.75386876065649,21976500
2007-05-25,42.923484802246094,43.01086252508737,42.48659226659089,42.48659226659089,17840700
2007-05-29,42.46604537963867,42.81041928064152,42.10111131599311,42.800137238595134,19247900
2007-05-30,43.17534255981445,43.22674099285775,42.12679805564507,42.239876961209774,26464100
2007-05-31,42.74874496459961,43.30385767174761,42.72304769867369,43.123961124463705,21049000
2007-06-01,43.288421630859375,43.29869974892769,42.90292749938739,42.94918491286846,20384500
2007-06-04,43.288421630859375,43.40150053685634,43.07254585838284,43.15478256727667,16477200
2007-06-05,43.308990478515625,43.48374597088588,42.99545487495735,43.14965020561642,21209100
2007-06-06,42.98003387451172,43.355246025520174,42.68705844534017,43.26272726254759,21351000
2007-06-07,42.126827239990234,43.416949586819534,42.02403030268865,42.86697773720733,29228600
2007-06-08,42.49686813354492,42.512287269529935,41.751581136979276,42.0291334276068,23397000
2007-06-11,42.692203521728516,43.09825795056778,42.322128400687646,42.496887839601584,16637900
2007-06-12,42.147377014160156,42.82070580671723,42.12167582544924,42.543149438732804,21789100
2007-06-13,42.841251373291016,42.918350991697736,42.27586070739088,42.31184000645409,27139900
2007-06-14,43.57113265991211,43.67393348956759,42.8926628699887,42.8926628699887,19593300
2007-06-15,44.17250442504883,44.43463770373148,43.709910519358154,43.725329662639425,30131400
2007-06-18,44.388362884521484,44.50144178621891,44.13136680664512,44.249582806456836,17747800
2007-06-19,44.12108612060547,44.424343540953195,44.054268550030095,44.30098651779518,19530400
2007-06-20,42.56884002685547,44.17249733537995,42.54313884454472,44.141655132317084,27906400
2007-06-21,43.32954788208008,43.524863523728676,42.72303687528223,42.84639391624716,32010000
2007-06-22,42.414642333984375,43.27814954391835,42.20390753280436,43.27814954391835,39187500
2007-06-25,42.33754348754883,43.05199240881403,42.203904403143554,42.35296262777834,25748900
2007-06-26,42.054847717285156,42.70761618006724,41.92120862799006,42.47632122526213,26925200
2007-06-27,42.90809631347656,42.928652562928804,41.556293507071196,41.79787061337717,25835300
2007-06-28,42.96974182128906,43.37579607964291,42.753866065136016,43.07767969936558,19956900
2007-06-29,43.11366653442383,43.68419821938707,42.69219306567572,43.252446631549745,24724800
2007-07-02,43.596824645996094,43.68934341243336,43.23703162176776,43.432347274713166,20106800
2007-07-03,43.87438201904297,44.02344025314256,43.504306944237086,43.68934448164003,9444400
2007-07-05,43.77157974243164,44.13651375143376,43.25244649742324,43.88979575811359,17969400
2007-07-06,44.43977737426758,44.6916325235894,43.87952760434449,44.013162789686476,22993900
2007-07-09,44.9434700012207,45.17476487518318,44.33181815385759,44.475735312896326,19190300
2007-07-10,44.4603271484375,45.21589634128216,44.367808391733064,44.691622079473866,25991300
2007-07-11,44.86640167236328,44.912659110815476,44.1519524767371,44.408948703119215,20305600
2007-07-12,46.063987731933594,46.12052719422381,44.86638482553133,45.07711961288145,24762000
2007-07-13,46.42891311645508,46.670490060973094,45.94575922741904,46.10509554339943,22920700
2007-07-16,46.105106353759766,46.372384537727314,45.60653713178362,45.914931718211626,22405500
2007-07-17,45.79157257080078,46.54714188659347,45.750456166702264,46.34668520135664,23492800
2007-07-18,46.850406646728516,46.97890474289538,45.61682413923649,45.65280344930519,30708500
2007-07-19,47.43635559082031,47.667650585292556,46.87610187671677,47.05086131906623,25243200
2007-07-20,47.25644302368164,47.84753090277355,46.9120652773904,47.29242231998679,30816400
2007-07-23,48.027435302734375,48.11995406114006,46.9274922424944,47.25130593618951,24376200
2007-07-24,46.691036224365234,47.74472150186847,46.69103622436523,47.55454303048768,31844800
2007-07-25,47.6933479309082,47.89380462236009,45.925213091998984,46.89665826486592,31459600
2007-07-26,45.34954833984375,46.7733054733186,44.47575896164768,46.47005185859006,45377700
2007-07-27,43.99258041381836,45.488299254656525,43.94118198991069,45.185045808587375,41077700
2007-07-30,44.208473205566406,44.45005018331287,43.31926491407722,44.20333218521341,35269100
2007-07-31,43.756160736083984,44.881805067462615,43.64822282945793,44.59910774907306,33887800
2007-08-01,44.12108612060547,44.871518141893446,42.9748857741371,43.684193559107,38860400
2007-08-02,43.78185272216797,44.22388629728523,42.92348674873405,44.0748280990295,37049400
2007-08-03,42.1884765625,44.14164437728586,41.90577931175982,43.49401709250655,36195200
2007-08-06,42.93889617919922,43.0725352097429,41.335239577019294,42.121646783370174,40557100
2007-08-07,44.04914093017578,44.4500582399353,42.41464517068016,42.7384628469686,35922700
2007-08-08,45.1799201965332,45.1799201965332,43.86923837196674,44.05427589829259,36568900
2007-08-09,43.14152526855469,44.78771633846577,43.14152526855468,44.22006546725964,35967000
2007-08-10,43.61112976074219,43.94139950069274,42.36745469536129,42.57903583911523,32828700
2007-08-13,42.79060745239258,43.98783608749973,42.57903027342069,43.98783608749973,25349700
2007-08-14,42.89897537231445,43.29633367151157,42.31068224881178,43.00734474378861,30064000
2007-08-15,42.155879974365234,43.554366848173466,41.985583522345415,42.97123122831033,27623700
2007-08-16,41.62949752807617,42.27971764715595,40.643850113581166,41.72238611651614,49379500
2007-08-17,43.42019271850586,43.750462471772344,42.30553328551298,42.46550658993474,36057200
2007-08-20,43.62144088745117,43.853664339077085,42.7286820154036,43.2705288616138,23577200
2007-08-21,42.909297943115234,43.69368745162982,42.57902826193802,43.605960428813255,23977300
2007-08-22,43.131195068359375,43.471783929423395,42.84736773653531,43.20860288041366,22531100
2007-08-23,43.21894836425781,43.63694529154185,42.85771693785522,43.37376408250308,24174100
2007-08-24,44.220069885253906,44.30263536018024,43.21377584577569,43.218937418310546,21041800
2007-08-27,43.9259147644043,44.16845350694994,43.719495211250624,43.92075319286594,16248800
2007-08-28,42.83189010620117,43.79173759704509,42.83189010620117,43.79173759704509,25859800
2007-08-29,43.98269271850586,44.17362761121558,42.945437024039514,43.084767998101384,23581500
2007-08-30,44.07041931152344,44.50905852111784,43.533729901538244,43.82787656558405,22213100
2007-08-31,44.240726470947266,44.89094308297445,44.07559153084278,44.658723426840105,21915800
2007-09-04,45.01477813720703,45.288282396577706,44.02396497994089,44.02396497994089,20344500
2007-09-05,45.00962448120117,45.09735153508367,44.52453899270125,44.8496511550476,21354800
2007-09-06,45.14894485473633,45.53598005267722,44.906402167419934,45.24183345972717,20760100
2007-09-07,44.251033782958984,44.96833885525783,43.972367908255436,44.75160004286389,23828800
2007-09-10,43.7917594909668,44.50390310851589,43.28603157441595,44.20975640375353,27633200
2007-09-11,44.86513900756836,45.014793148609186,43.64210588486534,43.9620565247244,26432300
2007-09-12,45.23151779174805,45.60307224077676,44.756755523378445,44.777393937545874,25131900
2007-09-13,45.73209762573242,46.00560197198746,45.26249285225519,45.334739134770594,22010100
2007-09-14,45.75788879394531,46.27909739195639,45.345053535931456,45.46374214697398,23683000
2007-09-17,46.06234359741211,46.31004388419286,45.566939086725554,45.67014688336335,18988600
2007-09-18,47.352481842041016,47.44020890198824,46.01076020223144,46.248141389979324,26408800
2007-09-19,47.53822708129883,48.04395068144476,47.409215396366314,47.63111565193521,27113700
2007-09-20,47.522769927978516,47.80143580147193,47.39375816823859,47.69306639574557,18608600
2007-09-21,47.63630294799805,48.19879629187618,47.52277196462118,47.92529197944643,34337700
2007-09-24,47.336997985839844,47.74467169374306,47.11509759518126,47.51761366727669,22410700
2007-09-25,47.4556884765625,47.4556884765625,46.552606096606205,46.79514885144903,25864400
2007-09-26,47.667259216308594,47.86335564417007,47.22345851477263,47.6982207740957,23346500
2007-09-27,47.97688293457031,48.14717936362079,47.31118193320298,47.940759807540715,17988000
2007-09-28,47.765296936035156,48.33295164165044,47.5485581959594,48.059443493888,20012500
2007-10-01,48.48261260986328,48.50325496169455,47.584691959396395,47.70854213325796,19306300
2007-10-02,47.60015106201172,48.198767181132226,47.11506979482275,48.15748249627062,21537300
2007-10-03,47.13058090209961,47.31119659321379,46.81579186738912,47.28539266428601,18114700
2007-10-04,46.91897964477539,47.29569558554059,46.614513886686126,47.13571838142792,28859600
2007-10-05,47.146053314208984,47.29570741374138,46.77449885152525,47.06348390600101,18990700
2007-10-08,46.79515075683594,46.867397035204,46.52680799962984,46.75386604430365,12833200
2007-10-09,47.82206726074219,47.87883273706566,46.95510827531397,46.95510827531397,17634700
2007-10-10,48.0594596862793,48.34328713471525,47.244108350741115,47.31635462177454,18336500
2007-10-11,47.8169059753418,49.0605769136411,47.40922846611187,48.301987367170554,20884500
2007-10-12,48.2401008605957,48.42587425690341,47.89434619512263,48.04400037689761,15147900
2007-10-15,48.93157196044922,49.10186839996939,48.58582144660582,48.58582144660582,25545500
2007-10-16,48.890296936035156,49.13800125501268,48.74580439043435,48.89029693603516,21923000
2007-10-17,48.921268463134766,49.16380730191315,48.16267856815459,49.06576102653536,26558300
2007-10-18,49.0502815246582,49.14832780259809,48.58583831792897,48.83353873676645,20493000
2007-10-19,47.54857635498047,48.895459512457336,47.47633008069736,48.869655584301945,34449100
2007-10-22,46.9138298034668,47.31118421999856,46.273928754976254,47.04799917484722,25169700
2007-10-23,47.140892028808594,47.68274294637437,46.44422937559982,47.20281908534146,24110300
2007-10-24,47.543418884277344,47.65178830505281,46.70226351132853,46.893202359624546,24302700
2007-10-25,47.25442886352539,47.72919121117075,46.764185734106505,47.72919121117075,27409200
2007-10-26,47.58468246459961,47.94591764387876,47.218289651236304,47.85818668181974,20979700
2007-10-29,48.307159423828125,48.6477483925662,47.625977549225865,47.662100681321206,18246600
2007-10-30,47.03252410888672,48.09042205271797,46.836427662733776,47.95624872791531,20510200
2007-10-31,47.47115707397461,47.56920725279722,46.70224823308477,47.197652824759636,32109500
2007-11-01,45.670162200927734,46.93447585084863,45.41213868566826,46.356505696428286,35590400
2007-11-02,45.376014709472656,46.031392693741466,44.813521409333276,45.768211547788766,29025500
2007-11-05,45.236690521240234,45.55147562900779,44.64323557084277,44.90641675621206,24825900
2007-11-06,46.64031982421875,46.702246872796515,45.28827939583851,45.28827939583851,25452000
2007-11-07,45.17424774169922,46.676603154155465,45.15352908712357,46.510826250518214,27387900
2007-11-08,46.32432556152344,46.64552003333991,45.38665034471742,45.59387245710118,32706700
2007-11-09,44.992923736572266,46.10155736957634,44.82196521638303,46.07565707867145,27603900
2007-11-12,43.79622268676758,44.759802058027304,43.381778501465426,44.676911639993804,28922900
2007-11-13,45.00847244262695,45.070640265869656,43.19010807765246,43.69779813395134,25649200
2007-11-14,44.71316146850586,45.92022613124249,44.41787136176739,45.30892331962564,21304500
2007-11-15,43.770328521728516,44.89968503667204,43.43877467811515,44.39717263082359,23708600
2007-11-16,44.08631896972656,44.68726247584609,43.77548789351337,44.117404844049986,30347600
2007-11-19,43.57345199584961,44.25728201510514,43.51646583154232,43.842837902403375,20809800
2007-11-20,45.49543762207031,45.96168635154742,44.018986605753426,44.024168245090046,31842200
2007-11-21,45.09135437011719,45.90987943583569,44.93075913090082,45.56796240113079,22849000
2007-11-23,45.73891067504883,45.81143779602845,45.02399878863614,45.096525909615764,8870500
2007-11-26,44.386802673339844,45.992766959852055,44.27801196499636,45.65085386969149,22968000
2007-11-27,44.74944305419922,44.85305608663862,43.51647761141827,44.153684915513146,27941700
2007-11-28,45.547218322753906,45.72853608032245,44.55773915863371,45.00844273424258,29636000
2007-11-29,45.89434814453125,46.34505601888361,45.3296718438729,45.3296718438729,22440500
2007-11-30,46.18962097167969,46.350216184168175,45.490246053895326,45.85806331785948,28193100
2007-12-03,46.02901840209961,46.19997687835402,45.661201165342035,46.09118619867347,22244900
2007-12-04,45.65085220336914,46.01866952360913,45.438448481190164,45.681934132494845,16816600
2007-12-05,46.583351135253906,46.9097272392418,45.98241137093217,45.98241137093217,23952600
2007-12-06,47.37077713012695,47.489927130774824,46.37093448055853,46.56779323735108,21127000
2007-12-07,47.401851654052734,47.66087816582351,47.0236712077978,47.27233839816734,17055500
2007-12-10,47.67643737792969,47.95100495314095,47.44331500905322,47.53138310819034,15579000
2007-12-11,46.76984405517578,48.153045203576916,46.62478978600849,47.84739570103619,20021100
2007-12-12,47.619441986083984,48.2255631897367,47.075488579895016,47.54173322736223,25707500
2007-12-13,48.03388214111328,48.10122761854144,47.07030309750045,47.29306607967828,19434400
2007-12-14,47.236083984375,48.12195435174732,47.236083984375,47.74377778474952,20505100
2007-12-17,46.56779861450195,47.09103341703342,46.31395367072077,46.961520125981316,22704100
2007-12-18,47.36043167114258,47.422599489931464,46.127466241743804,46.997795942623235,24583700
2007-12-19,47.36559295654297,47.66088305213831,46.85272151733659,47.173911895305835,19570400
2007-12-20,47.728248596191406,47.77487544795841,47.1065862238065,47.41223577037307,15109400
2007-12-21,48.40170669555664,48.671092598566,47.82666737415412,48.04424875186536,34457400
2007-12-24,48.520870208740234,48.697006419899836,48.34991168442695,48.44316142928577,6336100
2007-12-26,49.116615295410156,49.21504665349528,48.51049409047176,48.531216689670295,15294100
2007-12-27,48.526058197021484,49.2047107990645,48.52605819702148,49.11663872235547,14365600
2007-12-28,49.215057373046875,49.26686190611095,48.448336845428045,48.72290838028941,17368200
2007-12-31,48.5363883972168,49.194313989326616,48.44313869611776,49.01299622397594,13990900
2008-01-02,48.443138122558594,48.981913727815034,48.064957685792635,48.77469173311166,23351900
2008-01-03,48.608943939208984,49.08037040490152,48.44316703499149,48.624484906411695,19160600
2008-01-04,47.70234680175781,48.883507643578334,47.59873377466567,48.303286549160866,24730900
2008-01-07,47.25680923461914,48.25665197770111,46.75429704397348,47.91991663786756,28937500
2008-01-08,46.650691986083984,47.68679838042293,46.459010880255676,47.588367008182416,21764500
2008-01-09,47.43293762207031,47.52100964744235,46.365749567201,46.68176225474737,26198800
2008-01-10,47.484745025634766,47.743771553719355,46.66103861106155,47.01331484735385,27285300
2008-01-11,46.780216217041016,47.58837812869946,46.62479864059909,47.14803359869154,22727200
2008-01-14,47.05476379394531,47.27234514630916,46.666223970824966,47.059941479169595,20425900
2008-01-15,46.11708068847656,46.56778826403615,45.8425132048624,46.56778826403615,26486000
2008-01-16,44.82716369628906,46.288074244384624,44.50597309186121,45.82182535617666,35965400
2008-01-17,43.46983337402344,45.542045576471615,43.25224808891874,45.31410096942436,34096500
2008-01-18,44.075965881347656,44.796059491534635,42.89480525319728,43.51646749356102,43830600
2008-01-22,42.71348190307617,43.506106566122014,41.185226646232785,41.444253228913496,49613500
2008-01-23,43.231536865234375,43.25225946700195,40.17502622451236,41.44943658997688,47420700
2008-01-24,44.55256652832031,44.5888300871647,43.01394819140672,43.66669620303735,31180900
2008-01-25,43.485389709472656,45.06544970108579,43.30924955471769,44.91521378899354,28236100
2008-01-28,44.10186004638672,44.210650725725195,42.76010438211386,43.25743489584617,23688800
2008-01-29,44.075965881347656,44.739073325050875,43.749589845589384,44.14849301097569,22488400
2008-01-30,44.1795768737793,45.31411466222683,43.69778723302796,43.79621860716573,24131900
2008-01-31,44.39715576171875,44.75979535768073,43.05021828976645,43.63043927184637,32970800
2008-02-01,44.52666473388672,45.51614810471748,43.95680708404327,45.43325770713866,28440200
2008-02-04,44.262454986572266,44.702799299825784,43.95680162400632,44.57328603401997,18836700
2008-02-05,42.53733444213867,43.63042664733257,42.53215280517839,43.57344049806229,30599700
2008-02-06,42.19023895263672,43.034663947138945,42.00891723481347,42.837805223631605,29215900
2008-02-07,42.606475830078125,42.929056514334036,41.810434109525836,42.12781079111075,26611800
2008-02-08,42.51284408569336,42.871845022407676,42.12262705691445,42.663728479827014,24176500
2008-02-11,43.29847717285156,43.34010127048311,42.16424631409281,42.585679386508,22697000
2008-02-12,43.902000427246094,44.2662052419747,43.340091118807635,43.49617549412718,25150600
2008-02-13,44.47952651977539,44.5887867850735,43.96444127780091,44.07370154309901,21546600
2008-02-14,44.5107307434082,45.10905998779187,44.391062512837166,44.56275885559498,21826800
2008-02-15,44.41706466674805,44.53672889041574,43.90717979995516,44.32341250629586,23966100
2008-02-19,45.27035140991211,45.76982842221269,45.01540691705262,45.01540691705262,22600400
2008-02-20,45.83747482299805,46.097619406521865,44.83331657181647,44.90615673764383,24723800
2008-02-21,45.223548889160156,45.78546233412079,44.83853588553573,45.63457794781695,30107300
2008-02-22,45.35360336303711,45.676184058725276,44.76047406123291,45.50448768991588,23487200
2008-02-25,46.373374938964844,46.49824720492333,45.30158045784971,45.35360858391996,23876300
2008-02-26,46.768798828125,46.826030961303715,45.99356898255668,46.17566942017449,21329600
2008-02-27,46.50865173339844,46.91447667831946,46.3681753945764,46.513855736907885,20323100
2008-02-28,46.50343704223633,46.826017704327235,46.227684461984914,46.36816473801269,24999200
2008-02-29,45.27035140991211,46.45660981031228,44.87493061994858,46.18605728105128,26540200
2008-03-03,45.65536880493164,45.99876151839271,45.04663150687702,45.176703782674544,23192300
2008-03-04,45.10386657714844,45.78024007385942,44.48472123360151,45.509691469073246,30372200
2008-03-05,45.364013671875,45.587738172123906,44.77088433995768,45.16110121461336,30835400
2008-03-06,43.969635009765625,45.301573897849046,43.933214929841185,45.22873373800017,28977000
2008-03-07,42.91865158081055,43.7355054010206,42.64810296491877,43.65746520282479,30749200
2008-03-10,42.903053283691406,43.444154607840694,42.66372069272978,43.053937650285235,32432800
2008-03-11,45.09867858886719,45.09867858886718,43.47017444005599,43.68349099793576,34835400
2008-03-12,44.729248046875,45.384813328843066,44.57836375351385,45.06223270481333,26617900
2008-03-13,45.29116439819336,45.52529288810742,44.17254212190176,44.396266577160084,29347400
2008-03-14,44.69803237915039,45.71259439773189,44.11530723775291,45.650158285246,35741200
2008-03-17,44.6356201171875,45.13509737549364,43.46496917661273,43.64186563560991,39028700
2008-03-18,46.029964447021484,46.029964447021484,44.80728619765083,45.06222667393908,33333800
2008-03-19,43.928009033203125,46.04558551920501,43.886384952372374,45.68658476864872,35073600
2008-03-20,44.22457504272461,44.43789548652164,43.053924526887776,43.79793812462149,44962400
2008-03-24,44.71887969970703,45.23916918530917,44.24541833194583,44.313054536056356,22339200
2008-03-25,44.328636169433594,44.94257755536738,43.875987127175804,44.88014539477535,27080200
2008-03-26,44.880130767822266,45.265143520794794,44.17774140363899,44.34423372677495,23024000
2008-03-27,44.84893798828125,45.52531569497503,44.78130180540888,45.1715187970801,21760300
2008-03-28,44.33905029296875,45.306788610570365,44.224586023436444,44.770891320934496,21672600
2008-03-31,44.00605773925781,44.94257583776931,44.00605773925781,44.58357901961096,36842400
2008-04-01,45.27554702758789,45.28595503050097,43.83955224580584,44.12050878210842,23961500
2008-04-02,46.05598449707031,46.368161099528734,45.10385856194139,45.18710274497068,23236000
2008-04-03,45.90510940551758,46.503438699694634,45.73341304847108,45.78544116498767,20083800
2008-04-04,46.170475006103516,46.565896016697664,45.946750430707276,46.035202635486364,18607900
2008-04-07,46.26411056518555,46.80000775804041,46.14444628282501,46.472227020432705,19585500
2008-04-08,46.62312316894531,46.69075934701081,45.90512538431546,46.16527002694121,15832200
2008-04-09,46.66994857788086,46.90408114435391,46.362979796528705,46.68035658678669,21920900
2008-04-10,46.5919075012207,46.82083208953611,46.12885035074048,46.581499492506396,21774600
2008-04-11,46.10802459716797,46.69594989101296,46.040384469107806,46.25370491992665,17923000
2008-04-14,46.66994857788086,46.815632916116066,46.06121105013713,46.17047132669429,19611700
2008-04-15,47.242244720458984,47.289068827019314,46.64391155208338,46.857227986675255,19495700
2008-04-16,48.329647064208984,48.38687917434,47.22143287342607,47.29427301914005,26870600
2008-04-17,48.58462142944336,48.79794198303269,47.970679795262235,48.1163641576977,22887400
2008-04-18,48.907169342041016,49.14129782024402,48.35046023277825,48.57418467684592,25910800
2008-04-21,49.0424690246582,49.15172929796662,48.58461191423181,48.907192699351114,17254200
2008-04-22,49.11008071899414,49.39103726864305,48.80831213202047,48.9591964255073,20719000
2008-04-23,49.021636962890625,49.15691323296846,48.53256396533347,49.04764903477712,23944800
2008-04-24,48.17875289916992,48.730261850200826,47.93942047379363,48.60018962100788,23534400
2008-04-25,48.10595703125,48.595030333254314,47.71573998462776,48.49617407787223,23369600
2008-04-28,48.10072326660156,48.756288610796,48.033087116050076,48.16315938445029,17319300
2008-04-29,47.75735092163086,48.71988524401735,47.75735092163086,48.085131721402654,29445700
2008-04-30,48.42332458496094,49.17254244089727,47.95506342500073,47.996687521328816,29782600
2008-05-01,46.66994857788086,47.04976151309678,45.941546734166494,46.87806509158168,43675400
2008-05-02,46.62312316894531,47.10699236300889,46.36297852631957,46.85205172469348,27505600
2008-05-05,46.571083068847656,47.112184262823575,46.441010780954144,46.669935308392695,21273900
2008-05-06,46.86244201660156,47.028934380261376,46.305732803474264,46.45141312549022,28060600
2008-05-07,46.21208572387695,46.9196793402475,46.13404155143329,46.86244721175491,27580800
2008-05-08,46.78961181640625,46.80001585469751,46.05600207787707,46.30574266127838,24332000
2008-05-09,46.41855239868164,46.82096322558767,45.974331515486924,46.70599155163339,24054700
2008-05-12,46.611907958984375,46.7582391280836,45.78095026699188,46.21472050912553,23053200
2008-05-13,46.86800765991211,47.009111637302,46.2670009678917,46.44469174051541,21165000
2008-05-14,46.98819351196289,47.55261320357048,46.82095332218217,46.95683398276621,24178900
2008-05-15,47.71463394165039,47.71463394165039,47.01432948773789,47.207697998367166,28392900
2008-05-16,48.43061065673828,48.57694185488686,47.87664141025403,48.00206758192052,29839000
2008-05-19,49.3138427734375,49.43404172503839,48.48811194072885,48.556054292459734,25203000
2008-05-20,49.41835403442383,49.58559027192407,49.089108813252665,49.37132071163927,26901800
2008-05-21,48.953216552734375,50.233622306857725,48.843468171619605,49.45492514664142,43221500
2008-05-22,48.347007751464844,49.277259754416214,48.29474716458962,49.000275055473075,32042100
2008-05-23,47.40105438232422,48.58216229597455,47.38015334599904,48.41492609479424,25348600
2008-05-27,46.93071365356445,47.10840040450597,46.52829885629482,47.05613982994824,25885900
2008-05-28,47.25996780395508,47.3383606742377,46.449914789746316,46.58056824447502,22323600
2008-05-29,46.69553756713867,47.31222194901396,46.64327698980548,46.967298948833665,24692600
2008-05-30,46.38719940185547,46.96207375215659,46.209508646466894,46.81574253432285,27125400
2008-06-02,45.89069747924805,46.36105050172035,45.68687850071424,46.03702864463382,25959100
2008-06-03,44.793209075927734,46.125875288291915,44.74094851582476,45.822758457579454,31487200
2008-06-04,44.81413269042969,45.32629596127153,44.42217234619852,44.57895807878171,34110600
2008-06-05,46.67461395263672,46.67461395263672,45.00747947238016,45.075417797137206,30266800
2008-06-06,45.35765838623047,47.296555371040064,45.29494328624821,46.92550000074008,34325700
2008-06-09,46.54920959472656,46.58056514586299,45.55101934035851,45.78619394833518,24232600
2008-06-10,45.932525634765625,46.507400005702536,45.37332903955557,46.3924243340698,27280200
2008-06-11,46.308799743652344,46.72166504037353,45.8698021673411,46.40809762142325,24085000
2008-06-12,45.49876403808594,46.214746503584095,45.37333782077017,45.979571847713586,32263700
2008-06-13,46.17815017700195,46.19905520497479,45.11201767374565,45.221766080183244,21050700
2008-06-16,45.98478698730469,46.36106955996589,45.88026582255518,46.24609388640532,18504100
2008-06-17,46.31402587890625,46.5073903891906,45.71824660111615,45.92206561787455,22026600
2008-06-18,45.901161193847656,46.3349315120097,45.57191201844045,46.03181461590422,23499500
2008-06-19,44.83502197265625,46.09451869637324,44.6834635476533,46.010902592331334,26604200
2008-06-20,44.37513732910156,45.16950850878324,44.3019677327158,45.10157015377169,36185700
2008-06-23,45.83323287963867,45.833232879638665,44.46921041723378,44.47443767213797,23600700
2008-06-24,45.42558670043945,45.99001051367805,45.122469765119476,45.7443814104783,21586600
2008-06-25,45.780967712402344,46.25132092604478,44.918654151929026,45.59805368132663,27120500
2008-06-26,45.159061431884766,46.261772907519926,45.13815640092684,45.82800647363057,26339700
2008-06-27,45.232215881347656,45.74960231135527,45.01794235734115,45.38377034073522,28283300
2008-06-30,46.057945251464844,46.09452805201302,45.36809530739479,45.36809530739479,26883800
2008-07-01,46.17293167114258,46.17293167114258,45.33675032993786,45.92207926239474,26024700
2008-07-02,45.68166732788086,46.84186644079026,45.592819964899476,46.251314370667934,34278700
2008-07-03,46.13112258911133,46.789617153737055,45.41514416947893,45.974340827113835,23120900
2008-07-07,45.441253662109375,46.44989813035066,45.14336405165602,45.916833980622506,29642900
2008-07-08,44.913429260253906,45.35765017314939,44.34900542429823,45.007499899579855,35905100
2008-07-09,44.061546325683594,45.57189913882055,43.962252464296924,45.02315731360507,29082300
2008-07-10,44.97612762451172,44.97612762451172,43.77411867044948,44.056330508505546,30952700
2008-07-11,44.67302703857422,45.279256941464205,44.06156589430785,45.09111566434019,29428400
2008-07-14,44.64164352416992,45.19038928559168,44.15038955306352,44.94476030642622,21552600
2008-07-15,42.95363998413086,44.77233421927936,42.786403686792745,44.761883695107905,34406000
2008-07-16,42.232391357421875,42.849075384097254,41.50073572172582,42.79681483686527,40408300
2008-07-17,41.9815559387207,42.744571397928304,41.33873938753323,42.488491822940155,39193400
2008-07-18,42.613929748535156,42.613929748535156,41.77252121120026,42.138349276464616,36138800
2008-07-21,43.36648941040039,43.36648941040038,42.38920029222282,42.7707060852726,24802500
2008-07-22,43.30376434326172,43.49713281570107,42.62959230322906,43.146978664286515,27909100
2008-07-23,42.32648849487305,43.37694329840241,42.12266944172616,43.36649277728855,31083500
2008-07-24,42.2271728515625,42.828175193282476,41.667976560003964,42.43621506404356,36789400
2008-07-25,42.697532653808594,43.06859184575658,42.20627854512475,42.3369319546985,27553800
2008-07-28,42.16447067260742,42.974523448649634,42.14879290060578,42.786382210178225,24017500
2008-07-29,42.279449462890625,42.436231181798874,41.67844290567702,42.24286666308942,25869900
2008-07-30,44.09815979003906,44.296755625411436,42.08609705681444,42.279465636722364,36410700
2008-07-31,42.03382110595703,43.14176361317883,41.908394931230895,42.76025384821965,40872900
2008-08-01,41.662757873535156,42.383963224198965,41.52164996515446,42.09652812933442,28766900
2008-08-04,40.03220748901367,41.877033159819916,39.79180567228796,41.61572631721901,37887200
2008-08-05,40.94676208496094,40.94676208496094,39.828369646206276,39.97992802174908,40087100
2008-08-06,40.93634033203125,41.10357659026247,40.36668921081349,41.0251837220107,30790600
2008-08-07,40.47120666503906,41.343970597049015,40.40326433144022,41.11924654399948,25346700
2008-08-08,41.1401481628418,41.20808650358678,39.88064732195391,40.18899145628291,29318400
2008-08-11,41.05611038208008,41.47108031602206,40.467792134416065,41.245208525253666,24566800
2008-08-12,40.38374328613281,41.313496156945284,40.189391200240166,41.27147256793444,25995900
2008-08-13,41.06135559082031,41.30298519836055,40.34172071833452,40.34697066087972,30654900
2008-08-14,40.68315124511719,41.05085160956394,40.39950205987874,40.761944466612185,25848500
2008-08-15,40.483543395996094,40.59385229807254,40.02129599573438,40.49404728817929,26280600
2008-08-18,40.19990158081055,40.99833387050073,40.079088752396146,40.68841486102118,22944600
2008-08-19,40.9457893371582,41.11387965922617,40.11584562621663,40.121095568326375,22132200
2008-08-20,41.39754104614258,41.8440346846381,40.64638639364436,41.255716436830134,25970200
2008-08-21,42.20646667480469,42.521635512189064,41.497335788792526,41.64441431239929,24638500
2008-08-22,42.180206298828125,42.39031619211304,41.57613033666068,42.02261987127511,19662300
2008-08-25,41.345008850097656,42.31678123194098,41.30823921427407,42.16444873850331,20634900
2008-08-26,41.99635696411133,42.02262270633863,41.402788861116555,41.402788861116555,18751700
2008-08-27,42.26949691772461,42.694974596200574,42.02261342265233,42.37455184824575,20392000
2008-08-28,42.64247131347656,42.64772526525875,41.96485580685003,42.57943591486328,20287500
2008-08-29,42.02788162231445,42.81055194057521,42.02788162231445,42.81055194057521,22060400
2008-09-02,40.61485290527344,41.43954647638423,40.593841119103864,40.99305704114894,31688100
2008-09-03,40.982566833496094,41.28723185307426,40.452034032178084,40.452034032178084,27014700
2008-09-04,39.99502944946289,41.150649930668685,39.763903750185946,40.80396538934273,32200600
2008-09-05,39.72189712524414,40.12636322325747,39.23338383369566,39.921503198503984,27869100
2008-09-08,40.32595443725586,40.73567834337899,39.92148848827968,40.32070449528748,31222900
2008-09-09,38.48221206665039,40.441514310840084,38.48221206665039,39.95825518436,38473100
2008-09-10,39.527549743652344,39.816457025878485,38.629316203810575,38.80791051821099,31399200
2008-09-11,39.69036102294922,39.79016602213292,38.671315271767405,39.16507830318509,35639900
2008-09-12,40.70942687988281,40.814481862343,39.66411497631831,39.66936492012783,28646300
2008-09-15,38.476959228515625,40.9195246773044,38.476959228515625,39.36468830747918,40186900
2008-09-16,40.14735794067383,40.315448248638205,37.56296795287566,37.81510141102769,42584700
2008-09-17,39.54329299926758,41.560381262537675,39.301663364946975,39.71138335390757,43487000
2008-09-18,40.84072494506836,40.84072494506836,39.159822113065566,40.073812777492805,48231100
2008-09-19,41.81776428222656,43.07318986123338,41.08762150640552,42.280011706297735,58834600
2008-09-22,41.434303283691406,42.968132011522755,41.25045511646883,42.12767637692331,31995600
2008-09-23,40.80922317504883,42.285266602599,40.751441744798335,41.27147060946291,27868200
2008-09-24,40.987823486328125,41.75998998000303,40.45728664244428,40.94579989308001,27539300
2008-09-25,42.374568939208984,42.70549971824368,41.23470605219917,41.255717848295845,36144700
2008-09-26,42.36406326293945,42.56366930607606,41.29248575262628,41.51310359097571,28933600
2008-09-29,38.90245819091797,42.02264053291621,38.90245819091797,41.455333923899936,58785700
2008-09-30,40.793460845947266,41.29247786222891,39.48550389511414,39.72188354039707,42032700
2008-10-01,41.27672576904297,41.61816041027455,39.35944263682559,40.54658295549341,34337100
2008-10-02,40.70942687988281,41.71271919501765,40.15262825918053,40.85125150696314,44100200
2008-10-03,40.9405517578125,42.94187838545806,40.73569174116802,40.89327421142268,44177200
2008-10-06,40.61485290527344,40.709403939242314,38.72909018192389,39.73763187253293,65937700
2008-10-07,39.9582633972168,41.95958963094623,39.37519915457928,40.97205938591548,62791100
2008-10-08,40.44677734375,41.702202969267,38.87092887581169,39.3174184735429,74941800
2008-10-09,35.719234466552734,41.208438748450135,35.44083519207197,40.76194911913626,68771800
2008-10-10,32.75664138793945,34.70018648068791,29.683735274759613,33.544565724068356,112867200
2008-10-13,38.387672424316406,38.73435702845444,33.55506970479779,34.09085846320263,64864300
2008-10-14,38.06198501586914,39.74289210700408,36.092174836281444,39.42246933051736,64126300
2008-10-15,32.751380920410156,37.16901107631323,32.21559424178701,37.16901107631323,61247200
2008-10-16,36.480892181396484,36.60170899974576,31.08098514652787,33.25565781988922,78110100
2008-10-17,35.74024963378906,38.05149523649271,34.45855805252083,35.220220675647674,58398500
2008-10-20,39.390960693359375,39.39621464410385,36.63322566827211,36.96415643614031,44874600
2008-10-21,37.55771255493164,39.04426353815796,36.35481470687701,38.05672951031824,43789700
2008-10-22,33.91751480102539,36.43362023260629,33.56557623947567,36.107943410037585,52089300
2008-10-23,36.974647521972656,36.974647521972656,33.82295144219601,34.605621513215674,64686000
2008-10-24,36.26551818847656,37.2845679117028,33.61809289229746,33.62334684143679,54629400
2008-10-27,34.7159538269043,37.28459155262628,34.14339724293591,35.49862843378518,48774800
2008-10-28,39.32267379760742,39.63258875015216,35.22546603479847,36.176230702163416,69047100
2008-10-29,39.21235656738281,40.96679896065881,38.37715494334634,39.32791940911269,62703600
2008-10-30,39.4224853515625,39.79018179814606,37.526213660772974,39.39621960212481,56158400
2008-10-31,38.9339714050293,40.63588694072693,38.47697382269605,39.06529213479959,52835800
2008-11-03,39.02326583862305,39.49076728364193,38.083008997632724,38.58202613318625,35456000
2008-11-04,40.704158782958984,40.951042314293154,39.432975502035504,39.464491184303085,48208700
2008-11-05,38.708099365234375,40.62537880269886,38.26160568052999,40.05282234786145,45390700
2008-11-06,36.748783111572266,38.80789066436674,36.45462603477009,38.40867863373224,52864400
2008-11-07,39.06802749633789,39.934444587519195,37.234818427617526,37.234818427617526,44691300
2008-11-10,39.10502243041992,40.06653461789886,38.46049556042904,39.67559116513553,37409700
2008-11-11,38.38124465942383,39.17898396031386,37.82124028769722,38.38124465942383,42007600
2008-11-12,36.41596984863281,38.15408929751408,36.2944582386793,37.69446368243368,50521000
2008-11-13,39.839351654052734,40.41520028550789,35.681603454698354,36.73820999811033,72704700
2008-11-14,38.92538833618164,41.07558266290513,37.98500908217677,38.988786184889115,53998400
2008-11-17,38.766910552978516,40.3940863496081,38.566156667927835,38.83030842592734,48660000
2008-11-18,40.32540512084961,40.67408331761275,38.58200204512699,38.83030532270449,57787000
2008-11-19,38.78803634643555,40.7480415619442,38.592566659546584,40.256719217365166,57444800
2008-11-20,36.194068908691406,39.84464349296227,36.08312567270885,37.95331625714087,76887100
2008-11-21,40.050682067871094,40.25672008481471,36.53218329106552,36.86501300367399,84550600
2008-11-24,41.630306243896484,42.38578020744737,39.78652462147865,40.584263821043436,74991100
2008-11-25,41.26578903198242,42.031827537879586,40.637106541764815,41.41371337541337,56603500
2008-11-26,42.734458923339844,42.80842107207722,40.457472707278754,40.88011298140167,46703000
2008-11-28,42.343528747558594,42.496737254978086,41.841637975535534,42.190320240139094,19591000
2008-12-01,39.25823211669922,41.19710904086076,39.258232116699226,41.149559629540725,55589900
2008-12-02,41.00162887573242,41.2076668877202,39.585775544518675,39.934453706869064,54657000
2008-12-03,41.698997497558594,41.96843342458505,40.00842782543107,40.23559850299534,57458800
2008-12-04,40.29368209838867,41.73595156519631,39.6333031179267,40.96462939969275,65355700
2008-12-05,40.46804428100586,41.197105636333795,38.39709568254166,39.97672190135963,65004800
2008-12-08,42.052940368652344,42.29595939427773,41.308034838244936,41.51935292617368,51585500
2008-12-09,41.313323974609375,42.06879799247435,40.948797372027705,41.74653259831017,47045500
2008-12-10,42.301246643066406,43.167663764839936,41.667284271741444,41.85218962749169,44060200
2008-12-11,42.27485656738281,43.27863431487037,41.952595047026904,42.438633440753684,50060100
2008-12-12,42.50200271606445,42.79257116959334,41.12313065592678,41.228793743862134,44313900
2008-12-15,42.23786926269531,43.056741417240964,41.66202029991867,42.96164661239461,43410800
2008-12-16,43.92314147949219,44.18729316220775,42.301250308844054,42.48087554902074,58471100
2008-12-17,42.824275970458984,43.97597764201467,42.82427597045898,43.6220153011464,51197300
2008-12-18,40.67936706542969,42.78201664307052,40.25672267846969,42.560126123066944,59693900
2008-12-19,39.63332748413086,41.382014840301736,39.63332748413086,40.57371111617996,68480300
2008-12-22,39.575233459472656,40.08240454519645,38.70881165356065,39.73372215652775,41021900
2008-12-23,39.67559051513672,40.34125402806614,39.36917352959064,39.88691271312145,32697800
2008-12-24,40.03483581542969,40.203892762508644,39.33219124168707,39.42200589375679,11295800
2008-12-26,40.77972412109375,40.890667306216436,40.172174652498036,40.172174652498036,17024000
2008-12-29,41.21824264526367,41.498246922332925,40.726920165281086,41.35560270166643,22839900
2008-12-30,41.51935958862305,41.84162496425146,40.98577609115649,41.21822683130541,25122300
2008-12-31,42.17447280883789,42.575980599495985,41.36088486886833,41.4295628784355,30026400
2009-01-02,43.13069152832031,43.37899478431777,41.68314126455237,42.29597114494361,35803700
2009-01-05,43.12540817260742,43.54276837210717,42.623521518997855,42.93521861256613,43340100
2009-01-06,42.422767639160156,43.70654515337911,42.06880127278853,43.394844029355646,41906100
2009-01-07,41.33972930908203,42.364638903800156,40.97519877680932,41.868032559038355,35268800
2009-01-08,41.78351593017578,42.037103347543805,41.15483759553414,41.16012175835969,30817100
2009-01-09,40.98050308227539,41.868053139711755,40.880124125638524,41.67257939011257,32862000
2009-01-12,40.43634796142578,40.954083103383965,40.15634776803107,40.43634796142578,38112100
2009-01-13,41.165401458740234,41.387287927462715,40.39407895034645,40.39407895034645,47116500
2009-01-14,39.67559051513672,40.84314072147366,39.26351444591611,40.70050055544948,48040500
2009-01-15,40.49973678588867,40.52086537295111,39.09973210087264,39.46425867190274,55562200
2009-01-16,41.260498046875,41.44540344559493,40.42577764049891,41.00691465166922,45528100
2009-01-20,40.304283142089844,41.54051166249876,40.151074610557366,40.72164348027072,42838600
2009-01-21,41.87333297729492,41.93672681229641,40.15106258519418,40.28313844896127,43317700
2009-01-22,41.32917022705078,41.69369677463768,40.46274907972793,41.04388595243858,40204700
2009-01-23,41.228797912597656,41.630309626080404,40.034831097328876,40.36238065709573,46022800
2009-01-26,41.524627685546875,42.35406348783207,41.13896863482717,41.56689290581659,42758400
2009-01-27,41.693702697753906,41.96313855604793,41.006910707054345,41.35030468708662,38508900
2009-01-28,41.868038177490234,42.052943533661406,40.75331784804258,41.93143602702084,45324700
2009-01-29,40.67936706542969,41.20767053381189,40.48917749436125,40.98578404444391,38945300
2009-01-30,40.404659271240234,41.67786879363569,40.151071781247076,41.339754827402416,51904600
2009-02-02,40.51559066772461,40.742761300100184,39.971438788708404,40.182756932712,36113100
2009-02-03,41.271053314208984,41.54576924386431,40.505011146703936,40.6001058974758,39567300
2009-02-04,41.02806091308594,41.67787210614064,40.705795383619645,41.49825081070657,29602000
2009-02-05,42.148048400878906,42.2220105610855,40.37823265770335,40.98049826546297,39597400
2009-02-06,42.657752990722656,42.737398601014476,41.786970167005194,41.84537667782293,36404400
2009-02-09,42.20114517211914,42.7427282696413,41.786988625842426,42.68432173302327,27763200
2009-02-10,40.4277229309082,42.2648635330826,40.188790016682795,42.094954692735435,43836100
2009-02-11,39.599430084228516,40.76224242418438,39.08439261335445,40.67729000321773,47897600
2009-02-12,39.93924331665039,39.95517164058148,38.60120739317962,39.06314904191667,42857500
2009-02-13,39.60472106933594,40.13037991554713,39.525079472285086,39.81710811367871,30384300
2009-02-17,37.847225189208984,38.71270166109177,37.78351191340125,38.61181690646843,41844300
2009-02-18,38.197689056396484,38.53750691645266,37.84193881616244,37.969373551894826,34329200
2009-02-19,38.314476013183594,38.73924602240256,38.10739572191773,38.16049551764756,31232400
2009-02-20,37.820674896240234,38.34632961460345,37.27908780985178,37.666694412892355,42809100
2009-02-23,36.79590606689453,38.65428507934486,36.66847144650342,38.36225247129619,40717900
2009-02-24,38.27730178833008,38.383497321221576,36.98174869461681,37.01891611839249,48886900
2009-02-25,38.256065368652344,39.02065292348238,37.433067234605616,37.91093698821516,55505600
2009-02-26,37.67200469970703,39.01535096352774,37.62953053380835,38.10739629499788,37212400
2009-02-27,36.05256271362305,37.28971345367037,36.05256271362305,37.05608730850895,64947400
2009-03-02,34.46498489379883,35.803016650626574,34.42781340657763,35.57470124181289,54827200
2009-03-03,34.17293930053711,35.1074396982973,34.024269611314054,34.95876595812903,48931900
2009-03-04,34.873809814453125,35.330440411078605,34.40125090298289,34.8100925041293,51515300
2009-03-05,33.03670120239258,34.28978113604751,32.98891418711,34.07739395135287,50244900
2009-03-06,33.99772262573242,34.29506202962311,32.84552838471044,33.4402092179646,47090200
2009-03-09,34.28444290161133,35.03310621697645,33.381801127332906,33.38711191671046,42726000
2009-03-10,35.7817497253418,35.82953870680572,34.693269286129144,34.8260106054993,51651700
2009-03-11,34.921600341796875,36.08441612269765,34.69859579642959,35.77645514998355,37467100
2009-03-12,35.65433883666992,35.8348651860209,34.89505790951121,35.04903841092894,40430500
2009-03-13,35.68087387084961,35.90918915879852,35.24017566001811,35.78175859488005,35225200
2009-03-16,35.558773040771484,36.22779094694491,35.346385953785834,35.59594047717297,33593400
2009-03-17,36.68440246582031,36.76404809670032,35.234868997773376,35.473801839468344,30824900
2009-03-18,36.72688674926758,37.16758913553012,35.500357604097715,36.37645158676722,41888000
2009-03-19,36.2808723449707,37.395899046603155,36.07379613113661,37.37997073029979,38598400
2009-03-20,35.09150314331055,36.87024056539496,34.868498636087125,36.445466603207244,67260000
2009-03-23,37.449012756347656,37.602993306083945,35.50036947514362,35.56939356256454,51747600
2009-03-24,36.83839416503906,37.533961899022806,36.71627433795963,36.95520725246899,32115200
2009-03-25,37.25254821777344,37.788820553886666,36.50919557202769,37.00830047840093,36739800
2009-03-26,37.820674896240234,37.95872301156288,37.072011585922475,37.52864224662437,37731700
2009-03-27,37.156978607177734,37.486174723222334,36.79061100608656,37.19414604127782,29513200
2009-03-30,36.440155029296875,36.55696806892813,35.882643773254024,36.392370086326615,32211000
2009-03-31,36.15874481201172,36.817140808019275,35.96759693398618,36.65785361029448,41127100
2009-04-01,36.75875473022461,36.89149614632965,35.309216683941074,35.59593862884155,39375500
2009-04-02,37.30033493041992,37.778204800215974,37.008302218059505,37.55520021129322,38162200
2009-04-03,37.401222229003906,37.58705939903104,36.84901745881865,37.04016541968841,26709000
2009-04-06,37.19413375854492,37.39589918403769,36.64192916930954,36.9870575439498,27193000
2009-04-07,36.48263931274414,36.76936117116704,36.12158260779812,36.652548112074896,28035500
2009-04-08,36.615386962890625,36.94989382956272,36.047253938002214,36.40831070481561,26022200
2009-04-09,37.08263397216797,37.3852882401206,36.76936622603197,37.14104050974347,26866100
2009-04-13,36.116268157958984,36.66847271255208,35.978220057519394,36.445468195585136,27909800
2009-04-14,35.94636535644531,36.06848921278558,35.22956268925316,35.70212169471035,32703100
2009-04-15,36.17999267578125,36.37114060009097,35.69681612612583,35.88795999948983,24545600
2009-04-16,35.792381286621094,36.4295381770072,35.47910957900421,36.4295381770072,27915600
2009-04-17,35.441951751708984,36.137515351207654,35.3516885771526,36.020702277807246,32604300
2009-04-20,34.6667366027832,35.266726135587646,34.60833007602979,35.05433913384298,31874800
2009-04-21,35.16585922241211,35.192405076186525,34.44374556422201,34.6667501804713,32234400
2009-04-22,34.38001251220703,34.95876290193583,34.27912778150593,34.85257143347298,31076500
2009-04-23,34.88974380493164,34.91629370128839,34.24727601236354,34.67735678691395,29213500
2009-04-24,35.34636688232422,35.57468216872847,34.99593182118314,35.15521901226743,32347600
2009-04-27,35.112762451171875,35.3888669007539,34.53932253847664,34.666753180081464,26586500
2009-04-28,35.61716842651367,35.962296828314074,34.703907074406324,34.703907074406324,27421000
2009-04-29,36.33929443359375,36.44017516369688,35.633109068137436,35.744611380954716,28974900
2009-04-30,35.399478912353516,36.498577645787115,35.16054599023829,36.445481890977774,35088500
2009-05-01,36.1109733581543,36.137519208886275,35.086209537946964,35.643721014673496,27385000
2009-05-04,36.21185302734375,36.58884217575233,35.93044190183981,36.37114433092332,27306100
2009-05-05,35.919822692871094,36.27556866316287,35.65965069006997,36.14813805682398,19910300
2009-05-06,36.41362762451172,36.42424515578788,35.80832706810328,36.12690566869509,30814800
2009-05-07,36.599464416503906,36.65787096527123,35.903900673297905,36.63663185199705,32541600
2009-05-08,37.592350006103516,37.820665278393584,36.84368688617181,36.848997674163016,35886400
2009-05-11,36.99946975708008,37.197100854173094,36.7697919159093,37.11164151159237,23715900
2009-05-12,37.82738494873047,38.0303544834162,37.14903628863609,37.266542392851626,28337300
2009-05-13,37.266544342041016,37.693853366500655,37.08494065547424,37.378716119180346,26011900
2009-05-14,37.26119613647461,37.43211888629295,35.039196313716495,37.133001017771015,21298100
2009-05-15,36.91402053833008,37.25586615264574,36.63626842974788,37.020845764633286,26714600
2009-05-18,37.65645980834961,37.795335836619785,37.12232562667089,37.25051668924007,25071900
2009-05-19,37.66714096069336,37.99296313979127,37.42678220731575,37.55497327077578,20851500
2009-05-20,37.18107986450195,38.13183803418241,37.04220383939977,37.923526034089285,28550700
2009-05-21,36.52943420410156,36.844575471764216,36.31577972900962,36.70569945168643,24029200
2009-05-22,36.76445007324219,37.218463230772834,36.529429771646235,36.6522824043313,18624200
2009-05-26,37.287906646728516,37.36268510761341,36.27305494182766,36.529437071970015,29405600
2009-05-27,36.481361389160156,37.72055236292169,36.41192134669567,37.282562555172866,23010500
2009-05-28,36.978111267089844,37.28256758827109,36.390560405932696,36.60955737693135,27800500
2009-05-29,37.042205810546875,37.522927403696634,36.828551316355814,37.28256864468202,33192400
2009-06-01,38.32946014404297,38.479017024365604,37.522916596452355,37.63508425669433,31804200
2009-06-02,38.949058532714844,39.103957914462576,38.15854232772904,38.15854232772904,28676700
2009-06-03,38.50038528442383,38.69801228502328,38.0997847262968,38.66596554441139,29755400
2009-06-04,38.98111343383789,39.01850266265077,38.49504938415019,38.8155290704206,25934100
2009-06-05,38.97578430175781,39.2588748561843,38.47369670704114,39.125341268238095,26481100
2009-06-08,39.082603454589844,39.360355556323654,38.457667338370385,38.714053580346125,23300300
2009-06-09,39.05589294433594,39.42978524254413,38.65529230691841,39.29090921387234,21944500
2009-06-10,39.44047164916992,39.59003266449072,38.90633739124429,39.50991171077768,27360200
2009-06-11,39.552642822265625,39.96926688503263,39.05589780701552,39.52593447973095,30857000
2009-06-12,39.408416748046875,39.61139033216097,39.04520536476497,39.22147061145769,21693200
2009-06-15,38.89031982421875,38.97044078989873,38.5912058991432,38.79951796483819,27871600
2009-06-16,38.26002502441406,39.22146805729076,38.23332076385186,39.17339386808698,24218800
2009-06-17,38.14787673950195,38.34016544381346,37.8380778186532,37.955588035190445,29926300
2009-06-18,38.15855407714844,38.50573809732199,38.00899713151286,38.04638636792175,20734300
2009-06-19,37.950233459472656,38.45765927823461,37.61372633271117,38.37753833971424,42763000
2009-06-22,36.7697868347168,37.48018611448472,36.689669985593675,37.44279689318743,28398500
2009-06-23,36.828548431396484,37.19710230312744,36.59353217380476,37.00481368093044,24146400
2009-06-24,36.56149673461914,37.186437057229135,36.41728224486109,37.01551421838312,20861400
2009-06-25,37.32530212402344,37.405423081272346,36.363862862400076,36.48671146507672,30901300
2009-06-26,36.88197326660156,37.277231488508264,36.780486450456436,37.21313390855538,27662000
2009-06-29,37.699180603027344,37.80600577837778,36.924683818819396,37.09560654445163,24357700
2009-06-30,37.341331481933594,37.90751254518738,36.91402240487174,37.70988138390003,27339800
2009-07-01,37.68849182128906,38.19592154058173,37.60837498545442,37.747246884313675,22548700
2009-07-02,36.58285140991211,37.239838290389116,36.32112678441117,37.15971734275231,22946200
2009-07-06,36.37453079223633,36.40123912684167,35.44513861467024,36.144852970037384,29776400
2009-07-07,35.55196762084961,36.21963530648828,35.450484903714234,36.112810106834154,25054300
2009-07-08,35.39174270629883,35.856436976605835,34.985799464606735,35.55198056411717,30050500
2009-07-09,35.2368278503418,35.77096195976006,35.09795184085949,35.68016013918772,22770900
2009-07-10,34.78280258178711,34.932359428418785,34.585171562956155,34.77211762124574,25921000
2009-07-13,35.092620849609375,35.1086483012407,34.43029547808965,34.80953033094051,31656600
2009-07-14,35.3703727722168,35.43980876176674,34.96442957725128,35.35968780451917,22878800
2009-07-15,36.556148529052734,36.59353776268365,35.72823883064128,35.89381914027524,29656700
2009-07-16,36.56683349609375,36.74844127619884,36.043384166922905,36.427957437792365,23543600
2009-07-17,36.59885787963867,36.72171048595304,36.24098909729499,36.48135182918342,25791100
2009-07-20,36.823211669921875,37.05822793801884,36.39056021307897,36.9140135024848,21275900
2009-07-21,37.64043426513672,37.66180012018668,37.03152165913337,37.079591776655654,25945600
2009-07-22,37.3840446472168,37.773964334617595,37.13300096732968,37.325289570004074,24773800
2009-07-23,38.24934387207031,38.3187798391982,37.24517321417847,37.29324332793166,27122600
2009-07-24,38.61256408691406,38.66063421169453,38.062406480449,38.11581908857867,18187900
2009-07-27,38.85826110839844,38.879626964345334,38.32412693508712,38.67665744553035,17360300
2009-07-28,38.398887634277344,38.724709655317774,37.98226382379771,38.39354515398138,23044500
2009-07-29,38.153194427490234,38.23331534806741,37.549624432698266,37.960905848152755,24100600
2009-07-30,37.77397155761719,38.20127647573034,37.34132415643046,37.549636169973745,37842300
2009-07-31,37.597694396972656,37.656449466831155,37.08492621239608,37.58167102794202,28070600
2009-08-03,37.73657989501953,38.1371805221957,37.54963375069471,37.90216018354718,24756800
2009-08-04,37.70988464355469,37.73125050676679,37.3894048456166,37.52293843435095,18612000
2009-08-05,37.4054069519043,37.651108126431375,37.18107162843863,37.64576972000558,20348800
2009-08-06,37.24517059326172,37.40540836961638,37.07424785341168,37.394727481240565,17369900
2009-08-07,37.106292724609375,37.5976950675363,37.04219517222438,37.394725597662834,18041800
2009-08-10,36.95139694213867,37.23448736113629,36.871276012676006,36.9193502004015,16233400
2009-08-11,36.612831115722656,36.967514861366816,36.516099557820695,36.91914703241037,16947000
2009-08-12,37.13949966430664,37.37595560961962,36.6235991381798,36.6665918736936,19183400
2009-08-13,36.946022033691406,37.19859913123264,36.63433097289537,37.19859913123264,20235600
2009-08-14,36.65584945678711,36.897680570613815,36.35490844403971,36.82244121741317,19228000
2009-08-17,35.76375198364258,36.20441711313247,35.74225562366606,36.20441711313247,24332000
2009-08-18,35.731502532958984,35.903469298991745,35.60790359800384,35.84435533879194,21519700
2009-08-19,36.54296112060547,36.64506776515148,35.51653186230139,35.51653186230139,28432900
2009-08-20,36.86003112792969,36.962137794769504,36.47310901676923,36.59133282572868,17247200
2009-08-21,37.57477569580078,37.617768415135096,37.19322453673435,37.32219859472591,26166000
2009-08-24,38.31638717651367,38.50447520556856,37.580152205628494,37.63926617190453,25603700
2009-08-25,37.983219146728516,38.63346900799656,37.9133590145309,38.531362268619276,21183500
2009-08-26,38.35401153564453,38.40775039626369,37.564037574504965,37.644647915439826,18773100
2009-08-27,38.079925537109375,38.246517180437856,37.61238899291571,38.19277833742972,21395500
2009-08-28,37.682254791259766,38.262640060597555,37.59089424422462,38.262640060597555,17716500
2009-08-31,37.16098403930664,37.537160103618895,37.053502235209145,37.32220059543549,24337900
2009-09-01,36.7633171081543,37.34907765297933,36.60209642792072,37.042761640545315,24373900
2009-09-02,36.63970184326172,37.02662806701159,36.60745935795285,36.73105828497742,16315800
2009-09-03,36.68271255493164,36.892297012291024,36.45163173014913,36.795565408893395,15156000
2009-09-04,37.177101135253906,37.24159021051422,36.61283300175688,36.661200833204894,15156600
2009-09-08,37.96708297729492,38.13904978131049,37.45655358099008,37.537163917250005,21966000
2009-09-09,37.886470794677734,38.18204064655583,37.66613615963919,38.04769145934067,19652600
2009-09-10,37.96708297729492,38.17666739156352,37.83273378353239,38.06381456080443,19177600
2009-09-11,37.607025146484375,38.19816073226551,37.483422093997234,38.09605404108098,17468500
2009-09-14,37.61777877807617,37.77362435358684,37.10187830397834,37.13949591875591,17483100
2009-09-15,37.34368896484375,37.71449393460894,37.32219260862439,37.71449393460894,19475900
2009-09-16,37.80048751831055,37.82198388150126,37.17710938582823,37.54253936004616,22150400
2009-09-17,37.53178787231445,37.85960022498029,37.51029560985511,37.590901844107435,20986000
2009-09-18,37.612396240234375,37.87572359173182,37.44580456480629,37.7628666696548,43247900
2009-09-21,37.38668441772461,37.44579837665822,37.08036849416456,37.16097881089321,17984000
2009-09-22,37.52641296386719,37.693004630722996,37.45654876808005,37.63389066506226,14561800
2009-09-23,37.08036804199219,37.800477569295175,36.99975772624653,37.54790459330821,20898600
2009-09-24,37.04275894165039,37.27383971314237,36.73106783591481,37.080376550962484,21557000
2009-09-25,36.919151306152344,37.37056666195408,36.763309872613824,37.005136745357014,16454900
2009-09-28,37.39742660522461,37.53715086616104,36.8869014864335,36.97825792242592,13301600
2009-09-29,37.11798858642578,37.46192213420702,37.05349950871256,37.27383411589092,14695100
2009-09-30,36.87078857421875,37.20934702526777,36.564472613742545,37.06962683277793,27117400
2009-10-01,36.150672912597656,36.81167263397175,36.05394134605538,36.75255867108418,24927000
2009-10-02,35.77987289428711,36.08081373112334,35.736880174735816,35.9894572770854,20478900
2009-10-05,36.31727600097656,36.42475371882011,35.5273020647889,35.892732045473934,21853000
2009-10-06,36.89765548706055,37.13410722204147,36.42474381707668,36.54834684900728,21167400
2009-10-07,36.90303039550781,37.04275468547509,36.5214792306073,36.80092781054185,15302500
2009-10-08,37.10725021362305,37.24159941193448,36.91915805597731,37.06425748616047,19228800
2009-10-09,37.225467681884766,37.225467681884766,36.88153412117528,37.058876016544325,13541900
2009-10-12,37.68764114379883,37.8864794623719,37.31684009026088,37.35445770728684,16233800
2009-10-13,37.757503509521484,37.82736362342584,37.35982689187733,37.752128393063444,19333400
2009-10-14,38.606597900390625,38.62809427205173,38.020837147676794,38.06920090890403,25285700
2009-10-15,39.19771957397461,39.229962066408994,38.42924207086503,38.42924207086503,24093600
2009-10-16,39.29444885253906,39.41804779964808,38.8591547300811,39.08486446395288,23556600
2009-10-19,39.56313705444336,39.751225034393094,39.2299497042392,39.31056000993494,20404600
2009-10-20,39.24070358276367,39.5201521510395,38.886023907658235,39.43416671464347,20049600
2009-10-21,39.396549224853516,39.92857488906309,38.96663434166719,39.041869548725074,23099500
2009-10-22,40.003814697265625,40.11666752083252,39.235337193919044,39.24070820931859,26014500
2009-10-23,39.536277770996094,39.944700439056426,39.21384054884813,39.944700439056426,20672100
2009-10-26,39.353572845458984,40.26177072739522,39.29982988083682,39.66525990019972,27127700
2009-10-27,40.256412506103516,40.30477626962041,39.39120298084789,39.39120298084789,30342500
2009-10-28,39.68137741088867,40.28326329784053,39.68137741088867,40.04680739582155,26345700
2009-10-29,39.74586486816406,39.76736123110123,38.746306541651634,38.998883681148385,30048500
2009-10-30,38.515228271484375,39.67063222947061,38.18204487430621,39.42880530571147,32175900
2009-11-02,38.77317810058594,39.14935420273509,38.24115644182869,38.71943924313777,20425900
2009-11-03,38.5528450012207,38.85378999502164,38.241157975516124,38.32713933087913,20550500
2009-11-04,38.31638717651367,38.97738283576537,38.176662883496526,38.730180840434436,22792700
2009-11-05,38.961265563964844,39.09561475556472,38.46686152288016,38.66569570244033,16235600
2009-11-06,39.00425338745117,39.06336735232697,38.423863968676805,38.59583074831238,18185000
2009-11-09,39.3772087097168,39.55017638348573,39.16099808653697,39.43666673418811,16809400
2009-11-10,39.24749755859375,39.58262434661543,39.16101162986194,39.16641803137669,15696600
2009-11-11,39.40965270996094,39.690723702750404,39.20425071150359,39.479919427189394,14397900
2009-11-12,38.86371612548828,39.48532018525384,38.76101514093678,39.28532461635751,16587600
2009-11-13,39.17184066772461,39.54480417317278,38.771853391254744,38.944821196529105,14461600
2009-11-16,40.23125457763672,40.360979354149045,39.63667821775593,39.809645961064454,21326200
2009-11-17,40.5555534362793,40.62582426205111,40.26366970521689,40.39339855716113,22920700
2009-11-18,40.685279846191406,40.75555067486807,40.382587426891696,40.674471170019956,16645700
2009-11-19,40.35015869140625,40.48528982960663,40.02584478450037,40.415018998462386,17253900
2009-11-20,40.2042121887207,40.436637896557194,40.01502943208049,40.2042121887207,19269900
2009-11-23,40.91770553588867,41.05824306928189,40.71230769775621,40.777172126370374,18947100
2009-11-24,41.06364822387695,41.074456899714036,40.43123552860037,40.91770429489017,17120900
2009-11-25,41.333927154541016,41.371763721044445,40.896103438733284,41.0798798692138,13269200
2009-11-27,40.46906661987305,40.74473111721214,40.1879915995332,40.350150582334976,12105300
2009-11-30,40.577186584472656,40.72853283140407,40.1880081644342,40.26368128789991,21436400
2009-12-01,41.10149383544922,41.209597113149286,40.696100358260395,41.07987235513406,17375700
2009-12-02,40.966373443603516,41.24204223523132,40.72854122150293,41.06366806865587,14786900
2009-12-03,40.53392791748047,40.95013405916864,40.49068909502044,40.85283949185349,17852600
2009-12-04,40.13394546508789,41.063648295950976,39.950169108411366,40.91230209071741,23700900
2009-12-07,39.8745002746582,40.38800114921006,39.77720567597606,39.97179487334035,17835600
2009-12-08,39.431270599365234,39.72856079911296,39.13939092454564,39.7123457198314,18492900
2009-12-09,39.34477615356445,39.75557590009723,38.97181295448376,39.45828579592067,17228500
2009-12-10,39.13397216796875,39.760978404190865,39.031271199776356,39.63125368701981,23423700
2009-12-11,39.36640167236328,39.53936935332951,39.09073301324139,39.398831823833575,17128300
2009-12-14,37.669158935546875,38.53940383084088,37.447541880429974,38.26914154345455,91458900
2009-12-15,37.38808822631836,37.89618270575454,37.198905427765226,37.82050958633329,54419600
2009-12-16,36.988101959228516,37.62051480990896,36.98269555804406,37.60970613141585,57711800
2009-12-17,36.87458419799805,37.220519568240995,36.82593484574909,36.95025730249651,46627000
2009-12-18,36.869178771972656,37.188090398390806,36.56107994583988,37.05836153821647,62989400
2009-12-21,37.031333923339844,37.16105864611047,36.87458132654948,37.00971244889897,34470100
2009-12-22,37.063777923583984,37.40971339616281,37.0259413601418,37.09080580770388,27941800
2009-12-23,36.896209716796875,37.177280689462805,36.86377543711882,37.161065611561455,18958900
2009-12-24,37.11241912841797,37.16106436048432,36.8421568421599,36.944853706702816,8149200
2009-12-28,37.33944320678711,37.36106468730191,37.15566268434915,37.33944320678711,19694600
2009-12-29,37.2097053527832,37.512401883137386,37.18808800135589,37.447537457231185,19985700
2009-12-30,37.17188262939453,37.274583644314,36.96648472343187,37.13945246631524,19860600
2009-12-31,36.85837173461914,37.22052220665821,36.81512877930472,37.209709405892006,18852300
2010-01-04,37.37727737426758,37.436735410908554,36.85837424675356,37.14485162845527,27809100
2010-01-05,37.52322006225586,37.53943514187047,37.188097419885096,37.39890170262664,30174700
2010-01-06,37.847530364990234,38.16103562013175,37.47997347507011,37.53943151048921,35044700
2010-01-07,37.72861862182617,37.86915204823461,37.52321663513237,37.78267025689676,27192100
2010-01-08,37.5772705078125,37.701592987365736,37.41511559294492,37.66916282916735,24891800
2010-01-11,37.99888610839844,38.117798072236596,37.64754424666376,37.80429689648003,30685000
2010-01-12,37.809696197509766,37.83131767756259,37.57727044178654,37.685377842050634,31496700
2010-01-13,37.65835189819336,37.85834750606313,37.436738933034405,37.815104543733035,24884400
2010-01-14,37.66375732421875,37.696187483188666,37.485383202132695,37.588084204038445,18630800
2010-01-15,37.35564422607422,37.66914938972639,37.10700347955241,37.647527917349606,29411900
2010-01-19,37.44212341308594,37.4853663548614,36.98267849737491,37.15564614060285,26081900
2010-01-20,36.771888732910156,37.11242187810582,36.71783709642886,37.058366117749,34629500
2010-01-21,36.05299758911133,36.83676091645155,35.94489429341852,36.82054583448527,39114000
2010-01-22,35.72867965698242,36.2908258054183,35.67462801506811,35.95569902734808,39085500
2010-01-25,35.59354782104492,36.08542723813171,35.507066020383206,35.97191755508303,29305100
2010-01-26,35.631385803222656,36.07461587446636,35.40436642807062,35.480039553121294,34083300
2010-01-27,35.42598342895508,35.70705441160772,35.134099644733766,35.49084786674053,35723500
2010-01-28,35.11246871948242,35.59353516298332,34.90166450823481,35.59353516298332,37349800
2010-01-29,34.826011657714844,35.57734077022184,34.604394518979866,35.215190158211634,40880500
2010-02-01,35.77191925048828,35.89624172666884,35.323282829495035,35.55030217847636,37703000
2010-02-02,36.19353485107422,36.28002078596125,35.92867889226631,36.06921647451956,34057900
2010-02-03,35.99894332885742,36.33947652094275,35.97732184651263,36.15028958139486,24024700
2010-02-04,34.98276901245117,35.86382303488234,34.96114752354842,35.82058005707683,33858200
2010-02-05,35.0260009765625,35.08005261988453,34.35574946490399,34.97194520936442,42297500
2010-02-08,35.00965881347656,35.629876228014865,35.00421714470985,35.314330002756094,30519400
2010-02-09,35.47212219238281,35.74958935406235,35.123929897670266,35.423159596616784,36243300
2010-02-10,35.28169631958008,35.482996625663006,34.906304060639656,35.4068298397459,21699100
2010-02-11,35.49388885498047,35.624464093758654,35.04232964424107,35.19466327203557,23555200
2010-02-12,35.254493713378906,35.43946899412331,34.9715849712333,35.156564402755926,30636200
2010-02-16,36.05970001220703,36.114104282649045,35.40684046534335,35.602699159558405,30514900
2010-02-17,35.776790618896484,36.15218294121315,35.673419613080696,36.09233700634918,21821800
2010-02-18,35.885589599609375,35.95631470800817,35.55371828574606,35.798543631639944,22536700
2010-02-19,35.83662796020508,36.03792410122322,35.597244278153,35.684290248403975,24264600
2010-02-22,35.58092498779297,35.97264224814838,35.49931653342252,35.961758907150504,20469700
2010-02-23,35.330665588378906,35.667974478558634,34.90086489371165,35.504761704504226,33372900
2010-02-24,35.66253662109375,35.8366327355729,35.238173450695705,35.36874864963916,21469600
2010-02-25,35.4394645690918,35.45578542702807,35.02054732920911,35.15111834347702,25668800
2010-02-26,35.36330795288086,35.58092913966975,35.319782885367296,35.504762346910475,20129700
2010-03-01,35.58092498779297,35.657091771664476,35.41226640855313,35.55916245657562,18798600
2010-03-02,35.6298942565918,35.79311119596353,35.444918932697746,35.72238606931801,24823900
2010-03-03,35.59724044799805,35.89102834869359,35.570036250408954,35.782215709114986,22279800
2010-03-04,35.58092498779297,35.706054353819695,35.40682888883261,35.55372078607668,21961100
2010-03-05,36.163055419921875,36.190255468010676,35.78765905960582,35.885588364437055,26837900
2010-03-08,36.16850662231445,36.337161077560204,36.032493893689406,36.32627773483392,20297200
2010-03-09,36.33171081542969,36.55477363000469,36.02704370359856,36.081447952028675,29003100
2010-03-10,36.57109069824219,36.67989918382258,36.33170704903213,36.5384489827236,24810300
2010-03-11,36.57109069824219,36.75606595388438,36.440519685390186,36.66357832606329,19357400
2010-03-12,36.34260559082031,36.76696467318957,36.17938864339549,36.76696467318957,23361800
2010-03-15,36.070579528808594,36.28275906656093,35.85295831935561,36.27187572315965,22070000
2010-03-16,36.21746063232422,36.277306550804056,35.90735185055509,36.20658144295429,35103700
2010-03-17,36.64725875854492,36.88120074647906,36.342591667571284,36.40243758198079,38770000
2010-03-18,36.66358184814453,36.853998791591415,36.45684404537049,36.72342776619613,25925500
2010-03-19,36.47316360473633,36.93560592256175,36.141292307652435,36.47316360473633,45564200
2010-03-22,36.43507766723633,36.560207009378665,36.081443866317436,36.173931493253534,21390600
2010-03-23,36.424198150634766,36.44052316072864,36.15217275996303,36.41876063138153,24754700
2010-03-24,36.17936325073242,36.375221789866174,36.03247142177035,36.21744662496529,19748800
2010-03-25,36.070579528808594,36.40788846022035,36.03793364938408,36.3480425238513,21095600
2010-03-26,36.201141357421875,36.38611664025377,35.9998410636534,36.146737106634745,30553400
2010-03-29,36.6146240234375,36.71255334289156,36.228344265584134,36.26643180999606,26122200
2010-03-30,36.4786262512207,36.61463902001604,36.33717180945507,36.55479306968367,17745900
2010-03-31,36.440521240234375,36.55477140020191,36.23377929772165,36.418758712034204,22352500
2010-04-01,36.78328323364258,36.88665423725502,36.55478284218479,36.59830376142975,19614700
2010-04-05,37.09883499145508,37.19132265522912,36.843130385085104,36.90841384150006,20901100
2010-04-06,36.9410514831543,37.18587269167726,36.886647231346785,36.99001406454755,19776800
2010-04-07,36.636390686035156,36.91385784566936,36.43509448166368,36.902978652505844,24531500
2010-04-08,36.91929244995117,37.11515109563622,36.36979990784707,36.45685003960875,24060800
2010-04-09,37.40894317626953,37.52863504520937,37.03354670564532,37.05530924097795,21099600
2010-04-12,37.3817253112793,37.56670471863125,37.31100021037343,37.43069203558157,18170300
2010-04-13,37.354530334472656,37.408934584920125,37.03353820050959,37.251159353077696,19177100
2010-04-14,37.327335357666016,37.44158555707107,37.19132262254867,37.387181293179985,18777800
2010-04-15,37.13692092895508,37.38718388079852,37.077074989299085,37.26749200148654,16712900
2010-04-16,36.95738220214844,37.376299618670345,36.83769032577662,37.060753213702185,33855100
2010-04-19,37.12059020996094,37.23484038694535,36.761514667342695,36.859443983440535,25686000
2010-04-20,37.523197174072266,37.6592099205923,37.267492546489855,37.33278015910014,22989500
2010-04-21,37.49599075317383,37.77345790192969,37.30557374943132,37.5395158256805,21119200
2010-04-22,37.30011749267578,37.392609273281415,37.115142233020016,37.27835496493197,21654700
2010-04-23,37.67007827758789,37.68639913835061,37.093385726486986,37.26748182592,24340000
2010-04-26,37.69728469848633,37.827855743052744,37.50142605624736,37.555830312251814,18237100
2010-04-27,37.14235305786133,38.08356293971414,37.10426966095277,37.54495371178486,36374700
2010-04-28,37.64286804199219,37.83328495066908,37.327317650026316,37.46877198966228,33243500
2010-04-29,37.354530334472656,37.898581140503815,37.12602584134811,37.24027601252126,47200900
2010-04-30,36.87031936645508,37.70815806193531,36.848560988038784,37.48509940155507,43762100
2010-05-03,36.90841293334961,37.115154942321375,36.54934147956466,37.055309008227354,30734900
2010-05-04,36.163055419921875,36.592856027193505,35.90735089337488,36.53301011030898,31646100
2010-05-05,35.99984359741211,36.418765074592116,35.81486830156119,35.87471422687263,30260300
2010-05-06,34.7594108581543,36.032492092864,31.80521437403148,35.793108374198496,58336300
2010-05-07,34.656036376953125,35.319776941724456,34.40033183681477,35.091276601898855,69004800
2010-05-10,35.488441467285156,35.771346104429945,35.10216168176102,35.59180831410671,38337600
2010-05-11,35.30768966674805,35.60347286587924,35.181710487598735,35.395330990476545,29790600
2010-05-12,35.55417251586914,35.789699136001055,35.32959479113726,35.40627884861456,25390700
2010-05-13,35.46104049682617,35.7513449267933,35.23098840277293,35.53225008234238,26791600
2010-05-14,34.83661651611328,35.45557166875991,34.4586728347925,35.3295883521695,38815400
2010-05-17,34.65586853027344,34.98999372077099,34.102644237634706,34.91330966186674,31923700
2010-05-18,34.39295196533203,35.20361323661671,34.190284558026896,35.08311269659065,34457000
2010-05-19,34.20671844482422,34.47511266035281,33.960232468686954,34.21219498230106,36722500
2010-05-20,33.04549026489258,33.78494592675574,32.97975929400612,33.66991986192964,57194500
2010-05-21,33.34675598144531,33.38509801004461,32.40463278847095,32.40463278847095,52802900
2010-05-24,32.96881866455078,33.412493510926645,32.935955254105124,33.270080523531895,27847800
2010-05-25,32.70589065551758,32.74423268197787,32.02120862660715,32.31151522771411,50533800
2010-05-26,32.486793518066406,33.11669972822257,32.382720512856984,32.90855789677117,34028900
2010-05-27,33.66444396972656,33.71374115715245,32.91950962172816,33.13860869683956,31911500
2010-05-28,33.11669921875,33.77947090816828,33.01810484137561,33.52750842798204,32078700
2010-06-01,32.45391845703125,33.33578898064509,32.39366612220301,33.07287141097167,32972000
2010-06-02,33.2864990234375,33.302930722141596,32.442970331901265,32.59633842509565,28668400
2010-06-03,33.71922302246094,33.965706893785025,33.193385609576076,33.53846595470718,32383700
2010-06-04,32.60729217529297,33.43986566847631,32.47583441238603,33.27006588393122,45019200
2010-06-07,32.48130416870117,33.08930194131734,32.42653046050349,32.853771234997865,28389500
2010-06-08,33.54393768310547,33.653485119173,32.525130647603554,32.65658840667795,48460700
2010-06-09,32.88116455078125,33.7411248932758,32.76613848727182,33.73017182107023,31693200
2010-06-10,33.899967193603516,33.96021953031332,33.500113246645874,33.68634679216563,33020100
2010-06-11,33.8835334777832,33.91639686713235,33.511066408950505,33.78493913076966,21227100
2010-06-14,33.61513900756836,34.21218165520113,33.58775215188456,33.99308472024756,24667800
2010-06-15,34.23957061767578,34.27243610020848,33.68087204100291,33.89996898943771,24532600
2010-06-16,34.23957061767578,34.29982295757742,33.905447614601464,33.943789632814635,20652700
2010-06-17,34.28887176513672,34.34364757569733,33.93283839916862,34.19027739561115,23310200
2010-06-18,34.562747955322266,34.71063952418395,34.179327691033166,34.387469523223324,32747000
2010-06-21,34.57917785644531,35.329588690078424,34.425807678492326,35.110489629850434,24877600
2010-06-22,33.92735290527344,34.61751335223954,33.84519234029001,34.57917133735066,26147000
2010-06-23,33.46724319458008,34.102627776716524,33.35769578587057,33.80136822379959,38058900
2010-06-24,32.903079986572266,33.5220331365306,32.79353044214403,33.31388921106533,34188500
2010-06-25,32.37175750732422,32.99618911885482,32.37175750732422,32.946891941351964,118023500
2010-06-28,32.026676177978516,32.53060097404491,32.026676177978516,32.486782425878836,43013000
2010-06-29,31.38033676147461,31.8185326956115,31.221490082386538,31.769235522428406,52525000
2010-06-30,31.259843826293945,31.621355868799732,31.17768114366289,31.402258864256606,43944900
2010-07-01,31.00787353515625,31.36938548677483,30.766864174421674,31.21053878801491,47746400
2010-07-02,30.9859676361084,31.216021868783972,30.640887331836833,31.139335731569723,32767900
2010-07-06,31.473461151123047,31.544668662994294,31.09551744562233,31.314614428288582,36912100
2010-07-07,32.00477600097656,32.01573116386036,31.363912553918492,31.42416490503752,41797200
2010-07-08,32.21291732788086,32.4265377632372,31.840450177701378,32.38819574096726,40430300
2010-07-09,32.196502685546875,32.32248398927386,31.933584909575153,32.18554751702913,25976500
2010-07-12,32.28413391113281,32.28413391113281,31.87880322425591,31.92810042557707,23515000
2010-07-13,32.547035217285156,32.71136053185506,32.33889344060079,32.64562957023383,30514200
2010-07-14,32.45940017700195,32.50322082368856,32.10884336144283,32.437491943142085,26061100
2010-07-15,32.46488952636719,32.58539425507699,32.09242226443154,32.51418672543173,24737300
2010-07-16,31.747331619262695,32.377239838404066,31.66517104034216,32.22934828896696,35805700
2010-07-19,32.00477600097656,32.17457789144986,31.82401894761947,31.950002276041264,20960000
2010-07-20,32.289608001708984,32.31151833021401,31.588492115935743,31.593970742803965,23807300
2010-07-21,31.862361907958984,32.38819929439321,31.550147069801895,32.38819929439321,26859700
2010-07-22,32.52513122558594,32.74970681668861,32.13075376238771,32.15814062189127,27051400
2010-07-23,32.71136474609375,32.76066192891909,32.207437756158775,32.459400206384544,19281400
2010-07-26,33.07836151123047,33.10574837752439,32.66207571090452,32.7004177416128,20236500
2010-07-27,33.30840301513672,33.35770019135974,33.078348829601566,33.20433003784192,22400800
2010-07-28,33.363189697265625,33.5603784788184,33.26459530648924,33.26459530648924,23511100
2010-07-29,33.050960540771484,33.89448903535441,33.023573686164625,33.64252454031532,33763000
2010-07-30,32.6894416809082,33.14406922132785,32.64562105126251,32.9468826563701,29354600
2010-08-02,33.92735290527344,33.982128704745485,33.19885253290154,33.21528422800161,28144000
2010-08-03,34.354618072509766,34.50250969281178,33.89451150584278,33.949285251368956,31075800
2010-08-04,34.354618072509766,34.447733857801154,34.10813203867309,34.43130215204019,21033800
2010-08-05,34.349124908447266,34.349124908447266,33.87806337412138,34.113594141284324,19985300
2010-08-06,33.94380187988281,34.2341064338066,33.54942430513047,33.91641292314854,23097300
2010-08-09,34.20671844482422,34.32722107467046,34.05882685914186,34.26697080448932,14731300
2010-08-10,33.9218864440918,34.05334422289847,33.65896879699474,33.87806579150043,23188500
2010-08-11,33.315040588378906,33.46399035324377,33.21022502248189,33.403306881880184,24281300
2010-08-12,33.22678756713867,33.40883805394852,32.85717297309727,32.9344057477068,16951300
2010-08-13,33.05024719238281,33.348146771547356,32.989563710949135,33.077830019097725,14651300
2010-08-16,33.03369140625,33.237806809030644,32.68614196572723,32.879223819109676,14301100
2010-08-17,33.55226135253906,33.73982751559024,33.1771290264367,33.37021301734997,20122200
2010-08-18,33.18265151977539,33.49710041021462,32.89578545922057,33.46951547589519,20071500
2010-08-19,32.70821762084961,33.13299991384655,32.49306861238875,33.06128287621462,21174500
2010-08-20,32.48755645751953,32.58685634098662,32.29999024479673,32.559273507675826,21008800
2010-08-23,32.82406234741211,33.127477628896216,32.49306424114483,32.531680616728195,21337700
2010-08-24,32.515140533447266,32.79649091550135,32.43239203035252,32.5261740880803,25679100
2010-08-25,32.49859619140625,32.76891305989803,32.228279322914474,32.37722917643823,20944000
2010-08-26,32.261375427246094,32.82407409279773,32.17862692328683,32.74684131399493,22320900
2010-08-27,32.98957443237305,33.0778407692077,32.02416045255356,32.393777184848034,28279500
2010-08-30,32.54823684692383,33.04473621687128,32.52616974060726,32.85717002205059,16265100
2010-08-31,32.60890579223633,32.846121818244185,32.27238993653056,32.41030613284052,26985400
2010-09-01,33.6019287109375,33.62951155125138,32.94544785194949,33.12198055528132,26286200
2010-09-02,33.684669494628906,33.684669494628906,33.30401925443053,33.370220577164716,18662600
2010-09-03,33.82809829711914,33.982563826738634,33.51364940928803,33.761899085058644,21982900
2010-09-07,33.403316497802734,33.690182560371575,33.34815083764663,33.59088268854255,19435700
2010-09-08,33.5136604309082,33.79500875301844,33.4474611970768,33.464010479425724,17380600
2010-09-09,33.67915344238281,33.97705309709784,33.6019206662201,33.92740315464533,16525200
2010-09-10,33.76188659667969,33.916352069163054,33.623970394981185,33.86118643025734,14488400
2010-09-13,33.65155792236328,33.938423914561476,33.397792580799916,33.86670689040329,23141800
2010-09-14,33.65708541870117,33.839135904223234,33.51365342464597,33.56330336574878,17977500
2010-09-15,33.65155792236328,33.668107195463435,33.29849273332998,33.51915742425853,18769900
2010-09-16,33.63502883911133,33.64606239594596,33.34816267471812,33.5688274981035,16432500
2010-09-17,33.53020477294922,33.817070883199655,33.44745626896098,33.75638738428037,26447200
2010-09-20,33.95499038696289,34.10394023361571,33.62399213069148,33.67364207957574,21788100
2010-09-21,33.9494743347168,34.14807412834353,33.78949093380242,34.010157838817804,20525200
2010-09-22,33.899818420410156,34.20323378308272,33.87775131290501,33.96050191383171,18207700
2010-09-23,33.73431396484375,33.966012243540675,33.59639772149514,33.64604765327803,18097800
2010-09-24,34.06531524658203,34.27494854503358,33.850166223839544,33.93291471481393,25145300
2010-09-27,34.043251037597656,34.24736862912849,34.02670175888146,34.19771868854467,16642800
2010-09-28,34.236331939697266,34.34666326028104,33.800516068312206,33.99911581245907,18806700
2010-09-29,33.97705078125,34.21426692297291,33.8005181322146,34.076350659386804,21158000
2010-09-30,34.08738327026367,34.445964283009296,33.91085062611057,34.17564959234023,25460200
2010-10-01,34.50112533569336,34.52319243802704,34.09289236025911,34.37975837729282,24160200
2010-10-04,34.30804443359375,34.6059440285961,34.11496253188939,34.490094887573484,16902500
2010-10-05,34.8983268737793,34.97556174128275,34.44044601940105,34.52871233497005,25185400
2010-10-06,35.27345275878906,35.27345275878906,34.85418836299406,34.85418836299406,21645200
2010-10-07,35.22380828857422,35.30655887771783,34.95900934952353,35.28449177335489,19468400
2010-10-08,35.51618576049805,35.59893633963372,35.10243917812362,35.20173903131256,22370500
2010-10-11,35.60997772216797,35.75340759294412,35.47757509070849,35.50516002448004,13848900
2010-10-12,35.69272994995117,35.797547664801606,35.26794967885898,35.47758089968919,20732000
2010-10-13,35.88029479980469,36.0182110601627,35.621011556912386,35.769959266196125,22560500
2010-10-14,36.02373123168945,36.10647762618907,35.786515080092656,35.88581496236272,17778100
2010-10-15,35.96304702758789,36.21681245308249,35.75892943781442,36.211294623934435,25500700
2010-10-18,36.564353942871094,36.70778801514212,35.87477272273888,35.963041139173285,22481700
2010-10-19,35.924434661865234,36.43196556965603,35.63204860848161,36.183713736655314,25367400
2010-10-20,36.41542434692383,36.62505562682172,36.05132326150597,36.11752460672881,20543900
2010-10-21,36.586421966552734,36.85122301364177,36.21680743340062,36.56987269027277,21291200
2010-10-22,36.59746551513672,36.71331890514229,36.481616334002396,36.691251793182715,13332800
2010-10-25,36.52022171020508,36.856737700542915,36.49815881377274,36.785022764962875,16516600
2010-10-26,36.70227813720703,36.72434524609573,36.30507859495185,36.387829201066786,17652900
2010-10-27,36.22785186767578,36.40438455939246,35.907885048667,36.38231744681895,23358900
2010-10-28,36.53126907348633,36.79606600422651,36.43748700255215,36.64711825679407,20464200
2010-10-29,36.68021011352539,36.718826500899866,36.40437757260188,36.4650610683147,19265600
2010-11-01,36.93397521972656,37.077409318223026,36.75744256345035,36.8070946089905,22372700
2010-11-02,37.42496109008789,37.651145817823,37.07741356696308,37.13809706909343,26192200
2010-11-03,37.49667739868164,37.66217440282192,37.13809424307169,37.64011150269976,26545300
2010-11-04,38.27452850341797,38.395895515898985,37.67321548014366,37.73389898638417,31221400
2010-11-05,38.61654281616211,38.61654281616211,38.2855447195117,38.307611820470946,26531700
2010-11-08,38.7930793762207,38.84824502981734,38.31864717932435,38.335196454516385,23628000
2010-11-09,39.20944595336914,39.47591440038883,38.91522311179616,39.020700823066576,33938100
2010-11-10,39.48701095581055,39.50366867315194,38.9429774464022,39.39263840106834,25482400
2010-11-11,39.875587463378906,39.914446977261946,39.2649361443442,39.41482163064469,23788900
2010-11-12,39.40928649902344,39.63689534917053,39.09841025040422,39.62579020579342,24598100
2010-11-15,39.12616729736328,39.53696864297204,39.103961246874825,39.42039005443595,18779600
2010-11-16,38.271263122558594,38.75978365113433,38.060307707082146,38.648757605894616,27543400
2010-11-17,38.310115814208984,38.51551438472581,38.060300904014454,38.2157390337152,17471800
2010-11-18,39.03179168701172,39.07620378931202,38.65984985983189,38.665402431462226,18322900
2010-11-19,39.15947723388672,39.18723162257999,38.50441351845177,38.970727908064084,24116400
2010-11-22,38.965171813964844,39.02623738645243,38.18797708397145,38.91520714767021,18907900
2010-11-23,38.29346466064453,38.387837211500994,37.927071130912395,38.19353953756955,22672000
2010-11-24,38.7930793762207,38.85969752528329,38.41003666638085,38.44334362322668,19335600
2010-11-26,38.4322624206543,38.54328849064515,38.24906559333362,38.47112196868841,7324600
2010-11-29,38.55438232421875,38.659860036103616,37.915976185934554,38.22685251312493,20021200
2010-11-30,38.615447998046875,38.720925710139156,37.927077171326424,38.054760940457726,27524300
2010-12-01,39.59803009033203,39.72016123758681,39.07064597585646,39.07064597585646,26590200
2010-12-02,39.681297302246094,39.78122239022502,39.38707037320749,39.52030664742616,21274800
2010-12-03,39.52030944824219,39.58137501941094,39.353766211350965,39.42038435318155,19457100
2010-12-06,39.586917877197266,39.74790852115094,39.44813327744788,39.525852314477945,15985400
2010-12-07,39.67021560668945,40.069916194827,39.64800954786263,39.92003059196175,23694600
2010-12-08,39.88671875,40.092121614343284,39.6813201210293,39.89782389692266,22654900
2010-12-09,39.96998977661133,40.04770886234716,39.598047832679484,39.9977484081052,17971600
2010-12-10,40.069908142089844,40.069908142089844,39.75903185173553,40.069908142089844,17699500
2010-12-13,40.16982650756836,40.38633020696156,40.00883581705553,40.19758512969409,21170500
2010-12-14,40.069908142089844,40.247552341631135,39.93112347884284,40.09766676888797,20625900
2010-12-15,39.88671875,40.14208206937748,39.8534117799772,39.89782389692266,20979000
2010-12-16,40.09211349487305,40.15317908446287,39.73127252967091,39.9255702077423,18513900
2010-12-17,40.06435775756836,40.18648894555479,39.84785400990952,40.031050791889164,36761300
2010-12-20,40.09211349487305,40.247551637330155,39.90336415376675,40.103214404174956,16045800
2010-12-21,40.36967468261719,40.508459315472514,40.09765798812459,40.208684000260504,21772800
2010-12-22,40.41408920288086,40.525115221668486,40.330817571104575,40.49180826310643,14606600
2010-12-23,40.63614273071289,40.63614273071289,40.43074416488605,40.49180974807005,11390900
2010-12-27,40.53067398071289,40.691664697291905,40.41964370960404,40.41964370960404,9757200
2010-12-28,40.75826644897461,40.835985497848114,40.502903254765876,40.63613530492467,14423400
2010-12-29,40.730525970458984,40.90817017643776,40.71386825255339,40.75273202562783,11797700
2010-12-30,40.7249641418457,40.808235770959875,40.552872547615145,40.68610461297522,10790400
2010-12-31,40.591739654541016,40.80824338943426,40.536222401186414,40.6139457088085,15273700
2011-01-03,41.38557434082031,41.51880638677712,40.88039630370475,40.924808397480476,23320700
2011-01-04,41.57987976074219,41.60763414803328,41.31341138344642,41.474402077070984,20028500
2011-01-05,41.46885681152344,41.56323360397991,41.15798051271693,41.4522033291405,16550800
2011-01-06,41.735321044921875,41.87410569800616,41.452199166725904,41.57988291112691,22525300
2011-01-07,41.962928771972656,42.1350246345567,41.685359445309395,41.75197760844243,19297700
2011-01-10,41.70756912231445,41.78528820170092,41.4022453776882,41.70756912231445,20766400
2011-01-11,42.01844787597656,42.11282043470874,41.64650174298577,41.64650174298577,15805400
2011-01-12,42.512516021728516,42.53472207450443,42.00733785066234,42.15722764805688,17363000
2011-01-13,42.58468246459961,42.645748050815754,42.17943364920681,42.551375503162255,20438100
2011-01-14,43.21198272705078,43.30080692808648,42.468099102546354,42.56247163961852,23478700
2011-01-18,43.69496154785156,43.77268061809124,43.14537548390764,43.18423501902748,23883600
2011-01-19,43.43406677246094,43.81711397250538,43.373001154037226,43.65057060673639,21844100
2011-01-20,43.16202163696289,43.389630472142294,42.61798400228425,43.28970536517565,29121600
2011-01-21,43.844852447509766,43.91146637488238,43.334121670546295,43.41739331513384,25084400
2011-01-24,43.62834167480469,43.955875659709534,43.350772367591404,43.77267890045961,24871600
2011-01-25,43.67831039428711,43.85040202536503,43.2619563949397,43.42294711626533,21626300
2011-01-26,44.222328186035156,44.33335417492271,43.57281302139603,43.69494415039433,25555400
2011-01-27,44.344459533691406,44.39997676908141,44.044684251141135,44.32225348660949,17003500
2011-01-28,43.850399017333984,44.35002462935215,43.78378509264597,44.28895904147373,26300600
2011-01-31,44.78858947753906,44.86630855496038,43.861508885890444,44.36668288912901,34514400
2011-02-01,46.581687927246094,46.60944231957929,44.988438416377676,45.04395143641599,40829600
2011-02-02,46.30412673950195,46.6205556683093,46.220855077105774,46.40404765193015,18176900
2011-02-03,46.320770263671875,46.38183585393881,45.77673252366791,46.109814866250936,19647700
2011-02-04,46.2319450378418,46.365177124893066,45.99323525438196,46.21529155638185,16558300
2011-02-07,46.59278869628906,46.63164823373563,46.276359824117876,46.32632027138978,15304300
2011-02-08,46.308170318603516,46.682072319875004,46.118426271976816,46.59836183629535,17463500
2011-02-09,46.06821060180664,46.19656300910022,45.632916862522045,46.006823186946995,15890900
2011-02-10,46.430946350097656,46.49233376145644,45.5436261894085,45.58269051866477,21050500
2011-02-11,46.21888732910156,46.54814749558499,45.88963142031105,45.88963142031105,15993500
2011-02-14,47.385231018066406,47.49684214969557,45.699874829700484,45.80032655124344,33108300
2011-02-15,46.3026008605957,47.37408341527556,46.1351798486862,47.318277830536786,25684600
2011-02-16,46.70441818237305,46.799288123119176,46.24122363727964,46.35283483136989,16673500
2011-02-17,46.810420989990234,46.86064897922894,46.34723096529839,46.86064897922894,17853500
2011-02-18,47.15645217895508,47.15645217895508,46.59838765612721,46.82719615417996,22839500
2011-02-22,47.6810188293457,48.384176836000925,47.28479365673086,47.41872790689951,32580400
2011-02-23,48.59066390991211,49.23802061460238,47.6977617807645,47.99353521188591,38624600
2011-02-24,47.976783752441406,48.84736261088354,47.692169795761366,48.66320038846162,28577100
2011-02-25,47.625213623046875,48.12747243216778,47.59731295779727,47.87634515645406,22230300
2011-02-28,47.73124313354492,48.3060487323236,47.7089200486408,47.920987226383446,24507000
2011-03-01,47.32384490966797,48.272552327478074,47.268035084638775,48.222328594182045,23001800
2011-03-02,47.48011016845703,47.61404440407916,46.62627249761551,47.20665560454226,17423600
2011-03-03,47.89307403564453,47.96562085578572,47.46336643409811,47.692170563892546,17153500
2011-03-04,47.48011016845703,47.993528286419014,47.2680430162217,47.94888212198077,20028600
2011-03-07,47.279197692871094,48.03816531318227,47.26245644881437,47.90422684534493,18062700
2011-03-08,47.212223052978516,47.49683694242881,46.73786940902222,47.212223052978516,17658200
2011-03-09,47.08946990966797,47.18434408821707,46.631857297529635,46.94437623930958,13306600
2011-03-10,45.41526412963867,46.76578276119644,45.31481240097226,46.76578276119644,25996300
2011-03-11,45.8282356262207,46.26910687428242,44.70094350897628,45.21436157341823,17607100
2011-03-14,45.97333526611328,46.11843317552518,45.45991713458526,45.577110126062784,16383200
2011-03-15,45.42084503173828,45.81148826981701,44.50562008164643,44.74000602449367,23191300
2011-03-16,44.26007843017578,45.655239185207854,43.97546870168801,45.33156512588689,33396500
2011-03-17,45.292476654052734,45.48221637191285,44.7734769595012,44.85718315403333,21941300
2011-03-18,45.1194953918457,45.94543238508455,45.1194953918457,45.63291349855749,28895900
2011-03-21,46.230045318603516,46.50349989558033,45.68314468003545,45.68872651528,18207000
2011-03-22,46.073795318603516,46.44770170096598,45.945442891421486,46.37515060433021,16209700
2011-03-23,46.09609603881836,46.3193225411574,45.7612584141555,46.12400094824501,15390600
2011-03-24,46.168663024902344,46.58162942917192,46.068211277086185,46.196563686261186,17009000
2011-03-25,46.66531753540039,46.83831602896439,46.21886459096906,46.3137344579112,16497300
2011-03-28,46.58161544799805,46.882970600996686,46.57045178065092,46.799260126659576,14608200
2011-03-29,46.458858489990234,46.816019343772304,46.10169763620817,46.408634740720835,16277400
2011-03-30,47.150848388671875,47.357333698750956,46.603947795240146,46.76578694243309,15770400
2011-03-31,46.949951171875,47.40198618039238,46.93879175851212,47.33501692713606,15317800
2011-04-01,47.25688552856445,47.346173603384734,46.97227154079509,47.27920861169271,15531500
2011-04-04,47.3629035949707,47.3963860798493,46.91645059402964,47.0224841397337,13096100
2011-04-05,47.669857025146484,47.96005287918585,47.18992133074487,47.25689058729854,17122600
2011-04-06,47.53590393066406,47.932128961768,47.413129137819446,47.842840912775614,13339700
2011-04-07,47.85961151123047,47.8763527645793,47.385257549672104,47.52477367117128,16006700
2011-04-08,47.96561813354492,48.116297857653414,47.63636228656109,47.993523047696016,15943200
2011-04-11,47.524749755859375,48.077232126822636,47.31268263297238,47.9656167311737,13026500
2011-04-12,46.41978073120117,47.016909260101905,46.135166794564896,47.01132742589947,20728800
2011-04-13,46.40862274169922,46.84948973027678,46.07378080237087,46.64300869307537,14489400
2011-04-14,46.56488037109375,46.788102655297806,45.97332939641498,45.97332939641498,15717500
2011-04-15,47.03923797607422,47.13968971529552,46.52023803304626,46.765787675074435,17022500
2011-04-18,46.3751335144043,46.87739213885902,46.00681336159876,46.38071534847932,15107300
2011-04-19,46.765785217285156,46.87181452811288,46.30259087423623,46.30259087423623,12770800
2011-04-20,47.79821014404297,47.81495139251176,47.3629206530829,47.46337240158852,15447600
2011-04-21,48.194435119628906,48.233499451805336,47.74798195959007,47.86517495611937,12797200
2011-04-25,48.11630630493164,48.272563633149126,47.93214405766409,48.155370636986014,9852800
2011-04-26,48.78597640991211,48.81946316062116,48.13862408466668,48.23349398667545,17908800
2011-04-27,48.98686599731445,49.05383522205669,48.155351680798226,48.81944932199566,17755800
2011-04-28,48.741329193115234,48.83062151615136,48.28929851639869,48.568330639348126,18705300
2011-04-29,49.09848403930664,49.10964344852435,48.56832056109976,48.79154706467679,17352300
2011-05-02,48.53484344482422,49.18219569334908,48.25581134890842,49.16545444882483,18651200
2011-05-03,47.78145980834961,48.428812086287046,47.45778154053485,48.322778522559986,18417100
2011-05-04,47.329444885253906,47.770316313942715,46.82719028382802,47.541512102267745,22867000
2011-05-05,46.10728073120117,46.87182620891422,45.53247084180746,46.60953526838453,27491200
2011-05-06,46.14634323120117,46.93321176378341,45.677566955406775,46.47001732373589,26314700
2011-05-09,46.41978073120117,46.72113591275275,45.85055711562061,46.32491083821974,18254600
2011-05-10,46.509063720703125,46.743453897045995,46.040291883400435,46.36397010879031,17695700
2011-05-11,45.52693176269531,46.40806177445097,45.145295588580986,46.30704030830775,24192000
2011-05-12,45.48763656616211,45.79069662073227,44.57283006500632,45.24630779541939,21853600
2011-05-13,45.38661193847656,45.891714848572114,45.02181206197686,45.622327200766414,17628500
2011-05-16,45.03305435180664,45.611120057754455,44.96570955148112,45.0218316456995,16435100
2011-05-17,45.12844467163086,45.34171023866534,44.67384608134267,44.89272513962099,18067800
2011-05-18,45.87489700317383,46.1723479457659,45.139687746439385,45.39223930249347,17957000
2011-05-19,46.20601272583008,46.34632006124301,45.650392594669995,46.17233605367972,15229100
2011-05-20,45.77946853637695,46.16110458752305,45.403445976496904,46.009574578053524,19003400
2011-05-23,45.27436447143555,45.465184651006695,44.93762776366008,45.021813011063834,16288500
2011-05-24,45.62232971191406,46.08815105244054,45.42590031586064,45.48763588059738,15687300
2011-05-25,45.998355865478516,46.318256415730055,45.369777467686,45.44274002174479,19347200
2011-05-26,46.23969650268555,46.34071798033305,45.56622283959629,45.79632469977936,16873700
2011-05-27,46.3743782043457,46.65499287060377,46.10499052256836,46.43611377346968,11949100
2011-05-31,46.845802307128906,47.00294579903442,46.42488040445099,46.73916738826202,23630700
2011-06-01,46.037628173828125,46.94682097155552,45.88609818179294,46.89069891086985,19550200
2011-06-02,45.64479064941406,46.20040658717091,45.263154465072624,45.89172868739447,18152600
2011-06-03,45.56060028076172,45.90295053790352,44.99937091257389,45.03304330447627,17281200
2011-06-06,45.06110763549805,45.56621493612456,44.94324997899193,45.420294097756816,15954300
2011-06-07,44.898345947265625,45.51008385551395,44.88150975262979,45.240696177660716,16188100
2011-06-08,45.32489776611328,45.947862883172604,45.190199596806444,45.24071248075688,23567300
2011-06-09,45.56060028076172,45.84121496485564,45.43712913466595,45.594272672664104,17665100
2011-06-10,44.774879455566406,45.43151680552027,44.741207062801706,45.43151680552027,18965900
2011-06-13,44.466209411621094,45.23509098668955,44.24732599566767,44.89835418665776,17854200
2011-06-14,45.11162567138672,45.35856802159153,44.86468760302319,44.92642319057439,16443400
2011-06-15,44.14630889892578,44.83661869811608,43.98355185084789,44.634575761318736,21713900
2011-06-16,44.46057891845703,44.62333590397269,43.96108526166444,44.107001774053025,19037500
2011-06-17,44.34833908081055,44.870282520842466,44.163136658997864,44.814160445085896,25441200
2011-06-20,44.735591888427734,44.87028573626369,44.12385393971592,44.140690135465384,15836400
2011-06-21,45.21823501586914,45.52691277865964,44.90394804418343,45.02741914929963,17897300
2011-06-22,44.79732894897461,45.274373065698626,44.65702160394752,44.98814916476844,18599700
2011-06-23,44.02284240722656,44.19682217831073,43.34375524059346,44.191208684515416,30032800
2011-06-24,43.091182708740234,44.129456002914054,43.09118270874023,44.084560915467044,36292700
2011-06-27,43.730995178222656,44.04528656363308,43.057521590047244,43.14731607027833,20606900
2011-06-28,44.69068145751953,44.70752193094369,43.98914492921705,44.095779851707555,18421500
2011-06-29,45.038658142089844,45.17896548832688,44.4605925606877,44.814165531742496,18899900
2011-06-30,45.67283630371094,45.68967677850178,45.04987147347464,45.11722052711947,19942100
2011-07-01,46.026424407958984,46.07131950587241,45.229475403768205,45.56621647008231,18050100
2011-07-05,45.79632568359375,46.088167417218706,45.60550971162769,45.62795940512509,18859600
2011-07-06,45.77946853637695,45.82998139409296,45.37538280200587,45.68406059405024,15042600
2011-07-07,46.22283935546875,46.35753317067594,45.94783823388431,46.17232649861656,18379200
2011-07-08,46.256507873535156,46.31824342572955,45.71772837588858,45.78507741878396,18336500
2011-07-11,45.96467208862305,46.08252970616713,45.52691400007675,45.62793542680582,20717000
2011-07-12,45.959075927734375,46.587654406829365,45.74019680092749,45.745810293928855,22639600
2011-07-13,46.29020309448242,46.84020551219807,46.06571047666682,46.17234115170281,19015100
2011-07-14,46.15550231933594,46.64377341406788,46.07131705723177,46.61010102196233,19413200
2011-07-15,46.582027435302734,46.63253601217861,46.16671899202348,46.25651344486038,22705100
2011-07-18,46.38560485839844,46.49784901136609,46.065704312416656,46.183561957584686,17343500
2011-07-19,46.935604095458984,47.008566643713934,46.46978703782354,46.52590911059218,16424900
2011-07-20,46.75040054321289,47.0815237617592,46.677437996737574,47.053460585139526,12808400
2011-07-21,47.7157096862793,47.83918080827626,47.00295041180516,47.06468597280364,21359700
2011-07-22,47.82796859741211,47.93460355013259,47.44633244655182,47.81674161194659,13152600
2011-07-25,47.463172912597656,47.777460024458605,47.25551648120909,47.25551648120909,14007600
2011-07-26,47.35090255737305,47.760597418540996,47.1656959195001,47.5192687248443,16226700
2011-07-27,46.75600051879883,47.28355730581171,46.71671464839396,47.025392402888464,19820600
2011-07-28,45.71772766113281,46.27334334035697,45.543747988671626,45.87487114359308,24556600
2011-07-29,44.780494689941406,45.392232685440895,44.763658492904256,45.341724094329436,26609000
2011-08-01,44.67384338378906,45.56058654584559,44.191185930104574,45.35854369165957,22864500
2011-08-02,43.68608093261719,44.6794590612871,43.674858232097165,44.28098682431889,28410500
2011-08-03,43.618743896484375,43.832009498875934,42.9115937468956,43.74221503328368,28373000
2011-08-04,41.441165924072266,43.28761067749319,41.25596352505802,43.035059226757795,42624200
2011-08-05,41.99116516113281,42.53555812599756,40.44778498652552,42.09780007065768,47167500
2011-08-08,39.39269256591797,41.216688097847296,39.22993552770957,40.82382495263516,58857600
2011-08-09,40.20646667480469,40.335551297702935,37.6191992614871,39.729422626583734,61753300
2011-08-10,38.432552337646484,40.1047605071989,38.11053935077515,39.96352666541121,47758300
2011-08-11,40.438087463378906,40.90133443922433,38.771525014702256,38.87321358550326,50328600
2011-08-12,40.675376892089844,41.29680539925094,40.44940171399907,40.878754121359734,31129000
2011-08-15,41.96907043457031,42.01991257479427,41.09906900642979,41.2629008640131,23388200
2011-08-16,41.52275848388672,41.997302226275586,41.144252740298114,41.43801729842707,26341400
2011-08-17,41.8956413269043,42.22895138267338,41.52278162711028,41.96908142984034,18269400
2011-08-18,40.0765380859375,41.12166822063518,39.66413314753655,40.90699421619409,35457700
2011-08-19,39.43251419067383,40.66407420802475,39.35906979006887,39.585044935568725,34935300
2011-08-22,39.64719009399414,40.76576474685437,39.30822951468176,40.760114182665845,27202900
2011-08-23,41.6131706237793,41.69226128626948,39.839268351893935,39.88446424763628,38059600
2011-08-24,41.54536819458008,41.72614743007256,40.827897505822726,41.2177044833384,22752900
2011-08-25,40.54541778564453,41.76002993813033,40.262950043676476,41.60184869224673,30924500
2011-08-26,41.03694152832031,41.24031878769928,39.664147182571604,40.04265318359187,26974400
2011-08-29,41.87302780151367,41.929520498920844,41.22900156881552,41.426728164798895,18967100
2011-08-30,41.754398345947266,42.031215623430164,41.22335742536941,41.57361478990612,22437000
2011-08-31,41.816532135009766,42.29673085366163,41.43237574615828,42.008612484493845,29189000
2011-09-01,41.51710891723633,42.29107210814833,41.49451097989775,41.88996841814916,23393500
2011-09-02,40.75446319580078,41.0651795711832,40.39290467360172,40.73751581352857,21071800
2011-09-06,40.195186614990234,40.29122467512265,39.494667367379584,39.62460019929556,25416300
2011-09-07,41.60750961303711,41.60750961303711,40.53413106429378,40.81094831350992,23108400
2011-09-08,41.13860321044922,41.99730327969363,40.98042195901861,41.46061627518036,22434800
2011-09-09,40.11606979370117,40.99736776660492,39.87879361551382,40.77139271172518,27969100
2011-09-12,40.58498001098633,40.613228521002036,39.47206026431784,39.73757643192503,26205800
2011-09-13,40.477630615234375,40.66406037008872,40.003082540161145,40.53977386685249,22825400
2011-09-14,41.03694152832031,41.66967125862362,40.200838848756696,40.65278496172878,26042800
2011-09-15,41.81089782714844,41.83914202976863,41.05953221354139,41.48323404390535,21858300
2011-09-16,42.11595153808594,42.2289369362768,41.56231274267071,42.098999849252316,34652600
2011-09-19,41.63574981689453,41.861724907091165,40.957828856421,41.189454509154544,19822500
2011-09-20,41.81089782714844,42.35888621737136,41.488884608476546,41.731807163623266,20420000
2011-09-21,40.65842819213867,41.969079010505745,40.57933752888429,41.737453275176556,23806200
2011-09-22,39.11614990234375,39.805372203071705,38.51166882566095,39.5116075111819,43223000
2011-09-23,39.15568161010742,39.60763177437141,38.376072102374046,38.675487254399556,26583200
2011-09-26,40.517181396484375,40.61321941281167,39.26302369112058,39.551142050218985,30342400
2011-09-27,41.18946075439453,41.99731460489123,40.912639179626076,41.42673269552434,26689900
2011-09-28,40.71491622924805,41.96907418835024,40.59628024799749,40.91829342856826,26026500
2011-09-29,41.737449645996094,41.82784143049438,41.05387793866847,41.30810159998177,27713900
2011-09-30,41.03126907348633,42.13854227822268,41.031269073486335,41.104713456375876,30917000
2011-10-03,40.195186614990234,41.2968097991408,40.195186614990234,40.70362974233607,31004200
2011-10-04,41.144248962402344,41.325028130062975,39.099181126272725,39.68671449869861,36500000
2011-10-05,41.7769889831543,41.805237489288416,40.794002173347,41.05387205133666,28239800
2011-10-06,41.74309539794922,41.80523866509859,41.0312752624945,41.40978542879987,24869800
2011-10-07,41.556663513183594,42.0990012001121,41.25724831926526,42.07075700471643,23573900
2011-10-10,43.093292236328125,43.098942799863316,42.172448645478234,42.217644533525586,20465800
2011-10-11,43.0876350402832,43.31361013561833,42.771272492883895,42.81081781130881,17862100
2011-10-12,43.59043502807617,43.87290284144592,43.11023629725417,43.35315878915682,22239000
2011-10-13,43.144142150878906,43.381414116996474,42.844722601120125,43.05940093151765,19540300
2011-10-14,44.12712097167969,44.19491479672105,43.53958741833785,43.55653479706903,17870600
2011-10-17,43.76557540893555,44.341808006012805,43.567848748669725,43.99155058214704,18836200
2011-10-18,44.567779541015625,44.91804124640636,43.51134817080957,43.82206454737535,23878500
2011-10-19,44.30790328979492,44.76549978796519,44.01978490089065,44.386993936142446,20910900
2011-10-20,44.46608352661133,44.69205864371703,43.968941717072276,44.24575897271541,22227600
2011-10-21,45.26829147338867,45.28524316315869,44.73160433716114,44.963225709281886,27855300
2011-10-24,45.29088592529297,45.477315707341106,44.94062861248122,45.149652025580735,19861100
2011-10-25,44.87849426269531,45.471674173196234,44.65816968020676,45.09881884518386,23433400
2011-10-26,45.799320220947266,45.91230559544137,44.78808517179678,45.285231163848636,27170500
2011-10-27,46.25693130493164,46.43771054769676,45.58466078564857,46.27388299560219,35489500
2011-10-28,46.03096008300781,46.3190741701401,45.44342647161091,45.75413850265659,21753400
2011-10-31,44.115814208984375,45.55640155869982,44.06497207928708,45.52815305767947,30616900
2011-11-01,42.90121841430664,43.562192148525185,42.62439681817012,42.83342457870064,35835000
2011-11-02,43.7090950012207,43.833377286871674,43.217599184344095,43.7090950012207,21761300
2011-11-03,44.55083084106445,44.62992149637522,43.74862315998818,44.17232494634617,24480600
2011-11-04,44.35874938964844,44.409595844049406,43.7147230346851,44.10453004799562,18192800
2011-11-07,44.82763671875,44.90672735391937,44.13276837974533,44.52822155559218,17998100
2011-11-08,45.3277473449707,45.39594077787978,44.68556361308936,45.03791224771273,19023800
2011-11-09,43.98088455200195,44.85038578223404,43.7762955171474,44.27071974067915,24130100
2011-11-10,44.72535705566406,44.907213487223125,44.12295843908703,44.62874677485441,18668800
2011-11-11,45.305015563964844,45.43572253657208,45.08905812710355,45.253866152572044,15134500
2011-11-14,44.87310028076172,45.32205912974078,44.54916849552338,45.19703206600006,13589900
2011-11-15,44.94698715209961,45.378897732886344,44.61169117224316,44.81628016652116,19475000
2011-11-16,44.46961212158203,45.32206475011076,44.36163340117961,44.46392789003499,20376800
2011-11-17,44.24797821044922,45.14021185728222,43.816067631201804,44.395737891523076,25964300
2011-11-18,44.27069091796875,44.71396542629047,43.82173218021308,44.452547237685266,23104500
2011-11-21,43.708091735839844,43.9467774415095,43.22503175691036,43.492134285740036,20204200
2011-11-22,43.207977294921875,43.8160599367978,43.122731173279895,43.40688202155459,18925100
2011-11-23,42.38395690917969,42.80449910280877,42.35554007974823,42.63969103086507,23331800
2011-11-25,41.99750518798828,42.736294949392324,41.99750518798828,42.34416964358974,10254500
2011-11-28,43.09999465942383,43.480760056636846,42.8101639423569,43.09999465942383,20148600
2011-11-29,43.71946334838867,44.04339524319699,43.270504347549206,43.42394828160533,19768400
2011-11-30,45.714195251464844,45.76534032900566,44.53781077424413,44.56622326094512,33953000
2011-12-01,45.34480285644531,45.66305048902032,45.10611713201406,45.577804348638075,17261100
2011-12-02,45.34480285644531,45.88468785253489,45.26524094830157,45.844906898463016,19461300
2011-12-05,45.719879150390625,46.134741381893946,45.350486440346444,45.96424910356683,18295000
2011-12-06,45.930152893066406,46.39616021177165,45.62895362236407,45.82217415987168,20122700
2011-12-07,46.077911376953125,46.521186090999905,45.6630491516691,45.81080883495092,19643400
2011-12-08,45.39027786254883,45.94721134004282,45.20842141376307,45.89038201275972,18443600
2011-12-09,46.225669860839844,46.45867569781668,45.65736801744147,45.822176072322875,21842300
2011-12-12,45.49257278442383,46.08360299630426,45.01519689230529,45.879018283453206,17846500
2011-12-13,45.76536178588867,46.492787690619686,45.543724341034704,45.81082698888446,21873600
2011-12-14,45.14589309692383,45.56075095271251,44.702618418881855,45.23113489208703,23934400
2011-12-15,45.481170654296875,45.80510235226791,45.33909527210262,45.42434136857849,17954200
2011-12-16,45.55508041381836,45.9813068203737,45.39595224663302,45.88469220634708,33465700
2011-12-19,45.19703674316406,45.72555753543554,45.111790614901274,45.60053045875654,16048400
2011-12-20,46.60075759887695,46.60075759887695,45.81081827424776,45.83923510466447,21163300
2011-12-21,47.23725509643555,47.36227787132534,46.600755412835866,46.61211954298971,19160300
2011-12-22,47.902164459228516,48.209047984946444,47.33954682997853,47.48730219229525,19841300
2011-12-23,48.4306755065918,48.436359738077506,47.85668952888614,47.89647047768961,10243800
2011-12-27,48.464778900146484,48.66368367156383,48.27723825746778,48.28860672200524,10147100
2011-12-28,47.83965301513672,48.55571460669139,47.743042734950585,48.39090653918599,12767500
2011-12-29,48.459083557128906,48.49318460712375,47.78848738453482,47.78848738453482,10865900
2011-12-30,48.169273376464844,48.47047270923635,48.061294621018575,48.39659501834135,9768900
2012-01-03,48.87396240234375,49.25472362697948,48.81713308066368,48.85691403941966,20906800
2012-01-04,48.88533020019531,48.959212226142114,48.36249346423164,48.75462318410422,16130900
2012-01-05,48.7375602722168,48.84553465854109,48.26018453802047,48.66936249996065,17452800
2012-01-06,48.37385177612305,48.87395580956594,48.368167543982004,48.82849062403511,15942100
2012-01-09,48.58979034423828,48.66935222717791,48.28859116799573,48.305639523511736,11664200
2012-01-10,48.71482467651367,48.99329130840208,48.521599834939416,48.91372941357682,13080800
2012-01-11,48.351112365722656,48.532968746405004,48.00444796257849,48.362476492603626,14831400
2012-01-12,48.15787887573242,48.26017334248691,47.70324017355489,47.95897417254242,17357200
2012-01-13,48.23747634887695,48.260208951128604,47.63507756450995,47.82830251574876,15551600
2012-01-17,48.69777297973633,48.947822773844564,48.53296497009806,48.73186969352432,15627900
2012-01-18,49.12968444824219,49.1581012700008,48.28291605657436,48.47614090577673,16754200
2012-01-19,49.45928955078125,49.57863237130307,48.74322829185302,49.067160043497196,16383500
2012-01-20,49.7207145690918,49.720714569091804,49.28312416740181,49.487713126471846,19220300
2012-01-23,49.70935821533203,49.97646075009278,49.459304040526476,49.72640657528722,15348400
2012-01-24,49.5445556640625,49.56728825845366,49.24904060857563,49.48772634598415,12363800
2012-01-25,49.567283630371094,49.658209663646915,48.765976012147306,49.31154521919815,18202300
2012-01-26,49.311546325683594,49.8457514164863,49.16379097632012,49.80597046307325,15658200
2012-01-27,48.7773323059082,49.15809337585812,48.743231258114406,49.010333730878465,15976700
2012-01-30,48.58412551879883,48.589809751506984,48.07265297004418,48.45909841401445,17867000
2012-01-31,47.58959197998047,48.49887400164813,47.430468168163465,48.26018828392262,27225800
2012-02-01,47.720306396484375,48.055602402291775,47.385006054878005,47.86806608952102,22266100
2012-02-02,47.47023391723633,47.93055684481628,47.277013446428995,47.89646013486141,18020500
2012-02-03,48.26017379760742,48.30563896899314,47.76575415012923,47.87372851242358,16145400
2012-02-06,48.73189163208008,48.78872095924326,48.01582996958477,48.23178748292448,15000900
2012-02-07,49.067195892333984,49.12402956478894,48.27157650757007,48.43070038452285,15818400
2012-02-08,48.75290298461914,49.26717498689442,48.41577178061836,49.04432451249686,14762600
2012-02-09,48.50148391723633,48.96433093501837,48.38148783396861,48.75862211812207,17073400
2012-02-10,47.88435745239258,48.05577854446167,47.627219274993465,48.01006450943111,15328900
2012-02-13,48.23862838745117,48.3414827823734,47.93578054671633,48.192914354256814,11473700
2012-02-14,48.38148498535156,48.40434200360878,47.9129270099047,48.23863189089178,12961900
2012-02-15,48.067203521728516,48.52433073912806,47.947207463678765,48.49004739669379,13911600
2012-02-16,48.804325103759766,48.92432115984988,48.044345722325964,48.25576547659104,14769600
2012-02-17,48.92431640625,49.21002251952272,48.52432523195061,49.18145016438372,16597200
2012-02-21,49.467166900634766,49.58716297083471,49.16431905305439,49.16431905305439,15481300
2012-02-22,49.66716766357422,49.85573481287883,49.512888224753745,49.621453622615974,11983200
2012-02-23,49.72428894042969,49.81000164442923,49.41001483847033,49.47287053076805,12404600
2012-02-24,49.90715026855469,49.98143666074857,49.71858751494188,49.92429630027409,10767100
2012-02-27,49.84428405761719,50.18713047774004,49.58714597287849,49.79857003905981,13323500
2012-02-28,49.792850494384766,49.964275869742416,49.45571944491734,49.84427985080342,14317600
2012-02-29,49.42716979980469,49.9928668230877,49.26145969004898,49.970009805238945,18293200
2012-03-01,49.61574172973633,49.81573520585743,49.375749558391014,49.410032908717255,12638500
2012-03-02,49.33002853393555,49.57002067130187,49.05574869156676,49.518595653093456,11343400
2012-03-05,49.71857833862305,49.76428800284819,49.090025770352476,49.238589808260386,12803100
2012-03-06,49.061466217041016,49.4157434542839,48.81004338031831,49.27860134723675,16507900
2012-03-07,49.04431915283203,49.21002924431883,48.67861562663009,49.14717354204695,14767700
2012-03-08,48.472923278808594,48.838626928971145,48.358638163425674,48.57006235723553,19032000
2012-03-09,48.17005920410156,48.64432810547377,48.02720612741032,48.60432941838142,17042500
2012-03-12,48.88432693481445,48.99860765784285,48.07291810700435,48.284342240090034,19014000
2012-03-13,49.632877349853516,49.67287604019803,48.91861190832273,49.07860666970078,16853300
2012-03-14,49.15290069580078,49.61574777929321,48.992905895396035,49.478605642205125,16187300
2012-03-15,49.192867279052734,49.25572296096496,48.71288319120864,49.07858659895514,14523600
2012-03-16,49.392860412597656,49.649994098655654,49.095723696746354,49.25571837780716,30991300
2012-03-19,49.707157135009766,49.8157268722548,49.15860182390287,49.18717418408212,10770400
2012-03-20,49.48429489135742,49.77000098698828,49.324300175328794,49.40429753334311,13613800
2012-03-21,49.14717483520508,49.47859066736897,49.01003273962344,49.47859066736897,14212400
2012-03-22,48.758602142333984,49.107163919299616,48.62717542334328,48.84431484084715,13884400
2012-03-23,48.88432693481445,49.130034412902624,48.581474735681944,48.775757196266376,12557700
2012-03-26,49.73000717163086,49.855718563527795,49.1814519375138,49.24430763346227,17336800
2012-03-27,49.4957275390625,49.85571566440071,49.45001351566199,49.79285997210733,12509200
2012-03-28,49.061466217041016,49.4157434542839,48.65004861496036,49.34717240076032,16155300
2012-03-29,49.18716812133789,49.2157361184658,48.51861682703705,48.75289358541592,13199700
2012-03-30,49.558597564697266,49.57573923854787,49.192889631252385,49.415744469901625,12968300
2012-04-02,49.75287628173828,50.0957228414811,49.31860164764776,49.48431176275508,13853300
2012-04-03,49.04431915283203,49.58715909842025,48.57004589370048,49.57001742680608,17714900
2012-04-04,48.558624267578125,48.77575939493193,48.278629072335974,48.74147604838405,17112800
2012-04-05,48.46719741821289,48.78718695280065,48.19863290474226,48.31862898021267,11954700
2012-04-09,47.93007278442383,48.20435266744632,47.81579204289078,47.987217514721195,11027000
2012-04-10,46.952945709228516,47.855778152299315,46.78723562591579,47.855778152299315,19993700
2012-04-11,47.255794525146484,47.62721338465611,46.941520382122796,47.4900756560554,15856200
2012-04-12,47.77007293701172,47.84435933470877,47.061522823672355,47.227232932995264,15266200
2012-04-13,47.39865493774414,47.82150323566999,47.34722991637856,47.41008562662347,13856500
2012-04-16,48.00435256958008,48.22148769235948,47.50150691330953,47.564362620343346,17526100
2012-04-17,48.827178955078125,48.912891671394085,48.32433770397027,48.37005173394276,14208000
2012-04-18,48.99861526489258,49.170040735579164,48.58148227797165,48.60433929803192,12997500
2012-04-19,48.73003005981445,49.0957335066044,48.558609021366706,48.86145677953379,15973800
2012-04-20,48.74147033691406,49.09574316847644,48.58718657646672,48.88432341016465,17216600
2012-04-23,48.96431350708008,49.10145121635575,48.22147589273929,48.30147325311086,15197200
2012-04-24,49.318599700927734,49.36431373629715,48.93575446365222,48.93575446365222,11632500
2012-04-25,49.627159118652344,49.815726230534075,48.981464766501915,49.51287839846768,18476800
2012-04-26,49.18146514892578,49.25574719157829,48.65576678662196,48.730048829274466,17262400
2012-04-27,49.18716812133789,49.53572994681704,49.11859708107772,49.427160222954164,11372900
2012-04-30,49.33575439453125,49.59860798751001,49.06719417480342,49.11861920851784,11735400
2012-05-01,49.7357292175293,50.010004691786506,49.215741909974504,49.40430902323262,13816900
2012-05-02,49.25574493408203,49.51288311830439,49.04432514563371,49.46145373764774,11108700
2012-05-03,48.94145965576172,49.364303496390065,48.74717722550797,49.34716182656492,9998600
2012-05-04,48.32434844970703,48.74719242215447,48.22720938406236,48.63291168134083,15055500
2012-05-07,48.27291488647461,48.45005131126599,48.05577541398964,48.16434515023212,12018100
2012-05-08,48.01004409790039,48.14718614468594,47.3814916418163,47.855764744677245,19602400
2012-05-09,47.604339599609375,48.03861400664075,47.35863222768049,47.450060254225306,17424000
2012-05-10,47.66188430786133,48.09339583382871,47.495037047302034,47.96682280677722,13234600
2012-05-11,47.81149673461914,48.20848891367974,47.48930272817234,47.57560594834605,12061700
2012-05-14,47.24763488769531,47.44325133068767,47.155576992478636,47.333933677508384,12675900
2012-05-15,47.05777359008789,47.598602805966124,46.908181689822364,47.17859629776149,15757400
2012-05-16,47.27641296386719,47.840256756501944,47.05778198567505,47.155590234637586,15034500
2012-05-17,47.12682342529297,47.52956583895634,46.99449126676752,47.26490591146854,17698200
2012-05-18,46.87366485595703,47.5928508163355,46.62050999324373,47.39147962534208,21747200
2012-05-21,47.20161056518555,47.25338984414704,46.643521592045154,46.844892770610635,13730400
2012-05-22,47.14982604980469,47.66188606162945,46.90242592356422,47.25914371173213,13790000
2012-05-23,47.20161056518555,47.22462504124481,46.00488414747857,47.05777338198699,17582200
2012-05-24,47.52956008911133,47.627368322088294,47.01174534164123,47.34544866662891,14113600
2012-05-25,47.224632263183594,47.73093764522797,46.99449185695864,47.673403641062514,12756500
2012-05-29,47.138336181640625,47.54683337934434,46.787372996791945,47.54683337934434,15931100
2012-05-30,45.907081604003906,46.82188409549514,45.79200920945082,46.64928208801003,19593100
2012-05-31,45.23967361450195,46.10845151335019,45.11310056839072,45.95885959941141,38954600
2012-06-01,44.831180572509766,45.19940347905316,44.57227535025882,44.802415764239264,22870900
2012-06-04,44.77939987182617,45.021045323582186,44.416927304628985,44.928987405067616,17711200
2012-06-05,44.64706802368164,45.044060118317375,44.37665337310734,44.641313306343434,17715600
2012-06-06,46.13145446777344,46.165973981765845,44.923223192859645,45.09007482642591,23880900
2012-06-07,46.42488098144531,46.73556975917132,46.229260170479364,46.59173260594048,18409400
2012-06-08,46.511199951171875,46.557228913680625,45.71722010093149,46.07393797602912,18150000
2012-06-11,46.18324661254883,47.09229877728666,46.125712610003035,46.95997101038763,18031800
2012-06-12,46.75284957885742,46.89668679381491,46.38462665973135,46.45366571359033,14162100
2012-06-13,46.390380859375,46.97148448537726,46.18900961954168,46.568742005710625,15098100
2012-06-14,47.253395080566406,47.466275715533286,46.447910277044095,46.522704040353176,16942300
2012-06-15,47.880531311035156,48.01285908647743,47.30518246930595,47.50655368599851,27342800
2012-06-18,47.817230224609375,47.857504457535384,47.37996398886829,47.4720218867347,13885100
2012-06-19,48.605464935302734,48.69176373722487,47.93230355337151,48.173953367441456,21053300
2012-06-20,48.88738250732422,49.12902792150132,48.36381305371137,48.55943390535174,23274300
2012-06-21,47.24188995361328,49.11752825617747,47.20737043054055,48.927662100151515,33751900
2012-06-22,47.24188995361328,47.88052746783663,47.24188995361329,47.56983859149314,84747800
2012-06-25,46.7413215637207,46.85063920829467,45.90131308902196,46.7298165225053,28761600
2012-06-26,47.40874481201172,47.73669347189565,46.72407829471097,46.896684700781776,22853700
2012-06-27,47.869014739990234,48.13367903054665,47.587095078647714,47.644629076331114,15301400
2012-06-28,47.81149673461914,48.0186227072104,47.190118816845356,47.558346182224135,19140300
2012-06-29,49.23258972167969,49.30738347492613,48.59395229226343,48.77806370680743,24906300
2012-07-02,49.100276947021484,49.17507511932612,48.64000042393771,49.157815353275545,14447800
2012-07-03,49.641117095947266,49.641117095947266,49.261388992025225,49.301663251374,9787700
2012-07-05,49.23258972167969,49.50300432200795,48.99094431313364,49.09450725816229,10797100
2012-07-06,48.789573669433594,48.92765613445123,48.444360922545854,48.478884830972085,13259400
2012-07-09,48.1279411315918,48.6457560708114,47.76546847935598,48.62849191486726,22361600
2012-07-10,47.817230224609375,48.55367584929193,47.65613329290534,48.37531915912848,14106100
2012-07-11,48.54794692993164,48.72055338536698,47.89204942258058,48.030136342754645,18337600
2012-07-12,48.39833068847656,48.6457307869851,47.93805000627772,47.98983366806699,15566400
2012-07-13,49.17507553100586,49.23260954817748,48.47890382723177,48.5882171429886,13642000
2012-07-16,48.933406829833984,49.14628303141824,48.70902119653259,48.8068294183179,11269200
2012-07-17,49.32464599609375,49.37642527211825,48.3868248055137,49.00820245518105,14059400
2012-07-18,49.600807189941406,49.60656190558836,48.94491007216975,49.100252278142236,14203500
2012-07-19,49.600807189941406,49.69861540813008,49.26135358932357,49.49148954045883,14902300
2012-07-20,49.45122528076172,49.56629766909296,49.05998793956107,49.405200714992006,16838300
2012-07-23,49.025455474853516,49.169292630121674,48.51915026855176,48.78956482278577,13597800
2012-07-24,48.66299819946289,49.054235524008014,48.041620497615476,49.02546633075925,13948300
2012-07-25,49.04273986816406,49.22110101519962,48.70904083637241,48.98520585506646,16566000
2012-07-26,49.77918243408203,49.88274540654146,49.05424601642957,49.22684804415292,19149300
2012-07-27,50.31425094604492,50.54439134460644,49.192322538706634,49.819450625484706,24079300
2012-07-30,50.37753677368164,50.532883399357935,50.10137182291029,50.21643982080456,11183500
2012-07-31,49.96904373168945,50.4350792569928,49.934524207431096,50.26822757380556,12212200
2012-08-01,50.00355529785156,50.314239718583934,49.58354883498266,50.06683961351037,14312300
2012-08-02,49.41096115112305,49.91151626625522,49.192330152908596,49.53753860940224,14530100
2012-08-03,50.37177658081055,50.5673930168305,49.94026508887749,50.095607294566165,13982500
2012-08-06,50.31425094604492,50.56165110632503,50.26822637798302,50.37178933785755,9626400
2012-08-07,50.58467483520508,50.63070380124698,50.446592326643184,50.561660352184134,12399800
2012-08-08,50.791786193847656,50.91836361929908,50.446577826883555,50.48685206320332,12864500
2012-08-09,51.07554626464844,51.237694572770366,50.675978655094525,50.867074286581335,12213700
2012-08-10,51.21453094482422,51.243482686513964,50.46750708702981,50.76863082552329,11149000
2012-08-13,51.040794372558594,51.09870226444115,50.82653031269528,51.01763033218778,8716300
2012-08-14,51.07554626464844,51.33034633075039,50.90182256165228,51.05817433615779,8675700
2012-08-15,50.959716796875,51.34770448941907,50.907601025378845,51.069744871929295,8510100
2012-08-16,51.34771728515625,51.46353750304619,50.9365654523485,51.06975759839953,11311300
2012-08-17,51.19135665893555,51.48669264085801,51.05237683959683,51.475108412027986,11177700
2012-08-20,50.93077087402344,51.0871270560914,50.74546295245022,51.0002630013969,8813700
2012-08-21,50.647029876708984,51.19716606159627,50.53121405783287,51.040809846214195,10767100
2012-08-22,50.80337142944336,50.907607403583846,50.39221522949158,50.49645120363208,10160400
2012-08-23,50.56016159057617,50.83812571804388,50.369065947162674,50.83812571804388,9666300
2012-08-24,50.98868942260742,51.133461392100244,50.340109408767226,50.473301564660176,9762300
2012-08-27,50.80914306640625,51.07552282321541,50.733863271467015,51.000243028276174,8252100
2012-08-28,51.01764678955078,51.19137493932894,50.623866812398624,50.7107308872877,9646800
2012-08-29,50.901824951171875,51.06976096461445,50.809168770752585,51.00026882929998,8377300
2012-08-30,50.4964599609375,50.80338023997618,50.392223968719975,50.60069595315503,8915800
2012-08-31,50.55437088012695,50.87286654556285,50.46171470379601,50.733886699156095,14178800
2012-09-04,50.45012283325195,50.64701053376469,50.102666673142366,50.571730722054866,10602900
2012-09-05,50.571739196777344,50.75704711811468,50.415383014908414,50.68176287570025,10113100
2012-09-06,51.53302001953125,51.68358407856176,50.87286030743709,50.896024348679404,15713500
2012-09-07,52.071571350097656,52.117899432156506,51.69516341502538,51.69516341502538,15623900
2012-09-10,51.8167724609375,52.117896139115544,51.770444381805866,52.013660170113766,10750700
2012-09-11,51.89786148071289,52.088957138404666,51.85732550264612,51.97314132052539,9349400
2012-09-12,51.857322692871094,52.06000257222319,51.776250741130255,51.903646366658705,9982900
2012-09-13,52.830196380615234,53.02129204910888,51.787836288420365,51.94998020985279,19870900
2012-09-14,53.44978713989258,53.507695016158735,52.8417433938786,52.98651529358786,21388800
2012-09-17,53.223976135253906,53.56563590847316,53.015504117730444,53.22976383378643,11893700
2012-09-18,53.073402404785156,53.403482302988635,52.92863044209785,52.94600237072598,10950100
2012-09-19,52.44798278808594,53.13130658078031,52.44798278808594,52.974954816000555,16302100
2012-09-20,52.99811935424805,53.09656764884828,52.17002353223996,52.198979692667635,12238400
2012-09-21,53.22974395751953,53.40926416107513,53.067600097344545,53.29344396231526,19599100
2012-09-24,53.20658493041992,53.39768496281084,52.870717367595915,52.87650506451255,11023700
2012-09-25,53.12552261352539,53.606166630003806,53.00970680096941,53.33978672665301,14035800
2012-09-26,52.830196380615234,53.29925621305768,52.754912118456964,53.11394824312198,11616500
2012-09-27,53.16025161743164,53.42083931024625,52.80700777369459,53.177623541207495,10632700
2012-09-28,52.957584381103516,53.073404606912796,52.65646063017911,52.9749607285423,12507600
2012-10-01,53.16025161743164,53.56561123249624,53.04443142877859,53.15445950347688,10343500
2012-10-02,53.113929748535156,53.38030958643202,52.859129721812515,53.34556573482037,9507800
2012-10-03,53.102352142333984,53.16605215695947,52.79543629991455,53.073400401743,10328100
2012-10-04,53.403472900390625,53.58878080328015,53.223957112053895,53.322400969007006,11507100
2012-10-05,53.5945930480957,53.855180865693484,53.40928507560404,53.61775267882792,9890100
2012-10-08,53.669830322265625,53.779858362376885,53.29921467125481,53.36291465046795,8765200
2012-10-09,53.351348876953125,54.06362870080988,53.339769066767424,53.75671292287005,13799200
2012-10-10,52.714351654052734,53.28764722943812,52.50587973244197,53.16025164897683,15332500
2012-10-11,52.795433044433594,53.206584847425,52.795433044433594,53.027069045325874,9789900
2012-10-12,52.714351654052734,53.113923573488115,52.41322799955299,52.992315688896575,9943700
2012-10-15,52.9923210144043,53.09655698568496,52.43060519239676,52.899664854115315,10651100
2012-10-16,53.49612045288086,53.554032757695275,53.16025294263544,53.212368715262144,9069300
2012-10-17,54.08100509643555,54.1678691433201,53.629317354342646,53.63510946895867,10759100
2012-10-18,54.13315200805664,54.18526781105463,53.837815870127955,53.837815870127955,11815500
2012-10-19,53.36293029785156,54.243141622581085,53.13129434352642,54.18523373852189,15928100
2012-10-22,53.38612747192383,53.42666345773483,52.74333939828423,53.08499921896398,11445400
2012-10-23,52.22214126586914,52.917044902347826,52.12369739401775,52.77227294324064,14085500
2012-10-24,52.04841613769531,52.47694434229446,51.98471611858165,52.3842881624601,11332500
2012-10-25,52.36690902709961,52.5811730999145,51.932593184594005,52.482724817865424,10387200
2012-10-26,52.47695541381836,52.737543242923785,52.12371138533008,52.44220713000441,11583000
2012-10-31,52.795433044433594,52.934417295822506,52.1816013974449,52.71436110683468,14848500
2012-11-01,53.04444122314453,53.08497719213573,52.233717425231184,52.262673582263155,15771900
2012-11-02,52.27427291870117,53.24135325684956,52.1526649663069,53.1371172379272,12742400
2012-11-05,52.482696533203125,52.586932455951846,51.944145002015844,52.141037041913144,11222600
2012-11-06,53.05024719238281,53.305047302920265,52.54065138939833,52.615931232016024,12026500
2012-11-07,51.3836669921875,52.584055154913415,51.103962608399236,52.584055154913415,19423500
2012-11-08,50.736854553222656,51.529345117154556,50.713545484195215,51.43610884104476,13743000
2012-11-09,50.81844711303711,51.24965388632588,50.46881987940428,50.46881987940428,13407000
2012-11-12,50.88253402709961,51.09813958606524,50.66692846813399,50.85339657873248,9004300
2012-11-13,50.387245178222656,51.272967884861465,50.36976448172514,50.55040427320203,12260300
2012-11-14,50.15414810180664,50.76017064309067,50.04343112005014,50.55039343857885,14524100
2012-11-15,50.1949348449707,50.4396734202504,49.74624745695791,50.16579739497282,13783600
2012-11-16,50.37556457519531,50.52707128272253,49.565593418636,50.1949248692108,17405200
2012-11-19,51.08649444580078,51.39533190742196,50.74851952918643,50.92916374779145,12911000
2012-11-20,50.98741912841797,51.208848605305626,50.56203641841654,50.993247506842685,10288100
2012-11-21,51.28461837768555,51.29044231197157,50.97578092197447,51.168073005694616,13905300
2012-11-23,51.913936614990234,51.91393661499023,51.284609498207125,51.42445947463108,11931000
2012-11-26,51.640079498291016,51.64590343319914,51.296276171382544,51.4652636445068,16423600
2012-11-27,50.90000534057617,51.59343558306006,50.83590652257768,51.51185607756191,11841600
2012-11-28,51.337059020996094,51.38950554835897,50.27652061725445,50.42219899384397,15959900
2012-11-29,51.348716735839844,51.68086326281188,51.06318391147253,51.49439511513901,11579100
2012-11-30,51.36037063598633,51.51187739994614,51.17390248255559,51.319580866353085,15522100
2012-12-03,51.051509857177734,51.61674243947667,50.96993035517061,51.599261752725056,10937300
2012-12-04,50.80677795410156,51.261293651710794,50.806777954101555,50.917490466499956,11980000
2012-12-05,51.12145233154297,51.4361136786317,50.75434001702152,50.85340023539207,12717800
2012-12-06,51.278778076171875,51.31373945676552,50.83591465706757,51.138928108046954,12077000
2012-12-07,51.62839126586914,51.65170032854866,51.14473821820463,51.377824399250706,10603100
2012-12-10,51.5176887512207,51.83235004395246,51.41862410421256,51.616748952478844,11549400
2012-12-11,51.85566329956055,52.14701999438227,51.511864533631076,51.63423381196616,12634600
2012-12-12,52.12373352050781,52.65983345014488,51.80907206595756,51.91395625363946,14729500
2012-12-13,51.61675262451172,52.12371042333914,51.436108452351675,51.9547274542302,12290300
2012-12-14,51.32540512084961,51.54100626625841,51.232168828753075,51.27878697480134,13363600
2012-12-17,51.78573989868164,51.826529657623034,51.33704810457602,51.48855482882275,15672500
2012-12-18,52.187801361083984,52.29268993218184,51.60508806515138,51.71580501401846,15396600
2012-12-19,51.535186767578125,52.21696054064274,51.50022093215712,52.1761707707778,15092500
2012-12-20,51.797393798828125,51.826531247144324,51.2671269163267,51.500208719854555,15789000
2012-12-21,50.8300895690918,51.628404046175035,50.701891915494436,51.08065649773659,33057000
2012-12-24,50.64946746826172,50.88255380856375,50.57954467819763,50.77183679662605,6385200
2012-12-26,50.736854553222656,51.09231007582816,50.44549785900506,50.818434071943564,10737800
2012-12-27,50.61448669433594,50.83591618767992,49.96767445937668,50.72520366388316,14258500
2012-12-28,49.58891677856445,50.282347249672256,49.571436085301414,50.171630264671556,13358700
2012-12-31,50.43384552001953,50.49794434837267,49.35582219539869,49.5539470591494,19810800
2013-01-02,51.6925048828125,51.698333261589056,50.835915478425534,51.15640962487998,16143700
2013-01-03,51.59926223754883,51.79738261692782,51.372004416143774,51.546815731051794,13268200
2013-01-04,51.83818054199219,51.91393167915491,51.494381789772696,51.57013292693542,11427900
2013-01-07,51.23799133300781,51.564309426424714,51.028214145596785,51.459420832719196,11799800
2013-01-08,51.55847930908203,51.55847930908203,50.8650489979925,51.173886363040765,14226400
2013-01-09,51.36037063598633,51.59345693921262,51.13311271292235,51.51187739994614,10892200
2013-01-10,51.91976547241211,52.141199420020165,51.4943871601925,51.715816662049924,13099600
2013-01-11,52.21695327758789,52.27522373418253,51.77991818450179,51.844017020481154,11645600
2013-01-14,52.199459075927734,52.298519271076856,52.04795237139101,52.12953187866085,9606700
2013-01-15,52.17033767700195,52.216955822850366,51.86150024082061,51.966388846103996,9195400
2013-01-16,52.1353759765625,52.141204356196226,51.90228969447502,51.954736219676455,9645000
2013-01-17,52.560752868652344,52.99196403454584,52.211125678111046,52.30436196665589,13400300
2013-01-18,52.91038513183594,52.927865824707474,52.34515235165092,52.496654653704915,17196000
2013-01-22,52.980289459228516,52.991946214252124,52.56656357087938,52.60152494445132,11897500
2013-01-23,52.852115631103516,52.957004244806704,52.688956553287774,52.735574702878395,10906800
2013-01-24,53.23086929321289,53.446474856107535,52.881242135188195,52.95699327827255,11100000
2013-01-25,53.45230484008789,53.49309460231976,53.102673225814044,53.359068557414695,11090600
2013-01-28,53.09101867675781,53.417336760865716,52.89289380729911,53.417336760865716,11617500
2013-01-29,53.469783782958984,53.56884399574657,53.14346125002558,53.149289628939705,11700600
2013-01-30,52.834625244140625,53.446476119459476,52.66563781718827,53.12598195700663,15645400
2013-01-31,52.42673110961914,53.14929456075076,52.29270505666081,52.84628551535715,15991500
2013-02-01,52.46751403808594,52.73556166332662,52.07126875604529,52.70060028265402,15699200
2013-02-04,51.94889450073242,52.22277047842867,51.76825034448069,52.10040121204841,13347300
2013-02-05,52.292724609375,52.55494843388453,52.10625640885276,52.37430416924394,11679700
2013-02-06,52.32184982299805,52.38012028844124,51.954741889529515,52.07711120068569,11768700
2013-02-07,51.752994537353516,52.32183836597986,51.37767572810269,52.31597275122975,13463300
2013-02-08,51.96409225463867,52.075516521942966,51.67087426628123,51.89958393926792,11412300
2013-02-11,51.77059555053711,51.905477867389465,51.58880173031138,51.81164591233498,8764700
2013-02-12,51.87612533569336,51.96995723842523,51.55944937520035,51.75297431897131,9752100
2013-02-13,51.999290466308594,52.05793318435741,51.747122751961356,51.876139416160306,8940300
2013-02-14,51.91133499145508,52.08140204121414,51.641574852781446,51.80577628726509,13238900
2013-02-15,51.81751251220703,51.96412158914873,51.48910961158689,51.94066359993958,15696900
2013-02-19,52.3804817199707,52.433263305049216,51.82923025482251,51.92306219533845,12158900
2013-02-20,52.175235748291016,52.67370568382515,52.134185388285935,52.27492884056711,13936400
2013-02-21,51.952388763427734,52.204556546996436,51.817510922306006,52.0696787058747,10939800
2013-02-22,52.310115814208984,52.357031791686516,51.8409694618953,52.204557101961484,10260200
2013-02-25,51.430458068847656,52.8906875735642,51.43045806884765,52.70888929104697,15302900
2013-02-26,51.90547561645508,52.1811013797825,51.46564841305695,51.899610000980076,15073200
2013-02-27,52.50362777709961,52.57400172577243,51.788174958460495,51.899599258654284,11195200
2013-02-28,52.51535415649414,52.66782431997745,52.210404881222836,52.58572362451648,14552000
2013-03-01,52.44499206542969,52.5916011224756,52.14590833629309,52.23387466535131,11301600
2013-03-04,52.16350555419922,52.33943822866296,51.87615302845197,52.26906426404671,10994000
2013-03-05,52.55054473876953,52.86722080256946,52.3628853462384,52.474309648543795,13072600
2013-03-06,52.5212287902832,52.749938568422664,52.22214952604145,52.54468677703514,13234400
2013-03-07,52.02274703979492,52.63850674801671,52.00515467227187,52.56226718988017,12905300
2013-03-08,52.175235748291016,52.3277104315186,51.81164364956484,52.19869373603016,11896300
2013-03-11,52.28664016723633,52.51534986793653,51.92304820692095,52.19867386523965,12454800
2013-03-12,52.28664016723633,52.726467203067784,52.19867386523965,52.45670268383742,11470000
2013-03-13,52.345306396484375,52.48604985842542,52.09313860367327,52.20455846038935,10539900
2013-03-14,52.6795768737793,52.726492854222165,52.43327468768547,52.43327468768547,13775500
2013-03-15,52.40980911254883,52.55055255935444,52.06967501479457,52.31011154999775,29240100
2013-03-18,52.05792999267578,52.42152198093069,51.92891781053919,52.04033762575499,11553700
2013-03-19,51.9465217590332,52.2456010116716,51.618114431400855,52.12831555661576,11987900
2013-03-20,51.975852966308594,52.315987128841535,51.782332367902384,52.163512422507054,11319000
2013-03-21,51.70606994628906,51.981695629596345,51.54773416766169,51.67675082573338,13447500
2013-03-22,52.362884521484375,52.36288452148437,51.79404073847861,51.84095670441064,10786600
2013-03-25,52.20452880859375,52.720595332845484,51.99341597266975,52.48602004674483,12900800
2013-03-26,52.85551452636719,52.955212121147454,52.40396043790518,52.433284049456134,12329600
2013-03-27,53.11939239501953,53.213219861034354,52.46844785110188,52.5212249618315,12350800
2013-03-28,52.84376907348633,53.35397020457364,52.77339511515083,53.154579559699734,17485200
2013-04-01,53.23081970214844,53.359836400910154,52.76753897354597,52.85550083710733,9414200
2013-04-02,53.11939239501953,53.31877855664676,52.94345974428113,53.12525353566516,9991800
2013-04-03,52.73821258544922,53.266006109723214,52.69716222656977,53.160447404868414,12197100
2013-04-04,52.64437484741211,52.972782156484094,52.32183762716047,52.837899864054926,11582000
2013-04-05,52.198699951171875,52.31598542967873,51.840973425325494,51.964124520003956,12771600
2013-04-08,51.95823669433594,52.25732035308588,51.694342243419825,52.25732035308588,11013900
2013-04-09,52.05792999267578,52.392198386627825,51.9523713169987,52.01101850560444,10753400
2013-04-10,52.00515365600586,52.28664495333136,51.72366235868035,51.87027138404413,14823700
2013-04-11,52.321842193603516,52.35116132119267,51.741271567158215,52.16350190283896,14979900
2013-04-12,52.186954498291016,52.304244418991495,51.84682491364211,52.122446160444,11505100
2013-04-15,50.720855712890625,51.99928655650146,50.59183905839239,51.776442455010496,19626200
2013-04-16,50.79124450683594,51.154836596371084,50.48629514808941,51.131378609224925,14578800
2013-04-17,50.48043441772461,50.656362611522155,49.85880893867651,50.556669520954856,17341200
2013-04-18,50.79710006713867,51.06686015469156,50.30449138288576,50.59770945294142,14730400
2013-04-19,51.28385925292969,51.307317244850566,50.68569611848798,51.178300526362975,18393300
2013-04-22,51.659183502197266,51.7940658511121,51.19003703786706,51.37769651843013,11262000
2013-04-23,52.36875534057617,52.48017517804755,51.57120173707567,51.83509624190388,15567700
2013-04-24,52.44499206542969,52.71475219349576,52.398076093378194,52.45671882136589,13028800
2013-04-25,51.64744567871094,52.13418889014696,51.40114350213632,52.12832327427976,16328700
2013-04-26,51.60638427734375,51.77058569327081,51.37180890852522,51.49495997047052,10791800
2013-04-29,51.729557037353516,52.09314923523935,51.612271540825134,51.758880648563064,11093000
2013-04-30,52.186954498291016,52.186954498291016,51.46564050113329,51.758858591655,14572600
2013-05-01,51.31903076171875,52.098987471600346,51.30143839238989,51.91132807517089,11616500
2013-05-02,51.975852966308594,52.099004064986865,51.453924963939315,51.594672911703924,11330100
2013-05-03,52.79098129272461,52.89067884054166,52.14590240986703,52.19281837658648,13036600
2013-05-06,53.11939239501953,53.29532057160477,52.738207967855104,52.92586737403792,10613400
2013-05-07,53.45368194580078,53.453681945800774,52.86137989367942,53.14287135111138,11088900
2013-05-08,53.77619171142578,53.86415802637804,53.38328057534533,53.39501180355371,13638300
2013-05-09,53.75257873535156,54.06553931423576,53.551813271578396,53.81753332777329,13771900
2013-05-10,53.2270393371582,53.70533723161351,53.02036768554814,53.6581012148913,10975400
2013-05-13,53.20341491699219,53.22703517605881,52.807785714109784,53.02626973164819,9810100
2013-05-14,53.79981231689453,53.84705283348894,53.156172667330644,53.23293963307247,9890300
2013-05-15,53.8765869140625,53.92382744129856,53.38648108557839,53.52229197000128,10399400
2013-05-16,53.557716369628906,53.90610960226425,53.43961956489738,53.61676927709899,10469600
2013-05-17,54.183631896972656,54.25448816449398,53.45732361915478,53.77619033831115,12721300
2013-05-20,54.63240051269531,54.73278772844733,54.006479487352166,54.09505432237888,12417700
2013-05-21,54.797752380371094,55.16976134974426,54.549741895684896,54.720985406854666,12519900
2013-05-22,54.43754959106445,55.21109395782423,54.2131593740656,54.81546474010006,19253300
2013-05-23,54.201351165771484,54.53793198411119,53.947439004209684,54.06553579814842,15357300
2013-05-24,54.047821044921875,54.18953809687395,53.7348604903551,53.95924619803788,12771900
2013-05-28,54.549739837646484,55.022136023403,54.1836370735339,54.88041896971761,15197800
2013-05-29,54.37260818481445,54.57337368543116,54.08326330907151,54.1836505644849,11563200
2013-05-30,54.378501892089844,54.72689512835014,54.08916156391406,54.30764561055541,9734700
2013-05-31,53.42193603515625,54.54387434191704,53.4160298400119,54.295863702030246,17917400
2013-06-03,54.00648498535156,54.036011435067415,53.42780441379192,53.45732635840407,14177500
2013-06-04,53.61087417602539,54.02421758320004,53.27429325729596,53.84116614646631,12481300
2013-06-05,52.93769836425781,53.805723795291506,52.91407810363942,53.54590543359324,12888000
2013-06-06,53.28018569946289,53.2801856994629,52.55387732275653,52.819597372346806,15393300
2013-06-07,54.0005989074707,54.030125368184,53.433726001597485,53.669924171987674,12504700
2013-06-10,53.805728912353516,54.28993303831947,53.65810564827725,54.28402684632716,10372300
2013-06-11,53.41599655151367,53.75848357473991,53.28018568357837,53.36875603001266,10739400
2013-06-12,52.990840911865234,53.92382093931047,52.902266060253886,53.81162582692915,10864500
2013-06-13,53.92973327636719,54.154119021595704,52.91408447304038,52.92589235221889,13501300
2013-06-14,53.486854553222656,53.91201021442168,53.31561105051172,53.82934155864452,12158400
2013-06-17,54.0360107421875,54.18953566445099,53.59904271853515,53.71714401078051,12026400
2013-06-18,54.284027099609375,54.36078957544958,53.88839783126412,53.94744623614924,10678200
2013-06-19,53.73488998413086,54.4848144884758,53.73488998413087,54.20138022900146,14189500
2013-06-20,52.583404541015625,53.45142548470445,52.429875096406974,53.28608816209706,21077700
2013-06-21,52.83731460571289,53.22703763556093,52.46530113960343,53.002651921715334,25493800
2013-06-24,52.246849060058594,52.84915024258766,51.975218178117075,52.524377126205195,17653000
2013-06-25,52.618831634521484,52.91998432620309,52.24682266604707,52.8963640655708,15790100
2013-06-26,53.02627944946289,53.126662190064756,52.394452045226764,52.8018891997592,14446000
2013-06-27,53.16798782348633,53.53999677459663,53.16208163232792,53.28608461603135,12348000
2013-06-28,53.351043701171875,53.58724181127825,52.88455367261545,53.05579718981497,22984200
2013-07-01,53.32152557373047,53.81163139382112,53.12075558896786,53.37466778713246,13182200
2013-07-02,53.522281646728516,53.7939078682882,53.215227289127405,53.36285052943835,12320700
2013-07-03,53.551815032958984,53.65810395995375,53.22704206016822,53.516382387224496,5674000
2013-07-05,54.07142639160156,54.09504664459645,53.48093358203724,53.793894050289914,8917900
2013-07-08,54.472999572753906,54.63833695362123,54.26632784666976,54.301755998253974,12086700
2013-07-09,55.11662292480469,55.1756758379599,54.47298761837659,54.70327956334671,12940000
2013-07-10,54.8095588684082,55.14613969076501,54.549740512517346,55.0811851017923,12430000
2013-07-11,55.075286865234375,55.394153664854535,54.93947598147861,55.38825197780749,16184700
2013-07-12,55.15203094482422,55.181552883113646,54.75049564224552,55.06345611975045,11370300
2013-07-15,55.0634651184082,55.21108834928866,54.96898408819505,55.02803698463001,8256200
2013-07-16,55.09299850463867,55.19338123305402,54.780033431472646,55.02804391446309,11413500
2013-07-17,55.18748092651367,55.352818262735205,54.998523327245564,55.24652933157786,9393300
2013-07-18,55.730735778808594,56.00236205748292,55.335106492811505,55.388253213152524,10555400
2013-07-19,56.19719696044922,56.24443746421592,55.74842568997277,55.91376294805382,14431700
2013-07-22,55.9964599609375,56.21493951767359,55.96693350484115,56.02008022479364,9530400
2013-07-23,56.214942932128906,56.38618647665862,56.00236504961651,56.01417743481439,7377400
2013-07-24,56.09092712402344,56.27988469814442,55.75434630433595,56.27988469814442,8222800
2013-07-25,56.079139709472656,56.27990523425103,55.75436664867755,55.91380233492445,10059800
2013-07-26,55.97282409667969,56.01415842063131,55.41185312293228,55.961011715491544,9721000
2013-07-29,55.52406692504883,55.813407290190476,55.27606089778456,55.80750560271153,8844700
2013-07-30,55.39413833618164,55.701197171633744,55.18746671911005,55.63624259125362,10470700
2013-07-31,55.35871505737305,55.86063317287248,55.14023104010926,55.46500397048736,14400800
2013-08-01,54.75641632080078,54.974895841343866,53.882484723316594,54.73279606085754,23117700
2013-08-02,54.29583740234375,54.63832447311259,53.93563625982907,54.596990137337365,14408600
2013-08-05,54.083248138427734,54.18363536568196,53.74076564490831,53.98286541627728,12625900
2013-08-06,54.01240539550781,54.27222380507474,53.90021026317575,53.929736720664685,11689200
2013-08-07,53.93561935424805,54.05962682780953,53.81161638578987,53.84114283284799,8163800
2013-08-08,54.19544982910156,54.30764494696598,53.9002033127041,54.284024685041665,11529500
2013-08-09,53.93980407714844,54.32033142748596,53.76737691273865,54.22519732177967,9467800
2013-08-12,53.446285247802734,53.7673559248671,53.32737219833093,53.7673559248671,10133700
2013-08-13,53.15494918823242,53.4641258623765,53.00035858303918,53.42250583823706,10892700
2013-08-14,52.887393951416016,53.20252221105551,52.85766795153956,53.11927761716983,9797300
2013-08-15,52.417667388916016,52.83981455668341,52.35820633568109,52.71495451012473,11273400
2013-08-16,52.269039154052734,52.61388886822428,52.11444853554926,52.32849568847936,11872500
2013-08-19,51.68040466308594,52.245253052850295,51.597164611751,52.21552251898385,11745600
2013-08-20,51.626888275146484,52.24524610008871,51.626888275146484,51.8052578458801,16498800
2013-08-21,51.38311004638672,51.93606432822553,51.36527354314062,51.69823370037967,12766900
2013-08-22,51.716068267822266,51.977677843095655,51.400940117024334,51.47823766973989,10199900
2013-08-23,52.03714370727539,52.138224791583006,51.585270479603196,51.81715410692613,9206400
2013-08-26,51.78147888183594,52.14416960466335,51.62094580043739,52.02525654705275,10654700
2013-08-27,51.62095260620117,52.01931639158402,51.4782560110067,51.502039532912946,13960200
2013-08-28,52.82197570800781,52.9111627553148,51.89444130299517,51.89444130299517,17738800
2013-08-29,51.888511657714844,52.69713329446534,51.86473267096616,52.69713329446534,11407800
2013-08-30,51.823089599609375,52.054973175382216,51.60309551192489,51.959839125710715,12480400
2013-09-03,51.81714630126953,52.32253350170819,51.626882724531164,52.144159413910316,10546700
2013-09-04,52.17982864379883,52.310635682521266,51.668494512196965,51.733898031558184,9822300
2013-09-05,51.9360466003418,52.50089471570033,51.924157114316735,52.35819366595734,11740100
2013-09-06,51.87661361694336,52.16201130957923,51.6090569657942,52.01931019514007,12950600
2013-09-09,52.346343994140625,52.43553108400489,51.91230257613124,51.93013908685533,9297000
2013-09-10,52.21550750732422,52.560361641564015,51.894436886091434,52.560361641564015,11823100
2013-09-11,52.82197570800781,52.82792272082605,52.251184955981444,52.251184955981444,11201200
2013-09-12,52.31064987182617,52.798200625341494,52.239299321467094,52.673336028152626,10917200
2013-09-13,52.56037521362305,52.84576837091845,52.41173162112764,52.41173162112764,8254200
2013-09-16,52.72090530395508,53.02413948557524,52.613881741985736,52.84576537021228,9421300
2013-09-17,52.881439208984375,53.125212310904615,52.709012119215494,52.74468512529117,8941200
2013-09-18,53.26195526123047,53.434382314956856,52.54252105955611,52.86359165584929,15134700
2013-09-19,53.083587646484375,53.357091253695096,52.90521809547293,53.29763473669128,11757500
2013-09-20,52.7149658203125,53.36304970620034,52.67334125962077,53.23224261900474,20651100
2013-09-23,52.17390823364258,52.86361677629311,52.10850468093458,52.49497898250647,12227700
2013-09-24,51.94202423095703,52.36417154542564,51.894457186335565,52.07877381393992,12129200
2013-09-25,51.81119155883789,52.08469512607953,51.686331530504155,52.078748114375784,13577400
2013-09-26,51.76957321166992,51.99550976501786,51.614982656094504,51.96578377802629,9787100
2013-09-27,51.66852569580078,51.733929254635136,51.49609854398688,51.638795155878434,10867100
2013-09-30,51.15718078613281,51.549597522586275,50.90151361835156,51.16907027792243,17486100
2013-10-01,51.133399963378906,51.33555308816316,51.002592865580716,51.12745294904913,11885100
2013-10-02,51.18095016479492,51.19878666567246,50.70528897226775,50.984739582659365,11841400
2013-10-03,50.83610153198242,51.16311920428722,50.74096746867855,51.15717219127028,13923400
2013-10-04,51.32364273071289,51.38309924111085,50.943115620676764,51.3176957188008,11325500
2013-10-07,51.07395553588867,51.30583925104702,50.69937066044528,50.877744842679654,10985800
2013-10-08,50.842063903808594,51.10367358443993,50.818280380797894,51.05016405984824,15335700
2013-10-09,50.63395690917969,50.889619540467926,50.43774627302388,50.746922957919416,13575100
2013-10-10,51.15718078613281,51.15718078613281,50.413962802610854,50.84799956469184,17532400
2013-10-11,51.698238372802734,51.698238372802734,50.83610737221531,51.07393802155601,12661800
2013-10-14,52.08473205566406,52.167972133572846,51.43664794391079,51.43664794391079,9742100
2013-10-15,51.60309982299805,52.07281402594979,51.51391277804036,52.00741049539692,12018000
2013-10-16,51.912288665771484,52.2393063955652,51.561491952213316,52.01336975986211,11668100
2013-10-17,52.01337432861328,52.02526382153986,51.73392361428728,51.80526964433272,10438200
2013-10-18,52.05496597290039,52.16793197095354,51.9063224430363,52.13820598672504,12425100
2013-10-21,51.86471176147461,52.114431847848586,51.632823639851516,52.025244806646064,10730900
2013-10-22,52.31064987182617,52.411726415986685,51.80525807853957,51.900392145685004,12710600
2013-10-23,52.09064865112305,52.114432164671065,51.69822748194282,52.03713461157966,11449100
2013-10-24,52.57227325439453,52.75659442370806,52.30471655888964,52.310663573704446,12288900
2013-10-25,52.30470657348633,52.70901731508639,52.21551951326352,52.45929717545638,11382000
2013-10-28,52.459293365478516,52.596042916478396,52.090655660243826,52.22146273423814,9921900
2013-10-29,52.875492095947266,52.93494861804164,52.58415196231557,52.590094439155706,10340000
2013-10-30,52.80412673950195,53.20249485192529,52.73278074749345,52.8992607771674,14305900
2013-10-31,53.28574752807617,54.08247486975336,53.03602288798718,53.18466645497844,19185200
2013-11-01,53.404659271240234,53.535466332817016,52.48306736376132,53.357092242259306,19023500
2013-11-04,54.760284423828125,54.861360951919394,53.51167947662187,53.51167947662187,20591600
2013-11-05,54.69487380981445,55.444038495558665,54.24894320529253,54.30839971198065,21122500
2013-11-06,55.42623519897461,55.46190821710844,54.772204161141836,54.95057378805437,13464600
2013-11-07,55.04909896850586,55.65969397396494,54.92937678596136,55.45616078310908,16572100
2013-11-08,55.51002883911133,55.563902441299106,54.76175391689651,54.953312114299194,12330100
2013-11-11,55.647701263427734,55.80933118212107,55.372336677731866,55.581852713901874,7924700
2013-11-12,55.47410202026367,55.86320584752605,55.3723377389033,55.47410202026367,10727300
2013-11-13,55.42623519897461,55.516029131174676,55.11495474340469,55.204748675604755,9280000
2013-11-14,55.80335998535156,55.923082164632675,55.48010462076249,55.48010462076249,7909200
2013-11-15,57.03053665161133,57.04251161155644,56.288248983830925,56.36008504217447,18374500
2013-11-18,57.13827896118164,57.46752179832788,56.904817519244595,57.455551407480876,14243700
2013-11-19,57.12031555175781,57.34180658136737,56.964677650299265,57.108345162071714,12697300
2013-11-20,56.677345275878906,57.43759071320752,56.491774525916234,57.317868532671945,10455400
2013-11-21,56.68333053588867,57.10236271846652,56.64741022944752,56.77910736314578,9128400
2013-11-22,56.8748893737793,56.91080511350135,56.44388222868145,56.844956545938714,8534700
2013-11-25,56.922767639160156,57.317858989944824,56.76712974379741,56.994603675786735,10515100
2013-11-26,56.43189239501953,56.75514766863147,56.36006093451051,56.71923193837696,11857900
2013-11-27,56.15054702758789,56.521688433258234,55.95898884711399,56.4857727016404,8828100
2013-11-29,55.95901870727539,56.40199637966496,55.851266887817424,56.06078304589967,6770500
2013-12-02,55.982940673828125,56.29422563298425,55.62376958543182,55.83328567307065,9310500
2013-12-03,56.503746032714844,56.5576242119955,55.80934915110341,56.03083564617802,12599500
2013-12-04,56.67135238647461,56.809036991343774,56.222387401664896,56.38401735377687,13074000
2013-12-05,56.348079681396484,56.65936453249885,56.22237007244974,56.31216395515644,10586000
2013-12-06,57.257999420166016,57.293915155872966,56.623459164327286,56.85093766942539,12063400
2013-12-09,57.37174987792969,57.61718631835529,57.228082328497834,57.43759845623368,15516700
2013-12-10,57.293922424316406,57.455552389718015,57.10236419773151,57.4076616912947,9868100
2013-12-11,56.42592239379883,57.19215526190739,56.36606130731063,57.096373869839745,12811800
2013-12-12,57.08438491821289,57.395665207002644,56.43787443329572,56.56957152101292,15562600
2013-12-13,57.054466247558594,57.41962478418427,56.665366931872555,56.946714473355804,10629500
2013-12-16,58.19785690307617,59.1915640657854,57.54535850649789,57.635152450426425,23226000
2013-12-17,57.916465759277344,58.14393963954815,57.48545877172705,58.07809109605538,14920900
2013-12-18,59.58662033081055,59.83205209405968,58.07211284323968,58.323532083770104,21331300
2013-12-19,59.520774841308594,59.622539124786144,59.26336811026658,59.56267805021742,12905900
2013-12-20,59.07181167602539,59.62254088569459,59.023920988113105,59.496831255255366,23331000
2013-12-23,58.970054626464844,59.436977473142925,58.89821858578055,59.26337713348683,10127600
2013-12-24,59.395076751708984,59.52677388160587,58.8623053204775,58.8623053204775,4168300
2013-12-26,60.4007453918457,60.478564330265876,59.49084063796041,59.514785980652874,9531200
2013-12-27,60.76590347290039,60.903583483586054,60.45461858706766,60.60427355257379,10209000
2013-12-30,60.04756164550781,60.78985362142022,60.04756164550781,60.77787866565303,9007900
2013-12-31,60.5803108215332,60.694050024145305,60.119375669604715,60.155291389542946,8509600
2014-01-02,59.71233367919922,60.316941043362604,59.49683015468766,60.221159669309785,11028100
2014-01-03,59.568660736083984,59.96374745014243,59.347169754178566,59.72429860402165,9295600
2014-01-06,59.65846252441406,59.94579752412323,59.19752263534886,59.82607536876232,11848500
2014-01-07,60.50252914428711,60.592323066505166,59.51480513410569,59.62854440672247,11187000
2014-01-08,60.304962158203125,60.57434382984162,59.951778640390394,60.57434382984162,11180400
2014-01-09,59.71833419799805,60.09546316469613,59.28133957588999,59.98172389994712,11674300
2014-01-10,60.17327880859375,60.23912737223132,59.33521448431191,59.856010947671614,10535400
2014-01-13,58.993980407714844,59.92183831484167,58.82636303504261,59.80810366369712,12110900
2014-01-14,59.33521270751953,59.42500204878382,59.053860592603705,59.143654500975885,9265000
2014-01-15,59.13167953491211,59.47289273298726,59.04188562655383,59.35915804503414,9425500
2014-01-16,59.22747039794922,59.287331490729706,58.81442109367915,59.13767647522416,9421700
2014-01-17,59.35915756225586,60.065524732255994,59.06583049286396,59.37112795195592,15998000
2014-01-21,58.964080810546875,59.19754228798134,58.68871610811416,59.00598403554514,13847300
2014-01-22,58.59292984008789,59.23345312172868,58.56898448963018,59.19154990020484,11642800
2014-01-23,58.04816818237305,58.29958742585369,57.473493668514266,58.21578101136014,15393200
2014-01-24,56.77910232543945,57.61717118334606,56.76114445736632,57.57526796880612,14584300
2014-01-27,56.821006774902344,57.216098149529515,56.71924247553763,56.91678816285121,12474600
2014-01-28,57.257999420166016,57.419624797955066,56.73121093855592,57.0784116074157,10773600
2014-01-29,56.93474197387695,57.58723550612407,56.659377353809646,56.82699020366734,13191500
2014-01-30,56.2642936706543,56.83896833434156,55.70757687659659,56.2702811495669,14628400
2014-01-31,55.1688117980957,55.83926315855184,54.893442626928525,55.58185642063175,17361400
2014-02-03,53.90571594238281,55.258593430313844,53.660279627046975,55.02513206880775,20377900
2014-02-04,53.88776779174805,54.25891381800856,53.51063885409393,54.09728843533049,17414400
2014-02-05,53.62436294555664,54.24094061072196,53.50463624492327,54.06135284332521,16393600
2014-02-06,54.13682174682617,54.36590685677561,53.80524695661084,53.96199182102682,13646100
2014-02-07,54.607032775878906,54.63717300123161,54.106658120588236,54.329717865579795,12573800
2014-02-10,53.967994689941406,54.576884233830114,53.87153953614605,54.52865435720534,12237700
2014-02-11,54.763790130615234,54.86024992063212,53.89567501774297,53.992130208303905,13422800
2014-02-12,54.90846252441406,55.378692354026434,54.64320278485652,54.86626252943486,10752400
2014-02-13,55.119468688964844,55.252098573637326,54.498523864775535,54.61306409289312,9775300
2014-02-14,56.73513412475586,56.92804906990502,55.22195479281571,55.348554794370926,18260400
2014-02-18,56.711029052734375,57.102888896872,56.28299908741527,56.711029052734375,12979300
2014-02-19,56.638671875,57.44650633460167,56.548246591740956,56.548246591740956,12227800
2014-02-20,57.4947509765625,57.7358912597564,56.51811627158531,56.57840134238379,14424300
2014-02-21,57.28976058959961,57.62133528773187,57.235505420516965,57.56105023337732,11282200
2014-02-24,58.13980484008789,58.62811984201046,57.51885993654299,57.639430065587504,16012500
2014-02-25,58.06142807006836,58.45931776090997,57.850428051950274,58.200087853091915,10663000
2014-02-26,57.7479362487793,58.3929960000305,57.59119142526871,58.21213623448329,9087600
2014-02-27,57.77809524536133,57.904699882043545,57.3681548959385,57.62135497039015,9101200
2014-02-28,58.037315368652344,58.37492001014682,57.741915331868334,57.8504302881602,12651400
2014-03-03,57.57310104370117,58.2000756803001,57.169186150719156,57.729845852714526,11896700
2014-03-04,58.188026428222656,58.39300115389792,57.79617123404272,58.23022643064767,12566100
2014-03-05,56.548240661621094,57.44650031028282,56.30709586615733,57.392240546562626,19829600
2014-03-06,56.524131774902344,56.63264671450842,56.22872718408559,56.469872005371855,12610400
2014-03-07,57.265655517578125,57.30785552284487,56.662795671221396,56.891885356488544,12659100
2014-03-10,57.57310104370117,57.6032458683226,57.06670110613347,57.36210106971463,9964500
2014-03-11,56.674869537353516,57.627384835875716,56.379464827571496,57.488729612429005,12143600
2014-03-12,56.795433044433594,56.95217791295278,56.39754788521566,56.45180307078601,9705400
2014-03-13,56.451786041259766,57.01244578696981,56.264900992508025,56.93407567607986,9872500
2014-03-14,56.34929275512695,56.801437496909465,56.24077783312099,56.41560768521139,11723300
2014-03-17,56.861717224121094,56.98831718804438,56.518087436485416,56.63865751656842,8676100
2014-03-18,57.09683609008789,57.422380848407045,56.71100628751424,56.91598095732439,8757300
2014-03-19,56.50603485107422,57.45252428129518,56.14431539538401,57.06066460393342,9914700
2014-03-20,57.01845932006836,57.11491445969734,56.07196997772557,56.331199777192886,10405000
2014-03-21,56.8557014465332,57.86850600865626,56.8557014465332,57.331961200095435,24479800
2014-03-24,57.05464553833008,57.33196046734322,56.95819037145608,57.1269903630767,9539800
2014-03-25,57.217411041259766,57.766010925789615,57.151096112438545,57.331951246034,9796600
2014-03-26,57.09080123901367,57.621320620988605,56.91597600572137,57.609260853514456,11033300
2014-03-27,58.019203186035156,58.17594796061539,56.70496915175503,57.036543751933706,15427500
2014-03-28,58.89939880371094,59.06217352038577,58.15788384827483,58.15788384827483,12321800
2014-03-31,58.88734436035156,59.59268920945485,58.6703144684036,59.375659317506894,12375200
2014-04-01,58.917476654052734,59.038046746390755,58.646187047110885,58.869246777335846,9475300
2014-04-02,59.05007553100586,59.11639043199711,58.58587582351921,58.79687569055859,9551000
2014-04-03,59.03805160522461,59.40579639641145,58.814991856641825,58.97776655409414,10113000
2014-04-04,58.69440841674805,59.50826792070563,58.64617854702152,59.26109788740087,12496100
2014-04-07,58.34477615356445,58.79692104576437,58.32669109378937,58.62812102192265,10120700
2014-04-08,58.748687744140625,59.00791765127007,58.32668770902546,58.48343255040627,10243000
2014-04-09,58.676361083984375,58.953676113996096,58.2543563517832,58.929561163631185,10463900
2014-04-10,58.34477615356445,58.947636009831015,58.01923127924584,58.46535088449118,13443400
2014-04-11,58.30857467651367,58.74263427550759,58.04331501058335,58.181974726715985,13352500
2014-04-14,58.995853424072266,59.116423530041686,58.320648872061234,58.772793668628644,9610200
2014-04-15,59.490196228027344,59.502251398439206,58.51959172923474,58.82705146846493,12961600
2014-04-16,60.249786376953125,60.346241515603744,59.66501186319412,59.71324173224616,12508100
2014-04-17,60.53916549682617,60.87074014710756,60.09908052403905,60.09908052403905,15435700
2014-04-21,60.84663391113281,60.846633911132805,60.21965922785729,60.304059223735266,8002100
2014-04-22,60.509029388427734,60.804429351840675,60.418599514069435,60.60548454814331,8212100
2014-04-23,60.5873908996582,60.85867588480052,60.484905869667,60.64164605690514,8686000
2014-04-24,60.2920036315918,60.64768866895709,60.20157375108129,60.57534844411251,9057800
2014-04-25,60.53315353393555,60.62960870831976,60.243778811872566,60.27994892733475,10391500
2014-04-28,60.99134063720703,61.16617057636047,60.47288070715379,60.72005549682272,12710800
2014-04-29,61.160118103027344,61.8353226601218,61.027492825244366,61.232462926826486,10094600
2014-04-30,61.73886489868164,61.73886489868164,60.71400063549749,60.96720060896651,13966700
2014-05-01,61.13600158691406,61.72680149018221,61.009397008188024,61.46757164706741,11161700
2014-05-02,61.497718811035156,62.040293456745765,60.876774060731975,61.05762920966587,11168100
2014-05-05,62.040306091308594,62.172931387754254,61.23850142932883,61.30481637727936,7614200
2014-05-06,61.895633697509766,62.275438432579875,61.73889341266042,61.853433682441604,9669800
2014-05-07,62.16086196899414,62.36583205244364,61.96794705538399,62.16689185364099,11007400
2014-05-08,61.684627532958984,62.269402397932076,61.594197624037825,62.14882765288512,8922500
2014-05-09,61.87882995605469,62.01843112367651,61.46003571455306,61.73316259512725,8948800
2014-05-12,62.04878616333008,62.12161753496777,61.62391642915349,62.10948051658893,8830500
2014-05-13,62.127681732177734,62.34011426126414,61.87276269727405,62.01843005569304,7528800
2014-05-14,62.08519744873047,62.321908651140205,61.97594576833505,62.12768395606857,6999200
2014-05-15,61.16869354248047,62.16409561918567,60.895566674495896,61.90917659164251,13658700
2014-05-16,61.14445114135742,61.30226023657788,60.889531962628986,61.053407254473136,10369200
2014-05-19,61.22332763671875,61.36899500506997,60.9501961115428,60.9501961115428,5851400
2014-05-20,61.10192108154297,61.35077388636082,60.968390759999835,61.11406272750933,6134100
2014-05-21,61.927391052246094,62.042713561612175,61.13228439676132,61.21118659066947,7747900
2014-05-22,61.6057014465332,61.89096996753954,61.587493605733954,61.79385530903449,5304300
2014-05-23,61.4964485168457,61.86669004115204,61.466099029011396,61.636049677929115,5410900
2014-05-27,61.52073287963867,61.848487929745936,61.25974300440597,61.67247107150229,8359700
2014-05-28,61.338653564453125,61.951677239796865,61.33258737004221,61.441839068314536,7586700
2014-05-29,61.46611022949219,61.69675526542542,61.31437202403403,61.62999008456923,6113700
2014-05-30,61.0169677734375,61.39328019825601,60.9198577277737,61.18084763210147,11499000
2014-06-02,60.658843994140625,61.22937628615803,60.49496419985543,61.01694380345576,7761300
2014-06-03,60.93199920654297,61.11408692267809,60.44643505063796,60.44643505063796,9384200
2014-06-04,60.719566345214844,60.97448544208368,60.67100900371136,60.822747222897526,7148800
2014-06-05,61.02909851074219,61.19904453327786,60.670993994100456,60.7559670053683,12296100
2014-06-06,61.6663932800293,61.684601120086626,61.05944058114971,61.06551140472936,9340900
2014-06-09,61.61784744262695,61.88490816175086,61.41755653396649,61.57536093101019,6404800
2014-06-10,61.58142852783203,61.74530837167984,61.30223080460185,61.59357017661895,7917500
2014-06-11,61.87882995605469,62.10947496076188,61.30222670565054,61.41754920800414,10270300
2014-06-12,61.70282745361328,62.48579253607707,61.64819929048637,62.18838694339875,11421000
2014-06-13,62.303688049316406,62.309758872173354,61.68459377697628,61.86668141723656,8240300
2014-06-16,62.46756362915039,62.667859108609164,62.012349156206504,62.255131134579464,8977600
2014-06-17,62.16410827636719,62.26728914699822,61.57536328525196,62.261222952737086,9355400
2014-06-18,62.35227966308594,62.485805424607626,61.94561766027432,62.25516496668806,9575100
2014-06-19,62.29155731201172,62.41901683024203,61.7149540680153,62.279420294853445,11105600
2014-06-20,63.0199089050293,63.159505452678815,62.479721295744284,62.68608302033305,17674400
2014-06-23,63.353729248046875,63.49333042437126,63.05025285929859,63.18985403562297,8553700
2014-06-24,62.35227966308594,63.40837651765309,62.19447059678119,63.23235960344463,9708400
2014-06-25,61.994144439697266,62.285483754550405,61.62390294593952,62.1155331196553,10714800
2014-06-26,61.927391052246094,62.13982359790819,61.21118659066947,61.8727675250825,8424200
2014-06-27,61.4296989440918,61.781732717345506,61.095877646571516,61.70889670646039,15147400
2014-06-30,61.10801696777344,61.46611694907519,61.010902282935845,61.42970125760262,9454800
2014-07-01,61.52073287963867,61.66032942297121,61.174769987416916,61.39327335415509,8399600
2014-07-02,61.6482048034668,61.69069132050597,61.32652051292971,61.39328570123172,6954400
2014-07-03,62.26728439331055,62.68001247500832,61.71495976334162,61.87883497885175,6922600
2014-07-07,62.303688049316406,62.3036880493164,61.92130493090602,62.10946339402326,7979600
2014-07-08,62.4129753112793,62.65575742656284,62.01238412645889,62.10949882484579,9613600
2014-07-09,62.84996032714844,62.93493334333301,62.40081194939333,62.491855789785966,7655300
2014-07-10,62.25513458251953,62.558610914623195,61.93345041139865,62.443288426605775,8533700
2014-07-11,61.751373291015625,62.21265869107213,61.49645423993786,62.15196434043678,7680800
2014-07-14,62.32191467285156,62.56469672281985,62.00630124937049,62.01236744337492,8253100
2014-07-15,62.145896911621094,62.27335644412395,61.75137666491279,62.23086993328966,8755800
2014-07-16,62.983516693115234,62.995658347439566,62.23696702612058,62.24910404976058,8870200
2014-07-17,62.09733963012695,63.056326167713706,62.08520261159906,62.74677894240509,8145700
2014-07-18,62.35227966308594,62.491876250803394,61.82422892046057,62.328000988986474,8208300
2014-07-21,62.564701080322266,62.631466264480665,61.94560657825034,62.127694286079205,6632400
2014-07-22,62.84389114379883,63.23841137534648,62.81961247701474,62.90458549541796,7426300
2014-07-23,63.274837493896484,63.39622621715116,62.83783068108692,62.90459586808188,7007200
2014-07-24,63.29301452636719,63.56007514433386,63.09271906289218,63.37798751741463,7943000
2014-07-25,62.62538528442383,63.11701553288615,62.491854937759484,63.08059984949843,7775500
2014-07-28,63.34763717651367,63.43867635140241,62.41292972532008,62.692127333232925,9197800
2014-07-29,62.84996032714844,63.58437261313341,62.831747854524245,63.25054674192111,8055400
2014-07-30,62.66786193847656,63.21412025681262,62.25513394580947,62.959201251816225,11072100
2014-07-31,60.0518913269043,61.897027774329096,60.04582050435398,61.897027774329096,18291800
2014-08-01,59.96693801879883,60.42215261520464,59.590625618724374,59.857686330434134,14915000
2014-08-04,60.7741813659668,60.95626905574999,59.669527470298426,59.930517355957114,12148200
2014-08-05,59.60274124145508,60.416060103030155,59.347822270340174,60.37964443020822,13069400
2014-08-06,60.07619094848633,60.48284821831431,59.602763868668944,59.602763868668944,9911300
2014-08-07,59.645240783691406,60.59815635331577,59.25679141968412,60.55566984883628,10017100
2014-08-08,60.5374755859375,60.567825080521864,59.675603655661185,59.9730092537205,11199300
2014-08-11,60.34188461303711,60.763596209455095,60.22575876470626,60.67803126740277,8589600
2014-08-12,60.1952018737793,60.317440844107786,59.78571181479371,60.02407197825934,9583700
2014-08-13,60.561920166015625,60.69638072567914,60.189104063685996,60.3969033555727,7645800
2014-08-14,60.561920166015625,60.67804604262334,60.26244279590918,60.56803328134781,6547300
2014-08-15,60.525272369384766,60.76974577744717,59.98132148449069,60.65361985945549,9226900
2014-08-18,60.8247184753418,60.830831589699635,60.56802362759295,60.67803637133389,7135400
2014-08-19,60.8063850402832,61.08752768828006,60.76971567926538,60.81249815476621,8888100
2014-08-20,60.93473434448242,61.05697332320878,60.531357372036084,60.84306093911297,6751800
2014-08-21,60.67804718017578,61.16088071577355,60.66582561222305,60.995863902237,6826200
2014-08-22,60.201324462890625,60.4946933749113,59.944629579210456,60.439684663870885,8095000
2014-08-25,60.354122161865234,60.44580024204105,60.20132691588583,60.39079152875922,7569800
2014-08-26,60.89807891845703,61.30756909928387,60.519144992099186,60.58026682691982,8536500
2014-08-27,60.830833435058594,61.093641405137795,60.56191235043612,60.98362865805952,5848700
2014-08-28,60.85527801513672,60.959177642182404,60.51301822583803,60.53135290555905,6072700
2014-08-29,60.78805160522461,60.91639903435672,60.33577904595811,60.73915601423899,8873700
2014-09-02,60.1952018737793,60.867499890296216,59.779598700542294,60.769713376973364,8957100
2014-09-03,60.57415008544922,60.86751435808841,60.42135483342517,60.42135483342517,8475100
2014-09-04,60.11574172973633,60.781926539906976,59.87738159922213,60.506897054833445,9662900
2014-09-05,60.66582107543945,60.69026887245748,59.96296206572775,60.348004377145585,9476900
2014-09-08,59.7551383972168,60.45799717491297,59.55956074857376,60.45799717491297,10080100
2014-09-09,59.52291488647461,59.91407033812449,59.26010688024664,59.70627104447209,9756400
2014-09-10,59.168418884277344,59.60846985936356,58.569464239363334,59.50457022995154,12113700
2014-09-11,59.302894592285156,59.35790330971223,58.563366105569834,58.86895662055672,10181100
2014-09-12,58.53889083862305,59.03394574848299,58.44721279455368,58.997276396030855,10257500
2014-09-15,58.85060119628906,58.91783145892897,58.30665064434037,58.5083414322601,10689400
2014-09-16,59.54736328125,59.92629716886625,58.68559585815106,58.81394796779882,11574100
2014-09-17,59.33341979980469,59.85292243003731,59.162289960475206,59.840700868487374,8774200
2014-09-18,59.04619216918945,59.480130085728796,58.96674032405654,59.37623044295331,8636600
2014-09-19,59.357913970947266,59.62683050163563,59.205118686010366,59.33346616580432,18178100
2014-09-22,59.0034065246582,59.284549188059046,58.83838506515618,59.223432028700664,8816900
2014-09-23,58.691688537597656,59.382325791279406,58.691688537597656,58.84448372994293,10300700
2014-09-24,58.5633544921875,58.82616246947785,57.96439514989546,58.59391540280231,12200000
2014-09-25,57.603790283203125,58.606126420135645,57.573229378089316,58.465557447666754,12854200
2014-09-26,58.324989318847656,58.52668012058624,57.328766201470195,57.65269130932557,11256800
2014-09-29,57.71381378173828,57.92772616862843,57.32877148533602,57.8849436912504,14015000
2014-09-30,57.4815673828125,57.94606152462785,57.21875940073313,57.518236745866254,15576500
2014-10-01,56.754249572753906,57.78103350529267,56.66868463362063,57.51822557425776,14028600
2014-10-02,57.02317428588867,57.389881857613986,56.26530668632463,56.46699748280247,13756500
2014-10-03,57.40210723876953,57.5182330983294,56.583127096235955,57.206529543318226,11563000
2014-10-06,57.76883316040039,58.26389300197716,57.396016994536645,57.45713416945161,10595400
2014-10-07,57.065948486328125,58.1782972683225,57.04150069669825,57.61600743271353,10787900
2014-10-08,57.823829650878906,57.958290205015416,56.485341887535334,57.096522833289946,15583700
2014-10-09,56.11861801147461,57.750469545262234,56.00249217324804,57.48155317775643,17915600
2014-10-10,55.98418426513672,57.00485551808537,55.55635938753593,56.497578781199124,18173100
2014-10-13,55.51968765258789,56.552585180786586,55.47079670950957,55.81305662576596,14451100
2014-10-14,55.34242630004883,56.36921028613115,55.042944334525856,55.91693311233961,23120500
2014-10-15,55.1407356262207,55.37909577860405,53.117728556476045,54.395094262174474,24703500
2014-10-16,55.37297821044922,55.782468217456746,53.89392182926603,54.138395075951195,25212600
2014-10-17,55.74580001831055,56.38142860769529,55.31186221134335,55.696904435371856,18189200
2014-10-20,56.08805847167969,56.161401844386056,55.391312751256784,55.391312751256784,10821700
2014-10-21,57.23711013793945,57.469357273995165,56.44868597053911,56.75427651621637,15757000
2014-10-22,56.919281005859375,57.81160464602083,56.827607592405634,57.426562320693144,12733600
2014-10-23,57.51823806762695,58.04996715882717,57.371555949100866,57.64047238924194,11345100
2014-10-24,57.750484466552734,57.7749322631771,56.97428674122606,57.56713298628066,9734100
2014-10-27,57.273746490478516,57.359311420900916,56.699235103694676,57.359311420900916,11387700
2014-10-28,58.123313903808594,58.184431073046234,57.40823323155185,57.719936856487266,12564100
2014-10-29,57.81159210205078,58.661137740226366,57.2187506176086,58.31887330681458,12409100
2014-10-30,57.72603225708008,57.86049279676506,56.97428238584504,57.37155089047611,9767900
2014-10-31,59.10731887817383,59.217331653863134,57.64048342329681,58.056086724462936,17493700
2014-11-03,58.2210807800293,59.345651145565164,57.939938188645336,59.015612974043336,13410000
2014-11-04,57.76883316040039,57.994971836821456,57.38379076178872,57.75661159059401,13498500
2014-11-05,58.10498046875,58.53280532555403,57.84828555466759,58.282223527409165,12480000
2014-11-06,58.83226776123047,58.9300542689026,57.62212767107761,58.172191348419815,14731400
2014-11-07,59.460182189941406,59.81107504254163,58.9246187761965,58.97386739023931,13233500
2014-11-10,59.269344329833984,59.77413083667954,59.14007025209858,59.63254695484806,9087600
2014-11-11,59.349365234375,59.41092363846233,58.85688860846601,58.961538365074986,7990000
2014-11-12,58.71533203125,59.34324030610258,58.54912378002887,59.035443421420105,11592800
2014-11-13,58.2720947265625,58.61066840194002,57.761150891243396,58.4567699958757,12355400
2014-11-14,58.53679656982422,58.549111072639136,58.26593856378342,58.40136991510718,9352500
2014-11-17,58.54911422729492,58.5675812859056,57.98276917906854,58.38905855832417,8704400
2014-11-18,58.401363372802734,58.943084020805806,58.19205911785656,58.53063745823735,9263200
2014-11-19,58.856910705566406,58.93693619126399,57.945830014562326,58.53064681446715,8333200
2014-11-20,58.98619079589844,59.03543942129651,58.64145981132683,58.70917549709731,8422400
2014-11-21,59.595619201660156,59.835700347208174,59.15854827780076,59.835700347208174,12374900
2014-11-24,58.92462921142578,59.58947152892456,58.635299423443506,59.30629429633247,10172400
2014-11-25,58.345951080322266,59.11544295402689,58.093560187982106,59.103133150554115,13747400
2014-11-26,58.16127395629883,58.561405960322254,58.087401048048626,58.25976647069358,9822100
2014-11-28,55.73582077026367,56.54224653121971,55.47111544998434,56.32678980462127,19556700
2014-12-01,56.85007095336914,57.17018227198214,55.57579232349796,55.625040941224064,27584200
2014-12-02,57.982757568359375,58.278239840175424,56.64076345096259,56.831595947202366,20885300
2014-12-03,58.45061492919922,58.68454352098839,57.865802842939885,58.278249459422014,16220400
2014-12-04,58.09356689453125,58.241308036288764,57.29329337484946,57.94582105616752,12868600
2014-12-05,57.75501251220703,58.229017691266,57.4656826628065,57.83503801873154,11831900
2014-12-08,56.449928283691406,57.33022727343284,56.24678597575585,57.188643382950666,15735900
2014-12-09,56.25293731689453,56.6715411217999,55.87127231894965,56.16060204100858,15883800
2014-12-10,54.584693908691406,55.85282016287733,54.29536410945187,55.84666291064041,22279400
2014-12-11,54.91094207763672,56.351433408411,54.695485277219156,54.70164252768994,21522200
2014-12-12,53.3104133605957,54.78783917658921,53.3104133605957,54.609316440398466,24568300
2014-12-15,53.495079040527344,54.541586169618576,53.24884068762178,53.8829012761446,21373600
2014-12-16,53.19345474243164,54.91095706054195,53.05802337475675,53.1749829859791,26372400
2014-12-17,54.800148010253906,55.34187346123579,53.64899082013163,53.704391997650895,23323000
2014-12-18,56.11750793457031,56.11750793457031,54.41846849230094,55.63118848673718,22882700
2014-12-19,57.64418411254883,57.64418411254882,55.163342665289946,55.53269788458641,38469000
2014-12-22,57.45334243774414,57.662641973211514,56.91161715233554,57.22557115214228,17871800
2014-12-23,58.228973388671875,58.59217591156378,57.28096375183208,57.57028868449615,13706500
2014-12-24,57.73036193847656,58.019691656283165,57.23788992010038,58.00122460137739,6875700
2014-12-26,57.37946701049805,58.130491798435884,57.016269116078696,57.85962916761096,10585000
2014-12-29,57.29329299926758,57.77961247999618,57.18248596952428,57.45334864147595,9892100
2014-12-30,57.26250457763672,57.49027586052755,56.948555278172414,57.108606204587524,8743400
2014-12-31,56.911624908447266,57.330228733036456,56.671543786642346,56.8931578524017,11337200
2015-01-02,57.14553451538086,57.28096581025465,56.5176266385305,56.78848922827809,10220400
2015-01-05,55.581939697265625,56.88084240516876,55.09562025101038,56.696162469819114,18502400
2015-01-06,55.28646469116211,56.27141829713396,54.8001451397804,55.55117015086084,16670700
2015-01-07,55.84665298461914,56.314505442715735,55.40342483448621,55.803561619834355,13590700
2015-01-08,56.776180267333984,56.800799869852824,56.01899833324661,56.172896680315965,15487500
2015-01-09,56.69615936279297,57.11476312292036,56.24677874619782,56.81928087848078,14488400
2015-01-12,55.6065788269043,56.22832506869176,55.29262473174962,56.16676663936521,15176300
2015-01-13,55.4034309387207,56.28373008483355,54.85555294183303,55.945151683787444,17469000
2015-01-14,55.243377685546875,55.335717680474396,53.716707929626416,54.757058095761984,23272100
2015-01-15,54.763206481933594,55.80971842734122,54.486191238605784,55.66812983182727,18759600
2015-01-16,56.092891693115234,56.135983058150046,54.77552173735779,54.77552173735779,17713100
2015-01-20,56.074424743652344,56.49918587581936,55.63735380468072,56.10520630557431,16761000
2015-01-21,56.55457305908203,56.628441268713345,56.02516230589914,56.47454290317425,14276400
2015-01-22,57.17018127441406,57.231739697194215,56.21600928319863,56.82544565295334,13559000
2015-01-23,55.9512825012207,56.93007842760472,55.88972410191592,56.80695693239032,14706300
2015-01-26,56.48686599731445,56.59767302522673,55.6927497467108,55.77893246879746,10672500
2015-01-27,55.98826599121094,56.388402984577866,55.772809055277655,56.16678879430108,12301500
2015-01-28,54.141456604003906,55.97592764468119,54.06143112476812,55.94514608526389,17829700
2015-01-29,53.9136848449707,54.33228865156176,52.95951295305392,54.30766434569098,22683000
2015-01-30,53.815189361572266,54.43078293842834,53.09494600383617,53.655138413146204,22679900
2015-02-02,55.14487075805664,55.151023311935774,53.864435060295044,54.079891861215025,20306300
2015-02-03,56.788509368896484,56.83775798388161,55.90205308558989,55.95745895159977,21900900
2015-02-04,56.30218505859375,56.800814327098706,55.71737306952266,56.41299208455108,19632200
2015-02-05,56.85622024536133,56.9670272714297,56.449926250908604,56.87468730027172,12809000
2015-02-06,56.75080490112305,57.234581497265026,56.415881550264906,57.122940380312315,12331200
2015-02-09,56.78801727294922,57.240785341409754,56.58954470106664,56.68878335298762,11360700
2015-02-10,56.44688034057617,56.89964355906121,56.00651958436879,56.89964355906121,12952900
2015-02-11,56.19257736206055,56.335231684860744,55.69019489803257,55.83284448887527,12240600
2015-02-12,57.290374755859375,57.47024116958771,56.453064446306854,56.72596586464734,14843000
2015-02-13,57.91061782836914,57.96023241018939,57.23456769102278,57.49506199042236,12061000
2015-02-17,57.71212387084961,57.724526328708826,57.240750028939615,57.526053879266165,11758700
2015-02-18,56.44688034057617,57.05470036330148,56.06233776255538,57.05470036330148,19177900
2015-02-19,55.4731330871582,56.08095321165155,54.93973721270792,55.59717665853593,19350600
2015-02-20,55.770816802978516,55.7832239942309,55.10717402968614,55.44830080977162,15959900
2015-02-23,55.206424713134766,55.54134797088795,55.03896071827916,55.36148151402283,12771800
2015-02-24,55.460731506347656,55.684013743002446,55.28086499726689,55.40491331316367,9990700
2015-02-25,55.57233428955078,55.634356038735376,55.249818354617176,55.55372823799102,9925700
2015-02-26,54.9831428527832,55.31186251541484,54.629613534033965,55.280849262278316,13984000
2015-02-27,54.9149055480957,55.373872256639864,54.79085729446415,55.13198407700463,13090600
2015-03-02,54.60479736328125,54.902503737258456,54.17683912723684,54.79086266402763,13793700
2015-03-03,54.34429168701172,54.59237870255817,54.04037704864127,54.53656054364717,13493800
2015-03-04,54.07140350341797,54.55517992667901,53.91634671483647,54.55517992667901,13467600
2015-03-05,53.79850769042969,54.07761277835856,53.66205694503665,54.003183808519225,12527600
2015-03-06,53.11004638671875,53.711667448018744,52.91777749445242,53.593827513383275,16070500
2015-03-09,52.81855392456055,53.57522718100878,52.79374426717495,53.41397150593988,14503800
2015-03-10,52.260353088378906,53.04803966925983,52.24794589260891,52.607678858599314,17195500
2015-03-11,52.111473083496094,52.67588195327209,52.09907062493207,52.67588195327209,13004700
2015-03-12,52.23554229736328,52.545655937474,52.13630366118771,52.36578945837475,10792900
2015-03-13,52.018428802490234,52.21069761616106,51.280357319887315,52.037034851302835,16799900
2015-03-16,52.5704460144043,52.63246777293206,51.64630430410029,51.91920571997067,13516200
2015-03-17,52.14869689941406,52.62626969530339,52.11148005482978,52.43400080412108,12979700
2015-03-18,53.382972717285156,53.569042832120445,51.74557274178908,51.813798135098054,18745700
2015-03-19,52.3533821105957,53.02942751162622,52.30376279713708,52.837158586921795,12738500
2015-03-20,52.43401336669922,52.96740919128172,52.34097833088441,52.51464120736085,36083500
2015-03-23,52.98599624633789,53.203074764068866,52.72550202506072,52.73170088845533,17450700
2015-03-24,52.42159652709961,53.2030840594252,52.409194066186714,52.905377677939576,10174300
2015-03-25,52.632476806640625,53.072837519314064,52.576653902014534,52.75032148043974,11934700
2015-03-26,52.29754638671875,53.0728302247168,52.15489207846601,52.90537099777031,14400700
2015-03-27,51.83857345581055,52.13008090101243,51.68351670682711,52.123877306105285,11579300
2015-03-30,53.11004638671875,53.2278910533116,52.254134667772064,52.26653712806519,15653200
2015-03-31,52.71931076049805,52.93018573220025,52.384387512537586,52.62627573629383,13354000
2015-04-01,52.384376525878906,53.33952675893181,52.26033300759438,53.15345674954813,14522300
2015-04-02,52.285152435302734,52.68209744639275,52.00604736903276,52.15490056520207,11297400
2015-04-06,52.799922943115234,53.11624003888152,52.223111642344485,52.81233013304297,10916400
2015-04-07,53.18446350097656,53.4449576967404,52.57044011611715,52.72549686101795,11836100
2015-04-08,52.13628005981445,53.277500199425816,52.11147041200155,53.21547844587178,16257100
2015-04-09,52.50222396850586,52.55184327123723,51.98123075374075,52.09907541473848,13281800
2015-04-10,53.06663131713867,53.36434241929175,52.576651320402675,52.94879138108339,13372400
2015-04-13,52.93017578125,53.494584685210135,52.86815402076,53.28990861683182,9880500
2015-04-14,53.73028564453125,54.25748259927532,53.0480366072817,53.091452326053265,15693800
2015-04-15,54.629600524902344,54.908700808835675,54.04658557486915,54.04658557486915,15332800
2015-04-16,54.41252136230469,54.67921918398356,54.027978886501664,54.50555163455335,9570800
2015-04-17,53.91634750366211,54.183045373202525,53.438774669905314,54.04659464014123,14430100
2015-04-20,54.108612060546875,54.64200775675047,54.00937818299781,54.04038669950055,11593600
2015-04-21,53.88533020019531,54.34430167360354,53.76749026574282,54.195443758572964,10100500
2015-04-22,54.245059967041016,54.455939635317726,53.550403932424395,53.9845657285437,8663600
2015-04-23,54.294681549072266,54.8156700479434,54.152027232310516,54.18304048046312,9866100
2015-04-24,53.94114685058594,54.183035019533754,53.7488779808984,54.077597557573284,8405700
2015-04-27,53.96595764160156,54.33188933448273,53.810900877101346,54.21404941119328,10534600
2015-04-28,54.45594024658203,54.493152357654466,53.984566334516856,54.096207399691316,9633800
2015-04-29,54.49936294555664,54.62340648635053,53.9349539514416,54.26987718993441,12534100
2015-04-30,54.18926239013672,54.99555506306646,54.096227346194354,54.99555506306646,13947700
2015-05-01,55.10718536376953,55.16920713691667,54.39392314268255,54.48695816838224,12257100
2015-05-04,55.2684440612793,55.74601690499158,55.16920544172682,55.46071297171494,10343700
2015-05-05,54.95832061767578,55.876254024138035,54.902497721198536,55.80182980477768,11895000
2015-05-06,54.69782257080078,55.79562231740679,54.44973081567116,55.603353454860745,11273500
2015-05-07,54.331912994384766,54.64202665843029,53.91015822200448,54.580004872012985,9992500
2015-05-08,55.19402313232422,55.24364244932454,54.468358366038885,54.87150703573913,11390300
2015-05-11,54.268489837646484,55.38787964935559,54.18719513004944,55.362864792149686,11997800
2015-05-12,54.41855239868164,54.693710946566064,54.04333923317194,54.33725772366772,9788900
2015-05-13,54.13090896606445,54.862580397973055,54.03085431118815,54.58116684074789,8629400
2015-05-14,54.38729476928711,54.618673787560404,54.24971547674899,54.362279918726095,8791300
2015-05-15,54.62493896484375,54.79378804510785,54.155921163592495,54.28099543991698,8422200
2015-05-18,54.31226348876953,54.69373170362041,54.26848868236514,54.59992718386926,6395400
2015-05-19,54.399803161621094,54.53738246263808,53.91202547335738,54.074619626477016,9777100
2015-05-20,54.48736572265625,54.65621482174976,54.34979116000123,54.64995991446206,7276600
2015-05-21,54.537384033203125,54.6812182441617,54.3810447813807,54.58115883286959,8357400
2015-05-22,54.105899810791016,54.46860811151579,54.093394766774814,54.399818441685355,7598400
2015-05-26,53.37422180175781,54.01208864710495,53.174107742081276,53.805719681192905,11289000
2015-05-27,53.224151611328125,53.71192946338113,53.0115276826069,53.34297100593989,10778300
2015-05-28,53.224151611328125,53.51181535045947,53.04279745100899,53.224151611328125,8038900
2015-05-29,53.2804069519043,53.518045631777255,53.08029293106604,53.21787221497258,14631300
2015-06-01,53.236629486083984,53.4492533062901,53.03026534167973,53.311674029291034,9077500
2015-06-02,53.24288558959961,53.524294283547064,53.09905617574895,53.23038055099739,9328300
2015-06-03,53.12406539916992,53.68063264436607,53.067785569722716,53.29916933444812,8179500
2015-06-04,52.66757583618164,53.08656394900009,52.39241718485201,52.96774457299938,12607300
2015-06-05,52.70509719848633,53.155355087307136,52.517492925541774,52.61129267646596,11388500
2015-06-08,53.06154251098633,53.28667142122404,52.48621519419904,52.64255445013659,12244700
2015-06-09,52.89270782470703,53.4242604372612,52.836423201372696,53.336710819715634,8105500
2015-06-10,53.286685943603516,53.761958747087924,53.15536150535719,53.68065925834251,10147000
2015-06-11,53.21161651611328,53.5930846081288,53.0865470441157,53.34294566413363,7759300
2015-06-12,52.54248809814453,52.95522596944478,52.44243346852602,52.89269122954636,8347300
2015-06-15,52.354896545410156,52.51749072536062,52.02345804977358,52.23607717108912,9563900
2015-06-16,52.95522689819336,52.999001693999475,52.15477076282731,52.41116463223601,9100100
2015-06-17,52.98651885986328,53.236657928672436,52.78640474215781,53.17412316147014,9090200
2015-06-18,53.45553207397461,53.75570083861182,52.98025929701979,53.030289014824824,10247800
2015-06-19,53.286685943603516,53.45553505784648,53.105331784759514,53.105331784759514,16129600
2015-06-22,53.26166534423828,53.53056909960485,53.13659582731738,53.399244675509024,9465100
2015-06-23,53.199127197265625,53.330451612996754,52.898953696240234,53.29293171452956,10223900
2015-06-24,52.95522689819336,53.36796000563745,52.942721858432286,53.086551285611705,11800100
2015-06-25,52.486202239990234,53.06152941478004,52.486202239990234,53.06152941478004,10259400
2015-06-26,52.44243240356445,52.59251673049182,52.21104862243476,52.423672459085374,19023300
2015-06-29,51.792083740234375,52.186057063409606,51.779578695365565,51.935917997258464,11739200
2015-06-30,52.02970504760742,53.09281490335712,51.779566042579916,52.3673984297094,14981100
2015-07-01,51.510658264160156,52.23606990962032,51.34806410681232,52.0797306582346,13529100
2015-07-02,51.99217987060547,52.07972946769246,51.62322153589532,51.773305877887985,9188000
2015-07-06,51.610713958740234,51.94215241507563,51.35432006219783,51.54192430503718,11694400
2015-07-07,51.823341369628906,52.04847029330682,50.96034557183166,51.398098377247926,15641500
2015-07-08,51.26052474975586,51.89213678745914,51.22300484867718,51.435623982918045,10057000
2015-07-09,51.029136657714844,51.99844203794851,51.016631615425474,51.823342819322114,11980500
2015-07-10,51.41684341430664,51.585687672550684,51.104164974444494,51.335543966442096,8628700
2015-07-13,51.541927337646484,51.660746704869254,51.323053322574815,51.348068177310964,8026700
2015-07-14,51.973419189453125,52.10474358322698,51.441866708627025,51.51690649301486,9310200
2015-07-15,51.754554748535156,52.16728795210285,51.529425811645126,51.66075022964831,9289200
2015-07-16,51.84836196899414,52.20481534246044,51.77957230296588,52.017206294911325,8267600
2015-07-17,51.66073989868164,51.804569330595655,51.14794737188914,51.59820515562793,12156000
2015-07-20,51.12919616699219,51.53567922297513,51.029136744124315,51.373085046362775,12957100
2015-07-21,51.066654205322266,51.54817698939454,50.922819998025496,51.23549849371002,8677100
2015-07-22,51.1479377746582,51.573180627165335,51.016613407558175,51.49813608692496,13181500
2015-07-23,50.741455078125,51.260502415344924,50.635145557324066,51.11041810532629,10496100
2015-07-24,49.991050720214844,50.75398718556706,49.853471387630506,50.75398718556706,14888500
2015-07-27,49.5657958984375,50.10985342113395,49.38444180050696,49.54703595228868,14996100
2015-07-28,51.5794563293457,51.698270935433335,49.75966485627238,49.84095956265825,19777300
2015-07-29,51.99217987060547,52.02969976332984,51.22299344318472,51.391837731539574,13913800
2015-07-30,51.91086959838867,52.10472868073841,51.54190660332686,52.01717910992925,11139900
2015-07-31,49.53452682495117,51.07290445463925,49.359427630350204,51.07290445463925,26232700
2015-08-03,48.81536865234375,49.359430990689006,48.54646493630123,49.21559677327743,15767700
2015-08-04,48.258792877197266,49.15930837818697,48.108708550730555,48.70279572252005,18874400
2015-08-05,48.258792877197266,48.92167446369012,48.08994860630905,48.69654558844269,16544400
2015-08-06,48.83412551879883,48.94043983413224,48.09620884390196,48.114968790403374,13005200
2015-08-07,48.046180725097656,48.759087342254745,47.91485632415771,48.49643854037485,12187600
2015-08-10,49.24686050415039,49.24686050415039,48.20876566244526,48.20876566244526,14876000
2015-08-11,48.91231918334961,49.278421073523205,48.180120218738516,48.609341962040226,14486400
2015-08-12,49.7328987121582,49.78339652805359,48.57778645616924,48.880768535804805,16492400
2015-08-13,49.644535064697266,50.04850800207009,49.40467282231277,49.436235164438294,13154100
2015-08-14,49.461463928222656,50.042174187192565,49.392030656418065,49.63820141436695,9129300
2015-08-17,49.720279693603516,49.979077429089706,48.88708486284167,49.19006699027213,9365400
2015-08-18,49.17111587524414,49.657144032088134,48.96912945976227,49.56877527629832,9815300
2015-08-19,48.11700439453125,48.96913452245138,47.927640003555,48.92495013998845,17010100
2015-08-20,47.0692138671875,48.085459855722746,47.0692138671875,47.97184214223004,17811200
2015-08-21,45.529052734375,47.271188982709184,45.49118177758636,46.77253385013125,25488800
2015-08-24,43.37663269042969,45.05564416917674,42.00691191276346,42.91584853859603,35531200
2015-08-25,43.37032699584961,45.0935279835896,43.04840937524676,45.01146781252624,30409700
2015-08-26,45.762596130371094,45.92039818599306,43.64804954818401,44.5822350206536,34436000
2015-08-27,47.245941162109375,47.271190072462915,46.08452018027017,46.583175324343706,24571000
2015-08-28,47.38479995727539,47.95920173781001,46.968205044395106,47.15756461725471,18997300
2015-08-31,47.49211120605469,47.6877890540133,46.26757037714545,46.88615181514619,19570100
2015-09-01,45.497493743896484,46.29912613644436,45.13770521877863,46.267568612049054,24092900
2015-09-02,46.223365783691406,46.22967439661135,45.44697779411846,46.11605675949666,16936900
2015-09-03,46.57685852050781,47.283813512009296,46.29281191139934,46.482176317471655,13451900
2015-09-04,45.737342834472656,46.1665645772043,45.604789698358836,46.03401144109048,14902500
2015-09-08,46.39381408691406,46.53268069551535,46.05927442932235,46.53268069551535,13626900
2015-09-09,45.44699478149414,47.13863311321256,45.35231257921866,46.94296009338359,17246200
2015-09-10,45.77522659301758,46.06558666660141,45.3207606344781,45.958277589086755,12353900
2015-09-11,45.88252258300781,45.90145805724529,45.45330084259269,45.69947163915206,12172300
2015-09-14,45.75628662109375,45.81309787016944,45.29550727600088,45.642668938679336,10738500
2015-09-15,45.98984146118164,46.2738832966786,45.70579962568468,45.7247351059528,11979800
2015-09-16,46.898780822753906,47.15126030204265,46.311756883506554,46.40012566440509,15214200
2015-09-17,46.999752044677734,47.63727354012623,46.61471473892783,46.96819453080001,15603000
2015-09-18,45.87620162963867,46.43166298436924,45.52272665987697,46.24230345731202,23180200
2015-09-21,46.324378967285156,46.46324557044464,45.9077839735441,46.14132797364197,10853000
2015-09-22,45.914085388183594,46.4064270379921,45.459614691210625,45.66791456327934,14245200
2015-09-23,45.636348724365234,46.204432176316935,45.630035294797665,45.996137157944666,13784800
2015-09-24,45.90777587890625,46.172882175063926,45.27025422941956,45.446991760191345,14584200
2015-09-25,46.223365783691406,46.41272530172587,45.92669724146219,46.26123672415129,15175300
2015-09-28,45.825714111328125,46.368553545678616,45.699474398299046,45.83834097207285,14571900
2015-09-29,46.05925750732422,46.19812406490646,45.535353609440605,45.85727110058709,13754400
2015-09-30,46.930320739746094,46.930320739746094,46.28649060396966,46.330674977839266,18176500
2015-10-01,46.747276306152344,47.70671543731146,46.267561556309026,47.466853246653564,14397800
2015-10-02,47.89608383178711,47.90871069453703,46.09714114889422,46.32437652102144,18811300
2015-10-05,48.483089447021484,48.69770269115879,47.83925934608018,48.38209866181328,18486700
2015-10-06,49.16482162475586,49.5877300946908,48.13595367198776,48.57779762330218,18757900
2015-10-07,49.99168014526367,50.04849137907299,48.937563762410164,49.846504977473906,18666300
2015-10-08,50.51559829711914,50.56609611571511,49.57509930052015,50.0611275612295,14344700
2015-10-09,50.029563903808594,50.60396086878305,49.62559103603373,50.52821896591055,17384700
2015-10-12,50.0548210144043,50.23786718683991,49.688719038058586,50.23786718683991,9931800
2015-10-13,49.96643829345703,50.212609080923556,49.543525182918216,49.68870517293648,12326600
2015-10-14,50.59766387939453,50.79965035969054,49.72659327033123,49.84652439841677,14486000
2015-10-15,51.43083953857422,51.46239705501129,50.433529557036124,50.61658048901988,13640900
2015-10-16,52.062049865722656,52.074671909686025,51.41190143181382,51.92318330344574,14304400
2015-10-19,51.121551513671875,51.86637739314232,50.976376322371216,51.76538658385532,14155800
2015-10-20,51.02056121826172,51.165736411024575,50.622896960397135,50.843823688427015,12340100
2015-10-21,50.62921142578125,51.22254870155639,50.566091566083955,51.0394977374186,10274900
2015-10-22,52.32085418701172,52.36503857418751,50.91326241288509,50.925884459619446,14823500
2015-10-23,52.377662658691406,52.390284704756326,51.68964316260245,52.017874149131586,13215700
2015-10-26,51.26673889160156,52.219864772916566,51.23517655030973,52.08730679208058,12576400
2015-10-27,51.1846809387207,51.22887014473052,50.326242044246875,50.85645472751636,13579400
2015-10-28,51.935821533203125,52.12518596182087,51.08369123589822,51.32354867184156,12473000
2015-10-29,51.90426254272461,52.5291574343712,51.62652933944286,51.62652933944286,10341200
2015-10-30,52.226158142089844,52.945735008694236,51.29197282771097,52.0557340697828,18758600
2015-11-02,53.8294563293457,54.239742788681355,51.81589981470993,51.94845782825117,21266500
2015-11-03,54.82042694091797,55.19284225412083,54.01879470822221,54.06929251606938,20115900
2015-11-04,54.27128982543945,54.96561796763245,54.09454746249738,54.769940126880826,14245400
2015-11-05,53.532772064208984,54.42909147136217,53.33709904071673,53.999869653316274,12291100
2015-11-06,53.318153381347656,53.318153381347656,52.52914319117911,52.97730040130652,12491700
2015-11-09,52.17845153808594,53.22902539851227,52.08294879799845,53.2035563819162,13551200
2015-11-10,52.43313217163086,52.59867833588686,52.12114524715121,52.16571480779116,14238000
2015-11-11,51.96833801269531,52.566842870291026,51.828260857390575,52.47770374559128,9598000
2015-11-12,50.56119918823242,51.75184509228561,50.503892699027375,51.29978107669593,16050600
2015-11-13,49.72711181640625,50.6694459246877,49.6252406158373,50.478430744258894,17527300
2015-11-16,51.5098991394043,51.56720077352329,49.606135412767834,49.62523595747417,14548100
2015-11-17,50.91138458251953,51.49715723297826,50.70126889559948,51.3889175849468,10011700
2015-11-18,51.40802001953125,51.5098960621687,50.67580175065509,50.86681690174177,10884600
2015-11-19,51.12788772583008,51.43350624057257,50.96234153000866,51.261596433244755,9453300
2015-11-20,50.80313491821289,51.535353015781645,50.71399583061836,51.299768365586985,10144400
2015-11-23,51.11514663696289,51.38893249878663,50.338358617010954,50.682183061467626,11868400
2015-11-24,52.133880615234375,52.43313548029396,51.064206234658656,51.15971382997611,15055500
2015-11-25,51.732765197753906,52.31853811167897,51.63725758276808,51.76460268865554,8980400
2015-11-27,51.72001647949219,51.73911702480155,51.22974648053669,51.30615351949167,4156600
2015-11-30,51.99380111694336,52.62414338643454,51.732747383059866,51.840987042501474,17729200
2015-12-01,52.14023971557617,52.293048925997915,51.74547732612634,52.057469071955474,13917000
2015-12-02,50.65033721923828,51.98106022665612,50.5675617207846,51.77094453357423,16300000
2015-12-03,49.92448425292969,50.841344283014344,49.67616263105286,50.758573647533225,14870300
2015-12-04,50.210994720458984,50.287401735782794,49.045813239779974,49.249560422927445,20156400
2015-12-07,48.899383544921875,49.34507909039342,48.23083536899744,49.236839437595634,17676100
2015-12-08,47.51773452758789,48.61287809452344,46.98289968292756,47.92522913048686,24217600
2015-12-09,48.15443420410156,49.14770631716704,47.58139839230413,47.65143210851148,22036300
2015-12-10,48.19263458251953,49.34507939851868,48.08439007132872,48.26267314834771,20142400
2015-12-11,47.333091735839844,48.09714782347454,47.333091735839844,47.63871514243757,20473100
2015-12-14,48.409122467041016,48.53009907631036,47.173901931986016,47.30761547787214,21976500
2015-12-15,50.573936462402344,50.682176127037025,49.236844822048646,49.30051492726213,24366800
2015-12-16,50.39566421508789,50.688550620058486,49.66344577380229,50.325625633712505,17233900
2015-12-17,49.637977600097656,50.44660310508436,49.63160913139586,50.31288955093828,17362900
2015-12-18,49.20500946044922,50.16007565295085,49.06493230831413,49.38965617392568,28836000
2015-12-21,49.19227981567383,49.72711457823048,48.803885822890415,49.52973577648478,14460500
2015-12-22,49.440589904785156,49.59976758969579,49.16043562487287,49.47242252713682,13855800
2015-12-23,51.057857513427734,51.0769580665177,49.867206174384954,50.09642252690356,15184200
2015-12-24,50.51026153564453,51.10876629678113,50.37655287014432,51.10876629678113,5848300
2015-12-28,50.13459014892578,50.21099716797402,49.60612405475328,49.73983269480051,9715800
2015-12-29,50.40202331542969,50.98779601649298,50.198271220050465,50.930489525238244,8839000
2015-12-30,49.733489990234375,50.293793847004494,49.64435085069637,49.867198699541376,9314600
2015-12-31,49.631595611572266,49.943587342634366,49.300508195043136,49.35144621534515,10285500
2016-01-04,49.31961441040039,49.62523770964476,48.68290365654902,49.345083423480546,20400100
2016-01-05,49.739830017089844,49.75256209072099,48.97577444088863,49.1476890100632,11993500
2016-01-06,49.325992584228516,49.43423226782991,48.765683901645275,48.79752138868968,18826900
2016-01-07,48.536460876464844,49.657068258886866,48.32634517061671,48.42821636096538,21263800
2016-01-08,47.55593490600586,48.80388758816215,47.43495829012496,48.61287239021528,19033600
2016-01-11,46.919219970703125,47.82971660055552,46.19973366444597,47.75967802458858,21353000
2016-01-12,47.88065719604492,48.02073436969757,46.575402780420475,47.19301312367884,21864100
2016-01-13,48.167171478271484,49.06493115205319,47.71510740740017,48.29451169118367,26052700
2016-01-14,50.37656784057617,50.8859336427478,48.26268786015328,48.52373680150103,33806700
2016-01-15,49.396034240722656,49.771691351066785,48.58104504198662,48.60014559231343,28342100
2016-01-19,48.64469528198242,49.816240561943374,47.87427596810698,49.618861812273536,22684500
2016-01-20,46.59450149536133,48.21174768234156,45.556664529727335,47.7978846467683,33300800
2016-01-21,47.18027114868164,47.74694339416676,46.231573379839524,46.58176627658565,22265600
2016-01-22,48.75293731689453,48.880277511749995,47.57502351247182,48.65742974189441,22530300
2016-01-25,47.10386276245117,48.606495642298555,47.05292473731263,48.230838636766066,17086600
2016-01-26,48.8357048034668,48.88027435455915,47.27576565751756,47.606853057386964,18724700
2016-01-27,47.93795394897461,49.325983607195994,47.575029008223574,48.39001800796501,18106100
2016-01-28,49.020355224609375,49.446955083662274,48.148064678253675,49.24957146425308,16157700
2016-01-29,49.56793975830078,49.56793975830078,48.54920334811355,48.85482670002891,25161900
2016-02-01,48.57468032836914,48.89303581234766,48.03347697714949,48.810265135292155,16754200
2016-02-02,47.49225616455078,48.148072367987865,46.830081208398624,47.23757573113129,21404200
2016-02-03,49.96905517578125,50.000887794432465,47.28213538960175,48.090755797552276,25873700
2016-02-04,50.82862091064453,50.93686057351103,49.38328477154931,50.03273246418342,23658700
2016-02-05,50.98780059814453,51.00053267639115,50.02636595698005,50.554837071993184,26719900
2016-02-08,51.67546081542969,52.070218478543715,50.242861239426965,50.49117811064993,26601200
2016-02-09,51.450592041015625,51.829658726735055,50.557531477843554,51.38634403178627,18418100
2016-02-10,50.9815559387207,52.33078330782455,50.93658185647749,51.251400432180006,16610900
2016-02-11,51.14218521118164,51.495556548856456,49.844358019900305,50.332646720568064,19331600
2016-02-12,52.06093978881836,52.08663996512515,51.277101567787334,51.450576532406295,16767200
2016-02-16,52.183021545410156,52.5877883485936,51.579079574031105,52.49141389969999,15912200
2016-02-17,52.684173583984375,53.185314938664526,52.14448440257778,52.45930309173163,17006700
2016-02-18,52.97327423095703,53.36519334325838,52.59420765777134,53.262397539370255,14873700
2016-02-19,53.00540542602539,53.03753187488553,51.983849056137046,52.80623516815461,13615900
2016-02-22,52.93472671508789,53.609342870040685,52.81265210183934,53.00540097519942,14595200
2016-02-23,52.18943405151367,52.92187182704092,51.96455876280058,52.677722633993966,11041600
2016-02-24,52.37576675415039,52.53638920542292,51.187161595095326,51.34136267761886,13777500
2016-02-25,52.690589904785156,52.72913772423162,51.41203167265148,52.40146655351216,13706400
2016-02-26,52.52352523803711,53.378037589597184,52.484977430293746,53.25596299600098,14343300
2016-02-29,51.49553680419922,52.94113824654027,51.4312888315675,52.607040945965586,18903600
2016-03-01,52.2215576171875,52.5363761710684,51.60476814554438,51.75896428800341,15730600
2016-03-02,53.13389587402344,53.14674841294965,51.598345893434725,52.0095389065409,14094400
2016-03-03,52.94115447998047,53.14675099652804,52.388612922669935,53.10820318149025,13216200
2016-03-04,52.870487213134766,53.3073804813294,52.52996839709348,53.10821020820523,18402700
2016-03-07,54.26467514038086,54.26467514038087,52.81907343082196,52.883321415329846,18945600
2016-03-08,53.08891677856445,54.10405157835863,52.992547254754236,53.96912934321742,14003900
2016-03-09,52.94115447998047,53.872762623316255,52.838353770802875,53.467995859996606,14139300
2016-03-10,52.799808502197266,53.10820574279583,51.99669630479332,52.95400467159263,15898300
2016-03-11,52.80623245239258,53.66716633731918,52.690584104974775,53.46799608969149,15370200
2016-03-14,52.94757843017578,53.09534831588541,52.05451323919447,52.350062814228515,13344600
2016-03-15,53.21099853515625,53.23027244251081,52.37575993653662,52.42716029068715,9213000
2016-03-16,53.243106842041016,53.429429386000976,52.64559140858525,53.33947634598074,11492100
2016-03-17,54.03338623046875,54.40603145663247,53.14675215265882,53.76354171571891,13673900
2016-03-18,54.09763717651367,54.35463406726594,53.48727385005902,54.348207796999944,19637000
2016-03-21,53.724971771240234,54.05906414211168,53.6478712694365,53.866315338505196,8385400
2016-03-22,54.046234130859375,54.521675125816415,53.33307018752017,53.378044269451145,13005100
2016-03-23,53.808509826660156,54.16188110564766,53.660735045863426,53.879184082457655,12748900
2016-03-24,53.956302642822266,53.98842419595347,53.28168630355233,53.288112574902094,9368300
2016-03-28,54.1104736328125,54.20042178256768,53.776376303601936,53.98839904308481,7490400
2016-03-29,54.30964660644531,54.36104695230114,53.42943896724643,53.7571051430121,9977900
2016-03-30,54.30323028564453,54.643753962965306,53.96913777999234,54.630901423243486,10807000
2016-03-31,53.70571517944336,54.67587606234299,53.70571517944336,54.014112412390325,13896900
2016-04-01,53.300926208496094,53.57719687856285,52.93470740415696,52.94113367140661,12235300
2016-04-04,53.429443359375,53.90488434310775,53.185294147393094,53.36519047086997,8050200
2016-04-05,52.8190803527832,53.41016973060943,52.67773182725787,53.07607722630129,10446800
2016-04-06,53.525821685791016,53.62219613258108,52.8769105411411,53.12748116171047,9320200
2016-04-07,52.92188262939453,53.43587148983704,52.71628610485596,53.17245324049441,8267100
2016-04-08,53.461578369140625,53.615774556419936,53.23028163731744,53.51940500300062,9376200
2016-04-11,53.53224182128906,54.12333117121116,53.50654164496974,53.53866809082074,9925000
2016-04-12,54.19400405883789,54.373900386712045,53.56436691127837,53.7699634148213,9986100
2016-04-13,54.50239944458008,54.55379979420077,53.994832021141775,54.290376678750064,9235700
2016-04-14,54.88789749145508,55.18986844698191,54.45743055144378,54.61162671318665,10625800
2016-04-15,54.59233474731445,55.03565408021492,54.47026017116946,54.8043574632065,11280200
2016-04-18,55.11276626586914,55.16416661884772,53.8791872052278,54.592351171931455,9097000
2016-04-19,55.3890266418457,55.45327462010876,54.75296332397035,55.15772999865347,10354500
2016-04-20,55.768123626708984,56.179316758368785,55.23485584909091,55.40190459064295,15247100
2016-04-21,55.761695861816406,56.436307277653434,55.62034730750523,55.63319494798413,12075300
2016-04-22,56.23714065551758,56.30781493728161,55.78097341073725,56.05081799466776,9150800
2016-04-25,56.10861587524414,56.15358994951331,55.47897393366934,55.954414847630034,8076400
2016-04-26,56.301368713378906,56.50054384676975,55.93514979302444,56.37846923938252,9425900
2016-04-27,56.83464431762695,57.001693029897126,56.10863264407293,56.50697316327606,10463500
2016-04-28,56.55836868286133,57.04023596788192,56.21784991906931,56.449146608023796,11276200
2016-04-29,56.796085357666016,57.68271929935805,56.372039840895724,56.97598167321452,17885900
2016-05-02,57.265106201171875,57.48998152156365,56.59049494541901,56.6932907502829,10273700
2016-05-03,56.609764099121094,56.9438565641354,56.127896856126746,56.79608668796243,10137400
2016-05-04,56.50053787231445,57.01452661923348,56.282088855973655,56.73183452406037,10601100
2016-05-05,56.56480026245117,57.16231594804005,56.294955733942125,57.027393683785526,8721100
2016-05-06,56.866756439208984,56.975978495871516,56.192140391716016,56.192140391716016,7968400
2016-05-09,56.905311584472656,57.02738619401637,56.04437775368961,56.92458549086223,11159500
2016-05-10,57.81765365600586,57.824079926281684,57.06594179339812,57.11734215198873,12509100
2016-05-11,57.539058685302734,58.10272426877413,57.48075100925608,57.76582394016172,11660200
2016-05-12,58.09623718261719,58.26468979868587,57.75933689348333,58.18046596215328,10720500
2016-05-13,57.44187545776367,58.0897648451438,57.344691061055904,57.84356371441695,9721100
2016-05-16,58.031429290771484,58.09621721529884,57.6621326836636,57.79170853271831,8638700
2016-05-17,58.005531311035156,58.25173242159995,57.765815420857884,57.83707870007031,9835600
2016-05-18,57.8889045715332,58.310033580436915,57.43538406533092,58.18045770523706,9680300
2016-05-19,58.381309509277344,58.41370595385961,57.3058108195902,57.40947548785069,14397900
2016-05-20,58.141597747802734,58.56920715662726,57.908357150808314,58.56272687809846,13191900
2016-05-23,58.050880432128906,58.24524919980134,57.545527567784305,57.662147839787146,11766100
2016-05-24,58.09623718261719,58.56919858592419,58.0184936236651,58.238773631367344,10056600
2016-05-25,58.478515625,58.549783875154645,58.04442584414756,58.212878521149925,9578400
2016-05-26,58.18048095703125,58.60808547048489,57.83709535881248,58.47202926424942,7867900
2016-05-27,58.3165283203125,58.34244449038056,57.86948303689554,57.921315377031654,7505900
2016-05-31,57.67510223388672,58.439611791328176,57.48721869023851,58.31003591094948,13178800
2016-06-01,57.81765365600586,57.95370984857383,57.0984959645721,57.29286477852879,7994800
2016-06-02,57.357643127441406,57.357643127441406,56.76158611422698,57.150318734018846,9837500
2016-06-03,57.25399398803711,57.55202254974742,57.03370899885727,57.29934605301467,9367100
2016-06-06,57.882442474365234,57.986107161485954,57.461318276199265,57.5779385777079,8573000
2016-06-07,58.7700309753418,58.90608711935916,58.12214175068628,58.148057912832805,12889100
2016-06-08,58.821876525878906,59.15230148879079,58.65342390555078,58.97736859071831,9983000
2016-06-09,58.74412155151367,58.97736209458401,58.38130512585007,58.426657179058026,8974300
2016-06-10,58.29708480834961,58.90609742482928,58.16750397494717,58.569197143989676,10353800
2016-06-13,58.692298889160156,59.236528560304976,58.115677713532975,58.25821417366624,11370000
2016-06-14,58.588645935058594,58.873718888316525,58.21286884994667,58.60160154975011,10161000
2016-06-15,58.4137077331543,58.893144480954234,58.31004306173615,58.45905979114884,10655800
2016-06-16,59.1004753112793,59.21061532939228,57.7334282019819,58.115680597669616,12824800
2016-06-17,58.77651596069336,59.34017646778148,58.43313543499533,59.27538852872574,17483200
2016-06-20,59.03567886352539,59.34018270338562,59.003282419091775,59.145818865794205,9388500
2016-06-21,59.30132293701172,59.37259117479959,58.47202519875769,58.776534043305055,8557500
2016-06-22,59.068092346191406,59.56048981540025,58.9644325828347,59.50217718232033,8785400
2016-06-23,59.476261138916016,59.65118913799892,59.08104812813091,59.56048499877003,9464500
2016-06-24,57.91482925415039,58.828355620593655,57.75933719243791,58.23229365518938,20010500
2016-06-27,57.57142639160156,57.72691839310105,57.085509561789266,57.597342549018414,14169400
2016-06-28,58.89961624145508,58.9125718520071,57.99904560349917,58.13510670081119,13254300
2016-06-29,59.90385055541992,60.05934262017471,59.03568117228514,59.22356968274049,13920600
2016-06-30,60.733158111572266,60.79147073478932,59.800200627139105,59.81963652054332,14073700
2016-07-01,60.79795837402344,60.8886674666069,60.299085551344234,60.48697413061458,9946300
2016-07-05,60.26665496826172,60.64243191402167,59.767782428065146,60.33144784670508,10744100
2016-07-06,60.959922790527344,60.97936362832354,59.89090903296146,60.48048592798833,13144400
2016-07-07,60.22780227661133,61.21907233761051,59.8325893193104,61.12188793215871,12240700
2016-07-08,60.60357666015625,60.759068736197236,60.201883442129414,60.50639225900415,9807600
2016-07-11,60.83032989501953,61.16723512077573,60.67483783705697,60.73962578262442,8335700
2016-07-12,61.51711654663086,61.51711654663086,60.95993108609831,61.33570824655151,9870800
2016-07-13,61.47175216674805,61.49766833914393,60.97287944138969,61.322740354227335,9458200
2016-07-14,61.51711654663086,61.89289370708406,61.30331673182617,61.58190946209245,9293500
2016-07-15,61.62723922729492,61.905831856707245,61.31625015187972,61.83456362990384,10334500
2016-07-18,61.4328727722168,61.64667746075328,61.16076041026337,61.49766072368135,9865900
2016-07-19,61.20612335205078,61.510632215375175,61.031190414692006,61.39401190480423,5901800
2016-07-20,60.85626220703125,61.173726684637565,60.77203834974928,61.06358665365237,7383800
2016-07-21,60.80441665649414,61.07005367201803,60.551740196509954,60.83033282456991,6854600
2016-07-22,60.90806579589844,61.08947398316209,60.72017733251755,60.97285372806368,7139700
2016-07-25,59.73539733886719,60.655403991740975,59.450329380163076,60.558219598613036,10845900
2016-07-26,59.30132293701172,59.625267674954976,59.029210543460444,59.36611089599948,12143500
2016-07-27,58.89961624145508,59.482712633350566,58.71820309270668,59.28834881705303,10037900
2016-07-28,58.43962860107422,58.783014174555866,58.05737618390278,58.659913592685,12439200
2016-07-29,57.62974166870117,57.668618381474516,55.79621901146605,56.7615725237986,23928100
2016-08-01,55.62777328491211,57.111440310833814,55.452840413404495,57.06608825951756,22908400
2016-08-02,56.392295837402344,56.57370408453167,55.44637787522513,56.0100385083764,18919200
2016-08-03,56.68383026123047,56.68383026123047,56.1072092123423,56.37284618293268,14632900
2016-08-04,56.677371978759766,56.78751200033371,56.385818756764614,56.690327593001996,13451400
2016-08-05,56.729183197021484,56.90411606892073,56.46355116528956,56.83932813018144,9617300
2016-08-08,57.396507263183594,57.59087601869769,57.03369085876024,57.046651412062666,10492700
2016-08-09,57.4677734375,57.50665015302455,57.130873208637105,57.415946055138285,9654600
2016-08-10,56.4615364074707,57.44818848720187,56.20016967029558,57.35671087696396,12714800
2016-08-11,56.664093017578125,57.02346791763976,56.363523015921615,56.644491384776416,11616000
2016-08-12,57.40243911743164,57.48738615784407,56.7816975928967,56.82090085145323,9986900
2016-08-15,57.37630081176758,57.82715821684337,57.26522159129104,57.774883883035045,6432600
2016-08-16,57.44816970825195,57.61805877965496,57.08879492412181,57.389364828816824,6817900
2016-08-17,57.572349548339844,57.618088361990736,57.27831502989221,57.448199203363075,7104600
2016-08-18,58.095069885253906,58.11467151733062,57.57887197155913,57.74875610632779,10342700
2016-08-19,57.36980438232422,57.98401072185842,57.36326884042214,57.91213471640902,8615300
2016-08-22,57.493919372558594,57.565795340009764,56.74902751456934,57.049597476112794,8235400
2016-08-23,57.31748580932617,57.51350704877996,57.21293716016097,57.3958923110461,6514800
2016-08-24,57.51353073120117,57.605013329467624,57.07574429915045,57.17375745181334,7985400
2016-08-25,57.14762496948242,57.52007099204724,57.003872998465056,57.513535451958326,6935300
2016-08-26,57.02347183227539,57.572342514182196,56.847052139793036,57.258701412356,6474400
2016-08-29,57.39591598510742,57.448190331251595,56.87318747913381,56.87318747913381,7027200
2016-08-30,57.18681335449219,57.66380795369641,57.08880520445138,57.41551233166779,6441100
2016-08-31,56.938514709472656,56.98425350544837,56.33737482374753,56.938514709472656,12491400
2016-09-01,56.742488861083984,56.742488861083984,56.25242819272299,56.66408234464537,8434700
2016-09-02,57.1214599609375,57.22600861079129,56.80128844477978,57.1214599609375,7099600
2016-09-06,57.872901916503906,57.91864071617315,57.27829752080363,57.395907304105755,9851200
2016-09-07,57.657291412353516,57.9382598337399,57.48087169899778,57.92519373781445,7470400
2016-09-08,58.186546325683594,58.39563870557124,57.52659647644377,57.85983917053693,9579500
2016-09-09,56.742488861083984,57.93170753538871,56.716356679041056,57.93170753538871,12820200
2016-09-12,57.0365104675293,57.31094315979808,56.60525482097548,56.70326792111529,10889000
2016-09-13,55.67742919921875,56.500732573055075,55.592487139002365,56.49419703452912,13214300
2016-09-14,55.27885055541992,56.08255236365809,55.063222633068754,55.56635445188815,13957000
2016-09-15,55.59249496459961,55.964940950523086,55.22657953296612,55.324592684031444,9062600
2016-09-16,54.90641784667969,55.572903406631134,54.59931224407038,55.22005898991981,21538400
2016-09-19,54.77572250366211,55.291920403952915,54.762651425846606,55.265783233477435,7929100
2016-09-20,53.932823181152344,54.85413485882438,53.932823181152344,54.71038788366774,17522000
2016-09-21,54.429420471191406,54.638512875778936,53.78253663827324,54.115779371732046,15055900
2016-09-22,54.58623123168945,55.246181070671675,54.481682550792854,55.06975641794753,10738500
2016-09-23,54.52742004394531,55.08935672739149,53.965483360499135,54.024293238381134,12667100
2016-09-26,54.27259063720703,55.21350883268239,54.18764857212044,54.57316061961599,10860300
2016-09-27,54.39020538330078,54.45554581680685,53.76946378725983,53.965485087778035,9595000
2016-09-28,56.78170394897461,56.99733186548261,54.45554563951859,54.53395715056391,28117900
2016-09-29,56.49419021606445,56.977715320366535,55.98452794596839,56.82743284849443,19082900
2016-09-30,57.02998352050781,57.37629220602489,56.61833442010803,56.74247971283895,15961500
2016-10-03,56.87971496582031,56.97772311951988,56.54647228777583,56.80783899633709,7111200
2016-10-04,56.356990814208984,57.1737587970236,56.23937602527743,57.095347276017186,8222000
2016-10-05,56.847049713134766,56.958128958665526,56.651023409716736,56.735970467604005,8796200
2016-10-06,56.87318420410156,57.15415256700193,56.481136600908336,57.01040061596141,7718300
2016-10-07,56.677146911621094,57.10840268105668,56.468054564815745,56.81436329685384,6614900
2016-10-10,57.78795623779297,57.93823871937378,57.180280803000464,57.19988243232361,10060000
2016-10-11,57.33055877685547,57.62459814904822,57.0430599274628,57.55272219041141,9309000
2016-10-12,56.9319953918457,57.317512483610926,56.631425363348164,56.99080528065843,8172600
2016-10-13,56.55955505371094,56.76211692976795,55.82119849562563,56.42233861292465,9890300
2016-10-14,56.54646301269531,57.199877184344,56.50725975764584,56.97118322129786,7991700
2016-10-17,56.54646301269531,56.70981655560749,56.23935755439572,56.50725975764584,7263100
2016-10-18,56.696773529052734,57.06268903610379,56.44194227485408,56.95814032404436,5429300
2016-10-19,56.9581298828125,57.40245185730065,56.76863911580884,56.9712009620023,9373400
2016-10-20,56.984256744384766,57.173747477098914,56.58567364887486,56.70982395293193,6866900
2016-10-21,56.598731994628906,56.72941282254829,55.99758722479921,56.46804618155547,10736200
2016-10-24,56.78824996948242,57.05614729097865,56.23937926116897,56.67716572870941,8354900
2016-10-25,56.664093017578125,57.27176856021033,56.58568150121544,56.63142030613805,6835900
2016-10-26,56.90585708618164,57.141086666443904,56.16096507706987,56.356991389007156,8488100
2016-10-27,56.794769287109375,57.27829945439903,56.71636276226112,57.02999883196503,9071100
2016-10-28,55.39646530151367,56.42886112447425,54.97828053515216,55.72317246180583,19072200
2016-10-31,54.442466735839844,55.14815521372271,54.226838870072136,54.80837706430311,16663800
2016-11-01,54.65810775756836,54.83452742692533,54.40980713049973,54.56009461452314,13050600
2016-11-02,54.52742004394531,54.8083883856684,54.19418234818367,54.42941188940093,11226100
2016-11-03,54.66464614868164,54.80839311613855,54.266063001948524,54.67771224203016,8836500
2016-11-04,54.6058349609375,55.10243124396383,54.07657095274256,54.64503822520211,13877100
2016-11-07,55.83424758911133,55.84731866624782,55.148165594103475,55.20697048575188,13576200
2016-11-08,56.236366271972656,56.57915318518313,55.695822320493015,55.854033986266295,9735200
2016-11-09,56.856021881103516,57.15925339428688,55.14869563809961,55.405783334696345,15901300
2016-11-10,57.38336944580078,58.00301410615459,56.46708172943839,56.63188175078843,14106100
2016-11-11,56.473690032958984,57.17244578992453,55.959514589634814,57.04060270875212,13812200
2016-11-14,56.21660232543945,56.4605082536953,55.59036403493566,56.22978914820966,12607500
2016-11-15,57.23176193237305,57.389968574296766,56.539599701346795,56.539599701346795,12883500
2016-11-16,56.52640914916992,57.20538445437903,56.41434633806307,57.17901584659547,8201200
2016-11-17,56.18363571166992,57.271312026996675,56.04519924277168,56.98126735658215,8200500
2016-11-18,56.21660232543945,56.4605082536953,55.91996419400067,56.17045850434232,8457800
2016-11-21,57.01420974731445,57.14605277218958,56.78349074040441,56.98125276306853,8861500
2016-11-22,57.13946533203125,57.50861578164631,56.67143386075566,57.146058741287995,9390200
2016-11-23,57.29766845703125,57.40314288152024,56.89555601493736,57.04717424281595,5996300
2016-11-25,57.42952346801758,57.442705259179874,57.04718614343164,57.15924897085559,5042300
2016-11-28,57.001041412353516,57.436110923879795,56.935122399006914,57.31745468813657,7449600
2016-11-29,56.62528991699219,56.74394613683701,56.08474603309856,56.308871654306756,9181100
2016-11-30,57.548179626464844,58.13486740369856,57.48225558284885,57.74593666941757,22696200
2016-12-01,57.50861740112305,58.33921096544463,57.50861740112305,57.99642911390594,13005600
2016-12-02,57.37678527832031,58.0030234485985,57.08673558465125,57.47566631291643,9706600
2016-12-05,57.666831970214844,57.89095760962101,57.29767646222515,57.60750134082622,11741100
2016-12-06,57.71956253051758,57.9239179934206,57.1526500089377,57.52839388679432,11293600
2016-12-07,58.05574035644531,58.108477560349534,57.48223457990414,57.76569076426864,11182600
2016-12-08,58.220542907714844,58.56991809767987,57.7788801215061,58.04256112332962,9086700
2016-12-09,58.668827056884766,58.66882705688477,58.128283008768584,58.43151454509726,8021700
2016-12-12,59.97403335571289,60.31681522937114,59.420302600667235,59.420302600667235,15545400
2016-12-13,61.02875518798828,61.45064290994569,60.099280500073824,60.5739054446005,18829300
2016-12-14,59.71036911010742,60.82441428541664,59.44009455163802,60.817825902990236,16325400
2016-12-15,59.9146842956543,59.97401490761886,59.16979014725358,59.39391572083913,11155100
2016-12-16,60.10586166381836,60.42886828497129,59.74989302795097,60.32998727012524,20560400
2016-12-19,59.60489273071289,60.343198912088745,59.45986785318376,60.237724445049594,9674400
2016-12-20,59.61145782470703,59.88832062521622,59.5191702245373,59.66419503317459,7221000
2016-12-21,59.512577056884766,59.92128288021609,59.446658060682175,59.776258070992164,7308000
2016-12-22,59.901519775390625,59.921294975313316,59.34119562132473,59.34119562132473,8003100
2016-12-23,59.79603958129883,59.96083960385647,59.6707899547798,59.91469579871223,4266500
2016-12-27,59.82243347167969,60.05974600680388,59.71037061600985,59.87517070821833,4960600
2016-12-28,59.52577209472656,60.05972257579687,59.499403486744384,59.77626632661064,6745900
2016-12-29,59.5587272644043,59.723527287288256,59.34778343628473,59.39392724152033,6684700
2016-12-30,59.499420166015625,59.78946487653136,59.33462009190248,59.34780188493991,9117800
2017-01-03,59.9146842956543,60.21132226758731,59.42687773074129,59.947646305556454,10360600
2017-01-04,59.255489349365234,60.08608278212234,59.16320174898078,60.06630758622524,9434200
2017-01-05,58.37217330932617,59.52577353259903,58.29966089294805,59.453261116220915,14443200
2017-01-06,58.33921813964844,58.655636450924284,57.89096179909841,58.53038680260491,16518100
2017-01-09,57.37678527832031,58.15464170555232,57.05377859265144,58.15464170555232,13762300
2017-01-10,56.64506912231445,57.554763519275326,56.63188733219821,57.46247590056762,13283100
2017-01-11,57.22516632080078,57.31745394414779,56.59892815818917,56.625296769045214,11183700
2017-01-12,56.915340423583984,57.60090920582519,56.73735859007532,57.52839678457769,10407000
2017-01-13,56.921932220458984,57.13946947803696,56.803275991716276,56.86919500117377,8415600
2017-01-17,57.587730407714844,57.60750560921026,56.85601777659394,57.073555051640355,13237300
2017-01-18,56.87578582763672,57.62068518563775,56.72417261570049,57.389961119068836,11831700
2017-01-19,55.854026794433594,56.75712771443813,55.76173415330042,56.67143351181875,16382900
2017-01-20,56.61870574951172,56.664849563133465,56.06497998605073,56.32206766612883,18739700
2017-01-23,56.01223373413086,56.61210321452739,55.86720890632357,56.480265205228584,11433900
2017-01-24,56.09134292602539,56.34184222221479,55.919954494136086,56.018835530563564,11858100
2017-01-25,56.256141662597656,56.61211036784062,56.196816059706315,56.256141662597656,9578500
2017-01-26,56.42753982543945,56.57915809430284,56.111126525035715,56.48687046257685,8779400
2017-01-27,56.368228912353516,56.526435603798625,56.05840391251933,56.22979742867655,10947900
2017-01-30,55.939735412597656,56.32866115851589,55.49147902703997,56.30888595506906,12789200
2017-01-31,55.300296783447266,56.07815311382687,54.79930329202539,56.05837791522956,19128100
2017-02-01,54.674068450927734,55.47829353276398,54.41038735419966,55.3728190823533,15111800
2017-02-02,55.010250091552734,55.06298731018714,54.41697398445852,54.85204346494748,12200100
2017-02-03,55.069580078125,55.18823630402076,54.647692392561844,55.175049484866825,12746300
2017-02-06,54.9179573059082,55.14208794936516,54.667463084912775,55.076168946924,9938200
2017-02-07,54.5620231628418,55.12234761118719,54.35107920404965,54.865259818574906,11705200
2017-02-08,54.2027587890625,54.6285041390019,53.996534737324566,54.542021284139736,14006300
2017-02-09,54.44224548339844,54.581947799883345,54.2027681236898,54.2027681236898,9603000
2017-02-10,54.89461898803711,55.060926008217564,54.6351804425786,54.72166334125642,8739800
2017-02-13,55.21393966674805,55.33368094373566,54.781540328998986,55.06093495020731,9071600
2017-02-14,55.09418487548828,55.28044791060463,54.588610154967434,55.15405803693971,11370500
2017-02-15,55.320377349853516,55.33367968019803,54.85471458318469,54.97445585743802,11768500
2017-02-16,54.748252868652344,55.49330479591503,54.66177000189106,55.29373949052064,10615000
2017-02-17,54.389041900634766,54.675090139436456,54.176169146779095,54.60856328018604,15646000
2017-02-21,54.47552490234375,54.64848561735721,54.08304278686439,54.62852958779552,16419600
2017-02-22,53.8369140625,54.34913750182858,53.797001997829405,54.31587913969907,12917400
2017-02-23,54.402339935302734,54.695041851994446,53.90341898200717,54.162857471697954,13847000
2017-02-24,53.93669891357422,54.415663987346534,53.72382611137408,54.28261531391648,11338700
2017-02-27,54.24268341064453,54.355770935233146,53.75706481199038,53.9699375363338,13465900
2017-02-28,54.09633255004883,54.54203402436273,53.91672325042352,54.23602979982097,16834200
2017-03-01,55.227230072021484,55.433454217201316,54.349129255485934,54.349129255485934,17482100
2017-03-02,55.41349411010742,56.045458676343145,55.074226410986334,55.08088011202823,14170300
2017-03-03,54.85469436645508,55.613053798802994,54.721650810890516,55.41348846545615,12190400
2017-03-06,55.100826263427734,55.14739201180076,54.76821232496728,54.84138779745145,9617200
2017-03-07,54.89461898803711,55.406847452353894,54.641834144466316,55.287106194812466,12711500
2017-03-08,53.90342330932617,54.801480082296116,53.89012098262973,54.78152405460806,16817700
2017-03-09,54.32916259765625,54.36242602351932,53.42445222727208,53.64397865728137,14721800
2017-03-10,54.28925323486328,54.861349676087805,53.989902688418894,54.84139364969637,11355200
2017-03-13,54.16286087036133,54.50878226184617,53.916729766140996,54.21608032678772,9571400
2017-03-14,53.876808166503906,54.03646652253767,53.51093585332068,53.883461866826885,11335700
2017-03-15,54.548709869384766,54.58862193544089,53.916745138818136,54.11631054438689,11970300
2017-03-16,54.59526062011719,54.681738431213134,54.32916841060082,54.56865089163688,9923800
2017-03-17,54.548709869384766,54.72167061444155,54.428968595928254,54.56866590241283,18834100
2017-03-20,54.548709869384766,54.5753196051849,54.176183718759226,54.362446794072,7700300
2017-03-21,54.435604095458984,54.78152039461014,54.28259943459495,54.65513053593442,13387700
2017-03-22,54.389041900634766,54.60856328018604,54.16951544579669,54.52208546856201,11168400
2017-03-23,54.45555877685547,54.695041237770866,54.18946658969543,54.302554119770384,8928000
2017-03-24,54.03648376464844,54.56866322871141,53.983264295655765,54.56866322871141,9128500
2017-03-27,54.049774169921875,54.1695154110944,53.74376990365581,53.76372593130343,8481200
2017-03-28,54.44224548339844,54.56198670089565,53.8568467952375,54.09632923023192,11028600
2017-03-29,54.56201934814453,54.73498011586196,54.249366330928744,54.342497880786865,8495500
2017-03-30,55.679588317871094,55.792680948795166,54.50879055018494,54.568658641302854,44704900
2017-03-31,54.555355072021484,55.42014851198775,54.45556984714032,55.3868901538856,21750400
2017-04-03,54.59526062011719,54.75491391571231,54.11629565804508,54.56199719069511,11438700
2017-04-04,54.794837951660156,54.8280963099869,54.10300014984263,54.615223530603615,9270900
2017-04-05,54.901275634765625,55.57981115565872,54.861363571873476,55.11414842900336,13809100
2017-04-06,55.22057342529297,55.35361698487652,54.854696023508495,55.04761273760518,9554900
2017-04-07,55.054283142089844,55.45341901722806,55.001063671994615,55.37358981208521,8909600
2017-04-10,55.30039978027344,55.526579931109126,55.160702514442576,55.29375115472436,8885300
2017-04-11,55.107479095458984,55.3270055296724,54.828084583888995,55.26713745231582,8576500
2017-04-12,55.1939697265625,55.446754547494805,55.01435531869224,55.120794238213435,9516100
2017-04-13,54.34247970581055,55.034317470004595,54.2626505146503,55.02766376858612,8667900
2017-04-17,54.269287109375,54.52872555475703,54.17615562002174,54.44889638876044,9577200
2017-04-18,53.91672134399414,54.42894457504708,53.903413944322885,54.09633063726867,8821400
2017-04-19,53.5442008972168,54.22273630695932,53.417811026999594,53.99655614528284,10764400
2017-04-20,53.89011764526367,54.37573120655533,53.683893529589206,53.8502005170728,11649100
2017-04-21,53.677249908447266,53.88346896806036,53.53089893377205,53.83690321023524,9816700
2017-04-24,53.95664596557617,54.149562703476,53.75707552629026,54.06973351270421,8729700
2017-04-25,54.36906433105469,54.502107846267904,54.06970880889779,54.169493982950094,10733800
2017-04-26,54.14957809448242,54.76824054176749,54.14292439120514,54.22940223265563,9445900
2017-04-27,54.056434631347656,54.083044363301305,53.8435618510059,53.930039673389686,12385300
2017-04-28,54.31586456298828,54.874653619566715,54.255991406762526,54.854697592587,12072200
2017-05-01,54.58860397338867,54.68838918098341,54.20277561946165,54.2227316459233,8664100
2017-05-02,54.581966400146484,54.94118509976571,54.48218117234669,54.64183449165385,9102900
2017-05-03,55.014347076416016,55.26048323446728,54.488821484697446,54.528733535894744,10289000
2017-05-04,54.30921936035156,54.788184383957926,54.14956604424524,54.74161862195661,16164500
2017-05-05,54.56201934814453,54.70837037657552,54.28927840221399,54.302580734212796,10213000
2017-05-08,55.1407470703125,55.17401049955636,54.54869457183624,54.54869457183624,8097100
2017-05-09,54.754920959472656,55.21392995305387,54.655140808944054,55.187320221150436,8647100
2017-05-10,55.00337600708008,55.312269933034884,54.828782006074746,55.14439246524116,9520300
2017-05-11,55.47342300415039,55.5405729571065,55.130951583897335,55.45998993963136,10047300
2017-05-12,55.43314743041992,55.54058635642703,55.23169239973701,55.325703381198565,7480200
2017-05-15,55.60100173950195,55.85617356522147,55.50027426614537,55.735301621835994,10881500
2017-05-16,55.43314743041992,55.88977439318218,55.36599233804945,55.66817488407382,9574200
2017-05-17,55.057098388671875,55.76218587294148,55.03695391024376,55.43314743778232,11151100
2017-05-18,54.89592742919922,55.16453238010096,54.67432796046428,54.90935537129831,9905800
2017-05-19,55.01683044433594,55.12426941139137,54.855669432144694,55.06383595302572,13028500
2017-05-22,55.25857162475586,55.28543264591434,55.016827557545454,55.13769959115066,9218700
2017-05-23,55.45330047607422,55.66146694958336,55.22498439781239,55.27870643072283,6857200
2017-05-24,55.25857162475586,55.426449164584426,55.07054959986242,55.345866101108975,8136000
2017-05-25,54.89592742919922,55.54057623743541,54.74147791738639,55.285404351846076,12370900
2017-05-26,54.761619567871094,54.92949699741918,54.278131751058595,54.80190851153461,8227100
2017-05-30,54.45944595336914,54.62060687737398,54.41915700317128,54.580317927176125,8973600
2017-05-31,54.05653762817383,54.35871498177901,54.03639315436189,54.35200357265042,13572300
2017-06-01,54.19084167480469,54.32514671583088,53.848375347418184,53.96924732273503,9884100
2017-06-02,53.385032653808594,54.17741447548549,53.22387172557991,54.11697592539127,21687300
2017-06-05,53.801368713378906,53.98267411087042,53.31788082245039,53.34474183008124,11527100
2017-06-06,54.53331756591797,54.60718406369377,53.86852420914958,53.92224622993451,12208600
2017-06-07,54.33185958862305,54.66089795134801,53.949094089893464,54.42587054940161,13096500
2017-06-08,54.13713455200195,54.44602851728962,54.04983497877618,54.331873054225255,11720700
2017-06-09,55.15110778808594,55.15782432177406,54.184136988774995,54.49303093664514,13553900
2017-06-12,55.688316345214844,56.19866530493624,55.15110637464348,55.15110637464348,18172900
2017-06-13,55.708438873291016,55.91660522134274,55.446550524705955,55.63457240336067,12175500
2017-06-14,55.11082077026367,55.61445322708583,54.76834926512461,55.607736693161534,13714000
2017-06-15,55.23841094970703,55.3324219345998,54.78178397027881,54.91608391349293,11862600
2017-06-16,56.06433868408203,56.09791621553151,55.19809062944787,55.473412042339994,39726100
2017-06-19,55.57416915893555,56.0643685910329,55.433152673405566,56.0643685910329,10445700
2017-06-20,55.2719612121582,55.3794052222205,54.667606586801156,55.11080032027715,13232600
2017-06-21,54.68775939941406,55.48685257248548,54.48630441142551,55.090664252178,11422300
2017-06-22,54.44602966308594,54.78178464849242,54.32515766341103,54.694485073429455,8139900
2017-06-23,54.80193328857422,54.85565531988942,54.23115079469117,54.291584237509596,10611200
2017-06-26,54.553462982177734,54.895934466560774,54.33186860824891,54.775062479320525,7718700
2017-06-27,54.46615219116211,54.88249004962793,54.4661521911621,54.6944630300801,9221600
2017-06-28,54.748207092285156,54.902656639762874,54.51989616138666,54.667629174657215,9189700
2017-06-29,54.19084167480469,54.95636247740687,53.99610833094027,54.64075715822561,20525100
2017-06-30,54.21097946166992,54.553445714438546,54.19082986749616,54.44600682824026,14000600
2017-07-03,55.13093948364258,55.392827828940696,54.20425804052707,54.25126350960079,8422300
2017-07-05,54.29155349731445,54.848907729398924,54.069954086021305,54.848907729398924,9830800
2017-07-06,53.801368713378906,54.44601752687914,53.781219115245754,54.298284546516165,9822400
2017-07-07,53.8685417175293,54.12371371437301,53.59322011393178,53.855108646360094,10777800
2017-07-10,53.8282585144043,53.99613605948682,53.69395340440862,53.720814426407756,6338300
2017-07-11,54.12368392944336,54.22441141491857,53.74764011509615,53.94237855415816,9681100
2017-07-12,54.36543655395508,54.741480428539774,54.22442010098582,54.51988607285296,7974000
2017-07-13,54.37216567993164,54.45274360131166,54.211004713956875,54.37216567993164,5582300
2017-07-14,54.58031463623047,54.6676141873466,54.23784321055792,54.39229271569278,7497200
2017-07-17,54.29829025268555,54.68105068602575,54.27814577564878,54.39230122766637,7914700
2017-07-18,54.12368392944336,54.44601085832149,53.99610056283998,54.40571679020377,8046100
2017-07-19,54.29155349731445,54.30498655914482,53.90207667562564,54.0162372083358,9393200
2017-07-20,54.29829025268555,54.72133964009928,54.22442375474148,54.37215675062961,9681000
2017-07-21,53.801368713378906,54.284851481094066,53.720785690486366,54.15726809886424,12268600
2017-07-24,53.63349914550781,53.86852659282446,53.55963264446342,53.76108254650021,9403000
2017-07-25,53.90209197998047,54.42587395262977,53.90209197998047,54.23784689610227,11465300
2017-07-26,53.969261169433594,54.3251606538413,53.85510057446819,54.1102776562811,10465100
2017-07-27,54.27813720703125,54.31170962238798,53.653632901409445,53.88194376940234,11149700
2017-07-28,53.452186584472656,53.6670695458119,52.55907719510077,53.48576412848757,22800800
2017-07-31,53.747657775878906,53.98268523707289,53.45219175425538,53.60664129916252,12820200
2017-08-01,53.8349494934082,54.083410010180195,53.70064955760473,53.828238082867934,10421200
2017-08-02,54.12368392944336,54.15054493378427,53.58647921226345,53.65362916150934,10410100
2017-08-03,54.049827575683594,54.27142706060785,53.92224418517477,53.94910007133496,10136700
2017-08-04,53.861820220947266,54.09684771260529,53.7543812775672,54.01626978587401,8292200
2017-08-07,53.8282585144043,53.834969927492004,53.62680341101883,53.834969927492004,7893800
2017-08-08,53.69394302368164,53.868537071313455,53.606648561473285,53.734231987283174,9028400
2017-08-09,53.861820220947266,53.95583121761047,53.57307069599167,53.88868123759605,8087100
2017-08-10,53.54313278198242,54.09232622458676,53.50245331893668,54.078768127862084,12580300
2017-08-11,53.027854919433594,53.73299516122157,53.02107328236516,53.70587378582125,10192400
2017-08-14,53.04141616821289,53.42110506357226,52.966833681928264,53.3058431021772,8862500
2017-08-15,52.91258239746094,53.05496571025175,52.668495240427426,52.966825137440026,10350900
2017-08-16,52.52610778808594,53.00071879331817,52.41762231667743,52.91257822745275,9117100
2017-08-17,51.705711364746094,52.397288214235125,51.67180835806997,52.38373011528821,13400400
2017-08-18,51.96336364746094,52.282033330924506,51.56333501357995,51.65147560082325,14324300
2017-08-21,51.78706741333008,51.949795628844655,51.58366490324525,51.84809178736611,10084900
2017-08-22,52.031158447265625,52.43119220750661,51.88877512771726,51.90233839979195,9503600
2017-08-23,51.943023681640625,52.21423225187804,51.84810145798852,52.0040428941856,7054300
2017-08-24,51.75316619873047,51.97013196569633,51.66502046120338,51.86842813086535,8678300
2017-08-25,52.01758575439453,52.29557067946451,51.82095974745665,51.90910029972348,6844900
2017-08-28,51.84809875488281,52.1667684203324,51.705715426827815,52.13964704743531,8229700
2017-08-29,51.83454132080078,51.86166269675291,51.58367764577233,51.67181823796158,7060400
2017-08-30,51.59721755981445,51.83452304965583,51.57009619342234,51.69213975575101,8218000
2017-08-31,51.75316619873047,51.861646495777435,51.56332179924432,51.71248156107492,15641700
2017-09-01,51.9159049987793,52.105749455925526,51.74640028020252,51.78030329306727,7361100
2017-09-05,52.32948303222656,52.451526604113674,51.94301258339608,51.96335231656525,12784800
2017-09-06,53.4143180847168,53.71264800001887,52.60069762664004,52.81088179085411,18574400
2017-09-07,53.58381652832031,53.787224205552086,53.299049918493516,53.57703489298002,9836400
2017-09-08,53.441444396972656,53.59060936841384,53.312619162932876,53.57026963101244,8436000
2017-09-11,53.732975006103516,53.8482369286653,53.49566952645527,53.84146046701213,12955800
2017-09-12,53.90248489379883,54.03131009792066,53.72619858913823,53.83468406058229,7644400
2017-09-13,54.085548400878906,54.085548400878906,53.82112152670557,53.90248563140201,8369700
2017-09-14,54.302520751953125,54.397448138700966,54.08555495268526,54.1397976957204,9072600
2017-09-15,54.28894805908203,54.3838702474409,53.936380669873536,54.32285105758361,16043700
2017-09-18,54.302520751953125,54.33642375956826,54.03809384574769,54.09911822488039,8594400
2017-09-19,54.39067840576172,54.505940380281444,54.23473177862564,54.28219289594987,9277100
2017-09-20,54.614410400390625,54.68899287401478,54.41778434927896,54.431342447723196,10606900
2017-09-21,54.166908264160156,54.60083977615235,54.078767703961375,54.57371841004388,11984200
2017-09-22,54.187255859375,54.4449062883608,54.01775117625168,54.0516541820253,10205800
2017-09-25,54.905948638916016,54.91950673488591,54.227930037250765,54.261827863611174,10496600
2017-09-26,54.844932556152344,54.91951502742677,54.621185142329054,54.722888982509836,8755100
2017-09-27,55.21106719970703,55.224625298687386,54.77713561211983,54.844936452766724,9724500
2017-09-28,55.72636413574219,55.902645290759324,55.29920900173506,55.346670108527775,15581700
2017-09-29,55.58395767211914,55.6381952195334,55.31274924356574,55.556836311976745,9944000
2017-10-02,55.34666442871094,55.47548963658766,55.08901918582965,55.122922189862095,6777900
2017-10-03,55.43482208251953,55.57720541888291,55.12293403531309,55.1975165219139,6082000
2017-10-04,55.45515823364258,55.50940097909383,55.22462915191121,55.461939870042215,6357100
2017-10-05,55.61109161376953,55.76025655573978,55.31954336524738,55.40768910706916,7375900
2017-10-06,55.400909423828125,55.52295300129771,55.16360390454627,55.441588892027205,6070600
2017-10-09,55.617881774902344,55.719585630278885,55.43481897352293,55.489056546567184,7489900
2017-10-10,55.773826599121094,56.09927271850907,55.65855947450142,55.82806417043722,7218500
2017-10-11,56.00435256958008,56.099274788977624,55.69246453829202,55.706027811276236,7023700
2017-10-12,55.88907241821289,55.93653351246013,55.712786136921174,55.807708325415646,6647500
2017-10-13,55.87552261352539,56.329793893422654,55.84161960994473,56.09248838697424,7180000
2017-10-16,56.146732330322266,56.24165454368711,55.96366953965368,56.072149852268076,5734000
2017-10-17,56.2484245300293,56.255206164685845,55.96365794891331,56.02467714220748,6444100
2017-10-18,56.11284255981445,56.539992581342574,55.963677582269376,56.24844426328812,6367100
2017-10-19,56.0992546081543,56.309443880813426,55.82126968645448,55.83482778168839,7945500
2017-10-20,56.35013961791992,56.36369771707052,56.01791187356762,56.17385329172635,9574100
2017-10-23,56.43827819824219,56.790850838158114,56.30267652004218,56.377258994913916,9829900
2017-10-24,56.59423065185547,56.82475456327234,56.48574515974895,56.648473397908724,7551200
2017-10-25,56.39081573486328,56.77050973584507,56.2416507887139,56.580660148918014,9153300
2017-10-26,56.59423065185547,56.71627424403881,56.350143467488785,56.526429805725385,9154500
2017-10-27,56.75694274902344,57.116291819655366,55.60431306893551,56.27555010979274,14866200
2017-10-30,56.64168930053711,56.9196743094548,56.55354872168471,56.75695125123779,7811100
2017-10-31,56.51285934448242,56.73660676383727,56.390815767822716,56.71626702987271,9754200
2017-11-01,56.86542510986328,56.91288620767399,56.4518333262821,56.53997388711007,9430000
2017-11-02,56.63490676879883,56.75695035374992,56.214538443979365,56.68236787556466,7775500
2017-11-03,56.397605895996094,56.70949393378675,56.38404779560219,56.560328965088374,6903500
2017-11-06,56.78404235839844,56.865406430578,56.316207995888455,56.478936140247576,9276700
2017-11-07,56.66881561279297,56.831538685196236,56.29590318345923,56.77729593677075,8471800
2017-11-08,56.59423065185547,56.614570388407195,56.18063876572708,56.51964816925048,8691600
2017-11-09,56.933231353759766,57.04849329185168,56.32979512154655,56.478960063958304,10528800
2017-11-10,56.75532150268555,56.85112220362343,56.3994858528477,56.80322185315449,8693700
2017-11-13,56.721092224121094,56.857948846503994,56.52264646714405,56.55686323311252,6720400
2017-11-14,56.27631759643555,56.62530887730729,56.17367248785596,56.39949068258162,9251700
2017-11-15,55.57148742675781,56.17366396727262,55.530431477852304,55.94100662914632,9663600
2017-11-16,55.12669372558594,55.325139506803694,54.84613604920645,55.0445818304242,10527200
2017-11-17,54.9077033996582,55.19511060822437,54.85296389298592,54.96244812707506,9536400
2017-11-20,55.11985397338867,55.181437894117806,54.75033478677563,54.90088022066384,8468600
2017-11-21,55.33884048461914,55.59887024444723,55.181450616336825,55.21566739401693,8838400
2017-11-22,55.49620819091797,55.70834275043158,55.461996644428844,55.53726935574888,7941600
2017-11-24,55.715187072753906,55.90678845717421,55.57833043266689,55.72887586921031,3851300
2017-11-27,55.5030517578125,55.701497519163816,55.44146262186076,55.64675278070574,9127500
2017-11-28,55.886268615722656,56.11208680339852,55.63992245112115,55.70835600186918,9794600
2017-11-29,56.296836853027344,56.32420922579144,55.75624945836196,55.872578127049636,9725000
2017-11-30,56.99482727050781,57.07010000094032,56.392650647794774,56.42001780363658,18592700
2017-12-01,57.11114501953125,57.569620492922134,56.392639849458824,57.09746144423054,13779300
2017-12-04,57.18641662597656,57.603836144620225,56.79636947814923,56.94007050937552,12597700
2017-12-05,56.721092224121094,57.32326867164955,56.59791917567829,57.07692779550943,9357200
2017-12-06,56.30369567871094,56.93324475136238,56.25579531928632,56.69374295423929,13398900
2017-12-07,56.48843765258789,56.53633799481197,56.22840274844653,56.38579257046608,11359600
2017-12-08,56.5637092590332,56.72793825477025,56.28999078564103,56.44737538383822,11988600
2017-12-11,56.81690979003906,56.96745525184996,56.61846397408351,56.82375418941602,8760700
2017-12-12,56.63215255737305,57.056411343683756,56.59109138201454,56.72110886594693,11307000
2017-12-13,56.878501892089844,57.00167498352647,56.44055428270347,56.52951059622818,10172700
2017-12-14,56.72794723510742,57.022193726954306,56.72110283648406,56.81690353422523,9492400
2017-12-15,56.81690979003906,56.987983229233805,56.70742550374289,56.905871319698434,26582300
2017-12-18,56.75532150268555,57.25485298318358,56.73479352687695,56.919550529900974,9363500
2017-12-19,56.41316604614258,56.91269745044967,56.33789333249424,56.81689676412376,10285100
2017-12-20,56.7074089050293,56.892165868151075,56.46790198366461,56.522646721162,10620300
2017-12-21,57.378021240234375,57.6654233189123,56.76900031223991,57.03587441683316,13578100
2017-12-22,57.46012878417969,57.494340328372274,57.20693829757693,57.398539651440494,10161400
2017-12-26,57.466983795166016,57.7270135061862,57.4122390494524,57.45329499836446,4777200
2017-12-27,57.41224670410156,57.54910336588608,57.30275719807635,57.4738306356805,7000600
2017-12-28,57.49435806274414,57.51489126048765,57.3438178245204,57.4669909072467,7495300
2017-12-29,57.23433303833008,57.61753589585154,57.234333038330085,57.48067922409313,8523400
2018-01-02,58.185489654541016,58.3018183249216,57.24801067227278,57.35749494417616,11469300
2018-01-03,59.328269958496094,59.51303220682781,58.04179950292506,58.27446210809327,13957700
2018-01-04,59.410377502441406,59.68409602049658,59.14350338304289,59.3898495272179,10863000
2018-01-05,59.36247253417969,59.451428826808424,58.65080653091152,59.36247253417969,11047600
2018-01-08,59.629364013671875,59.636208413790975,59.2598447184546,59.328273057402775,10927100
2018-01-09,59.37615966796875,59.6361946048064,59.29404776854331,59.49249356006547,8131600
2018-01-10,58.90400314331055,59.663569570476184,58.83557481723412,59.53355209640832,10822300
2018-01-11,59.485626220703125,59.78671699113685,58.80133281207695,59.09557918661598,14366000
2018-01-12,59.88937759399414,60.21099644289703,59.65672026033872,59.67040383612884,9834500
2018-01-16,59.513023376464844,60.05361602097794,59.259832830326836,60.039927223485854,10882800
2018-01-17,60.21783447265625,60.36153549661289,59.485640557784464,59.67039752551567,10546000
2018-01-18,59.82778549194336,60.347850053548115,59.766196357443015,60.06044279378901,9223700
2018-01-19,59.63618850708008,60.05360802230014,59.26666933520925,59.92359056717544,13090000
2018-01-22,60.38890838623047,60.41628075589785,59.567758179191905,59.64987006744835,10270400
2018-01-23,60.42315673828125,60.53264105343542,60.03994858337063,60.38893995312459,10281800
2018-01-24,60.58049774169922,60.84737176711021,60.224667448066114,60.55312537745903,10316100
2018-01-25,60.471031188964844,60.813178010903826,60.35469730173849,60.59420425369272,11271900
2018-01-26,60.902137756347656,60.902137756347656,60.53946293985963,60.65579161293193,10514400
2018-01-29,60.224693298339844,61.1074328461921,60.18363212398253,60.62157969831664,9315700
2018-01-30,59.382991790771484,60.4778603963314,59.382991790771484,59.903056336191945,12408000
2018-01-31,59.73884963989258,59.85517833059904,59.075083831777526,59.232468479028086,14404700
2018-02-01,60.95003890991211,61.073211983246,59.77305292488753,59.87569802279019,17971000
2018-02-02,57.84334945678711,58.856106496993,56.796380861763275,58.25392465983119,29822100
2018-02-05,54.5518913269043,57.4738229534973,53.46386169438391,56.98797508213154,30452700
2018-02-06,53.61441421508789,54.983001713728285,52.6221903668724,53.72390372093768,36262800
2018-02-07,52.649559020996094,54.33976529763843,52.63587022335918,53.67599957240675,21994500
2018-02-08,52.05421829223633,53.08750317637486,52.0268459194599,52.99170248203049,25650800
2018-02-09,52.38602828979492,52.86993512798138,51.08640317909623,52.71093588600247,29491600
2018-02-12,52.82846450805664,53.658016991151946,52.42751440493387,53.263981275774746,19340400
2018-02-13,52.74551773071289,53.05659664372649,52.3514819796336,52.60725633393673,11926600
2018-02-14,52.85612106323242,52.994382458672504,51.964354840642436,52.39295725530727,17188400
2018-02-15,52.68330764770508,53.02203889706614,52.15792479982495,52.966739603184465,14432400
2018-02-16,52.911415100097656,53.3123651559465,52.43442261041086,52.64181202526562,13722400
2018-02-20,52.36530303955078,53.55432462569621,52.1648279791767,52.86303349646122,13387300
2018-02-21,51.77079772949219,52.842301202941826,51.756974226061864,52.41369875873531,11715000
2018-02-22,52.441349029541016,53.11881142845803,51.97818520744608,52.05422765873129,14020200
2018-02-23,53.595802307128906,53.65802125351641,52.50356101839666,52.60034135799238,13378800
2018-02-26,54.50137710571289,54.563596035061835,53.61652551507699,53.74095809964338,16940400
2018-02-27,53.5750617980957,55.21342365112524,53.5750617980957,54.61199847805885,14629500
2018-02-28,52.35838317871094,54.09352520848122,52.33073090353598,54.03131154493671,17087800
2018-03-01,51.98508834838867,53.008201491851416,51.75005190715667,52.21321567603093,15696700
2018-03-02,52.22704315185547,52.44825608627078,51.487361907954366,51.77078850792443,15630300
2018-03-05,52.72476577758789,52.92524081389898,51.92978529369526,52.005827730714365,14891000
2018-03-06,52.662540435791016,53.21557525980229,52.4413275610127,53.00127149657917,10754300
2018-03-07,51.33527755737305,52.012739868590955,50.851370632370674,51.846831484597324,27255500
2018-03-08,51.238494873046875,51.68782983929608,50.941239508560614,51.501183575145255,19299800
2018-03-09,51.54267120361328,51.888316810448956,51.300720333654986,51.722408395925186,19714100
2018-03-12,52.012760162353516,52.247801966005234,51.63255308093428,51.75698573601236,14226700
2018-03-13,51.521915435791016,52.41368142492927,51.328354806979284,52.07495032450874,13739700
2018-03-14,50.879032135009766,51.70167036479638,50.830641961147805,51.597975628196934,14820700
2018-03-15,51.44585037231445,51.84680022652393,51.22463756897979,51.397460236401535,15640600
2018-03-16,51.92977523803711,51.92977523803711,51.4043926678578,51.4043926678578,32109700
2018-03-19,51.259246826171875,51.85375771827595,51.058771732403414,51.84684332907466,12744800
2018-03-20,51.148624420166016,51.63944044339685,51.120972144671455,51.30762368572667,13003200
2018-03-21,51.87447738647461,52.2892509325564,51.14171061259239,51.314533362970785,15418500
2018-03-22,50.809898376464844,51.63944562806012,50.73385592975311,51.445884954296744,17737000
2018-03-23,50.38820266723633,51.30070661428587,50.23611779703941,51.02418914793983,20157300
2018-03-26,51.15553665161133,51.25923136181263,50.291422856820596,50.913585843896335,15032700
2018-03-27,50.94814682006836,51.77078483379289,50.657805853153356,51.15553623879737,15821900
2018-03-28,50.33290481567383,51.162457325079636,50.31216692591191,50.97580576895693,18163900
2018-03-29,51.57722473144531,51.77078537809034,50.643982885617056,50.692373047278316,14882900
2018-04-02,50.6163330078125,51.43205668167676,49.88356616106627,51.34218546709914,17891100
2018-04-03,51.86064910888672,51.943605928549125,50.5333716390792,50.77532243709643,15999200
2018-04-04,51.7569694519043,51.8883111818438,50.76842291262191,51.190110929149334,13122200
2018-04-05,52.55195236206055,52.75934182247415,51.86066119285929,51.88831347252331,14200000
2018-04-06,51.7569694519043,52.62108337525839,51.30762915693361,52.28926130807197,14299600
2018-04-09,51.7569694519043,52.39295603370103,51.70857928316178,51.99892029561688,11103100
2018-04-10,53.277801513671875,53.76170314357064,52.57959606984747,52.59342484449155,19006100
2018-04-11,53.52667236328125,53.94836037416851,53.056594184298696,53.30545941282668,13734000
2018-04-12,53.381492614746094,54.0174790779005,53.23632213559988,53.823918439038884,13270400
2018-04-13,53.81009292602539,54.052049013395916,53.64418455039512,53.78244592519715,10925000
2018-04-16,54.294002532958984,54.66730035233354,53.72022966572778,54.003661542600696,10743600
2018-04-17,54.148834228515625,54.446089618517966,53.948359172548216,54.29400472956802,10478100
2018-04-18,54.76408004760742,55.13737786265457,54.57051938961239,54.6396474425917,12061400
2018-04-19,54.90235137939453,55.17886894212956,54.48066328290371,54.833223307244225,11291500
2018-04-20,54.611995697021484,54.888513185756935,54.14883193601574,54.83320863318336,12072200
2018-04-23,55.00602722167969,55.02676510878475,54.43916878623591,54.55668699591927,11729800
2018-04-24,54.162662506103516,55.25490382838901,53.89997375829299,55.16503787432746,14102000
2018-04-25,54.957645416259766,55.04060225142495,53.56814875350657,54.05896482810176,13867500
2018-04-26,55.897796630859375,55.92544890669809,54.97837823721856,55.02676840140321,14554400
2018-04-27,53.77553176879883,54.37004249766959,52.86994217501923,53.19484454040154,16346800
2018-04-30,53.74788284301758,54.30782694439928,53.740968455283884,53.85849195022669,15028800
2018-05-01,53.194854736328125,53.40915859073421,52.5243067151302,53.40915859073421,16231000
2018-05-02,53.091163635253906,53.38841904746934,52.74551805240495,52.8492075079532,13883700
2018-05-03,52.911415100097656,52.95980526034618,52.12334376226064,52.807720392670284,12243100
2018-05-04,53.160282135009766,53.38149505727801,52.496643368205014,52.6279850796526,9887200
2018-05-07,53.740970611572266,54.66730346215269,53.50593416052114,53.740970611572266,15071500
2018-05-08,53.982933044433594,54.03132849677256,52.79391648366044,53.78246321625091,17430400
2018-05-09,55.25489807128906,55.46919662548708,54.57743046976097,54.5981736331214,17142100
2018-05-10,56.492313385009766,56.54070355434157,55.648937341684466,55.745717680348065,17710300
2018-05-11,56.757652282714844,57.23947953704221,56.49928547017769,56.68782355845048,14751000
2018-05-14,57.141719818115234,57.483884305668354,56.988093423983955,57.05093767926113,11852100
2018-05-15,57.113792419433594,57.28138244289621,56.841456633460304,57.15568859340156,12595700
2018-05-16,57.274391174316406,57.295344586404525,56.680839027316914,57.092837556940665,9570000
2018-05-17,57.176631927490234,57.455952161769524,56.86938446461432,57.4000870493956,11224100
2018-05-18,56.77161407470703,57.120762979649655,56.74368152300088,56.94618852717834,10030900
2018-05-21,57.45594787597656,57.504828513760025,56.92524000319185,57.07188724413219,8822400
2018-05-22,57.00904846191406,57.714330935719424,56.80654140200595,57.56768899459789,10753400
2018-05-23,57.365169525146484,57.42103463184801,56.26185764194534,56.52720890739291,15140900
2018-05-24,56.052391052246094,56.813538818259424,55.82893585377829,56.806554344922006,13360500
2018-05-25,54.9630241394043,55.39597073225476,54.53007754655384,55.36105370808024,14562000
2018-05-29,54.760536193847656,54.97701222946985,54.13905130571557,54.5719980493682,14644800
2018-05-30,56.911277770996094,57.023007990121044,55.319159441596135,55.340107525784546,16627500
2018-05-31,56.729705810546875,56.946181728527684,56.34564525751563,56.42943757504084,15803100
2018-06-01,57.141719818115234,57.50483239076075,56.94619725379917,57.169652374101865,9906100
2018-06-04,56.54119110107422,57.63053429914627,56.42946086148167,57.29535423555074,10954700
2018-06-05,56.338680267333984,57.016030148660285,56.15014216012731,56.27583067987129,12059300
2018-06-06,57.302345275878906,57.323293368253594,56.471374088660546,56.89733639225315,11603300
2018-06-07,57.874935150146484,58.1612398815927,57.65148000777491,57.77019471434015,13502500
2018-06-08,58.37771224975586,58.41961375288755,57.609585508494135,58.03554771846119,14350400
2018-06-11,58.02854919433594,58.510376406737436,57.90983984065692,58.46149577124668,10831600
2018-06-12,57.55372619628906,58.48246391681387,57.483897454145506,58.03555357398524,12351800
2018-06-13,56.91828536987305,57.67942781848303,56.890352803741635,57.567702881549636,12049300
2018-06-14,57.183616638183594,57.46992134460758,56.91128087370682,57.21853366546128,11477300
2018-06-15,56.32471466064453,57.13473750447978,56.21996890363734,57.064908775671825,23797500
2018-06-18,56.436431884765625,56.82747697497286,56.07331934780031,56.143148067110204,9192600
2018-06-19,56.35264205932617,56.534201016844506,55.661328585147444,55.78702242841544,8759700
2018-06-20,56.17806625366211,56.652909058457396,56.05237241334599,56.457386490763525,8917700
2018-06-21,55.64736557006836,56.12918753479597,55.39597788082326,55.877799845550875,10990700
2018-06-22,56.82748031616211,57.21853075695106,56.50626392637875,56.67385925568406,16012200
2018-06-25,55.6822624206543,56.729709070623805,55.37501502609054,56.408492737277186,10557200
2018-06-26,56.31074523925781,56.56911739399869,55.84288689987529,55.968580741696464,10382800
2018-06-27,57.05792999267578,57.59562244604024,56.60403521878906,56.60403521878906,12725900
2018-06-28,57.23947525024414,57.30930396927887,56.58307357062025,57.07188525904285,9390700
2018-06-29,57.770206451416016,58.3358262300496,57.462953570384485,57.57467850047382,17323200
2018-07-02,57.09284973144531,57.35121659880127,56.78559688638277,57.18362655949047,9998300
2018-07-03,57.428035736083984,58.272975819604305,57.31631080754495,57.665459866566174,7197300
2018-07-05,57.476905822753906,57.798122258679165,57.295352181311934,57.67242840743964,9035700
2018-07-06,57.49087142944336,57.74923826095878,57.023013082156545,57.232499270337385,7637100
2018-07-09,57.88890838623047,58.04951395143757,57.65148428308397,57.82605879249504,7158600
2018-07-10,58.41961669921875,58.74083315894329,58.31487092749328,58.44754393259371,8806200
2018-07-11,57.67242431640625,58.3288260849382,57.281379174773846,57.979677114883415,10405300
2018-07-12,57.74226760864258,58.12632834058091,57.47691093929796,57.965722772116756,9762200
2018-07-13,58.17521286010742,58.48246572816534,57.65148928642236,57.73528697614498,8720000
2018-07-16,57.602603912353516,57.81209545569725,57.260439363977255,57.62355200116964,8306900
2018-07-17,57.476905822753906,57.78415864302627,57.28836770969006,57.441994119826234,7373300
2018-07-18,57.41405487060547,57.483883595914705,56.90429505342661,57.120771027752546,8711900
2018-07-19,57.26742935180664,57.693391624065065,57.064922261094296,57.40010236961753,8659100
2018-07-20,56.8414421081543,57.21153909053848,56.73669637241042,57.06489719153283,9196300
2018-07-23,56.8414421081543,57.260419723540366,56.68781573940854,57.22550270242927,8425900
2018-07-24,57.96571731567383,57.97269645966916,56.89732224939614,56.92524948055914,11121000
2018-07-25,58.3707275390625,58.47547330507652,57.61656974446171,57.965718746114455,9523600
2018-07-26,58.824623107910156,58.936353347204445,58.21710724641834,58.53832369300286,13210100
2018-07-27,57.204551696777344,57.52576802974061,56.429440750517806,56.54117095029068,18220800
2018-07-30,57.078861236572266,57.351196955019326,56.359615347976714,57.351196955019326,11282800
2018-07-31,56.91828536987305,57.3651957727911,56.86940471104114,57.00906221410594,11716800
2018-08-01,56.13616943359375,56.51325095018153,56.01746006566529,56.48531839403536,8936300
2018-08-02,55.800987243652344,56.045390440933005,55.47976552426618,55.78701830232766,8364300
2018-08-03,56.003501892089844,56.07333595967806,55.60547221375732,55.842896322856234,7811100
2018-08-06,55.98951721191406,56.16409166002709,55.68226447840654,56.03839784428214,10041800
2018-08-07,56.75067901611328,56.97413417442936,56.080313541165054,56.49929662465001,10698100
2018-08-08,56.37360763549805,56.722756683505956,56.10825094935336,56.57610939506196,7275000
2018-08-09,56.08729553222656,56.49929412540436,55.94065359053002,56.37360027143718,9828500
2018-08-10,56.03084945678711,56.10139843158648,55.63577089187719,56.094347301885776,12954300
2018-08-13,55.42411804199219,56.26366536674314,55.33240491390561,56.05201306187664,10308500
2018-08-14,55.247737884521484,55.78391972749396,55.08547579710243,55.72747840033029,8005900
2018-08-15,54.28121566772461,54.95849557013639,53.97785020682266,54.8738335638816,16307800
2018-08-16,55.0290412902832,55.09959026671109,54.46463871377637,54.52108004793543,11519900
2018-08-17,55.212486267089844,55.374748413800944,54.88795659112447,55.26892223233452,10178400
2018-08-20,55.600494384765625,55.73454120628273,55.14897448154592,55.21247232741153,8152100
2018-08-21,55.6146125793457,56.14373801973199,55.50172990177631,55.76982356973245,9192200
2018-08-22,56.41182327270508,56.475321121060084,55.74865103398981,55.812148882344815,10098200
2018-08-23,55.790977478027344,56.17899950017704,55.663987180359484,56.12961468344739,7203900
2018-08-24,56.17195510864258,56.47532055709546,56.03085177067497,56.10140074838778,6545200
2018-08-27,56.722259521484375,56.771644357067565,56.341288483038284,56.376565672402016,6671900
2018-08-28,56.637603759765625,57.018574840341124,56.58116240355948,56.849256154266676,8823400
2018-08-29,57.046756744384766,57.173747018262695,56.510574989951266,56.75044789951638,8004800
2018-08-30,56.79985809326172,56.9903408979433,56.524713273975706,56.75752439468813,7450900
2018-08-31,56.55997085571289,56.76456663599208,56.27776959386085,56.60935567284639,10700000
2018-09-04,56.64463806152344,56.926839349343894,56.30599543963051,56.729300062632134,8855000
2018-09-05,57.3995361328125,57.44892096543549,56.15785342073624,56.369505779145086,13878400
2018-09-06,56.76457595825195,57.59706685703494,56.679913951030166,57.22315241125434,13320600
2018-09-07,57.731109619140625,57.80165859558023,56.31305204777453,56.545868514312914,16417800
2018-09-10,57.64645004272461,58.37311475744846,57.61117824429208,58.02036447787051,10817900
2018-09-11,58.45777893066406,58.69059541563159,57.59001084239524,57.822827327362766,11891900
2018-09-12,58.648277282714844,59.10685386136819,58.4648509572885,58.73293931313421,11556300
2018-09-13,58.07681655883789,58.73293241553842,57.85811306745208,58.66238342307943,11162700
2018-09-14,58.50009536743164,58.66236283743363,58.04151900355597,58.14734514637977,9442600
2018-09-17,58.84579849243164,58.98689643750591,58.54948419570914,58.556540707725325,8403300
2018-09-18,59.001014709472656,59.35376501825652,58.874024383008766,59.19150289043977,9219900
2018-09-19,59.70649719238281,59.80526681823958,59.00805330024109,59.00805330024109,10413600
2018-09-20,59.84056091308594,60.207418858216464,59.64302160551239,59.8687815831025,11198200
2018-09-21,60.087493896484375,60.270925587334375,59.628917360630986,59.974616582337376,26639400
2018-09-24,61.09635543823242,61.44204925089206,60.47551680166409,60.52490163204404,13549500
2018-09-25,61.02581024169922,61.632541271237486,60.9340970888781,61.3997247496033,12200700
2018-09-26,60.51781463623047,61.02577571145128,60.45432219309792,60.68713320045737,10275500
2018-09-27,60.51079559326172,60.94115147165072,60.38380524582655,60.73655561286386,7895400
2018-09-28,59.98165512084961,60.623663212763674,59.96049096529941,60.14392261763801,9884900
2018-10-01,60.53900909423828,60.69422009854807,60.150986966006606,60.21447944092817,8566900
2018-10-02,60.99756622314453,61.145720666789686,60.404948448563914,60.53193874062277,8453100
2018-10-03,60.77888870239258,61.30095773321605,60.658954870623184,61.03286939469446,10206700
2018-10-04,60.376731872558594,60.72948210965107,60.14391542426761,60.32029054281385,10204600
2018-10-05,60.20741653442383,60.46139717222776,59.918164097367374,60.18625237836387,9217400
2018-10-08,60.7647590637207,60.89174937515914,59.72062128748644,59.819390931656116,13242400
2018-10-09,61.03284454345703,61.29387626131068,60.489606190683666,60.94112604147282,10177900
2018-10-10,59.62892150878906,61.25157540006193,59.614813861992985,61.188082915664175,16573400
2018-10-11,57.56885528564453,59.381991845474346,57.26548977333636,59.21972970083458,20320100
2018-10-12,57.41362380981445,58.02035461818716,56.63051789162505,57.94274913926452,15216300
2018-10-15,57.01854705810547,57.667606190590696,57.01854705810547,57.41362559395885,10558800
2018-10-16,57.28664779663086,57.336032624389205,56.44710572473908,56.79985603231081,9781800
2018-10-17,57.498287200927734,57.51239484173861,56.6799040878223,57.103208667727216,12247700
2018-10-18,57.74522399902344,58.18263631605249,57.286647524847304,57.286647524847304,17448600
2018-10-19,57.829872131347656,58.17556584105164,57.50534257371149,57.611168716591834,12098700
2018-10-22,57.251373291015625,57.9780380290811,56.89156648717675,57.851047709052224,9474100
2018-10-23,56.3271598815918,56.7645721490718,55.53700273071424,56.482370859811866,15465100
2018-10-24,54.76095962524414,56.62348081658194,54.711574797539825,56.5317622918864,16085700
2018-10-25,55.247737884521484,55.76981208697365,54.845602847927424,55.37472817936914,12315500
2018-10-26,54.697444915771484,55.31828870993004,54.295309904800995,54.937317849662065,18160100
2018-10-29,54.358821868896484,55.33241073206269,53.773255095396784,55.07843009253372,15707000
2018-10-30,55.57933044433594,55.755705575414716,54.61984930066407,54.7609526350522,17758200
2018-10-31,56.21429443359375,56.68697859768523,55.66400476404929,55.974421403318225,16629100
2018-11-01,56.91273498535156,56.969176328013084,55.946202559350674,56.32011703503358,14159300
2018-11-02,57.815757751464844,58.1685079644269,56.60230154020988,57.6817163306672,19350400
2018-11-05,57.597068786621094,58.46483689645356,57.45597081906672,58.20379973568129,15815000
2018-11-06,57.843971252441406,57.921576720287604,57.39245146635829,57.6675961677983,9063200
2018-11-07,58.57772445678711,58.655329967301206,57.61119190636434,57.99921407639144,12699800
2018-11-08,57.64645004272461,59.08567182930773,57.52651623947821,58.6482595449159,16865500
2018-11-09,57.632205963134766,58.00991089415059,56.79127584918931,57.19748753084308,15070100
2018-11-12,56.89104461669922,58.245085316952895,56.81978046133988,58.195199864490704,11906600
2018-11-13,55.586875915527344,56.905281500461754,55.33032066864111,56.86965214995852,15530200
2018-11-14,55.15217208862305,56.36367906599781,54.69607496040385,56.19977204900694,18552100
2018-11-15,55.72229766845703,55.72229766845703,54.097450927226845,54.63906288289905,18976000
2018-11-16,56.271018981933594,56.43493138585944,55.658137634027355,55.85055677937965,13704900
2018-11-19,56.45631790161133,56.55608879186926,55.8933219139526,55.91470061370705,9430800
2018-11-20,54.85286331176758,56.22828284213652,54.42527290295541,55.886207252822565,15533700
2018-11-21,55.27332305908203,55.857697858812095,55.05953058334085,55.1806801966382,9685300
2018-11-23,53.79812240600586,54.30410490349569,53.235126417701636,54.19721140460088,10875400
2018-11-26,54.859981536865234,55.10228073153787,54.247100067026615,54.3326148712141,13741100
2018-11-27,54.90986251831055,55.1949190918887,54.44663743058761,54.567787018068884,10344500
2018-11-28,55.90760040283203,55.90760040283203,54.760229156517816,54.902762954353754,11482100
2018-11-29,56.34230422973633,56.677251770628644,55.722300041972034,55.74367874677673,10255200
2018-11-30,56.655879974365234,56.727144144773085,55.81494971449412,55.90759259231356,14040100
2018-12-03,57.88163375854492,58.0526688268133,57.11196779567701,57.18323195436327,19415100
2018-12-04,56.605979919433594,58.40186156146302,56.54896642296122,57.99564991403337,18540700
2018-12-06,55.86482620239258,55.90046100042535,54.817226210668004,55.58689217647873,23218100
2018-12-07,55.33033752441406,57.26875311935787,55.10941699783529,56.5774793511647,16224700
2018-12-10,54.546409606933594,55.487110458431786,53.306396083846366,55.487110458431786,17946200
2018-12-11,54.64619064331055,55.44436335284589,53.933538186009734,55.373093757430404,15742400
2018-12-12,54.17584228515625,55.729424999311334,54.17584228515625,55.615403423181725,14559800
2018-12-13,54.859981536865234,55.031016582346275,54.125945032584234,54.182958526779935,13749700
2018-12-14,53.86227035522461,54.78159261491357,53.51306676024,54.67469366618576,12669300
2018-12-17,52.76477813720703,53.87651401046418,52.365694580059476,53.634214832797646,15464100
2018-12-18,51.310951232910156,52.636484574728655,51.04014539209392,52.47257219929775,18681200
2018-12-19,50.441532135009766,52.21603495257938,50.09946205401379,51.63166024686418,21679600
2018-12-20,48.909332275390625,50.35602121517367,48.49599801541608,49.94980412737927,28723700
2018-12-21,48.54588317871094,50.14935106990359,48.22518633820863,48.56013383430588,47287300
2018-12-24,46.685855865478516,48.12541118606662,46.635970419643925,47.65506347349844,14262800
2018-12-26,48.91645050048828,48.930706590411575,46.07296951657716,47.163326600184156,24887700
2018-12-27,49.13026809692383,49.13026809692383,47.09208138720673,48.27508178231735,22077000
2018-12-28,48.58151626586914,49.58635883130296,48.332088995511825,49.30129676356315,19710600
2018-12-31,48.59575271606445,49.27989813982754,48.218047939757135,48.68839553986103,15807000
2019-01-02,49.66474914550781,49.79302679925286,47.93300353850296,47.997139646822234,16727200
2019-01-03,48.90220642089844,50.063827798946456,48.71691528672619,49.88566471069397,13866100
2019-01-04,50.70521926879883,50.790734076918184,49.42957082232407,49.62911262407765,16043600
2019-01-07,50.96888732910156,51.3822269455061,50.413019435298,50.77647361090235,10844200
2019-01-08,51.3394775390625,51.73143308145785,51.268213389272994,51.69580372511615,11439000
2019-01-09,51.610267639160156,51.7385452442435,51.061527873423,51.7385452442435,13473500
2019-01-10,51.346595764160156,51.367974461297315,50.68382896738288,51.360846416549904,13151100
2019-01-11,51.111419677734375,51.232569253996544,50.648194632908606,51.20406251185748,9790100
2019-01-14,51.04729080200195,51.15418975224475,50.68384198312551,50.747978091007305,11012400
2019-01-15,51.07577896118164,51.56751069105926,50.826351792803315,51.275320695884304,10298300
2019-01-16,51.054412841796875,51.58177404728003,50.81923626635361,50.897628458168036,12595600
2019-01-17,51.40361022949219,51.55326656524466,50.52705091478401,50.73372074142479,10141700
2019-01-18,52.0164794921875,52.230277314438155,51.40359820131373,52.21602122649906,15759200
2019-01-22,51.23258590698242,51.8169607180195,51.08292953993588,51.588912143885686,15035600
2019-01-23,50.812110900878906,51.52476319717676,50.548427593890715,51.31809337879772,13187200
2019-01-24,50.883384704589844,51.28959637312499,50.34176733417412,50.66958680026332,11272500
2019-01-25,51.111419677734375,51.503375148659934,50.983142056661165,51.360846875069754,8996200
2019-01-28,50.76934051513672,50.7978472552016,50.14933658931598,50.61255616333226,13678400
2019-01-29,50.96177673339844,51.4463806027284,50.94039803045994,51.09717699771111,10513200
2019-01-30,51.517642974853516,51.717184778180744,50.96177496926871,51.147060679726074,11524700
2019-01-31,52.22315979003906,52.37281612091875,51.32521636765537,51.51763553386181,19876700
2019-02-01,54.10456466674805,54.51077628545774,52.96432200344945,53.39191232254819,22968700
2019-02-04,53.320640563964844,53.990535411758316,53.021327927033546,53.990535411758316,15483800
2019-02-05,53.869388580322266,53.90502337270012,53.45605434911126,53.577203943826454,12786700
2019-02-06,53.63422393798828,53.99767276618881,53.541575641418,53.862272500373685,10866900
2019-02-07,53.220882415771484,53.58433666876019,52.66501440361606,53.413296174938196,14418900
2019-02-08,53.30734634399414,53.372194488572894,52.40664101949584,53.1488213272874,11959500
2019-02-11,53.39381408691406,53.48028378290411,52.889421270645606,53.23528905966701,10434800
2019-02-12,54.330543518066406,54.36656843073806,53.91261494930028,54.0999631865866,12599200
2019-02-13,54.943023681640625,55.15198797238838,54.40980767962813,54.46024695687973,13214600
2019-02-14,54.95743179321289,55.231249720936034,54.55391758073941,54.95023010903932,12772900
2019-02-15,55.99506378173828,56.031094203890476,55.30332255668662,55.44023156390027,14330300
2019-02-19,56.36974334716797,56.549884408551975,55.807698617776,55.88696112458248,13551500
2019-02-20,56.58592224121094,56.78767939642821,56.2040239834825,56.42019550548396,12633100
2019-02-21,56.07433319091797,56.67961027300428,55.923015294764205,56.355352926270854,10266000
2019-02-22,56.506649017333984,56.888547202753784,55.930200896925115,56.71561331637803,9519300
2019-02-25,56.564300537109375,56.81649695593378,56.34812903670583,56.5138612533445,9274400
2019-02-26,56.67959213256836,57.018252745587425,56.48503668730198,56.69400100010278,10990600
2019-02-27,57.26325607299805,57.46501323359598,56.67960064448682,56.83812020104926,12398200
2019-02-28,56.946197509765625,57.46500470139845,56.71561714653653,57.24883320572827,14597900
2019-03-01,57.6451416015625,57.6451416015625,56.9461933800485,57.198389775061514,15419400
2019-03-04,57.86850357055664,58.041442920081394,56.93177349923706,57.81806430131226,18089900
2019-03-05,57.782039642333984,57.93335745071938,57.46498966430665,57.73160037287219,13745500
2019-03-06,57.12633514404297,57.19839047242961,56.10313518753287,56.816492284258175,18633600
2019-03-07,57.76043701171875,57.83249234233084,57.15516014014467,57.32089234827488,16541700
2019-03-08,56.93178939819336,57.15516258187438,56.384158966701335,56.84531969928317,16211300
2019-03-11,57.48662567138672,57.8541150464893,57.3929542805633,57.63074184665732,11060900
2019-03-12,57.6451416015625,58.06307019756641,57.56587909206282,57.72440411106218,11320000
2019-03-13,58.156742095947266,58.19277250875951,57.789252775645146,58.07027240367937,10260200
2019-03-14,57.96218490600586,58.300850953166744,57.89733127055431,58.22158845287511,9976700
2019-03-15,57.753231048583984,58.04145787458612,57.717200633782674,57.77484709847699,25316400
2019-03-18,58.4233512878418,58.54584589216207,57.96219060307337,57.96219060307337,9840600
2019-03-19,58.272037506103516,59.08627319420294,58.10630529655032,58.78363750455211,13936500
2019-03-20,58.59629821777344,59.02863576882788,58.04866772112035,58.18557671965118,13133600
2019-03-21,58.934940338134766,59.00699565101241,58.221583394950514,58.22878507801069,10117000
2019-03-22,57.99102020263672,58.682761305768395,57.86131840220768,58.53144345484612,12497700
2019-03-25,57.58750534057617,57.96220190593599,57.34971776995976,57.64515181178077,11320400
2019-03-26,58.33689880371094,58.560272030113914,57.774859396973994,57.88294516691663,9472800
2019-03-27,57.89014434814453,58.58909273305872,57.515453259025485,58.34410346276365,7258700
2019-03-28,58.17836380004883,58.214394216363516,57.659556590947545,57.666763773704425,7412300
2019-03-29,58.221595764160156,58.71157969228067,57.991015415483986,58.60349395126734,10889200
2019-04-01,58.8917236328125,58.92774854992727,58.423355730565014,58.53144147684819,10816400
2019-04-02,58.639530181884766,59.05025167901416,58.444980208495146,58.90614099483446,7646000
2019-04-03,58.293663024902344,58.9205505556574,58.084698682160564,58.9205505556574,8562900
2019-04-04,59.12230682373047,59.143922874528286,58.199979842423026,58.45218176164996,9360600
2019-04-05,59.43935012817383,59.468173361111766,59.05024472971604,59.19436089440572,10059100
2019-04-08,59.80683135986328,59.95094200752603,59.51139738544519,59.569043843497816,9108200
2019-04-09,59.03583526611328,59.504203176055604,58.89892628540734,59.46096557835033,8561600
2019-04-10,58.76921844482422,59.143914933241156,58.66113820534717,59.028622014507036,10324300
2019-04-11,59.05024337768555,59.13671307451953,58.380118345263206,58.75481486740766,9115100
2019-04-12,58.30805969238281,59.66992572950391,58.06307047817734,59.66992572950391,16638700
2019-04-15,58.11350631713867,58.408934793101324,58.0198294487488,58.2864401932502,8536100
2019-04-16,58.50979995727539,58.61788566666347,58.14231624181047,58.2287804113469,7005700
2019-04-17,58.67555236816406,58.87010231425395,58.423355957503304,58.76202206502037,8311400
2019-04-18,58.45937728881836,58.96377557666917,58.41614519177681,58.76922014504401,9493900
2019-04-22,59.73479080200195,59.96537119374129,58.82687810438509,58.99261033788689,10770600
2019-04-23,60.08065414428711,60.15991666340312,59.57626129306677,59.94375065465288,10595100
2019-04-24,58.91333770751953,59.86448234747963,58.89172165848145,59.814043067234365,11684000
2019-04-25,59.244808197021484,59.691554624356904,58.6539455854889,58.83408669263262,11135000
2019-04-26,57.99822235107422,58.09910091916149,57.328097293083246,57.83969731623146,18053500
2019-04-29,57.623531341552734,57.91895986325369,57.40015815459813,57.73161709240709,10023700
2019-04-30,57.84689712524414,58.02703818779035,57.594700737173234,57.911750766444634,13721500
2019-05-01,56.68680191040039,57.83250220311787,56.65077698768655,57.60192180736225,13909800
2019-05-02,55.692413330078125,56.5642954408717,55.65638291743387,56.405770421187576,15360400
2019-05-03,55.822105407714844,56.35532133777716,55.800489362876505,56.052685715104076,12180700
2019-05-06,55.577125549316406,55.95902926728237,55.27448984599513,55.42580769765577,13367100
2019-05-07,55.28168869018555,55.332127966464334,54.59714937215185,55.12316367974682,13498800
2019-05-08,55.36814880371094,55.69240598232112,55.06551316831616,55.15198284877255,11352900
2019-05-09,55.317718505859375,55.396981018103475,54.734063186124914,55.015082821365155,13221600
2019-05-10,55.79874801635742,55.966379935972256,54.78568338522908,55.52179697578105,11056000
2019-05-13,55.179237365722656,55.558228774100535,54.92415020267012,55.13550972648026,12176100
2019-05-14,55.252132415771484,55.97367200635602,55.215694560797765,55.48535581744445,10548400
2019-05-15,55.6602668762207,55.79145536206023,54.81482873181405,55.07720570349312,8918000
2019-05-16,55.65297317504883,56.082976450370346,55.550938311057855,55.682126787686684,8105200
2019-05-17,55.325008392333984,55.60924918359184,55.09177947593429,55.135512678000936,9279400
2019-05-20,55.31771469116211,55.65297289408031,55.15008280946151,55.427039347881376,7154300
2019-05-21,55.57280731201172,55.72585962226874,55.339583949646226,55.587381339448,8489900
2019-05-22,55.06992721557617,55.550953615903836,54.94602849809223,55.40518551255398,7858300
2019-05-23,53.7799072265625,54.51602079901368,53.23328939325882,54.49415141487485,14657200
2019-05-24,54.00583267211914,54.115157334386275,53.52481194282036,54.034986286089264,7056400
2019-05-28,52.919891357421875,54.11516182701144,52.832430508250525,54.10787203279288,14912900
2019-05-29,52.59190368652344,52.78868357464987,52.19833834978883,52.39511823791526,13645200
2019-05-30,52.45343780517578,52.570046695112396,52.13275362700477,52.489875650569644,9362100
2019-05-31,51.578861236572266,52.147348508381015,51.476826342769726,51.88497147846457,13983300
2019-06-03,52.38785171508789,52.482602365940124,51.72462496154323,51.81208025711858,11831000
2019-06-04,53.63413619995117,53.68515919966573,52.59920782670868,52.803277583631555,10423000
2019-06-05,53.18956756591797,53.670588420406446,52.89803691082675,53.670588420406446,10617800
2019-06-06,54.15889358520508,54.3848327392722,53.63413957128479,53.721600427099574,11738900
2019-06-07,54.35567092895508,54.63262192323747,54.24634626578351,54.30465349420612,9095500
2019-06-10,54.59619140625,54.90229605584317,54.26092757804709,54.80026117264545,7760400
2019-06-11,54.545169830322266,55.252129797022384,54.530595801120434,55.03348599608943,9415100
2019-06-12,53.9548225402832,54.377541659337766,53.79448042198774,54.28279657147411,7920800
2019-06-13,54.428558349609375,54.78568043330486,54.20990899849885,54.44313237812422,8986400
2019-06-14,54.18806076049805,54.52331911760284,54.10060544328802,54.42857400379678,8575900
2019-06-17,54.72735595703125,54.80024275809524,53.962094590199456,54.04955541518691,9355700
2019-06-18,55.201107025146484,55.550944857544884,54.9168662190344,54.967883657042115,10091500
2019-06-19,54.89499282836914,55.281268443165054,54.78566817727076,54.953300050352645,9757400
2019-06-20,55.83518600463867,56.09756299041887,55.4489103201522,55.56551922467466,16229700
2019-06-21,56.622314453125,56.673331889183764,56.02467924765798,56.221459198032214,23108100
2019-06-24,56.08298873901367,56.673339793439894,55.98095385266529,56.505707874162255,10011800
2019-06-25,55.58738327026367,56.27976914793367,55.52908159800988,56.17773427088483,9740000
2019-06-26,55.8278923034668,56.21416796092064,55.73314722764258,55.88619953188939,11365500
2019-06-27,55.25940704345703,55.93721323735175,55.215679405297045,55.820598788281146,8147800
2019-06-28,55.84975814819336,55.922644966604956,55.34687357615139,55.52907950121327,14781300
2019-07-01,55.79874801635742,56.79723861818566,55.60196803814237,56.21417735746412,11437900
2019-07-02,55.18654251098633,55.58739229001143,54.96060889807246,55.49264719180215,10475400
2019-07-03,55.711273193359375,55.755000826417906,55.12092234465755,55.259400596652675,5246100
2019-07-05,55.4853515625,55.645693681445024,55.09178605976696,55.52908476979306,6880800
2019-07-08,55.74043655395508,55.900773090047835,55.33229151890237,55.49263361547844,7876100
2019-07-09,55.704002380371094,55.951799799441545,55.19382795258825,55.71857640952879,7863000
2019-07-10,56.49111557006836,56.57857083836997,55.92991831621478,55.97365151084806,8077400
2019-07-11,56.534854888916016,56.56400850453622,56.15586900682062,56.418245986918826,6404000
2019-07-12,56.57857894897461,56.76078486469903,56.483833874571886,56.66603979029631,6139000
2019-07-15,56.17775344848633,56.65877438156959,56.03927511358273,56.57860329930811,7116400
2019-07-16,55.3395881652832,56.17044680453331,55.23755328400575,56.061122128740614,10197400
2019-07-17,55.01161575317383,55.36144801804109,54.91686511272277,55.20110591310876,7419300
2019-07-18,54.545169830322266,54.85856428276198,54.064149019882386,54.68364812991877,11424500
2019-07-19,54.65449142456055,54.84398715638855,54.32652296144017,54.58889995613004,11243100
2019-07-22,54.71279525756836,54.88042715616458,54.297365968550466,54.836693952779186,8368800
2019-07-23,54.93144989013672,55.22297495157223,54.47957714813708,54.771107770056716,8551200
2019-07-24,54.92416763305664,55.42705788587081,54.55246590008596,54.94603145961641,8260200
2019-07-25,54.61077117919922,55.230270338198814,54.516026080688356,55.230270338198814,9083900
2019-07-26,54.52330780029297,54.72009334414025,54.370255466458644,54.567041010305935,7677300
2019-07-29,54.909576416015625,54.93873003208442,54.443129679882325,54.57431817195005,7091900
2019-07-30,54.9168701171875,55.06992244207472,54.58161184927013,54.70551055601444,6961200
2019-07-31,54.195335388183594,55.142808502995116,54.12245412407901,54.69093576877232,13104600
2019-08-01,52.81058120727539,54.129750738890365,52.67210288146465,53.7434749463502,17132800
2019-08-02,52.2931022644043,53.393627645998286,51.87767296360817,52.919891112690905,21376700
2019-08-05,51.22173309326172,51.688179856008105,50.73342250733723,51.58614497418758,19080900
2019-08-06,51.71734619140625,51.753789612654145,51.221745689056,51.22903548540266,12282400
2019-08-07,51.38207244873047,51.6590234615736,50.58036746588248,50.91562571105587,15231100
2019-08-08,52.75226593017578,52.774135315516546,51.46954001440665,51.637166378628045,14304100
2019-08-09,51.629878997802734,52.65752329797935,51.360217731319146,52.57006243397984,13686600
2019-08-12,51.37899398803711,51.77007824999204,51.15763159237387,51.696285155148225,9542600
2019-08-13,52.013580322265625,52.109509101090715,50.85509957737338,51.11335854031945,12403300
2019-08-14,49.91798400878906,50.98053591385062,49.91798400878906,50.96578067236794,18114400
2019-08-15,49.62282943725586,49.851572277048625,49.091550660013226,49.77778480901447,12874400
2019-08-16,50.397605895996094,50.515664704801345,49.637578740269,50.0139021007289,12649000
2019-08-19,51.24617004394531,51.39375059175696,50.81082009455107,50.891987988441905,10032800
2019-08-20,50.936256408691406,51.135488729373954,50.70013317539421,51.135488729373954,9743500
2019-08-21,51.445404052734375,51.637255956330996,51.187145122674956,51.62249508625763,10134200
2019-08-22,51.334712982177734,51.62248798316449,51.09858976009573,51.58559707230205,8972000
2019-08-23,49.79991149902344,51.30519921967583,49.46048470362465,50.78130097267193,15371900
2019-08-26,50.06555938720703,50.368095321708765,49.82943611402493,50.26479174154302,7343900
2019-08-27,49.57855987548828,50.50091733333188,49.416224062168105,50.272168855642924,9490900
2019-08-28,49.94011688232422,50.16148489949743,49.55641869946286,49.829432873737616,9647400
2019-08-29,50.4935302734375,50.6706213058175,50.24264615041195,50.39760713706967,9004100
2019-08-30,50.530433654785156,50.97316411044128,50.22051726916501,50.626356804129976,9180800
2019-09-03,50.58945846557617,50.678006805426655,49.903224313198116,50.09507623472934,9849700
2019-09-04,51.12812423706055,51.36424754398242,50.980543651719564,51.28307962945081,6959200
2019-09-05,51.85124206542969,52.05785485567467,51.430647308556765,51.53395088886781,9901500
2019-09-06,52.338253021240234,52.353008263872155,51.74056717623999,51.91027779981185,10418500
2019-09-09,52.75145721435547,53.17943235338726,52.37513948864819,52.50795916525729,12840200
2019-09-10,53.179443359375,53.75499353392258,52.84739691394321,53.231095153767136,13810800
2019-09-11,53.076141357421875,53.7476147045948,52.79574669799918,53.703343345113204,10525700
2019-09-12,53.1130256652832,53.24584534273101,52.16852705364199,52.3751398193781,9100700
2019-09-13,53.60004425048828,53.65907648783247,53.17206897417894,53.31964956753941,7337200
2019-09-16,54.40432357788086,55.47425575701305,54.30839481904172,55.370952193357056,19830200
2019-09-17,53.991111755371094,54.66259064901956,53.59265268050653,54.47073873231674,14452200
2019-09-18,53.73284912109375,53.84353312812153,53.37128661911728,53.6074098736194,7292200
2019-09-19,53.37129211425781,54.00587448162347,53.26798853162833,53.84353867188486,8050200
2019-09-20,53.18681335449219,53.49672406000633,53.02447756694985,53.48934362522106,19736600
2019-09-23,53.22370910644531,53.393425344197695,52.72932689372304,52.77359824721376,7495200
2019-09-24,52.49319076538086,53.031849829250056,52.25706755524044,52.98757285698402,13307100
2019-09-25,52.648155212402344,52.736703542648726,52.2570766056533,52.37514104598181,8035200
2019-09-26,52.367767333984375,52.64816197132785,52.153779730634184,52.552238823463185,8420200
2019-09-27,52.744083404541016,52.88427788888003,52.1168759239492,52.168527708626165,8224000
2019-09-30,52.10213088989258,52.721952427429734,52.07999521064102,52.56699704304544,9768900
2019-10-01,50.877227783203125,52.323489022531156,50.84771730287772,52.26445680263566,10279100
2019-10-02,49.549049377441406,50.61160146116892,49.445745780823785,50.37547815038238,14503700
2019-10-03,50.1614875793457,50.17624282078836,48.9292138080277,49.43835689695324,10788400
2019-10-04,50.8919792175293,50.96576666390718,50.04340951013036,50.25739704536114,10534800
2019-10-07,50.19099044799805,50.93625669430517,50.19099044799805,50.69275302527087,10993000
2019-10-08,49.21698760986328,50.11720931467021,49.17271625704415,49.83681469744457,9748700
2019-10-09,49.76302719116211,49.95487347296601,49.585930520788644,49.659723614922264,8580900
2019-10-10,50.360713958740234,50.44188186017909,49.71875118271186,49.75564773050145,7100100
2019-10-11,50.89936447143555,51.275682172488004,50.83295182267098,50.89936447143554,10101900
2019-10-14,51.04695510864258,51.187155253976655,50.61159942926896,50.618979865766434,6234600
2019-10-15,51.22404098510742,51.65201618460365,50.9215106748587,50.95840159435962,6645700
2019-10-16,50.3459587097168,51.305207026248965,50.3311978387541,51.0690837574509,9765800
2019-10-17,50.279537200927734,50.8255711083724,50.235265855076534,50.53042129653537,9757200
2019-10-18,49.888458251953125,50.286917250431195,49.888458251953125,50.080310131877035,13472700
2019-10-21,50.72227096557617,50.744406639993095,50.04341734522025,50.04341734522025,10199300
2019-10-22,50.980533599853516,51.474921426237415,50.655867635365354,50.75179077470599,9536000
2019-10-23,51.46754837036133,51.474928806637294,50.751798051424444,50.88461775627483,8641800
2019-10-24,50.980533599853516,51.68890901057199,50.92888181257431,51.62249635285725,9003600
2019-10-25,51.098594665527344,51.26831088657659,50.840335746210854,50.840335746210854,7607200
2019-10-28,50.64847183227539,51.40849317004311,50.604200493646864,51.25353785522239,11209600
2019-10-29,50.500911712646484,50.93626168207566,50.35333115804313,50.53042782356715,13894400
2019-10-30,49.969627380371094,50.449254277290166,49.637575391909316,50.449254277290166,12840600
2019-10-31,49.858943939208984,49.96962793659496,49.54165281583424,49.777776049767404,16169100
2019-11-01,51.356849670410156,51.364230104577295,50.404976329233826,50.464008543327346,14108700
2019-11-04,52.88426208496094,53.03184258966528,51.60772308958699,51.70364619542934,15858200
2019-11-05,53.93207550048828,53.954216805456504,53.01709859858641,53.15729871527305,14930400
2019-11-06,52.75145721435547,53.769743278232646,52.537469644839575,53.66643971082803,13996500
2019-11-07,53.873046875,53.887802114799186,53.12778059864151,53.14991627315138,13073800
2019-11-08,52.849952697753906,53.61914575356646,52.767811619381625,53.477254832030546,12106000
2019-11-11,52.52882766723633,52.73046270613209,52.252521003029244,52.43174771731418,8674000
2019-11-12,51.80445861816406,52.58111541877149,51.51321303012569,52.47656031516626,13918600
2019-11-13,51.37879180908203,51.6401653256186,51.22943144426446,51.54307966410834,11773700
2019-11-14,51.15475082397461,51.50574053685099,50.91577995313548,51.423593765858016,11279800
2019-11-15,51.67003631591797,51.75218309046754,51.281705073044506,51.311577145382095,11252800
2019-11-18,51.169681549072266,51.39371922236878,51.005393712504834,51.304103013547234,10095600
2019-11-19,50.646942138671875,51.19956126514964,50.6170700646034,51.08007866639133,12605500
2019-11-20,50.80376052856445,51.184622308118,50.27354409301711,50.534917589763694,16930700
2019-11-21,52.02849578857422,52.08823994013876,50.72162238505819,50.79629972575593,14080900
2019-11-22,51.80445861816406,52.40935242447217,51.77458654535047,52.05836269080662,12143600
2019-11-25,51.460941314697266,51.85673633180382,51.31158094195804,51.80446162572401,10670000
2019-11-26,51.33397674560547,51.558014426157435,51.10994476256839,51.46839821443367,15457000
2019-11-27,51.304107666015625,51.59535324920361,51.08754511237551,51.34891862324739,8393900
2019-11-29,50.878440856933594,51.17715588405173,50.78136089456419,51.027801219250286,7980800
2019-12-02,51.095001220703125,51.43852145472325,51.057665409024594,51.154745356406025,11116900
2019-12-03,50.69173812866211,50.96805049011669,50.42289520873726,50.78135433447523,12245800
2019-12-04,51.26675796508789,51.34890471733202,50.885896268093624,50.96804302033775,11049700
2019-12-05,51.08753967285156,51.50573724571917,50.93817932717412,51.44599310744819,13109000
2019-12-06,51.909000396728516,52.17784331503165,51.34891193318271,51.34891193318271,13710800
2019-12-09,52.02102279663086,52.25252422090192,51.543075366580005,51.58788632104673,12397700
2019-12-10,51.57294464111328,52.38694284920322,51.304101718947294,52.02101997639963,14281800
2019-12-11,51.498268127441406,52.09569811887353,51.281699897985135,51.33397459492185,13748400
2019-12-12,52.52882766723633,52.558699735869574,51.4534616840122,51.4982669382048,17068500
2019-12-13,51.69990539550781,52.67819149349426,51.61775862571346,52.63338623633912,12274500
2019-12-16,52.27491760253906,52.46161373683385,52.05087996237978,52.05087996237978,15208700
2019-12-17,52.035945892333984,52.55869278045109,51.759633567178504,52.25998352867775,14450700
2019-12-18,52.17784118652344,52.49148934591086,51.73723531713367,51.998608783289846,13652300
2019-12-19,51.81938934326172,52.31226997499042,51.70737049991292,52.267459019141874,13273200
2019-12-20,52.230106353759766,52.44667452836586,51.81937262648732,52.17036223024501,35092000
2019-12-23,52.49148941040039,52.498958851589535,51.923931527825225,52.1703718094385,14172500
2019-12-24,52.28987121582031,52.64833044062098,52.207730126351166,52.536311576776015,3979400
2019-12-26,52.37200164794922,52.64831399947715,52.282391142869905,52.41681259800318,8840200
2019-12-27,52.192771911621094,52.50642005622686,52.185302470793154,52.42427329966145,10516100
2019-12-30,51.886600494384766,52.603513081667145,51.826856354399204,52.34213389360902,12689400
2019-12-31,52.11063003540039,52.12556891845536,51.535608383103686,51.54307212711665,13151800
2020-01-02,52.9470329284668,53.03664344023333,52.454152323691936,52.454152323691936,12456400
2020-01-03,52.52137756347656,53.29803445710192,52.39442551195061,53.275626126671455,17386900
2020-01-06,52.924625396728516,53.29054824673786,52.446683719875516,52.51389159747318,20081900
2020-01-07,52.49148941040039,52.663246675150795,51.908998342961205,52.64831349028677,17387700
2020-01-08,51.69990539550781,52.491495325327996,51.65509444083778,52.35707385634769,15137700
2020-01-09,52.09569549560547,52.20024488421433,51.25182524788692,51.63268699068455,14811800
2020-01-10,51.6326904296875,52.24505361697494,51.617757243540616,52.22265098899725,11995600
2020-01-13,52.12557601928711,52.1778507220716,51.61029273647199,51.677500626831204,9953900
2020-01-14,51.677494049072266,51.96127585450861,51.4459926372812,51.81191551019617,16261000
2020-01-15,51.5953483581543,51.96874068043655,51.44599370824727,51.677495124857565,11390300
2020-01-16,51.39372634887695,51.96128435508439,51.37879316076001,51.75218553635415,13340300
2020-01-17,51.19955825805664,51.5878895006234,50.99792889183119,51.34144917716933,18144100
2020-01-21,50.46770477294922,51.095001103851985,50.415430078707324,51.065129036068846,17982600
2020-01-22,50.17646789550781,50.55732400607954,50.03457697342305,50.45277459954824,17033100
2020-01-23,49.86280059814453,49.982288857839706,49.32512052205768,49.81799534951575,19605900
2020-01-24,49.526763916015625,49.795606879232565,49.317665099628094,49.6910574710388,18238600
2020-01-27,48.34683609008789,49.08615698730212,48.316964020729415,48.85464987415262,21231000
2020-01-28,48.27962875366211,48.69035689258232,48.26468987005645,48.623149008900995,19664700
2020-01-29,47.87636184692383,48.63807964291789,47.71953776238136,48.5634023213521,14202800
2020-01-30,48.38418197631836,48.45138986531622,47.36855431635048,47.62992782497857,18544700
2020-01-31,46.39026641845703,47.19679529058379,46.19610364299559,47.19679529058379,34282900
2020-02-03,45.35223388671875,45.86751429732138,45.083390942488684,45.83764507477388,27389300
2020-02-04,44.7846794128418,46.2334407066555,44.72493526938182,45.889920428033314,31922100
2020-02-05,46.845802307128906,46.995159811836494,45.25515015219438,45.367168992914436,32099200
2020-02-06,46.21104049682617,47.05490520170101,46.13636031359098,46.99516390387057,16055400
2020-02-07,45.90485382080078,46.046741880212295,45.59867222509155,45.86004571578575,15112500
2020-02-10,45.420047760009766,45.84425205468821,45.1624956685363,45.813951128713605,20934500
2020-02-11,45.851829528808594,46.124532105200394,45.57912695241679,45.88970713415068,14908700
2020-02-12,46.412384033203125,46.609334283845044,45.87455557024296,46.46540921182424,17862100
2020-02-13,46.15482711791992,46.52600332959165,45.87455079017624,46.253303677807516,16949400
2020-02-14,45.94273376464844,46.329060500297736,45.66245450247639,46.321486712783525,10855300
2020-02-18,45.35945129394531,45.74577800758823,45.03372354593116,45.56397822104645,18948500
2020-02-19,45.70790481567383,45.92000553692412,45.321578089160006,45.533678810410294,12804900
2020-02-20,45.34429168701172,45.8593957944416,45.23824135130349,45.624567987048444,14817200
2020-02-21,44.79132080078125,45.079170937324506,44.533768701478294,45.079170937324506,20315700
2020-02-24,42.693023681640625,43.78383089962929,42.693023681640625,43.64747963617382,32096600
2020-02-25,41.056819915771484,42.98845936203764,40.88259390740649,42.98845936203764,36414500
2020-02-26,40.1553840637207,41.52647070023619,40.09478509799949,41.32194377282302,29801000
2020-02-27,37.73895263671875,39.723617755231885,37.72380216837512,39.17063866414319,48141300
2020-02-28,38.966094970703125,38.966094970703125,36.36785000162912,36.943555993248594,62446700
2020-03-02,40.81441116333008,40.82198494948282,38.7312703230531,39.83722803928291,38127600
2020-03-03,38.86004638671875,41.018939618548,38.6176447654801,40.86743788286003,50580700
2020-03-04,39.708457946777344,39.75390934111727,38.72370085332436,39.56453286585109,24079600
2020-03-05,37.958614349365234,38.40554286633523,37.14808341192635,38.19343928715368,40788200
2020-03-06,36.12546157836914,37.125369308123716,35.75428524138398,36.99659466988777,55640500
2020-03-09,31.709190368652344,33.762030206575496,30.906233253348198,31.595563353116507,72896300
2020-03-10,32.883338928222656,35.04223010764818,31.39862769992804,34.974054444631776,60445900
2020-03-11,31.800092697143555,32.93635138141829,31.625866712313396,32.110669955259105,51986100
2020-03-12,28.1640682220459,30.792614491768777,28.027716935511506,30.224485094427326,65725300
2020-03-13,28.876123428344727,30.406285657570493,26.51270588433081,30.307809083753693,79891500
2020-03-16,26.12637710571289,28.6943213832392,25.187068613780667,26.058201466059298,48924700
2020-03-17,27.883790969848633,28.315569066843988,25.90670026799861,26.67177989382998,41204400
2020-03-18,25.088590621948242,27.808036487458235,23.656905160238498,26.171824118410637,54036400
2020-03-19,26.080930709838867,26.43695943949459,24.505316909338255,25.55067595429901,49412400
2020-03-20,24.800737380981445,26.649050210811414,23.906878997307544,26.39149816250557,76534600
2020-03-23,23.823558807373047,24.77044108994228,22.80850088487261,24.641663596892055,56952500
2020-03-24,26.846006393432617,27.398985319433756,25.247671470711495,26.07335007651643,61835600
2020-03-25,28.247392654418945,29.232149640155665,26.64905491565943,27.656536151252613,56607700
2020-03-26,29.406373977661133,29.96692952305422,27.81561300476097,28.40646658504014,46722000
2020-03-27,27.989835739135742,28.542814544411783,27.42170647334674,28.12618699409749,51558600
2020-03-30,28.406469345092773,28.89884930293658,27.164160214745596,27.444436569846975,45835000
2020-03-31,28.762500762939453,29.883609179957674,28.307995476263457,29.042777144780064,41491600
2020-04-01,28.429189682006836,29.315472906179174,27.52775888583266,27.92166221994758,36045900
2020-04-02,30.603233337402344,31.78494045344889,28.709468969732768,29.34577391285595,62000200
2020-04-03,29.701801300048828,31.951594418589348,29.17912334579372,31.39861553924996,48425700
2020-04-06,30.656259536743164,30.928962077178912,29.716951107426176,30.20933101539685,41301900
2020-04-07,31.239547729492188,32.81515865734466,31.17894586436218,32.49700753438006,48921800
2020-04-08,33.216636657714844,33.36056464585366,31.413774473813056,31.77737700391903,33355600
2020-04-09,32.671226501464844,35.38309580753067,31.61829388445931,34.436213541927806,60107300
2020-04-13,32.39094161987305,33.85292781410086,31.79251432854245,33.67112806902607,29651900
2020-04-14,32.14097595214844,33.1408835209215,31.74707253268394,32.57275408913427,30769000
2020-04-15,30.66383171081543,31.10318642278545,29.83057656076511,31.057735038550778,33125000
2020-04-16,29.656354904174805,30.663836172569436,29.489702694053925,30.663836172569436,30934000
2020-04-17,32.73940658569336,32.815156021365084,30.20176003551024,30.209336712870858,40829100
2020-04-20,31.1940860748291,32.3757960494445,30.709282871803815,30.86835838098617,39260800
2020-04-21,31.02744483947754,31.913728355614406,30.019963369469693,30.603243331960993,44381600
2020-04-22,31.913715362548828,32.51971933346088,31.709188480555728,32.26974107002879,27074200
2020-04-23,32.913631439208984,33.830212870942404,32.428828132826204,32.67122978601759,35271000
2020-04-24,33.125728607177734,34.004435228078286,32.67122627865016,33.63325900070034,28653800
2020-04-27,33.28480529785156,33.572658323807346,31.98947101553368,33.019679411876126,28274400
2020-04-28,34.065040588378906,34.38319167318653,33.413585064642575,33.6105353233822,26545100
2020-04-29,35.95122146606445,36.05727180655027,34.96646458913967,35.04221400672809,29502500
2020-04-30,35.2013053894043,36.11788697267409,34.67105060176143,36.11788697267409,37076300
2020-05-01,32.67880630493164,35.14070064878071,32.572755934003084,34.564997396744594,35399300
2020-05-04,33.99686050415039,34.04230900195692,31.98189522782874,32.201569709755894,27465600
2020-05-05,33.958984375,35.71639749497816,33.830206894062265,35.04221494589026,29276200
2020-05-06,33.32267761230469,34.29228400101124,33.25450198249532,34.034731942804186,22659000
2020-05-07,33.51206588745117,34.29229612357687,33.307538925721374,34.05746822907465,22160300
2020-05-08,34.98162078857422,35.011921716441826,34.07261318013462,34.322591500559106,19977400
2020-05-11,34.648319244384766,34.996771245829194,34.474090354007025,34.928595602967846,22258000
2020-05-12,34.06917190551758,35.266071083651376,34.06917190551758,35.073022734091595,25439100
2020-05-13,32.37806701660156,33.87612103736304,32.123241800199864,33.77573802394767,30827900
2020-05-14,32.66378402709961,32.856832399535996,31.042178876907727,31.71398638819472,24856500
2020-05-15,32.43212890625,33.212043090989546,32.316298696168126,32.72556327828871,22445600
2020-05-18,35.011253356933594,35.19658109276534,34.0228466209894,34.28539252843513,32026100
2020-05-19,33.93017578125,36.00737784182143,33.92245514361364,35.17340758426473,21771600
2020-05-20,35.034420013427734,35.1965828952167,34.416665771826814,34.455274859611016,19352400
2020-05-21,34.408931732177734,35.358729061061744,34.27765735001404,35.0884596604581,19130700
2020-05-22,34.439823150634766,34.493876450922286,33.5518025418513,34.015117385939725,15406400
2020-05-26,35.45140075683594,35.752555727502475,35.111636703258036,35.320129285800455,20356500
2020-05-27,35.70622253417969,36.4011947960572,35.06530062657482,36.03054233391908,20788300
2020-05-28,34.77959060668945,35.87610379439547,34.69464886342243,35.85293893557136,19698000
2020-05-29,35.111637115478516,35.28151767141981,34.26222255303508,34.609710194685384,25874700
2020-06-01,35.73711013793945,35.86838454963674,34.59426424251864,34.995805169939594,19031000
2020-06-02,36.53246307373047,36.64056965551475,36.1000338009099,36.184975528221386,22319000
2020-06-03,38.02281188964844,38.146362740443465,37.02668149816593,37.065290586723506,23418000
2020-06-04,37.91469955444336,37.95331158587147,37.188838727135085,37.74481898803427,18731400
2020-06-05,40.98802185058594,41.27373254730098,39.84517317235843,39.88378519397381,41328900
2020-06-08,42.269866943359375,42.74862601446301,41.28145741328494,42.254422722267776,33579400
2020-06-09,41.327789306640625,41.67527691051809,40.501542640578606,40.83358602365219,27276900
2020-06-10,39.111595153808594,41.31234506793927,39.07298312897366,41.31234506793927,31156800
2020-06-11,35.659889221191406,37.713923419118224,35.59811233912017,36.70234906783069,39183000
2020-06-12,36.42436218261719,37.54404322998999,35.451399770182114,37.096172578451345,30978100
2020-06-15,36.40120315551758,36.87996232751488,34.55566105855989,35.018976006210885,27929300
2020-06-16,37.21971893310547,38.41661800025816,36.47841404649675,38.27762296580856,26203400
2020-06-17,36.007381439208984,37.16567161552522,35.984213632617376,37.06528564211956,19279400
2020-06-18,36.23130798339844,36.547910062169144,35.34328746165846,35.60583329975629,21478700
2020-06-19,35.50545120239258,37.2660511633708,35.50545120239258,37.235165666939785,48899900
2020-06-22,35.84521484375,35.86065906464167,35.05758019806234,35.28151403678173,17565400
2020-06-23,36.061431884765625,36.46297280085428,35.90699261770322,36.21587115182803,18916600
2020-06-24,34.36260986328125,35.49001163722466,34.16956149326282,35.45140255235785,27626900
2020-06-25,34.879974365234375,34.93403061311053,33.73712848995488,34.015118584476596,19353600
2020-06-26,33.683074951171875,34.70236999346928,33.59041256887684,34.656040275163775,31518600
2020-06-29,34.22360610961914,34.42437801303254,33.62129629074616,33.82978883089841,17052100
2020-06-30,34.532493591308594,34.72554196255574,33.32787069428002,33.53636328870907,22153600
2020-07-01,33.7525749206543,35.042139511163775,33.72168647575586,34.35488781343686,17290100
2020-07-02,34.03828811645508,34.89542035713944,33.92245792263288,34.455270333709784,18216600
2020-07-06,34.277652740478516,34.81046788807506,33.85294710599532,34.49386587533912,22692000
2020-07-07,33.3896369934082,33.97650255970235,33.28925104741772,33.8992844139764,17407600
2020-07-08,33.31242752075195,33.92246110007897,33.08077005709287,33.32015110542846,18291400
2020-07-09,31.93791389465332,33.281528525453,31.88386060178687,33.12709222908231,25882000
2020-07-10,32.93404769897461,32.98037741493839,31.737145644723253,31.75258986527247,18951000
2020-07-13,32.94176483154297,33.42824741719004,32.6097214892725,33.18886644267212,20028300
2020-07-14,34.03056335449219,34.123225738931815,32.63289222147578,32.841384795728004,21444100
2020-07-15,34.462989807128906,34.81819803881312,34.13866707052048,34.77186537767368,17332400
2020-07-16,34.192718505859375,34.601982959414194,33.814345437064766,34.21588630800861,14673700
2020-07-17,33.605857849121094,34.509322732754704,33.50547188015599,34.231335577110286,17958900
2020-07-20,32.81821823120117,33.598132238947606,32.802774010316185,33.366474817040626,18553900
2020-07-21,34.47843933105469,34.8954215627154,33.28926069004157,33.320149135552526,28821800
2020-07-22,33.67535400390625,34.092339138928246,33.49002629533514,34.092339138928246,21345400
2020-07-23,33.74485397338867,33.83751636155156,33.21976219765862,33.513196530139346,17934400
2020-07-24,33.53635787963867,34.30082765689299,33.351030177031745,33.88384548097422,16415300
2020-07-27,34.03056335449219,34.04600757617948,33.18115178148011,33.38192077204664,18547900
2020-07-28,33.629024505615234,34.16956051533364,33.55952697657024,33.907014621795234,19190500
2020-07-29,33.999671936035156,34.04600459704275,33.46685959002503,33.75257030202897,14143200
2020-07-30,32.33173370361328,33.34330802014279,32.300848209322766,33.304698943016824,29901100
2020-07-31,32.493900299072266,32.56339487852691,31.590432472268567,31.783480825911294,32116200
2020-08-03,32.62517166137695,32.818220014402854,32.02286174255506,32.47073238981941,23033600
2020-08-04,33.56724548339844,33.66762849685854,32.61744802723801,32.69466618308176,17724000
2020-08-05,33.860687255859375,34.215898540867144,33.61358554627076,34.09234768607284,17175100
2020-08-06,33.69852066040039,33.899292600869046,33.39736569538156,33.513195887627646,14434900
2020-08-07,33.54408264160156,33.60585953196104,33.05760288559989,33.381922722934334,18757900
2020-08-10,34.370323181152344,34.43982069738349,33.6676273817858,33.968785249243226,24367800
2020-08-11,34.72554016113281,35.84521829973431,34.54021243824849,35.1348017443269,28987500
2020-08-12,34.7176628112793,35.386974680467524,34.35544704686675,35.00901001275928,22503200
2020-08-13,33.86724090576172,34.544428745485405,33.79637234105119,34.253081536695994,17338700
2020-08-14,34.01685333251953,34.079845942271,33.39478516581931,33.5443952423007,13595700
2020-08-17,33.575889587402344,33.99322497084163,33.44202842810894,33.99322497084163,15554600
2020-08-18,33.41053771972656,34.00898109483577,33.300298387769324,33.53652595679147,13014000
2020-08-19,33.040443420410156,33.5916430416395,32.96957485476929,33.3475395369218,14473100
2020-08-20,32.5364990234375,32.98533238865969,32.52075011541954,32.82784631227713,15678500
2020-08-21,32.292388916015625,32.55224133999926,32.0561613511737,32.520743530341285,25517700
2020-08-24,33.24517822265625,33.47352983379789,32.3553846221089,32.504994712690866,18208900
2020-08-25,32.19001770019531,33.127054780824146,32.048280595052034,32.80420981995239,31285600
2020-08-26,31.50495719909668,32.15852313910015,31.497084249704507,32.001037117092416,26795000
2020-08-27,31.292354583740234,31.73331184165197,30.953760687103134,31.497084310085537,32034300
2020-08-28,32.040409088134766,32.22151696899123,31.30810161122168,31.37109722393496,33477100
2020-08-31,31.4498348236084,32.06402995597121,31.418340024965918,32.0010343510947,25259600
2020-09-01,31.048242568969727,31.300218933920313,30.749019509167706,31.300218933920313,22464100
2020-09-02,30.859264373779297,31.276602744281494,30.670283567789713,30.890762176042813,26413400
2020-09-03,30.79627227783203,31.52070371899258,30.615164417541898,30.867140832188678,28817200
2020-09-04,30.772653579711914,31.331726119238457,30.434059674636153,31.07187372538194,24632500
2020-09-08,30.06396484375,30.45767836658193,29.41039895402701,30.119084496642806,38496400
2020-09-09,29.88286018371582,30.583669848795697,29.859235327234888,30.197829233432422,25886100
2020-09-10,29.134801864624023,30.21357611962968,29.056060358400163,30.13483461340582,34381200
2020-09-11,29.056068420410156,29.3789134915793,28.73322334924101,29.237176338012677,26838600
2020-09-14,28.86707878112793,29.142677078121416,28.73321760938714,29.06393556577932,26129900
2020-09-15,28.559982299804688,29.43402689269984,28.512735590746857,28.97731771652914,23724200
2020-09-16,29.77262306213379,30.040348426228007,28.559984471601368,28.709594555967183,30890900
2020-09-17,29.764741897583008,29.9064790069264,29.11117900787366,29.410399124224533,24696200
2020-09-18,29.284414291381836,29.78049423125712,28.89857667443141,29.552139639464162,46853800
2020-09-21,28.685972213745117,28.906450861439545,28.095401832738226,28.685972213745117,35351800
2020-09-22,27.977285385131836,29.008816022189816,27.930041679056433,28.70959286726222,27303200
2020-09-23,27.079620361328125,28.182019619802446,27.048122553075412,28.07178029471428,31251400
2020-09-24,27.024497985839844,27.418211538085522,26.583537725958113,27.087493596021243,26796000
2020-09-25,27.276473999023438,27.51270152597467,26.678030730493916,26.772521140515213,23486000
2020-09-28,27.80405616760254,28.26863834668612,27.63869416882628,27.670191978478563,23396500
2020-09-29,26.993003845214844,27.646569872490357,26.764652236797193,27.55995239863009,20770500
2020-09-30,27.03237533569336,27.49695446770251,26.874889305899046,27.276475828268175,22223700
2020-10-01,26.087461471557617,26.851263739618584,25.93784839549715,26.6071632534923,36890200
2020-10-02,25.969345092773438,26.260692275291365,25.36302587243356,25.39452367697495,32694300
2020-10-05,26.567794799804688,26.575667750060234,26.118958536533246,26.237073816940942,22965200
2020-10-06,26.292190551757812,27.1032395085825,26.229197945340335,26.867011977873915,26731800
2020-10-07,26.378808975219727,26.567792808951303,26.150454385567947,26.489048293314756,23779300
2020-10-08,27.764671325683594,27.827666919853254,26.58353096915976,26.678024360414256,34413700
2020-10-09,27.355222702026367,28.308008908870857,27.284354132702603,28.095403200899565,29228600
2020-10-12,27.268606185913086,27.347347708462763,26.953634088121294,27.19773761409976,17912800
2020-10-13,26.94576072692871,27.457586623298212,26.85126729675264,27.34734729188929,20995100
2020-10-14,26.890636444091797,27.42608710796648,26.796143030140275,26.819767885526147,17743000
2020-10-15,27.126869201660156,27.13474215244276,26.19770481189161,26.53629876767828,23251600
2020-10-16,26.851261138916016,27.27647246580456,26.678029230913715,27.063866802360288,22627200
2020-10-19,26.31581687927246,27.063873356903102,26.292195023322993,26.8512676419683,23645800
2020-10-20,26.536296844482422,26.7174047373223,26.244949625896215,26.50479903604166,23040600
2020-10-21,26.111082077026367,26.473297816027944,26.095333174835524,26.386680355876273,28619300
2020-10-22,27.449710845947266,27.528452359188805,26.000844774211217,26.126832997675386,31831500
2020-10-23,26.898509979248047,27.622944483009107,26.662282446815805,27.536327020231543,27429100
2020-10-26,26.26070213317871,26.59142319741926,25.94573298091787,26.465434935755503,30888700
2020-10-27,25.843353271484375,26.1425763652735,25.748862874844065,26.103205616989666,27100700
2020-10-28,24.859073638916016,25.49689067980644,24.819702884149063,25.276409046278616,42136400
2020-10-29,25.96147346496582,26.087461685748163,24.496858520998508,24.733086059490883,38622800
2020-10-30,25.685871124267578,26.095333576138543,25.205540113345943,25.520512154414686,47885700
2020-11-02,26.7646484375,27.134737131736603,25.64650039407629,26.09533360055175,40130300
2020-11-03,26.307947158813477,27.158370122973093,26.087468466089238,27.158370122973093,36773000
2020-11-04,26.166200637817383,26.882759136637212,25.615001099387708,26.19769844088098,35410100
2020-11-05,26.11895751953125,26.70952789098181,26.095335665888026,26.276443552677314,30824100
2020-11-06,25.811857223510742,26.504793854767524,25.68586901817276,26.063833634186707,33985600
2020-11-09,29.079681396484375,29.930101054350107,28.394620699343115,28.678091916101135,76879400
2020-11-10,29.724824905395508,30.184486892487843,29.015170069987278,29.878044542337243,49055400
2020-11-11,29.418380737304688,29.93449219433806,29.184516772003022,29.91030043112304,34124500
2020-11-12,28.410350799560547,29.265162359438925,28.1200373235163,28.918399382637975,30933700
2020-11-13,29.095815658569336,29.232906432818403,28.531317539785594,28.547446409038532,29241500
2020-11-16,30.773178100585938,30.781240997086943,29.91836648691759,30.313516093346834,38596800
2020-11-17,31.1844539642334,31.216711703252155,30.144168029150634,30.490931032933993,26521100
2020-11-18,30.00707244873047,31.555409993541392,29.999009552573675,31.466702754480984,31068000
2020-11-19,30.16029167175293,30.240932929057035,29.48289465109138,29.72482149927048,26954400
2020-11-20,29.789331436157227,30.168352082054074,29.66030358933842,30.119965485897072,18351000
2020-11-23,31.740888595581055,31.79733809966353,30.063523113509696,30.24093759849304,29367600
2020-11-24,33.85371780395508,33.934362141790295,32.434411296991605,32.66827218604639,46979300
2020-11-25,32.91019821166992,33.63597870832097,32.78117036273641,33.60372097702095,28178200
2020-11-27,32.41020965576172,33.01502821939479,32.15215398137958,32.821488001741336,14971900
2020-11-30,30.74898338317871,32.16022700796738,30.619955517677283,32.09571153708318,45614300
2020-12-01,31.0473575592041,31.974747392128588,31.023165797459434,31.418312261867193,32472900
2020-12-02,32.2086067199707,32.59569027062754,30.918328217781234,30.958648844174665,29369500
2020-12-03,32.426353454589844,32.773116503549865,32.039269764737014,32.3134544295829,27038900
2020-12-04,33.61178970336914,33.67630209499114,32.781173050034944,32.87794317560135,28723600
2020-12-07,32.9827766418457,33.49888803872024,32.797296224594,33.40211484460633,24899400
2020-12-08,34.063392639160156,34.3456401527338,32.61182520858949,32.684403580118015,32573800
2020-12-09,34.514984130859375,35.264959512799145,34.17628715902426,34.442405768856595,37824800
2020-12-10,35.49075698852539,35.86171476473755,34.48272590632581,34.83755481607077,38058700
2020-12-11,35.32140350341797,35.42623958247635,34.84561277694229,35.2407622587677,25478800
2020-12-14,34.04725646972656,35.85364632179514,34.01499873901585,35.75687620592952,30595000
2020-12-15,34.70853042602539,34.853687162456445,33.9182343478269,34.22467361249954,27138400
2020-12-16,35.240779876708984,35.57141406709527,34.64402390865509,35.28110051919164,34273000
2020-12-17,35.063358306884766,35.514957410168485,34.99884590713978,35.48269967216238,21204600
2020-12-18,34.45853042602539,35.305275828439704,34.20853763716286,34.89400054484409,46596800
2020-12-21,33.82952880859375,33.934364918223515,32.68440372777764,33.15213169668952,27869500
2020-12-22,33.2569580078125,33.7891982191898,33.24889203761205,33.53114254556846,21792900
2020-12-23,33.68436813354492,34.184350705609496,33.43437530937922,33.47469593875644,19085900
2020-12-24,33.54727554321289,33.74888177382419,33.36986415213647,33.58759925034871,8039000
2020-12-28,33.660179138183594,34.31338138608438,33.48276466281939,33.61985542922476,23877500
2020-12-29,33.281158447265625,33.966618432324495,33.22470894620276,33.90210603522426,20287700
2020-12-30,33.54727554321289,34.208543733516585,33.281156918464795,33.3295435212676,23807300
2020-12-31,33.24082946777344,33.611784117687606,33.03922327852448,33.44243565702239,22786500
2021-01-04,33.46663284301758,34.07145150885525,33.0634203991258,33.426312213881765,27764700
2021-01-05,35.07949447631836,36.12784656955246,33.73276593510045,33.74082883314635,44035100
2021-01-06,35.97461700439453,36.369763501612695,35.240770433293804,35.813331401415546,36484800
2021-01-07,36.256874084472656,36.74879391924432,35.91011102311781,36.28913182884702,29528100
2021-01-08,36.660072326660156,36.9503857599844,36.24879701362856,36.45040322274077,28628200
2021-01-11,37.772945404052734,38.01487227778951,36.08751710770371,36.321381085365,38246200
2021-01-12,38.611637115478516,38.845498071451814,37.829403734111665,38.27293695218658,36915100
2021-01-13,39.047088623046875,39.280952561039,38.458398868845954,39.13579584616572,29000300
2021-01-14,40.57123947143555,41.192187038764175,39.111609235798106,39.111609235798106,35474800
2021-01-15,38.619686126708984,39.579333680746345,38.135832440294664,39.4422398546267,42411300
2021-01-19,39.385799407958984,39.86965320552214,38.99064978147738,39.07129413191619,24932600
2021-01-20,39.94221878051758,40.11157032402487,39.506751732793454,39.603521846035875,22342400
2021-01-21,38.797115325927734,39.82933855659513,38.45035225757518,39.78095501532503,29044500
2021-01-22,38.248741149902344,38.418089675561845,37.61166460906804,37.91004102231585,23264800
2021-01-25,37.82133102416992,37.942292919754045,37.2245752133137,37.82133102416992,26395800
2021-01-26,36.99070739746094,38.59549421940815,36.97457853113919,38.11163745855571,23976800
2021-01-27,36.571372985839844,37.62779085676716,35.91010472350894,36.289125462747606,32410300
2021-01-28,37.1439323425293,37.57133655904853,36.8455529118773,37.04715913872854,24967200
2021-01-29,36.16010665893555,37.12781752938679,35.89398486214753,36.732667821623146,38961100
2021-02-01,36.224609375,36.75685282603625,35.71656384199359,36.75685282603625,24412400
2021-02-02,36.79717254638672,37.89391100684814,36.51492195879515,36.942329288287034,31940400
2021-02-03,38.24067306518555,38.44227932067792,36.627823021246535,36.7971746138233,28459300
2021-02-04,38.97451400756836,39.01483463432927,38.10357370345288,38.61162221418691,25280300
2021-02-05,40.280914306640625,40.41800502878237,39.54706795403236,39.659966919623464,34980100
2021-02-08,42.01474380493164,42.22441604029426,40.893813479490284,41.06316200140572,36998700
2021-02-09,41.52267074584961,41.79330868167659,40.817367142620064,41.555473163655634,28977000
2021-02-10,41.92452621459961,42.17056154600217,41.32583909440009,41.52266923662752,25723800
2021-02-11,40.8747673034668,41.76869793070135,40.00543926691028,41.73589239079164,26972200
2021-02-12,41.43246078491211,41.588282451162655,40.522127128085074,40.53852990271819,19756700
2021-02-16,42.67903518676758,43.08089213721627,42.33458324358851,42.61342410101585,28060100
2021-02-17,43.34333419799805,43.687786172765016,42.48220895384419,42.93327425997154,25509700
2021-02-18,42.66264343261719,43.41715234255544,42.531424355736206,43.31053899343997,20627600
2021-02-19,42.949676513671875,43.10550129048389,42.58062194820791,42.736446725019924,22607200
2021-02-22,44.532501220703125,44.95076403973358,43.130097217266126,43.130097217266126,36435100
2021-02-23,45.1475944519043,45.319818859396385,44.073239514065186,45.0901863160736,33527900
2021-02-24,46.50079345703125,46.746828772236,44.99997271581736,45.262410802503595,28728600
2021-02-25,45.72987747192383,46.95185731841415,45.393628487884264,46.730424602801456,29670900
2021-02-26,44.589908599853516,45.155793212699024,43.5647589429693,44.622714139715846,35291000
2021-03-01,46.2547607421875,47.247105008789475,46.033328007502035,46.3121688813457,36998300
2021-03-02,45.98412322998047,46.71402945132791,45.94311786006945,46.459794280774055,30302600
2021-03-03,46.353172302246094,47.534143709150435,45.82829612139972,46.271158443670835,35358900
2021-03-04,48.149234771728516,48.77252759841933,46.828841336550525,46.845244108674905,52137500
2021-03-05,49.96990203857422,50.06831554326783,48.47728418193397,49.06777146711347,51429800
2021-03-08,49.92068862915039,50.52757862461644,49.059563511786735,50.502976033080174,38154600
2021-03-09,49.149776458740234,50.34715053293324,48.77252212772193,49.70745813437971,35645900
2021-03-10,50.65880584716797,50.7818219532382,49.231795865786026,49.6336559873706,31579100
2021-03-11,50.28154754638672,51.29849437639784,50.24053905237093,50.6670017363626,24802600
2021-03-12,50.82282638549805,51.15087243728979,50.43736906792119,50.47837443333155,20422700
2021-03-15,49.527042388916016,50.73261969484991,49.10057964716723,50.429176194791665,31243600
2021-03-16,48.4772834777832,48.92834875696168,47.92780156683173,48.82993525369756,30624800
2021-03-17,48.69051742553711,48.98576108911941,48.07542750257703,48.13283564510591,25575500
2021-03-18,46.591007232666016,48.362465885730735,46.35317173845378,48.231246842115155,38622800
2021-03-19,46.32857131958008,47.132288390506595,45.77088957591532,46.50899555770061,84439400
2021-03-22,45.85289764404297,46.632012075516926,45.84469782263132,46.33676844855764,29315100
2021-03-23,45.28702163696289,46.164549674989814,44.655528941918526,45.057385938804586,33493300
2021-03-24,46.20554733276367,46.976458779719714,45.99231757203408,45.99231757203408,29781800
2021-03-25,46.07433319091797,46.336771291313724,44.6965315995858,45.27881593930707,31495900
2021-03-26,47.32910919189453,47.38651732310738,46.3531678327676,46.992860225429915,34226500
2021-03-29,47.07487487792969,47.41932367107382,46.53359596833994,47.02566656669114,21144400
2021-03-30,46.49259948730469,47.04208148828886,46.32857799782583,46.632021507572965,20303400
2021-03-31,45.787296295166016,46.443391600590544,45.76269057036252,46.213755897310065,23686500
2021-04-01,47.06667709350586,47.115885410144465,46.04152729401842,46.18914911542532,23194500
2021-04-05,46.33677291870117,47.009270965647616,46.041529263259505,46.99286819273319,23264800
2021-04-06,46.20554733276367,47.189691668957906,46.139936250380046,46.61560721213555,18926300
2021-04-07,46.41057205200195,46.55819384225143,46.123531420132565,46.24654749300162,22385000
2021-04-08,45.926719665527344,45.992330766734085,45.36903781930803,45.86931151622619,21999300
2021-04-09,45.820098876953125,46.287566979261854,45.54125798009272,45.926715342122776,20020700
2021-04-12,45.51665115356445,46.57460649878674,45.36082951011276,46.550000776182536,20238800
2021-04-13,45.68887710571289,45.91030984554377,45.18040366342107,45.35262808489763,19370600
2021-04-14,47.00926971435547,47.57515128655,46.13174172210023,46.262960773413845,28051100
2021-04-15,46.73043441772461,47.0912860697867,46.56640980187481,47.0912860697867,23250300
2021-04-16,46.46799087524414,47.30451350305477,46.28756350595882,47.04207539964465,22752000
2021-04-19,46.32037353515625,46.86165256690293,45.89391079370291,46.54180629294025,21123300
2021-04-20,45.34442901611328,46.31217072692972,44.92616612442514,46.31217072692972,21782100
2021-04-21,45.926719665527344,46.033336140733546,44.532515049979075,44.69653967448643,16625600
2021-04-22,45.328025817871094,45.91851312835827,45.12299584934183,45.91851312835827,21600100
2021-04-23,45.57405471801758,45.87749815260329,45.25420851284499,45.32801941623163,15337900
2021-04-26,45.664276123046875,46.164549760863856,45.467445971189214,45.49205169548963,16083800
2021-04-27,46.262962341308594,46.44338971617052,45.77089166433304,45.93491313765218,19278600
2021-04-28,47.65715789794922,47.94419855136575,46.574600107194755,46.67301359857921,24729800
2021-04-29,48.337867736816406,48.78073325158912,47.68997536725181,48.321464962731206,27318400
2021-04-30,46.94365692138672,48.29685266218843,46.878045838228296,47.83758759411404,30518400
2021-05-03,48.239444732666016,48.37886672071291,47.3537170058424,47.550543999132685,20509600
2021-05-04,48.54289245605469,48.79713073404148,47.985210711670646,48.387070811906675,23522200
2021-05-05,50.00270462036133,50.06831257676689,48.71511679975135,49.01856024620811,31526200
2021-05-06,50.47837448120117,50.55218539041336,49.23179197478917,49.91249292958031,26836800
2021-05-07,51.200077056884766,51.232882598248445,49.90428632959701,50.08471367858862,33610600
2021-05-10,51.32309341430664,52.504061552538936,51.2820849256317,51.864372302626364,31956600
2021-05-11,49.691070556640625,51.167285919991386,49.5270459321551,50.543996101157774,34563800
2021-05-12,49.95732498168945,51.32191494220111,49.71602468586883,49.93236080254882,34426500
2021-05-13,49.34158706665039,50.2984656694493,48.88395071604056,49.09196752759818,24268200
2021-05-14,50.564735412597656,50.656263332883206,49.86579868160867,49.86579868160867,20735400
2021-05-17,51.74626159667969,51.796186774795764,50.28182462020642,50.37335252637688,25282500
2021-05-18,50.28183364868164,51.837798810710424,50.256872642184014,51.588179223478384,25170800
2021-05-19,49.07533264160156,49.807552809080434,48.609373776099545,49.17517983632161,28889800
2021-05-20,48.958839416503906,49.21678141878962,48.45960031268908,49.05036732615641,20692500
2021-05-21,49.02540588378906,49.78259020621086,48.96716142423123,49.44143955153643,20792700
2021-05-24,49.59953689575195,49.7576285548545,48.834033257694266,49.15854220124974,18400300
2021-05-25,48.47624206542969,49.5412904241404,48.35975314512188,49.508006968599595,25616100
2021-05-26,49.042049407958984,49.19182178776149,48.17670175964855,48.467924068106136,21698700
2021-05-27,48.72586441040039,49.674420666980055,48.27654728652002,49.28334800277844,33556000
2021-05-28,48.56777572631836,48.92556498049321,48.351439587882254,48.867320513449435,19246800
2021-06-01,50.306793212890625,50.506490781402114,49.46640655268331,49.46640655268331,28474200
2021-06-02,50.7061767578125,51.01404392374384,50.06548459839639,50.54808512396358,22978300
2021-06-03,50.90587615966797,51.097251252107654,50.21525879756911,50.38167288745551,20272800
2021-06-04,51.130550384521484,51.338567267148434,50.57306348855668,51.13886966322884,20427800
2021-06-07,50.797706604003906,51.36351260604532,50.772745601411856,51.03068759984051,15477900
2021-06-08,51.696346282958984,51.98756859111305,50.48152551759533,51.17214295419656,28953400
2021-06-09,52.12902069091797,52.76970975653221,51.7462672980261,52.145659244705186,29133000
2021-06-10,52.21221923828125,53.23566156118529,51.79618561885271,52.92779757155187,27488700
2021-06-11,51.72962188720703,52.57833090375722,51.70466088421829,52.42855853765514,17631700
2021-06-14,51.64641571044922,52.237182716265245,51.230382071296845,51.837790803569135,16997200
2021-06-15,53.52688980102539,53.58513425686734,51.87939378865807,51.98756342411517,30717100
2021-06-16,53.335514068603516,53.91796500288401,52.886200127044596,53.518569895143955,24803200
2021-06-17,51.579856872558594,53.63506108658959,50.98076735963098,53.13582194187329,28491800
2021-06-18,50.25687026977539,51.21374583800913,50.123739617930475,50.75610942067255,39590700
2021-06-21,52.079097747802734,52.170625667995274,50.67290500999379,50.69786601583351,33145400
2021-06-22,53.07757568359375,53.26063151169785,51.77954950756325,52.29543036284712,25140400
2021-06-23,53.46865463256836,53.83475998366533,52.902848528323226,53.293921234691716,20701600
2021-06-24,53.684974670410156,53.71825812125654,53.09421087535191,53.37711385937707,19568400
2021-06-25,53.80147933959961,54.02613473692386,53.551856588643545,53.75987343171685,18438300
2021-06-28,52.428565979003906,53.718269826525884,52.21222984953165,53.718269826525884,20570000
2021-06-29,52.10405349731445,53.06093216305135,52.07909249399284,52.59497333184371,19579300
2021-06-30,52.48680877685547,52.61161697208733,51.9626054694437,52.170622302248454,17875500
2021-07-01,52.6365852355957,53.601783345959895,52.228873964557216,53.5269003229444,22530300
2021-07-02,52.56168746948242,52.68649882854098,51.93763702235907,52.42855683439283,14555300
2021-07-06,51.06398010253906,52.22055338607993,50.67291054728022,52.21223410791933,22110800
2021-07-07,50.26519012451172,51.43008572210581,49.60785613481098,50.905882385779954,21671400
2021-07-08,50.04052734375,50.51480545489494,49.34991312934512,49.466402044491616,18935900
2021-07-09,50.947479248046875,51.130535065621814,50.12373441712919,50.50648460470882,20086000
2021-07-12,50.89755630493164,51.17214004335921,50.05716971057303,50.273505816597996,21809400
2021-07-13,50.6562614440918,51.18046159222409,50.34839423750419,50.756108637914366,17147300
2021-07-14,49.5329704284668,51.363519310842754,49.39152049653449,50.89756043242982,21573600
2021-07-15,49.05037307739258,49.67442361737445,48.90060069387011,49.233425744076,15851100
2021-07-16,47.6941032409668,49.30831285859084,47.55265330615138,49.24174911693806,27049500
2021-07-19,46.05492401123047,46.762183124149956,45.43087353316998,46.29622429119423,37969100
2021-07-20,46.562496185302734,47.09501887341282,45.78867316224101,46.179745899984304,26756100
2021-07-21,48.06020736694336,48.50952448489259,47.286387673699636,47.311348677779606,20908700
2021-07-22,47.519371032714844,48.04357439791929,47.1449400575688,48.03525194620198,13493800
2021-07-23,47.461124420166016,47.66914126649485,46.986846264463104,47.66914126649485,14088200
2021-07-26,48.6592903137207,48.80074339068248,47.42783121738745,47.56096184471849,18387600
2021-07-27,48.11845779418945,48.26822700145138,47.602573736622844,48.26822700145138,16861400
2021-07-28,48.44296646118164,48.784113978200445,47.943724102122324,48.25991061211803,16855300
2021-07-29,49.033729553222656,49.36655776532603,48.72586552018233,49.091974014227986,18607800
2021-07-30,47.90211868286133,48.992128090378124,47.69410183842504,48.992128090378124,28652800
2021-08-02,47.91044235229492,49.141901721778545,47.76066996656588,47.88547817194993,20873800
2021-08-03,48.42632293701172,48.60105632786805,47.3695969663657,47.9021195903575,18208200
2021-08-04,47.29471206665039,48.16006294133154,47.26975105987017,47.585934392704004,20868300
2021-08-05,47.59425354003906,48.010287219280514,47.28638950614421,47.53600907887206,15180200
2021-08-06,48.14341735839844,48.318150740043784,47.868833609454285,47.977003253652136,14888500
2021-08-09,47.59425354003906,47.86051484082679,47.28638950614421,47.53600907887206,17828200
2021-08-10,48.4096794128418,48.55945179204541,47.677459244966904,47.777306439740954,16340200
2021-08-11,48.55112838745117,48.67593975903142,48.02692824461821,48.41799773900526,18278600
2021-08-12,48.44132995605469,48.81298303387034,48.03589287108741,48.483565603717395,19225500
2021-08-13,47.951416015625,48.204813727526776,47.554424226298615,48.171026506706085,20063000
2021-08-16,47.2503547668457,47.37705525821759,46.684433208873266,47.317929221477996,16959500
2021-08-17,46.92937469482422,47.554422141977525,46.456363290446824,46.878693865814526,16243700
2021-08-18,45.94112777709961,47.14054850345238,45.87355654833269,46.811127888534436,21890500
2021-08-19,44.53898620605469,45.366753823587885,44.00684872973803,45.16403693307565,30923500
2021-08-20,44.547447204589844,44.88530985824418,44.015309577977725,44.150455283865014,16918300
2021-08-23,46.38035583496094,46.50705632968656,45.569481690673776,45.569481690673776,21632600
2021-08-24,46.76044845581055,47.17433067401212,46.46481507782525,46.701322424638896,17915600
2021-08-25,46.84490966796875,47.10675580155135,46.34655942800624,46.65908639386745,13270300
2021-08-26,46.211421966552734,46.912492437942404,46.14385073364754,46.62530744830875,11842600
2021-08-27,47.10676193237305,47.47841175107169,46.79423814796447,46.79423814796447,15822500
2021-08-30,46.591514587402344,47.588215123729775,46.55772736397128,47.5037502872791,14086100
2021-08-31,46.05093765258789,46.71822089912089,46.00025681111147,46.39724868069165,27104100
2021-09-01,45.417442321777344,46.2536552749789,45.273848213149066,46.02559954019842,21644100
2021-09-02,46.523948669433594,46.996956962914346,45.83977181648522,45.85666543012772,23293300
2021-09-03,46.3465690612793,46.72666732705641,46.11851010181302,46.557734406474644,13840000
2021-09-07,46.07627868652344,46.68443592508882,46.00870745008702,46.17763715224183,14354400
2021-09-08,45.6539421081543,46.60841026863694,45.62015488322301,46.27899288087467,18756700
2021-09-09,45.68772888183594,46.45637051973187,45.02044569560565,45.29073704813211,19110800
2021-09-10,45.594810485839844,46.65063696954898,45.56947168131138,46.61684974875987,15123700
2021-09-13,46.768890380859375,47.24190181928829,46.135394472203224,46.1607364995957,22052300
2021-09-14,46.10161590576172,47.106761705989726,45.95802180737075,47.039187254481696,19940300
2021-09-15,47.655784606933594,47.748697856910105,46.71821335693657,46.76889096810423,23240900
2021-09-16,47.14898681640625,47.68956945614138,46.87869549653868,47.68956945614138,17907200
2021-09-17,46.591514587402344,47.9345261085807,46.54083375225575,46.74355387071513,30000400
2021-09-20,45.34987258911133,45.75530970291339,44.733270110487716,45.4258922493322,27555100
2021-09-21,45.30762481689453,46.04247913541529,44.978207474872356,45.92422708670237,19696800
2021-09-22,46.63374710083008,47.22501062357278,45.92423151796423,45.974912353214286,25690600
2021-09-23,48.2132682800293,48.34841395838572,46.69287537086061,46.81112743665659,23069400
2021-09-24,48.64404296875,48.83831467539513,47.87540133718575,47.89229494934538,22328600
2021-09-27,50.088417053222656,50.51074772520957,49.68297999477049,49.70831880400897,32972200
2021-09-28,50.612098693847656,51.085110136434515,50.26578772295649,50.595208304939945,37619300
2021-09-29,50.57831954956055,50.84016249041659,49.877249123892874,50.54453232424778,23422800
2021-09-30,49.682979583740234,50.82327109982028,49.67453438810639,50.781038677396445,31289600
2021-10-01,51.46521759033203,51.51589843255547,50.18133191981831,50.18133191981831,24407300
2021-10-04,52.13249588012695,52.428126042947625,51.48210629979436,51.794630075080086,33946700
2021-10-05,52.04802703857422,52.960262765267125,51.54123156071842,52.80822347748497,29641600
2021-10-06,51.093563079833984,51.62569737499787,50.46851230468438,51.076669467302686,25284900
2021-10-07,51.23715591430664,51.591915346788426,50.79793163806252,51.194923492425474,19513600
2021-10-08,52.52103805541992,52.72375495594091,51.73550281611528,51.73550281611528,22186900
2021-10-11,51.99734878540039,53.26434068660494,51.94666794938648,53.23899865753447,22121500
2021-10-12,51.72705841064453,52.35210595593906,51.397637803547745,52.00579495864693,20198600
2021-10-13,51.583465576171875,51.85375693567469,50.85705633921037,51.33851302470771,14991700
2021-10-14,52.36900329589844,52.55482982254527,51.66793283418707,52.124050732978034,18594500
2021-10-15,52.86735153198242,53.272788574205364,52.74065104660711,52.98560359986488,16092600
2021-10-18,52.84202194213867,53.33192391199126,52.5970693461485,53.289691483541034,18282800
2021-10-19,53.6359977722168,53.72891103980355,52.934927278336716,53.10386019921014,18933200
2021-10-20,53.931617736816406,53.94851134791193,52.97715287587062,53.12074373699231,14305200
2021-10-21,52.95181655883789,53.75424545071689,52.66463158349573,53.61065457410941,16564600
2021-10-22,53.31501388549805,53.39948193852646,52.664624376749614,53.019383755215465,14266800
2021-10-25,54.35395812988281,54.41308416829461,53.703571707353014,53.82182378417661,17939800
2021-10-26,55.61250305175781,55.69697434650721,54.36240779822896,54.47221145944615,25585100
2021-10-27,54.16812515258789,55.114148098891135,54.04142789483219,55.038131677513945,21764500
2021-10-28,54.32017135620117,54.455320270419094,53.74580458141232,53.90628908385491,16626400
2021-10-29,54.455322265625,55.20707040680468,54.337070183479106,54.94522743123237,23966300
2021-11-01,55.43511962890625,55.81522108614877,54.919875712652946,54.96211135598691,19656400
2021-11-02,54.75094985961914,55.283084203895285,54.6158073911503,54.92832797437786,16300000
2021-11-03,53.99919128417969,54.43841227685972,53.77113237136882,54.0921045325982,17372800
2021-11-04,54.404632568359375,54.810066347375084,53.9147275114828,54.632688263523995,17720100
2021-11-05,54.91987609863281,55.18172548948579,54.531332665396306,54.94522135136396,18565100
2021-11-08,55.511138916015625,56.0686119953757,55.22395073723609,55.367548048752845,17696000
2021-11-09,56.051727294921875,56.0601757127519,55.16483030615386,55.553373751024665,18781300
2021-11-10,54.94747543334961,56.197253604023516,54.58794828269676,55.91476775240839,20177200
2021-11-11,55.05018997192383,55.49532035711945,54.80194543611481,54.94747259907901,13319300
2021-11-12,54.6307487487793,55.10155850552206,54.425307459864655,54.750590044884575,18158900
2021-11-15,55.1015510559082,55.44395098085393,54.11713494453941,54.57937941481809,18849200
2021-11-16,55.657958984375,55.957568740750325,55.07586991872027,55.07586991872027,17028700
2021-11-17,55.05018997192383,55.84628226577329,54.93891064105514,55.110110616370115,15497000
2021-11-18,54.45097351074219,55.2385037016949,54.022967120329724,54.92178315253958,16948200
2021-11-19,51.93429946899414,53.09847749944884,51.711737558668375,52.97863621962497,32035500
2021-11-22,52.65334701538086,53.535042438697594,51.63469293718688,51.63469293718688,21994400
2021-11-23,54.040096282958984,54.254099511885954,53.00431817322555,53.23544205231829,21185900
2021-11-24,54.339698791503906,54.656422651881684,53.56928913663121,53.56928913663121,15869700
2021-11-26,52.4307861328125,52.57630674732583,50.96700496897101,51.80589715524443,24979600
2021-11-29,52.72183609008789,54.04865546845468,52.465032866118534,53.560728363283864,18946400
2021-11-30,51.22380065917969,52.37941651065433,51.06971811025915,51.75452762466744,34979800
2021-12-01,51.18101501464844,53.098482192150946,51.14677371297833,52.131189910697294,30630600
2021-12-02,52.45646667480469,52.713273143478936,50.62459968878378,51.138209360702376,29216000
2021-12-03,52.122623443603516,53.26968082688185,51.66037570733538,53.00431566003979,22014700
2021-12-06,52.71328353881836,53.209769394276435,52.57631832028588,52.83312483960374,19210500
2021-12-07,53.303924560546875,53.954492938567455,53.15840066710522,53.3638452033081,19800400
2021-12-08,53.4579963684082,54.09144396858017,53.363834444359256,53.59495827645318,18214400
2021-12-09,53.59496307373047,53.731924994034884,52.91015347220838,53.115594719950124,16910300
2021-12-10,53.93737030029297,54.22841481101821,53.26968129674741,54.15993547842816,17942400
2021-12-13,52.75607681274414,53.68913101977351,52.51639097629257,53.47512779123861,17793700
2021-12-14,52.67904281616211,53.47513519780908,52.40511890693203,52.43935694651286,22551100
2021-12-15,52.44791030883789,52.64479288223693,51.369332235780504,52.37942771003994,19961900
2021-12-16,52.533504486083984,53.457999875103994,52.47358385147302,52.593425120694945,21187800
2021-12-17,51.38645553588867,52.45647170657055,51.09541100684599,52.17398913553424,44338100
2021-12-20,50.6417236328125,50.71876492534162,49.61450748756766,50.32499977038396,21819300
2021-12-21,51.788780212402344,51.942862794929844,51.1210911984032,51.14677054034777,19798900
2021-12-22,52.208221435546875,52.533503944242874,51.335087998954656,51.65181181655009,14058300
2021-12-23,52.23390579223633,52.93583608538271,52.21678514296081,52.36230576365776,13543300
2021-12-27,52.9786376953125,53.029999644709086,51.72029769125162,52.156866097547464,12593700
2021-12-28,52.807437896728516,53.33816827871553,52.559196622077465,52.99576179133231,12781000
2021-12-29,52.345191955566406,52.73039516157431,52.14830610816347,52.62767452433421,12733600
2021-12-30,52.03702163696289,52.73038995161386,52.01990098820943,52.405107421587665,11940300
2021-12-31,52.37942886352539,52.61911469916646,51.95998436565622,51.99422566580924,14072000
2022-01-03,54.39105987548828,54.44241855907084,52.39654827213822,52.42223087935953,24282400
2022-01-04,56.436920166015625,56.659485306884896,54.87041528561465,54.89609462285746,38584000
2022-01-05,57.138858795166016,57.87503038226166,56.907738194966164,56.92485557870472,34033300
2022-01-06,58.48280715942383,58.61977237250554,57.41279092295101,58.20888326412122,30668500
2022-01-07,58.9621696472168,59.21897614457114,58.19176321687481,58.65400446273579,23985400
2022-01-10,58.61119842529297,59.210404782808226,58.1660681046878,59.039204832335145,22760300
2022-01-11,61.07651901245117,61.11932226972768,58.705366156771234,58.97072806547726,32936100
2022-01-12,60.89675521850586,61.47028227559277,60.46874878231683,60.89675521850586,23045100
2022-01-13,60.460182189941406,61.27339827487358,60.18625835301443,60.87963316746976,21043200
2022-01-14,61.52165985107422,61.76134245856427,60.43451962742272,60.477322891986475,23012900
2022-01-18,62.55741882324219,63.24222516477939,61.64148536165577,62.334853660084306,32841200
2022-01-19,62.583099365234375,63.22510899636656,62.103734263864105,63.13094706133173,26431600
2022-01-20,62.72005081176758,63.66167005384084,61.855482643476954,62.060923873175234,26774600
2022-01-21,61.7784423828125,62.64301714189128,60.81115026719406,62.64301714189128,35995200
2022-01-24,62.30918884277344,62.55743340360454,59.758267155950584,60.674200831015156,41507000
2022-01-25,64.14105987548828,64.40642183846752,61.11077281079654,62.137985886922586,39278400
2022-01-26,63.490474700927734,65.05697986238904,62.908385672503535,64.56905277465553,35252400
2022-01-27,64.30369567871094,65.06554668794557,63.33639685758385,64.59473694926773,29174700
2022-01-28,64.44064331054688,64.73169106207817,63.3021447055105,64.17528142924496,30595700
2022-01-31,65.02273559570312,65.41650072477677,63.57607178280013,64.17528469901984,36085500
2022-02-01,69.19152069091797,69.77360969400549,65.28809762809472,65.44218020334905,61033100
2022-02-02,69.01177215576172,69.17441018888788,67.75343196901251,68.53240042265756,30299300
2022-02-03,68.20710754394531,68.74639331517639,67.64213590001363,68.55806943386584,28529400
2022-02-04,69.68802642822266,70.6467568767556,69.22577859159654,69.22577859159654,32197500
2022-02-07,70.52689361572266,71.11754453379709,69.02887122536175,69.45687762260772,34949200
2022-02-08,68.70360565185547,70.62107295558421,68.41255783393022,70.42418709073527,34356300
2022-02-09,68.37470245361328,69.26616903667669,68.12370591803787,68.87669552476412,40106100
2022-02-10,67.71692657470703,68.96325252376819,67.32745301725606,68.13237075881452,28527700
2022-02-11,69.42195892333984,69.51716473234785,67.70826756771665,68.04581303483214,42002100
2022-02-14,68.3573989868164,69.10172515580207,66.68697868676465,68.87669923173563,34652800
2022-02-15,67.50054168701172,67.6736461580997,66.14170295445793,66.55714708180868,25075100
2022-02-16,67.81211853027344,69.0065161883225,67.54381487236847,68.19294173756559,21733800
2022-02-17,67.70825958251953,68.47855623491331,67.4659133497328,67.92463519506295,23738800
2022-02-18,66.95526123046875,67.65631600947336,66.54847407609267,66.78216340460007,23394800
2022-02-22,66.17633056640625,69.05845592080433,65.18100121720816,68.95459322760817,35947800
2022-02-23,66.44464111328125,67.05049698110128,65.89071989903888,66.17633738229996,25385000
2022-02-24,65.6051025390625,68.40067235930698,64.07315917343904,68.37470833671355,46199900
2022-02-25,67.37071228027344,67.50053897756312,66.00322333150108,66.37538967532612,28310300
2022-02-28,67.87271118164062,68.3141193492335,65.95129438498299,66.21960467675078,32204600
2022-03-01,68.52184295654297,69.8027897791329,67.79482390285818,68.1756405772002,40002300
2022-03-02,69.69894409179688,71.1010610988023,69.08443785506502,69.75952902772079,44321400
2022-03-03,70.14032745361328,70.77214061737052,68.91996568838783,69.11903418034859,30196600
2022-03-04,72.78010559082031,72.94455318685178,69.8114382107432,70.14898367387909,42802200
2022-03-07,75.40258026123047,75.4977860645974,72.61566115160208,73.4984707971518,55207900
2022-03-08,75.97381591796875,79.20214346813859,73.93988616217919,77.07300789965898,72082300
2022-03-09,71.65495300292969,74.92655140716222,70.6250029115009,72.72817425754468,65466700
2022-03-10,73.87930297851562,74.15626354831304,71.75016736008655,72.71087578103466,44644200
2022-03-11,73.49848175048828,74.632294685939,72.67625689334112,72.76280583568382,35303400
2022-03-14,70.86734771728516,72.22618648159026,69.6729565535411,71.88864100915693,37462600
2022-03-15,66.83409881591797,68.52182591601306,66.09842306980624,68.21890138564464,47957900
2022-03-16,66.5831069946289,68.04580831961208,65.99456503575342,67.34474681065483,37812300
2022-03-17,68.3573989868164,68.50453284561236,66.70428583351557,67.66499425808352,34041900
2022-03-18,68.08909606933594,68.71225907210116,67.5957597926904,68.42664159529016,41461500
2022-03-21,71.14431762695312,71.42127822031466,69.01518182737473,69.34407707173379,33089300
2022-03-22,70.83273315429688,71.144314634129,69.92395934083743,70.65097839160498,23132200
2022-03-23,71.94922637939453,72.93589878247602,71.87999119216434,72.13098112698736,27716300
2022-03-24,72.16559600830078,73.26478788014359,71.62033181096193,72.23483779302128,19871600
2022-03-25,73.74082946777344,73.99182605020748,71.6549713359428,71.76748431292562,22398300
2022-03-28,71.6722640991211,72.10501537440285,70.98851629178466,71.98384554558478,21552400
2022-03-29,71.29145812988281,71.39531422539713,69.03249560678677,69.94126945884406,27036300
2022-03-30,72.51181030273438,72.71087881586358,71.58572273976523,71.8886473438652,22079000
2022-03-31,71.48184967041016,73.04841371554116,71.44723538061803,71.7241959217763,27861500
2022-04-01,71.94058227539062,72.82339206841796,70.96256005983062,70.96256005983062,18671100
2022-04-04,71.9751968383789,72.40794812306393,71.0144884581173,72.32139258351847,20869400
2022-04-05,71.60301208496094,73.62828440772223,71.4558716674691,72.26944598683075,21753100
2022-04-06,72.39929962158203,73.30807346256577,71.7847935186517,72.2002311021696,24768200
2022-04-07,73.61099243164062,73.94853788830903,71.5857130883699,72.5550782940583,26122000
2022-04-08,75.16024017333984,75.48047850211286,73.71485246306652,73.71485246306652,24866500
2022-04-11,72.57239532470703,74.37264240766916,72.26947072018483,74.24281569051361,21800100
2022-04-12,74.08702087402344,75.14293509733844,73.89660924644063,74.18222668781483,22444200
2022-04-13,75.13427734375,75.39393076073725,73.73216738114884,74.96117946793231,19306800
2022-04-14,76.01709747314453,76.56236175212072,74.63229458770111,75.01311125415991,24566400
2022-04-18,76.64026641845703,76.93453416570947,75.94786161993365,76.59698864232624,19032300
2022-04-19,75.95651245117188,76.73546613670594,75.53241140927715,76.1728881080835,20382600
2022-04-20,76.12960815429688,76.59698035222718,75.55837987011148,76.1382650292384,20689400
2022-04-21,75.3246841430664,77.72212984942782,75.11696538474153,76.98644741618591,29010900
2022-04-22,73.68023681640625,76.26809444505005,73.56772385121954,75.00446139246749,23591600
2022-04-25,71.19625091552734,71.54245330141964,68.62570694959824,71.29145673672926,37698300
2022-04-26,71.22219848632812,73.3253697359521,71.12699268711907,71.60302168316433,28941500
2022-04-27,73.25615692138672,73.98318271162502,71.21356977236523,72.17427841462798,32773000
2022-04-28,75.47181701660156,76.28539149751674,72.76279650926554,73.46385143662255,33683800
2022-04-29,73.78411102294922,76.28541349593544,73.30808185891567,76.28541349593544,34656500
2022-05-02,74.78809356689453,75.33335790596051,73.247493171095,73.57638843237503,36335200
2022-05-03,76.32868194580078,76.83932534729021,74.53709169792526,74.65826154245703,33908100
2022-05-04,79.36658477783203,79.52237550799785,76.95183836515305,77.46248172314831,46188400
2022-05-05,78.16352844238281,79.6695075424995,76.50176523183339,79.660850668611,41013400
2022-05-06,79.3579330444336,79.47044600176824,77.33265358958579,78.74342700989405,29619300
2022-05-09,73.100341796875,77.51440331313106,72.71951857633378,77.41054723717266,45851600
2022-05-10,73.58502960205078,75.20352187323788,72.28677567637179,74.1216436018387,34483200
2022-05-11,75.11697387695312,76.97780584781627,74.67556568775744,74.80539240261041,33020600
2022-05-12,75.45796966552734,75.52791404361352,72.9223008424508,75.15193549394114,29491500
2022-05-13,77.69634246826172,77.77503238770366,75.50167687932279,76.38479044370753,25798400
2022-05-16,79.52377319335938,80.42437790782786,77.7925281527439,77.80127370128409,26101200
2022-05-17,80.53804779052734,80.83532974827561,79.67242522254932,80.20579030759117,23120700
2022-05-18,79.26148223876953,81.24629520708602,78.54450054927058,80.88780769778668,25451200
2022-05-19,79.68991088867188,80.70418112219272,77.81876362287251,77.81876362287251,24387400
2022-05-20,80.31947326660156,81.83212670298474,79.04289633806462,80.38067878129509,28795000
2022-05-23,82.09442901611328,82.86387062357655,80.92277884082377,81.01895987561917,27239300
2022-05-24,82.54035949707031,82.88136256174077,80.72167203822792,81.15885613866696,24293300
2022-05-25,84.20165252685547,84.40275345851896,82.6015572680925,82.69773829485308,29947800
2022-05-26,84.49895477294922,85.18970655330243,84.11423057353706,84.46397923928438,24314800
2022-05-27,85.32958221435547,85.62687084606331,83.32728507620583,83.89561902138662,25588800
2022-05-31,83.93933868408203,87.24444907742387,83.68577113129928,86.17771891430311,44888100
2022-06-01,85.54817962646484,86.30888234545395,84.48145604920747,84.83119798488539,25815400
2022-06-02,85.39952850341797,85.7755070434689,84.63008699696678,85.06727103558885,19089100
2022-06-03,86.6411361694336,87.13953241547651,85.60064261449537,85.60064261449537,21038200
2022-06-06,86.42254638671875,87.24445459802973,86.27390539940923,86.7198350322375,20682100
2022-06-07,90.38343811035156,90.43589806468884,86.99088541734952,87.17450192842959,37810200
2022-06-08,91.4501724243164,92.30705624787495,90.04244567352083,90.48836867972237,31613200
2022-06-09,89.47411346435547,91.43269667002883,89.3254724481845,90.42717174899396,26607000
2022-06-10,87.83902740478516,90.36595093554973,87.25320231958227,89.1330952587929,30950500
2022-06-13,83.80819702148438,85.48698249238141,82.12066600006898,85.26839042572605,33421000
2022-06-14,84.02677154541016,86.27389725464647,83.30104443461228,85.17219827175954,31264000
2022-06-15,82.96878814697266,84.43772681599519,81.55230942905477,83.9305917189864,29620800
2022-06-16,79.90851593017578,81.4299148572366,78.93796661354203,80.80037530427732,35696700
2022-06-17,75.30057525634766,79.87351620284063,74.89836677314416,79.53251321336595,64610200
2022-06-21,79.98722076416016,80.90530354255966,77.39908453987846,77.4515511778593,35951500
2022-06-22,76.82198333740234,78.48328409483611,76.53344025761082,76.54218580663766,29727200
2022-06-23,74.50489807128906,77.86247473189087,73.02721398503085,77.52147173827721,35757200
2022-06-24,75.98258972167969,77.29414188026715,75.02952501757186,76.02630412442639,26639000
2022-06-27,77.84500885009766,78.72812270286074,76.65586742585252,76.77827845444534,25478700
2022-06-28,80.00467681884766,81.52607536263308,78.99915222410314,79.67241936035855,33096900
2022-06-29,77.04931640625,81.49110111330745,76.7345433687004,81.29874574227064,25400900
2022-06-30,74.8808822631836,76.59464290921747,74.03274415341856,75.31806630566874,39948100
2022-07-01,76.55093383789062,76.83947025613884,74.06772483479708,75.84269110353706,26327900
2022-07-05,74.15516662597656,75.80772202860518,72.58130783203984,75.49294893563781,34591100
2022-07-06,72.81737518310547,74.52239700130758,70.83256250724784,73.23707481138732,33375700
2022-07-07,75.14319610595703,75.86017767594258,74.58360105967071,74.65354543728213,23817400
2022-07-08,75.26560974121094,76.33233992020723,74.26008506408003,76.02630573998088,17673800
2022-07-11,74.8808822631836,75.30058187916492,73.76169218176547,74.4699281959037,15603800
2022-07-12,73.88410949707031,74.36501465328094,72.45014624878732,73.25456335472175,21013000
2022-07-13,74.181396484375,75.46671883341419,72.8348752977531,72.90481968537624,19928600
2022-07-14,72.6949691772461,72.84361016524696,70.55276982742282,71.56703343655188,26343000
2022-07-15,73.91909790039062,74.21637992445191,72.48513440231669,74.14643552937332,17243700
2022-07-18,75.28309631347656,76.89193717690517,74.97706879543023,75.70279596029694,19395800
2022-07-19,77.18046569824219,77.39905771317773,75.4142451527586,75.56288612189903,18248900
2022-07-20,78.02859497070312,78.38708903673924,76.2886045961888,76.57714762433035,16584400
2022-07-21,76.72582244873047,76.7695435344406,74.50492604685738,76.00884067103136,21375700
2022-07-22,76.1399917602539,77.35536314115858,75.74652202997288,76.55094592101602,15479500
2022-07-25,78.67565155029297,78.80680144020421,76.43726447957735,77.0843017340052,17536400
2022-07-26,78.36959838867188,79.81230686670762,77.81874897163198,79.68115033763196,15141200
2022-07-27,80.06590270996094,80.44188133521153,78.16852515339653,78.93796683420915,18047000
2022-07-28,81.00147247314453,81.53483762829926,79.57625465660826,80.59926388696068,20353100
2022-07-29,84.75249481201172,85.26836875618534,82.27803164530069,82.58405912666629,29825800
2022-08-01,82.61030578613281,83.37100180761563,81.51734559811766,82.8813577780727,20793200
2022-08-02,82.2518081665039,83.23984173319185,82.03321613813849,82.7939187983739,16722500
2022-08-03,79.58499145507812,82.55784470012313,79.38389050269421,82.55784470012313,23580800
2022-08-04,76.23616027832031,78.99041458321605,75.57163862391998,78.96418460635412,31821500
2022-08-05,77.3378677368164,78.42208915153692,75.44049026740586,75.51044132723949,17408000
2022-08-08,77.7750473022461,78.34338795605387,77.13676226359877,77.47776532170346,14458500
2022-08-09,79.20902252197266,80.10088193974453,78.64942733356322,78.73686950185913,19083400
2022-08-10,79.96097564697266,80.25826432772952,77.98490815923203,79.28771501406821,18302000
2022-08-11,82.27409362792969,83.25407315095356,80.72908171595549,81.0822219072614,18797900
2022-08-12,82.98919677734375,83.00685108953869,81.32058474269914,81.64724677189332,15058200
2022-08-15,81.50598907470703,81.86796648063145,79.15757477338663,79.92566199989155,20755200
2022-08-16,80.74671173095703,82.00920706851507,80.5966265212476,81.24994376141217,14038200
2022-08-17,81.40003204345703,82.2917262839598,80.26996756299029,80.57896851691234,13678000
2022-08-18,83.32469177246094,84.14575546214293,82.18579654253323,82.23877295638549,17770400
2022-08-19,83.05982971191406,84.04863287838107,82.81262892029731,83.13046043400925,16128600
2022-08-22,82.99801635742188,83.42178715138537,81.09985810023142,82.47712328418574,16019900
2022-08-23,86.52064514160156,86.88262250237833,84.26933994618179,84.35763170734779,23764700
2022-08-24,87.03271484375,87.37703118619316,85.95561993222371,86.52948274820105,17050300
2022-08-25,87.48295593261719,88.16276471579573,86.60892280424561,87.3328707285391,15305700
2022-08-26,86.4058837890625,88.20692677557444,86.00859103184754,87.20045583205972,15531400
2022-08-29,88.392333984375,89.66365338976178,86.64426054035752,86.67957590380115,23059200
2022-08-30,85.02861022949219,87.06803018314822,84.59600885447506,86.83848370966892,17086800
2022-08-31,84.39293670654297,85.49651631659222,82.62720933046417,83.01567150863043,18340900
2022-09-01,82.87442779541016,83.9338616670623,81.479501367019,83.35999884670227,16423000
2022-09-02,84.39293670654297,85.45237717361948,83.96916590828468,85.06391499545323,18206800
2022-09-06,83.82791137695312,85.27580740551906,83.43945590256546,84.89618245473808,19201500
2022-09-07,83.11279296875,83.51007896235852,81.48832690027902,82.27407509970273,16274700
2022-09-08,83.79259490966797,84.24285053571974,82.74198497744985,83.57187899017444,18759200
2022-09-09,85.19635009765625,85.63778196344722,84.15457062496095,85.21400440857298,17158000
2022-09-12,86.17633056640625,87.57125689810485,85.53183706975295,86.2116459244422,16118900
2022-09-13,84.16340637207031,86.3264199544121,83.79260519836306,85.2934709409207,18229100
2022-09-14,86.22928619384766,87.01503425897607,84.88733648558674,84.92265183787185,22655700
2022-09-15,83.72196197509766,85.23165801604816,83.03332940228323,84.94914191602902,21092300
2022-09-16,82.29174041748047,84.17223803350734,81.22347594432482,83.93386775260352,37874700
2022-09-19,82.28289794921875,82.53892924233958,80.34060041372275,80.34943093713129,15342100
2022-09-20,81.6119155883789,82.04451687829982,80.90562199462994,81.86794684772003,14712500
2022-09-21,80.29644012451172,82.88323069035675,80.22581615706322,82.60954513524307,17332400
2022-09-22,79.96097564697266,81.80616452732235,79.91682976183019,81.40004124401753,16139400
2022-09-23,75.70555877685547,77.25057018046476,74.91098013642765,77.25057018046476,27738800
2022-09-26,74.14289855957031,76.12051141677921,74.06343732177993,74.9551315696738,22043400
2022-09-27,75.69674682617188,76.77384183237794,74.87568315223749,75.5819769471743,17307300
2022-09-28,78.4512710571289,78.8397332511359,75.85564955301973,76.0322263392573,19543300
2022-09-29,78.2923583984375,78.8927060238396,76.92391687803517,77.85092651904526,17896000
2022-09-30,77.08283996582031,78.61019737770606,77.08283996582031,77.8421034095485,21357600
2022-10-03,81.15283966064453,81.54130189181326,79.21054197623354,79.49305812552453,23881300
2022-10-04,84.11042785644531,84.18988909780018,81.85029877539273,82.31821549273103,22133700
2022-10-05,87.50945281982422,88.27753993192454,84.45474521036812,84.53419971063414,34857700
2022-10-06,90.1050796508789,90.21102573453318,86.81200136195977,86.93560175836488,29124700
2022-10-07,89.19573211669922,91.21749110587412,88.44529920456061,90.21985739780435,24507600
2022-10-10,87.26224517822266,90.07858254644256,87.15630584471226,89.6018353384993,16786100
2022-10-11,86.52064514160156,88.07448718524705,85.41706548418318,85.83201251308701,17804100
2022-10-12,86.90028381347656,87.32406139977773,85.84084995129798,86.07922021278748,12635800
2022-10-13,89.93732452392578,90.44938033358811,85.99092283972429,86.1233537374206,22019100
2022-10-14,87.57125854492188,90.26398897257138,87.43882763372561,89.27518587183333,15222000
2022-10-17,88.83375549316406,90.02562024264392,88.72780941527311,89.23104149775199,14283200
2022-10-18,88.99266815185547,90.36110291458503,87.60657234223268,89.6459854368729,14065400
2022-10-19,91.63243865966797,91.80900873318437,89.37230938721848,89.3899637002835,20921700
2022-10-20,91.75604248046875,92.70070655401912,91.29695623077376,92.10035885166918,17649000
2022-10-21,93.45996856689453,93.93671585860335,91.7383867377099,92.21512729370204,22814100
2022-10-24,94.11328125,95.06677578594261,92.80664657693764,93.28339384490894,17024200
2022-10-25,93.47761535644531,94.75777188921322,92.76249784429935,93.94553882162568,15719800
2022-10-26,94.59001922607422,95.19919735348198,93.58355511557528,93.81310157072708,17383800
2022-10-27,94.95201110839844,96.74422367160098,94.83723449541203,95.71127456902366,18214000
2022-10-28,97.73301696777344,98.18327937796228,95.45523355278831,96.63826777535519,28169400
2022-10-31,97.83012390136719,99.68414304970194,96.62060494990388,96.67357461618244,26401800
2022-11-01,98.80127716064453,99.38396368391612,97.68886704348839,99.20739364309813,22213100
2022-11-02,96.77069854736328,98.9690274527247,96.50583672158747,98.50994125519149,20654200
2022-11-03,98.08616638183594,98.72182939262763,95.62297558287625,95.86135257978124,17103700
2022-11-04,99.15442657470703,100.20503660288888,97.8213071489127,99.763604723581,17541500
2022-11-07,100.3286361694336,100.63763713527794,98.99551001882985,99.2427175272212,16008000
2022-11-08,100.64646911621094,101.22916243371162,99.41045849921954,100.18738292255378,14661000
2022-11-09,96.14385986328125,100.01080050821872,95.85251322090302,99.85188477016838,19522800
2022-11-10,97.55644989013672,97.73301995583236,94.9696586869696,97.28276426759358,20146700
2022-11-11,100.6023178100586,101.0878955484641,99.31333759213697,99.39279882920134,20518900
2022-11-14,100.89602661132812,102.02628692702693,100.11284769341965,100.23744310491588,20858300
2022-11-15,101.5723876953125,101.92837745298395,100.45102912506623,101.27870242592792,19373800
2022-11-16,100.48662567138672,101.68808512516472,99.55215343514845,100.95830919998596,13591000
2022-11-17,100.6201171875,100.74471258195243,98.56428638909507,99.04487153481436,12425900
2022-11-18,99.7479476928711,100.1039374379514,97.54971831618529,98.69778167935098,15415000
2022-11-21,98.76008605957031,98.96477559363561,95.65408907315872,97.88791146459182,20973000
2022-11-22,101.61688995361328,101.87498236069706,99.16946968188843,99.86364598166,17719100
2022-11-23,101.109619140625,101.41220606121865,99.76576085283725,99.9615555849582,11546700
2022-11-25,100.75361633300781,101.99957709393654,100.62011932470476,101.34989527482959,7136000
2022-11-28,97.72771453857422,99.19616806461372,97.55862466365474,98.48419532982545,23015500
2022-11-29,98.37739562988281,99.49876099648135,97.70991737665939,98.43969332858607,14453200
2022-11-30,99.08936309814453,99.58775145124825,97.70101057793605,99.26736136351714,23158100
2022-12-01,98.60880279541016,99.73906313004633,98.05701825672418,99.35637527691298,14398300
2022-12-02,97.77222442626953,99.4186695836982,97.18484024808451,97.46073590296258,15248400
2022-12-05,95.0933837890625,99.10715421633984,94.28351384782488,98.51977019725298,19287700
2022-12-06,92.45018768310547,95.26249938281241,91.80051263686714,94.24793295695359,21197000
2022-12-07,92.24549102783203,93.31345345998754,91.10632928954892,92.36118480783469,20061700
2022-12-08,92.93077087402344,95.0489062151662,92.29889227416805,94.58611748939555,21128800
2022-12-09,92.1476058959961,94.29243265541153,91.93401473923575,93.08207145053544,21298200
2022-12-12,94.41703033447266,94.55052735688766,92.19210259402483,92.40570054586506,20413200
2022-12-13,95.44937896728516,96.59744224238365,95.24468267283572,95.93886567796483,24305300
2022-12-14,94.74630737304688,96.38385746652092,94.11442880766522,96.10796185238446,17597300
2022-12-15,93.83854675292969,94.48822179676498,92.28999228555507,93.74064939729313,15365100
2022-12-16,93.1799545288086,93.96313330011395,91.78270042720358,92.28108876983592,54596600
2022-12-19,93.59825134277344,94.51492041480776,92.89517341617912,93.678352266026,13611100
2022-12-20,94.95101928710938,95.68079532101132,93.50926365381694,93.5982594062556,14680000
2022-12-21,96.1702651977539,96.64194874681033,95.36929672045656,96.3749615176912,13565400
2022-12-22,94.23013305664062,96.28597081516152,92.6459856618088,96.01897678212546,13213000
2022-12-23,96.7220687866211,96.77546488501122,95.13792116159524,95.18241564693992,11539400
2022-12-27,98.06591033935547,98.31510114230746,96.85554919078281,97.24713182830445,11962100
2022-12-28,96.45506286621094,97.89681845511022,96.02788055168257,97.81672431736384,10702100
2022-12-29,97.18482208251953,97.64761076487837,96.10795808040584,96.10795808040584,10534000
2022-12-30,98.16381072998047,98.3418022261784,96.65975746432859,96.65975746432859,11799600
2023-01-03,94.79081726074219,97.91461071873253,93.88304299863717,97.70101957056555,15146200
2023-01-04,95.06669616699219,95.36928981935891,93.23335819126602,93.26895784389384,18058400
2023-01-05,97.19374084472656,97.85231754282941,94.6128233544007,94.63952140041373,15946600
2023-01-06,98.36849212646484,99.6678489529529,97.60311653429603,97.96800789821037,16348100
2023-01-09,96.53516387939453,99.35637056596835,95.94777970897223,99.35637056596835,17964600
2023-01-10,97.97689056396484,98.19048846314465,96.12575630064579,97.70990337489849,15104600
2023-01-11,99.11607360839844,99.18726612868629,97.08693400654624,98.77788027978643,16710400
2023-01-12,100.76253509521484,101.22531710750467,99.44537480033588,99.5165741222085,15357300
2023-01-13,100.70023345947266,101.00282038072092,99.81916395296302,100.66463379992449,12011400
2023-01-17,100.5044174194336,101.52788534715503,100.27302307639778,100.9316064535044,16542200
2023-01-18,98.439697265625,101.56349751682839,98.25280416204055,100.79812187932625,16399700
2023-01-19,99.07157897949219,99.7924533715099,97.52303122295994,97.95911514492641,12928000
2023-01-20,100.87821197509766,100.95831289624998,98.43969332460324,99.10717157779966,16515600
2023-01-23,100.3531265258789,101.98176820893737,100.24632756717855,101.13629851986298,16584400
2023-01-24,101.28759765625,101.47449075204588,93.33126150834865,97.1492379251671,13583000
2023-01-25,100.75361633300781,101.14520574671282,99.13386938078246,100.77141955541617,11914700
2023-01-26,104.802978515625,104.82077494663432,101.7592727776438,102.09746607627467,21019700
2023-01-27,102.88954162597656,104.72287960223608,102.69374693143634,104.08209943462785,15179200
2023-01-30,101.06510162353516,102.78274587476369,100.70021705500396,102.42675612721493,18672100
2023-01-31,103.24553680419922,103.59262494829113,98.27949703342902,99.76574696222669,27861800
2023-02-01,102.11528015136719,104.46480326704186,100.8693192773117,103.085352162503,19464900
2023-02-02,98.92028045654297,102.40896523331214,97.74551897906191,102.2131705220753,24562100
2023-02-03,99.60555267333984,101.5545913357865,99.28516257019957,99.58775624091643,20226600
2023-02-06,99.43647003173828,100.6468244328054,98.18160757152626,99.99714935803749,13855200
2023-02-07,102.27546691894531,102.62255506991934,99.6945496299554,100.02384134828921,16013300
2023-02-08,101.38549041748047,103.08533821501081,101.32319272170362,102.39116195065753,18459700
2023-02-09,101.76818084716797,103.45022546678648,101.61688740919885,102.00847681565048,17439300
2023-02-10,106.05784606933594,106.46723192855087,103.3790381564334,103.69052665910344,24918600
2023-02-13,105.64530944824219,105.98609829702671,103.94135151994386,105.57356226675455,14536200
2023-02-14,104.40770721435547,105.65428556502631,104.04897810547287,104.93683418944975,12079000
2023-02-15,104.09381103515625,104.1117444097592,102.36294959298361,103.77992566319499,13663400
2023-02-16,103.78890228271484,104.7305584576728,102.9548600465016,103.41223297054329,11360600
2023-02-17,99.79806518554688,102.40781301397156,99.52902346156417,102.40781301397156,20758300
2023-02-21,99.69937896728516,100.7845292709631,99.37652353982217,99.37652353982217,14469400
2023-02-22,98.40796661376953,99.52002042444927,97.43043019948038,99.0805809644704,13973800
2023-02-23,99.31375885009766,100.29129536121243,98.56043398694513,99.3047955842418,11289400
2023-02-24,99.32273864746094,99.51106988162151,97.77123822958333,98.04925686855323,14351000
2023-02-27,99.14337921142578,99.78012011172844,98.61425225122649,99.36758404289242,11710500
2023-02-28,98.56940460205078,99.86978974535776,97.9505971454296,99.76216897484477,18107000
2023-03-01,99.44828796386719,100.3182037475514,97.96853480497464,98.03131187997309,13200000
2023-03-02,99.9056625366211,100.17470419747058,98.80257188479402,99.20614463934973,10339900
2023-03-03,101.17017364501953,101.67239705905213,98.60527013791821,98.69495753333706,13006700
2023-03-06,102.0669937133789,102.093897195354,100.32716907117518,100.43478299907557,14347400
2023-03-07,100.093994140625,101.49302994060142,99.69939149255465,101.17017447257798,11525300
2023-03-08,98.6321792602539,100.82041346962536,97.81607049876058,99.75320326745626,13509800
2023-03-09,97.8698959350586,100.65004147143739,97.78021536599223,99.43036657400624,12961200
2023-03-10,96.65917205810547,99.58280455916855,96.0941784265973,98.25550913567021,15795700
2023-03-13,95.5471420288086,96.73094339201069,93.01811153277734,94.47095461723175,20745600
2023-03-14,95.90585327148438,97.76226885472325,94.13014813690516,95.37672635335991,18263500
2023-03-15,91.13478088378906,93.44856950703975,89.87923247944467,92.21096132054807,25733800
2023-03-16,90.60565948486328,91.18859344141099,87.90623127641817,88.88376794364841,27465200
2023-03-17,89.53842163085938,91.12579537534221,88.91065095586951,90.22000610812495,43199500
2023-03-20,91.87913513183594,91.90604545844505,89.23352091690357,89.35010496345646,32042100
2023-03-21,95.99552917480469,96.21076386965078,93.38578198631895,93.42165557582456,31592300
2023-03-22,93.7983169555664,96.12108224427286,93.77141347428433,95.7802934110541,14952700
2023-03-23,92.7400894165039,95.36776346271631,91.87017357899883,94.48888435836264,14385900
2023-03-24,92.84768676757812,93.13466862579389,90.49802494161996,91.00024148295076,13401600
2023-03-27,94.88346862792969,95.49330592246706,93.18848098500132,93.93283567803529,14805900
2023-03-28,96.06729125976562,96.54260442063705,94.33642964013526,94.56063447769262,11047600
2023-03-29,97.71743774414062,97.89680572347227,96.39911217535546,96.91029894262024,14219100
2023-03-30,98.1927490234375,98.26449621378764,97.32283315646087,98.24656283729443,11578200
2023-03-31,98.34519958496094,98.80257246374138,97.7981393098508,98.36313295891425,14418000
2023-04-03,104.14762878417969,104.79333981174744,101.44820746363762,101.6903456778812,28087700
2023-04-04,103.15215301513672,104.65880971486472,102.389857977542,104.26421387501834,16365500
2023-04-05,104.91886901855469,104.92783912574534,102.51539345549116,103.44808617989356,16479500
2023-04-06,103.1790542602539,105.08927674052394,102.9279391305777,104.80229486308167,15778000
2023-04-10,102.72167205810547,104.19245499971903,102.38984649069494,102.93690675043763,13006600
2023-04-11,103.44810485839844,104.21039989475325,102.57818904288516,103.09834587886871,11758500
2023-04-12,103.34048461914062,104.56015249761312,103.07143610874667,104.17452679073648,10919000
2023-04-13,103.82476806640625,103.93238884633617,102.35398495163888,102.77549112029568,12399700
2023-04-14,104.07587432861328,104.62293460602673,103.24183217142456,103.94135007574006,11530800
2023-04-17,102.86516571044922,104.48841321309042,102.61405741404627,103.57365374226492,13260400
2023-04-18,104.8740463256836,105.11618451502486,102.5064440295532,102.5871544786043,17436100
2023-04-19,104.5422134399414,104.83816541684806,103.82475534601998,104.10277394956296,10682600
2023-04-20,103.70819091796875,103.74406451366487,101.54685980424071,103.25081112557923,17038700
2023-04-21,104.03999328613281,104.820221580973,103.36737891213282,104.47046265386797,14315300
2023-04-24,106.00403594970703,106.62284344118474,103.92341549790495,103.95928909009666,15831300
2023-04-25,104.49738311767578,105.59150377195604,103.69921447818051,105.42111275553697,12179800
2023-04-26,103.53778839111328,105.0085715375442,102.84724052104778,104.05794524202355,15566100
2023-04-27,104.77539825439453,104.93682599868215,103.02659655091402,103.69024774531206,16279200
2023-04-28,106.12959289550781,107.54656903454037,104.77540067610481,105.15206314075247,24381900
2023-05-01,102.83826446533203,105.19690353398629,102.64096313038276,104.02206563283961,17355000
2023-05-02,98.73979949951172,102.18358902777577,98.01337808589618,102.18358902777577,24324100
2023-05-03,96.793701171875,98.47971888554824,96.6412435426882,97.82504466977532,16212300
2023-05-04,95.09872436523438,97.52910397424252,94.98214031332664,96.7668088978241,17177200
2023-05-05,97.46632385253906,98.13893834171958,96.43498026735791,97.34973980426894,14968200
2023-05-08,97.8519515991211,99.52003599725452,97.78917452358652,99.09852984344182,11187800
2023-05-09,97.87886047363281,98.85639709472728,97.04481822862827,97.16140227756001,11370800
2023-05-10,96.6233139038086,98.65909763993152,95.69959107713488,98.41695258618509,14884800
2023-05-11,94.87451171875,95.79823447525823,94.1032465965379,95.50228247302121,17165900
2023-05-12,94.86553955078125,95.96863024326872,93.96872029718386,95.3408526604378,12613300
2023-05-15,95.04647064208984,95.82442841311271,94.60321788003857,95.44449747421162,13715600
2023-05-16,92.73970794677734,94.81124543271055,92.28740736648344,94.64841694774238,14795200
2023-05-17,94.82030487060547,95.19119470415309,93.03823926398098,93.52672477809836,14064700
2023-05-18,95.67967987060547,95.80633040654975,94.19613423791458,94.5760720426265,12005600
2023-05-19,96.12294006347656,96.83757594835045,95.72491326644288,96.4033642696264,13359600
2023-05-22,94.95599365234375,96.82851795067934,94.87457595160232,95.74299231733885,12882000
2023-05-23,96.24958038330078,97.89595448492108,95.66158815381634,95.87869053492004,14394400
2023-05-24,97.3260498046875,98.15828823946372,96.54809904211434,97.13608436133777,16340300
2023-05-25,95.5801773071289,96.27671727608002,94.720801925471,95.83346456856567,14316500
2023-05-26,94.95599365234375,96.7471002499379,94.82935003035466,96.31289551784953,12370300
2023-05-30,94.11471557617188,94.18708533308296,92.82113550301588,93.43626463364028,11938000
2023-05-31,92.43216705322266,93.21012477336824,92.03414024713125,92.53167375474551,24926100
2023-06-01,93.49959564208984,95.50781173375945,91.5999341964642,92.04318692341272,13551900
2023-06-02,95.6706314086914,96.00532945865801,94.55796881966207,95.1278720317629,14112000
2023-06-05,95.2454605102539,96.96420415854875,95.0645361305832,96.96420415854875,10628000
2023-06-06,96.0234375,96.13198524818586,94.06045416928347,94.21423474692062,12209800
2023-06-07,98.17637634277344,98.50203335745171,96.54809817094213,96.60237203953514,16027100
2023-06-08,97.86882019042969,98.72818869408903,95.79728231465374,98.39348371712211,13517100
2023-06-09,97.14513397216797,98.24874867283847,96.93707953607714,98.11305709624517,12251600
2023-06-12,96.26766204833984,96.846606288275,95.48970443188455,95.71585474128295,14112000
2023-06-13,96.28577423095703,98.00451135197315,96.1410346957013,97.13609484512138,13533800
2023-06-14,95.12786865234375,97.79643952001777,94.4313218404231,97.19939939551435,16627700
2023-06-15,95.78822326660156,96.8194681120908,95.38115547553568,95.43542934059522,16224100
2023-06-16,95.10071563720703,96.5842609589499,94.94693509933882,96.21337807929369,43128900
2023-06-20,92.92063903808594,94.77506741043251,92.37787968280303,94.69365661284192,17514100
2023-06-21,93.9609375,94.64842950412921,92.56785069969597,92.72163126102275,13285700
2023-06-22,93.44532775878906,93.97903927419968,92.85733546609733,93.0292050397314,12455300
2023-06-23,92.63117980957031,93.01111072097203,91.9255918593784,92.80304937336027,17933600
2023-06-26,94.34087371826172,94.90172902851958,92.45025334605538,92.45025334605538,14283400
2023-06-27,94.57605743408203,94.63033129713165,93.41816211040174,94.12375683784359,13227500
2023-06-28,95.344970703125,95.72490156207878,93.35484386285155,94.35895177691486,13084100
2023-06-29,96.52095031738281,96.54809415210956,95.10072663531521,95.58017109365022,11364400
2023-06-30,97.01848602294922,97.58838233740356,96.62045925640716,97.08180783566637,13544700
2023-07-03,97.20845794677734,98.11305927541092,96.85566398073507,97.23559488238668,7397000
2023-07-05,96.71092987060547,97.62457222936003,95.9781981126126,97.36223701990089,12491200
2023-07-06,93.10157012939453,95.63445669297404,92.65831739631436,95.06455342031029,17961400
2023-07-07,93.31866455078125,94.07852625780725,91.8712970871058,92.19695407627682,21929200
2023-07-10,94.70271301269531,94.75698688260134,92.94778426909104,93.14679766082682,14877600
2023-07-11,95.86058807373047,96.03246450629476,94.8112473930043,95.21832206462088,12576500
2023-07-12,96.33100891113281,97.38034993238588,96.00535182878265,96.79235759472246,13238200
2023-07-13,94.5670166015625,96.09579494031807,93.46340195949469,95.86059668014954,26826800
2023-07-14,91.31045532226562,94.12376585243494,90.93956548508007,94.12376585243494,28181900
2023-07-17,91.70848083496094,91.97081605023304,90.65914687543301,91.11144754282067,18051300
2023-07-18,91.2923583984375,92.45024691834723,90.76768800611592,91.2923583984375,24617800
2023-07-19,91.92559814453125,92.63118614296576,91.1838252613615,91.40997561478595,15556500
2023-07-20,93.5448226928711,93.7709730153257,92.5949885779377,92.75781708616742,15740200
2023-07-21,93.9790267944336,94.42227949092943,93.40913047036751,94.22327300586197,17121500
2023-07-24,95.45352172851562,96.03247288319834,94.04234597422371,94.40418785781544,15090900
2023-07-25,95.59825897216797,95.96914189041031,94.56701411443696,95.03740372084279,14116100
2023-07-26,95.0645523071289,95.63445557311924,94.6574844613306,95.08264819895494,15159600
2023-07-27,95.3630599975586,96.78328365240756,94.74793088517791,95.88773036726322,17677900
2023-07-28,94.22328186035156,95.12788322889612,92.55881175341797,95.08265039984461,17566400
2023-07-31,97.00944519042969,97.57030050244556,95.15501659542905,95.15501659542905,24197000
2023-08-01,96.44859313964844,97.08181128934662,95.4625741333353,96.7471063236146,14177400
2023-08-02,95.2454605102539,96.23147249861141,94.59414654655822,96.12292477236839,13484100
2023-08-03,96.90090942382812,97.58840155397434,95.25453506742733,95.78824660805883,16280400
2023-08-04,97.1722640991211,98.81863808925682,97.09085329980506,97.66074959969673,14279600
2023-08-07,96.97325134277344,98.07686597319973,96.3490811726686,97.6064763593845,12410800
2023-08-08,97.45269012451172,97.47077911179063,94.83838631212507,95.92391189096466,14065600
2023-08-09,99.10811614990234,99.88607381948084,97.9773645256964,98.33920642575434,19919600
2023-08-10,99.61469268798828,100.98063561395394,98.99956355850844,99.67801449977769,15837200
2023-08-11,101.16156005859375,101.37866242747624,99.55137092805883,99.84084305375545,14047000
2023-08-14,101.24296569824219,101.29724646386589,100.21172087166553,101.02586334042591,12973400
2023-08-15,98.64373016357422,101.10617248409145,98.47044476300184,101.00585008987957,14909600
2023-08-16,96.98385620117188,99.71079124702548,96.92913742370843,98.7531708926021,13695100
2023-08-17,98.86261749267578,100.45864681165027,97.96883801247039,97.96883801247039,16709500
2023-08-18,100.35832214355469,100.5042412026177,98.1512433194436,98.16948059252567,16224000
2023-08-21,99.14533996582031,101.21562188296137,98.62549069712657,100.65016899355555,11092400
2023-08-22,98.58899688720703,100.06646634136506,98.45219300028106,99.56485440868138,10518800
2023-08-23,97.72258758544922,97.85939147758087,96.41840346897948,97.62226519509501,11435600
2023-08-24,96.99298095703125,98.28804308524602,96.73761737773658,97.05682185185492,10818500
2023-08-25,98.72582244873047,99.3459941752327,97.23923751170635,97.97796892190156,13579300
2023-08-28,99.55575561523438,100.35832788130482,98.89910241656953,98.90821757456396,10382100
2023-08-29,100.14854431152344,100.34006696960807,98.88084174743844,100.01174738298778,9665000
2023-08-30,101.12442016601562,101.3615464820286,100.30361061344206,100.72313750599672,11922100
2023-08-31,101.40715026855469,101.61691023610186,100.88730097062407,101.34330937084869,17479800
2023-09-01,103.53213500976562,103.80574280906455,102.328273217494,102.328273217494,14843500
2023-09-05,103.541259765625,105.63890105871391,103.5139003766245,104.06110903104123,18304000
2023-09-06,104.4350357055664,104.50799175438979,103.26765542676843,103.49565960491289,13325500
2023-09-07,103.92430114746094,105.6571342851903,103.6962969703422,104.56271701827454,13248500
2023-09-08,105.43826293945312,105.83955255856968,104.26176043097264,104.4532831242412,14283200
2023-09-11,104.1158218383789,106.41410068478979,103.57772840835753,105.95809236971238,14383600
2023-09-12,107.15284729003906,107.31701058532677,105.12816896753603,105.19200986247371,20145800
2023-09-13,106.19522857666016,107.58149092260453,105.70273871532673,107.07988590397379,13472800
2023-09-14,108.09223937988281,108.21992814672299,107.00694400590328,107.20758883619065,15210700
2023-09-15,106.43234252929688,108.08309743234295,106.24994197868189,107.52676670739176,34568400
2023-09-18,107.2896499633789,107.83685862200694,106.43235199137575,107.18932756418127,14045300
2023-09-19,107.0069351196289,108.38407550744421,106.35028189617825,108.1834376519553,12562900
2023-09-20,106.15872955322266,107.63619193525548,106.08576655807349,106.28641131566663,11879900
2023-09-21,104.66304779052734,107.04341214683201,104.51712176558588,106.68772615870702,14400600
2023-09-22,104.82720184326172,106.41410895478015,104.70863521892097,105.52945164147714,13197300
2023-09-25,106.00370788574219,106.38675324346022,104.72688306854658,104.96400240915176,11316000
2023-09-26,106.1678695678711,106.45971463954095,105.21937134541022,105.33793101391707,11805400
2023-09-27,109.62440490722656,109.89801270135541,107.07076231394343,107.51764855009432,23976200
2023-09-28,108.9586410522461,110.08041774600493,107.79126073822837,109.42377153797162,16808100
2023-09-29,107.23493194580078,108.69415736520747,106.45971909406619,108.62119435470322,18813600
2023-10-02,105.45649719238281,107.42645676636387,104.47152436352808,107.18933045657671,14395000
2023-10-03,105.6388931274414,106.19522385580134,104.909277004241,105.28320718086835,13297100
2023-10-04,101.68985748291016,104.05197728991784,100.7778408238706,104.01550274671499,19622200
2023-10-05,99.40070343017578,101.14265875900504,99.13621773824244,100.13944172769153,20128800
2023-10-06,97.7408218383789,98.74403875279995,95.86206978274669,96.42752260562953,25367500
2023-10-09,101.160888671875,102.20970924753647,99.88406392577126,100.72312456118148,22369900
2023-10-10,100.73223876953125,101.64425544271175,100.4312785555643,101.25208799491874,13892000
2023-10-11,97.12067413330078,97.74084588064187,95.60672975364068,97.54932317371636,57939000
2023-10-12,97.10243225097656,98.3518908451876,96.75586140505489,98.12388663945435,31183000
2023-10-13,100.20327758789062,100.50423781147063,98.35187783736473,98.52516323740718,30276500
2023-10-16,100.27623748779297,100.9420127676342,99.52838404149576,100.77784947658674,18452000
2023-10-17,101.58953857421875,101.96346875714056,100.02999086880726,100.07559448657558,19775400
2023-10-18,103.01227569580078,103.41356524007351,101.87225490696662,101.9816994076232,23380300
2023-10-19,103.07613372802734,103.94255384654826,101.53483009666434,102.80253286807536,20972500
2023-10-20,101.30681610107422,103.34973154859861,101.04233042467717,102.98492347914974,22445300
2023-10-23,99.82022094726562,101.19736805619287,99.11797117858004,100.89640088755552,18185000
2023-10-24,98.85350036621094,100.15768466815196,98.60725889186335,100.04824014725526,16786100
2023-10-25,99.035888671875,99.86582719670223,98.6163618309564,98.97204778212945,22047300
2023-10-26,98.13299560546875,98.8078860157211,97.12977862630764,97.99619170873423,18768300
2023-10-27,96.26337432861328,100.19416444081129,95.72528080785528,99.30950704708323,23092000
2023-10-30,96.5643310546875,97.05682093501882,95.95328150169952,96.4366492662463,19379900
2023-10-31,96.53697204589844,96.81970197124865,95.34223232443232,96.2907305838302,22185200
2023-11-01,96.34542846679688,97.74081268486492,96.18126520831039,97.15712264538723,28984900
2023-11-02,99.51013946533203,99.5831024689174,96.21775872849298,96.56432255832104,25212700
2023-11-03,98.29715728759766,99.20917397344752,97.16625854542164,98.86261013775321,30555600
2023-11-06,96.55522155761719,98.74405632100779,96.46401431069589,98.65285603222252,19097300
2023-11-07,95.041259765625,95.63407201408336,94.20220606898545,95.2783860566354,20272500
2023-11-08,93.87388610839844,95.67056025274303,93.83740460274107,94.6035023052742,19184100
2023-11-09,93.9012451171875,94.82238399642593,93.81004483248192,94.54877618417349,18380500
2023-11-10,94.62174987792969,95.22368434958878,93.85565905014883,94.78591319218793,17825500
2023-11-13,95.61582946777344,95.88943726669244,94.67645336062576,94.8953423830151,15308400
2023-11-14,95.9839859008789,96.47177375122823,95.59743783325452,95.99319143251661,18260500
2023-11-15,95.40415954589844,96.77548878471919,95.25689913331377,95.68026228685028,20137600
2023-11-16,94.29972839355469,95.04521492934765,93.09406359680055,94.7046875101647,22469100
2023-11-17,96.6006088256836,97.03317746578234,94.5666219837778,94.8519302264973,22984900
2023-11-20,96.17726135253906,97.44735088849855,96.11283667365193,96.98717260451511,17458800
2023-11-21,96.14044189453125,96.36132549474924,94.99920176801474,95.91035276295662,14989000
2023-11-22,95.72628784179688,95.82752762521208,93.82115004207222,94.41017767916252,18072000
2023-11-24,96.2416763305664,97.06999856259698,95.63424470825242,95.73547746050254,9480800
2023-11-27,95.68025970458984,96.08521880650554,94.96238276702132,95.80910905124252,18013500
2023-11-28,95.62503814697266,96.55460014299925,95.60662708548,95.9379559747219,20629500
2023-11-29,94.18927001953125,96.25087339837316,93.54502335224444,95.9655581413501,26802100
2023-11-30,94.55741882324219,96.15884408694542,93.7014870518706,94.8979532343943,29254700
2023-12-01,94.78751373291016,95.91955531466732,94.07884231925021,94.33654101512656,17845300
2023-12-04,94.27210998535156,95.12804175138429,93.49900692808215,93.99600024594913,21523900
2023-12-05,92.44060516357422,94.189276821568,92.30255029011089,94.12485215018678,22250300
2023-12-06,91.2165298461914,92.69830431720459,90.5078514356568,92.03564653864433,31154800
2023-12-07,90.58148956298828,92.80875071886115,90.27777021761565,91.90680523605923,29990700
2023-12-08,91.6214828491211,91.84236642004126,90.88519491703771,91.13368805660264,22074900
2023-12-11,91.68590545654297,91.90678902250032,90.7287339750452,91.85156988645147,22252300
2023-12-12,90.24095153808594,90.82077356608535,89.71634864939247,90.82077356608535,26084000
2023-12-13,91.0416488647461,91.14288862544069,89.88200491421802,90.231737800951,19915400
2023-12-14,93.48981475830078,94.00521215025105,91.77795111016553,91.8975949270789,26165700
2023-12-15,92.86397552490234,92.9560097737911,92.3209615194614,92.57866022505516,55527000
2023-12-18,93.55422973632812,94.89794924162307,93.43457891005255,93.99599687742564,21610400
2023-12-19,94.78751373291016,94.97158924550956,93.68308874436502,93.87636276627228,18904700
2023-12-20,93.2044906616211,95.6618476157736,93.07564132580931,95.25688854792962,20988900
2023-12-21,93.62786102294922,93.8855596952143,92.78112778609831,93.38856638937644,19250900
2023-12-22,93.79352569580078,94.74149168050366,93.71068996707022,94.16166264467638,12927800
2023-12-26,94.00521087646484,94.8243275868993,93.98680683632864,94.55742336346655,16835100
2023-12-27,93.56343841552734,94.3825550797368,93.2689176158668,93.91317133248073,14558800
2023-12-28,92.21051025390625,93.51741466080689,92.15528409493378,93.31493512868609,16329300
2023-12-29,92.0172348022461,92.57864573915174,91.68590594067956,92.37617323198285,17746400
2024-01-02,94.20769500732422,94.88875687368201,92.81795468041744,92.8823793566707,23483000
2024-01-03,94.99920654296875,95.36735057634482,93.5634525367418,94.12486358598015,23490800
2024-01-04,94.17086029052734,96.24166205250589,93.92236716866503,95.79068941265714,19395200
2024-01-05,94.4561767578125,95.16485513265694,93.99599854829458,94.95317006670331,15827400
2024-01-08,92.88236999511719,92.99281529546096,91.0232530807857,92.70750704677583,23370100
2024-01-09,91.73193359375,93.22291369910991,91.29016639185578,93.22291369910991,19496600
2024-01-10,90.82999420166016,91.85159057928645,90.3422063319719,91.85159057928645,18206100
2024-01-11,90.81157684326172,91.57547444597388,90.7103370635402,91.15211128612165,15833400
2024-01-12,91.9896240234375,92.63387774907625,91.27174711861463,92.16449399524497,18041700
2024-01-16,89.90962982177734,92.04485664678835,89.7623694095462,91.8699866627046,20235700
2024-01-17,89.25617980957031,90.15812528123526,88.88803579140043,88.90643983251552,18384000
2024-01-18,89.09052276611328,89.357420004189,88.18857019762962,89.27459127963385,20940300
2024-01-19,89.22856140136719,89.29298607660502,88.73157506196843,89.0168833349127,20088400
2024-01-22,89.10891723632812,89.36661593627939,88.14254008974794,88.99847192702204,19955900
2024-01-23,90.11210632324219,90.65511327597197,89.02608539601994,89.09970857787702,15863400
2024-01-24,91.66749572753906,91.71351635608922,89.95563226755193,90.48944066298063,17330600
2024-01-25,93.99600219726562,94.04202282870885,91.68591255147568,92.3209537304647,22089500
2024-01-26,94.79672241210938,94.87035261959434,93.1308793428996,93.84875631147038,20817200
2024-01-29,94.9163589477539,94.98078361891764,93.74750933613677,94.77831109651912,18317500
2024-01-30,96.49938201904297,96.52699159181934,93.9684015286821,94.25371683148536,19610900
2024-01-31,94.6218490600586,96.52698672496707,94.58503395762524,96.39813737733174,22415300
2024-02-01,94.23530578613281,95.72628591220523,93.52663433827465,95.32132678670733,19240700
2024-02-02,93.84874725341797,95.71706970200395,93.51741837347774,95.48698059214337,21973400
2024-02-05,93.46220397949219,94.22609452647544,92.49582686030628,93.37016271346478,17190900
2024-02-06,94.10643005371094,94.83351236079594,93.48058749962266,93.9407656416946,13347900
2024-02-07,94.07881927490234,94.54820293985306,93.1216479091304,94.10642883958866,13826800
2024-02-08,95.68946075439453,96.10361834613113,93.97759720416168,94.18927525442264,19636900
2024-02-09,93.66468048095703,96.49017473247852,93.60025580506291,95.80911286991743,20410500
2024-02-12,94.95318603515625,95.16487113670935,93.87637052901721,94.02363095127387,18173100
2024-02-13,94.13573455810547,95.76132703323654,93.44834315298729,95.45479212406188,18917400
2024-02-14,93.67127227783203,95.32473787699894,93.28113181503745,94.62805544185711,17651300
2024-02-15,96.35584259033203,96.5509128503602,93.44834959857467,93.44834959857467,23196300
2024-02-16,96.35584259033203,97.19185596558958,96.1607652432826,96.6159362703696,20151400
2024-02-20,95.44550323486328,96.71811249598899,95.35261365155228,96.45801174088886,17650000
2024-02-21,97.3962173461914,97.51698018841117,95.66844408585547,95.69631025343811,20991300
2024-02-22,97.31260681152344,97.91639968690434,96.09572997704242,96.75526226771814,20470700
2024-02-23,96.45800018310547,96.69022765706752,95.56624753353363,96.4951574293818,15975900
2024-02-26,96.83887481689453,97.47982503316975,95.72418556747985,96.34655361361935,13360800
2024-02-27,96.6344985961914,97.67488026602038,96.46729452580854,97.23829146629733,16360000
2024-02-28,96.90389251708984,97.93498320108213,96.60664159566096,97.04323043679548,14810500
2024-02-29,97.08966064453125,97.60056392967947,96.81099192383056,97.23828963185443,17566100
2024-03-01,98.31582641601562,98.82672972701226,97.88852868637323,98.20436175690404,18460100
2024-03-04,96.94104766845703,98.32512157697379,96.63450566914837,98.14863349705556,18138000
2024-03-05,98.13005065917969,98.71526140085173,96.9038897573282,97.09896000455221,19952700
2024-03-06,99.17971801757812,99.92284885565232,98.60379835074048,99.0403871865825,20472800
2024-03-07,99.73706817626953,100.30370383712348,99.02180351524763,99.02180351524763,15195400
2024-03-08,100.67526245117188,100.69384461975636,99.17971679605719,99.60702162925065,16281500
2024-03-11,101.26976013183594,101.36265679691202,99.70919112463278,100.55450258508556,17577300
2024-03-12,100.61952209472656,101.51127476609985,100.35013736790229,101.30691345009384,14957200
2024-03-13,101.7435073852539,102.50521327346782,101.35336690063666,101.3812330656778,17122200
2024-03-14,103.54560089111328,103.61991539347474,101.89214219218657,102.02218902780861,22121000
2024-03-15,103.35981750488281,104.31660080355327,102.96967698718488,102.96967698718488,38264400
2024-03-18,104.31658935546875,104.83677665531206,103.20189317249253,103.84284330052836,16770500
2024-03-19,105.0504150390625,105.42198040886134,104.09363899556898,104.2422679782965,14878800
2024-03-20,104.95752716064453,105.33838361975954,104.1586640831536,104.70672460702299,16119700
2024-03-21,105.4219970703125,105.81214466812325,104.56740154562434,104.89251863794907,14878000
2024-03-22,105.4219970703125,105.60778332808454,104.79962905257358,105.41271307268971,14701900
2024-03-25,106.4995346069336,107.54920037225818,105.73782867833057,105.73782867833057,14011700
2024-03-26,105.7006607055664,106.80606577882283,105.34767748709892,106.50881488773962,13152300
2024-03-27,106.79678344726562,106.88038194519294,105.34768612035876,105.41270953664251,12415700
2024-03-28,107.97650146484375,108.17157172352314,106.88038733010629,107.31697618444545,18482100
2024-04-01,108.67317199707031,108.9053994822858,107.177626425321,108.13440961750592,13817000
2024-04-02,110.80038452148438,111.09763544029839,108.98901284230847,109.53706634476956,19919600
2024-04-03,110.81896209716797,111.23696874826132,110.28948369850676,110.98616617500943,16504300
2024-04-04,111.2091064453125,111.35772836021052,110.20588194342264,110.58673844557414,18467400
2024-04-05,112.74180603027344,113.46635467564961,111.13478865789703,111.45062173412448,21720600
2024-04-08,111.98009490966797,113.08549290732601,111.66426184817972,112.47241603870346,17513900
2024-04-09,112.56531524658203,113.00190408501649,111.7850271532687,112.39811116137352,14132300
2024-04-10,113.5127944946289,113.76360415304086,112.14730280391055,112.60246670081666,17409200
2024-04-11,113.13194274902344,113.96796311468866,111.78501908016825,113.96796311468866,17555900
2024-04-12,111.8128890991211,114.95260206271898,111.16264790594812,114.20947129538423,21556200
2024-04-15,111.17195129394531,113.03906241543548,110.95829887140802,112.4817107347368,15029500
2024-04-16,110.25233459472656,111.67356581786886,109.53706989727539,111.06048179148213,18082200
2024-04-17,110.19659423828125,110.86541059338407,108.79394519651842,110.12228682206401,14538600
2024-04-18,110.09439849853516,111.20909463346905,109.58350230449975,110.54027836991274,13821400
2024-04-19,111.35772705078125,112.33308537509753,110.49384047659336,110.68891781107325,21572400
2024-04-22,111.98938751220703,112.92758859808129,110.01081176035343,110.78180876247804,16340700
2024-04-23,112.42597198486328,112.45383814990358,110.95829253856247,111.46919585436991,13929800
2024-04-24,112.4445571899414,112.63962743751277,110.90256320387137,111.74787469703476,12101200
2024-04-25,112.70465087890625,113.10408245841073,110.91185431327277,112.42597504687214,16041000
2024-04-26,109.57421875,110.63317554438547,107.95791739336231,110.54028596518019,27289500
2024-04-29,111.13478088378906,111.51563734803625,109.38843280717073,109.38843280717073,17309900
2024-04-30,109.86217498779297,111.65497144735173,109.59279734299133,110.64246301910859,21083300
2024-05-01,107.78141021728516,110.04795254974366,107.43771810383583,109.87145740801358,27777700
2024-05-02,107.97650146484375,108.92399367788218,107.66067545184507,107.99508363444437,25513600
2024-05-03,107.75354766845703,107.81857107753478,106.0164836159228,107.75354766845703,28023300
2024-05-06,108.45023345947266,109.9271968345814,108.12511640397894,108.37591896478258,31401300
2024-05-07,107.9114761352539,109.22124267508855,107.68853971314074,108.94256683218129,30122000
2024-05-08,107.89289093017578,108.63601462983797,107.20549955905763,107.4841682887983,18957200
2024-05-09,110.02009582519531,110.10369431822592,107.93004845518489,107.93933245195244,17564000
2024-05-10,109.57421875,110.22445997847814,109.22123551421173,110.11298823121945,13648100
2024-05-13,109.52777862548828,110.57744434659575,108.79393889431697,110.00151761039251,15060600
2024-05-14,110.19266510009766,110.2582166684575,109.07828843798033,109.36858722006176,15079100
2024-05-15,111.04483032226562,111.28830346656066,108.70369293384505,110.13646787242496,18244300
2024-05-16,110.37995147705078,111.7190823892374,110.0709196177959,111.00737460129467,15745200
2024-05-17,112.0374755859375,112.2154043221371,110.46423090075085,110.7826293158141,15104500
2024-05-20,111.12910461425781,112.27158076978976,111.01673459540818,112.12175169646221,11551300
2024-05-21,110.36122131347656,111.85954789803293,110.29566974867049,110.8762744259419,14495000
2024-05-22,108.14183044433594,109.99600741024943,107.65486982580367,109.99600741024943,17879300
2024-05-23,106.29701232910156,110.04283244463738,106.156542645852,108.2541999100683,15979800
2024-05-24,106.21272277832031,107.76724148420136,105.85687245575474,107.5424871435009,12212900
2024-05-28,107.56121063232422,107.7953243578613,105.88495550012864,106.30635734826183,13978300
2024-05-29,106.40937805175781,107.27092207333358,105.64148524494661,107.25218897254683,13902000
2024-05-30,106.74650573730469,106.87760886854771,105.78195820976607,106.07225697972065,14683700
2024-05-31,109.8087158203125,110.0240964703647,106.74650395484873,106.86824767795925,29037400
2024-06-03,107.1772689819336,108.9659014127667,106.53111990779634,108.9097164005594,19589300
2024-06-04,105.5103759765625,105.90368533517668,103.8715798377526,105.81940782029542,19412200
2024-06-05,105.93179321289062,105.99734477775132,104.39600756936743,105.71640541715708,14863500
2024-06-06,106.727783203125,106.79333477084865,104.98597623837065,105.58530689886838,13154100
2024-06-07,105.58529663085938,107.59867622169506,105.51037851943657,106.55921064560279,13289200
2024-06-10,105.89432525634766,106.96188330555805,105.53846781022143,105.87559215677041,15239700
2024-06-11,105.04215240478516,105.51037989038507,104.23680055798654,105.34181770978573,12462400
2024-06-12,103.88094329833984,106.10034400380536,103.51572645554708,106.10034400380536,13606800
2024-06-13,103.04750061035156,103.81539336162255,102.74783532069907,103.79666026219073,14466900
2024-06-14,102.17660522460938,103.2067042916905,101.68964462553382,103.02877555611467,13313400
2024-06-17,101.4742660522461,102.50436514039029,101.30570386367087,102.23279232854219,21147900
2024-06-18,102.42945098876953,103.68430447330371,101.88631248863702,102.10169314957274,17762900
2024-06-20,104.63948059082031,105.46356557037393,102.6261008947537,102.92577335610754,17433200
2024-06-21,103.72174835205078,105.53846602824107,103.72174835205078,104.78930638323584,52212500
2024-06-24,106.80270385742188,107.25219829117404,104.54584370369825,104.54584370369825,16266700
2024-06-25,107.10236358642578,107.27092577640248,106.25018608582562,106.85888327988505,14188900
2024-06-26,107.13980865478516,107.5237514490186,105.95050692952626,107.12107555579783,15771800
2024-06-27,107.59868621826172,107.682963743004,106.8588858745444,107.682963743004,16812700
2024-06-28,107.80470275878906,109.13446715132612,107.39266027027938,108.49767746207695,24565900
2024-07-01,107.65486907958984,109.32175788502754,107.25219313207295,108.35721035005527,11972900
2024-07-02,106.9244384765625,108.57260137401401,106.27828220227954,108.53514231446,13326700
2024-07-03,107.46757507324219,108.31038598077082,107.0087069907861,107.0087069907861,7732900
2024-07-05,106.16590118408203,107.34582928732328,105.52911152671727,107.32710333177623,12631000
2024-07-08,105.05152130126953,106.33446721251785,104.33981350677827,105.24817599226358,13350500
2024-07-09,103.89031982421875,105.38864639296472,103.59065451046955,104.04951545927011,11727000
2024-07-10,104.80803680419922,104.84549585973336,103.40335437229831,103.87158184959861,10004100
2024-07-11,106.05352783203125,106.11907939568047,103.88095253661983,104.34918003256698,13082700
2024-07-12,106.07225799560547,106.8963429936939,105.47292734858743,106.74650675964696,11684900
2024-07-15,107.88898468017578,108.77862125805298,106.36256553166247,107.00871465321529,13032500
2024-07-16,108.66624450683594,108.956543285127,106.48430253271377,107.08363319120272,13614100
2024-07-17,110.16455841064453,110.67024493486299,109.14382595692176,109.32174753694709,13602800
2024-07-18,111.2508544921875,112.29967949735102,109.97727514770222,110.45486204344581,13033600
2024-07-19,108.69432830810547,111.32576449300953,108.50704017154985,111.05419169379476,16157700
2024-07-22,107.94515228271484,108.57258249038672,107.29900326539925,107.86087477181518,12065900
2024-07-23,106.20336151123047,107.85151711330745,105.97860717446908,107.51439275274979,11251700
2024-07-24,107.7016830444336,107.87960462206416,105.88495820164758,106.54047379204249,14925200
2024-07-25,109.96791076660156,110.5297823368202,107.2802823486859,107.85152046937385,17021700
2024-07-26,109.87427520751953,110.52979089945937,109.0689232748019,109.34985550938246,11252500
2024-07-29,108.72242736816406,109.93045521214849,108.04817860458347,109.86490364594397,8861800
2024-07-30,110.66088104248047,111.06355696155137,108.84416327619827,108.9658998490953,12483900
2024-07-31,111.05418395996094,112.14984163072131,111.02609145589241,112.03746446986324,15137700
2024-08-01,109.51841735839844,111.89701408876473,108.96591229761054,110.82945588267867,15051500
2024-08-02,109.45285034179688,111.31640080843817,108.08562699265984,108.60068006526606,20403800
2024-08-05,107.4769287109375,108.65686391815397,106.05352036706715,108.19800300490805,18025900
2024-08-06,106.90570831298828,108.28229118836671,106.40938115186377,107.17727398104658,13647800
2024-08-07,108.32910919189453,109.67760660977285,107.93579982654146,108.11372140920064,13660700
2024-08-08,110.39867401123047,110.60469524434798,108.37593502475309,108.7036928299017,13851000
2024-08-09,111.29767608642578,111.72844453203783,109.90236012731455,110.39868013759397,12151900
2024-08-12,111.43814849853516,112.53379916823215,110.52041942610634,111.95320162253881,13228900
2024-08-13,110.37059020996094,110.97928740728922,110.03346582819712,110.7638996071571,11585100
2024-08-14,111.39131164550781,112.28094812038924,110.15519141725662,110.59532637978117,12194500
2024-08-15,112.08043670654297,112.93002574132085,111.5045996572175,111.62731631283768,11579400
2024-08-16,111.55179595947266,111.84443906696772,111.0703640897211,111.38187671070611,10056000
2024-08-19,111.89164733886719,113.75131733054994,111.55180880220915,111.76893066811492,12417500
2024-08-20,108.1628646850586,112.00492105811223,108.09678537454828,112.00492105811223,15632000
2024-08-21,107.47373962402344,109.09741082142683,107.38878360193117,108.56877636724127,11752400
2024-08-22,108.30445861816406,108.56877584398295,107.2755011866786,107.40765979958803,10609500
2024-08-23,109.80540466308594,110.18300378215591,108.58765128518996,108.58765128518996,10381400
2024-08-26,112.15595245361328,112.2786763131796,110.37180393043678,111.16476283079547,13671000
2024-08-27,111.08924102783203,112.72235421103196,110.8249237963556,112.2975524872125,9991600
2024-08-28,109.99420928955078,110.99484811425616,109.74877596460271,110.44732970856327,10742900
2024-08-29,111.51404571533203,112.13708541955603,109.83373698882012,110.63613071526507,10753900
2024-08-30,111.33468627929688,111.41020034714184,109.77709429658215,110.24909143061056,13284700
2024-09-03,109.00301361083984,109.58828541722247,107.65310158970242,109.35228686249287,15725100
2024-09-04,107.6719741821289,109.64492576921333,107.59646012110635,108.8330901958624,12620600
2024-09-05,106.83182525634766,108.82365365736392,106.73742727378996,108.62541573336145,17200800
2024-09-06,106.33149719238281,107.78524900268965,105.47246628753544,107.22828872631521,13467700
2024-09-09,108.56877899169922,109.64493184350778,106.35039397971155,106.54863190482318,21645300
2024-09-10,104.61344909667969,108.93694476294178,103.99985135504863,108.6537435892336,20913400
2024-09-11,103.57504272460938,104.73615153443052,101.7342497498113,104.57567425211444,19571900
2024-09-12,105.00048065185547,105.09487863378732,103.6128079909338,103.74496660605926,15919500
2024-09-13,104.92496490478516,106.17103705730341,104.71728501234799,105.22704278411973,10035400
2024-09-16,106.3975830078125,106.75629820293,105.43471211454764,105.77455059501854,11729000
2024-09-17,107.78526306152344,107.96462427254609,105.84063722367381,106.02943319162064,12202600
2024-09-18,108.1628646850586,109.1540543427134,107.43598506734037,107.719186227873,12569900
2024-09-19,109.50332641601562,110.9948389698422,108.73869342416332,109.65436894394425,12660600
2024-09-20,108.814208984375,109.04077277938768,107.85133806293591,108.99357018823397,36206200
2024-09-23,110.78717041015625,111.19308824279237,108.67262521791694,108.87086315449204,16066300
2024-09-24,110.49452209472656,111.5423562149138,110.28684222195373,111.24027116207763,11984900
2024-09-25,108.34221649169922,110.49452942328482,107.65310472499752,109.96588774786339,13816000
2024-09-26,106.48253631591797,107.12445258570291,104.91550266828577,104.91550266828577,16887900
2024-09-27,109.33341979980469,109.58829509248902,106.90735473107767,107.38879384182026,15964000
2024-09-30,110.65499877929688,110.81547606117054,108.52156991885064,108.99356700819956,13247600
2024-10-01,113.21322631835938,113.8457007129285,109.43724946418527,109.5410894038434,23235900
2024-10-02,114.71417236328125,115.94136770784799,113.46810030358304,115.1012134434661,17129700
2024-10-03,115.71481323242188,116.27176636529033,114.15722132878138,115.07289687464718,16524300
2024-10-04,117.83879852294922,118.17863701344905,115.5732109869851,116.30008335704603,19752300
2024-10-07,118.34854888916016,119.26421716265621,117.86710985724713,118.2352669986795,15714400
2024-10-08,115.2050552368164,117.07415975540525,114.46874089906296,116.9420011410446,14818500
2024-10-09,115.25224304199219,115.71480536391871,114.03449691867793,114.1288948938514,11144900
2024-10-10,116.24346160888672,116.77209613078143,115.4410678661236,116.26234552872879,10243300
2024-10-11,116.68712615966797,117.08360200373043,116.05465176050579,116.20568709067534,8294800
2024-10-14,117.13080596923828,117.30072521898697,115.75257525554537,116.33784706970961,9808100
2024-10-15,113.60970306396484,115.12009237723751,113.0716266460457,114.05338150019901,15771300
2024-10-16,113.90235137939453,114.63866575315971,113.84570682610935,114.11946602698956,8426800
2024-10-17,113.60970306396484,114.77081912479267,113.00554733865577,113.9967441516089,11204900
2024-10-18,113.28874969482422,113.88346346768023,112.47691407988174,113.69466750229546,12898600
2024-10-21,113.35482025146484,114.67641351343912,113.01498177832563,114.20441643431288,10177800
2024-10-22,113.94010162353516,114.40266398558016,113.2226711883103,113.52474905632721,9201400
2024-10-23,113.53418731689453,113.98730773395557,112.71291691399689,113.25099335807299,8320300
2024-10-24,112.89227294921875,113.69467385217943,112.45803644289799,113.27931406260966,9905600
2024-10-25,112.79786682128906,113.68522368875101,112.63738953311956,113.46810185020662,10714600
2024-10-28,112.24091339111328,112.34475333073475,110.23020110762883,110.24908502507142,11844500
2024-10-29,110.7116470336914,112.49579563105299,110.5134091008851,111.93884246775497,14731000
2024-10-30,110.1546859741211,111.64619134290537,109.95644805552517,111.07036150437673,12303700
2024-10-31,110.23963928222656,112.0237877077822,110.14524130456674,110.58891972188236,20512000
2024-11-01,108.51213836669922,113.23210971282977,108.40829842091597,113.21323299637132,20939300
2024-11-04,111.9671630859375,112.05211911485483,109.43725810578535,109.56941672994887,14965400
2024-11-05,112.29754638671875,112.53354493087429,111.4007547997693,112.41082828067086,10436700
2024-11-06,114.22331237792969,115.08235066356754,112.61852491957767,114.36491296592665,20807700
2024-11-07,114.36489868164062,114.6952952109633,112.91114675051665,114.50649925195154,12184400
2024-11-08,114.32715606689453,114.61979201011222,112.95836714308344,114.20443939440767,12836000
2024-11-11,113.72297668457031,114.8085714001805,113.3453775832141,114.22329243297317,11969700
2024-11-12,113.60970306396484,114.51593665192844,113.12826399463582,114.34601740405374,11972800
2024-11-13,114.66697692871094,115.21449529465973,112.14651413656954,113.81738070604973,15127900
2024-11-14,114.74311065673828,115.99942182227613,114.52421196936261,115.79004267909038,13041800
2024-11-15,113.55343627929688,115.3903164331597,113.38212076842366,114.59084888994177,19051700
2024-11-18,114.50518798828125,114.80023580681896,113.51536583919139,114.01028054437913,14239700
2024-11-19,112.90624237060547,113.972206329883,112.49698906368766,113.972206329883,11584400
2024-11-20,114.51470184326172,114.6574659727134,112.91575956823054,113.42018653251256,11360900
2024-11-21,116.04702758789062,116.63711596365616,114.46711706307593,115.2380404958779,14675400
2024-11-22,115.91377258300781,117.26525746342568,115.77100845929381,115.9423239554936,13323400
2024-11-25,114.18159484863281,115.99943590015317,113.83896382905982,115.57115075632971,26580300
2024-11-26,112.27809143066406,113.90558512877449,112.1638786713757,113.7628209949854,14827300
2024-11-27,111.98304748535156,113.00142095896551,111.76414151867107,112.39229352250659,11079100
2024-11-29,112.26856994628906,112.78251646228155,111.30729920741689,111.77366252049187,9426500
2024-12-02,112.16387939453125,112.49699086799647,111.18357680349695,112.35423399457247,12687300
2024-12-03,111.99256134033203,112.99190299930518,111.60234712636404,112.99190299930518,11756600
2024-12-04,108.76612091064453,111.8783512560761,108.36638716796242,111.83076079377749,19520600
2024-12-05,109.24198913574219,110.04146382858124,108.55672718796144,109.17536684977931,15751200
2024-12-06,108.09038543701172,109.23248399303247,108.02376314226527,109.0135852794165,16171100
2024-12-09,107.45270538330078,109.39427858432131,107.30994125974479,109.10875033720933,17412600
2024-12-10,107.23379516601562,108.38541313072747,106.35818589287211,108.10940443915915,20990900
2024-12-11,106.51998138427734,106.96730556314583,105.74906531677998,106.59612321499637,32392200
2024-12-12,106.42481231689453,106.95779063234714,105.43499025870757,106.20590635945652,14543300
2024-12-13,105.49208068847656,106.50094171803289,104.93055106614666,106.50094171803289,13106100
2024-12-16,103.23644256591797,105.07332247202287,102.94140204970905,104.8829678960134,20256100
2024-12-17,102.79864501953125,102.95092142955151,101.63750744032565,102.06579255862307,17554000
2024-12-18,101.28534698486328,103.57907054576792,101.18065378640712,102.37986216608752,17114500
2024-12-19,100.41926574707031,102.47504445269246,100.13373749790486,102.20855529282338,20565600
2024-12-20,100.76189422607422,101.01886383487997,99.78158446776459,100.36215323496496,40141200
2024-12-23,101.17115020751953,101.45667119591222,99.85772897254408,100.22891134035409,12285100
2024-12-24,101.26632690429688,102.01821120710892,100.60009672218335,101.38053239856158,7807000
2024-12-26,101.35198211669922,101.86592863028206,100.82852331934868,101.38053349057293,9652400
2024-12-27,101.34246063232422,102.7795995695863,100.66671095933093,101.17114514334988,11943900
2024-12-30,100.65719604492188,101.41859255056997,100.41925827541601,101.17114249840868,11080800
2024-12-31,102.3798599243164,102.69393951280759,100.67622467735167,101.04740700510153,12387800
2025-01-02,102.1324234008789,103.74088532261156,101.72317007658599,103.05562326693172,12685400
2025-01-03,102.65587615966797,103.25547674989454,102.27517426024333,102.78912073527387,14237900
2025-01-06,102.54166412353516,104.48323728892737,102.33227771433333,103.01753968579938,15623700
2025-01-07,103.50294494628906,104.74973671812265,103.05562071207183,103.68378000130085,12625900
2025-01-08,101.770751953125,102.51311669702298,100.89514262756765,102.13241478030258,17858100
2025-01-10,101.39956665039062,104.7877983625723,100.6762337556571,103.45534532320578,19304500
2025-01-13,104.01688385009766,104.34047575504385,101.96109788472765,101.96109788472765,17073400
2025-01-14,104.42613220214844,104.46420311762958,102.62732319805076,103.54100338574445,11191200
2025-01-15,106.12976837158203,106.33915477771055,104.18819523468773,104.74021262152021,14521100
2025-01-16,105.94894409179688,106.30109465251283,105.21609885724101,105.82521904892745,10366600
2025-01-17,106.90068817138672,107.42415420494282,105.4730614558173,105.67292832464283,19298500
2025-01-21,106.0916976928711,106.76744011152371,105.76809853868993,106.64371508093708,20416300
2025-01-22,104.24530029296875,106.18687347298486,104.1215752599107,105.8347229401944,15718000
2025-01-23,104.83538818359375,105.77761976699344,104.32144170320714,104.98766458817968,13726800
2025-01-24,103.41728210449219,105.36836757994196,103.17934432007502,104.9210433834321,14235900
2025-01-27,104.85442352294922,105.12091268586343,103.16030762046445,103.75039595354959,15926700
2025-01-28,102.82718658447266,105.5206438581706,102.58924881671739,105.08283923685504,15862000
2025-01-29,103.42679595947266,103.53148916710997,102.28469748142831,102.51311572478016,12345500
2025-01-30,104.28337097167969,104.5498601261413,103.45534487492978,103.96929135622784,14346300
2025-01-31,101.67559051513672,105.21610642217726,100.98080888898235,105.21610642217726,20376500
2025-02-03,101.92301940917969,102.12289352539506,100.23842319688521,101.49473432879695,14623200
2025-02-04,104.6545639038086,104.959124005573,101.3900569092938,101.56137242036662,14835700
2025-02-05,104.57841491699219,104.70214721509777,103.83605017349909,104.44517033540548,13364400
2025-02-06,103.19837188720703,105.69196237901089,102.77959908031113,105.42546597198692,13411400
2025-02-07,103.63617706298828,104.43565176567115,103.0936792245296,103.5314838607169,10051600
2025-02-10,105.61582946777344,105.6729322148872,104.57841690706682,104.70214920752697,12142200
2025-02-11,106.28205871582031,107.08153352943548,105.4730716179767,106.21543641979285,12713100
2025-02-12,103.08436584472656,105.84993157546117,102.92112268040815,105.67708371729026,18244100
2025-02-13,103.8333740234375,104.10225417604192,102.28734794557859,102.89231913114472,15460000
2025-02-14,103.93900299072266,105.84993417131878,103.80456657843001,104.20787581530794,15733500
2025-02-18,105.76350402832031,106.57972717649496,104.01582338439637,104.31350295783734,20060300
2025-02-19,105.91715240478516,107.6744304591308,105.68668370402261,106.3588730918942,10964700
2025-02-20,107.54960632324219,107.95291558865782,105.58106149129577,106.17642802088709,16325800
2025-02-21,106.29166412353516,107.40556696909005,106.1668250682136,106.89662803158548,14710000
2025-02-24,106.84859466552734,107.415154355052,105.9363466029896,106.52210835303492,13153500
2025-02-25,105.36980438232422,107.67443283083279,104.56317856435808,106.8774190334039,14497000
2025-02-26,105.11052703857422,105.50423890932623,104.20787627244815,105.37939986433899,10446400
2025-02-27,105.77310943603516,106.8678101035605,104.93767689450902,105.63867302607484,15293200
2025-02-28,106.90621948242188,107.14628554216347,104.9952883719898,105.73469593868535,18821700
2025-03-03,103.47807312011719,107.70323710116396,102.27774285994677,107.26150911833489,18706900
2025-03-04,103.26683044433594,104.63040408107905,101.73040892925668,102.1337182032958,19394900
2025-03-05,101.2502670288086,102.10490164347922,99.55059516728343,101.63436687603159,24822200
2025-03-06,103.3436508178711,103.81417829271368,100.21318702086273,101.24066957071479,17150200
2025-03-07,104.6880111694336,106.01318059737575,103.9966270247834,104.10225668429284,19625000
2025-03-10,107.35755157470703,108.09695186150383,104.74563150883981,104.93768143817438,22749100
2025-03-11,104.82244873046875,107.64562063511494,104.46714832159573,107.47277277758683,19904700
2025-03-12,104.79364013671875,105.75390443410868,104.11185336472012,104.71682456086629,14051500
2025-03-13,104.3519287109375,106.4164985990139,103.35325287376948,104.02544233740886,17767800
2025-03-14,107.45358276367188,107.72245561080894,104.0062299204159,104.6112011527099,15890100
2025-03-17,109.23966979980469,109.95026333683661,107.29033442550644,107.35755263406034,19908800
2025-03-18,109.12442779541016,109.98866707782851,108.09694535026688,109.55654377350196,15998700
2025-03-19,110.82410430908203,111.2178088550842,109.30688498513157,109.66217808070316,17315000
2025-03-20,111.29463195800781,111.8419823067261,109.67178297398563,110.16151981007094,16230800
2025-03-21,110.91053009033203,111.38105756058145,109.80622464583055,110.91053009033203,41102800
2025-03-24,111.1986083984375,112.26450235301142,110.9873490811367,111.08337404548202,14207500
2025-03-25,111.95721435546875,112.96549482919703,111.35225046697303,111.80357587280882,12081800
2025-03-26,113.5704574584961,114.44430150287003,113.00390502850578,113.00390502850578,14110800
2025-03-27,113.20555114746094,114.3386632485144,112.60058731114056,113.40720575956772,12740800
2025-03-28,113.05191802978516,113.75290685844962,112.5813832530267,113.4072111281204,10233400
2025-03-31,114.20423126220703,115.14529348137624,113.10953056767993,113.10953056767993,21652300
2025-04-01,114.30986022949219,114.54032160425595,113.24396629763665,114.48270809212376,12425400
2025-04-02,113.95455932617188,114.1178024940098,112.98469768696893,113.68568650238353,12614600
2025-04-03,107.96251678466797,110.86251178050262,107.7704668529516,109.82543189250487,21204600
2025-04-04,100.1939697265625,106.4260900709176,99.70424022711765,105.5042372572018,30841300
2025-04-07,98.84962463378906,101.59598154150896,94.54763668267094,96.4009473605905,35068500
2025-04-08,96.76583099365234,101.40390935479742,95.07577108820765,101.26947293791513,27147800
2025-04-09,101.59596252441406,102.34496748154783,94.23073001805048,95.42146298572283,30063300
2025-04-10,95.95921325683594,99.65622940302265,93.91385290405884,99.589011194046,33999300
2025-04-11,99.04165649414062,99.80026614867558,94.8645083733973,96.3145094764317,22884600
2025-04-14,99.28172302246094,100.91416936302362,98.6383477151056,100.8565558507933,18020000
2025-04-15,99.00324249267578,101.22145788715173,98.90721753313329,99.52178606568698,13164900
2025-04-16,100.04993438720703,101.39429847400628,99.57939963059249,99.81946569269732,13607000
2025-04-17,102.67145538330078,104.23669085343057,100.30920612619451,100.5300701348349,17916500
2025-04-21,101.1638412475586,101.43271407592657,99.98272027633709,101.41351201371533,16926500
2025-04-22,103.99662780761719,104.61119638053368,101.92245337934756,101.92245337934756,13147000
2025-04-23,103.10358428955078,104.95689474920692,102.23934492277724,104.48635995015299,14235700
2025-04-24,104.31350708007812,104.55357315233607,102.70986747569147,103.67973645895941,9849600
2025-04-25,104.25590515136719,104.4383577309514,103.1515996310304,103.8429911681538,11245800
2025-04-28,104.31350708007812,104.90887357672247,103.40125893599198,104.42874143220658,13890900
2025-04-29,104.05424499511719,104.50557040939903,103.24761913579239,103.45887846385925,9483100
2025-04-30,101.43270874023438,103.15158260400855,100.01152177183839,103.15158260400855,20379300
2025-05-01,101.5767593383789,102.67146008506563,100.80855227251624,100.92377930296617,18610300
2025-05-02,101.98967742919922,104.66881588936896,100.39564239135231,103.43967867314106,16581900
2025-05-05,99.1664810180664,100.50125500034248,98.97443110796445,100.49165030696706,19624000
2025-05-06,100.54926300048828,101.76880263108652,99.36814214308068,99.76184665347175,16303400
2025-05-07,100.45323944091797,101.10621939577098,99.93469588916108,100.81813720271676,12332200
2025-05-08,101.85523223876953,103.12278079970336,101.15423608840204,101.15423608840204,19196500
2025-05-09,103.04596710205078,103.46848576884335,102.15292094575287,102.88272391760302,10992100
2025-05-12,104.82244873046875,106.05158579456435,104.01582295325927,105.88833530461821,14244600
2025-05-13,105.11052703857422,106.11880746142715,104.68800841166669,104.97609062569182,13350800
2025-05-14,104.16947937011719,104.5343771837758,103.64133104986804,104.5343771837758,15494900
2025-05-15,105.22579956054688,105.29363685777157,102.69642585962279,103.20035901133336,15004300
2025-05-16,104.84785461425781,105.52622763028089,104.13070897593472,105.2936436524603,14042500
2025-05-19,103.18098449707031,104.24700238195618,102.45415311277843,104.24700238195618,16802700
2025-05-20,101.70793914794922,103.42326541826678,101.54319246929157,103.10345782295856,12429300
2025-05-21,100.45779418945312,101.72732400308172,100.4384078782936,101.30091388210847,16716100
2025-05-22,99.78911590576172,100.27367021635106,98.74247682039787,99.87633213268603,13417400
2025-05-23,99.84724426269531,100.27365435455003,98.9169010207757,99.43052732575842,12061600
2025-05-27,100.32210540771484,100.6516061317405,99.72126288920884,100.29303333665305,13043600
2025-05-28,98.9556655883789,101.2039969231541,98.64555117646891,101.06832233005039,14292400
2025-05-29,99.51776123046875,99.67281475664451,98.60679681040943,99.12042316854105,13825300
2025-05-30,99.13980102539062,99.22701724010547,98.06409001497512,99.00412642891578,28645800
2025-06-02,99.86663818359375,100.64192058075736,99.0622763194604,100.54501120532584,17290500
2025-06-03,100.59346771240234,101.42690163423865,99.05258131506825,99.72126856237468,19194300
2025-06-04,99.13980102539062,101.67886052545778,99.13980102539062,100.7097520399455,15648500
2025-06-05,98.68431854248047,99.8666320740645,98.58740917297756,99.79879477604136,13924800
2025-06-06,101.04893493652344,101.27183313349495,99.50805604835381,99.58558649892743,15487800
2025-06-09,101.7273178100586,102.5801306063756,100.62253473998689,101.10708897751697,17087300
2025-06-10,103.9078140258789,104.32453097451338,102.65766317997547,102.80303093298025,17634800
2025-06-11,105.9332504272461,106.01078088368226,103.17129261168118,104.43113665077948,22648200
2025-06-12,106.34027862548828,106.78606764684805,104.87692272482809,105.55529571522099,17469400
2025-06-13,108.65645599365234,109.05378666431727,107.2609372809115,108.87934682522467,28540200
2025-06-16,109.00533294677734,109.6643270564626,107.69703048943366,108.36571775485719,22986100
2025-06-17,110.4783706665039,111.37964188084752,109.61586467999037,110.4299122832885,19451700
2025-06-18,109.69339752197266,111.68006558393269,109.45112038804743,111.0695298681772,17968900
2025-06-20,111.15674591064453,111.48624665698877,109.68370419195463,109.94536024294479,36273300
2025-06-23,108.28817749023438,113.33723169078277,107.72610020140846,113.09495457524564,26631100
2025-06-24,104.99320983886719,107.51289781778655,104.57650028779175,105.87510211023117,24828300
2025-06-25,105.02229309082031,105.86541277218186,104.37298476247835,104.77032280510122,17483200
2025-06-26,106.59223937988281,107.02834263102486,105.19672819987667,105.57467991463989,18304800
2025-06-27,106.00109100341797,106.6988503454803,105.02229668708586,106.5437968215284,22002100
2025-06-30,104.46990203857422,105.47776839893884,104.39237158201962,105.28394965126363,19199000
2025-07-01,105.86540222167969,106.2530470702201,103.83996916346457,104.78969127899254,15536900
2025-07-02,107.61949920654297,107.9199204680855,105.46807720704395,106.60193234936017,11892200
2025-07-03,108.73397064208984,108.99563407732639,107.20278483272446,107.43536880227055,11223600
2025-07-07,107.67764282226562,108.58860715114504,106.81513687442865,108.09435976061357,15415900
2025-07-08,110.6624984741211,110.9241545075964,107.42567234196552,107.4644375679824,17913400
2025-07-09,110.28455352783203,110.74002832562124,109.77091979688356,110.40084181930531,10652100
2025-07-10,111.37964630126953,111.70913966033532,109.57710380104322,110.1973326835177,14901700
2025-07-11,111.86419677734375,112.1840043634859,110.97261871329103,111.30211206116263,11683900
2025-07-14,110.40083312988281,111.67037023033019,109.7224601706443,111.67037023033019,13220300
2025-07-15,109.42205047607422,110.53651939917212,109.1216217963497,110.14888189220494,10959300
2025-07-16,108.76304626464844,109.99381076178989,108.6370574322415,109.39296085183982,11158900
2025-07-17,108.21066284179688,108.76305441240078,107.65826387748159,108.04590877120798,13151400
2025-07-18,104.44082641601562,108.27850282588928,104.02410943883655,107.67765285604386,32366600
2025-07-21,104.7121810913086,105.40993303196863,104.12102428822786,104.27607781047072,17010400
2025-07-22,105.1870346069336,106.0592337118755,104.28576343077877,104.64433622773014,13970900
2025-07-23,106.53409576416016,106.60193306217856,105.48745682869541,105.56498728177672,12002700
2025-07-24,107.3675308227539,107.52258433689845,105.75880717545196,106.27244088744028,15647200
2025-07-25,106.98958587646484,107.55167061246537,106.3112054522089,107.30939347388357,10548900
2025-07-28,107.99745178222656,108.64675269177111,107.41598077707704,107.57104168343983,12353000
2025-07-29,109.3929672241211,109.50926290841475,107.96838390850783,108.44324501371226,15928000
2025-07-30,108.44324493408203,109.13131109646395,107.82301607239378,108.93749234982809,12996900
2025-07-31,108.19126892089844,109.02470279599133,106.95081126319111,106.95081126319111,17233700
2025-08-01,106.25305938720703,109.06347562277384,105.49715591146874,108.54015612563701,19652000
2025-08-04,104.05318450927734,106.52440680036018,103.7818279128161,105.84603379348519,19129500
2025-08-05,103.92719268798828,104.48927738825077,102.79333752600816,103.90781377136695,21314300
2025-08-06,103.2197494506836,105.68128595286021,103.08407485080633,104.96414033212473,15321800
2025-08-07,102.67704772949219,104.7218673577944,102.61890358258492,103.8302892678961,13468300
2025-08-08,103.50079345703125,104.18885962273232,102.67704529557706,103.21005794196374,14417700
2025-08-11,102.56075286865234,104.20823433770178,102.27001736530904,103.80121054798994,13570700
2025-08-12,102.85148620605469,103.96596250056969,102.51229969738787,103.05499811125478,14109400
2025-08-13,104.27607727050781,104.27607727050781,102.47353479728595,102.7255050875512,17958700
2025-08-14,104.0628662109375,104.26637810505987,103.15190926491991,104.22762027221738,13683500
2025-08-15,104.16068267822266,105.20727767225166,103.63249350424832,103.86724922324527,19271900
2025-08-18,104.38565063476562,104.88449718842561,103.35861492943839,103.77920958007088,13040000
2025-08-19,105.07034301757812,105.10946897165667,103.8281256912634,103.87702753697705,16113600
2025-08-20,106.15605926513672,106.93856338685328,105.32465329988311,105.52027559905606,18959700
2025-08-21,106.84075164794922,107.17331104721137,105.59852692126454,106.04846417689045,12194900
2025-08-22,108.84590911865234,108.9730703319415,107.20265639990329,107.20265639990329,13586700
2025-08-25,109.29584503173828,109.47190808736983,108.12209630253625,108.47422241379935,9744900
2025-08-26,109.05130767822266,109.36430782035067,107.94602755875756,108.93393728899466,18143900
2025-08-27,110.28375244140625,110.50872479862804,108.98284252847807,108.98284252847807,15262600
2025-08-28,110.8706283569336,111.16406926831552,109.61862773172712,110.40113185373734,14189800
2025-08-29,111.79006958007812,112.27913279070275,111.09560071649264,111.23253781846655,14597900
2025-09-02,112.18132019042969,112.71928523765276,110.8510676777316,111.68247363253984,15206700
2025-09-03,109.4621353149414,111.92701070150105,109.02197393206504,111.47707342707002,14920100
2025-09-04,109.94142150878906,110.65544968398005,108.94372828692933,109.65776392463337,12864400
2025-09-05,106.84075164794922,109.33496952995232,106.63533853368457,109.15890647666285,16826700
2025-09-08,107.44718933105469,107.64281909909218,105.97999965208031,107.32981893274481,15440500
2025-09-09,108.22969055175781,110.04900630149459,108.1123126941091,108.1123126941091,14899500
2025-09-10,110.03922271728516,110.09790791473041,108.41552927118416,108.72853689092521,15837600
2025-09-11,109.68709564208984,110.30331259737805,108.44487837785454,108.96328418409082,11534500
2025-09-12,109.7066650390625,110.74347667695436,109.43278336748516,110.39135056172458,11105700
2025-09-15,109.89250183105469,110.00009633429147,108.88503281212152,109.72622213060235,12880500
2025-09-16,112.17153930664062,112.79753962492748,110.31309759687737,110.48916065280257,17208000
2025-09-17,112.76819610595703,112.96381840538344,111.55532143198607,112.02481793561441,13302000
2025-09-18,111.43795013427734,112.8268879444926,110.91954429402186,112.65082487964047,14628700
2025-09-19,110.35222625732422,111.48685652613011,110.17616319707892,111.40860461879606,38746500
2025-09-22,109.56971740722656,110.33266227722565,109.1197801531321,109.99031206295804,15611500
2025-09-23,111.4574966430664,112.24000072243238,110.01965715068778,110.25440538949279,25369100
2025-09-24,112.05416107177734,113.22791726150317,111.96613327536691,112.0639444255493,14756100
2025-09-25,113.0616226196289,113.36484686640543,111.90744067629603,112.13240556058528,15012600
2025-09-26,114.65599060058594,115.771054224055,113.38442315364114,113.42354910951006,18568900
2025-09-29,111.72160339355469,113.95173048719916,111.18363086547707,113.52135246473706,19189300
2025-09-30,110.28375244140625,111.00756389342513,109.49147243936548,110.87062679338135,18076200
2025-10-01,109.54036712646484,110.54783606633605,108.85568167097328,110.09789884379705,16614000
2025-10-02,108.8556900024414,110.61631307810582,108.60137504414647,109.52081626547348,13062600
2025-10-03,110.78260040283203,111.26188025905991,109.45234787482161,109.45234787482161,12950100
2025-10-06,111.70203399658203,112.25956575657106,110.70434833331672,110.811942836342,12036800
2025-10-07,111.76072692871094,112.00525853390788,109.29584416931891,111.57488052075732,11945000
2025-10-08,111.5259780883789,112.4943286776499,110.9293278004365,111.87810421856602,12301000
2025-10-09,110.44026184082031,112.98338913649347,110.2739746716223,111.92701077194054,10976200
2025-10-10,108.30793762207031,110.15659588806842,108.28837091541277,109.80446979335335,13811600
2025-10-13,109.78490447998047,109.8435971381859,108.88502998762696,109.10021898851849,10296500
2025-10-14,109.83381652832031,110.48915943830576,108.28837499468796,108.33728430066219,11167200
2025-10-15,109.16868591308594,111.08581272316219,108.54268562663296,110.33265869376197,12182900
2025-10-16,108.21990203857422,109.73600091191184,107.97537044368183,109.43277665973709,11782200
2025-10-17,109.78490447998047,110.44025483610798,108.74809288933457,109.18824678205839,13460100
2025-10-20,110.2348403930664,110.67500174297943,109.53059566572729,109.55015490988445,9523600
2025-10-21,110.24462890625,110.88041257753997,109.54037668343724,110.42069196195318,9202300
2025-10-22,112.20088195800781,112.66060257438927,110.60653856264305,110.9684405659551,12938800
2025-10-23,113.44310760498047,114.2940728303493,112.8366665266902,114.07888381990718,15001100
2025-10-24,112.86601257324219,113.92239094994473,112.66060691041326,113.80501308725131,9919400
2025-10-27,113.40397644042969,113.4528782825931,112.58234638945557,113.16922073300157,10975400
2025-10-28,112.51387786865234,113.63872471386321,112.4747519174045,112.96381511423425,9535200
2025-10-29,113.90281677246094,114.48969858493084,112.29869006673762,112.40628456818962,12570600
2025-10-30,112.18132019042969,113.97128584665982,112.02481638304766,113.88325805189164,16172900
2025-10-31,111.8585433959961,112.70951610904078,110.15660543241947,111.48685802493144,20213400
2025-11-03,111.27166748046875,112.47475883970789,111.15428961950117,111.99547896682066,12290300
2025-11-04,111.64334869384766,111.84875434601639,110.04900531986425,110.89997052706153,16860700
2025-11-05,111.19341278076172,112.6606024247043,111.18362942696528,111.59444073626622,12400900
2025-11-06,111.99547576904297,112.42585378445636,111.15428644574173,111.15428644574173,14219700
2025-11-07,114.65599060058594,114.93964818375095,112.38673739777889,112.68995422762184,17181100
2025-11-10,115.63410949707031,115.85907440036497,112.93447841994653,114.87117206413615,13048000
2025-11-11,117.15998077392578,118.1674497871952,116.23076366484545,116.23076366484545,16077100
2025-11-12,115.53629302978516,116.67091577303606,115.2135095268513,116.49485272257324,13790900
2025-11-13,116.19163513183594,117.14041892714476,115.6927885818516,116.03513132693413,17291900
2025-11-14,117.70126342773438,117.8887353636572,115.1062932109266,116.87244686746136,17064300
2025-11-17,116.11270141601562,117.90846178816332,115.55029315462276,117.38552169764868,16034900
2025-11-18,117.4447250366211,117.888736331486,114.92869114352331,115.69830168794815,15808500
2025-11-19,115.78709411621094,116.60604172062995,114.3860079315462,115.29375327419233,15919200
2025-11-20,115.46148681640625,117.42498877850575,115.1852171506071,116.408707853123,14401000
2025-11-21,115.52069091796875,115.81669090021714,114.10973583867872,115.43188565384565,15667600
2025-11-24,114.42547607421875,115.63909032972836,113.21185429092529,115.63909032972836,18034900
2025-11-25,112.98491668701172,114.35640356418065,112.66917886337103,113.64599157904323,14434600
2025-11-26,113.241455078125,114.1985375288773,112.78758240073623,112.88625659268574,11650600
2025-11-28,114.37614440917969,117.15858658847456,113.29079601103197,113.41906192601292,7240800
2025-12-01,115.0766830444336,115.84630108764226,114.55374295204415,114.55374295204415,12658100
2025-12-02,113.84333038330078,115.04708324638574,113.16252513788129,114.88921809084783,14607700
2025-12-03,116.2311019897461,116.40870498878743,114.33666749071055,114.40573490546087,16819100
2025-12-04,115.57989501953125,116.76391006156861,115.10629201382993,115.93510103769927,13686900
2025-12-05,114.98788452148438,117.1980493890323,114.85961861238273,115.19508677208725,12516900
2025-12-08,114.43534851074219,115.44176054687456,113.50786529061997,114.28734474807399,14904200
2025-12-09,116.67510986328125,118.86554441991682,115.33322216241953,115.34309108710077,23790800
2025-12-10,117.94792938232422,118.27353614463954,116.79351361897044,117.14871962735373,19845200
2025-12-11,117.94792938232422,118.75700806191198,117.48418778650247,117.52365595718771,14781800
2025-12-12,117.23751831054688,118.32286666589587,116.7343085399838,117.84926366942325,14459500
2025-12-15,116.19164276123047,117.44472524749287,115.29375877259989,117.42499492509607,16358700
2025-12-16,113.15265655517578,115.28388509197318,113.08358913795975,115.21481767475714,17638700
2025-12-17,115.84630584716797,116.05350810769643,113.63613334596256,113.67560151860383,18502200
2025-12-18,114.98788452148438,115.43188826880714,114.09000057442135,115.43188826880714,13705600
2025-12-19,115.1358871459961,116.00416431060746,114.41560621051228,115.19508563764711,45412800
2025-12-22,116.5764389038086,116.88230780760051,115.77722164532553,115.77722164532553,11768600
2025-12-23,117.82952117919922,118.43139758967328,116.74417286659772,116.89217662008511,12567600
2025-12-24,117.63219451904297,118.45114214395569,117.53352785372694,117.74073010922581,6137400
2025-12-26,117.5236587524414,117.95780111252107,116.95138155556984,117.30658757240157,8066100
2025-12-29,118.92474365234375,119.68449277406494,117.80979604551057,118.54980731774646,14782500
2025-12-30,119.37861633300781,120.17783362594038,119.02341032010088,119.48715192182848,11150500
2025-12-31,118.73727416992188,119.645027070368,118.27354008642878,119.56609072636675,10559900
2026-01-02,121.01651000976562,121.04610925583081,118.01699678802312,118.49059978063393,14175100
2026-01-05,123.69041442871094,124.25282267802316,120.75996867205853,123.54241067304274,30112200
2026-01-06,119.43782806396484,124.12456634567523,119.38849096567523,123.68055504442157,23328600
2026-01-07,116.91191101074219,118.52020697869004,116.6948398351087,118.20446913989147,20353000
2026-01-08,121.2730484008789,121.9834528842042,117.07965127821146,117.39538911339507,20232700
2026-01-09,122.95040893554688,123.19707936395015,121.46051744021162,121.58879088076311,16137700
2026-01-12,122.37812805175781,122.84186964764413,120.92770477195467,122.80240147695339,15314900
2026-01-13,124.85469818115234,125.44670567169717,123.14773559683472,123.33520752115764,21619700
2026-01-14,128.4659423828125,129.96570264290852,125.43683014660162,125.65390130486156,27593900
2026-01-15,127.41021728515625,128.4659589129329,126.59126963826562,127.41021728515625,17400000
2026-01-16,128.1600799560547,128.4264882192749,127.15366044933069,127.19313614676857,16592400
2026-01-20,128.72250366210938,130.18278839040843,128.3376983939911,129.75850742241903,16477300
2026-01-21,131.83055114746094,131.94894814141026,130.15319515904696,130.15319515904696,18879900
2026-01-22,131.8601531982422,132.39295473790614,130.09399942683189,131.2780145581945,16600100
2026-01-23,133.1724395751953,134.16898274194648,132.68896008834847,133.29083656970107,17758200
2026-01-26,133.04415893554688,135.1161965608048,132.3830839926767,135.10632010808388,16056100
2026-01-27,135.0076446533203,135.10630377962872,132.91588448655938,133.44868592421057,14517000
2026-01-28,135.74766540527344,136.17193129495084,134.84978147594126,135.8562009907484,15637300
2026-01-29,138.63864135742188,140.4442706895522,137.25729298858514,138.4511844795975,35760600
2026-01-30,139.51678466796875,140.31600948196575,135.99433887052737,136.89222281998863,29657700
2026-02-02,136.55673217773438,138.45117416466744,136.2212640353769,137.96769474381085,27735600
2026-02-03,141.8157501220703,143.07870143659915,136.4679373562069,136.793544109173,37577800
2026-02-04,145.6243438720703,145.87101428924865,142.20055727718952,142.20055727718952,29426200
2026-02-05,144.1344757080078,144.77581284046167,141.884842462186,144.62781659622433,18431700
2026-02-06,147.06491088867188,147.57798958994934,144.1443264224402,144.6672665207462,17216000
2026-02-09,149.19613647460938,149.53160461677265,146.6504960526817,147.27209524420377,21297300
2026-02-10,149.57107543945312,149.75854737153173,147.82465966871308,149.33428146677946,15800300
2026-02-11,153.4882049560547,154.83995408588135,151.52471798158845,151.91938464479432,23091500
2026-02-12,148.91920471191406,154.20334596774293,148.86955392329364,152.8525141182461,30652500
2026-02-13,147.44918823242188,150.63755397112487,146.9823556296224,149.53503667709694,20166000
2026-02-17,145.20443725585938,148.12461916232286,144.1714401084163,147.20088103709168,19766600
2026-02-18,149.66415405273438,149.96213457527915,146.61485893888485,147.1512117547303,19849700
2026-02-19,149.95220947265625,152.34596565632472,149.82308104142925,151.17391296007145,20305000
2026-02-20,146.28707885742188,149.79327938752533,145.47261494560635,149.47544461771784,25908600
2026-02-23,149.74362182617188,150.2501932791706,147.13136269897575,147.15121695350626,16073100
2026-02-24,148.25372314453125,149.7038868797102,147.0320197225123,149.40590636909334,14185500
2026-02-25,148.05508422851562,149.16752870809867,146.33675156146265,148.89935987129022,15225700
2026-02-26,147.53857421875,149.94227252800187,145.78051802335915,146.8134999377823,15632100
2026-02-27,151.47189331054688,152.61413431248826,148.24380378097783,149.98200583536115,30275100
2026-03-02,153.1802978515625,158.53395953870333,151.99831803716847,158.27571783411466,31493100
2026-03-03,150.80641174316406,154.99796304377034,149.2867277341108,154.38213258261683,25198900
2026-03-04,148.80996704101562,150.14092953686614,146.8631740879252,149.70389345621814,16764800
2026-03-05,149.74362182617188,151.30304469422904,148.46232523665645,149.9820092838136,22969300
2026-03-06,150.1905975341797,152.7631329506698,148.94902463171314,152.11750594783567,21136400
2026-03-09,149.42578125,152.8525193577848,148.4623194854107,150.99513118452776,25532700
2026-03-10,147.13136291503906,149.3860484370434,146.70425394729372,148.2438074071617,19617600
2026-03-11,150.55809020996094,150.78653536813772,146.66451961480584,146.9922966622343,15297400
2026-03-12,152.4949493408203,153.95504029024,150.607764586727,151.24344930814027,26054000
2026-03-13,155.06747436523438,155.83228746743393,151.94864404183042,153.25975221702967,22414100
2026-03-16,156.1699981689453,156.7162932647919,153.71664895698615,154.94829470435673,22835600
2026-03-17,157.73934936523438,159.36829238305089,155.74290562359263,157.1831271380657,21592200
2026-03-18,156.52757263183594,159.10010800410745,156.46797955848893,158.5836245978209,18947100
2026-03-19,157.09373474121094,158.48429028446628,153.79610994446438,157.19305147663275,27082700
2026-03-20,158.5935516357422,161.3448813824297,158.02740228334451,158.27571685943028,53942100
2026-03-23,160.04371643066406,160.3317546721225,153.9749075468967,155.0674825949629,25021300
2026-03-24,164.2650604248047,166.35089373485314,160.16289884783137,160.61980432865266,26131800
2026-03-25,162.1593475341797,163.8876224635627,161.83157047054226,162.76523571437266,17192300
2026-03-26,164.31471252441406,164.5630270982508,160.96743691898868,162.9837500460696,18625200
2026-03-27,169.8372344970703,170.07560677850861,163.68896347300407,164.46370369951495,30338300
2026-03-30,170.31399536132812,175.22069359950967,169.8968287100872,171.34697728498398,29813500
2026-03-31,168.51620483398438,173.20438516733364,164.8510793251324,171.50590682570027,32006700
2026-04-01,159.69607543945312,166.86740190025927,158.4545025086476,164.65244003535972,37927600
2026-04-02,159.60667419433594,165.77479957775347,158.51408403248303,163.38105866010596,25377700
2026-04-06,162.2686004638672,162.64604346041736,158.4544923034983,159.487489402714,16344300
2026-04-07,162.8049774169922,165.11927115752792,160.67940518515758,163.11288507606477,25227500
2026-04-08,155.16680908203125,155.2959375077992,149.96213025990082,152.48501476813874,31311200
2026-04-09,153.99476623535156,158.15652110139501,153.26969189141946,155.80250368747105,25868400
2026-04-10,151.4818115234375,154.07421618394392,150.89579278843675,153.0014954462256,21065000
2026-04-13,151.61094665527344,153.5775938501499,150.2601147579226,153.2299625378998,18685600
2026-04-14,148.23387145996094,149.0980013153962,145.73085634569497,149.05827765272088,18528200
2026-04-15,148.0054168701172,149.21719323350692,145.90964120778764,147.5981924772423,15626500
2026-04-16,150.9553985595703,151.7500082642809,148.3431394263767,148.5219186530788,15191000
2026-04-17,145.45274353027344,145.81031711382454,141.01287784947976,143.88339364446122,28947400
2026-04-20,146.6843719482422,148.36298082556593,145.36335180517733,146.38640659622348,16354400
2026-04-21,147.35980224609375,147.80676545067388,145.25409949638887,146.3764710712823,17515900
2026-04-22,148.4921112060547,149.6641486885593,147.18100301621726,148.362982781199,13738700
2026-04-23,149.51516723632812,150.2104449991002,147.4988541463299,148.83975888275486,12970400
2026-04-24,147.90609741210938,149.28672584587542,145.95930447127088,148.6311717290291,13735900
2026-04-27,147.19094848632812,150.16078107497748,146.97243044995622,148.15441024053547,13940800
2026-04-28,149.5449676513672,151.2831696813456,148.8198933339478,150.50842941760018,15173600
2026-04-29,153.62725830078125,153.90536941024126,149.99192931237258,150.99512988770653,14669100
2026-04-30,153.28955078125,154.6403826360389,150.3197030948466,151.4023509728099,22885900
2026-05-01,151.72019958496094,153.96495780190406,150.11112604973115,151.5811440344586,15458200
2026-05-04,152.65386962890625,153.42860988574816,148.51198436166095,151.64074192537495,14238500
2026-05-05,153.83584594726562,154.24307032010233,151.3824968040683,152.06784743638346,12494600
2026-05-06,147.6875762939453,149.31651926928876,146.09835698125573,148.0650192907908,20527000
2026-05-07,145.591796875,146.08842600263094,143.2179102511608,145.81031490363108,22509400
2026-05-08,143.59535217285156,145.51233331644596,142.9497252181697,144.8667215176822,19550100
2026-05-11,148.6708984375,148.71063725771492,145.01571508552792,145.0355844956354,14849500
2026-05-12,149.614501953125,150.78653946738183,148.76029921246098,150.2303172466553,16443100
2026-05-13,150.5481719970703,150.76667488570803,148.67089920812532,149.04834222252728,15772800
2026-05-14,151.75,152.08770418043682,150.240243158863,150.87592785682824,11331500
2026-05-15,157.9199981689453,158.0,153.0,153.75,27882400
2026-05-18,160.49000549316406,161.72999572753906,155.22999572753906,157.32000732421875,20065200
2026-05-19,162.5500030517578,163.32000732421875,159.63999938964844,161.5,20715600
2026-05-20,156.27999877929688,163.67999267578125,156.27000427246094,161.61000061035156,18509700
2026-05-21,155.2899932861328,159.38999938964844,153.4600067138672,158.4199981689453,17054600
